a_val,lambda_L=32,SEM_L=32
0.6,-0.49778165562451293,0.0005926022889557836
0.7,-0.3372792879235803,0.0006007544983964311
0.8,0.4011126613232062,0.0016889248996057296
