a_val,lambda_L=512,SEM_L=512
0.74,-0.2705347834688961,6.473018035332842e-5
