mean_lambda,std_lambda
0.27182537032035775,0.29675829031881557
0.31628654730052747,0.2937425427713819
0.3416128593560075,0.26968991563642225
0.36038207878769185,0.2687678211624283
0.36218053210516754,0.24794143283630035
0.3463737841330965,0.24306155823572667
0.3530218253740155,0.23612372324365813
0.3505209849945478,0.23117800334299118
0.35153830336589714,0.23022232139742133
0.3567672306369663,0.2262745771688595
0.34466170289167386,0.23157589741178855
0.33840521142030605,0.2304055516482802
0.3349932214797714,0.2391253658895669
0.32966019851051237,0.23784210534684228
0.3249702368637769,0.24330817471828306
0.32604102514566363,0.23791779048926792
0.3238541519388755,0.22915675019647413
0.33202464596803605,0.23332760261671168
0.33574094733222676,0.23110988401501428
0.3300580445025043,0.2371950814387321
0.32472675387398814,0.23259200893734217
0.3217175397139124,0.23057504560283035
0.3179101122217947,0.23418441485613403
0.34061545168379875,0.2332718469075417
0.3175058235745893,0.2421988885205029
0.338973250395783,0.23353252755410578
0.32757206542606226,0.2194822476906234
0.3227182973014474,0.2337028817970645
0.31682529131315923,0.2338665983039052
0.327434562873309,0.23040032267092891
0.332214368069561,0.24096386496559077
0.32901302876228367,0.2357629664237961
0.3313822854900279,0.21694148167739957
0.32327096900219854,0.24249114839277672
0.3318860644506872,0.22113091320137235
0.3267719375074372,0.24424509236587535
0.33556308959619974,0.23841474359276457
0.323942285830224,0.2353930844731335
0.3116023222767959,0.25087839439859405
0.31823627907864893,0.2283989779463553
0.3240734515595036,0.2320342896946572
0.3150889169104139,0.22938811323500774
0.3358113347129469,0.23089760116842903
0.3274469828244911,0.2313552179367232
0.3238970132256456,0.24639939213355455
0.31910167657162436,0.228761142743543
0.3287165758977179,0.23421123740213495
0.31840678680914264,0.23330160281273132
0.33524759572502916,0.24017719608704977
0.33100086855095007,0.23710911739203958
0.33378365837072593,0.2365533188995147
0.3163675501862949,0.23110310686023597
0.3180455540099636,0.23051141537964495
0.3228847813687325,0.23885138606483783
0.3279537466526018,0.2299604460891684
0.31447129936241963,0.23575930735988695
0.3217810056320125,0.23793733206439582
0.3197536287009804,0.2412953958715646
0.3283690755654063,0.23088748985750068
0.32360280448990963,0.24764975750997845
0.32159109875532405,0.2430359587886673
0.321496267840212,0.24214789537065942
0.319016595061646,0.24350924911344923
0.3112129326282528,0.24038659040871016
0.31975664050554964,0.24080850326799452
0.3171750434538305,0.24450931975888002
0.3214610531755977,0.23303478265950128
0.328810231159922,0.24056723018275095
0.32932286184072124,0.24439778491030656
0.3109704626674929,0.24414669468620653
0.3286656467623504,0.2478465357064457
0.3237393366204975,0.23738457250743136
0.322503161975913,0.2430918348499144
0.32035713521023784,0.24616302805057627
0.33490718784962004,0.23965424425391907
0.32126860603746776,0.24772610963600275
0.32380431224337713,0.2586118283599452
0.32390766935138354,0.24342923740673253
0.32089740014145757,0.23737988550143604
0.31774911439781284,0.2388975448746765
0.3271926495067905,0.2429095283402753
0.3125497082306548,0.2511181124553151
0.32148581512525404,0.24223079947753315
0.3199106670363308,0.24738700039677475
0.3205347285853728,0.2428191798135875
0.31422045229389983,0.24056948277711013
0.31929787128521936,0.23806229520595584
0.3132728681673863,0.2345061643458091
0.32928932383005266,0.23340602343606112
0.33031369366189695,0.234810107166674
0.326391957443967,0.24539933852211263
0.32125716822076067,0.23869552175810374
0.3265766637308449,0.2392674571351589
0.3276492059802835,0.22878954549255714
0.3290136364060254,0.2444912488972795
0.3179837364396525,0.23276438618967193
0.32790327184270307,0.25209700188268375
0.3217665271926603,0.24031685629075109
0.323351027581523,0.24046503984513407
0.3209044114032624,0.23974991329967638
0.32713400969588935,0.2434010353837475
0.3298477538899447,0.2426024911738705
0.32876723877361813,0.23339030915195588
0.31669398629184115,0.24345502183853157
0.324401089028517,0.23493184302865724
0.3279050914195471,0.24216158315418776
0.3422768111153738,0.2352950829179468
0.32295615130137606,0.2519348584249159
0.3246641066186915,0.24665169938167758
0.32506957908857165,0.24551569416307756
0.3275933404084073,0.24365705572514285
0.3164591255483632,0.2498961660736218
0.33522368353119136,0.24425796992642904
0.3170269833456732,0.2465716521498784
0.3245644471235953,0.24183601102483204
0.3207867760946833,0.24275807360288096
0.32042029179014087,0.2436295082711888
0.32824495786033675,0.23860008915756603
0.32008841849326003,0.24253501384683718
0.3242756444500316,0.24453924151057774
0.3215303311213817,0.24972358267318306
0.3137724793983668,0.2517821282298876
0.321076676684583,0.24454566277013087
0.3176321212834931,0.24244677021590724
0.32381418263580736,0.25105772078300426
0.30750532384263823,0.23470909936170076
0.32331039044416454,0.25412277066362843
0.3343475103763083,0.2456619148895434
0.31599014246379165,0.2531742844648757
0.3236533887423216,0.24340724949697298
0.3167805346900332,0.23899292502148745
0.31485107048695865,0.25068340839931125
0.31248601626646666,0.25136461254303794
0.3128987903958053,0.2589339093138736
0.3178320389622623,0.2486330823403054
0.3127478869633282,0.25220161915140843
0.31433989769011467,0.2558055716904973
0.3221375526305822,0.244731937184522
0.31036689137115947,0.25318603985043686
0.30922189638778264,0.25136859276899964
0.31969353053660093,0.2519801981217177
0.3111063253864387,0.2554294587755874
0.30978708907741603,0.24690757693743468
0.30611080704949084,0.258633360000979
0.31022139333769677,0.25400005546146387
0.3136956404233326,0.25206550706388786
0.31354845715208646,0.24958068010740317
0.31631236616505154,0.25064795835848463
0.3213094244564167,0.2705049783101635
0.3119483116479849,0.2456400616626555
0.3178806858760512,0.24965789795270862
0.31076197868891864,0.24834861295889465
0.3105578211462414,0.2523261967631896
0.2996598989621157,0.2551883825197137
0.29259033143562424,0.26410972860591575
0.3022169321066456,0.25815757650224297
0.3052961281213109,0.24848852635473162
0.30155339059140523,0.2570747699706706
0.3181564850728464,0.2529855216598442
0.31006118806746197,0.265489093667229
0.3087808034020515,0.2576461089460453
0.31037033848234663,0.2522418831263711
0.30110597228557884,0.2634601511573853
0.29622454793105796,0.2604124523819304
0.31053325814835453,0.2652769316878099
0.3090461284464788,0.27058814075809007
0.3017472693247667,0.2590165659892719
0.28513014836798967,0.26253668830688215
0.3072158168914993,0.2658264842375494
0.3006444699057185,0.2745743993768614
0.3074635438612782,0.2543195858989307
0.3069564769022437,0.25902804063071544
0.2994156670724729,0.26238017712207307
0.30796275612342955,0.26191045504326366
0.2751188442568799,0.26787088555067945
0.29385525184874933,0.2650123122380674
0.29875093692305726,0.25418022363273834
0.28469972274173927,0.2735892102796874
0.2935197585558452,0.26913016789929767
0.29183135490865136,0.2635050811416406
0.30556575223274085,0.2667384256306793
0.28939737832808365,0.26182042792124227
0.29332288693800646,0.2629094644980719
0.30326020573228984,0.26546082331702997
0.2868683435608858,0.2670336812406441
0.2914479788806777,0.26270975647866823
0.28775592144486073,0.2770130262141257
0.295170080154026,0.2631604628989955
0.2892763112341235,0.27551027021593916
0.2945887901174528,0.2735900760863634
0.29572269204775803,0.26446307659664015
0.284642170939745,0.2609514666771381
0.2949968748655894,0.270437722871059
0.28742645915770487,0.2681643619458112
0.27951350117257073,0.27229557010990857
0.28788272030899975,0.26143172550417104
0.2861301269701046,0.27033352972551067
0.2839527651234756,0.27047827676846964
0.2882773942344327,0.2735107993734541
0.28903873942988545,0.26887540104974944
0.28455608291196166,0.2724498821205808
0.28431585058585984,0.2652386964567593
0.2766364055382836,0.2712874314462257
0.2877672617506601,0.26762380488697957
0.2820821413288925,0.2749671994137285
0.2744881190663671,0.28769311756240057
0.2865678987438867,0.26391656438449096
0.27951685446327884,0.26373497699328163
0.2837660034402224,0.2644763144014522
0.29655433684036187,0.2685276321193307
0.2919966063431601,0.2623912894844119
0.28347948393500244,0.2777878608123357
0.29372300253620415,0.27575031667893324
0.29571371524221635,0.2754179736588547
0.29071564596450444,0.27726913524012387
0.2976509696419569,0.2719151733125371
0.2837126674199632,0.28059734357963523
0.28805051180590524,0.2770975057104563
0.29452413050100196,0.27529568863151027
0.29219753592670267,0.26863026708369203
0.28186054644928626,0.2736405911555557
0.2786893534212208,0.27849593807643974
0.2839976956070623,0.28369348115073134
0.28204576388595826,0.2773583021107103
0.28379396857545286,0.2763311399532755
0.2885274844834668,0.2887132688719671
0.28892445374444164,0.27513068228120285
0.27824923928598466,0.2676226057361959
0.2764782720419216,0.27127322727044584
0.28100741672139457,0.2828349276039311
0.285079704244589,0.2750829661859175
0.26732912861481517,0.28755958156479083
0.2810179899425693,0.27584822627969596
0.2822736844731998,0.28350388458631587
0.2734017135322948,0.2809186829263127
0.26604109261718595,0.2682459654590777
0.26242766407043866,0.2782449580636003
0.28027268062960536,0.2798228246458285
0.2691141316243303,0.2787579721974057
0.27946856027268857,0.2783070088712311
0.26767391982762506,0.27555284707268424
0.28751131058625107,0.2791280524377815
0.27706618341055117,0.2899868766434926
0.27574604626667354,0.2884253377101277
0.2719441704744184,0.2873292747726999
0.2736781682779684,0.2857977806130468
0.27705352757549806,0.28979222843187
0.2718744827090877,0.28441774908866846
0.269125209892256,0.29086893160098404
0.2760017783938696,0.28044775233475144
0.28012158328604914,0.2807264853848565
0.2736007195894665,0.28975019627516135
0.2760136764094956,0.2896411460984275
0.27491592965387585,0.29791234088574364
0.2649283578709945,0.29004902181150877
0.26318224381244293,0.2772901850990483
0.27692554454942947,0.2819691017151863
0.2584225129004407,0.28407440466404704
0.2565312123058532,0.2803201496718438
0.27675156884562246,0.2896172837887392
0.27726792388394533,0.288168756942771
0.26980369630886564,0.2851475379706706
0.2730365951043555,0.2863592513205892
0.2739244273831026,0.277805271353264
0.27550681732949733,0.27969489851782375
0.2657109553425787,0.2863828679805776
0.2722201575789616,0.29774097995750154
0.2803593047615502,0.28584093826000023
0.2696991934116168,0.2857173442098075
0.265450033962337,0.28227579131734404
0.27434593367565036,0.29365944840519154
0.2671316384289677,0.289575925250259
0.2611966921309972,0.2883078346442905
0.26055199427444486,0.2810616625993493
0.26736118615074234,0.28984526849342535
0.2641516896587184,0.2818498415193732
0.2520856733001728,0.28714829424156496
0.2503178987235587,0.2911225475161847
0.25875090688154595,0.2854521665483884
0.25242625509606564,0.28253152834317485
0.2581466436176442,0.2834047568896685
0.25803818858190697,0.29155456595629514
0.2571724262071275,0.28790486553590594
0.2530378394619493,0.29881924537679366
0.27494972328854766,0.28586470098444045
0.2558286170933804,0.2940129928878611
0.26825396359288317,0.2952672830904144
0.26169935206686895,0.3020252537630588
0.25449617861916435,0.2920429764845367
0.2570056533056147,0.2896857466554885
0.26409693249603966,0.29015848814193307
0.26360851738234725,0.2929822117337492
0.26466500196073783,0.2931204710272427
0.2622545161242887,0.2887784023040224
0.2488862356938372,0.2906816113535552
0.25061051562250797,0.3005397134163535
0.2612663776010667,0.2904133151740674
0.25997713864206407,0.29412681356708587
0.2550212901601341,0.30011877939320186
0.2421717463018883,0.30552521104222546
0.25326991721373554,0.2999327880429212
0.2581859751893895,0.2858882248513472
0.26266017046292317,0.29644790697092976
0.2523147847807003,0.3009114641336788
0.25169521702322134,0.2903709755622113
0.26116621599695694,0.30383519848442153
0.25105656540073434,0.3012273180897938
0.259452553911135,0.3034677254689828
0.25525147916134616,0.2916607314728628
0.25813906784346397,0.2926949069192515
0.24955539358900036,0.29920931176907445
0.2613610877512939,0.2934660116451105
0.25211737960626196,0.2963040590358423
0.254998386205679,0.2916941783937443
0.24743589875356561,0.29558137652196653
0.256710042519626,0.29851587827727244
0.2551989378994407,0.29250165030081343
0.2501148524797628,0.29253216647576635
0.2443493229511503,0.2941615174571641
0.24102977487511074,0.2976444824450347
0.245950285281045,0.2979676139884831
0.2526971792480726,0.30147409450098844
0.2466101924359437,0.3016151287876325
0.2593706646017708,0.3004206333221117
0.2435795837335698,0.3026253064768926
0.24978268984361635,0.30265659461212324
0.24663792276258084,0.29573125407943923
0.2561777394162679,0.3042533159291311
0.2556481493395391,0.2973367334771436
0.24071734771059183,0.3032083917980255
0.24123478051304648,0.30316891291129433
0.25343023470497156,0.2960804491914906
0.24869103962046163,0.3013127776048773
0.251247299948349,0.28966614326540585
0.24623515916041283,0.29885337298903875
0.24133587163447073,0.3119704964869999
0.24747829542843666,0.30807919950044527
0.24104004075848373,0.3038264439344086
0.24957267415817147,0.31509993607162035
0.24591349295339904,0.2935853556315883
0.23719327137229207,0.30945517833020614
0.23650718693957834,0.30947737697907096
0.23186758718790615,0.2981590521378025
0.23361999946976017,0.31597225160482106
0.2436158370778176,0.30065565109554654
0.24406225611499707,0.3065581343477811
0.24381678532330284,0.31198729384968654
0.23943601338662418,0.31503515503320667
0.23464364058137713,0.30848378835826235
0.22443420046588936,0.30657388284200676
0.2475102320532406,0.3043671066179005
0.23772340362825237,0.3129289279928171
0.23206510755187934,0.3083461521637044
0.22908734506612197,0.29842198950379123
0.22833898387393314,0.3078811581195914
0.24574104760994406,0.30464817813798367
0.23430582272815526,0.3115370261516878
0.22666776721113632,0.31823478022608154
0.22856651589242225,0.314466027012525
0.23491867751077763,0.29646389164119874
0.24030705593072338,0.3106345295715114
0.23083004752123595,0.3002015159173893
0.2244470965055144,0.3110018699991794
0.2276815170484784,0.3112401772448807
0.2283062676442204,0.30769621211001896
0.229361847527262,0.31166461090119413
0.22582734622741973,0.31116149360392703
0.230668250109083,0.3009323891364271
0.22622886853437388,0.3092585047492738
0.2250689949550823,0.30644639660423045
0.2315498539469891,0.3120543555928451
0.23804170917810588,0.3142896435531549
0.22554330491687546,0.31060541017278864
0.2212004830469498,0.3038125537641665
0.23521624551178155,0.3102575427368711
0.23120228493257344,0.3245345517847451
0.2301204795806946,0.31514972773669714
0.24546082118030446,0.3080633531172041
0.22234197994034902,0.3107771210787117
0.23707216013702084,0.3110470025902246
0.23358092206293546,0.3026228976735489
0.22409541028283825,0.32539550292257813
0.22773875252350997,0.31614627351982
0.21940666038196993,0.317261885633882
0.23577923569871367,0.31053361548657765
0.22935954049390264,0.32005791646460435
0.2302714173062824,0.3112786409698516
0.23001334757390965,0.3104983698508889
0.22815316868752053,0.3137299550736761
0.23395911600093522,0.31904956488106984
0.22981081644258233,0.3156454186417624
0.2315465384352026,0.31316086152731937
0.23168209747361723,0.3165796487657597
0.22663117792804252,0.3234669513971894
0.22722696353544236,0.31270633923452024
0.23028453510869545,0.315109061505291
0.2234103268315411,0.3161982894276825
0.21163003671066694,0.30696103974825945
0.21995618168086986,0.3121352700782354
0.21735491397794468,0.318385517577965
0.22045710314269804,0.3148157468315206
0.2210458016510945,0.31000627935774133
0.2136221801941609,0.32178011004923274
0.21113973506965134,0.3153571937724359
0.20897851327015013,0.31599121753032217
0.21739646792887315,0.3127605485533999
0.21588083295144506,0.3165562995162033
0.22666818288192064,0.31473717319896444
0.22413344210669503,0.3132089572701128
0.20821218954893392,0.3108357036230634
0.21295883554922987,0.31075234421714804
0.20819537270067473,0.3169464449064748
0.21265687673413275,0.30430013989209476
0.19584481552954255,0.32431835216632876
0.21283169615624734,0.31689178017219527
0.22020508008316178,0.3142713537847523
0.21636426962798458,0.3229620026016924
0.2111299730453628,0.31692195719904387
0.21159470450711587,0.3197867399777661
0.22330873734875062,0.31190542550679995
0.21281700883399318,0.3182200801747559
0.21749937209843243,0.32373118974661014
0.2075245205433992,0.3254369170020177
0.22998636505433692,0.31438312801383383
0.21392516043364018,0.3106553272787406
0.2209327925061636,0.3108552902586332
0.2217257407467349,0.31788469503027783
0.21026754272254655,0.32470849345654634
0.20972819005887744,0.3233901746228366
0.20666159791496316,0.3214149026019394
0.20681341590453342,0.317862717223272
0.20876381117934975,0.31876384472485897
0.20153146069751957,0.3243425590208201
0.21796787131110268,0.31491606586342763
0.21314764760132657,0.3156069519272508
0.20248352437039416,0.3190148073651014
0.20579136145660049,0.31796925350936384
0.20966339740515366,0.3253785333120603
0.19870009656563287,0.3228003880509311
0.21049555740828074,0.32244850068637626
0.21600923445979897,0.31696888910771437
0.20583832938545266,0.3249587719525384
0.21631731444766136,0.3205386527401505
0.21691525476928294,0.31511951191745197
0.2114400527316569,0.32130148051088103
0.20465042988624274,0.3208287604977085
0.19980909035704789,0.32057907102562694
0.19428108690264542,0.32257330464960154
0.214554822188568,0.3275164507512351
0.20058106554101005,0.3218295026295473
0.2147860613047394,0.31470657023729015
0.20350207159652908,0.3177093331356916
0.21007875951078903,0.3296379792142038
0.20771192776966357,0.31451604990188115
0.20038503914111613,0.3174575669066394
0.19308490315392204,0.3289316655049375
0.2061798428616474,0.32003962299317024
0.20545503016617164,0.33059370121783765
0.2110687524631008,0.3288614268070511
0.20421888678934938,0.33015223383641296
0.20291550900680697,0.32173144763627354
0.2023570778109737,0.32528320113676323
0.2068437190080364,0.3159392694322503
0.21346107494846497,0.3193918230979732
0.19725396607056472,0.3274178453804736
0.20227414863173568,0.32563542909529564
0.19653987285591856,0.3245681124430872
0.21183411703794033,0.33002170277755666
0.20770249203340094,0.32780945451079857
0.20020356728031782,0.3255564774184724
0.19691329502772342,0.32632283252912697
0.2017318117077418,0.3244976636246407
0.20567946791946892,0.3242013726502956
0.20356337568345503,0.31739185215883076
0.1986989241552426,0.314846919256297
0.21053687983058356,0.3131235623602339
0.2023894759290752,0.3295980899066033
0.2040751979755135,0.32606748765205107
0.2074255475514926,0.3230295133938214
0.201082527512306,0.33013262371804464
0.19111464436661268,0.3250710790375784
0.20036256073359646,0.3251076271582362
0.19355447404672343,0.31934197549364796
0.19859039182684568,0.3341615116077809
0.19383603723636406,0.3303561106124832
0.19043357067783143,0.3240640066173431
0.19913033435500732,0.3197505599653786
0.19304903003130192,0.32677125404686125
0.20768085263433309,0.32922696541346985
0.19463212053244333,0.33096965959412444
0.20406807705403612,0.32333232659425193
0.20128875628204856,0.3307953721251463
0.18547364800007285,0.33054585221643473
0.19940691936153662,0.3220371325883487
0.19779087208421212,0.32579508636237436
0.18813354498737378,0.3277610709525305
0.20505591163266093,0.3158439226757019
0.19569210737777734,0.33693928181796223
0.18980294505380438,0.32448470465110324
0.1966208177005631,0.33848053566448144
0.1919741684190369,0.3310101525655334
0.19322448463740752,0.32888663129368784
0.18922760215337614,0.3295986013119272
0.18533300365905553,0.33398165730300705
0.1961123843169773,0.32640643413056736
0.19774605072492807,0.33237654661018373
0.18902130738305706,0.3283102902230799
0.1936986735251355,0.32786266279521786
0.1822444153794789,0.33174830925408666
0.18169665043109107,0.3356158122369397
0.18620881928381167,0.32705716962252107
0.18030719745728632,0.3195902872814001
0.1878432984032853,0.33404161034014995
0.18504989686973794,0.32917657196017536
0.1882889612266643,0.32893855817127693
0.17730899394817506,0.3260523173520385
0.18775740880157818,0.328488059291571
0.18512834567758316,0.33087851946983776
0.1918539899863423,0.32784586349684497
0.19505559048613288,0.3286087253078326
0.17617253035483807,0.32401634787372613
0.18228342457717975,0.3228639333552769
0.18375328370973756,0.3209548286553355
0.18726756128008765,0.33374889507319505
0.18258887227590553,0.332911234995779
0.1856665880434473,0.33331102156815223
0.17771849909313078,0.33147411414232514
0.18927154587921824,0.32836846204406406
0.17686095970452892,0.3344609796915443
0.18182154602800563,0.320168967396749
0.18820332709009116,0.3322531023407385
0.173458291605113,0.3299072272707859
0.17152313456673143,0.32419473117048614
0.1821230255076947,0.32980165862204014
0.1745190216831898,0.32645058054415654
0.18363677316838004,0.3255648382968051
0.17826626052222902,0.32992957149005037
0.17555502877029527,0.32763790616809985
0.17860895098046828,0.33472772170973697
0.17008169645721738,0.3320097991491701
0.17604866051740573,0.33692977508641225
0.1797487339016044,0.3243882049528773
0.18152335579195814,0.32550010651458333
0.18257095751807162,0.33679045136742025
0.18370433310496748,0.3416273075593176
0.18770765750856197,0.3342662853890556
0.18867036334707007,0.3407252490713619
0.18679792559790143,0.3355435350317593
0.1955884483331068,0.3377017706365639
0.17021904066220206,0.3335671079508174
0.18507362908233949,0.33520713434981225
0.17742619421830075,0.32624604792513173
0.16941891774119064,0.3340230077903607
0.17519040911780734,0.32418144956218176
0.1797570411406599,0.3339535161828014
0.18821133602838544,0.3248397192779375
0.17548837624792427,0.3369488793011839
0.17837826780981428,0.33672269070977334
0.1782033003350284,0.34219620801801565
0.17523511020797775,0.3256963099140446
0.18157521904831522,0.33548049013014386
0.1778344023149288,0.3377679924014725
0.177535835343628,0.3367376193393685
0.18737458501727736,0.3353697939444431
0.17533234657781194,0.336237877634432
0.18542226294613515,0.33014864237332825
0.19275869665872472,0.33345613370398386
0.17159100609964958,0.3333158734024499
0.17276915377048802,0.33482110721685665
0.1681454410993454,0.33387340318338815
0.16231535989237117,0.3386400615444508
0.17420201211437988,0.34199274662720697
0.16617905849409312,0.33686398231720366
0.17222787980166682,0.3271371978588907
0.17175093870835376,0.3349834804073437
0.1721172833071345,0.3415046013890627
0.17683259629905052,0.329161786652597
0.17265832186423447,0.3323254162745636
0.16929925536712542,0.3398620344113615
0.1762697395083758,0.34118001338747284
0.1723390899913216,0.33968598474417017
0.17184869259694452,0.3331514890583905
0.1731594848193225,0.33070559083567835
0.16727023289495396,0.33709844138205114
0.17971018033477798,0.3387590534821045
0.17135579380047755,0.34108790684044893
0.1609462155873033,0.3356303265253046
0.17357268307042242,0.34594664956201515
0.16118066036881598,0.3409697298830181
0.16717356628878896,0.33225705778447545
0.17156506647408054,0.335544494013609
0.15789502964613955,0.34268311746630914
0.1648487732990603,0.34006549715058654
0.14915011156031527,0.3391494165813991
0.1654443880139908,0.33786748143927414
0.1641793233196773,0.3388245182692552
0.16270035405254754,0.33814542519874163
0.155490126062541,0.3398501485802101
0.17638007774693484,0.33250710118660887
0.1640866630223253,0.3371870003546001
0.15285538760910103,0.3392544439226689
0.15411226638208744,0.3376222519273043
0.16017724908115497,0.33238788795698826
0.15551462750598719,0.33725429326344797
0.166444614763197,0.3492898335852191
0.15237634161245847,0.33594940033054205
0.1595951958743572,0.34218159644140406
0.16723038686894184,0.33375159935860604
0.14981108145867078,0.33357294776174734
0.158464974759435,0.34125183572069007
0.1660625733051316,0.3365474389931587
0.1631320194186653,0.3467666075071414
0.1556661900107214,0.34076548403953516
0.16438948029366215,0.3409673395759785
0.14894261836278969,0.339764061740718
0.14696899936352537,0.33427525384390017
0.16005514021343306,0.3441287534441566
0.15519989517607471,0.34645973938578034
0.17237748719531007,0.34768174443281946
0.17162173859790028,0.34192515518292865
0.15947666659298762,0.3455698787103391
0.1555171133908884,0.3474953192847219
0.16905094698931353,0.3499146857620478
0.1574142751344173,0.3426401392710619
0.1483950780484901,0.3450267808050784
0.1615087378542273,0.34243270277563814
0.1662476514823592,0.3380763473581168
0.15849753112762074,0.3379900953086018
0.16587904188491046,0.3501596275443941
0.15960533752382078,0.3460980076064051
0.1647901437060539,0.3314992456618224
0.16008294350451097,0.34630013531614284
0.15594586335037805,0.33852200557199175
0.14714352675892525,0.3446081268891621
0.1476233055906437,0.3372030740703507
0.1497486346749141,0.34139355544139655
0.14795952480997518,0.34812540280099497
0.16262420410802372,0.3379244990697536
0.15351616518567537,0.344117672969627
0.1463554604887951,0.34266849445179287
0.15046934870787299,0.3431045176032189
0.14734940252388848,0.33992230821294633
0.15071901349038952,0.33624420214391115
0.14589031222373927,0.3424995533749554
0.15502009667610733,0.3422103178465513
0.14578296552925182,0.3469762309869255
0.16314814440806677,0.3349576731271311
0.16021286812130145,0.3494063190340233
0.1572023636304886,0.34744207582689973
0.1519539098559901,0.345129246247939
0.15499132594384363,0.3364336265750155
0.15483006152195994,0.3508414219365402
0.15525947896715153,0.33425580659553666
0.14613356048188897,0.33854824895297536
0.14346074658520108,0.3412383135336482
0.15146453982290362,0.350165543153713
0.15025967282764033,0.3446314946379142
0.1487554061657169,0.3533136067787677
0.15276711313461838,0.345706906943814
0.1593241404442952,0.3438375162983976
0.15242420255434974,0.3453692426511682
0.163383653282787,0.3476048437993799
0.15420698602852154,0.3311850375508841
0.1506762770331294,0.348340556859335
0.13772926410068972,0.3403372699122415
0.14379974995894482,0.3378112498857566
0.14495834230697444,0.34554470139511345
0.13788405843172816,0.346420723970358
0.14211611343645308,0.34944852016195704
0.15138186629785744,0.335615526067333
0.14205568456867557,0.3394474233929719
0.14275645198105028,0.3467054010977853
0.14558008561920466,0.35022497518045703
0.14485459611150867,0.34784969093004975
0.1414774630518189,0.3332309397549781
0.12559484090583473,0.3438881000829359
0.1345547604579397,0.3397024920240115
0.14276584875515963,0.34519238949492614
0.1346582633613771,0.34027440368849776
0.13861847800847418,0.3344614741775512
0.1468016686952431,0.3400960245188946
0.1376556225787236,0.3466617248827556
0.14228775330288307,0.3385062298760717
0.1355268139726906,0.3370519672903088
0.1413432105887605,0.3496688975481608
0.14718705525279754,0.34054391721825167
0.14169170057492622,0.34420747747711633
0.13931161641186715,0.33503330127761355
0.13048214671064892,0.33618546345010397
0.1440966186982921,0.3433266640362166
0.1323207831165128,0.3385344749192928
0.137950032226443,0.3438664067613853
0.12605847123855266,0.34169850197807616
0.1333290785970646,0.346523613044766
0.1423877493422591,0.3458387466097075
0.12747957016762348,0.34862043648418073
0.13592525195778932,0.34267572898602816
0.137262157435249,0.3433296413891868
0.1414161165820996,0.34741181242232133
0.14261856395555828,0.347222615205584
0.13657312487882425,0.3394949395173684
0.1443589928745207,0.3482698256218561
0.13454029541009926,0.3488796400313042
0.129729532031307,0.34831962426324775
0.14052635042319062,0.3485805641438327
0.13749299527682401,0.3400573617403126
0.13010216677263342,0.3420210998366372
0.13958669151856612,0.34241701386843776
0.13075931372894647,0.3488665744420159
0.13606216349954858,0.3415908469821181
0.12509443407889073,0.3509171801162999
0.1493083977619144,0.34637697580463356
0.13147187043183522,0.35762027201490704
0.14240266877684726,0.3351789408682712
0.12477077246769579,0.3396012390629623
0.1381489044047955,0.3496932982943005
0.12929195805319582,0.3352451971055754
0.13807624831932014,0.3504907236441723
0.13340477978482723,0.3492431116613992
0.12101527859603904,0.34174001921605823
0.11723399605874527,0.3366446287675366
0.11841962809836781,0.3430378422209267
0.13501553019174323,0.3410805392673393
0.11925484190872843,0.34943761231944287
0.1428488255880474,0.3465853262788059
0.1287704491041793,0.35298622438639854
0.13007583079658278,0.33979462573543867
0.1300668237735014,0.35058359793172195
0.1403103607706677,0.34569048499207833
0.13566862552348488,0.344697651394216
0.12148666833400003,0.3471092199336519
0.11988056001894444,0.34725351850165104
0.13006532962993728,0.357975896065523
0.12175133286569341,0.33278109901560965
0.12416124036228132,0.34437348834710557
0.1284866942087326,0.3449246391764651
0.13166475867656965,0.34122572090239506
0.1208222712766396,0.3452990626389885
0.1270062113117654,0.35244061868315485
0.12619165336059981,0.35134417758935615
0.13575605736088225,0.3435494110815841
0.12556645542703387,0.34958528165646935
0.1190384996980434,0.34978558148344285
0.1258989059974949,0.349457728122012
0.1229668024007279,0.3459551426191573
0.13037791413921473,0.34920020234007637
0.12630993031542564,0.35699751153086406
0.11743314554552846,0.3462723452849227
0.12334181977551512,0.34709617066348397
0.11572226462011147,0.3455605706700006
0.10988992558172518,0.3491633093527686
0.1349654852540698,0.34328298068600155
0.11953011258801056,0.35250544132670014
0.12254608771747384,0.3467188028404655
0.12091065490844027,0.36021191457547286
0.11492115553581554,0.3460009071068276
0.12985406175094072,0.3518392021834831
0.127815970670983,0.35079725612173707
0.11718840854544346,0.36131588402624193
0.11437222193000192,0.3478449837485557
0.11611144562628875,0.34426844094689596
0.10761597536996037,0.3394059136609923
0.1064386330049204,0.3546584826274084
0.11365485415546013,0.3361836956943336
0.1080491709403521,0.3496839021568573
0.12087135773754193,0.34673390375066593
0.10393366720092577,0.34425839753928106
0.11628564226706092,0.34192318724830706
0.12631794615321643,0.3528926747953813
0.12327958934942373,0.35068124116744825
0.10808626577163011,0.34797665237903364
0.09796401143756514,0.3421453985893632
0.11463738646424472,0.34853301578134127
0.12366868301215993,0.3469341463741331
0.10704809965584547,0.3554572516327821
0.12280235042716686,0.34977279923484195
0.1201187545358226,0.3468027687954632
0.11427017750305758,0.3507454811032101
0.1001770575498725,0.3398880037684405
0.11893782256910464,0.3424319703623916
0.10630366452377385,0.350153574222284
0.10967836056053794,0.3411988289888182
0.11773977282328865,0.34459563295386836
0.11415793085664193,0.3545434884150277
0.1143015782642355,0.3621429925984985
0.12007393767904448,0.3462754646633952
0.10997042376112735,0.3379332116843492
0.11002551563005075,0.34913104683314095
0.10903716367953678,0.33864830258568845
0.11491667439064104,0.34186583425136563
0.12087672310259648,0.34574480557964793
0.12418601334361846,0.3505114576062912
0.11699395390339397,0.346562070579859
0.10934913351585555,0.3519398018837933
0.12325395739829002,0.3481269353209878
0.11088245748297271,0.3543920551391696
0.10353473275016635,0.3485670803289678
0.11128152214601995,0.3407411563416256
0.11213442079156664,0.35725451015792764
0.10666599914937346,0.354390818098033
0.10308386340932942,0.35187286930591116
0.0993054877110572,0.3505625057336439
0.10462604090260513,0.34287382696407004
0.10717358962228454,0.35533283665575394
0.1059640875227213,0.34437481951774096
0.09778472346744456,0.34597123805296487
0.09793897870876286,0.3357754125767867
0.0919155220676277,0.3468183397463994
0.10135551247553595,0.34025564687297055
0.105661512553868,0.3531448622247979
0.10114324565018569,0.35107335189911976
0.10828830485299196,0.3610161492819209
0.11444818189267655,0.3611888380788389
0.09980094592048663,0.3385856142564316
0.10246551102600872,0.3463862186669009
0.10334603696392142,0.35881512297763607
0.1001238985629058,0.3470909273441468
0.10045075759983932,0.3369858298437848
0.09643234339433768,0.35434896253534365
0.11274177399037594,0.34817489982070093
0.09913500822095626,0.3437100349829801
0.10325214135472237,0.35001705256237803
0.09902391852180446,0.3415851860161384
0.09856196822513584,0.3404683813977373
0.0893927947904783,0.34649556584792374
0.10517610595633653,0.3551714149266197
0.10472508045666555,0.35437371244586297
0.11202399136522853,0.3533154560100248
0.10604400523961882,0.3496997298909177
0.10543608238844049,0.34758993640332664
0.09624051194899563,0.3439976498024897
0.10241252129386798,0.3494109558207262
0.09648018878728264,0.3598119844124369
0.08708905276762167,0.3492339765949638
0.10316801057046623,0.3467224007261253
0.10112198280102215,0.3469716900479792
0.08969850993445125,0.3541914235472573
0.09017631179976346,0.34653405170191426
0.09981775033336429,0.34713702715358674
0.08846548439865173,0.33976520477765865
0.09647310315864403,0.3509366965988397
0.09857574313147673,0.3538739754134374
0.10442734899104823,0.35274079068516173
0.08949924908239104,0.3516578745667026
0.086462856316028,0.34791245598453086
0.09909607424644322,0.33870750543921285
0.08672412429472623,0.340618574802976
0.08572185721856426,0.34338509908788517
0.08824952193558543,0.34759899382705717
0.09429523803460894,0.3501730514199634
0.08767706503841699,0.3537477913200293
0.09110673103397257,0.34352413852220254
0.10922971262002047,0.3565136237424667
0.09355678183756601,0.35467193186168205
0.10667446294905739,0.35489840940042944
0.1011777558600783,0.34840418985990695
0.0895082150853217,0.351010394490975
0.08770094874134177,0.3465934577797295
0.09310865509896721,0.35091484177325805
0.09326071220166152,0.3561185931251038
0.08917628172874248,0.3498020985292921
0.08917212129748144,0.3574633902656124
0.09082229490180325,0.3483460005076579
0.09153844832045824,0.3552841080932896
0.08136417687779142,0.36371896838472595
0.08412080466043897,0.34638872629902895
0.08393027075919055,0.3447831876744432
0.0876947812779242,0.3437833774697165
0.10368008663247917,0.3555655385610329
0.09002998401428713,0.3509699561730894
0.09482090834262609,0.35441713436967615
0.08812943820933213,0.35410708130748025
0.08842235487382293,0.35878520453652696
0.09763481795937878,0.35903035421701074
0.09611723692886778,0.3514031089672291
0.09376286905849936,0.3588995993688324
0.09164418077344438,0.35499866526242324
0.08416335277083854,0.3480765729644638
0.08887506454814598,0.35467428919948446
0.08201099003180595,0.3577068086537088
0.093117905331533,0.35419853960659886
0.10216666388499845,0.3451293191924626
0.08027324116852201,0.34191520976211487
0.09437097366540212,0.3465274420067473
0.09128531819278689,0.3563700233463175
0.08505446355216525,0.34618340980987694
0.08495045966237486,0.3527791623117979
0.08120080200370082,0.3594864514520224
0.08750040149590405,0.35235086218558004
0.08803846585579435,0.35268645627235923
0.08923030833099665,0.35159483783480683
0.0858494343203006,0.35247050557833576
0.08863064749041326,0.35059522132884907
0.0826750350552708,0.34431081905887884
0.08216946717078441,0.35926465212178615
0.07872647600414567,0.35366602773315514
0.0813112742391489,0.34661470808777106
0.07464032479690447,0.35163623833795515
0.09047047882092252,0.3542255795036584
0.08357076456633569,0.3531181413491978
0.08156988360259264,0.34878103171851976
0.0902386536165853,0.35057524718438454
0.08069279539682404,0.35319649420444976
0.07873855573133275,0.34643441934369357
0.08471378429014427,0.3539379766647706
0.09911018171978608,0.3537342755424398
0.07919762730704052,0.3513929783492542
0.07862980699394384,0.3563498706583223
0.09002962358745502,0.3557217285942422
0.08626066436036503,0.3533965484979427
0.0794839268771482,0.3577564636533718
0.09213317767818476,0.36129711115406415
0.08924616727920047,0.3431508151257474
0.07725818243103387,0.34777249609924343
0.0891271812519273,0.3423933592258655
0.06996938343722833,0.34757085316416825
0.07506896325925971,0.35557159385052634
0.07936527954559124,0.3525937501304547
0.09118354612670042,0.3478555319048915
0.08750730057301685,0.34338218881016974
0.07364086427626518,0.3577904246324401
0.08728849548935348,0.35662992328090726
0.0795105863517103,0.34628353453965033
0.0787665708753173,0.3628884153898994
0.0689827778936051,0.34843446640335324
0.07534158186684985,0.34509893310287587
0.07069057976642082,0.3554726560902813
0.08041888176811098,0.3510074873216984
0.08481819995210046,0.34475983615562306
0.07328263397902338,0.3592662863032953
0.07035915226614774,0.3528339120298974
0.08281064373559278,0.3512143821357951
0.06991529821371663,0.35089946969500485
0.0676895582279946,0.34793518272120505
0.07381316015349455,0.34295722115280064
0.07105101727372551,0.33695534629786866
0.07553279417344226,0.3585095663004135
0.08666654698834798,0.34393693317117285
0.07591126215179676,0.35278930564050276
0.06505032106932529,0.355983957673473
0.07935959876496405,0.34077946076151394
0.08249928163748507,0.3425469994612914
0.06666892771294859,0.35487575361640633
0.07213421944664214,0.34876475477769575
0.07103873547587462,0.3488318203542333
0.0713227287573282,0.34658847764178685
0.08051906281328065,0.3563834062492016
0.06911254790379036,0.35773071561542696
0.07549162602212768,0.3532563991786307
0.07539187748076552,0.3455533097569828
0.07091458118461048,0.35282796945474487
0.06799567707133715,0.35680921786706493
0.07050944096008406,0.3529832737907413
0.06597344866018885,0.34489450768006896
0.06970789059165486,0.35306268735400964
0.07238827303031622,0.3454353393089455
0.06560679886557538,0.34811029519624154
0.06410888988417203,0.3558044167044315
0.07932048149646095,0.34515742066991906
0.06556159166545746,0.3547420531463506
0.07010916661335372,0.35340491207890495
0.06591577926366711,0.3507613481942752
0.06442458789809695,0.3509216025859816
0.06554866642423,0.3559464834240963
0.07910240896793011,0.34848281261747516
0.07721586084567646,0.34925764404972764
0.08698780602345285,0.3492506092646244
0.06140286323696471,0.3601635454543593
0.07605311801853123,0.33625559548061407
0.0835119052280246,0.35494981886360494
0.06557909686110609,0.3515298733346077
0.0742099957261511,0.35421126247412515
0.06507028855539478,0.360823338313393
0.07246756629317422,0.3544759155429148
0.06376205008775933,0.34801789747125866
0.06257248353320889,0.3490583729036426
0.07663799582738852,0.3420463677825403
0.06392353360209778,0.36552010395963075
0.06083739876518396,0.3497143720156212
0.06180269386160648,0.3397778601571114
0.06183851728515219,0.34651502588513206
0.059761434257456635,0.3439735000799342
0.07065911840623512,0.34824640314080796
0.07886514281561305,0.3546162702594923
0.06075449471112499,0.33969267192574637
0.07802763159797721,0.35510875045348866
0.06308737212013257,0.34589531751898217
0.06115733042568465,0.3533079218831313
0.06882307049032871,0.3521176136903401
0.0628860695893366,0.3482570875619567
0.06636427847454117,0.3492759124879443
0.06888483684194138,0.348792189694553
0.06630593459528338,0.35106883015908463
0.06263768690162078,0.3469429055884261
0.0655191803103766,0.35223139224994954
0.06270610079420921,0.3444005076356455
0.06171956404719074,0.34796508545498983
0.06626027841771874,0.3531475666933841
0.06874953945106067,0.35118164705563154
0.07187139695421721,0.3545887786279303
0.0725602312934367,0.3510669254611526
0.06944530176111526,0.35415355948203747
0.06964257390877183,0.35074179082932927
0.0636269949826517,0.3593028391779588
0.06465954907500615,0.3476425800493303
0.054526942012257475,0.3517797937490334
0.07963632204318727,0.3505123234506497
0.07358716543850803,0.3559227251069191
0.06552978683208831,0.3435735988038954
0.057527688969835025,0.3537602341856164
0.05954857073638459,0.35314781888384583
0.05433023969498802,0.3476563707234903
0.05687008384219231,0.34572026926848254
0.054235856797775185,0.3481534769321827
0.05768279232359673,0.34851826473928704
0.0580957583720844,0.34811999955535583
0.0659307629362911,0.34982041407703557
0.05865818711764514,0.3615847978004496
0.07052420742061569,0.3475472871100321
0.0610152468703934,0.34389086404897246
0.05404392871518299,0.3457818833904665
0.061884390401371,0.35558838550884747
0.0638369456510533,0.34534961002474235
0.07136258154476474,0.34479271110575693
0.06201097925966277,0.36151991683064394
0.05953736136756068,0.351383932636363
0.05852198717626715,0.3527508480421217
0.06435027001261279,0.3480494413317232
0.0610131543518303,0.3552570977492006
0.07026886199527935,0.36337276092142723
0.055895182204601206,0.3575645100481937
0.062461582120828744,0.3506819616380605
0.055686656609351286,0.35151578985089976
0.05905414113913113,0.35066837107243437
0.06573810684408186,0.3585342986655945
0.06204959251835473,0.3534497001915504
0.05164633160288963,0.3615063441115353
0.05958730752583775,0.347862420617988
0.05976554247630904,0.36032424970052657
0.06550573559663178,0.36813890375355784
0.06248992832726752,0.3581021670389313
0.055057796949051746,0.3538943512260058
0.06494504799735278,0.35250320128052476
0.057982806697871835,0.3560502295763838
0.06314182034801827,0.3504306632400491
0.059902247124265784,0.3544038202289214
0.05644343382849153,0.35516089061430034
0.062121789591477065,0.349208545401655
0.05959395533698632,0.3446184748180521
0.05772996768168655,0.35807035378672364
0.06241565419908122,0.3650821983109581
0.05722185082445694,0.3552845344811314
0.058707270734501035,0.35205068227437913
0.05420944096469173,0.3480779128450384
0.056505600265021744,0.348593849010034
0.06548031131862339,0.3615991806457186
0.07053044102617048,0.34997664140387746
0.06158015202662449,0.35477925077804817
0.058796217045106326,0.35609074542546476
0.04938555981751268,0.3531748205970843
0.06320033306003936,0.3549310493970513
0.06032259660112898,0.3510980324092356
0.04368934446792098,0.3535485534637404
0.05360658917749667,0.35023808409453133
0.05420183652134369,0.3486501394729716
0.058988382425756034,0.34037575353915356
0.05291141554825548,0.36022224276793957
0.04900656896563871,0.34327029388456526
0.05182609409635017,0.3473952982534262
0.05513652321045934,0.3526363169639685
0.05655901744219268,0.3635990837553222
0.05255028508903962,0.3501171261998529
0.05729861016724669,0.3493282229890322
0.05266611822297601,0.35234029150530966
0.06353432765087103,0.36563675898395015
0.062120442373000614,0.35862702418630155
0.058698569489001776,0.3506336839240169
0.052341362039059015,0.3493672993799931
0.05966189497884622,0.35204632665061397
0.05483440109940109,0.355765353709978
0.056830760562768985,0.3462016388487163
0.052691927775156404,0.35179638123495977
0.04875736186391944,0.3392521632314351
0.05307397879891427,0.3492493925049734
0.0453316783432563,0.35305351145995023
0.04150635362553949,0.3515028546001665
0.06140558503821455,0.3567237658105647
0.04038627795595069,0.3540749603097942
0.048468322953759205,0.33912454232386297
0.04650160407362861,0.3544698408116475
0.04918599582209817,0.34462717499867773
0.053694745993991995,0.34708492096345595
0.041820148051743104,0.3381162695012532
0.04812169739312717,0.33754696960663005
0.04813869527743005,0.34839588250281384
0.040609569105225174,0.35051903278925634
0.05635803029346751,0.34126162182206915
0.05427834520327354,0.3500533344408814
0.05153790153680311,0.34381786540167497
0.05211383892442973,0.34999533260038485
0.035455408392296134,0.3521926999842147
0.047159899735572115,0.3407334872296373
0.054889474957217285,0.34844509344061303
0.05248938677377007,0.3526117178805018
0.048750310461612045,0.35474684874778106
0.05976951837884802,0.35163799665688095
0.04989864409809868,0.35420328080901436
0.042602758833004455,0.3425167757908746
0.04752386743867968,0.3448936199951906
0.05126311003658989,0.3595628568686296
0.058430571462075837,0.36103129177472865
0.05756664135038208,0.3542408647590254
0.04332770695888262,0.3567868559850014
0.0571458930540287,0.3597960526775268
0.03788882106040732,0.34403446018354267
0.04796257606179054,0.34390689693903115
0.04515092265240063,0.3424340542664031
0.04294825043538049,0.3528735238538704
0.04778352371248885,0.3477115705555186
0.0372913375693733,0.34910332767279634
0.04629279332545181,0.3428122973755904
0.04522691089804216,0.34715656708298837
0.046362121062626514,0.34986578144396513
0.04536138817039588,0.35528569991699793
0.04100124528730207,0.34553970760808816
0.054637224387038205,0.3647696526198363
0.04563990753866101,0.34649131010652695
0.04567450594342994,0.3580007846403535
0.05004258163093566,0.3471559711588158
0.04152225666986241,0.34276011326801736
0.039170474428781854,0.3454429436134312
0.03912147241763575,0.34716247380127896
0.05336302585772807,0.3446659904380202
0.03897788045466821,0.35024494861301
0.04268406569097952,0.35142257657793785
0.04677554302783015,0.34599408637308665
0.04645840780234568,0.35882336411652843
0.0338985559996671,0.354472264161315
0.03309762863493146,0.34832206903247803
0.0455911525780589,0.34689568102696317
0.043120128194786625,0.3562170883732208
0.034292523782282355,0.35020731753449935
0.029622106554985986,0.34855927281656957
0.04819411779839259,0.3518720662311108
0.038538531647893615,0.35394473668007553
0.05036901789234304,0.35010471426379697
0.03978102075580568,0.3581127745633859
0.03355597603310299,0.3447528455154024
0.0461439098439182,0.35688346850832475
0.03722897414087821,0.35465168778295897
0.0341332989446563,0.3634053556522492
0.0357618685885932,0.3578343200272795
0.04225717821718058,0.3422255475192946
0.034846545403236395,0.342050939311552
0.043726084021465515,0.35636363942528726
0.050651645327678754,0.3520151323665529
0.032280811062477224,0.3521606067477476
0.03993471769240518,0.3467611415495596
0.03939488559240623,0.3522785943879026
0.040629990128990684,0.35590063265250194
0.026795569479023566,0.34207558660226817
0.0373016565022235,0.35725017016379323
0.02918519656569092,0.3540113595875361
0.03026425907864532,0.3484775950383028
0.028802371949981944,0.3430701497665807
0.041491444614890294,0.35006166661103666
0.03904171665384775,0.3538939919752227
0.03510028851461304,0.35607178346098367
0.028578937590992306,0.345331222031329
0.0360363460634819,0.3493992748178351
0.033549319060118044,0.3435740878073994
0.03711527772885924,0.34733157291950234
0.04835547696416346,0.35223287662736047
0.03363933579686143,0.34088315486068355
0.0331822107907246,0.3490034479353363
0.03141035597313896,0.36133525495149804
0.030007849154326034,0.3494691168943362
0.034044764244893846,0.34719952176196756
0.025534799383422988,0.34564458248014895
0.030314143334176293,0.3473614903451618
0.021773636347846955,0.35155821174589036
0.03325402951999261,0.3425833095309399
0.03326192411515952,0.35339836151723175
0.025276953630621178,0.3543595645371949
0.03611601759801626,0.34769582619369044
0.03294870467604627,0.3595376677174129
0.028253351172591715,0.3554683490814901
0.03785573535652096,0.3437592406729579
0.028990455018540907,0.35138737330902
0.0373294795785983,0.34768815255889923
0.02827792054947147,0.34795041614694106
0.03764178513254963,0.3542177909538394
0.02585132364030699,0.34918916727160637
0.031415020973865435,0.34604882236326356
0.029974764322660337,0.347131490065024
0.02964359036980401,0.3467847337200027
0.027532836080782976,0.3470541704459495
0.04036322848521513,0.3509679773405439
0.025343713603163023,0.34779537556620765
0.028540928457883096,0.35424730117162556
0.027664007016599674,0.35280132955644455
0.03658157091605417,0.34579704324225446
0.030321879106027697,0.3489105249765706
0.037007300891485045,0.34844567008310273
0.021634745921946825,0.35357331578408024
0.02025795618610748,0.3391757033578946
0.03207066521049661,0.34764627288030725
0.03726462426193945,0.35075660239790957
0.022303417777455554,0.35440666474851956
0.019087928827156188,0.34912695456332954
0.036939107147673365,0.3613698700632603
0.03305461401941139,0.3514935217885764
0.0324563169647505,0.3484842012266453
0.02579866215589825,0.3518535763051838
0.03396377924599328,0.34823353972273025
0.03254860892316173,0.3505556671089656
0.028041629958380703,0.34613229424713016
0.016218858463555016,0.3412613396041997
0.02434595497548905,0.3513546751853954
0.024203818956922668,0.35342852921944234
0.020001900823754696,0.3348971990576956
0.026372285038321737,0.34319057837336503
0.022438667612527587,0.3499842750422884
0.017924881208819875,0.35576941602347745
0.029315280137973333,0.3457994490758039
0.019947388010006256,0.34372624088517767
0.025211907542734648,0.3455849016149022
0.03580860403508946,0.3570498584430554
0.025663426457042966,0.3441187761708789
0.027225962070223896,0.34880344801323887
0.024790501185254884,0.35299681448998527
0.03665921204246318,0.3496384771428214
0.02188741061720161,0.3489270607938279
0.014292563312555902,0.34782311826717005
0.031051614973693516,0.3525053461226491
0.02779062493154469,0.3496451292277503
0.020974320033690645,0.3499230560969404
0.02816509403941661,0.35483361876441394
0.023369685209246895,0.3494555969283701
0.020889699671951673,0.3429279503220326
0.02253579352393038,0.3468754082637474
0.021988559567974224,0.34931928595736655
0.021778877388390364,0.3402824579265052
0.01817990579844633,0.34340445184833923
0.014509641785410607,0.3481269984113349
0.024681959611641317,0.3451640958902975
0.020970561469964365,0.34300970778968576
0.026488493213355283,0.3404673758113464
0.017702286907376668,0.3414520503824502
0.01490471605604338,0.34145000582677815
0.01910562530894876,0.3426585499761271
0.023438638431475322,0.3384818483896166
0.007397356251275457,0.3566788042449648
0.018541594665065983,0.3519847245785812
0.023075597941746847,0.35054257942267625
0.02355693801421545,0.3460674651441719
0.017227055344973218,0.34177675045168227
0.026330898382805328,0.3358852204990642
0.012270932329469107,0.352626386679364
0.025549786547143225,0.34078340339007157
0.019243596766876675,0.3546439189244894
0.021535947302444274,0.3431461419045942
0.019682758360939155,0.33972695274542547
0.014370772405743729,0.3450137205264906
0.016350541760031076,0.34542368728894857
0.028519752975129768,0.3516672292573318
0.017019802577988474,0.35854290139657363
0.02191816718259694,0.3360579831861039
0.017782892851539597,0.3453482188983803
0.00812685488802721,0.34639484271688725
0.013103921282081207,0.3455822188688057
0.01749827926041492,0.35069866093310675
0.018612096920134383,0.3497719151420718
0.020525673360003834,0.3537185916073031
0.024302576664918293,0.34529136418680445
0.010210640124307238,0.3451495308660885
0.019233916290951,0.3378138526996419
0.034791010194340805,0.3592779384175274
0.02266244560740458,0.3451785806842862
0.019599705459826307,0.3342782353630884
0.004695049208443476,0.3577562016095755
0.02721623341565772,0.3600611351769017
0.019445310086510494,0.35880029596392393
0.007920641064623132,0.3506412920986634
0.023883809824799852,0.3441057089224135
0.009749376225346211,0.343726376643493
0.012803488848496256,0.34351245371903855
0.008391739053505189,0.338742958157374
0.030324426725235627,0.35023796586657646
0.020760071946383612,0.3510210423310517
0.025230413317444883,0.3458719026382442
0.017153156353399108,0.35853054243717475
0.006092055918352158,0.34332210918118927
0.014376400181638986,0.34194632032164063
0.014438146534743818,0.35833983128549757
0.009041106089399504,0.3498124794059214
0.008644995487523325,0.3479246514193001
0.012843346205167212,0.34344658338792466
0.019247559257827514,0.36001617301562994
0.020969879352315937,0.35561416290598763
0.008764513853849343,0.35200132774679227
0.009977017556837633,0.35062893797367495
0.01574109766004373,0.35321954768018826
0.012103024771586198,0.3494423611469943
0.011935252938495958,0.34839245676827835
0.013412992030914993,0.3514456157400715
0.011535091779271516,0.34594902042821224
0.021861681302179282,0.3486032479782395
0.01031589736504199,0.3457495211685845
0.017924150469753358,0.34359898906595987
0.021368414629436523,0.35280948373225957
0.013736115904704898,0.3475077449620231
0.008634771112766197,0.3547441373754264
0.006968516439916005,0.3535160149017254
0.006707367338748752,0.34867577744514344
0.007026924128989794,0.3362260717161532
0.010519901575196201,0.3509781622474915
0.012076677316988806,0.3434664441276002
0.011668203976339666,0.3451003970841592
0.003773433132336602,0.33847759995963045
0.0028831231921209624,0.34237515679709
0.016400180835699957,0.34578547488521805
0.00847907064707604,0.3404635264641091
0.007711230516845203,0.34451434701659217
0.0015488381544863522,0.34160216814603184
0.0011941161415307529,0.3443976877791517
0.007634180353632946,0.34258210281252227
0.003500077781250725,0.34769495916888804
0.010604203266761848,0.34918303275286827
0.015190105981002695,0.34480075992420534
0.018144367091567852,0.34562492805436973
0.008271560789201816,0.3428627178608793
0.006003581810425177,0.33281496858550114
0.0028556510569756896,0.3333413221397182
0.01345255192290192,0.3425066318923599
-0.0013707025663630224,0.3490263188642062
0.0054639608312090655,0.34685766178491073
0.005066968926003533,0.3478757438707792
0.0025077443363408962,0.3449029885883415
-0.003396960318981723,0.3537315502469428
0.001724044553746317,0.34113892995616607
0.00786635951663196,0.3417483152272151
0.008120174442221193,0.3453431090955007
-0.0016723836463156706,0.3472641805035038
0.004007730376471343,0.34479617383584527
0.0047691076623218925,0.35638271269969374
-0.0008593161044909848,0.34161045722984
0.004481093292769242,0.33785371753015464
0.008549851587207759,0.34322821389010283
0.010467135047365333,0.3507915481278097
0.014730395197099917,0.34223618832256786
0.0017377892080595086,0.3407094459602575
0.004167346436858134,0.34698506755408864
0.0028705706947780656,0.34785615233405826
0.002131314021137942,0.34505896884474285
-0.0043889036510286715,0.3386368159947283
0.0026488344192376447,0.34336287835967955
0.011359629873120766,0.3439225703612361
-3.96826182141822e-05,0.33916674616662007
-0.0039609427019881615,0.34895559312217034
0.008570830287559242,0.3426783394131501
0.0052576564050681755,0.3423828028649068
-0.003058481838069583,0.34177457277363293
-0.003568124147151067,0.3401094694618298
-0.004597708743848284,0.34770414040110764
0.013426957717807619,0.33788508974467235
0.002547112790745062,0.35938707503041883
0.015569382457930247,0.33450914946768273
0.006011488337681443,0.3384189116454868
-0.00526106796465383,0.3381141782176173
0.008306789212106175,0.34568235832754235
-0.0003143519638733436,0.33697518149060607
0.00796514932859023,0.34254301029485457
-0.0025279031277537717,0.35094777865331406
-0.003935038251523552,0.35100624794694785
0.00609762807094683,0.3444037798601257
0.010940043796809254,0.3468141155489883
0.001538846157377156,0.35039445680694903
0.007967368536932551,0.3434930542770216
0.009643876752807175,0.3489980817370855
0.006604728450888395,0.3541272358008772
0.009465129486547224,0.34282670871570103
0.00834746393157503,0.3441756516135239
0.00042112498016724103,0.34426442149624925
-0.0003702907006290041,0.34882107046530764
0.0028946983658689677,0.3486858220660681
0.0028777973117876136,0.3432673607790372
0.0014936125357146812,0.33838440893432703
0.008742328450959503,0.3500423447435391
0.013135927929244503,0.3459136304317917
-0.009655598167204509,0.33600485218690596
0.0009670422145944707,0.3440827819263904
-0.000588881181775068,0.3489462884796324
-0.0042470355247072235,0.3466346875307264
-0.004869664921645147,0.3471620449981235
-0.0017370670718228974,0.340590719370531
0.0004478647110764332,0.3407906961093135
0.007542611027026635,0.3471310233581624
0.0005554507529393061,0.34361462824356437
-0.0020776702026847867,0.3471514251042077
0.0049683200598624275,0.35140530928338853
0.015950176229715635,0.34778030853017416
-0.00893781675414488,0.3452662306268511
-0.015917358311873304,0.35411278282515457
0.002103447422313764,0.33347123935005607
0.00034813707285671214,0.3416168953631965
0.003168329651809543,0.3416155198964387
-0.0008588731264346827,0.3461458642297738
0.0018502871903759242,0.3407313613980411
0.004783725908135289,0.3489600484136819
-0.0011696802836613724,0.3493020869092257
0.006170404612561595,0.3487868638912103
-0.003937175571799935,0.3450089988681797
0.0027982673979345973,0.34402543595249013
-0.006833564351475988,0.34551935007077045
-0.0020516708654077223,0.34545292672418165
-0.000576039532623917,0.3406040591990569
0.000310221679999821,0.36134550343586
0.0014922557261878111,0.33404731068110816
-0.0028549395519092634,0.3432588431563706
-0.00474837468437228,0.3418079128645126
-0.006152823763028381,0.3441894376205742
-0.010610880240944429,0.33376969981376803
-0.003750753524431008,0.3402725167832186
-0.003040437912789157,0.3405337761311412
-0.009697636133383742,0.33455903344998267
-0.002738239611578779,0.34283563840267556
-0.0004213178941784451,0.35113481631871063
0.002656081674357187,0.3478257153498901
-0.006404337334877892,0.3478145833522493
-0.007629679129013972,0.33884951654146545
-0.006972856673617654,0.34325225845547114
-0.0012004244745170097,0.3402160702362912
-0.011032719091926128,0.3565503593032873
-0.00607241944311545,0.3417812806633291
-0.014282583744649167,0.33047319320877394
-0.0027342361536415952,0.3297987945191389
-0.019903471602416612,0.3392361159372206
-0.003741697200860165,0.34048511722179226
-0.01469267390351185,0.34066935180412955
-0.00640126640640872,0.33785856513454193
-0.00959328656842353,0.3493764851608835
-0.009836518777442278,0.3457104907265184
-0.010145093874401899,0.3444717276241143
-0.011976710912951377,0.3397521397562801
-0.008584493190446015,0.3521284392963396
-0.004403607437092118,0.3469487489580554
0.0008596491288138227,0.3396135734451985
-0.01385703697777156,0.3425681962113658
-0.011521851022867778,0.3433219441940908
-0.004887750554414381,0.34263266945647536
0.003837120121773169,0.34082482036316736
-0.011689132526298319,0.34024391456975606
-0.0026550531870348656,0.34008652812227647
-0.015806374020508454,0.3435964320485743
0.004000414713402757,0.3445737943569398
-0.020777042696636685,0.3420379551812506
-0.009936653065135314,0.3448458864431051
-0.006124664051703368,0.33690924563540514
-0.0038199495306082613,0.34986401822562757
-0.008817787151771356,0.3438968229102865
-0.012395617548775795,0.3409943768904974
-0.0030338698507450684,0.3394171929307878
-0.017284938967703237,0.34617792371828066
-0.014930501142905898,0.33672194246404685
-0.012411502220931328,0.34277661516508834
-0.0038808480119849023,0.3355580657769723
-0.008264889222539703,0.35292167194924273
-0.0022539185456191078,0.3436596926830618
-0.011988158908359959,0.3349639852258386
-0.010898971414731467,0.33913830985955606
-0.01390671316803508,0.33973060794744103
-0.004286308435234919,0.34527293892188254
-0.013027026971205424,0.3521226585829122
-0.01376013086985989,0.33927143096873
-0.010639850318438565,0.3416923324537346
-0.016773913390229676,0.3546575308709867
-0.009836929889531335,0.3421919103018449
-0.007716244470064343,0.3414114204375585
-0.010109258067156797,0.3408697933310697
-0.009136398201790687,0.3418739978589302
-0.0078743379246718,0.3398732335268117
-0.006684129886878651,0.34156965009106105
-0.018496408913937862,0.35307611270915784
-0.001001628287875089,0.34188672065507647
-0.007884938720041215,0.33818303910799746
-0.01293378576737999,0.34648472527575147
-0.005451935401861455,0.3443846845539187
-0.01993987341971787,0.34929097164292033
-0.0015444356333544757,0.3359571421103225
-0.011974075504506425,0.3503846790044237
-0.008364490722716937,0.34773885749680755
-0.01368967793111753,0.33479829160467084
-0.019309725915017676,0.3342681429918555
-0.01462256847404128,0.34257427834978765
-0.018767462290146024,0.3371917815307142
-0.01715350886827684,0.3333018917567428
-0.016234606323000077,0.3477422368437932
-0.017093707355620488,0.3380811065602363
-0.027536521086253797,0.3378224139484659
-0.01077827515808978,0.33733953153553164
-0.012221415904603882,0.3415762384927024
-0.012628778765503865,0.3422191236492097
-0.009007516404337189,0.3438804207880106
-0.01840847498150811,0.34811793892857334
-0.014083725356926651,0.34042121018835486
-0.014323146040366407,0.3386991001176105
-0.003852894447596192,0.33631127801570077
-0.020334421401529183,0.3518840356533101
-0.006884878603699052,0.3454826655310097
-0.008116363483202124,0.3501681083888995
-0.005141935582739045,0.34424353829974363
-0.011679511364769435,0.3383042061552431
-0.021942979767282145,0.33890570305450984
-0.023884752993377674,0.3436507213195047
-0.016180287251818897,0.3474559971824326
-0.032793712002016875,0.3416385530987954
-0.024687053752264435,0.3332910268207018
-0.02724108584150504,0.329329866186669
-0.015630447241217923,0.3364885716935482
-0.020884931845905542,0.33491453854235576
-0.022475573592766963,0.343347022823895
-0.01423585444273197,0.3339160271780645
-0.014826536696281081,0.34097570990095766
-0.02892621277322738,0.3436762241263779
-0.021856588490717862,0.33498641193258016
-0.027596962902754082,0.33529706174850715
-0.021406457168819983,0.3397579603105211
-0.02764296128382814,0.3400182331061672
-0.023886768802970394,0.3401673816589878
-0.012940639825188198,0.3407878054528425
-0.025922009468767968,0.34703930503268526
-0.013336973941412191,0.34437023396395094
-0.015128954308324926,0.33089284252346723
-0.01698153698739179,0.33887163721627667
-0.022934002302290757,0.34060499446834497
-0.014673320493279591,0.34173280216061586
-0.013568070293549906,0.3341688876888682
-0.0277802410608456,0.34398954386397396
-0.0282148039003777,0.3286599720817163
-0.03465328621970601,0.341389212170756
-0.034858629972961984,0.3297727829491322
-0.028047800376426246,0.33951530019648885
-0.02460998456487642,0.3421454004674374
-0.02227449046739568,0.3352286620563239
-0.029799379547681547,0.34148057972848256
-0.031075108741653104,0.3302518313046315
-0.01596904087172222,0.33497770238946994
-0.03860392195913819,0.33566683040351564
-0.025992670089249624,0.34003527449755366
-0.019370660096904725,0.3334167407561979
-0.03446179612292118,0.33400368124458996
-0.026067087661069552,0.33717808694963863
-0.02959010610418292,0.34229878272312964
-0.03289819925132541,0.34223243031038864
-0.024396346418060422,0.3352164600333781
-0.018161393936638463,0.3342577208948802
-0.016999682235420466,0.3355194527226928
-0.026617329403406987,0.3384941830147112
-0.02718543504472387,0.3296150049374916
-0.028263181487636103,0.33186601097890067
-0.021366827496429847,0.3325914679045772
-0.02551953264204063,0.3410565401192973
-0.02213810409680372,0.33918656983059564
-0.027376361822807026,0.3374176852559957
-0.02928992703543108,0.3393023665448466
-0.03978037776779829,0.3347487983990103
-0.023128433484787013,0.33205747596947477
-0.03211150289670314,0.34117296606681274
-0.03340233070809521,0.3377618840058724
-0.01980873544344884,0.337074660507115
-0.03622181689848214,0.336816649334981
-0.03236832477880034,0.3363582942042684
-0.022232137755269804,0.33421271725681817
-0.023745041526464998,0.34172361237329885
-0.03144371272128074,0.33529143070700956
-0.02634069758366097,0.3434105063557783
-0.023319066014671742,0.3445849215994588
-0.030330004261711653,0.3317478247340263
-0.025926867235115163,0.3408469370653543
-0.02690115784593118,0.3428069097606276
-0.027067881065144888,0.3415794771540857
-0.02535090321029165,0.3320377892907456
-0.02802691122046918,0.3339077393707801
-0.03649805957467791,0.33976332195708736
-0.02878274989384292,0.3293378104717359
-0.0313510231107377,0.33812228436877834
-0.024586637562181667,0.343158372460995
-0.01759887162906627,0.3393200111809518
-0.03785171008434858,0.346075418898795
-0.04267432131655078,0.3365318810072911
-0.038950671031038615,0.33597097309938917
-0.019748844293773448,0.3373989301296563
-0.029511366570593316,0.3365590382138307
-0.031252409439331816,0.32934061244423585
-0.040146374934624786,0.34817724401055955
-0.03291058208380192,0.34251244296005223
-0.03552127995374836,0.3370161387346024
-0.037234527213058664,0.3389655967609197
-0.03694154500528439,0.342989992345822
-0.02999670020030699,0.33419149077035953
-0.0452867263102388,0.3432985022656707
-0.025429853360684256,0.33980494266963884
-0.03759785838168289,0.3367022717801116
-0.04438828138767037,0.3383352653230244
-0.025456688910608313,0.32977751581091574
-0.04075945739333513,0.33964943827448607
-0.03551171346111315,0.3381456280757702
-0.041256326956887364,0.335963671476774
-0.0447452758330349,0.32981939210096056
-0.039588766549971385,0.32864003223202454
-0.03098969064889197,0.33486914831270215
-0.042474206707980716,0.3385902766121676
-0.04109626538229105,0.33108663214528883
-0.04235488432022556,0.3285186260128776
-0.04438706942971718,0.3308056734785643
-0.045473244964804725,0.3270792362385126
-0.033074224266680004,0.33153509402679393
-0.03906342416433236,0.34317504676805516
-0.05155595102901698,0.33618729948511433
-0.038244045417880665,0.335705473715622
-0.034404520989260466,0.337553644614659
-0.04256692823787946,0.3356846918602154
-0.03976434147947567,0.33936389177558496
-0.03227804354477749,0.3266840224652766
-0.04291613906684118,0.33205598421440286
-0.04849762979357933,0.32658145482682677
-0.04599682351728659,0.32975211192905707
-0.041403627000444976,0.3390222731117053
-0.04644192358072101,0.33428796515247844
-0.04680264713785667,0.3305705333744025
-0.048389215692200935,0.340260483829187
-0.03970380753123098,0.3289329667095432
-0.028257573705836998,0.33908547817984663
-0.040765106654250836,0.3432932890945972
-0.041054099872476796,0.33990712161643
-0.027441766825176832,0.33074551551255615
-0.03407305678867537,0.33326745632933313
-0.046293693733256015,0.34155413171664456
-0.039917041763387,0.32636029791030496
-0.04482659176973127,0.3306777525206764
-0.04320873070207112,0.3449986890721208
-0.03949948372911204,0.33723053192993463
-0.0328971253488504,0.3236872582455141
-0.04974458638330946,0.3287736363143548
-0.046433825672572045,0.33594170802580325
-0.042920478057591964,0.3258744977842326
-0.0414020475680291,0.3303286005564604
-0.038597686756551855,0.3413352396295378
-0.04233751326017329,0.330542971542855
-0.0453186481355657,0.33025310134926983
-0.039104986875869004,0.34729712236151217
-0.04291755350641795,0.34151316312758284
-0.04998156694650418,0.33040838628878794
-0.03810201132214125,0.3374440998544207
-0.05251287931883239,0.32924624545862563
-0.04087321181338061,0.3247292441118701
-0.05308427565782743,0.32359805111951967
-0.04253191836443032,0.3363828105812777
-0.04065274375708426,0.34069584577446016
-0.03374508242527493,0.3338433565374708
-0.0434527283894092,0.3420389278661736
-0.03473108619542578,0.33951712368712084
-0.054679856045043426,0.33185923503186093
-0.04215348712915249,0.33205091478540266
-0.04969388761683196,0.3296502127768399
-0.035969659148397476,0.3355477988820186
-0.041425905994714185,0.3381936990278391
-0.04338320415621463,0.32587432067064914
-0.040452779263140115,0.3313104901910036
-0.03665924559287316,0.33642781579877123
-0.04611447728037742,0.3328298240002154
-0.04157708129296131,0.33436549696343915
-0.05051040515992941,0.3315140729254261
-0.048673908241544696,0.3440251571388404
-0.04955031935054716,0.3225979722203559
-0.04464087679095969,0.32620878104295453
-0.046870035175273085,0.33536707342226635
-0.03944187915926757,0.32979890193753303
-0.035724174314627315,0.33180251980377196
-0.04295324410384514,0.33789618472437183
-0.04922610093633992,0.33754171796512517
-0.03992865879637183,0.33743913942342496
-0.0458234859367882,0.32458435200797076
-0.05533284660624379,0.3328551733388655
-0.04664154446391312,0.331348890665311
-0.04054188727433146,0.33649347465237867
-0.04601872718532116,0.3355268745177604
-0.049630167670343284,0.337665718403909
-0.04040548277244149,0.3327218006146569
-0.04310483132188005,0.3377208691968498
-0.05013566434305306,0.3384488964335157
-0.04942676344025451,0.334147173437339
-0.04428450237909845,0.338259463262487
-0.0470774576883968,0.3277469619287066
-0.04969447079025303,0.33244154009049465
-0.041442893929628036,0.31891529543218716
-0.04075841936708057,0.32690018769511997
-0.056715439224892965,0.3315087997551555
-0.04871904136880352,0.331861860602557
-0.03997142486509209,0.3302051383445656
-0.055335106965484125,0.32869205747209246
-0.05016073149578559,0.3333527061506521
-0.05602501106656092,0.32786081522387156
-0.0462899940380434,0.3224127113687761
-0.05418125208644901,0.3364480035739347
-0.04898572706486584,0.33154864766859155
-0.05700213922538651,0.3316531508589278
-0.04633206329840731,0.3293202909118913
-0.05141384429464194,0.33543385349948973
-0.050160971457232785,0.3264043199545518
-0.04730575900821498,0.33269447192832124
-0.050666870106851454,0.33403960529813065
-0.04972702009421058,0.33634444913609673
-0.0516328057609043,0.3226054445092693
-0.04939863994859944,0.33021869809253707
-0.0594084850079914,0.3261525083724053
-0.05547261307558033,0.3271155307057884
-0.05084230084137194,0.32715341638291223
-0.04088977039691187,0.3313837382788929
-0.05489322330570548,0.33103919639051
-0.057274972063003714,0.32305834556131785
-0.042799077275896595,0.33291022809288423
-0.054612178594288026,0.32919449697432257
-0.0532610314070157,0.3320275976426357
-0.049712418706077934,0.3325078951738648
-0.04630436320672883,0.3291390017510499
-0.055499492030137404,0.3234461274540252
-0.05382885502601603,0.328056883973544
-0.051495870113818,0.32399750346481077
-0.051470824595967545,0.33327933373334107
-0.05595887437012619,0.32983362011391065
-0.05566066062065578,0.32531437424218296
-0.045774688775900296,0.32069249289370305
-0.05960585031540971,0.3280404946083416
-0.05790253120173744,0.32065777866681994
-0.05833790028919701,0.3223188863736488
-0.05265022233303565,0.3315911850478093
-0.05385053647941314,0.33321084070750345
-0.06619506890906812,0.32603908303475243
-0.056686244746179545,0.33286889428954325
-0.0620237150678479,0.33462440959499484
-0.062315452211755995,0.3177672442958264
-0.06106271556003263,0.3212923513310173
-0.04984830968867089,0.3231210479503048
-0.04409258689662418,0.3314032055818978
-0.05127636221632098,0.34073712691758523
-0.05929864664846703,0.3371502891649067
-0.0569459177958055,0.32062180575043975
-0.0563387369883395,0.3256405291484044
-0.05406658679814853,0.3291019296154772
-0.05332327424810148,0.33414559720092174
-0.05410614013923467,0.3240132078588076
-0.05333899404071683,0.33626768541671925
-0.05163529713048936,0.3230884575284539
-0.05874744493963783,0.3269128733261259
-0.05806163817646587,0.3247446751471154
-0.0654620497941287,0.3268399110982895
-0.05248958010940235,0.3258323622381274
-0.07134442083400308,0.33271000684562163
-0.05896570605798454,0.3252673951984367
-0.06030008390558433,0.31426457711785105
-0.04791444951569325,0.33330242112839337
-0.051938920294188735,0.3278428715257188
-0.05271000825398134,0.3341942620279718
-0.06482419726691663,0.3308924451953982
-0.0585248055057607,0.3257638635195235
-0.05774439894136327,0.33216890268931354
-0.053663266250467946,0.3383979163629326
-0.054009372441046595,0.3351138908177344
-0.04618078120703783,0.33182892254039764
-0.06148125376961952,0.33036078016191267
-0.05285897213814954,0.3255874573566163
-0.06464588459400952,0.3291765627050736
-0.055711144894438396,0.3345651061459169
-0.05844104851595007,0.3385933729181207
-0.05498963975826334,0.33315758362188735
-0.06049928303280763,0.32972706580453454
-0.05730828497248046,0.31749279627857
-0.06064954614961436,0.3279017811762206
-0.05736945573016188,0.3376795026244775
-0.0544786504682421,0.3361525855722346
-0.057474501292430126,0.3300579430409628
-0.05916913575482383,0.3361025760946324
-0.06366478156966174,0.31724662277195076
-0.05541189806826188,0.33336456746553556
-0.05649999197339232,0.32948855287199086
-0.05255887996382105,0.3275388624724984
-0.05381148838907289,0.3358788204615304
-0.05201164702585412,0.33274697000714465
-0.06494429386442524,0.33036357566957775
-0.05289639032360679,0.336568145069938
-0.0662216956271596,0.3321115347884407
-0.05827313704452584,0.3328149861968586
-0.06009460274891362,0.329663483176102
-0.06142771476031251,0.3327556157385066
-0.04933714643665223,0.32395422530419493
-0.053323975283430726,0.33006321553441204
-0.06265986068631402,0.3261578438281638
-0.05790775805239325,0.32767889655456056
-0.0538059527536105,0.33306638806507716
-0.06303421739791783,0.3254531766332427
-0.0592973601896991,0.33596776192246797
-0.05522239289827292,0.32079677023088093
-0.06425044488590724,0.3197937706571506
-0.059319442824595545,0.3270326334833206
-0.053133460736637175,0.3214147015715787
-0.06786739704733298,0.3332610667270384
-0.06535355719388009,0.3186843335578289
-0.05349662006102439,0.33407691814936497
-0.060170941347135014,0.33749139970553815
-0.06705953415462372,0.3217425536368127
-0.07116269241123578,0.32024036913072595
-0.06958406879837882,0.3246446652763693
-0.06320025487860721,0.3326565784919215
-0.062444135077850384,0.32432129264490517
-0.05876931119788412,0.3217979120954759
-0.07001505921544432,0.31600891522494545
-0.057304818882604684,0.32217654313270017
-0.062377646418379826,0.3330225480143924
-0.06398983001109058,0.3309973652835246
-0.06542426544988963,0.33561976542180766
-0.061515441985472305,0.3293555798135942
-0.06215330446321704,0.3253670008266538
-0.06274566204305987,0.32600402161467085
-0.06350759237614242,0.32530182270635405
-0.06389309413763972,0.3242933251469795
-0.06778422823545723,0.32902543242746474
-0.07013487427268822,0.3147202496789709
-0.0635495544739166,0.3312984136854668
-0.07169324386450583,0.32459057582993034
-0.0649771998299706,0.3211556456399657
-0.07575538207898251,0.31493026717229244
-0.067692782881935,0.3169214868033829
-0.0652032296449905,0.3199640060470085
-0.060288443148965185,0.31736346492713635
-0.07017367839993374,0.32460366677582947
-0.060938048336579426,0.3263035306810912
-0.06699309110758063,0.3259960424325082
-0.06777263413845165,0.32152742067673995
-0.07041468540153986,0.32454701610184994
-0.062396574382775176,0.32735717066683445
-0.0707040025289095,0.3211654902832075
-0.060220500233860434,0.33110355553939586
-0.06703274349605863,0.3213879275640164
-0.07116145643550417,0.32348303620707136
-0.07767855734681113,0.3235148720047108
-0.07300528048687457,0.32537390212597556
-0.06958457542630068,0.3300059448450403
-0.07195408706912619,0.3168306945924236
-0.08248552235037282,0.32038122662733576
-0.07019022991565387,0.32686975242292565
-0.06554657021578018,0.32778778452927493
-0.0697147474455886,0.32138609681363
-0.07727271648388363,0.3132282565760074
-0.06333467099304331,0.3185401436250978
-0.061115996850546375,0.3321819537636177
-0.0711706773049381,0.32352302126470595
-0.06234673258803934,0.3293651595381117
-0.07103567388826762,0.327841996696043
-0.06668869091600602,0.3110587256746774
-0.07647192719771648,0.3172123820157497
-0.06957418632435577,0.3250006973181981
-0.07038159169121608,0.3195267775561086
-0.06987467804293182,0.3185234848099398
-0.07157613672504881,0.32492850280675356
-0.06477352763670369,0.32573224001711903
-0.07226473078839965,0.3278128671525922
-0.07113141363498764,0.3115827469412637
-0.06531382469350401,0.3246222749191846
-0.07141092054958459,0.32678719569699555
-0.06648392976826217,0.32682836725964315
-0.0752883702371416,0.32677398461213547
-0.06898246429499841,0.3192856517674448
-0.06429258827036995,0.3260017407130512
-0.06787106909279092,0.3303174176697025
-0.06913195137523763,0.32606468711526765
-0.07559369414858014,0.316875971446584
-0.07605574850897176,0.31855970718109106
-0.0672675238024537,0.3133156948826953
-0.07438897836346804,0.33072165585245233
-0.07432529171722667,0.31936300906995035
-0.07770070220576972,0.3237412986876766
-0.061632118522504296,0.3234482467090339
-0.07156419106120683,0.32498036606831276
-0.07179874330786731,0.3194376532886623
-0.08176297752954839,0.3275370163121368
-0.07048786350006865,0.32565368320200205
-0.06909593008760277,0.329812100030563
-0.0687771590512883,0.3236327345840086
-0.06755977727301525,0.32609670109983796
-0.07744132190662498,0.31686182521291184
-0.07132942604050839,0.31461352147610977
-0.07998464695566097,0.3166414726922298
-0.07367027735251806,0.31779761705001086
-0.07028844878492019,0.3361681007565579
-0.07062137945027094,0.31871626054955726
-0.0795160747044984,0.3176193666532722
-0.06854625925560912,0.31760657677294996
-0.06473096368285941,0.327826404216745
-0.07309254701537762,0.3275264120419524
-0.07524147642003087,0.3162283725484838
-0.07478509115702275,0.3209603853750688
-0.0755582480180126,0.32764063412342137
-0.08278456214704617,0.3258545779206005
-0.07633238598804101,0.3325989973619158
-0.07840136652894099,0.32471391996012017
-0.07000043203365955,0.32180203598483714
-0.06846648236766216,0.321002520245554
-0.073730915462431,0.32816538576658744
-0.07871772822875575,0.32432519046667746
-0.06865567693452644,0.31839029785382644
-0.06881252213297127,0.3169674163022146
-0.06928589615883318,0.3263251762931082
-0.06773371092103171,0.3192158107748075
-0.07251893248709597,0.3203517351177599
-0.07335612605162407,0.3223789461127417
-0.06945739253542102,0.33914728096638574
-0.08083910058595731,0.3196178746283657
-0.06769421034781682,0.32793620844860477
-0.06924252284836369,0.3287308730986805
-0.0666984768228216,0.3379850597491596
-0.07904693941965839,0.3346460038630651
-0.07116623750322544,0.311603055610858
-0.07696263966688674,0.3225640674030241
-0.06524630776281544,0.3189613180141353
-0.07309294662142775,0.3244972101918886
-0.07391549553916729,0.3182179625840909
-0.08128709401124865,0.3238521040604149
-0.07561278863240568,0.3217501038840123
-0.090360494532304,0.31646486216708974
-0.07660213579599572,0.3176749514913701
-0.08512710791098148,0.31624246220596475
-0.08129089331659578,0.32386436321274387
-0.08027181560982197,0.3113684843890472
-0.06775669053839566,0.3238656285511893
-0.0785005760167952,0.3068366317938849
-0.0782389181941762,0.3238729106535437
-0.0885179918736931,0.31194000468291394
-0.0771032693791018,0.3145812707671854
-0.08847985231822984,0.32680643048334074
-0.08523692927616111,0.3226680949334856
-0.07815744011549539,0.32148010278305195
-0.0765127438953147,0.32420964153701715
-0.08428594863993816,0.3182821945802876
-0.07068128125418573,0.318383351291199
-0.07508976599622226,0.3224008877667398
-0.0806685646766206,0.3332705283796243
-0.07089940125577497,0.32691749740087206
-0.07216426309464923,0.3243322543709662
-0.07369482572842595,0.31861784331126847
-0.06979360378069112,0.3203296460952268
-0.07738148772288893,0.3211490856088879
-0.08405337953754537,0.31955461382573863
-0.08510216525760735,0.31223893305404743
-0.08356819249219424,0.32223454863269685
-0.08530243779318045,0.3132945180839873
-0.08576397767972864,0.3141310978724287
-0.09293381761298378,0.32700841046288726
-0.07413801257549203,0.31816928898713026
-0.07413654605532409,0.3166097112476656
-0.07356806863161192,0.3237321999458618
-0.08822895433121329,0.3175154275030086
-0.0751152762025885,0.32213543732901984
-0.07040599205599571,0.32522840090189886
-0.08005713750660626,0.31307472942724746
-0.07708368035167919,0.31909510349712256
-0.08488327780271425,0.3110012643511608
-0.08774845426233288,0.31194544968782756
-0.07392876237264429,0.3257890241587418
-0.06783581660582161,0.3247504942642582
-0.08621465183413232,0.32060673420197705
-0.07605451063974754,0.31775197897399965
-0.08945991925836781,0.3201529672231476
-0.07905181261087224,0.31775782641900147
-0.08200404065074596,0.3206548568269346
-0.07704814432305548,0.3218408354704305
-0.0724289985067053,0.3128626751147026
-0.0897688357356572,0.3157167735970112
-0.0747586823838738,0.31806057871256493
-0.07915533463425067,0.32345448075912225
-0.07788525915760872,0.3214432992070514
-0.08881249861191753,0.32645923459780246
-0.0864227470034872,0.3183594710416081
-0.07517327982794082,0.32249830452400075
-0.07681967210367832,0.3178929718158672
-0.07864753704255144,0.3162728226382743
-0.08845712637935933,0.3168758561821069
-0.08341451540502036,0.31693864796193655
-0.07776703153887687,0.30389822624374174
-0.08429229417954501,0.3165087946892355
-0.08491883201133091,0.3165206441286325
-0.0840149107786941,0.3144513502492525
-0.08854303459510456,0.31768008834430744
-0.07050968726890594,0.3125948075546281
-0.08443047390610135,0.3261615149426812
-0.08103097055211099,0.32298544501212256
-0.08432574917950865,0.3129300679881768
-0.08757270276312482,0.3232221334444549
-0.07889685115244652,0.3192300059216317
-0.07736637257454157,0.31705125946351154
-0.09073046859200336,0.3173854607122267
-0.08155808411953827,0.31761823194710415
-0.08017202590927477,0.3158826731098738
-0.07895612251731568,0.3144966114084552
-0.07808474751493799,0.31990502337385307
-0.077728922144707,0.31514489401330886
-0.08215629612099103,0.31411815805512816
-0.08107358448435671,0.31707635940421675
-0.09401193669232345,0.30642995539970763
-0.08294435636521427,0.3034824024614299
-0.08288125716543017,0.3095872947753677
-0.08851437987811549,0.3156500741799136
-0.08504287179507705,0.3144029831467484
-0.0885155513096309,0.31529943166243496
-0.08321688163288113,0.31591003400415507
-0.0840385242997681,0.32021704176102866
-0.06529412999415779,0.31688660871521546
-0.08698714159279577,0.312942408656411
-0.08123209311141327,0.3222121990984591
-0.08429019411344352,0.31708302806754063
-0.08203152061872418,0.31876556985819077
-0.08523982060156113,0.32253604035887207
-0.0852634834588887,0.3218374142972502
-0.08216550694546214,0.3230328799200052
-0.07390809825637719,0.31965988975130055
-0.08871477545650998,0.3122183480298089
-0.08183142091402787,0.317450171318442
-0.08736255644950343,0.31636609041547903
-0.07923324453003311,0.31910348910869574
-0.07887936543124205,0.31773997130273307
-0.09051950910162031,0.32509477765010925
-0.0906819402513193,0.3247869353931752
-0.0812974765833778,0.31993443827768925
-0.08994367656146814,0.3223893052776988
-0.08716326171629254,0.3182040605690132
-0.08659952156631531,0.3144195427164157
-0.0833559497138402,0.3170524666664632
-0.09149971592008263,0.3150857304795501
-0.08970088189175289,0.3127744524022625
-0.08039754550038329,0.31014536144329313
-0.08981500052251125,0.3171458629051624
-0.08974105537430664,0.31945382865234984
-0.08949355122260311,0.32168300967490127
-0.09034837948882997,0.31536455969195437
-0.089535633652729,0.31737636971051897
-0.08660650703638355,0.3137989553702395
-0.09906597048694941,0.3129161309451693
-0.08772487053278256,0.312002597032623
-0.09104173184618652,0.31524158407295577
-0.09200498846501853,0.30939344209523967
-0.07892696490358589,0.3226586877526
-0.08997461842253031,0.3139830170436581
-0.08904334576742857,0.30999543295099086
-0.09180331049228459,0.3222222923661854
-0.08838954028301971,0.3156406499839885
-0.08291279616314988,0.3167497922991932
-0.08040802698011536,0.3183646167827458
-0.0928641278474325,0.31724376407520444
-0.09202610845673674,0.3108526664373281
-0.09056463179663478,0.3080605771278865
-0.09476206417580765,0.3031028620832702
-0.09672337833012275,0.30665153931358136
-0.09464285113861612,0.30997085334673957
-0.09318024327517192,0.31575568606996085
-0.09059569020809531,0.30839616530693037
-0.09393160987753159,0.3199772511698566
-0.08787280076680591,0.31674046164896413
-0.08579300072300963,0.3174165311843593
-0.1011960851444394,0.31438421688095297
-0.0982769550599927,0.29865673536385673
-0.0933773995114483,0.3102905392830042
-0.09325925781827042,0.3150283190851841
-0.08746928980763281,0.3157693577855143
-0.09237799607503862,0.3094353838950881
-0.09224554849809563,0.31062983746260453
-0.09035641607206274,0.3129073869939519
-0.08219238907711865,0.31776126539063826
-0.08799540082043426,0.3179760159111497
-0.09225514927123743,0.3106481112067129
-0.08692590038299952,0.30776765859989685
-0.08594170836218724,0.31522239523489176
-0.08628914597996862,0.3163030027311768
-0.09204208929164591,0.31126288665605806
-0.09285731168474289,0.31583115469324546
-0.08833477130784502,0.318536845423533
-0.08849246183419292,0.316504528142151
-0.09766086742374645,0.3122195599937746
-0.08414510991661153,0.3140493311998607
-0.09204983322045543,0.3128934325879844
-0.097100482345893,0.3173700883001692
-0.09465460334686805,0.31224595844245445
-0.09590699869566527,0.30541530986438004
-0.08846771163661431,0.3117377474788651
-0.08672275902345557,0.3225833941994405
-0.09084570500648653,0.3178178513460744
-0.09068943259575038,0.30516264808269755
-0.09544513182670365,0.3068547275351276
-0.09776443531880616,0.3074274055401422
-0.08532803515721006,0.31556571866686006
-0.08390929747022635,0.3109138487732481
-0.08969622504560272,0.322559937497143
-0.08403844473741644,0.31357426489327145
-0.09181831338931501,0.32117007569845224
-0.08994112187822101,0.3077822635829608
-0.09367548227836152,0.3144943269617118
-0.1057745536425847,0.3143747208507456
-0.09810427053324702,0.3121787998719032
-0.09757006930354555,0.3061228066503735
-0.09664085812449245,0.30171964512073285
-0.0894658613591801,0.30842415536154344
-0.10243606398103937,0.3025135257617829
-0.09797113332665199,0.31208530698434606
-0.08896729999717802,0.31016342684174475
-0.08865985977938946,0.32495249151911265
-0.09173684763622439,0.3209973679345414
-0.09688774653537112,0.3047637624638877
-0.09682266484345571,0.3090798107533554
-0.09504188145474136,0.3179166794557439
-0.09457083730114597,0.3054460843689164
-0.09656300946666967,0.31308935831549245
-0.09617096086405406,0.30920636828071807
-0.08373016536618835,0.3175936796070067
-0.08934565573656558,0.3129259694186476
-0.10504918104284165,0.31074274045662914
-0.09765970642429046,0.3031435714014424
-0.09490285723077177,0.3114804780189759
-0.10301342470623673,0.32005699173402685
-0.10462351338955977,0.30337948021318023
-0.10065319416821164,0.31266081784974215
-0.09509579389296857,0.31078096232558017
-0.09974274151320484,0.3150874557356005
-0.0892881490503133,0.31047772095065296
-0.0949660548841382,0.31345028752476883
-0.08194104599386834,0.31290374987910885
-0.09865017558279948,0.3125227375215215
-0.08786131043936757,0.3197929712592429
-0.09534360981997218,0.3117141876831926
-0.09599417091380055,0.3233526669513092
-0.09387428089771609,0.3138111032423328
-0.09845704528525202,0.3086762045707178
-0.09341832285894076,0.3148561251291634
-0.09631864853998645,0.32235721700261666
-0.09939317635059253,0.3074695573889256
-0.10000419534043865,0.3204582693657147
-0.10147929479668608,0.304948064313106
-0.09508314384195996,0.3085385987574389
-0.10732341667258434,0.3006182926908559
-0.09751082175526637,0.30393985567686016
-0.09316060739885615,0.3105385108717674
-0.0924512779761745,0.31212767389162166
-0.10146848704474912,0.2996333418501102
-0.09787822266392168,0.31420205453509653
-0.10450462448477363,0.3048150706355852
-0.09708005294530977,0.3068098614750875
-0.09339549523005307,0.3126592996724218
-0.09207294445723609,0.3084971207031421
-0.10265644077637646,0.3112253115959853
-0.09092392940482773,0.3026855630500715
-0.09434570215036693,0.32208261933974947
-0.0973503732658116,0.3153805978238876
-0.09795834608049446,0.31708812758753024
-0.10182351152291969,0.30865605430437365
-0.0984506414869005,0.29866684504469937
-0.09728685617742851,0.3011540641633962
-0.10256941988286283,0.31513018708926427
-0.10573381729992423,0.3133603250769547
-0.1039708682431316,0.3034586543518164
-0.09927571049629719,0.3092329859908369
-0.0987657566828994,0.3050702638410855
-0.10014942552885524,0.30995183287068356
-0.09533789816989349,0.31389894472081675
-0.09364835245484507,0.32202907928881497
-0.08603231693665492,0.3117396189870207
-0.0974998532556007,0.3118287331413927
-0.09682640366484932,0.3034369988184544
-0.09990095018064139,0.30975069208085115
-0.10191891537683706,0.3102912983425662
-0.09798823249728528,0.3035591204531454
-0.10609770516775455,0.31976656089248146
-0.10420185183178571,0.30168294684561886
-0.09858752682540439,0.3031502252718665
-0.09951062697256313,0.32389867608987516
-0.08978154934355709,0.3149248991038174
-0.10262362803640651,0.31300298415351685
-0.10361335756985081,0.30125477997859107
-0.09899686819546609,0.31422909642375485
-0.10050258340948312,0.31065019976825703
-0.09947700911795017,0.312021338705849
-0.10781016928700507,0.303181409708201
-0.10339011432066117,0.30055535606232064
-0.09959622308239623,0.3050513887768221
-0.10644752942472843,0.3139451981072958
-0.11073914078758484,0.31454880010433034
-0.10811110853382827,0.30895884665130857
-0.10225253952011723,0.30540049757196885
-0.10199704686289171,0.3059013316540097
-0.1022200506424418,0.3081217014807248
-0.0978088058127449,0.3108580849393418
-0.1047357357366392,0.31734153139695
-0.09915756730262676,0.3113403712568608
-0.10226719695501835,0.306048269245074
-0.10689340965457689,0.30786199037762313
-0.0993593498221572,0.30906419086482045
-0.09174511020818142,0.3071826316795181
-0.11109570649573672,0.30416438847484006
-0.10347986723852659,0.3000762789203387
-0.09937499005733696,0.2984208330263364
-0.11186374010459425,0.3031507075666803
-0.11227547490465632,0.2991410601401442
-0.10357031359216112,0.30816123030073594
-0.09562561148137129,0.31339669408908777
-0.10614310571214544,0.31588078721873836
-0.10054678889420077,0.32537821458854055
-0.10610656908355218,0.2928470258180616
-0.10203448068940997,0.30210057879481766
-0.10745777245763848,0.30892031369713896
-0.10197516397714576,0.3003311835222497
-0.11076472539026895,0.30439641029917675
-0.10897715987613801,0.3007664646547163
-0.1057272955596087,0.3041750727162975
-0.09966856116668771,0.3061149071586894
-0.10550958281274146,0.31048454105019435
-0.1013377576934576,0.30572357437478664
-0.1112756330028102,0.3001284726508148
-0.10979283006761556,0.3052055907381222
-0.11364685396461549,0.3043858003378163
-0.09884081158255928,0.3068302803946349
-0.1075337183016624,0.30045076966319356
-0.1027179705884826,0.31120414341190394
-0.10293437140955128,0.29709076100146364
-0.10761732040280854,0.30211439591064165
-0.10722607690888421,0.31067689505953977
-0.09899244424808275,0.304151650871952
-0.11118083889101316,0.30495849396209496
-0.10393715902396997,0.3121175752119941
-0.10712517177702971,0.2989591969759158
-0.11447527460056796,0.3040212570836992
-0.10171960520894704,0.30356633433277697
-0.11497148540940406,0.3105780724550575
-0.10573807576925881,0.2925227277213731
-0.11248724300729307,0.3146512929322288
-0.10806629094506344,0.3019206153454095
-0.10433128038659598,0.30321309306810945
-0.10531801564900599,0.30927716105981157
-0.10610631144891515,0.299349111553551
-0.10731564572938858,0.30705489329654284
-0.10633204527644828,0.31095800523495737
-0.11585603554857832,0.29933638216497155
-0.10699961583124505,0.3038315470624521
-0.10115720290481349,0.30741020019893717
-0.11407050992533074,0.2977745894042932
-0.10490548979609748,0.3000009665342815
-0.09478743242173891,0.31616897626648327
-0.11407859564205142,0.31548932508972277
-0.1076174126274917,0.30537056659432327
-0.10299288966371557,0.30761770126083754
-0.11014174625984142,0.2983735844682626
-0.10627378126456255,0.3144665764283313
-0.10313226708532772,0.30301453173707604
-0.10363137901568188,0.30455939183600356
-0.11410240995406111,0.291398880614771
-0.11735095236290495,0.3052397248538271
-0.11251374142836515,0.3105184909435082
-0.11260925359395288,0.3011004285952781
-0.10140250131312176,0.31450377648544126
-0.10394047288599544,0.3209242216735961
-0.10413201485316226,0.3069502620827667
-0.1070615948054234,0.30172173200258295
-0.11805873527920378,0.29990294976103227
-0.11319621135526335,0.3080625709288314
-0.11352683256312227,0.28829338652194786
-0.11147353200933052,0.29261084443504254
-0.11249081948092504,0.29903498700592324
-0.11355370936140559,0.29653672026508854
-0.10993226831213583,0.3019158037315551
-0.10885591439636355,0.2991815672278798
-0.1052471905975121,0.30020148175724976
-0.10897381304656976,0.30984678586460895
-0.11829896893380022,0.2878243814773273
-0.10796523662323568,0.29621715017774464
-0.11425137071915402,0.29966601472952964
-0.10925075985078359,0.2987058138843303
-0.12360234319892237,0.30128544797230544
-0.11504385388473701,0.3029375502446143
-0.10221101898724323,0.3076300312011788
-0.10600338591326519,0.30709473713409036
-0.10319231190857761,0.3062491094986477
-0.11199956232169601,0.30474294896034637
-0.11229128350021776,0.2958355811279265
-0.1318431836202483,0.3001070733589156
-0.1077866821017124,0.30551045158961054
-0.11723152601509727,0.30395814893956247
-0.10933433172489226,0.30044925993699695
-0.11106065029077329,0.30524291975465184
-0.10805685841917245,0.3056534072371618
-0.1136850184101346,0.3005573492538218
-0.11264910143723302,0.3031737344931705
-0.10765662067543637,0.307313102465301
-0.11313578544843769,0.29804757356828926
-0.1089559836302569,0.2984019425650468
-0.11377716262247746,0.2980747454189215
-0.09956265074317767,0.3021276291915776
-0.11004018649778174,0.3089793536698544
-0.11390640714980386,0.29905383786145073
-0.11491576924086616,0.29530918435210923
-0.1166903354003733,0.301515841114552
-0.11960859710838052,0.29060044354690967
-0.11081428024541536,0.2946771467653142
-0.11654844427241112,0.30441198577402434
-0.11388177775498795,0.3017003840012333
-0.11397663790931262,0.30337819827770235
-0.11876421779567103,0.2887091052928845
-0.1216270818892848,0.2973946951454478
-0.10988130193500473,0.29912385524249285
-0.11772937521095767,0.30474825376306014
-0.11707435527941105,0.2949451323492164
-0.11195174362843899,0.30121053419961274
-0.11532266370748263,0.30387153837149006
-0.10780001647769065,0.3022889289960572
-0.09903832641998211,0.3063244774161497
-0.10522774463318203,0.3000168224851905
-0.11144862401876279,0.31275710875907486
-0.10877242364795003,0.3063144359803602
-0.10884837636363175,0.30506188923097555
-0.11873021675088748,0.29226671701044343
-0.1162490312603849,0.2991716107033153
-0.10588338916595927,0.30073494527357686
-0.1140793254067364,0.298574157144133
-0.10643037384631021,0.30592496147890325
-0.11701340079255174,0.3113895735927643
-0.10895839490757023,0.3004904873153707
-0.1165734849254612,0.2915960871071444
-0.10620793425732529,0.2951487400615401
-0.11710856992928807,0.2953956321514628
-0.11891757259082135,0.3032164983242191
-0.12614971014180412,0.29730903553250765
-0.10591051504115317,0.30120835923793127
-0.10932656857178327,0.2936669137204298
-0.10293423456705711,0.3005252737872466
-0.11291317472686518,0.2933196709495307
-0.11108871943960977,0.3043869466635162
-0.1198147086448428,0.29672448245819844
-0.11690950690616587,0.3046761861391098
-0.1138536782903688,0.29994687191258773
-0.10971342326236853,0.29570053821448783
-0.12631864514654603,0.28617115350979644
-0.12025179371845603,0.2973224814206219
-0.119759520798317,0.29772177127819555
-0.10962509320218455,0.3006942815651186
-0.12000562392156197,0.296399628545041
-0.11102434708879125,0.3001855645643106
-0.11618502664123379,0.30618345619770415
-0.11379934430486141,0.2924160789521945
-0.1221065593164017,0.3014347077922049
-0.1212069912763853,0.2895605232425282
-0.11265092870702988,0.2907301141023803
-0.1247841804255898,0.2990393760332735
-0.11129712305541865,0.2957127860831042
-0.11277252830389115,0.31038581628353706
-0.12293499207103943,0.3024112967062321
-0.11085131776989872,0.30240228882534426
-0.11533232030200209,0.30515173576877447
-0.11952080925016814,0.30340425579248576
-0.11195363304533139,0.31642976089511843
-0.11582589677606457,0.3135987314827694
-0.10137887257852136,0.3019537876786265
-0.11666780854338894,0.2997613535291493
-0.11148669561808205,0.29560203904288684
-0.11648377825615744,0.3067024082449592
-0.12119302076277642,0.2963508466727702
-0.11780785176979366,0.3032369615503136
-0.1152896759426473,0.2989000651312354
-0.1094931168970648,0.31000345219846215
-0.11507151016596277,0.2993349592716678
-0.1152875128299837,0.29750084128540066
-0.11067910480313016,0.30482579199675053
-0.11421417231630251,0.30527675666784015
-0.11394398649972905,0.3030464863023615
-0.1171388473947366,0.2988463950090885
-0.1192185329991077,0.29057696655552845
-0.12179133777454651,0.2938336338675001
-0.11945049974522691,0.2917286775116481
-0.11679543208313989,0.30663205320386444
-0.11840896817001541,0.3056735986746565
-0.1032773020218973,0.30499780350853467
-0.1223988895883522,0.3042860015235139
-0.1117022884236686,0.3024363713899821
-0.1188486323700674,0.3072198801949111
-0.1180980028832223,0.30164003684372837
-0.11781351493728336,0.2930070853287807
-0.12413144583100322,0.29393185388349047
-0.12073512615125925,0.3006108843845414
-0.12221457835035969,0.2930514521795734
-0.12457533564450804,0.30176379713410567
-0.1181806664142657,0.2976955754295851
-0.11054682315795425,0.3119875671696744
-0.11324574867340718,0.29109090996337206
-0.12051445024854683,0.2922371322637606
-0.1205448488592569,0.3002290807845068
-0.11041125389089379,0.2886407451638328
-0.11642555238541037,0.30462041739320017
-0.12084160724987361,0.2993758872774055
-0.12071241991253742,0.2986607665182768
-0.12415881366411038,0.29366117776788697
-0.11463127789695969,0.30062296188359167
-0.1111577378440716,0.30308440947092397
-0.1199995760600796,0.3005074357120723
-0.11198548328865691,0.30493469575054477
-0.11882800154774842,0.2995882962775877
-0.12677696735726582,0.30256645700684526
-0.12159987987814072,0.2882414305463618
-0.1269447167545689,0.2923438603297723
-0.12149124468253975,0.2944908106813234
-0.12399761231316929,0.3019418025967695
-0.12688982240974525,0.2901100566234459
-0.126657635464153,0.28942858871915544
-0.11805627147252,0.29525484427686427
-0.11093617647112416,0.2972965070167595
-0.12352038031729648,0.3011744780832602
-0.12303701994228584,0.3003987738606242
-0.11727712092804136,0.29782197250516274
-0.11406061615971598,0.28768457668851477
-0.12518198772615993,0.30033456556836075
-0.13151525739893197,0.3015867071822057
-0.12179872442963402,0.29625377312331275
-0.12763735499218942,0.2956017438607547
-0.12824400843147718,0.2875470865647321
-0.12275684669705278,0.28360595671216604
-0.1328134232221942,0.29831181324759354
-0.12333179547696115,0.2844979139632353
-0.128378996043217,0.2952512077785696
-0.11677755236935503,0.29799257096773746
-0.10695490907115857,0.2900922251133114
-0.12290551498754072,0.29861126839163216
-0.12228646352144032,0.3051226091213909
-0.12698531820849693,0.29123055166290046
-0.11554257207230084,0.2957418877767794
-0.11422122674828304,0.2980758619856943
-0.12635689493744873,0.29503524230849765
-0.12640113841347886,0.2943624251848887
-0.1296563062039917,0.2975644639436807
-0.11266758145616736,0.2950700405106991
-0.12670451911350947,0.3018693304689849
-0.11932220280523023,0.2938436647198037
-0.12063561324087005,0.29294644980759127
-0.1195759641452675,0.2863823525983237
-0.12904159202956322,0.29896826118683995
-0.12201551419788927,0.2952111587046868
-0.13277537395688543,0.296975098226213
-0.1195370151080981,0.29569446543819633
-0.11831269060630954,0.2974062071601704
-0.12206651850042438,0.2918240725437238
-0.13032860599384544,0.2906591609176009
-0.1259074782242797,0.30093823561888394
-0.11503495615964845,0.2968322193650349
-0.12090464910014867,0.29861163671978935
-0.12442164033526129,0.2848098040012708
-0.11975375232772266,0.29530238433584627
-0.12423200488562733,0.29840013697114215
-0.11343815821306474,0.290736697895479
-0.12638361659978983,0.29742267866524463
-0.12761195282063242,0.2993122198645936
-0.12942240628204388,0.29592155156886985
-0.12687961998169342,0.3013335753412274
-0.12464258982659174,0.2960953163499703
-0.13794056382597383,0.29188941288372483
-0.12179141547660216,0.2970431814565102
-0.12491511997695391,0.30143282644487773
-0.12186583921216576,0.3018962021823989
-0.1261348718889382,0.2964142628321683
-0.11913362277220273,0.29828377022604163
-0.11894062987242845,0.3044419025538343
-0.12914257856243755,0.2941442651321259
-0.1257839164210491,0.2867816947581072
-0.13323440108561901,0.28542967531628605
-0.12112619951254226,0.30009753778782766
-0.12963585685974985,0.2949515366325469
-0.13129258389364795,0.2806023122712634
-0.12516543655321177,0.2926848697216335
-0.12831327770037468,0.2976655376682193
-0.13267610737300126,0.29040185054150497
-0.12373138440175765,0.2871611315016801
-0.13249155949456878,0.2945308829281626
-0.12372468761484233,0.3023624438204572
-0.13247708137787614,0.290399664993071
-0.12414325640608152,0.2864600329583623
-0.12974705411159287,0.292981414379819
-0.12421387716817486,0.28764820034561134
-0.13048070777358167,0.29620308490629077
-0.12805267523644678,0.3074510097002661
-0.12588497308268334,0.28333854907908085
-0.12587700950491,0.29067916286663753
-0.11898525429786966,0.3010832123936165
-0.12968874589166554,0.2964480783094206
-0.1300691632847403,0.2923334192377279
-0.12880288059786582,0.28949400830855077
-0.1290645681492231,0.28976933601218025
-0.13584310108408915,0.2873923346308055
-0.12590887712474144,0.2850903211558462
-0.12503292657569665,0.2897560125170491
-0.12603935800174218,0.29541999486987647
-0.11940912536261228,0.2933713013972328
-0.13033577412664193,0.2932328036215976
-0.12156382756905852,0.2861611986039027
-0.12358430835859387,0.3055086391380448
-0.1263527535309981,0.3010086026843065
-0.12731388231785043,0.2852557261929307
-0.13813406964642602,0.2889138339112443
-0.12177816381228472,0.28840428227023496
-0.1355954187925875,0.2866474159660166
-0.129417266694478,0.2904725181443851
-0.13548779460678964,0.27988042494795073
-0.13921481058358653,0.28312674103044133
-0.1298656426673269,0.2849290310468778
-0.13846222654243645,0.2860348999770469
-0.13381396181536226,0.28891521825280053
-0.12633648471127726,0.28901646377656104
-0.1289692507656441,0.28116116679566644
-0.140084586009445,0.28365999046753093
-0.14087499556228053,0.28630287771704205
-0.12966527842004966,0.2858312828113509
-0.12881491749722687,0.29301488222510463
-0.1293012281531809,0.29034646827516053
-0.13201979080321571,0.2845137658813488
-0.12640537110483338,0.276922781026684
-0.13287325050484936,0.2864942787170731
-0.13551523140792515,0.28330115932983874
-0.13399046447097768,0.2910691183221978
-0.13789767619217846,0.28609420031315186
-0.13351919718362099,0.2845518166795284
-0.130709896874335,0.28281157646915245
-0.13188020129924613,0.29532265116211615
-0.13201533069271504,0.2887084848482399
-0.13604681125982132,0.28001712722364935
-0.13265922965950888,0.2892483826898805
-0.13530996563892858,0.2969484674853516
-0.13073212193624764,0.298117003497004
-0.13330005709580214,0.2916142273163474
-0.12983737886881716,0.2859070111362189
-0.13261091683892967,0.27721821983548495
-0.13465442593453655,0.2886369605924829
-0.13988249809026693,0.27696432550262134
-0.13803933236728028,0.2867391074484796
-0.14038643652881772,0.29265046671314315
-0.1414907846223574,0.27246352361547393
-0.14533706011705141,0.2756968561612653
-0.1345320822012246,0.29316716148791
-0.12943344425047318,0.279539685616054
-0.13372830299753807,0.29292456336006384
-0.12408497114720374,0.2930259606755915
-0.12971258638703528,0.2931404027573488
-0.13561282238560568,0.2897898017607178
-0.1336960960301035,0.2896553192945976
-0.13203078267192964,0.2873647968681431
-0.1354131381571552,0.29218405648479684
-0.13431727071564953,0.2962260386771609
-0.1292058758620242,0.29042845710020954
-0.13509759738124685,0.29988586345532503
-0.13688699282516317,0.29040988147877067
-0.14327351103177677,0.27864292302962107
-0.13149692348462944,0.2853370699704495
-0.13410048715937653,0.2818897555667296
-0.13547021082721408,0.28809987458983416
-0.13513877136263258,0.2886116309544332
-0.13567868232396987,0.2893400950161296
-0.13301074442456456,0.28957423943143834
-0.1361139623387865,0.2808390469087759
-0.1334317673641435,0.28889114525105464
-0.12973953361127877,0.2965993349299672
-0.13421995986775875,0.29478573630364385
-0.1328489959597812,0.28127813399463697
-0.12847717560150557,0.301681377370491
-0.1301582805794501,0.2872917387152078
-0.13734040077323909,0.2888344803164853
-0.13112391476917146,0.2848377844444403
-0.13858980630382906,0.29426471091352924
-0.13093130073778209,0.29292290495479767
-0.13959205160878563,0.28935820866913525
-0.1409854355195882,0.28197514152403896
-0.1438817260539679,0.2961059763488955
-0.13886120019050227,0.28864637540811267
-0.12906163071104645,0.2832165120071659
-0.13135789614311233,0.27792100713130613
-0.14108159475914986,0.2813788317513222
-0.14180624227605784,0.287825258613877
-0.1488586137838819,0.2835410961672522
-0.1402480779623278,0.2828660959405448
-0.1371337483076716,0.28086544188201173
-0.13746703005261676,0.2909535124515839
-0.1312797321099219,0.2783246114411925
-0.13775129900168254,0.2882524647234319
-0.13596363523457614,0.29054599218301175
-0.13713855254695428,0.28694529533983304
-0.13892613187696998,0.2833052377562766
-0.1375305700644309,0.2811510010133853
-0.13808042679055021,0.2804232277472402
-0.1356989369083315,0.2906221334242795
-0.14477017904971792,0.29957520552470207
-0.13551719489721537,0.287063223380192
-0.1444402412145554,0.28218929763992495
-0.14336981881834765,0.2814410355528633
-0.14297834368982715,0.2800420803712866
-0.13957889286799527,0.2895116334256565
-0.13469961922025642,0.2880534606606396
-0.14203889131251626,0.2866222808091455
-0.1467153598426849,0.28058313908541205
-0.1328014745542075,0.27390828615627527
-0.13233973175216918,0.27318058273165713
-0.1508882805234384,0.28533156401740134
-0.14063722037623116,0.29291098717780967
-0.14047388873833447,0.2926398666700306
-0.13957170705100416,0.28178660754939194
-0.14011228877516715,0.2925114585923093
-0.1378913098745047,0.2859140851785789
-0.13327624512162592,0.28305653537745645
-0.14019298798483354,0.2923032344231008
-0.14057101598351385,0.2861598525574696
-0.13616190556748878,0.28137337244036226
-0.14611169634835422,0.2839677942218022
-0.14241758092057416,0.2903986477084728
-0.13832139875058572,0.29079636271925247
-0.1366595776821065,0.2804633444556884
-0.13904700868682915,0.28418803760060524
-0.13515429207316787,0.2820090464617759
-0.14235010342062407,0.2876845364396684
-0.1314798289690441,0.2884633120471701
-0.13881799255708782,0.2749826075639347
-0.14259881676666292,0.28773034499794214
-0.1404846302050891,0.28085113922838234
-0.15048530573697638,0.2816312778838508
-0.1475131102744925,0.28103496499958197
-0.13928133455426253,0.2783337190264464
-0.14074631019226405,0.2836140734800042
-0.14370340422022698,0.2701977900380892
-0.15367669382932267,0.278688071351144
-0.1364276561341274,0.2649844367461815
-0.15115333636364303,0.2810136781523293
-0.1492628891954839,0.2760032141862533
-0.1494574905130248,0.27256148735989105
-0.13858378349222134,0.2805788232655346
-0.14143823034458414,0.2836541057751511
-0.14119422887076322,0.28897942091901535
-0.14034860029545368,0.2799611004065092
-0.13848005529990298,0.2744621307313786
-0.14362623647520714,0.2900709886565004
-0.14372673240348405,0.28268565641898485
-0.14209483356844485,0.2800612454050611
-0.14149791711211387,0.2833382136270505
-0.14322443213187502,0.2817342559629093
-0.1479875806192786,0.28121351954328844
-0.14871733390563177,0.2810413581914448
-0.1374100578682752,0.28795004498697746
-0.13557872373886848,0.2869379864445538
-0.14939408406634921,0.27586863758159824
-0.15340451373235064,0.2766770659004668
-0.14601535514635142,0.2812349243485004
-0.13863548758524574,0.28633342581155036
-0.14291352469255802,0.28481504340951136
-0.14322436479553063,0.2916330897024957
-0.1450033970141543,0.2828843359402651
-0.1314899529909542,0.27696144604253725
-0.14765499738143267,0.2867315023492205
-0.13462196114195307,0.28518550667575693
-0.1416374589424563,0.2756937345503233
-0.13989498764199476,0.28440812630509316
-0.14405119262875496,0.28452395380852724
-0.13965797426358242,0.28875361267228
-0.14423869744622145,0.2827617321499988
-0.13653035677253245,0.2863306838541567
-0.1350206308525692,0.28586353401466413
-0.14245655596901685,0.27742046291567724
-0.1487308873968407,0.27245449876976635
-0.1491349159455117,0.2826331251989569
-0.14319060535408062,0.2801137165905833
-0.13774549250272802,0.28221540272791407
-0.14181660282954153,0.2811422698208442
-0.13597110623494202,0.28587504802313335
-0.13570009751421336,0.2828758917842556
-0.13405943332095854,0.28850395036200416
-0.14544377040503423,0.2680488385141622
-0.14791073418321077,0.2829365450830325
-0.14403062366321667,0.28095398995476195
-0.15273301159040226,0.27886972877099137
-0.1448013581653973,0.2810262882272757
-0.14630975919371406,0.2814164360139636
-0.14711685435207014,0.2843963635413109
-0.14308509760143157,0.28711558366004436
-0.1593605405639731,0.2801285136319966
-0.1483946993262272,0.27981876942453515
-0.14721317075378326,0.27609599117835626
-0.14228805548880782,0.27654467831213486
-0.13174457312066612,0.2835138853403958
-0.1490977460157744,0.28411463316179214
-0.14605341224725468,0.2824557829697479
-0.14313595883122407,0.2732436124371364
-0.1433167777288289,0.28296909707370993
-0.1528567791640936,0.28371460728091163
-0.146859163268958,0.29107985642204753
-0.14566464758532224,0.2884397357888979
-0.1386356917365559,0.28454498538044554
-0.14320981742291225,0.26965443908632614
-0.13894063364365938,0.2798787688673888
-0.14846899554664728,0.2853010496618059
-0.14748759057195163,0.2883299952381814
-0.14068917197579903,0.281119392366999
-0.13591467871650886,0.28692509700790286
-0.14881343547930734,0.27733741427444963
-0.149876374189856,0.27257820199989846
-0.148972461869326,0.2759365744619378
-0.14962711162269135,0.28009769832305736
-0.1396046268765486,0.2787184513925192
-0.14539071161555303,0.27629743510766314
-0.14191714940583738,0.28866731884227553
-0.13904445490387857,0.2937377451423523
-0.1472809188272693,0.28208193196088216
-0.1496377316502976,0.273099998669154
-0.13882509853080108,0.2773882572400535
-0.1467238971392923,0.27935069419996866
-0.14417413272190124,0.27110960099558534
-0.14645833720462723,0.2798287789544811
-0.1512265363050618,0.278842149884342
-0.15394175356114484,0.2780307447868279
-0.1459312902525525,0.276757592026811
-0.14423519714789945,0.2850391371571374
-0.14372281451805363,0.2770375788524897
-0.139431264226102,0.2842752069292454
-0.14343780159292513,0.2811675187647534
-0.14706164983666242,0.27452714826906455
-0.1584267340712193,0.27252124303175457
-0.16303810691970783,0.27097978633829944
-0.14523256863374784,0.2718797299018103
-0.15398751353953602,0.27781272668262386
-0.1435725424769328,0.28452346290063363
-0.15188003333858907,0.2779210193036104
-0.15163793034294396,0.2719093997366052
-0.15150743198669625,0.271604945962071
-0.14603328315702394,0.2752107947847313
-0.15056364086487356,0.2825382434004177
-0.1458484348719272,0.2772789876777274
-0.1407171998576033,0.27782056853514847
-0.1531692532509054,0.27949491229062445
-0.14511397385685879,0.27887000971571735
-0.15651461337668207,0.2777220534778805
-0.14719551896229127,0.2767587059608792
-0.144596945178672,0.2767381024792216
-0.13988213956259607,0.28009801180723026
-0.14708008672001457,0.2843555920974096
-0.15318757249069304,0.27891073507897585
-0.1462743559474477,0.2765665252229962
-0.14626633928944027,0.2766275997942489
-0.15488134329508785,0.28316176539867427
-0.1509947166346657,0.27315797412824294
-0.1470009954766288,0.2755521576072981
-0.15398659998590292,0.27686058014593234
-0.1524990000602755,0.2744936492735436
-0.15316857285353788,0.2669543412155942
-0.15082170720515115,0.26733989491901083
-0.15125656456262165,0.27500747891959143
-0.15047533881333333,0.27525709675100324
-0.1405003032227145,0.26988303961021665
-0.14121448071703394,0.27650294370548056
-0.15090989612265043,0.2804079263487678
-0.14805114027788224,0.2807292448591831
-0.14929976673565695,0.2779633823586191
-0.1497942324660465,0.27266750367376974
-0.15647523374411004,0.280092624552818
-0.15367422356448265,0.27514711776898826
-0.15045845082593198,0.2711277256309395
-0.14108325052647452,0.2822667699545873
-0.14498336660625458,0.2787343228928467
-0.15024481235598725,0.28165113332326736
-0.1561771485150793,0.27432581211897694
-0.15555256000943335,0.26857650128606814
-0.15410344164513698,0.2776051144285992
-0.15049212692677846,0.28297913637239075
-0.1484913038885288,0.2800907604206975
-0.1502044211423238,0.2697334868335993
-0.15198157935513024,0.27102771266270265
-0.15491504856371477,0.2743493497933772
-0.16054042830979529,0.2716592182989125
-0.14600008850845092,0.2614376040190299
-0.15572182251445904,0.2666874306835812
-0.14465160878078126,0.2734560621252447
-0.16547197966528682,0.26641229642128217
-0.15368607437914286,0.27358121012393244
-0.1657109362650256,0.2676248907945741
-0.1424224012529424,0.27073560880923303
-0.14886863522950503,0.27055928167498344
-0.15627632162098323,0.2755908111817064
-0.14743880715214264,0.27199493504973643
-0.15641238482339714,0.26714840690350944
-0.15071679414151787,0.2766846885472846
-0.14832558026939893,0.27664156107207244
-0.14913951704457998,0.2745341960096799
-0.15813331995545787,0.26895745045723285
-0.151445439873912,0.28894605068698803
-0.15522022062017254,0.2718121806045591
-0.145797151834576,0.27569059145084407
-0.15752951005332433,0.269669229624814
-0.16206600524103787,0.2731806372892453
-0.14557024592432616,0.26490726740793535
-0.15630603328204615,0.2690170496952184
-0.15750831658765704,0.2639632754942286
-0.15348215885120906,0.2732210900185724
-0.1474353712236249,0.2761943651581691
-0.14743488327251783,0.27332140214237804
-0.15571127075235733,0.27344279979268327
-0.1494871174236959,0.27063950087248456
-0.1607443023176279,0.26263614401960755
-0.1600480294237098,0.279038338822164
-0.1449157184028832,0.2746350727268534
-0.15551306758637098,0.27073139389463746
-0.1453245005880757,0.2697434405975559
-0.1583957326907791,0.28371099585050386
-0.14655205364270055,0.2776698717625435
-0.15279727274749277,0.273487248871447
-0.14512556325344056,0.26925252595475124
-0.16225411041305327,0.277635491587827
-0.15814558269533438,0.2780632602563501
-0.156406196177085,0.2770235218015107
-0.15648054018055646,0.27099262865278007
-0.13776833797249435,0.2781028905083126
-0.15264643723670202,0.2763553373435357
-0.1435675676613821,0.27368260549103574
-0.16432279869858762,0.26854687066774413
-0.1528316378487316,0.26843481349282083
-0.1576449054764858,0.2719033870919874
-0.14824742207749136,0.27125810814209395
-0.1641208677849897,0.26740307405790203
-0.1525278617950497,0.27323726599244447
-0.15482307627719086,0.2699270192283936
-0.16211498160439752,0.2738708837974128
-0.1512519393550172,0.26526568679343304
-0.14771886696419056,0.2817747556729261
-0.14999674127773233,0.2752056151402366
-0.15492107930921728,0.2661662771495081
-0.15414689007978757,0.2673717391059392
-0.15531557078636288,0.2699275391062299
-0.15419861915297234,0.2705628221057118
-0.15123162012089844,0.2736353894744822
-0.15435154292109668,0.2667857890294759
-0.15787416929966575,0.2717739801264415
-0.15631907273458412,0.2771359388797127
-0.15526525575502048,0.2726071283250422
-0.16458425498729032,0.2711622595472917
-0.14947273183730367,0.2771214179854131
-0.15274224844129147,0.2684291030144135
-0.15522312305119568,0.27053399173553927
-0.15537992777768708,0.276716144002147
-0.16174972519741765,0.2776774545409848
-0.15222101663986143,0.2763053097553876
-0.14870160420751294,0.2867664757376518
-0.15535819307560095,0.2787426851707949
-0.1506997851423298,0.2772239381053085
-0.15453644270203756,0.2762076599270208
-0.14483033940775036,0.270810750151713
-0.156097221032286,0.28677953747556584
-0.15936381015787449,0.2733105294890043
-0.15575229402694263,0.278142795478788
-0.1492744920851303,0.2776188807606256
-0.15287906440683127,0.275950070155357
-0.1612630300714244,0.2791151346631886
-0.14032670360847793,0.2678777996405033
-0.14946330239774613,0.2767595287487971
-0.16564500391533815,0.2806540858374493
-0.1453704614196979,0.28169416673957026
-0.14783074021019058,0.28090178189374526
-0.16023931528237628,0.278099278910628
-0.15433401657333282,0.2674958558712202
-0.15940525420959145,0.27010311313196694
-0.1590699777829501,0.2725003951906223
-0.16005030412278987,0.2677744546687042
-0.14786920389993488,0.27100515934859
-0.1468873298220459,0.27952669254030205
-0.1564531807876009,0.2751037919640836
-0.15457942845323386,0.26658872166996117
-0.16516522507141385,0.2701743335355471
-0.1585204428727683,0.2691902152400545
-0.15592953854806357,0.2704165813344639
-0.15621105772202892,0.27440621808772253
-0.15962561302074843,0.27052155130528954
-0.16211977193567256,0.2748363692606721
-0.15944972231470933,0.2687437101846013
-0.15707244639603637,0.28040126504165436
-0.1502807409601556,0.26776037668587066
-0.15316857779295118,0.2728795556157053
-0.15238018832615918,0.2747596374194262
-0.15896060064141132,0.27874521983797246
-0.15093784332193994,0.2651307554858419
-0.15295889586491807,0.2707176716067641
-0.1606373342734613,0.26646699788329786
-0.1558520971899317,0.26796523027518754
-0.15043374430125048,0.2709190707518438
-0.15823667199618283,0.27554170791254634
-0.15709777680970433,0.263039394138665
-0.16069705873981402,0.26543518107183406
-0.14652735308513862,0.2680479558640746
-0.1578602090683451,0.2666130688902369
-0.1572594379981445,0.26819779115032183
-0.15842361296296434,0.27397085413935646
-0.14936395996124416,0.26923434651932904
-0.15481181807401156,0.26961914035384915
-0.1576067505507547,0.2715937635886281
-0.1501924067195729,0.26910163068399495
-0.15900639622441365,0.26552190727181524
-0.16053858477533828,0.27559378099958987
-0.15381518239999972,0.27676454037735304
-0.15983539136392785,0.2750185151585138
-0.15965628874670199,0.2760814884697816
-0.15741652170732195,0.2719019325466684
-0.15013507530840328,0.2741852849332132
-0.14818387406666034,0.2742835415652939
-0.15253622629703315,0.26357078561627356
-0.15956468620462386,0.2628782272307812
-0.1558903898579202,0.2693040918613745
-0.15792276397738733,0.2642925900412595
-0.151309392496672,0.2784121300045854
-0.1631674227086924,0.2742628922533151
-0.16444223782421083,0.2685131992438122
-0.15374347256739515,0.27191440853412785
-0.1674468370798211,0.26970662048063926
-0.1512864353041286,0.2789459460878417
-0.1596851168858966,0.2580422418294387
-0.17152797370541314,0.26654920668494214
-0.14852689440189773,0.26714529671518605
-0.16525094366187326,0.2656426993414712
-0.14892550279211184,0.2692287544246504
-0.15435113014254268,0.27894934123874116
-0.15945336353432837,0.2698383456222941
-0.15552386973547128,0.2663752609517943
-0.15950559076672094,0.26496975022545793
-0.15398548789912211,0.2735159828288446
-0.15599017867929263,0.2776841687092853
-0.1645132308224989,0.26921662424498416
-0.16350421132545523,0.27033740143243723
-0.16319711569272588,0.26823595874906525
-0.16039455467814212,0.2690323207897091
-0.15538475128066037,0.27311623808604724
-0.16105484697587488,0.2672840686798647
-0.15909754908188314,0.2668882530627063
-0.1664456767251504,0.2799760485782676
-0.15265611558075745,0.26861691408613936
-0.16458502741900302,0.27263378667258625
-0.16182248403432425,0.26869109066056546
-0.15359794908618182,0.2653537670289758
-0.15783935609907654,0.27199570357810854
-0.16167581313188908,0.2714661341614295
-0.16296057074153086,0.27929252619254746
-0.1546599072602868,0.2678664906601818
-0.1633542886316072,0.2635179634861978
-0.15278171257720208,0.269797781597834
-0.1629862452368827,0.25790710530275845
-0.15889429543169725,0.2730077277361155
-0.15636095759548763,0.271212911902272
-0.15407100178142316,0.26281775492506476
-0.1692171822822671,0.2692525734703116
-0.1605177464103032,0.2622280209888133
-0.16176272854320212,0.26811185866298304
-0.16156561858726068,0.2761106986381782
-0.16992058799053178,0.26783827007741545
-0.17423464379442022,0.26263441891719236
-0.1655096358238882,0.2611221618080988
-0.15620305857657013,0.26738747615259745
-0.16343185215532835,0.2686551413095009
-0.14919535281140128,0.25902337588055263
-0.16585721775986545,0.27274084468815785
-0.16135812689576004,0.2714224289609808
-0.1653958071422081,0.2670302980546854
-0.1643606245026182,0.2632889227355768
-0.15354166990533646,0.26797582476562504
-0.1626390450402488,0.26649876732268657
-0.16204349785320893,0.26681686069579275
-0.16738714962406673,0.26854127297427716
-0.17016436466949755,0.2635750922232697
-0.15585055892109967,0.2679640208290599
-0.1561489932418286,0.26975260148373653
-0.16005617982347037,0.26885497658146185
-0.15957570434612015,0.26599631423125103
-0.16036050476528288,0.2653035923364173
-0.15205029190846034,0.2676604308793314
-0.16666339813344347,0.26311037595502934
-0.16751784824319446,0.2682594272461384
-0.1605792107490477,0.2656360548657921
-0.17002115716669852,0.26886754081016984
-0.16208939338807749,0.26153989376556347
-0.16199575656898194,0.2664552241711548
-0.16180485761193358,0.2665279814586858
-0.1631670700799192,0.260826598667975
-0.16290643493584014,0.2652036314940445
-0.15957510873005018,0.26433931121371895
-0.16227012582203892,0.2673294653486135
-0.1609618693311237,0.26244433126909084
-0.1562573619736119,0.2577199580172369
-0.1680171672829337,0.26611735663248026
-0.16411102472509642,0.2581755463502751
-0.15248857210280745,0.26296744817952844
-0.17075890421013346,0.26761545781879154
-0.16037390292442177,0.26416535170870925
-0.1568342092534483,0.25818624576623656
-0.16660337326907537,0.27124094473663235
-0.16053417322176505,0.2588171700950685
-0.16221029386027894,0.2602722930367518
-0.16355020948760143,0.26988316896283204
-0.16405907412546855,0.2708526445234302
-0.16662418478227256,0.2770516300958393
-0.15854715377308445,0.26095015517561326
-0.16763067680801808,0.2656178047955516
-0.16413756293760073,0.2672670257905394
-0.1616256292808397,0.27014442695811486
-0.1663556302980058,0.24925729817024436
-0.15689098576774038,0.27048805789212504
-0.1551550163127884,0.25686510101342325
-0.16001582844626439,0.26080615106077115
-0.16837172678563314,0.2669653652540983
-0.16435281630018878,0.2651115188803417
-0.16690585250866471,0.254544368004776
-0.1623680542175966,0.2603401895589461
-0.17348278855179447,0.25663352683272267
-0.15986868728049053,0.2652277463298132
-0.1699276830555062,0.25764279408432217
-0.16809060773409903,0.2587281588048319
-0.16609108684968596,0.25798532072372193
-0.16479219949413595,0.24788841206014167
-0.16493297180807148,0.2650324017695831
-0.1698842212215782,0.26788867131542415
-0.16260568800011937,0.2693199258785878
-0.16575822815414584,0.2643338534814306
-0.1728964104402124,0.25882065222676764
-0.15945760387156352,0.2622113811454978
-0.16982609992475586,0.27134989003266513
-0.157071733843751,0.25895065686001295
-0.1576020965438678,0.2756775183224447
-0.1676950763361615,0.2665984113189819
-0.1695380690522296,0.2636842436597822
-0.16430456360269755,0.26704881095704136
-0.15900982940783634,0.2635521191228257
-0.16343402313252733,0.2745307415665
-0.1709148627777224,0.26386726129416027
-0.16410973054462705,0.25552833859655777
-0.17080273120328027,0.24902575756230866
-0.15751912808044102,0.2679636725413096
-0.17036454274454316,0.2627607062546234
-0.17371915308904473,0.2592909542283997
-0.1634910324561009,0.26361978983173356
-0.16989243350966776,0.2570075793910461
-0.165718372968203,0.2572802101831349
-0.16114624964276206,0.260417145153942
-0.17865638722088173,0.2601455034985463
-0.1623893966661064,0.2545623301724634
-0.16093537489203352,0.26378398781419327
-0.1714004178842943,0.26075397724167754
-0.1588013310810716,0.2550124310572261
-0.181022867659641,0.2625522960580363
-0.16436612873003953,0.26618271377671004
-0.16814389806528904,0.2678638549132041
-0.16030844818617093,0.25664122940730977
-0.16176821643317343,0.26912827740090806
-0.17364713005013338,0.27051314892889733
-0.16925178869635085,0.2591987223532124
-0.16482491732316382,0.2672204782856648
-0.17643512658904945,0.26024135888401617
-0.16334560503767295,0.25575435321061035
-0.16327192402478458,0.25580416408854156
-0.17310605557390557,0.2635506900412146
-0.1702688769791946,0.24734448303740075
-0.1734501735210897,0.259330779199268
-0.16735702651321038,0.26191614327453966
-0.17104522131788158,0.26164329524736213
-0.16537714783232904,0.2604965747750919
-0.16660706443777168,0.2638339595726129
-0.17877551172256012,0.25772942828489526
-0.16326560419386005,0.2610082605531409
-0.16498498063060701,0.261072618554491
-0.17117467689615976,0.2564873321718089
-0.1581278110861426,0.26164574405180396
-0.16714450645163967,0.26121413335785015
-0.1645994631089844,0.25923738890011117
-0.16961729098191053,0.258936284230147
-0.1656918648307213,0.26186581923849794
-0.1665093478626038,0.26389898901058556
-0.16786078443118954,0.2670011978251069
-0.16376337710217576,0.25304224313380547
-0.17665343358348898,0.2612966541445189
-0.1728267349991702,0.25890585547324874
-0.16009121443873803,0.2539958304805613
-0.1719225640957516,0.26235839308097764
-0.16851534422088615,0.2610348551097868
-0.16744328911864384,0.2609247153440963
-0.16778202823924188,0.251962972156698
-0.1789059749237152,0.2585097289323532
-0.16697922303036178,0.252978858090299
-0.17430485823171624,0.25721940564583556
-0.16722025258774587,0.25508094453596986
-0.16863904455697112,0.25502131404256995
-0.17466159714378396,0.26813796682803914
-0.17190623199681576,0.26027898018941203
-0.17183452776365987,0.2636718833250861
-0.1693977927823444,0.2537512953009641
-0.17195932244251114,0.26322713178605867
-0.17363989004930994,0.24648570799068253
-0.17089708522508334,0.26010667345994715
-0.17949555825200775,0.2598254258077632
-0.17986984708330336,0.2418755205102914
-0.16584757640862915,0.2464163146510681
-0.17097577791356702,0.26706532079458106
-0.17237295616838139,0.25668997464625565
-0.1626760434394592,0.25159981321881075
-0.17053384442755246,0.2542254625802011
-0.17212715314121146,0.2614719031309948
-0.1671167793221237,0.2663070414450057
-0.17017313236434264,0.26664257000293057
-0.16435876423303167,0.2553370336334405
-0.17722215205906974,0.2580097058049413
-0.17417808761852419,0.25242237212002183
-0.17881720197899675,0.25461087115662523
-0.1689868461124718,0.25756656590819826
-0.17439523380760386,0.2515709154407606
-0.17620843116019888,0.2579565589831421
-0.16617505531570165,0.2536149899505633
-0.17162934996194967,0.26492380444993735
-0.17055900043644062,0.2509087918056293
-0.18470377553158138,0.25739347675098984
-0.17577302643447168,0.2591596492928296
-0.1682085110812641,0.2610973291027198
-0.16814411785173522,0.263618372960157
-0.18050306095784252,0.2556880015069342
-0.16941382872944907,0.2699898544872602
-0.16698259257948206,0.251535457098969
-0.17009217862457437,0.26960621954113567
-0.17856447638150685,0.25879808657273967
-0.16896196245676717,0.2579943390177442
-0.17033394368832508,0.2554446937826236
-0.16259932233165145,0.2497900747001985
-0.1711839628221689,0.25767630912400785
-0.1734894998576104,0.2570839716590768
-0.1754026157293317,0.2577084775872588
-0.17007109205906332,0.25801941315947036
-0.1814389262524952,0.2540769838880828
-0.1805756061201167,0.2482424514852142
-0.17639256604287631,0.25596600936189234
-0.17475541642121156,0.2550180831738495
-0.16687850269985993,0.2639547494768459
-0.17597683685554508,0.2688505396099627
-0.169569675738059,0.2568926148544315
-0.1726640876341426,0.2600230532444568
-0.17366309200532906,0.25700287072842887
-0.16995752590834837,0.2595165588195667
-0.17951927858113464,0.2582560614026156
-0.1808013119771792,0.25754627157166415
-0.17037286717300862,0.2628399230725055
-0.1732572612535298,0.26267586989476943
-0.1665045940496556,0.2589418141313958
-0.17176353405919895,0.2564448944183716
-0.17717013884547872,0.2631487945398402
-0.18036220915505388,0.25276813364710465
-0.16764401482289867,0.25576590421913264
-0.18209034589507073,0.2508352564362097
-0.1682502281886099,0.25892452921651116
-0.17668883090573392,0.2661051958352899
-0.16926603075831914,0.2540094505845627
-0.17470390532770771,0.25248064973469564
-0.16879703673382904,0.26306704721200735
-0.1712268349510089,0.25499894907717974
-0.16774152831367348,0.26388901576283436
-0.1666540411193862,0.249142933270584
-0.1709825726719773,0.25642486484938715
-0.17096474416231427,0.25237074732185866
-0.17475173817645176,0.25553795446078775
-0.17136107766122144,0.25747002058013807
-0.16752631884754493,0.25862776649314534
-0.17353388432177708,0.26088370768089464
-0.17833113192615546,0.25907369468738134
-0.1797521601015364,0.25917697356307823
-0.16990974693983735,0.25245750109874426
-0.17559706303654313,0.2689021344410821
-0.17253631700286323,0.25818323277690824
-0.17490062346367666,0.25112799431974375
-0.16738770974733966,0.2539214580585368
-0.17026165919578343,0.2563509635206747
-0.1714981109618013,0.2609258457910656
-0.17985262616974992,0.2594240263219043
-0.1659689068380121,0.26608441040971514
-0.17696985599104806,0.25797297186563944
-0.17546385651808186,0.27276456219557355
-0.1715383144400712,0.26548145396156125
-0.17267427421824622,0.25997887028752037
-0.18319938205144914,0.2527865350077158
-0.1727771870338387,0.24687391507588988
-0.1813372220699564,0.2507236483439149
-0.17571088795170425,0.25696104831364713
-0.174566834438736,0.2473675575843054
-0.17077466584805237,0.253993716129861
-0.17316844741131618,0.2568465817089937
-0.17328831877626094,0.2521191313945147
-0.17599205156888212,0.2589259024538386
-0.17171205105222326,0.2576127129445039
-0.18452206796296242,0.24719624347715272
-0.17753902753546028,0.24713277553423957
-0.18603144274562441,0.25601704093160316
-0.17799835493512955,0.24650013448251412
-0.1769389116720048,0.2479431701695736
-0.1825239664988969,0.2578986103701527
-0.16992658905256802,0.24294908599552203
-0.17918388720727813,0.2518943112714946
-0.17222889106979114,0.256976306434007
-0.17750415766888386,0.2544265662318993
-0.17763485923287864,0.2520402712611794
-0.17829122598871225,0.2542517264178922
-0.16744926605358315,0.2591172225802766
-0.1772298969225261,0.2529634973675378
-0.16770719387684896,0.24999075184532646
-0.17937617620104093,0.26379196200299826
-0.1718205946597912,0.25196036238504327
-0.17178375729265463,0.2622538844137679
-0.1764187258074215,0.25627373029146144
-0.18537886983034507,0.25105740960581685
-0.18147214603921905,0.2583471689320993
-0.1678128299089963,0.25156199154322806
-0.17905426899347512,0.25462554397573106
-0.17988871364078962,0.24882953082527884
-0.18024970657365594,0.2582609702987641
-0.17524520021304907,0.25373631964543486
-0.17373284685026466,0.2509431159949352
-0.17625759632790927,0.2584993378693493
-0.17209901627975355,0.25348739220414224
-0.18172718873119617,0.25560806149486837
-0.18685751095060846,0.252982113424446
-0.16759953817342657,0.25121033766787
-0.18281376009345043,0.25292154826053365
-0.1764226558791569,0.2522551340487908
-0.17372760979472449,0.2527377893869926
-0.17234438438393965,0.2595099480614532
-0.17233008272389033,0.25832806494060606
-0.16698111096699214,0.24859167797367857
-0.19092845703867775,0.2567627353362231
-0.17648297137165947,0.25167618621717736
-0.1794507134701846,0.250396719039844
-0.18002029544141274,0.25229780842903604
-0.17802220480047112,0.24936971622863605
-0.1856596478975216,0.24349535439377498
-0.17643682131588584,0.24279782359933896
-0.1793833207641179,0.24963883354628957
-0.17737375108450612,0.2547148743349669
-0.1783191418772495,0.24726589603690868
-0.17371505738753928,0.2552898917620795
-0.18312874728437256,0.25034919568091163
-0.17645897771535066,0.2510916604999243
-0.18579926895035578,0.2512577346935163
-0.16743108728582123,0.25624786763105317
-0.17983617244648653,0.25452527035919736
-0.17410330810104643,0.2505851399707402
-0.1754042919870211,0.25599560140090366
-0.1769109841883576,0.24908589961907843
-0.17236221359240148,0.24969879331986755
-0.18350305852958815,0.2522507912184525
-0.17727419468983666,0.24399547012865155
-0.17350879803053407,0.2463487320308422
-0.18487706952133703,0.2580929701472132
-0.18207159356815097,0.24328726622078273
-0.17315537318055357,0.2512986272270029
-0.179227851018164,0.2531188531715385
-0.16878287062881123,0.2528623583661789
-0.17908156457803395,0.24817899700295581
-0.1843913112201394,0.25130199501692757
-0.1807601620374941,0.2540574930930416
-0.17877008383418233,0.24307119591782353
-0.1860174811541137,0.24507432004643553
-0.17843420559138928,0.24117937689320318
-0.1808216341425626,0.24577951729452982
-0.17841489938083918,0.248335606607168
-0.18821346564676608,0.24723931084556877
-0.17069176268623082,0.2518406083348475
-0.18702942769063322,0.2468495613082058
-0.16897771890549393,0.2579624121960437
-0.17336248158535036,0.25442124344847483
-0.17804671701438576,0.2564620917346658
-0.17857497127618074,0.25504857761851113
-0.17556568335780462,0.24756609275703695
-0.18698496162430933,0.24490842871347573
-0.1731683893915654,0.2447356344456709
-0.17543906009116358,0.2516042396969334
-0.17936138757496362,0.2512057540351505
-0.176945607126193,0.252384711283368
-0.1795402399946317,0.25000220120221994
-0.18406480335242922,0.249972964581543
-0.17496685306830506,0.24613166013729149
-0.186523316610483,0.24276134701719024
-0.17680635564047764,0.24050390632455523
-0.18227063484010414,0.24569824856270236
-0.1756088227243086,0.25216390570560604
-0.18532575819001165,0.252092512213032
-0.17677740142813608,0.2515650357500972
-0.17863925333667482,0.24447741869689563
-0.1834650625647247,0.25495504870103225
-0.18624033780187957,0.24248442501668502
-0.1757053569785077,0.2399819693269349
-0.18005814149988747,0.24420159703545893
-0.1824459854240356,0.24651230197699367
-0.17872894581159568,0.24497245033336584
-0.17365416407825046,0.25517640838464256
-0.18039377711323493,0.2556599236610273
-0.17507959190294073,0.24914609944358382
-0.18413318458198327,0.24821807824474845
-0.1772515179239521,0.25642064354022637
-0.17324510991369085,0.25442851587990284
-0.18171214005943936,0.24254464447677876
-0.17783200982869946,0.2431354985000919
-0.18638049606695697,0.24701768494067486
-0.18102746426546082,0.24938161286842384
-0.18352443523531287,0.2502203934597271
-0.18560421511450997,0.2471054319057473
-0.17951288573994412,0.25299506461404897
-0.17912830190105195,0.2451343193494478
-0.1799900814089998,0.24972656780018695
-0.17772900673757516,0.25103608696068624
-0.1828280486363733,0.23681384682830822
-0.18761168372120132,0.24827187649963703
-0.18269101617697497,0.24660054486236574
-0.17052377813784703,0.24614539011490724
-0.18378964528242744,0.24547941714053276
-0.1814711638095475,0.24389097658878117
-0.17925949595872628,0.25023484689558895
-0.18263958381851927,0.24900769010856155
-0.1764246901206823,0.24474519303294268
-0.18058743158963647,0.2545776700249263
-0.1820813005007235,0.25195076816016265
-0.1857403654037123,0.24628403257453235
-0.1817964554119647,0.2537212556106813
-0.18266117629946174,0.23640121846179019
-0.182515836011959,0.2554944354184624
-0.17653623519221906,0.25139010579329946
-0.17535529660955762,0.2377862188571338
-0.18873855416959975,0.24285596882194102
-0.1794022464959321,0.2432490159229044
-0.1756007215348679,0.249823851937729
-0.18346161642881,0.24519969063317107
-0.18876826937113417,0.25187354929064726
-0.17239813297758907,0.2523996130634144
-0.17391760951461044,0.25931029548907913
-0.18355038266405002,0.2438437728929098
-0.18018013451335638,0.24663788347497959
-0.18424769377373942,0.2560240854287688
-0.17876741631328474,0.24237016931017472
-0.17804939671387393,0.2499904422073522
-0.17910119386052592,0.2593464487510657
-0.17836036856870222,0.2584476591835532
-0.18357675741326468,0.24230426170921338
-0.18000911007111023,0.24280316127373341
-0.1851243945153934,0.24819721436076145
-0.1794998937336658,0.2470144322442147
-0.1754024155238427,0.24530040135861755
-0.17296008598048807,0.2596570815871397
-0.18438589046270484,0.2568665842246807
-0.18181354214234435,0.25411195219615074
-0.173551351460501,0.2496475029592384
-0.18151957483907835,0.26146450425424056
-0.1931670757103309,0.24344288204079031
-0.18064858457558064,0.2431223692630345
-0.18248302355735474,0.2543734175821097
-0.18125859046362655,0.23416044665385194
-0.17574398369529934,0.2471836957761923
-0.18303795180584861,0.25842609579895726
-0.1900348174701575,0.2408370488240237
-0.17493326510735574,0.2517274576057061
-0.18220634791098755,0.24548728502398195
-0.1757399411256943,0.2551614178890638
-0.18503657331405965,0.24131742812762688
-0.17917809497808782,0.24974388673000014
-0.1958204039419277,0.24871192832306988
-0.18128420246253038,0.24913657141726758
-0.18219338081165246,0.24485239077900178
-0.18253109514399957,0.24573248019368937
-0.1876497054943996,0.24037378125478198
-0.18396757323797053,0.24471306644211932
-0.17116432499635123,0.2535876230473309
-0.1794035354677728,0.24790572241079953
-0.18321347512840616,0.24883894392596467
-0.1804348305022581,0.24686797760620802
-0.18521575571258186,0.24227113523570082
-0.18809279882969981,0.24651325945386876
-0.18672306937244343,0.2503281005518369
-0.17848213669853966,0.25481224627479465
-0.18422391091486034,0.24419651943076948
-0.1832118807692025,0.25072928299909103
-0.17836432309611147,0.2535611936913056
-0.18930493211951882,0.2507308230406328
-0.18911484519722707,0.24208752620089444
-0.17720739956220574,0.25479983913925597
-0.17906473355467153,0.2498149153255746
-0.1848512043420001,0.25388555907032906
-0.17897886760033235,0.25091515689415894
-0.17553221520743195,0.2560511194590065
-0.1749877013334819,0.25449268522452984
-0.18609683407119434,0.2478862372039955
-0.1884218189278227,0.252415643988884
-0.1809052649471922,0.24880951215974656
-0.18537486912310383,0.24869916829062735
-0.18147930501137413,0.24979213887278437
-0.18058259078900382,0.24282068268162954
-0.17459507382046568,0.24213869893203513
-0.1941128954364036,0.25546711544656886
-0.1796707942675237,0.24411751001283769
-0.18169007157540748,0.24483637678066358
-0.18463992293974424,0.24699521955623316
-0.17900032573496563,0.2531447644175903
-0.18343685613066957,0.25073311897317124
-0.18353040629653525,0.2451134317086493
-0.18409158443501186,0.25315322459061285
-0.18759549115511626,0.2463439335795972
-0.1769782931152712,0.2419560805411373
-0.18679300261582957,0.2555237212059639
-0.17944141421210735,0.25736658076756136
-0.1887407397641609,0.2526788429823698
-0.17711422816621106,0.2504083661305766
-0.18380943584355586,0.2447871070226549
-0.1828096114324712,0.2531183211284418
-0.18466333927500242,0.24527481321793645
-0.17200192553193128,0.24496539204361142
-0.18196437757828876,0.24205403955774737
-0.19260643704519997,0.24111468808930925
-0.18376517207983906,0.24354813607250145
-0.1901097896160709,0.24391162151977053
-0.1855807290479118,0.246758939567373
-0.18839752287510747,0.2463219291707127
-0.1829604002582002,0.23473488763810366
-0.18076980612441548,0.25028849774226797
-0.18407038781316112,0.2465197193791249
-0.1823218241479777,0.24117223145976083
-0.18334726456045158,0.24289184898863048
-0.19059338296270506,0.2454107120150971
-0.18670075801804042,0.2445589910837389
-0.18792012792447005,0.253599041626752
-0.18623454889964847,0.23934730413827027
-0.18317376333169427,0.24835914424526317
-0.1809891932971447,0.24090966845217482
-0.18796161858640179,0.2388485951172479
-0.1992615748087424,0.2527748653898805
-0.1853417661767014,0.24697445255511838
-0.18520117474331074,0.2436970525081039
-0.18016067852331144,0.23778726777288692
-0.18280993597897713,0.25124399602296565
-0.18955419235957863,0.24402657075033463
-0.19667370727445868,0.23990396107278103
-0.17669954624942022,0.23847979264118893
-0.1840751695242991,0.24245204357709624
-0.1851222663456493,0.24435248706896406
-0.1912612556905577,0.25141611255678553
-0.17902172910958986,0.25102430622106187
-0.19156677822140994,0.24597884198114617
-0.1786701225686726,0.24417566052236905
-0.18640676970127096,0.24524341010914535
-0.18640912480670718,0.23648616063008687
-0.18447102718489605,0.2517643622394626
-0.18619039792700004,0.2403703862921835
-0.18558504381100696,0.2450333895581243
-0.18588046227422556,0.2466885254873083
-0.1869177924683791,0.2466743720367554
-0.19495956840425444,0.24585540666945163
-0.18137613539506214,0.24799831104176906
-0.1818461633097835,0.24501656151638818
-0.19470798847025694,0.24264280917075084
-0.17823912812035797,0.24323657149399003
-0.18273598326189475,0.2449610280774454
-0.1915410330443055,0.2404687132121863
-0.18215813448419418,0.24384985167579523
-0.18728448598515096,0.2397387063827593
-0.189420591602294,0.250639797878366
-0.17836563720865672,0.24462602225219382
-0.1953151955037437,0.24603041407776113
-0.19051554442881083,0.24731700825553124
-0.19215192404785686,0.2406099364825665
-0.19645297905572073,0.23918123404850722
-0.19184238522380753,0.2318139173960939
-0.20145123715509983,0.24271821266684462
-0.18734818892365174,0.23937247552671212
-0.17548879886703106,0.24289050391134673
-0.1947295541962663,0.2403120297787001
-0.1868117946245117,0.23954884153780814
-0.18282154399217038,0.24457031675417243
-0.18540106246027224,0.2475895363386381
-0.1872231161861489,0.24323422885146015
-0.19475867810499306,0.2353102197161202
-0.18935120471449352,0.23891391141598728
-0.19295336965201687,0.23796662622019354
-0.19513992897052013,0.23897772718529023
-0.18658586478193717,0.24753327615152854
-0.18654229372145326,0.23716628523757424
-0.19050465808583236,0.24597493249623373
-0.18546426640227026,0.2411378634126883
-0.18677262117229618,0.25576419976643744
-0.19318565574004298,0.24339628637948882
-0.18984115782449104,0.2524474994040462
-0.1827672309996245,0.24923139794501692
-0.1901688782821535,0.24528557672271722
-0.1891329226880697,0.23628895798640712
-0.18565606017176087,0.2471262354691056
-0.1814299250158418,0.24230225790069151
-0.1882245082867261,0.24129498078186348
-0.18551347061900242,0.23319343525606095
-0.19278097499302516,0.24114766499768928
-0.19544224912546496,0.2436389941470711
-0.19814522636888482,0.2335054241836531
-0.19375825905468186,0.23435004959020753
-0.18912257064854449,0.22960806120904084
-0.18382480685402214,0.2401604120528215
-0.18835574347459694,0.24164360251522568
-0.19022439951513243,0.2351793911892522
-0.1943120110286559,0.24139462896006245
-0.18913469712880504,0.23270371554792446
-0.19278904296297664,0.23902355945261672
-0.18178840842671942,0.24670340384829725
-0.18914245988304876,0.23429633530178184
-0.19386705325494072,0.23436543337085158
-0.18497534673308377,0.23581091970917586
-0.18739435715024666,0.23822980986729214
-0.19233540628072268,0.23326592020980189
-0.19216106092574112,0.23880933451535807
-0.17852462062801633,0.24076012353466092
-0.19182924336312393,0.23892324629687106
-0.18771253368048424,0.2337718640124252
-0.19686132245658,0.23274004228933876
-0.19017470272526757,0.23205302351294788
-0.1980145221416266,0.22910146519442487
-0.18742080039299838,0.2427817442885188
-0.1985957360606444,0.23798433385720347
-0.19286851590231197,0.2412491494821127
-0.19065048449102565,0.24592244635240426
-0.18649247388837395,0.23744897656754516
-0.1889897330104641,0.24066675292151643
-0.18444012224413386,0.2348509223228127
-0.19672020072496635,0.22698820567969566
-0.1932193829265268,0.22904028311689711
-0.1924283453957336,0.23823007108100733
-0.19076847862080804,0.24095497369915564
-0.19308434627401175,0.2507625494270932
-0.19101163808722704,0.23947752349272944
-0.19288284892860505,0.23528504578114626
-0.18454081909928666,0.23772806947773428
-0.18582493167702466,0.2435112291908945
-0.18870940520795826,0.24165136349389593
-0.18531141020615088,0.24409688442086702
-0.1868197868844472,0.23206084808708297
-0.18921245257849265,0.24237181134529193
-0.19404380442196467,0.2409849991204186
-0.19181274950336913,0.23735508819533627
-0.19427074122863386,0.24145317041768355
-0.1868053001646836,0.23709396903056984
-0.1958185740813707,0.23543616185791671
-0.18246691558381803,0.2419879371736128
-0.19802356595964948,0.24708771109656918
-0.19655723445844134,0.2387987832303262
-0.18524303917041035,0.22948272241191447
-0.19724949883269322,0.23912743464184485
-0.20144457831230822,0.236935702986975
-0.20288416801088485,0.2396134045399526
-0.1976413705729477,0.225081243797046
-0.18890531266822486,0.23223311197641866
-0.19292117163228378,0.23016901728490255
-0.2042012227242844,0.235256574996002
-0.19413073950549883,0.23886704743704557
-0.1866893937636593,0.23766100326978182
-0.19674226537714387,0.2378434010124175
-0.193369760178313,0.23692198290691005
-0.18795935474832737,0.2396432433878723
-0.18475974699066927,0.23316380309937842
-0.1923360806797054,0.23438250782260417
-0.18982362208981116,0.24008573018267637
-0.19289233314795992,0.25044021425974905
-0.1890304726142602,0.24083268882018632
-0.20883860927587372,0.23015767789618324
-0.1912900903581045,0.2369979227533915
-0.19580439722124957,0.23504338662891153
-0.1989634748331072,0.23576845847214958
-0.19266859655297944,0.22702386553835063
-0.19490168525233262,0.227512735067309
-0.1960602882165305,0.2336630050005378
-0.19505127565238964,0.2293738186998272
-0.1940786043471062,0.23585596563653566
-0.19761196166651032,0.23292738782578812
-0.19311251919937766,0.23566096979268117
-0.19476848409672792,0.24661409293421357
-0.18696678306166747,0.23038904229236468
-0.18799358486977488,0.2304455601751195
-0.2010160186185052,0.23783648383615957
-0.19644383382610678,0.23690441007950053
-0.18911463672210893,0.23600868053794763
-0.19576770847877736,0.23178070636859666
-0.19809830581125729,0.23157340381524674
-0.19392578893922,0.23526843757607296
-0.19952752093041912,0.23635837434445459
-0.19293508153779257,0.23897602195835652
-0.19817899280554835,0.23202519108864944
-0.20062916847102066,0.22782416552604937
-0.1914927491532589,0.22529863646500778
-0.18793726225597418,0.2410898117996239
-0.19437408920647914,0.2373873534860869
-0.19576991663450033,0.2390507966744593
-0.1966387283709954,0.23030378602259735
-0.2009035101372342,0.2360472666056281
-0.1960545480456683,0.23550747183777984
-0.1873044110067341,0.23137655910694718
-0.18681290846159945,0.2327169747393628
-0.1891624345163054,0.23198038406712482
-0.190474576175528,0.23030737534120604
-0.19240951174868545,0.23357146095325593
-0.20159965042798086,0.23580212924687793
-0.18599778223299146,0.24348649258009522
-0.2026529638544624,0.2407230809206423
-0.20103699362347932,0.23581793945623236
-0.1913281604074336,0.23070398973910494
-0.1961916150199203,0.23896673648281608
-0.19180858849953603,0.24652581866678033
-0.19337896361616355,0.23705131292113338
-0.19135636388815097,0.23596510005824664
-0.19369154158352928,0.23307782065131788
-0.19181093303865512,0.23152499007213778
-0.19706405295689672,0.23518207650416398
-0.195170110959862,0.23255254280107923
-0.1932053172182603,0.23778941770232137
-0.20798585772128209,0.2378869045475259
-0.197208595842167,0.23724150279625913
-0.2038085788826064,0.23719086211297422
-0.18575531721478622,0.23194256054670956
-0.19276936292555907,0.24229955909540732
-0.19106380400986,0.22808646524203838
-0.19443217137590652,0.2318394503040041
-0.19322804569512672,0.2402567787804733
-0.1920227699791358,0.24056803906804652
-0.20521644536554762,0.23844149768005596
-0.20382148754552004,0.24269829551334168
-0.19350691841694154,0.22869287362819238
-0.19103627670970938,0.23036092670899877
-0.19503382021495141,0.228712206397712
-0.1873392732556925,0.23626110169066997
-0.2036148824853006,0.23418968554157224
-0.19471336005158446,0.23796983133376484
-0.19290131430163826,0.24079704167556137
-0.18499486411585356,0.23428257133616848
-0.18133913805392574,0.2359394483800994
-0.19123490874591634,0.23706524883927288
-0.19620429670090228,0.23994930401801046
-0.18948459126060874,0.2386592153267966
-0.19380518049957168,0.2345984249395362
-0.19739234239193376,0.23623414786754915
-0.1923622027210788,0.2405555955701234
-0.19583721996084086,0.2424621937180571
-0.20327881160052833,0.23287261538251988
-0.19777248927830993,0.23774487088655197
-0.18675177081634023,0.23829377175832644
-0.19684822887725845,0.23950837356697055
-0.20368613974511326,0.24409381865991164
-0.18149438481779626,0.23607429645647
-0.19656329840842596,0.2358935959035072
-0.20888079694901548,0.23028460877523632
-0.19396031230340727,0.24143030262008677
-0.19906229850721588,0.23123862450546798
-0.18777399808959963,0.2315172526387855
-0.18961910186517358,0.2360193296055565
-0.18640407536260398,0.23531650649448793
-0.20393594808887003,0.2350333209575034
-0.18894716470807002,0.2338463901084643
-0.19424767108981408,0.22943772592419534
-0.19154838676525965,0.2267233763646865
-0.19417436078761538,0.23512049494835147
-0.19271302900144363,0.24101918573172523
-0.20088697323740617,0.2349092311527615
-0.18959249272336784,0.23585189804574636
-0.1873990102839151,0.2331229594835088
-0.19673210567503532,0.23407938331715672
-0.18743913996024303,0.22817246948284192
-0.20232535217293535,0.23277031871062157
-0.19858253258190398,0.2456500443500151
-0.20005622049131463,0.24025708499987428
-0.18443579607752664,0.23600769827869578
-0.19070622965745315,0.2355024216057535
-0.1985347004203606,0.22516956816815387
-0.1902921781750986,0.23816822366953466
-0.18595360662569754,0.24287140988838987
-0.2041581652659825,0.2381190320723619
-0.19372449465348207,0.2420630489292195
-0.19945891664091578,0.2296037650640673
-0.1897126120350192,0.23275633056182843
-0.19589669072468108,0.2403453939369229
-0.19923771384380728,0.24109074029025226
-0.19499607502323016,0.23571340589456452
-0.19867297811382176,0.233403190910215
-0.19259219074417266,0.2323180850195512
-0.18841400092746904,0.23116215755283676
-0.19592435628807434,0.22483732934671988
-0.19535390035868597,0.23357440086951745
-0.19841420726488726,0.2306628639320428
-0.18862675191437261,0.23030564637484713
-0.19879448101121966,0.2345325426415637
-0.19516594484740798,0.23356622253247947
-0.19662403962986294,0.22124491519483783
-0.19520581786368263,0.23413977232156918
-0.19586245155636745,0.23875118495037112
-0.1971437234186005,0.23164177591406193
-0.19743471159656723,0.22755868569970403
-0.203630304713785,0.23191104489647132
-0.1965427014923446,0.23055633273516737
-0.19010041566266841,0.22316796461993682
-0.2013474018918816,0.23501015710277912
-0.18869323275781824,0.22132638397060675
-0.20230223210418896,0.24813932688528087
-0.1891319459812544,0.22699205735308034
-0.20727322210335913,0.23187126691952784
-0.1913356927667903,0.2344757198110216
-0.18860607096561555,0.23947782009918578
-0.19616313807707797,0.2335341460968572
-0.1983690747469343,0.23678032127729684
-0.19511064821870838,0.23940006039784517
-0.20096615041608917,0.23038174688449084
-0.20100721597512386,0.22441573615053767
-0.19190772837733788,0.23538810050678644
-0.1882530266707948,0.23019369402930218
-0.19400338637389528,0.23389221175458788
-0.19857623687144638,0.23697948742114958
-0.1953287689078797,0.2296837566128076
-0.2018433053627058,0.23413769446242758
-0.19928152905547492,0.24111692327975157
-0.19393827693276036,0.2288396683272877
-0.1958484555067589,0.23213282153599274
-0.186590742362858,0.22802494443338917
-0.19037143651413851,0.23452852176398514
-0.20222846510412823,0.2386974616126104
-0.19437177943305128,0.22478056245392905
-0.18685281953875432,0.22599137903333139
-0.20721247479230392,0.2370411393432092
-0.2042606227159666,0.2273311239436945
-0.1975751553501059,0.23105151686128925
-0.2030779505737924,0.23547416276685396
-0.19018467915348955,0.23870357668388453
-0.21278329334383364,0.22840101500751842
-0.19239722076214655,0.23682724064789587
-0.2000436040331016,0.24047633951307928
-0.1974995238445772,0.2284194234286464
-0.19610260659503156,0.23158983653218693
-0.1889196014773983,0.22894690159237474
-0.19491655068720648,0.23991327513818544
-0.1966586097950907,0.23551843873547493
-0.20744363140152886,0.23482107335607513
-0.19310261599397052,0.22808470154690952
-0.18405356684960522,0.22880221838113657
-0.2105209545157793,0.24207905187893441
-0.19868664699806277,0.22910724589763184
-0.19073668112558156,0.23693532231951178
-0.19175844635905773,0.2345201508677134
-0.19679515359694594,0.2267748184095326
-0.19831539596986628,0.23415577297612153
-0.20450811795994348,0.22994646620490694
-0.195077955555481,0.22175774526956835
-0.20393473143325885,0.2243528662264647
-0.19640942712402112,0.22554937071164152
-0.20122994261597196,0.2295895704264105
-0.1932535730016729,0.23410337472787046
-0.19864782125045313,0.2287581197752133
-0.18812369660068615,0.2370721106721396
-0.19356667152685533,0.2324253939976147
-0.1887933837850627,0.23085760813074674
-0.20586578030554398,0.23566178981598962
-0.2055075081452343,0.22479305070829542
-0.20277836195691848,0.2288553301015518
-0.19848949142960554,0.2252727610183472
-0.1934918667993231,0.22679501762217172
-0.20275836294276683,0.22461971456544974
-0.20063753242340096,0.22372712215611432
-0.19836974100156393,0.22087832512282432
-0.2066611772758728,0.22494467586237113
-0.19760767477300115,0.2303328859537328
-0.19273068408967997,0.2231356914335203
-0.19645304604219851,0.22865923522006393
-0.1989673465081481,0.2201199224662048
-0.19922173367554713,0.22782537595039204
-0.19990886670441096,0.23555449917063365
-0.19475671499780656,0.23129550701401397
-0.19983993588997354,0.2326305724430319
-0.19531735627807814,0.2144646043545486
-0.19552639220914467,0.23166776481013818
-0.19067916039339583,0.23704213417069278
-0.19804719079057717,0.22655376173290137
-0.20832152982498492,0.217924003428016
-0.1941401212425962,0.22515955501738846
-0.19554404836225145,0.23565910846961374
-0.191793242885495,0.23561981514086727
-0.19878766427832203,0.2328999827173998
-0.19679167889194796,0.22985324798081638
-0.2028002206882082,0.23696027470574915
-0.1935229449259855,0.22068831860429491
-0.208195834350072,0.22446745018798528
-0.19859071528010858,0.21921983673245643
-0.1987852532904198,0.23124853507180218
-0.20440539704883398,0.2281468944409265
-0.2028812820768775,0.2232283907867727
-0.1946048712767317,0.21902289192024132
-0.2010862242295335,0.23407442096008427
-0.20437865490037024,0.22687688626667343
-0.20129105261856192,0.22310667885299834
-0.20317988533811204,0.23113596687763804
-0.18784671105875278,0.23270261861837924
-0.1991220883924779,0.23257633156437027
-0.19834867175329532,0.23512241406743897
-0.19170583247519682,0.22785212877842506
-0.20274402032613895,0.2324953755870145
-0.19703276357486546,0.22992467237738867
-0.1982629209648914,0.22506380570088938
-0.20132518092108512,0.23045281670409423
-0.19586385323897412,0.2322645557861295
-0.20213653647560773,0.23563043044833293
-0.20620730464489756,0.22438914564124632
-0.18556287421436898,0.22554421016829213
-0.201869058362196,0.23393565628831225
-0.20326257327386854,0.22903696522924957
-0.19281680027125286,0.23022917269125331
-0.19025413562614293,0.22665246124036958
-0.20107473141360266,0.23239119039715841
-0.1984064764306125,0.22530010065861789
-0.20112181322336928,0.22786138169036013
-0.19963695670644246,0.2259345594813418
-0.194461501743047,0.23075382347211124
