mean_lambda,std_lambda
0.279249468672705,0.294841023974651
0.32232986793007673,0.28994335211020345
0.35642034520887117,0.2789940357276418
0.3530944247127981,0.25500577775856553
0.3576393125818528,0.23553873827649222
0.3543453752895344,0.24554366634446806
0.3524348316649925,0.2346901127815097
0.3427867497609714,0.23472049252207225
0.3572076805460791,0.22854610048608726
0.349029946205275,0.2273898702925344
0.3338446292455734,0.2279570297658487
0.3359516042477864,0.22452494918578053
0.34971917702001004,0.22864398062766803
0.34371870320748643,0.22861985213899222
0.35127122090384205,0.23717815282680085
0.32800337438682664,0.227024507174322
0.3403409213564362,0.22765159471678148
0.33300728962224624,0.23101225567971248
0.339577043726503,0.23126409964649805
0.34262361729334134,0.22430396678955372
0.33552761707618695,0.23544646856489287
0.3283973597176214,0.23387239820975836
0.33334864460868696,0.23506111890952694
0.32448931137530074,0.22739160718630677
0.3415624111005098,0.22493252694415997
0.3209001942055085,0.2389800257600157
0.3241533201303807,0.22376705314279477
0.33296104131909776,0.23816269920908573
0.3069637184782992,0.23993670399835068
0.3273771772269105,0.2367961712480749
0.3276889993032979,0.23260373067341708
0.3334080334587841,0.23060155243967853
0.3362494574197772,0.23569601608032653
0.3357655179547302,0.23396039585452363
0.3311152585301059,0.23579924504343205
0.33372276488111025,0.22564464322969457
0.32759847899230204,0.2364393648915753
0.32308763234146654,0.2342004435564452
0.3423858536662484,0.2386308460673439
0.3342762912778294,0.2480001236241491
0.32639733250894587,0.24289194025416447
0.32476884456338095,0.23019097746913378
0.3162056671409208,0.24480841938073375
0.31293445699931366,0.23744705143691475
0.3116288662443139,0.2370469685556565
0.3142106228073508,0.25239661100826627
0.30789543240892964,0.24032464602831477
0.3231033195310731,0.2312243323215576
0.31327428313397054,0.25127711435113664
0.31067202580287,0.23602372363353724
0.3193701729053775,0.2525841392254879
0.3092620698145438,0.24603773482510102
0.31728342598279763,0.23411747228596147
0.3077003675299334,0.2403542323880383
0.3194726665845965,0.23120099643474715
0.3297117457295993,0.23916855396139683
0.3177898142746352,0.2529298667118985
0.316278939836042,0.23548625245340543
0.31793022809243443,0.24061209088102778
0.31566183034785256,0.23861348892714565
0.3273080510917529,0.23551779664975264
0.32001720785639387,0.23586679758742427
0.3249778760117736,0.23255826196991605
0.3208822006749893,0.2484357634482208
0.3229826938018931,0.23507080777409392
0.32378845112772503,0.24691062699753644
0.3109415971083959,0.23312224875996998
0.31746016245091585,0.24579696524560515
0.32127164172081857,0.2238998822240049
0.3082820994242352,0.250773587205526
0.3206866373651873,0.24000038736572224
0.31166852721849164,0.2508572549890542
0.3189149536159127,0.24334226356174193
0.310308526074161,0.24342242487108173
0.3273472648393899,0.24345535313465025
0.3224242572712041,0.24810015213446976
0.3211061810050202,0.2334755655226083
0.3126297968234181,0.24041782358213082
0.3130044948810594,0.24215224070925825
0.3100189274592797,0.2384179457580041
0.3163663268423668,0.24501294641132434
0.30562269288328137,0.23868292231504254
0.3097100283153064,0.24692754698247907
0.3109319881221274,0.23094690537842452
0.3143966528652397,0.24368405573086355
0.3059332420321831,0.2526404301070609
0.3024291333555848,0.23796202000297817
0.31322350762936874,0.23818089972838835
0.3096994189459088,0.2440034247640332
0.31565409824930624,0.24360860326395334
0.31943104875560596,0.2403510933159004
0.3161211122513168,0.2413968517196192
0.3123592263090891,0.23805184436860521
0.31512780352196706,0.24965025183908152
0.30723236703560225,0.23997322146749328
0.31348027615887586,0.24232375163226774
0.32501228854213093,0.23456336714463838
0.30259249851683623,0.24062117333084693
0.31615039726074634,0.2357172486861393
0.31009857332631785,0.25391442519084884
0.33204897165458525,0.2440821227916954
0.32276042324604604,0.2389594563635273
0.32083162774182894,0.22805284365619183
0.32152710394452483,0.23056293485493454
0.3240392221083476,0.23587897911459765
0.3263872412748445,0.23501019607000648
0.3136723282891533,0.24370276476591363
0.3233521671180991,0.23025513175095993
0.33100001041630533,0.24344375366458232
0.3286192409495148,0.2393756090276691
0.33329349671088737,0.2383869085278688
0.3260795575897248,0.23880558331910012
0.3237728676194836,0.23497008650555518
0.31887474920678294,0.24374953869062962
0.32431517211487987,0.2389405339947959
0.3210272091832931,0.24695122970476138
0.3330189965891301,0.2415179179162317
0.3310529700064037,0.22272894063056908
0.3206772405867649,0.2454651385119193
0.32134052851865696,0.2313086284748304
0.31707044716029714,0.23737204919368737
0.32914090195887297,0.2312538020658201
0.32900194336800026,0.2420378146870451
0.3167994698824612,0.24101824467123578
0.3171370393814365,0.23967671719028263
0.33516616980008984,0.23811526816035178
0.3260617697025583,0.23027267592208622
0.32449120574215407,0.229422397434066
0.3223994596938443,0.2374096333225827
0.32177503038427674,0.2430227628425685
0.30334219183768246,0.24391309314201842
0.3193530808191791,0.23593725222565592
0.3303042949593446,0.236757132901337
0.3185005930270747,0.2553362511276674
0.3304926431509752,0.24510207246591845
0.3145702177880131,0.2301579570714561
0.3360311641274959,0.24192761912248306
0.31645059689123484,0.23848861948129885
0.3205440771958433,0.2397048137622154
0.32411119067153826,0.23788538210705865
0.31947296913819473,0.23714855688215372
0.3234534462173056,0.24375887588530495
0.3253810159605271,0.2422914253330462
0.315127851705377,0.23423936574095974
0.3201869441119585,0.24392014320874023
0.33044970953388664,0.24481952386720235
0.3275755021264928,0.2439975858377334
0.32841554464757244,0.25143155277796436
0.3203567410670809,0.2372896861206196
0.3211027296512015,0.23532213058619517
0.31656057055369946,0.22635421428265587
0.32410916148419183,0.24753612570575806
0.33918450460144206,0.24793331356137835
0.315964552176204,0.24079349922388876
0.3116774449321855,0.2518667695204198
0.32748124497995235,0.2406904788479765
0.3136522655321806,0.24522023321673378
0.30012144910198096,0.23781822952831225
0.30984764948576865,0.23703867017826827
0.3076458274864276,0.2370061122339963
0.3102860029994884,0.24524689085148527
0.31845227140114774,0.23437210463853161
0.30711870057907337,0.23956083488787352
0.31452635009639096,0.24196801834736667
0.3222014123202966,0.23816894598593552
0.3115132566569104,0.24856057499645937
0.3244015854857354,0.24297421854816603
0.32424662811906807,0.25122106507161496
0.32480060757521795,0.24143929605927994
0.31682527344412215,0.24760626270772945
0.3029506682752951,0.24221535175041117
0.3255336179782073,0.24422433187995632
0.31534188335588786,0.23938368577223135
0.3258774486627616,0.24241533359456985
0.3199327997260082,0.24429290686410896
0.3182237116338513,0.25052378138479603
0.3205281097246094,0.22856836207636613
0.31761360889804924,0.24748388484142736
0.31737776613261093,0.24437321145941812
0.31639560017458795,0.23917206135598593
0.3170598328240958,0.2470707325730561
0.32366145524882917,0.2429334890682279
0.3204031046055254,0.24529532799424683
0.3228006589982633,0.23735067064985835
0.3160367609103938,0.25028521676818605
0.31357561623848834,0.25309859129474127
0.3204689319410956,0.23514234536982062
0.31654168920220044,0.24063249935238984
0.3250880141338433,0.24683213385820538
0.327084943554869,0.23923698449040043
0.3125753307677148,0.2467639360342406
0.3147188933046297,0.24471361960813703
0.3162065812286811,0.24421620705146663
0.3217598306224795,0.24395686324132748
0.31405928229696217,0.24073933831423489
0.32261391870723494,0.24615049218063004
0.31582801787768555,0.25262377345402226
0.3259378630112518,0.23823320070036255
0.32001575747814465,0.24631175992248916
0.3220142792934524,0.24310801025297882
0.31199835213328997,0.2511508112272262
0.30125174148016737,0.24343246706028224
0.3122689934149151,0.24827462739867878
0.3104707775746292,0.24885014728953436
0.3243845327683951,0.23455699697408522
0.32428358632100485,0.2457540331583081
0.3061744178617474,0.24174180453011285
0.321750461578204,0.23900300644146247
0.30138860137455065,0.24986535147823455
0.3163835621899201,0.24648716236258633
0.3239273208492168,0.24334383723597022
0.32350175169451423,0.24272088791165497
0.31964904503994274,0.24755739776697672
0.3105817778171246,0.23874919981390288
0.30917435066210347,0.24173128488741083
0.3105712576981892,0.24581061245224586
0.3130317927536915,0.2534791796315033
0.323246550633773,0.25240818193618697
0.3187117898824087,0.23911278895056637
0.3124796789360343,0.24319760154284373
0.32061030057285705,0.2515123668073891
0.3193154731478747,0.2489741817047331
0.31057667307350406,0.2601850006646291
0.3132031190585082,0.25030937557617455
0.3171205943279111,0.2535768962365471
0.3084724273424878,0.24117727985403706
0.3105308453091212,0.25382091674548113
0.3138238283563684,0.24535552522420168
0.30705727180853326,0.2500384511251655
0.31120447739894364,0.2502369214866563
0.3279527453887337,0.2492475079972445
0.3272274785905834,0.23683959650147757
0.3121339766092643,0.25501006427208744
0.2993446612798268,0.24323096366719157
0.3139606114546572,0.24398296230374453
0.30864802241189704,0.24747024831127584
0.3097232848226139,0.2438034042713548
0.31026618460769306,0.24763325143593998
0.31327202228407053,0.24812285698294856
0.31079140596747035,0.2505158620420666
0.3093032043904939,0.2610621569286462
0.307421607836343,0.24913419526041947
0.30809861166868924,0.25509696582405383
0.3172080387514239,0.2375853837789258
0.30840621875469376,0.24501676392185676
0.3047556094826936,0.2691149126668708
0.3219834180779686,0.24154635763107266
0.304584853801659,0.2589101319437719
0.32817921186426247,0.25244154427174126
0.3090202035653519,0.24570246815758173
0.30854212517864466,0.24243858313953187
0.31631311667967943,0.25810323092098614
0.301885877638056,0.2486025850528393
0.301915707191969,0.24849528597823184
0.3034123215533996,0.2415308301820268
0.3050830501766604,0.2556778086964498
0.3080501979230183,0.2451028410313389
0.30982539359635924,0.24756286914039433
0.3063355193746834,0.2515090014206253
0.3153308489571425,0.25711241791180867
0.30339301561115956,0.25154060519737653
0.31586917128759967,0.24752492221135158
0.31464430425563533,0.2530256432792647
0.3157529459928672,0.2530466166022291
0.31799999667449286,0.25192065618033976
0.31634093527264645,0.2434654667520547
0.30660096892054667,0.243782619228473
0.30664540285603187,0.2513568722613567
0.28999590527288654,0.25027883017767893
0.3069672543947353,0.2524304235572467
0.3049314400630104,0.25212862575728845
0.3092794913003229,0.25177782351597683
0.30908104467574493,0.2544760477334232
0.30143709368034727,0.2603739784282166
0.31411665373360287,0.24955760477713024
0.30594664131032673,0.2538746294460791
0.29874171810922173,0.2597037226078476
0.31820276050009266,0.2577873802706254
0.29886927105515904,0.25504963446959095
0.30720819186333054,0.25880769928192604
0.30393721819592295,0.26250919998943617
0.31343798248512433,0.25396869376525616
0.30798523227562136,0.25606076052173565
0.3106100349962681,0.2514538523236372
0.30252059618628707,0.25796126016135473
0.30446778951256764,0.2525719549088332
0.317626302979645,0.2527941673721289
0.3170608219427384,0.2541280343496286
0.306381922964869,0.2583405799630677
0.31824136018886195,0.2571947589442605
0.30829843537070956,0.25995324716449325
0.29295111782667677,0.2612792471851739
0.3102432781433665,0.24215102152763682
0.3040614343882783,0.2615375669362408
0.3120164729500535,0.2552726673364109
0.30405144094929226,0.2518115630122284
0.2935808971761388,0.2568121067207057
0.30490965714724994,0.24380189299291943
0.30856866077664513,0.26101404788534577
0.29588972140515946,0.25212406192248366
0.3087723997089078,0.25410122774440946
0.2926482476819793,0.2511479890870771
0.30331478631738396,0.26338461664619006
0.29513586798891306,0.26347013368839656
0.30452382242288695,0.2669281420306414
0.31611551407388416,0.24649225340833728
0.31496335226908817,0.2504797165306692
0.308922390397958,0.2607282162022117
0.2990674243217374,0.25517732986451763
0.2955450772481057,0.2611318840627543
0.28970868843531516,0.2539731873755638
0.29784157509269754,0.2613098602339229
0.3128602132964555,0.2565834587626929
0.29156602941692994,0.2631774552446516
0.300579101098051,0.2620020449086985
0.30712293442376576,0.2647093320929685
0.3009440023445336,0.26512984125331857
0.30621787852584786,0.26259398103664444
0.303799598804495,0.2649215057112851
0.29751103684051416,0.25468800583079115
0.30245658382771695,0.26441586821170643
0.3101610088371514,0.25628633410625246
0.29878997105555005,0.2627717036583869
0.31156418840832295,0.25690148752826236
0.3051788416385653,0.25691976589346205
0.3016329483577239,0.2559775504297382
0.3014109004157472,0.25146894080520066
0.3032983447105611,0.25977101509325806
0.30165200263742215,0.2645653327402006
0.307666299557061,0.2597794817746195
0.3022427766178271,0.2558227146475389
0.3042858314908889,0.26274739461480034
0.3003163926830396,0.25896202252227546
0.29783426183834694,0.26218638010347006
0.2934659374754106,0.2574593748744768
0.3008503030614269,0.26227134233507265
0.2999942196435578,0.2576918048437354
0.3044238712038515,0.2644670387309321
0.29852351083556283,0.2637515844779113
0.3050236208503741,0.25982980410541856
0.3067593732008609,0.25789564915722474
0.3085614489181917,0.25743676776633184
0.2971593152026815,0.2688233592257725
0.3035586042599971,0.2588954431253058
0.295620350103264,0.2675234303297212
0.2924031754878877,0.26914856431077516
0.2881026682347356,0.26387694732322475
0.2866020687612927,0.26548284750522905
0.28586615311363034,0.26442577096920566
0.3021347581929747,0.26342651043877596
0.2913397404284096,0.2737473529925757
0.29369559002808776,0.2618171263200954
0.2818213884918356,0.2673988940533229
0.2911377272012995,0.2544000610005695
0.2883659084469799,0.2666032631088327
0.2863457101477412,0.2615128213435103
0.2919736184952883,0.2648738549333163
0.2854646285608835,0.25752603742880115
0.28846458370357864,0.2658882987992299
0.28886416162895606,0.2691212208498705
0.29683358088525963,0.27011967959791
0.28906457298413096,0.26964908909111
0.2956756081843634,0.25427443676533473
0.29763945826115495,0.2747599651947733
0.29182219978265717,0.270093748364335
0.28101665367926865,0.260665383098398
0.2914051963106209,0.25512687164771375
0.28428796515715404,0.2662156075165175
0.28523528290415534,0.262631307229372
0.29814719839380555,0.2661400419842701
0.2942528062194586,0.26546351288840925
0.29491905851303846,0.2584666826618518
0.2924018021659139,0.26773076962403436
0.3032715714378973,0.2570491449007876
0.2952908374955,0.2535545485716444
0.2923951698641031,0.25668598726139197
0.2917233896564976,0.27069681596112527
0.28959530667361694,0.26759456015037947
0.2932001486765096,0.2581069245244306
0.2994397268985472,0.2668206880746714
0.30137428642823555,0.26543926003663987
0.30461325463442285,0.2597107208636737
0.3062217736605406,0.26334587171032897
0.2992749415190432,0.25993169754666406
0.2917051899764574,0.2607160824117767
0.3012416197706602,0.26570223241671154
0.2893628336182072,0.2692643527033548
0.29834969652220517,0.2668499906681143
0.2921864903168093,0.25869857158382115
0.3083914493644353,0.26361351753487466
0.2824920090553011,0.26804677862662174
0.28142656529041016,0.263420828674073
0.300805500911075,0.26179071046504826
0.2840422306459392,0.26040033779291705
0.29969098022614793,0.2628126123123275
0.29074480248149714,0.2669776888047281
0.28172399005236926,0.27389121009660883
0.2880562492570958,0.2594641985692191
0.28883112709750086,0.26313111581035353
0.2908136264138712,0.26379872949765787
0.293284861425415,0.2696788792921306
0.29612440852429156,0.2607073987999357
0.2994185596911493,0.26851821626850303
0.2987317525813674,0.2690074118647494
0.2991536064538322,0.27099596079044713
0.29368797293651594,0.26125763256682166
0.2984428553789755,0.2722249783516578
0.28563501896142435,0.2656744189065166
0.2938042879432645,0.2640580076187609
0.2933366315670318,0.2667575434118303
0.29886539567312187,0.2653434066966989
0.29382166090236894,0.26572731908391944
0.2968505384587732,0.2597292794308778
0.30238760453017793,0.26285300413735974
0.2984474852425016,0.2676239672602989
0.30066411909836904,0.2708474974942241
0.29508693815998716,0.2775792183367196
0.28962605996650964,0.2692902883285416
0.2940554685462861,0.27178043435624183
0.29280468125616305,0.2680499527705983
0.2928258967266959,0.2799460275763257
0.2863913496923471,0.2755999443060581
0.3010601309441554,0.27609838042035245
0.28280606243011575,0.2712343606644777
0.2935196035436294,0.27111400385905626
0.2975003718787869,0.2635775129706739
0.282292285831232,0.2692306137797933
0.30111392839075135,0.2713238266520879
0.29590161532778514,0.2697392576707927
0.297961250010202,0.2624405728197416
0.29070453515033046,0.27220417502912114
0.30025221090941356,0.2611292373010853
0.29076832909992045,0.2707951443719171
0.2854355863362748,0.273923752020838
0.30067967669182377,0.26770513418701025
0.287171033848842,0.265432147069627
0.2970335175699861,0.2630980389112439
0.3057661371629469,0.2703853427305851
0.2817437778889151,0.27218910734379104
0.29673889857953817,0.2687794140941177
0.2930436264228128,0.26545751296011694
0.2775351522180247,0.2722366172819077
0.28883166977011504,0.2694646159331025
0.2839766103162651,0.2790739490555686
0.29868489518362357,0.27562769914303237
0.2972169793969713,0.27036185079060965
0.2994714383521305,0.27420398090053727
0.303372705395216,0.27335905048059955
0.2934431831598269,0.27917204371439924
0.28376404005628847,0.2710837876915442
0.2840913672021633,0.2748990101590425
0.27851516968991274,0.2701575285389283
0.2940711438085447,0.2716492187654931
0.2853889336369143,0.27131210791869026
0.3017337523170037,0.2676019219400178
0.2911045183497848,0.26942507636381224
0.28301668187863416,0.27961673112674174
0.2833165517594777,0.27584798380487996
0.28708575747982745,0.2727235702579989
0.28038988673302334,0.26745222839836175
0.2890301149511012,0.2701901581883713
0.28345376037953274,0.2760716413744499
0.282266010636368,0.27455051225758453
0.2899934302808919,0.2724488137013488
0.29174050266638474,0.2750469824960867
0.2829639261653194,0.26299454180165827
0.3005759768559722,0.266325179493066
0.2926456495932496,0.2730281847400193
0.29120794052726096,0.26011070509890166
0.28687183733990507,0.27230692974977305
0.2946002408814504,0.26122732848069297
0.28566606267881395,0.2760348164904677
0.2876776417725663,0.2699515138965681
0.2875815467746026,0.2723242590202772
0.284097751407114,0.2682949612295626
0.286746196306391,0.27017461216523325
0.2808100444367266,0.2757603958842465
0.2990228738780899,0.26624098054943257
0.28315828494487555,0.2776989768831469
0.28615856942729057,0.2729262722277766
0.28326860541681925,0.2713680596880751
0.2859451017317539,0.26245542141250566
0.2819619372933926,0.2862044052292888
0.2915381599373666,0.2786555754489469
0.28822935329645394,0.2776871323371094
0.27713079331415935,0.27713320032581007
0.2806948390728469,0.2783936026710611
0.28688753560440744,0.28424772765333794
0.28518186749058294,0.27417111810296857
0.297601864257026,0.27568373568938154
0.29977618481236246,0.27994770240670114
0.290268379425145,0.26719240077286877
0.27700227531787447,0.28017967762923324
0.28129515653830994,0.2663218833822499
0.2819991377016717,0.2767211187604585
0.2858598772506727,0.2673816385306697
0.2822238021736502,0.2742649967968907
0.27491281582956967,0.28207412996295317
0.27447548621368295,0.2748391006852328
0.27370772205423344,0.28203733734073366
0.2810284688605663,0.2689659852268494
0.2809446232416141,0.2844282687576844
0.2881170171654751,0.2810523437938218
0.27635001635754025,0.2865709680663571
0.2872194127957336,0.2708655680055278
0.2819826004089028,0.28266875904536676
0.27760034964007524,0.27776487603032224
0.27558548331148636,0.27393704715685796
0.2756613357216618,0.2863616569190646
0.2876560882720454,0.2680893291089772
0.29090185630663357,0.2823258464635306
0.2758735190926804,0.27755651791537794
0.2821567100429666,0.2911704687693574
0.287959362082054,0.27770759236232745
0.28915127529700574,0.28180557156360925
0.28914153289584205,0.2766502939656275
0.27103193203482856,0.2817060880050717
0.2893537401335732,0.27223496954835014
0.27820720898700785,0.2836691502826426
0.28607982836352636,0.2802066211421705
0.27375274426870905,0.27520387300505644
0.28859142277539934,0.2736796335163922
0.27294947811132003,0.278674371379747
0.2735320051747734,0.27948838869728004
0.2794641014690145,0.2688326860785169
0.2830727552589571,0.27659549798991667
0.28195537526616243,0.28044895145227483
0.29111051019083434,0.2810254707518598
0.2743927062674995,0.2871935899113668
0.2813252552956074,0.2863345503767624
0.2696550635225182,0.2732955278088612
0.28369079088712973,0.284581995097558
0.2738673045803093,0.2794463104803904
0.27373781637168376,0.2740087769834819
0.2684917538253501,0.2779324572067253
0.26801154733941124,0.27693121090136474
0.2684073295935583,0.28233406553340107
0.27100872970094186,0.2816604848216919
0.27798741687670764,0.2814816031779939
0.26918894932514853,0.2844122421692568
0.27156341291768643,0.2918333756662233
0.27188080675232856,0.28970194090877155
0.28828273963703066,0.2855146106490434
0.2719116434013864,0.2843753956257097
0.26381210084579215,0.2795118269099185
0.2733144599537037,0.281526024227184
0.26695184259741145,0.2801609561746038
0.2773187492226644,0.2814194934263049
0.26910282217416376,0.29160640650487674
0.2768415238180234,0.27731662692979875
0.28264037810480097,0.28719535784972255
0.2747102811494545,0.28451431499885044
0.278418744040323,0.281699784565263
0.2777014853903104,0.28709793249416093
0.28199106452292205,0.28622826000435525
0.2774468605781272,0.2731424169826768
0.26751961885402187,0.28108310656954255
0.2672058581202694,0.28906543345719893
0.27148860835230826,0.2810678249741501
0.26565018293906384,0.28581180199329276
0.27116303991753843,0.2821224052260895
0.2751349649876402,0.2854514248284515
0.2790809715590876,0.28679804111958324
0.28095373661307055,0.28439109611146784
0.2731987942725648,0.28280574123220487
0.2773690100070902,0.2950986421404702
0.27280373435010286,0.2833916456680817
0.26415080541952873,0.2915081801492591
0.26426054398336773,0.2755008579294838
0.2780450964252481,0.28452735764277864
0.28048110613847854,0.2760006638887639
0.27913159500601586,0.28198000724674077
0.27270542066209563,0.2913861238463684
0.2691149011223191,0.2851196334804573
0.2876644254949405,0.2797737626781903
0.27019652293185886,0.28666540439014193
0.2789938772480287,0.27530064742808946
0.26000298171049446,0.287296928647197
0.2697476898066765,0.28296297485874267
0.2735501724792021,0.2844827294764752
0.27134517036499534,0.283673463936224
0.25916419950186004,0.28239654632394934
0.2599438970466164,0.28539214155539405
0.26488423580076553,0.28090781527170394
0.26451585013584145,0.2822781010906579
0.2669867611572468,0.2875352929325403
0.2557696435704755,0.2875485735980985
0.2643781113690287,0.28494839174661196
0.26656733375953745,0.2835988245723955
0.2592389524676377,0.2846990463643004
0.26119497630248184,0.28866938525510366
0.2676443845123877,0.2797114764404173
0.2714320026321365,0.2849292606355088
0.2648650626073189,0.2860904954807843
0.2654493453798306,0.30004162143027285
0.27112274799518554,0.29024891754537707
0.26774313454323345,0.29000416629094916
0.2586197164046312,0.2823014672091935
0.2594458774060165,0.2899261619568526
0.25898811992610565,0.2813051707937995
0.26325231521623205,0.2783767599461476
0.2558864771882708,0.28918062389789256
0.2653722036326102,0.28777662446663665
0.24866348200839228,0.28873467616666737
0.2621488790676635,0.28593260326814046
0.25200357676792445,0.3003354051023553
0.2719666526429829,0.29050648308071453
0.2635519428844911,0.2971826759846095
0.260450291413887,0.2909153022494107
0.2575422062564983,0.2950033894712193
0.25874481149689904,0.29211304816481026
0.25781372026343136,0.30173157137858003
0.26083781328088873,0.29651878200883164
0.26932619193987595,0.28606343273616186
0.2735679615130967,0.2888394490109557
0.2691978831894149,0.2960124804290076
0.24981751868331048,0.29429787296559135
0.25420252268156174,0.29267490450994355
0.26143382922679137,0.2845596641011828
0.26307646041607835,0.2804894271751725
0.2581727106212177,0.29352219571774046
0.2709630824394457,0.29405967125899835
0.25770581410368676,0.2873965235759616
0.24857742164683494,0.299816996696602
0.25414979440889973,0.28919167228599674
0.2604123519196806,0.2925380068603003
0.2551201820393577,0.2899329072509412
0.2493830817827609,0.2864858508947729
0.24294428222793202,0.28961944892904795
0.25031832477730803,0.2972701656386528
0.2568843423680794,0.29560481839534214
0.2713467769844193,0.3021974659377139
0.252050961394369,0.28960973488929076
0.2564922840933306,0.2958375316609796
0.2577146734925515,0.2937055921132317
0.24444605794272076,0.29551123486964603
0.23555773875151706,0.2990930355215859
0.2535061781855479,0.28710515525553915
0.2561856948690333,0.2965903602661111
0.2548154572471391,0.30064642949226544
0.2516548600071518,0.3002240026830242
0.2538276743112954,0.2900182206201539
0.25321115255315013,0.29800369133906357
0.24608980760473734,0.2958070020755278
0.2534943422232772,0.29423996275820663
0.2631862484162226,0.29440588140193896
0.2587629627160651,0.2969697058422993
0.2569790498558292,0.2884933759091719
0.24346898182435603,0.2938409177355033
0.2535441768429267,0.29373377245199594
0.24444903511290794,0.3079571410365334
0.2528211153445456,0.2947249365716314
0.2573419436103242,0.29268850711625616
0.25928177010286957,0.30242933810571815
0.2461259762183866,0.29664935373771645
0.2603558516302744,0.29308444263871214
0.24237833341142065,0.3010424772044446
0.25248771736038306,0.30135137951731567
0.25779027059944476,0.2848073480251756
0.249926310138027,0.288733613079605
0.25364303859848036,0.3050458111292193
0.25648232449943725,0.2958166774256594
0.2523823532995209,0.30484072886542685
0.25646107453081407,0.29001972722071656
0.24833571606947702,0.2914875838074297
0.25430291332965177,0.2958385275372295
0.2487589549585773,0.2993535440866205
0.24989683800465334,0.29534378037163805
0.2615235940634055,0.3002394788400721
0.25105538881213857,0.3077771635538392
0.2500323100730114,0.30198195282807333
0.2514683435581679,0.2957103559408368
0.24182417942224807,0.2882400929965291
0.24806764059827224,0.30136295058631596
0.25186931280254804,0.2972271953933405
0.24602919586100247,0.2947102646370637
0.2481817303840985,0.30120134491713124
0.2665413288638831,0.2973131968702047
0.2487018750680299,0.2922194011447521
0.24837981774926068,0.29054568750472487
0.23244582224887497,0.2966660651574624
0.2321515848137818,0.30039134208661905
0.25819566001469874,0.2941598758788552
0.25265491268887746,0.3086380018137965
0.24889551629062934,0.30127855674592724
0.24157951473905484,0.29228643361195644
0.25172974222305844,0.29627533751119123
0.23407834768537977,0.3097500977273814
0.24444362908568584,0.29915377343958494
0.2365113424008821,0.30243596358745956
0.24409782405388616,0.30745049279278536
0.2432712633556756,0.2913985131927192
0.25250897952381435,0.29896688282996475
0.2341369339937753,0.30271509490288984
0.24902802196090526,0.2971606579780914
0.24085588009700457,0.3071288506602564
0.24191310577490902,0.28862593844575957
0.24635119395500496,0.3042690269002244
0.24788073326057353,0.3056500395859698
0.22999139892255224,0.29690100903211547
0.23790787779595526,0.29834161448187724
0.25005753918942103,0.301849906665656
0.2510901604692978,0.29894911999809193
0.2503727923343018,0.30871084559172673
0.2537513337145327,0.3076680908200605
0.2444871179150138,0.2981080158807555
0.2301466452835975,0.2898944293702944
0.2368101981246647,0.29686359746560514
0.2441528909604287,0.31518998921835645
0.2439899945371307,0.3029526859905698
0.24183442193474908,0.29715137251549223
0.24227896601019946,0.3049749579780951
0.2509972373006252,0.30407430816849845
0.24626848355573186,0.30783577046060984
0.2638141303900141,0.2983010152060878
0.23974657341366926,0.3037646376775541
0.23924490793747064,0.30583156827182456
0.24679302168521508,0.3099834475460218
0.2594910854240805,0.3096393079458456
0.26019744943565337,0.3046287790095256
0.25499358511603304,0.30520352943928825
0.2617535042458412,0.3017991047126891
0.24812632570946885,0.3061472071640465
0.24110630740311886,0.29875522635670326
0.24278802073660335,0.3033987770816924
0.24348897274434247,0.3063122457249473
0.2583965027490746,0.30582640934607846
0.23982723184865082,0.3050000299545265
0.24292624770564705,0.30628934057757984
0.24314501161309032,0.30491341319707216
0.24666761767317388,0.31285714770842304
0.2328181529913883,0.30706542389525815
0.2430086288842635,0.3036625086037161
0.24624361240946535,0.30785676394341077
0.2365786056013266,0.29761446414532106
0.24301821177232671,0.31649805095080646
0.2411143841846047,0.29556602796296494
0.24482893410345682,0.30950224022934186
0.2309485123311957,0.30507430051786844
0.24485794721085172,0.307712275300177
0.2371711110364337,0.30683889980333345
0.2436073423155095,0.3114621448341812
0.24162871661585666,0.2972918359788134
0.23640631508365298,0.30445433526951116
0.23251136866998193,0.31003310598770284
0.24692272565967033,0.3018421553032622
0.24454292693119117,0.30799198367897945
0.23002419946654104,0.30406889814726706
0.23569883687526086,0.3052865461450378
0.2382023581364105,0.3137297457198745
0.2489132532411419,0.302249501897169
0.239450035606397,0.31041387176787333
0.2337228427032148,0.31419441161511175
0.2375865266262849,0.3025499035273367
0.23569612623972733,0.30507307961293056
0.23305788454246346,0.3108216725894144
0.23025678116273665,0.3130918413687641
0.2405477157269656,0.29669851014394716
0.24250411857724513,0.3100917396294431
0.23453188942307582,0.31241155707045504
0.23707367407860983,0.30420063651046364
0.2288360107299425,0.3012435975103863
0.23666535549410098,0.30865546375556546
0.2264722129343562,0.30404810686253
0.24585313473358708,0.3147405981452816
0.22971199557795557,0.3132819702758371
0.23151183706918738,0.3089144069026208
0.2362591574089506,0.31330469561697094
0.2422869884421646,0.31151530443243397
0.22902575810097187,0.3130769487817519
0.23128149833600745,0.3158347923415575
0.21752852464782169,0.3121694744542416
0.23396918858795998,0.29999800056744563
0.2287645313922551,0.3032531252036953
0.23100852997181576,0.31441659492859786
0.22850183972862262,0.31366139577952296
0.22465851189506741,0.30865567407979705
0.22813171125268833,0.2961138859724596
0.21350513149979386,0.32194085280935003
0.21026707080256435,0.30940785708822816
0.23184521598751387,0.310715013959903
0.23033891985863322,0.30973804052593645
0.2408782818793985,0.30872135299727177
0.23473940487792322,0.30775058517044157
0.229182771079266,0.3055701535099253
0.231890397588825,0.312403482947993
0.23160387935617513,0.31006208494147963
0.23558207136647918,0.31921864573954556
0.21853244357686083,0.30207808789402485
0.21567736736005028,0.31183329515497166
0.23488308026074334,0.31536710468241913
0.23016321346139373,0.31002009955628296
0.2225535328207131,0.3178720994364713
0.22846598481830135,0.30743826116947376
0.2161533562521152,0.3121901516672244
0.21406475136712,0.30572258821596887
0.2231858751308736,0.31109682029172625
0.21986737713882615,0.304718808594192
0.228111300120436,0.3048807561292514
0.22648300611663957,0.32098479124639
0.23187705275987167,0.31110313294052017
0.22841043269311642,0.31492576133272027
0.21770361795179227,0.3106228489479014
0.2198569646849053,0.3094444121053089
0.22482679012071247,0.30753350921605976
0.22374377214034605,0.31654853082745626
0.2221858866856014,0.31647444216130943
0.22754817945055042,0.31136758089349426
0.22904257905345485,0.3077308111243944
0.22198762553561968,0.31747930663464224
0.23387915922366484,0.3137500692181784
0.22472554502826297,0.318868928876543
0.23233750584894888,0.30934963623404405
0.22457707944515126,0.3142144146328491
0.22168785450015255,0.3132443797280016
0.22637050115038318,0.3136279777441866
0.22238621177300796,0.3234977537471371
0.23116585271182077,0.3168148950213952
0.22942925160849958,0.305299175268304
0.23189100304003046,0.3074297647062981
0.22880058909928278,0.30889028106512345
0.22680139635284427,0.3247065050752781
0.23264481721453112,0.31803973862407053
0.2243373592977126,0.3116742895440092
0.23452775166230114,0.3181854204346991
0.22924048078238876,0.3219584678805589
0.2297025059337546,0.31003303461982845
0.22155243418097975,0.3151948583944947
0.23721216439818593,0.3193011235376225
0.21300586453478013,0.3189054103392162
0.23237253922441867,0.320991774829085
0.2288498454285627,0.31213217436251345
0.22067934306422446,0.3150371210782245
0.2156223683799164,0.31742346478261857
0.21749839752266098,0.30739849902695415
0.2133823959822128,0.3196935187273216
0.22014567962239343,0.3107308926731557
0.2212021195292636,0.32048271838035264
0.21522023623672312,0.3053199110372102
0.2144727398515556,0.3126953401898219
0.21614511008810902,0.30447568336472763
0.20778425004355935,0.3198151485898095
0.2223463914912543,0.30345826420668004
0.2259248152959808,0.31625085382141693
0.21641352786531282,0.3238473056642973
0.2199600460335432,0.3178900740438808
0.22811511739246154,0.3087883199758213
0.21236155522775046,0.3113064498722504
0.2086138627846791,0.31219354993387505
0.21991076580459878,0.3099614455009605
0.21605108291368114,0.3208320736389248
0.22920122324325362,0.30648704646065783
0.22585893857498596,0.3113428032134235
0.22015665083242686,0.32035146740071746
0.2224140589163126,0.3086593425139469
0.20995101672538174,0.3134870760582473
0.2156252677505824,0.31330016745134337
0.2160128632614136,0.31743700834183175
0.2169090490111499,0.3140230193108049
0.22170702284951957,0.3135258476609715
0.21986581373799943,0.3133659209614524
0.22479773800493327,0.32739209788549
0.22183471498080132,0.3162927851122589
0.22706292663910432,0.3095560325976192
0.21949393249146326,0.3082484830251459
0.21715699425134008,0.3088972778140019
0.21858735001527863,0.3226193481029898
0.22070720689344384,0.3159936120540952
0.21422571352309186,0.3202023264097319
0.22259804398222266,0.3193405082998578
0.21295845039698866,0.3276069548565914
0.2282880843166345,0.3121267510960175
0.22438373932661038,0.3324668450252119
0.22538126794343408,0.3196832892849206
0.22500321935217363,0.3167403762689761
0.22857097108359165,0.3145494829044957
0.2271734641491617,0.31704254175822566
0.22702497859021967,0.31771676020676193
0.2256855953205197,0.3222939749298251
0.23217232290121245,0.31834550781175724
0.21479170071517473,0.32572568151907866
0.21666368091930222,0.3246531641602493
0.22916267572845406,0.3109017718917316
0.21566958193042943,0.33037377058157197
0.22090922006430613,0.3031344390431853
0.21345116837104047,0.3210707504269261
0.2252145773345689,0.3122128734757351
0.20975456940174672,0.3265285434127261
0.21016231202173768,0.3187573922397623
0.21911757565349857,0.32672980548671987
0.21463803484492186,0.3126765957120604
0.21057267330317692,0.31034851923360096
0.2185208730620541,0.3094189985233132
0.21214023862907175,0.31103499078254476
0.21692505892181554,0.3179430640084482
0.19382207887590336,0.31400316958550606
0.22050403598059734,0.3078487725654361
0.21213143507458926,0.310343614801321
0.2287494296931293,0.3162535055911068
0.22176767388971957,0.30998595735353596
0.21540682815269532,0.3113082652770489
0.21105541974934416,0.31622042354454905
0.21603629891061502,0.3138542974639937
0.19769689305423993,0.31968963523852456
0.20052148787131188,0.3204613738560719
0.21294601889529036,0.31505374386809
0.2168792516928856,0.31233109239039575
0.2029217378654316,0.31368760991854716
0.2114786497070223,0.3191054841333427
0.2131700709546729,0.3104867002477009
0.22541361905767968,0.3212816553146505
0.2295997522732155,0.3172360045196549
0.22300927121113395,0.32011315203415563
0.21165399225423065,0.31871516810541767
0.2105782882534042,0.31676943642095046
0.21389096656899043,0.3287879766276471
0.21882025238384548,0.3222044429666957
0.21691673627279334,0.3209933305836348
0.20554999639693092,0.31318823708410676
0.22567679240239208,0.3077224915272542
0.2167637256365819,0.31756711259296727
0.222610748935134,0.3189308718437819
0.21445700180098987,0.3089426251392849
0.21033521766129568,0.326883194137498
0.20029223749707503,0.3229466534935642
0.22027337864327995,0.3212413462901776
0.20588723070293174,0.31507939555624115
0.21128916014888113,0.32164791545633575
0.2161335528703416,0.3129325018122815
0.21425738462085991,0.3254330488522151
0.2130632272430663,0.32521689116343216
0.2202262559310036,0.31821024417882793
0.20989818720132658,0.32567209491133536
0.2089308810602023,0.3157652649289209
0.20130346016830059,0.31674098756390456
0.2022931784889227,0.32891372787326095
0.20877214189720902,0.31993020557097207
0.20844540458085895,0.3207945622108007
0.20591679749122857,0.3153043606024282
0.21313411249219316,0.32457800076318905
0.2065188659708259,0.3199405288666889
0.198608479354757,0.3241884322271068
0.21434565373243852,0.32762351178093985
0.21528328586754483,0.32138845316176756
0.2086192414036038,0.3227057495677164
0.2088773093324288,0.3145151769464714
0.2076263882038184,0.31932889923734364
0.21583959434500705,0.3248603793812557
0.20032507399153943,0.31960131363317695
0.21205528703171467,0.32222603571485414
0.2121140755621173,0.3167970245850951
0.21436142133711533,0.3142120188186742
0.21308831761168834,0.31769533083719886
0.1970524798692313,0.3192753019051488
0.20745683575205823,0.3176342441121736
0.20541448421548877,0.3203674390709228
0.2002718921788658,0.3187881464292734
0.2108500540663789,0.3187959629277982
0.20605108559183763,0.32426662403047135
0.21001776383704954,0.3209714555322212
0.20325068843758284,0.31837154478783286
0.22147616700103073,0.318484246131912
0.21110622412758198,0.3301224102013472
0.19585262920527355,0.31997575547446233
0.20956515543200294,0.32377569210268287
0.21607883074960166,0.33072805254132104
0.20907981687492183,0.3253167735478489
0.20259130542883647,0.32195436287587786
0.21354034338396985,0.3242321385482767
0.20601072655660416,0.3177825472223972
0.21277151420651252,0.3264006322650795
0.21115828951044432,0.3323241292672836
0.20345769768026503,0.3198197872789106
0.1986747316515284,0.31493791565477863
0.2066049088089982,0.3235647204057809
0.20198247190582028,0.3156272800546521
0.2101076515826262,0.32617270589639846
0.1975515559807499,0.3255823216933265
0.20253415828656723,0.32390451282794047
0.1999280761001384,0.3242485235814976
0.1975195942659772,0.317418418895068
0.20621175585447665,0.32355412033121267
0.19682988052256414,0.31916510263202624
0.2053704373514557,0.3234075377685247
0.1981461570963035,0.3129515997142389
0.20438230871366725,0.3191933744221649
0.20417426098898048,0.3167084088760967
0.19394180971791025,0.33048999754383723
0.20733688428998784,0.3199826650464309
0.2013872596653331,0.325292861977149
0.2026720469991089,0.3226135378514267
0.20088034650086153,0.3084918864090909
0.1970137519925433,0.31605328311217296
0.19611215995254375,0.327263886933908
0.19978359520462546,0.33414695658229376
0.19129518184978653,0.3213162895455067
0.20057027257078444,0.3273472305164017
0.19279536593556193,0.31716037055476265
0.19769357863644751,0.32147343081372864
0.20401611700794567,0.3288751088617797
0.20091442113505345,0.32490649382971304
0.20203684288913118,0.32729777791651143
0.19274969283359358,0.32803215652069306
0.19252660211008288,0.3182585990930657
0.19392574559001724,0.3166994102235119
0.20381692946152086,0.32826270610474184
0.20286275094631695,0.32339373728498527
0.20655410665493215,0.32001132833415713
0.2063910403122675,0.3287149399916128
0.19437936081878215,0.32334925020001204
0.20218186978281186,0.32492525087283525
0.19970480297992968,0.32114204327968887
0.19091981218771417,0.328385081288912
0.2003408057125856,0.3203190736537158
0.20035760666529795,0.3158651515681655
0.1963959512315052,0.32941550529467883
0.20742705277246282,0.3342091071631569
0.19684534286004288,0.32286121527898826
0.1981705609248902,0.32802320751106445
0.1911206839766297,0.3351455488408528
0.20877422882878444,0.3215705804849193
0.20031661064187462,0.3134954246071724
0.19292143081592855,0.32546878554438724
0.19491130054222475,0.3250889898679403
0.2009769899652357,0.3281700882636644
0.1946270635575173,0.3225575905806789
0.19607817426160745,0.3319837373986565
0.20027772788921322,0.3291539728255595
0.21013475057064424,0.3187776949080076
0.19666081812187503,0.3340299895702801
0.20157800615445534,0.3193542581009458
0.1818746543532345,0.33663808850103144
0.19140373423301185,0.328182804289935
0.2015815814470423,0.33412623666119107
0.20148852290439043,0.3311161314501663
0.20803071220768454,0.33509566197024326
0.19627795090406672,0.32602887414785797
0.20167189426250792,0.31848104431169577
0.2027514417762962,0.3358566320813509
0.19765414740213985,0.3309476470714849
0.200998000296609,0.33068742115749905
0.19835860599659827,0.3284830347991852
0.2002611236475463,0.3243679434492694
0.20261953617757256,0.3244352044894133
0.20746940932466182,0.3230999703932979
0.18390449861106814,0.33440663514464175
0.20812336514531016,0.3346258499221956
0.20535424373666872,0.3168099519678015
0.1900643009212753,0.3271286715322091
0.18625378729730158,0.32002806121701705
0.1924364143459409,0.3218592459370163
0.19448121813798566,0.32193492065097123
0.1932077957735291,0.3316267612939492
0.19774722747506457,0.32506149353717834
0.20128882987291064,0.3253013330982546
0.1939420188442906,0.3180148684823119
0.18164891969624145,0.32314290776303956
0.19527264255858875,0.32598179794246457
0.19137984648056322,0.3300870314080822
0.1930180237390884,0.329184777839244
0.18461470911761427,0.32798462259251815
0.19703176780794526,0.3261476947984552
0.18653439112091738,0.3401979052835753
0.1896527821601208,0.3236490942732355
0.19368977306975613,0.32347069585655636
0.19788256784775,0.3243252173933467
0.1898207721197089,0.32881408654630506
0.1939592177546985,0.3262128267068135
0.19415382572618992,0.3292537904545756
0.1909669223153133,0.3279987361146554
0.1967040652126029,0.32743154137588343
0.1974685233236181,0.3285251795340543
0.1929629896938181,0.33781796086138965
0.20411853574538924,0.33049152929920683
0.19731569816685943,0.32673801592098445
0.19334814264185024,0.3249550288345525
0.19291935684505765,0.3299323601082125
0.20400530608361214,0.32590470094609786
0.1790767680626675,0.330655703308944
0.18113001811694854,0.3202390243242651
0.1826395439657043,0.3268623796373532
0.1999346113127438,0.33121988859952667
0.1897021795408196,0.3251136958137917
0.1846215184871776,0.3230464609006157
0.1856708873633583,0.32561395706539564
0.17907542859121442,0.3269032484620114
0.20172563191665793,0.32201399575524686
0.2032446249043692,0.3218010422155871
0.18454576540842668,0.3379894340671267
0.1882818991251612,0.33212069553370943
0.19166111209815384,0.3265008731522312
0.18822410798698477,0.32265341448877594
0.19010923068607866,0.33610215972545104
0.19219223920137468,0.3278193968458627
0.19062750563298086,0.32650273552063785
0.18157585592266332,0.32124829684651685
0.18263257557133783,0.3347312643952076
0.18811786285333976,0.3321851935552084
0.18836700198888337,0.3248149855233698
0.19419849677893636,0.3297711510367393
0.17424445113109227,0.3319803783082123
0.18598212456695923,0.3317834413652492
0.18930345976919805,0.337330803961872
0.18318538005035784,0.3283937531980532
0.1770689975505022,0.32419248408556883
0.1967343984115484,0.32338830727774975
0.18255075961440323,0.332205892012798
0.1951770025501622,0.3270788000444039
0.1773317108887283,0.33395032943931996
0.1810891039567327,0.32746677523083545
0.18460787605482945,0.3236176427976534
0.18046355396121921,0.32767586328919995
0.18003911570996814,0.32452819563808605
0.19421657535817854,0.32596943440140796
0.18729512815235408,0.32236124881683226
0.18761634448267184,0.31730570280494064
0.18824380132702231,0.3320295123996055
0.19131664646838492,0.32747637987423744
0.1885699883471101,0.32462689589909854
0.18375771925596215,0.33028599459778024
0.1861495557989724,0.32420859582283235
0.19485241350179938,0.33073593335540197
0.18032181437071737,0.33838254573245996
0.18212171952918055,0.3258350868803812
0.18828799158865056,0.32787296378116587
0.1882498165786344,0.3341211157694585
0.17522786446427555,0.3328351242427917
0.19923190682263037,0.32866138530747246
0.1925370120905718,0.33391265618522015
0.19064750676421713,0.33091582134850794
0.18245877808190025,0.34284928606877213
0.189090851816145,0.3293937373550639
0.1858371099340355,0.33626151053994857
0.19169943919605992,0.3300422884975079
0.18495960514798732,0.32827674005240404
0.17862881911685322,0.3264288827480717
0.18883238356200335,0.32800631091559773
0.18352628363711831,0.3345557368293364
0.1874597388941926,0.3222343547000007
0.187947971537901,0.3264695669205132
0.17996390208972807,0.3408997299127589
0.17869975048761202,0.3299789145340154
0.18577028861621653,0.32420958469837735
0.18440495862198283,0.3314556654899952
0.1862334643371038,0.3360119201019269
0.1937014473910726,0.3340476286126736
0.17759408341363545,0.32156876109168914
0.17055021074388524,0.3232899444546932
0.179510189764486,0.3351108723425111
0.18569944676077463,0.3312682816365446
0.19167028137272868,0.3342764849364396
0.17603911437713918,0.33247383004923614
0.1824858470515725,0.32822237873437554
0.18682311428506743,0.33528508165537774
0.18770540345699552,0.32816231192444156
0.18152314533470934,0.33027862344060815
0.18210861088665967,0.33270847043497387
0.18965019688149887,0.3336821456444586
0.17533670710200946,0.33463722334144785
0.18678498343788166,0.32814714978174214
0.19176753637269028,0.3281400350216201
0.18583901148823467,0.33013794223656456
0.17768089913584506,0.32725621388943044
0.1881567111073443,0.3343330640647722
0.17517072431926392,0.33556805424612485
0.17734601257838103,0.3230913044948187
0.17441242280255462,0.33739388832036105
0.17587149177547015,0.3264348260034665
0.1813663842530907,0.3301329993625994
0.18612181749836448,0.3280066703096048
0.17830779208276618,0.33454516402755086
0.17112299276226725,0.3277782541221025
0.17370336686634105,0.3332844766342923
0.17658109174004352,0.32336144294485125
0.172590654736508,0.32848175164552595
0.1829337503053508,0.3309834057951951
0.17990555885432538,0.32863563261933826
0.17692446535910517,0.3317236609566852
0.18354671382823423,0.3301716024029304
0.18182903812988427,0.33492344340807956
0.1856236497043665,0.337267456525317
0.18308240121543912,0.32903330261710206
0.16187890015323397,0.33807809966913566
0.1785666831814207,0.3304125673008408
0.17646543211559595,0.33095181343923546
0.1816953395081792,0.3314106192235321
0.1740765813909559,0.33076283718317817
0.1734907509085248,0.3262817808070247
0.17120665352601339,0.32324174610165923
0.17261172696907875,0.3348761277022811
0.17766473170136657,0.3283298857157739
0.18677115496719301,0.3426415249509399
0.16701725948354187,0.3372054673784868
0.1741510183374778,0.3325921470967203
0.17844493445608356,0.3340177026532286
0.16236476868969876,0.32940499525195965
0.17642607510746197,0.33059721724236113
0.17474110503035972,0.3274607605774413
0.16863624131499869,0.3320621537798739
0.181854045756933,0.33951766319644316
0.17343744096998107,0.3281911893768924
0.16185660419010328,0.34398203372481984
0.16774263879435625,0.34058004345416987
0.175599973708088,0.3327050544168776
0.18031567645433186,0.3307894676817955
0.1714719383999849,0.3319608012064612
0.16460929304910463,0.33456948243271745
0.17360670282463553,0.33119003587546575
0.1694011853423748,0.3415238862640673
0.1761643225322685,0.32939018809822646
0.18548018249024767,0.3365274566484104
0.18072232637856353,0.3377319083900401
0.17840891586342358,0.33483418690617495
0.17824869738986426,0.33019840162731934
0.16947889171981348,0.33482040370494415
0.1845470741428731,0.33752137324132847
0.1720943602610767,0.32689716739821806
0.16528749134735155,0.33868177858795784
0.16208231323729766,0.3296457415260829
0.16897274779762522,0.3409083535017671
0.17187603777933566,0.340290706363714
0.17122024575383923,0.331509082367284
0.1636456640291132,0.329689931547432
0.17473343426195795,0.33576568763235715
0.1693880822022804,0.33213586595980776
0.1675212632555632,0.3375966267116392
0.17148460662387283,0.33106691346911565
0.16347752064617074,0.34046810149633533
0.17771804552469225,0.3336855252613072
0.16851931900526046,0.332499336709472
0.16902516387810176,0.3367808785778564
0.16410996790433718,0.32912195221003876
0.16884611127610352,0.33990640135641753
0.1721293768908422,0.3416055428162546
0.1718062842370665,0.34212098820303466
0.16101772010929233,0.32537437510914885
0.16501711831677301,0.33735084383047487
0.16442974871311447,0.3362226940310164
0.16114919668540614,0.33311840311099
0.16675895656673317,0.3296079146242202
0.1631476481581362,0.3350001436156859
0.16764129484487306,0.34143846793662186
0.16277363946627907,0.33657327339621157
0.16318862413406537,0.3263999604951181
0.1722372581944089,0.3482368489394885
0.16601647465432356,0.326113942410907
0.1564266204921455,0.34367330338481045
0.16690604758333868,0.33790084542093884
0.16509651359638985,0.3325941090433926
0.15670930472997166,0.34291737931806576
0.16991999097881916,0.33591691743870056
0.1611283070771913,0.32835458281191393
0.15655772450682967,0.33112519416120817
0.1572401841814542,0.3324813267868704
0.15715009214093167,0.3397243394950674
0.1651137171458051,0.32419049201984457
0.16695392200883125,0.33301502923036497
0.16053690901745143,0.33380429815623003
0.1589988235258586,0.3338065273069723
0.15258372191647637,0.3387390073496881
0.15851619150545557,0.34881606509955265
0.1686034803243413,0.32610537472657986
0.15451551724099613,0.33487113115981987
0.16458206578732978,0.33307484849103125
0.16176419296306133,0.3339713400448656
0.1619744895933517,0.3311560225733173
0.16027278764063205,0.336839989681637
0.17052584710596808,0.3421236091100022
0.1661049309662327,0.3423202988938504
0.15973877977462428,0.34428469495780517
0.1718884612709876,0.33858976688660947
0.16630280192618213,0.3397441131539905
0.16104900745109044,0.3410608298811448
0.17484427961915297,0.34339052642272383
0.16324440382667119,0.33732017682982995
0.16342077491463042,0.346112143253899
0.16595625907436315,0.3400109402233627
0.1643324889642908,0.3424905924137495
0.16784736417616958,0.3432318127141926
0.17169570645548152,0.3357461914808053
0.16251984929061578,0.3369142496303577
0.16407388733313402,0.34056841843401703
0.16710466610985442,0.34962386177858784
0.17353671873456894,0.3339230091658554
0.16566590512170298,0.346520859743415
0.16137380392413772,0.3422438314277208
0.1615119813590995,0.33154663223161007
0.15733719063404406,0.35045066256106816
0.15509585050339864,0.3449372473127868
0.15343495047589797,0.33905617592686144
0.15275214050917674,0.33901641006449146
0.15373852743564154,0.33273482386154646
0.16301379079180392,0.3391992475781257
0.16537777296391656,0.3363296509255839
0.16274947778160428,0.3358861886445093
0.16824629563774546,0.33962239594223387
0.16342073348711797,0.34242099497632883
0.15629740183354013,0.34134814212698256
0.16065611569405336,0.342398140439573
0.15360399375661582,0.33797234274195487
0.15765128551042057,0.34049419653873153
0.15892505942785073,0.3338232803753118
0.15904137043083655,0.34275355738106167
0.17120770336593918,0.33488499768845686
0.16336682001076994,0.3351517365939939
0.1616078032239331,0.34435709145179483
0.1555983148489212,0.34608311610951675
0.16232733648462422,0.33430150584203566
0.16113082043164276,0.33938678144484113
0.15604769097936588,0.33475545667567247
0.1631667552041361,0.3327050193266145
0.15771061482458634,0.3386911035550912
0.16014728578274032,0.34705070334407273
0.15410117730295764,0.33653484547224033
0.1457535770822798,0.33176469995020724
0.1456581982176953,0.33512813715597045
0.15390933948532515,0.3364619459940623
0.15618645969315625,0.3328523810833992
0.1620937441626778,0.3342195838936133
0.16520349412781943,0.34332229643258716
0.16110691894319562,0.33947258187482854
0.16045858475332067,0.32933055265933575
0.16077260853652947,0.332215959793237
0.15706592881967307,0.3426589333033321
0.15386915061905895,0.34251562078452896
0.15590796884210908,0.33873970223023525
0.15511232781643502,0.33556097983516664
0.1553210151170291,0.3357621214292878
0.1623369250880191,0.3310514154636037
0.15758259545474604,0.3412696449344391
0.14704394549396493,0.3423853385193199
0.16040777817660207,0.32945588542037824
0.14342437893511964,0.3466372733151421
0.16017684802157353,0.3388473562239441
0.15488891773660224,0.3393106916906409
0.16693250917056185,0.3386365380414033
0.14957349038992993,0.3494836300495808
0.15933808388783624,0.33029210002457876
0.15262179570107667,0.34588367542671755
0.1460609129410585,0.33478293704951734
0.14996001908225626,0.3406851484129931
0.15329397785841595,0.3450425911091734
0.15250252361696953,0.3463446294628904
0.14962330846139935,0.3414144474862544
0.1523941191369322,0.34868745088623976
0.1531783663316894,0.34000539073110764
0.14848768705431648,0.33857787359878394
0.14014186726757213,0.3379587456670065
0.15967836723226805,0.3326666386752988
0.15290572237334982,0.34634503562335206
0.1457588592709174,0.3404968443631946
0.15359541084914316,0.3356534734991703
0.145437740507198,0.34378272119595293
0.15709502520127175,0.33146098731239043
0.151974233499392,0.3397246660931566
0.15028096756803955,0.345922580231945
0.1584943537146833,0.349014888146852
0.15361522558148744,0.34435365072660923
0.16141129152148673,0.3277293582163892
0.1594504416723222,0.33644962748153506
0.15023035107105756,0.34197895035574205
0.14625074393795712,0.33431764443373685
0.1489315924040162,0.34618570662696946
0.15590850391521066,0.3379959079528183
0.14186519858358881,0.33837295932836675
0.14757451207054798,0.3387033491029572
0.16630318180528514,0.34275391079423684
0.14626287299089016,0.3359380056949226
0.15165115831199286,0.34538405743396794
0.1460910380294621,0.33565690287595634
0.1578040396854522,0.3455342659541421
0.1548245781632515,0.3387427242907014
0.14425302770705872,0.34375666438508334
0.16165099020530826,0.3401052789346311
0.14461153442266594,0.3437845766623174
0.15786696327298802,0.337683671120313
0.14777924531544154,0.34774193600819964
0.16383224783804823,0.3467737720738752
0.14467376269776655,0.3434656439515093
0.14344290151236305,0.33192186910884486
0.14529984883012131,0.3409833883493504
0.15448061650472786,0.34325465798248833
0.1475031332353495,0.3448957589404714
0.14520042700499683,0.34180194096426225
0.15551951151888177,0.34422346739598564
0.1539611871632555,0.344159977611336
0.14532811474247925,0.34515278498624147
0.14868267763655446,0.34352949308659647
0.1580558794955769,0.3322309148693555
0.13857759231037062,0.34300616926379535
0.15105812458196355,0.33981854684894625
0.14634646987976824,0.3416965126237145
0.14355554537440343,0.3450233264917972
0.15130625250010726,0.33562952810193786
0.14119248331959186,0.33839619031530094
0.15378106238658382,0.338871164506446
0.14424304268463767,0.337666144380615
0.14613785261959175,0.34101312171926085
0.14981777066283028,0.3394272865379862
0.1549392854885635,0.3359573677762745
0.1479988914874539,0.34595471120959415
0.1446847472890278,0.34963395227252997
0.14595304379500548,0.33256124263765763
0.15018691313819016,0.3435017041335363
0.14696878171564834,0.3397797163525039
0.14328989223570515,0.3434396473825508
0.1324812554330594,0.3386646681636865
0.14571520877561572,0.34099691108429797
0.1563613771772583,0.34392640614505887
0.14952166993841876,0.34303793160374174
0.15375622936369876,0.34281207954153764
0.14029952517220332,0.34794417696460817
0.15446211878874386,0.3471082257539884
0.15360114114554457,0.3318859006734087
0.14228355952614552,0.33439984955937596
0.14544549087001027,0.34116613601472134
0.14278457581704304,0.3454899363663188
0.15625297979882383,0.33762181591523543
0.1468849087323228,0.35078121705824156
0.15243712215312036,0.3465721545467405
0.15077809173307816,0.3350758289151298
0.14043478096486794,0.33807253025268197
0.14850533735007715,0.34529810208028744
0.14605892912243446,0.33697133199789475
0.1496461120176841,0.344185635693686
0.14506533757925294,0.3342396373244862
0.13771213810403687,0.34177059616628824
0.14295350027316361,0.34039802478118913
0.1456356687427378,0.3405242539497436
0.14379211563825267,0.336760566426309
0.15456178667825798,0.33990175222506497
0.15183488507355053,0.34015708518923465
0.13541327938040265,0.3456794971141035
0.14335226912795804,0.34762410327537274
0.15622651788174752,0.34654123587983443
0.15169872701244067,0.351281636769283
0.13616047412104176,0.3418147747761287
0.14012520396380052,0.3338626291822627
0.13597509996365462,0.3313500482001252
0.15485522927315412,0.3488714359803964
0.1386152744467887,0.34343012264419065
0.13269607075310777,0.3389121314127867
0.15129946624044371,0.3424116602172429
0.14442583105524576,0.33851693471541866
0.14205513455217286,0.35285003388607017
0.14777142368630192,0.33686463657029225
0.14700165785411792,0.3510234469908045
0.14266628372209983,0.3446314308990239
0.15508036390638114,0.342298753547868
0.1367704333906922,0.336223244968328
0.1353711206575927,0.33829574702832943
0.14506396433811777,0.33833240598215525
0.14605591830844739,0.3381807258014283
0.14041429897528662,0.3517455876607046
0.15254132723171185,0.34100601242886436
0.14237186972609683,0.3430739885437919
0.13792212590508837,0.3391523954377693
0.12981834095074538,0.3500825074471329
0.14959974932882186,0.3354452971689173
0.1423377266565293,0.3499665040374736
0.14638288591187104,0.35160789644998525
0.13257610132028066,0.3388933911338065
0.14800602921303543,0.34567061228667806
0.14187521108381118,0.3465026381819667
0.13934074146295772,0.3440409195008023
0.14006799723188945,0.3456446706914802
0.15180372365545383,0.3407742442955069
0.14782605629467432,0.3389032020051199
0.14306082358784794,0.3450995830608629
0.14252451894471926,0.34489809022939366
0.15027028980852022,0.3346170946406382
0.14813303770313488,0.3468199967719154
0.15382578297621247,0.34070570194590716
0.14325121907175814,0.34332718315957694
0.13258645780873674,0.34737646925977594
0.14717489474505932,0.355984655833478
0.14463080114846324,0.34266659974693786
0.13528398026170346,0.33905090632619117
0.14367181257664738,0.3457365167549943
0.14986539511609043,0.3537483003948105
0.14396546980978478,0.34673118115089724
0.15448471946263612,0.3566147980389597
0.14281617135209415,0.35479497956028155
0.14291853734058033,0.3446543630117632
0.1428808552597542,0.3512442440529501
0.1303546963453878,0.34283983563444936
0.14183210813315641,0.3485231889296101
0.1382338385429373,0.34403060006039743
0.14564666875547172,0.3457403006328255
0.13784972746460433,0.3443437012263091
0.13559734364777884,0.3408595915223783
0.13925895803320534,0.3412158454911723
0.12685224567743222,0.3432718892751919
0.13938474027229486,0.3373191581941149
0.14064115537626098,0.33799593882537377
0.14104064566379038,0.34565039500341566
0.13610567327682582,0.3518972124967325
0.1426540380134362,0.3532121863216779
0.1367407518037641,0.3534476129192595
0.14464967418205202,0.34166570256796785
0.13534877808969017,0.34283602432334936
0.1369423875511482,0.33689951191146045
0.14207405942933748,0.3425517626440937
0.13119894004227692,0.34937867501084713
0.1323864856985982,0.33874601474336796
0.14826964074009777,0.34169572158588984
0.13885584084631805,0.34230405147039916
0.1457309190677052,0.34576078956002226
0.13935894626209455,0.34691155123843864
0.13609694398560976,0.3547187865707284
0.1370246521221792,0.3488205775380924
0.1361216179107529,0.34844423644406125
0.12838224232758946,0.3428193320239502
0.12782558357382487,0.3327747429176627
0.12923887017882332,0.35271426912763054
0.12450303416889102,0.34950850400105954
0.12984025448890368,0.34281652537982216
0.13044587236594576,0.3441696468628956
0.13579820018364777,0.3479758736224449
0.12237284078850356,0.34175814292767825
0.13125422774545928,0.3410412125922965
0.13818065742735958,0.3445613033549405
0.13606357809041722,0.34507211544057215
0.12798810988525622,0.3510621454985297
0.13819494336184898,0.3448639062647177
0.13280205374883056,0.34637468955631034
0.14291966646533488,0.3443903951282205
0.12425978839684827,0.344249250145073
0.13480422082417173,0.33762453136679144
0.12918260198050213,0.35274832109997895
0.13806079190763013,0.3457536857525411
0.12542361899622215,0.34979817174763844
0.13196939929657206,0.3396660564014328
0.12590537813145258,0.33599965724351966
0.12626875712907915,0.352784328039316
0.13915544955999548,0.3444967059366132
0.13459378908572936,0.3469304353659619
0.1253027387391073,0.337967422104059
0.12332455552538166,0.3456318391089839
0.12349610848944681,0.3457979320768015
0.12769224088007936,0.34092506549314633
0.1302185788578615,0.3409344105816185
0.1420428515930401,0.35084384191217594
0.11693807764461726,0.3511910647629777
0.12191250458999511,0.3392581916334042
0.13238593013449404,0.34727341525031613
0.13761246271706032,0.35151343317544353
0.13287330671262346,0.3486081174034835
0.12331668772747749,0.3372842782721207
0.1310682988302869,0.33741361162865413
0.12167383285934008,0.34229748905200535
0.13149524065794116,0.3499408832298019
0.12490975597031621,0.33819460024503045
0.131136774472866,0.34594660522018317
0.14267993630476564,0.3473822973354598
0.1399529139782394,0.3447310504660647
0.13745158750486663,0.35041708789818055
0.13845118799958095,0.350897152295953
0.13447192115410075,0.34973574283821623
0.12130241309459518,0.3495616694576188
0.1382420483755432,0.3450677675653304
0.12750550759315496,0.3418803082715713
0.13770819651490981,0.3449203030863165
0.1337556383233956,0.35161900446593375
0.1329569388745926,0.34414389077694496
0.12423642566712324,0.3395376791260369
0.12801904410990753,0.33426195503982903
0.13755512558619068,0.34652637159799
0.12378692397883159,0.35864484126939244
0.13584689649218798,0.33716996649779285
0.12972868388430048,0.33486729085033756
0.12293733290268008,0.35224160316657965
0.13397901822880892,0.34172737096367356
0.12510930297712686,0.3485953664469189
0.13348069517815722,0.3455036286541537
0.1375754935287537,0.34735606921880224
0.1316164962601538,0.3396439753031785
0.12077582483780448,0.34466833746354925
0.12466911219705691,0.33876015707922597
0.12645186216446339,0.34983648162894404
0.12942444513897186,0.33853889358476713
0.11592885315529057,0.34513846242887297
0.13256072073825417,0.3368029989809879
0.13136951286993817,0.34409156353560466
0.13329560109564462,0.35203897082879787
0.12209966869116534,0.3415744052586933
0.1289869263187117,0.34010685983482675
0.12124869142285849,0.3447424952638353
0.12401240871869391,0.3495807945049565
0.123614090614584,0.3402728256637567
0.1252455945140091,0.3385283046817875
0.12401900558170975,0.3403877239341103
0.13011874410114077,0.3415040728825876
0.13153098667296495,0.3470535555015146
0.12495313310082103,0.34320273574059684
0.12407790444141645,0.3372455519055762
0.13117312666746844,0.3437040267288391
0.13800703746382148,0.345592817560492
0.11777215621459791,0.36038530755087356
0.13125979482670222,0.348133836270389
0.12649017658402065,0.3458927460014988
0.122253476038988,0.3371864300317324
0.1359669832753255,0.3443648598976581
0.12650822973533865,0.3412143918132164
0.1225413213665153,0.3304736036306358
0.12235075145576178,0.34834328151226646
0.13215006046218775,0.33332729041065745
0.11578779871407817,0.34644171911686034
0.1309742479602089,0.3421993629025981
0.14075889425123436,0.35174328373006764
0.13386712838762718,0.3512958115955993
0.13905334751664516,0.3384541449518321
0.12665999638915418,0.3519771770362792
0.12291687626089937,0.3439675151703907
0.12403006674995617,0.343265509619064
0.1426849833680037,0.3426128611917301
0.13189610338755267,0.343330949167552
0.12632603355916858,0.34580824815268
0.12752449938923813,0.35093307503485843
0.1225572643047501,0.33723623774064804
0.13543716784086085,0.339962379949362
0.12497362310845489,0.3535839051798682
0.12270507608186217,0.3473295513276094
0.12486033163024092,0.3375663554324934
0.12618603216140495,0.3522511401479508
0.12881052177296487,0.34228152609839757
0.12353279174870942,0.3451349913343629
0.11960552405828319,0.3408900247096385
0.11954359333669706,0.33623626163359494
0.13127800654699268,0.3506081801526521
0.13454577971488985,0.33896457147087145
0.1340880069822945,0.3441254522641394
0.12136724149965529,0.35555258746076857
0.13280495515530122,0.3356850242490582
0.1210495461977733,0.35291447885531363
0.13720494819669535,0.34592629585122275
0.1317231648121608,0.3510945888796499
0.11825473495978087,0.3482793112277451
0.14267274909816996,0.3488239409348539
0.13086583031451504,0.3501384952401024
0.12841616258458288,0.3494767258494917
0.1270637391620533,0.34496999232412495
0.13167285102789475,0.347415983542331
0.1219371543779719,0.3387137628439467
0.12810295816296935,0.3484497812254598
0.12274590580217482,0.34069390043843845
0.13261321378447152,0.3506371497017412
0.11627822487190213,0.3445866845074026
0.12719820772367887,0.3415533687943671
0.12428165496138399,0.3416491522738547
0.13476809740534393,0.3382815112890263
0.12415384417446564,0.34836956489737464
0.12853456879286693,0.34878601386189345
0.12038866719894314,0.33831643602935235
0.12191977124593466,0.34467336088987754
0.119698768246868,0.3490408018347194
0.12671849465106674,0.3342005068389007
0.11210328872259732,0.345130910816117
0.1303336129720991,0.3412835744188201
0.1296856196863801,0.33735375361498215
0.12887399868352573,0.33754884871903607
0.13250731776891592,0.35871630131320353
0.1413118757078177,0.35301116673021643
0.12252900353137453,0.33874634902275325
0.1078445531470896,0.33936202525944253
0.1382810484337177,0.3453649243689284
0.13022450973305882,0.35408027504368805
0.12705330164267817,0.3488392995940486
0.12167664451342494,0.3488731835386641
0.13525150702142555,0.3446013300500374
0.13053750163560418,0.35094097290740484
0.12608399395094574,0.3449481849457353
0.12789120322429193,0.3430448686897213
0.1267886203706024,0.3383177017005886
0.13194822564475453,0.34741585388245677
0.12203608312799813,0.3470369435673062
0.13085611051470689,0.34182213866315714
0.12528073273509926,0.34509264597753136
0.13347656789266651,0.3475122362377592
0.12999653640402734,0.3506360930693838
0.1248042108678755,0.3540069465937028
0.11607269710049202,0.3459189052315449
0.12940723096208465,0.3417107004769263
0.12852376662782722,0.34547001860971766
0.12014323846148492,0.33740323053951454
0.1275165596177096,0.34937647592660404
0.12469205622871629,0.3441962477128483
0.11891115081736875,0.3418667676591279
0.13292840830462807,0.3499570922876551
0.130709929636839,0.3564554832018461
0.1256318667710925,0.34598798090295413
0.11032603672575292,0.3502392895954433
0.11798950493282181,0.3395564849720575
0.1172303289653569,0.34145626652671485
0.11674287240143036,0.34325547015299623
0.10729224869790642,0.34667865654116914
0.11897035517650688,0.3341859263016259
0.11900125223597217,0.3496502677201175
0.12646179885745795,0.34547612167593983
0.12063156208492301,0.34124334206726253
0.11085032517174342,0.3461962138594679
0.12972113776623953,0.3403705241554905
0.11763050916190738,0.34620741223344187
0.12436933538701227,0.354627956161877
0.11592372734243206,0.3500507136498312
0.1254852917037453,0.3498727646611162
0.11315969382677281,0.3481380740620355
0.13116234057816692,0.3490163603622372
0.11217533374255272,0.3490370006770272
0.1323989098054547,0.3509967972194977
0.10975322149323395,0.34123932932338474
0.11309016012379093,0.3477839251208198
0.11686268509931365,0.33774249213835145
0.1224197073487885,0.3493153895162777
0.12028876369188662,0.3411025993902743
0.12218429362178591,0.35316535500037355
0.11487401770657299,0.34119988115755256
0.11697352424130004,0.34689549892135924
0.1281163159140119,0.3588978981786634
0.1139255040437008,0.34188085192964307
0.1355111026755497,0.3430821784266585
0.12384772116535829,0.34716664428651206
0.12454540781258226,0.3500061982193325
0.1062600461118215,0.34796848689011245
0.12416865901846029,0.3371907058772722
0.12971515424935506,0.3560879787817298
0.12575263759230254,0.3488965126348173
0.12705307300658789,0.35258376008355
0.11576915119372877,0.3444242064272877
0.11773610230454976,0.34267300565314635
0.12658779158663352,0.3508492390101415
0.11082967683931579,0.3454554994747461
0.11775111562896313,0.3430186356938012
0.11344760330098055,0.3400703575065665
0.12075185945328447,0.348116897467745
0.13312122599654105,0.35071683451550295
0.11479974344565186,0.3499945484511719
0.13168198088228159,0.34742945879197096
0.11597142188801707,0.3558616158351493
0.12371349946711088,0.34973891096470494
0.11488736189539488,0.35352046047937086
0.11700176819357797,0.3391077045903177
0.1166963727888853,0.3459281825502102
0.13267428460537584,0.3549662253624315
0.12545104847786165,0.3497858468189222
0.12462513537546681,0.3445043550369017
0.12021757525780673,0.36117472235286535
0.11615426038396359,0.3515214219068143
0.12713082102477935,0.34391090895525955
0.1242839919663253,0.34905352825929403
0.1259340794643308,0.35253970661207534
0.11838059918540303,0.35925767435418804
0.11382727416428523,0.3464151952516425
0.122310732559094,0.351711376729213
0.1199318399818261,0.34622233712767764
0.1217127755643237,0.352311827380383
0.11067831521800624,0.3461546808030205
0.11505724107443696,0.3484426812098268
0.10762493881870966,0.35171888756654973
0.12110660867497389,0.3393784188040204
0.09797667133741964,0.34431639875340114
0.11576986115460196,0.34979899797434333
0.10573503459972403,0.34079488734475055
0.10970024753610533,0.3346152146354796
0.10916483561158917,0.3467490625974684
0.12020841374140763,0.3411573135749262
0.11684084113075875,0.352182805829878
0.1111293095374519,0.3519531901398817
0.12264619007336512,0.35273281923181216
0.11460305884081316,0.3463209414981231
0.11880212577292203,0.35101398700411013
0.12155368715392245,0.351126122291822
0.11316442487783238,0.34375708866263915
0.11578373999178763,0.3462838127450064
0.10407458670838705,0.34243095707844207
0.11059645941737142,0.3393366884946025
0.10431015405793848,0.3487561898988769
0.11305491173651439,0.3508154328872561
0.11609161194514266,0.34588846909964927
0.11081502126147554,0.33967807505430886
0.11011584320813306,0.3495611469625226
0.1088270826304605,0.3392874472610042
0.11226566899510669,0.3483957790729026
0.10206566380677211,0.3460007178045753
0.10314325376421919,0.3316592872547195
0.10082803083027814,0.34095260533199023
0.10914333148222549,0.3397085588368753
0.10962810129385345,0.34398209908804567
0.12109021386616392,0.34470365200247044
0.11215740703288674,0.3551496694134788
0.1127946298541179,0.3475959216067575
0.11993209561733684,0.34268793851879875
0.12061303630621739,0.3458618823454097
0.10731770099207884,0.35887187455741476
0.1213009536453255,0.34698654896419795
0.11326296662814381,0.34833656292465515
0.1247432788467127,0.3454996405864276
0.11946067574257169,0.34784657578522676
0.1147690774363066,0.34910082648644225
0.11188705474891794,0.35356592039236306
0.12273608976695728,0.3543098443585187
0.1093435456156762,0.35077032932721214
0.10838548099885097,0.345683168881101
0.11199121233675051,0.3406038214505051
0.10941080138821853,0.35154628271114824
0.11056881027773836,0.35338970095445454
0.11000266031492913,0.34454751556114693
0.12015032110393438,0.3462593857673369
0.11435068891747732,0.35425847467456245
0.09716691852452224,0.3463987680534523
0.11297505581397108,0.3470190363040791
0.11658300500260423,0.3504876964041771
0.11183870350176829,0.33512440255674936
0.11075633012319874,0.34587155949835957
0.11836689052183266,0.34681141786687747
0.11438553962577545,0.3486115282144861
0.10692009374335916,0.33675489850199264
0.10734531178313395,0.3404914702352035
0.10303790508037167,0.3433704738602402
0.11303780570634767,0.3473619780001071
0.11289716724124325,0.3560072142790026
0.11313970495764349,0.34610328079754066
0.10843948306420768,0.34694198620683303
0.11049223991661647,0.35559067483769624
0.10522237452060616,0.346504217462976
0.11701936190331338,0.3498216110731892
0.10881574529835324,0.34653726596386575
0.11415264158441323,0.3519830300723962
0.10958798842448927,0.35177571829038273
0.10741296916623265,0.3514389009451345
0.12674701692199908,0.3502147214937254
0.09880347295346184,0.3454647001683028
0.1074554250143348,0.34935627513096945
0.11435636211158191,0.34569925446070554
0.11363532980574502,0.3473825635916876
0.11529822945500118,0.3421070313248217
0.10677655850266975,0.34639924981540043
0.10163291810772065,0.3416056310504042
0.10330243583651984,0.35250858008810565
0.10204614255964936,0.35521754298810365
0.1057083639377374,0.3513042782050166
0.10912927057675546,0.3466696129878795
0.1093629106329555,0.352545647791475
0.11865204207943586,0.35656870016323944
0.11267419171753895,0.3389796371081016
0.10877745895647424,0.34949663830987476
0.10715233046391756,0.34903713119888635
0.10398189713801384,0.34702726608566115
0.09844321376854194,0.3423779412688905
0.0994581556391848,0.3477695071132911
0.09796313884974187,0.3501720240076432
0.1102680386667565,0.34678496737546305
0.10954479473767065,0.34539673297838824
0.10082950288621996,0.3514013761301732
0.10617555693782318,0.3538853891776343
0.10643511222915757,0.3486492522900765
0.10570139395244792,0.34826411711596394
0.10618098977546632,0.34736996862633673
0.10860248207545471,0.34747715641112
0.107587001952684,0.34947226550676913
0.11130455191987514,0.34895686073639626
0.11843161818953889,0.35644309914982414
0.10598503571165314,0.3411649821124894
0.11624619230942795,0.35613996943013954
0.11543382185170742,0.35181365283263333
0.11451651145108588,0.3569753667891834
0.10333492689143108,0.34362391716880764
0.10565714542993937,0.3537532033577827
0.1124128163110874,0.34988201518051615
0.10996424160555912,0.3488930466520596
0.10347776685309407,0.3548925484905552
0.1004040246571694,0.3469840546533592
0.09959717470718865,0.3393354054936066
0.10886765140504749,0.3477626274148819
0.10453645121461899,0.34219644135526067
0.11286569362345146,0.3488177258999556
0.0999141107566486,0.3536210245332245
0.11215744274115813,0.3456380546224415
0.11602896784623183,0.3549638587842283
0.10871615048997951,0.34423834093031386
0.10271060616248183,0.34691436450355584
0.11425962984874402,0.34709688015228357
0.10589268225647767,0.35683479508996735
0.10094793637723697,0.3457688655673604
0.10954322097510572,0.3488530782560406
0.10745807749253172,0.35067042650881164
0.11338974783086989,0.34521842013797066
0.1013135810283713,0.36010774627771563
0.10121863168516146,0.3502229176577852
0.12135193566766261,0.34018855938855225
0.10428565940420906,0.3510254596820291
0.11394220880939049,0.34614073848986837
0.10513877720154984,0.3568054903244664
0.10301835069404568,0.352441087039519
0.10903575911012314,0.3575880957825755
0.12080411458600884,0.3505779155022274
0.10449960791272658,0.34802569124814003
0.10770419514969354,0.3514687518145386
0.09848801221137198,0.3481991102509793
0.10415684068623073,0.34925243205679407
0.10093233842361762,0.3534474230077581
0.1144300492331595,0.34991746571854143
0.11104865150268359,0.34820089952416794
0.10616568783843759,0.34880798162626525
0.10623093657149549,0.3374475636235151
0.1000743128191015,0.34431062373331567
0.10838246750139521,0.3480579022399984
0.11066523346165305,0.3478332599239168
0.09871726973271071,0.3513660541378352
0.09872389440322893,0.3534158058548547
0.10525400849011987,0.34129151276929337
0.0987795732818549,0.34836948832419556
0.1060559743468629,0.35705469764216674
0.09918539817000023,0.34845317396223774
0.10604440537956322,0.3550121591330871
0.10571446245285188,0.345189851979236
0.09964855011587323,0.3467667413046047
0.09836195376215247,0.3482003818576268
0.10048471187554102,0.34791699972678214
0.1035139662385261,0.3434537877220007
0.1044543494343087,0.344554438251072
0.10749471343687386,0.3494171460267683
0.10183452846314246,0.3514393367655625
0.11408516778460982,0.34916331913049836
0.09577833326872176,0.3442667148059068
0.10690296009766673,0.34758109596759496
0.10147429613797097,0.35140154025005993
0.11569026591366792,0.35175737341189767
0.11207293674964816,0.35840129183431657
0.10710176474949241,0.34204602186006244
0.09841906259127062,0.35604784646231186
0.10496323223982239,0.3485394433076973
0.09997307358395356,0.34901094133075333
0.10066974083466387,0.3489279674820513
0.10154274653803856,0.3351915246174778
0.09994028343302683,0.3455882592263973
0.10181028805600263,0.3458739417200756
0.10592476048343914,0.35156474564447016
0.11183880238813194,0.35440067479602944
0.11395648271081173,0.3466049840006763
0.10199346757735465,0.35386320944241606
0.09881440342450645,0.3360208219985348
0.1012558468876583,0.3510415216854837
0.10358061936009216,0.36601944717536256
0.10052120580082036,0.34000932552598373
0.1002795525954035,0.35306926186485843
0.10721795707008083,0.35046608652270195
0.09462710966044098,0.3362836934793793
0.10046548220076568,0.35639076590349283
0.0996322639267647,0.35428901503251603
0.09801972554879192,0.3486741794215932
0.10463980264176949,0.35377136752752963
0.10441006907661328,0.3556791018375066
0.09665573157572323,0.34940550495819916
0.10928366086566646,0.34953951283602996
0.10167153401215322,0.3511649188595394
0.10679850557676798,0.34617571237124756
0.10763660497640419,0.35561018485587936
0.1067414209195628,0.36074247112265573
0.10801389786034504,0.34753865892481595
0.10058613531725995,0.3548939656595374
0.10810151541493196,0.34812232699201284
0.10952811959677104,0.350193265865196
0.10333527510461138,0.346347722941858
0.09771753581152445,0.34716737023069694
0.10668951968195058,0.3558693541934149
0.09518361332261516,0.354154083083897
0.09932409711892162,0.35502734418005955
0.0994734674275596,0.35132787130958215
0.09708828288595046,0.3497826506015129
0.1000849255370139,0.3477448375281622
0.0998412842232618,0.34927065727100426
0.08793094698808238,0.3523528135839643
0.1094409923437372,0.34885848923590446
0.09498385541294004,0.35532683264247983
0.09792449873216204,0.3589085516910885
0.09700182794639715,0.35111889338341623
0.09052950247397877,0.33953673111363997
0.1006554814024071,0.35125393109486164
0.10237104579533146,0.3498915865398226
0.09953413611248896,0.34134680876594425
0.08938278564538797,0.3496343751961266
0.09298025428405297,0.3570462953452493
0.08950220423602866,0.354966416568304
0.09601030220794245,0.34397091681606007
0.09138976605466238,0.35170384396160315
0.09115584569725098,0.3490875125459675
0.09009539190098957,0.3461049082000401
0.1034788625973571,0.3473695574573233
0.09674311678071444,0.3500552361393443
0.08854680769916369,0.35316905862397285
0.08984554224969321,0.34412097741822784
0.09509048994718504,0.3522583679842689
0.09663669378507254,0.3488289806745828
0.1000750778060878,0.35122628827519625
0.10629112698115399,0.3531522580299268
0.09681845553846927,0.35068029882356194
0.09152761180923862,0.346622569940935
0.09596666551309439,0.3478099567081741
0.09088564753601734,0.34807194118149587
0.09595420078928031,0.3533191836224446
0.09832864034424799,0.34482998542478466
0.0962191273078872,0.3363945499952151
0.08932601334150439,0.3479594220864645
0.09618814759151617,0.35706737716334297
0.09060974274967815,0.35095114560035734
0.09576486854063851,0.35140574126061663
0.09391003090689634,0.3477970727868104
0.08949620288613605,0.34734495756547806
0.09202716796213221,0.3515683724094429
0.10832509250017391,0.3524869971343261
0.0891337118286987,0.35213797438924926
0.09108433035262084,0.346232501885257
0.09726954719986071,0.3462265107375325
0.09553816385343156,0.3490287803216743
0.08904879118461043,0.35954143303920416
0.09157176860111693,0.35000778446215186
0.09533695911808035,0.3559766428580414
0.085971815090802,0.35035277386013525
0.08365172600719327,0.35350444528277064
0.08739758681101603,0.34639731184610156
0.09396835913399132,0.34672242268344466
0.09524586137894488,0.35322384846511223
0.10334312041559203,0.3510836777215983
0.10484159817039328,0.3558094072782288
0.10013069722565128,0.3682255240147374
0.08842006797710014,0.34362787982250503
0.09464753285755219,0.34923781082447825
0.08985995231395577,0.3432525463738849
0.08226135622000223,0.3425121919522159
0.08743008508553815,0.33577452900291704
0.0980192656094319,0.35330757421004955
0.08113540499748505,0.34509037548892885
0.08809041784209605,0.3420764445615016
0.09513011543833197,0.3551400348139494
0.09758979585150837,0.35078565678046625
0.0904180448154766,0.3513532267441062
0.08050015576196784,0.3458874365435602
0.08022915801605145,0.34289551127011036
0.0862184642416071,0.3556181429554505
0.08707136535139472,0.35481834518895405
0.09141619537265333,0.352866567933925
0.10081932471887511,0.33681181948394634
0.09399490267212098,0.36227027428348674
0.09528074549020399,0.3517184785015303
0.09207314870535808,0.35582317214592857
0.0950187353826823,0.3526129594197469
0.09149683869866401,0.3469801947610643
0.08547189507452602,0.34451714733593164
0.08250674283345151,0.3611320248165315
0.09202595961067919,0.3544574860587732
0.10528133885662429,0.34559235214162043
0.0811117675180819,0.3503120969864098
0.09443845080068046,0.3524123640276801
0.10276049644946013,0.35558888598441757
0.08917182011238857,0.3539997082583252
0.09270398606763867,0.35918654531195726
0.09011867099404265,0.3494384185832737
0.09626287347146706,0.3553569162589692
0.09200181710537227,0.3529392026609833
0.0874374015051174,0.3408863671920202
0.0820134177219877,0.3528611006927514
0.09043237445010568,0.35206599027864793
0.09348120493854617,0.34934691693843045
0.08939193985846162,0.35286248470646997
0.08926993636299228,0.3512823263755638
0.08896115187261837,0.3538033395182809
0.09903275639068487,0.35219103418819125
0.08719757778979395,0.3548323822136299
0.0878177609218416,0.35171443393046425
0.09299761793287778,0.3500296097566454
0.08689819610471856,0.3476278131274161
0.09092549687674642,0.350718485273113
0.08197207200649465,0.3388510051073233
0.0886487188464922,0.3489558313692363
0.08737840522719484,0.3503084894012868
0.09590087503790508,0.3528828710207662
0.09148577299951698,0.3488760277388881
0.09191240466711584,0.35224820345339775
0.08438667875094022,0.35347338037164316
0.09399603492490266,0.3519548097497733
0.08460373936073215,0.35411175833378783
0.08098945416398358,0.35216255661673085
0.09140625739762133,0.34906811112020736
0.08973472297184167,0.3534524285738961
0.08413465670928592,0.3487399622059984
0.09566502266627244,0.35199365949239403
0.07965300414767049,0.355689757503821
0.08949423735749985,0.3463945118905478
0.08613333410806524,0.3544878816483714
0.08179400972559431,0.3590856579333933
0.08684715325122964,0.3419774377910451
0.09360377932448012,0.3557787022897951
0.08779696954482905,0.3562926638759909
0.09000373767836173,0.35103219467087166
0.08981343096535113,0.3691317620921955
0.08212674853375898,0.34826355658374814
0.08619494547395207,0.3520985510844465
0.09370782774337279,0.3432309199697601
0.08798777044442689,0.34141355151760483
0.08939841726624599,0.3595514314873097
0.08431176725588702,0.35212865242486596
0.08108453740340948,0.3564886658729795
0.0875973206156471,0.35060860424323365
0.08680414441440153,0.350151035616763
0.0808102110577479,0.35800312282576585
0.08457552375196406,0.3481126031521834
0.08771353212041826,0.35368626919149376
0.07097148041810677,0.3483729163400445
0.07591111629096059,0.3468901678289837
0.08479747829397852,0.3406120185925607
0.08135221780714418,0.353133716554009
0.08345047324223663,0.35405858755057346
0.09566476370367331,0.3568060812447838
0.09381425426185325,0.34824908413541383
0.10032435876285667,0.36256982934875415
0.08176998985249703,0.35100471059633076
0.07907471341992163,0.3392438001239421
0.08326238463225107,0.347927505165571
0.08221790241058058,0.360997964540912
0.08072587842581744,0.3491110414718277
0.08225592202080965,0.344551589198707
0.09126218349659156,0.34856680938481976
0.08916757632899006,0.3540516295792739
0.08305249565405565,0.35967859927891477
0.08999205727903219,0.3588696800350162
0.08603865991033496,0.3579556239972871
0.08757305396723085,0.3527974206253716
0.0902297873345008,0.3578401493297139
0.0856664403527709,0.3429440575905
0.08264163980943974,0.35865358052448437
0.0743477556434607,0.35288337883341586
0.08097076479697038,0.3464126409615434
0.08451028612133706,0.3452790400525236
0.07109308096826128,0.34446716150235385
0.07424845390150456,0.3602838094970387
0.08208385444361943,0.3519201393569362
0.0806983515832626,0.3575092643340447
0.09099949860444201,0.35143372940683276
0.08474613461164292,0.3481564454388097
0.0813617447415722,0.3583583729944773
0.08245616401267791,0.3526524564166297
0.08386845231795242,0.3499204172195776
0.07114785500505928,0.3537071142525681
0.08966518108690938,0.3535672711107186
0.08011789201740767,0.3526635105369651
0.08699211907898981,0.34789595823420866
0.08258248745327053,0.35512861794674927
0.08209608526130635,0.3459034912091744
0.07883757191204531,0.35503342197020193
0.07896778783756642,0.34573489621609127
0.08131533449349025,0.3540766253406576
0.08161691782559984,0.3516687671163086
0.0678900351131065,0.34727263085052545
0.07125797064668035,0.33726679214125954
0.08333395108215969,0.3483854736157788
0.07614809741724145,0.34601689879365893
0.07482775665801678,0.34236918730387506
0.08374332411891677,0.35018589060859956
0.07385471515299784,0.34576234008976015
0.0759172206743063,0.3427745473440682
0.0761013759093175,0.34851832772705493
0.06971118764530926,0.35744536048832387
0.09252716767828102,0.34595429139519174
0.0795763069465077,0.3483344214174408
0.0831830096362377,0.347170006404782
0.06976061525896324,0.34896852863431543
0.09106096207640711,0.35480172591611014
0.08254588097806215,0.35547745177415996
0.08168437767486088,0.34423889682756914
0.08632732397520652,0.3540174506670623
0.07725748362394595,0.3499961788358027
0.0931152736585433,0.3574954859373105
0.08529583466945562,0.3548512760296147
0.0819791832422868,0.35555807540444295
0.0933424288032536,0.35753263918086364
0.08435823088117618,0.35697495217418607
0.0717641720163732,0.34980314355389547
0.08126026583679404,0.355286734500446
0.07699213915371422,0.3553001978477488
0.08417139468197181,0.3502653876118146
0.06864399865940332,0.34144595407542505
0.08756631928437629,0.3567695712188294
0.08746084832772824,0.34687923203200266
0.07729386836892257,0.3638810835309762
0.08056725892839768,0.35081645068614736
0.09206073647550785,0.3508485041050647
0.09166784950962649,0.35131986606866517
0.07449351243166889,0.34658604870273113
0.08765525950725715,0.3503247423649723
0.08768411722944419,0.35128109703276067
0.08113858474331949,0.35792093344248094
0.07888181055985123,0.34391873308930837
0.08655041090770661,0.3545959389436841
0.07865110098655961,0.34941498933407694
0.07271712681409316,0.36433564089173986
0.07154755189594045,0.3438165233581356
0.07475456807041207,0.348846565848917
0.0792324918020012,0.3447669560793977
0.08071952672175907,0.35304901231921715
0.07274025897153234,0.3541447142585392
0.07187867219302307,0.34701922683269565
0.07479955752185877,0.35885660990232177
0.07899297849771555,0.3434893861517898
0.06865688629802738,0.3438059708402584
0.07142478863049194,0.34842091218875776
0.06194746062769515,0.3451385733020314
0.06977526531612105,0.35176333971803
0.06438371303413566,0.34079671550123775
0.07126537994477858,0.3388706140279137
0.0660997644853335,0.35596765861164753
0.06881444158124848,0.3401243104564931
0.07761970961827086,0.3597818786481259
0.07729005415126167,0.35651405736584724
0.07607116329945486,0.35037926884344267
0.06585706337088297,0.3476783652845479
0.07077299518644004,0.3485444812236372
0.07826377537280618,0.35369424748870515
0.09599619385553608,0.3554937425822832
0.08433689897062509,0.3487911688763419
0.07744507096659937,0.35104414299480863
0.0796637585883831,0.3531170423529661
0.07476847958734639,0.34399610010140896
0.07877866387144564,0.35272518927609964
0.0703458384777745,0.36308415713071446
0.07897250553623292,0.348453272707612
0.08207303497458636,0.353874734952794
0.07853086775878247,0.35368969788076327
0.07410168124581287,0.3527882122128291
0.07630402866019519,0.35202525115288447
0.08114518280619955,0.348976964693373
0.07339614630747641,0.353196459010099
0.07207369198212173,0.35194734507891223
0.07348675147986626,0.35282140077279756
0.07697594232498256,0.35075765150851745
0.07618331741187041,0.34882619545343774
0.07404845430718944,0.3490122370468558
0.07041388741523778,0.3589038925201157
0.07779839923607375,0.35738269149606045
0.0772134717102395,0.35502480001012554
0.0707675286365245,0.34980766315047995
0.07206093556767973,0.35955020014775696
0.07907486828558866,0.35926611968536487
0.07570884596140759,0.34149738754418546
0.07681493221529831,0.3524246294087362
0.08514908871370201,0.35783503574456027
0.08178998821575705,0.3449756757945715
0.0681798080780978,0.347882108876415
0.08197307676821285,0.35185919497139284
0.08301956577061674,0.34569963761529954
0.07736359810096205,0.35234628725754624
0.07242448333068786,0.35359982435554665
0.07683372355565221,0.3575489782188017
0.06528294839553912,0.35300890065428026
0.07732877107132875,0.35451736352200613
0.06976002477614889,0.35629760995978926
0.06227075349246883,0.3552330398809353
0.08056236101675057,0.35647793966699215
0.07431125362943511,0.34883258972453673
0.052231392967465526,0.34729248425329134
0.07404590547610543,0.34638971754066394
0.06561621139918776,0.34079210914316416
0.07203351794091614,0.35125585048934377
0.06160509175753795,0.3429078778973274
0.06471014435712377,0.34436677847613173
0.07488780843978475,0.34840150627194416
0.06825048573459606,0.3503956701032827
0.06629286073400534,0.35411770850112545
0.06528480732494221,0.35299061718384045
0.06578446098176882,0.3445934068668409
0.0718464287192299,0.344569212251223
0.06750293673283386,0.35347598475488995
0.06577918247186636,0.35131747892606113
0.05901742666646362,0.3532237944139628
0.06820473606995846,0.34100716945370224
0.06978664976184047,0.35349670170879127
0.06591527847079695,0.3442585277503883
0.07739727166406211,0.35501171764986467
0.06477940266482976,0.3506773826924638
0.07203980849576144,0.35644420475784816
0.06479183345636769,0.3546020260174474
0.0704733724373219,0.3506810906726762
0.072133455676009,0.34864071976378674
0.06561672249215779,0.3484933680946907
0.07008697995894062,0.3504216247657322
0.06276679574582775,0.34442991786855287
0.06254303473358991,0.3347209862040252
0.057218969506927085,0.35171693330692033
0.06748213289293407,0.3514623927114362
0.06503199350563424,0.35111852694330853
0.0653833787904443,0.3476077935156977
0.07525488885057943,0.34970402422253016
0.06058571836664696,0.35476778540237713
0.06767935060882081,0.35352633157479213
0.06564268359976135,0.3459103866180559
0.07703494156229564,0.35730536351201825
0.060179036755691466,0.3404035679986305
0.06749888241698386,0.350776538753432
0.06233935253587671,0.35573217788451544
0.07055690936268055,0.350735342755194
0.06253730219595655,0.35132011283997516
0.05947545360884837,0.35285060072151236
0.07242825402951329,0.3468256368299558
0.060018672436212644,0.3472284720940884
0.06882031860773623,0.3515966682400452
0.06838593535917634,0.3506208509064863
0.06119028090376373,0.35335283817431123
0.059663800956532724,0.3474668668113108
0.07168041959937475,0.3488583491915589
0.06604354945623228,0.3566219647171683
0.062089589275304884,0.3482353025023388
0.05978740932630872,0.34886775677414106
0.059246364752430475,0.3516161864231161
0.0641245536634275,0.3568175651467545
0.05781062017042914,0.3494056181810017
0.05916082578347488,0.35011237326248984
0.05751354198395374,0.3517356628277783
0.06680132348707939,0.35013038341332603
0.057789060891471435,0.3519385259258815
0.0595688792361409,0.34947057501914786
0.06339691720954196,0.34215494399774654
0.055989356684058994,0.3493705690340041
0.05442236409460957,0.35173807139202884
0.062312751964853384,0.34493335009949505
0.06368403054023317,0.3486818042361029
0.06321940557482475,0.3531615558174045
0.055799931904930954,0.3468161733748361
0.058532538653760686,0.3343867141204838
0.061164652273207734,0.35113639147220366
0.06834100316344567,0.34488634387327133
0.060138389129701576,0.3617691024712176
0.06687220538855822,0.3397138854485453
0.06847856046255789,0.347977681137673
0.07825010270258848,0.3523936304926893
0.06405368558627444,0.3639951656141748
0.055777051830999506,0.34900873081954886
0.059252667901302285,0.3529158286399804
0.07032841190540394,0.34069040064279477
0.06607866568132777,0.3494564890214301
0.06686817981512487,0.34843628380400116
0.06257461329745505,0.35139700514519157
0.060440988862865246,0.349166858732425
0.06640601075263547,0.35043902646144903
0.06712894809630716,0.36291809030690053
0.061339418801920106,0.35268855895699613
0.06384089928618199,0.34752322751167425
0.07552284490005166,0.3504154375874741
0.0606695283542127,0.35575060437180145
0.051696231323155456,0.3405467436459504
0.06599024692359572,0.34177284662664403
0.07189591022377938,0.35358287914825454
0.0632799872559912,0.3488495961219958
0.06203078253472942,0.36120303710609947
0.053936543807893984,0.3483610046026936
0.05032072015341988,0.3572683844213015
0.06937846078061358,0.3528557952336846
0.06290344093561612,0.3482864170302116
0.06777534622028801,0.3498211319795125
0.06250898952250167,0.3490051940651392
0.07082332853226378,0.35806627193887697
0.05604789906265411,0.36110053722657737
0.05693849799128304,0.33918067642256805
0.05765035049770677,0.3477989526795867
0.055428180828430575,0.3501487109470944
0.059134413147564735,0.3467584880964075
0.061694986904861505,0.35672252841295143
0.06188080209120316,0.3497539156484271
0.0602586268779208,0.34702984416265586
0.06559599028612698,0.3513471938626535
0.05413634373948615,0.3507895104555455
0.06832508848704508,0.3550651738077379
0.062344801313327224,0.3568406440303341
0.051550301301302184,0.35447219723318235
0.06467330683364561,0.34893829887751243
0.054066315600598325,0.3524655948234873
0.06473906009061836,0.34471495884173825
0.047567546852931644,0.3502744072621271
0.053700174236426014,0.3504245850990494
0.05519871621433943,0.35853331829156454
0.0624822278901439,0.347887771936175
0.05798469292928148,0.356295466999713
0.06909347880035685,0.35190656233306256
0.07070040826535745,0.3546851323746527
0.06427495887908519,0.3535697923216275
0.06613294583161317,0.34447201113901665
0.054911709252094446,0.34480634042691
0.05947867928876074,0.3478867160732967
0.052434919903782275,0.35601203092196737
0.05677289820287135,0.34904444989101346
0.061512112317989934,0.34988537958066507
0.06685278436764866,0.35242040840274647
0.0591715484444218,0.34877286670054664
0.07075365942958375,0.34692863278413116
0.0709601897044192,0.3561604928779172
0.0566976070449525,0.35968521207241405
0.052361180551881686,0.34614123394184637
0.0585232003829987,0.34389830400048854
0.06316802393278817,0.35975897815767205
0.05041355274826633,0.34918024890693344
0.06353314103385643,0.3483188425719204
0.05984224194496704,0.3466765622077502
0.06994731780964576,0.3508425411209555
0.0669716951139051,0.3540043471300003
0.06148241073512818,0.35220420708995476
0.053868192604321005,0.3483775882527005
0.06105455836413045,0.3589231528079432
0.057233299713409694,0.3520921098523253
0.05367544805189904,0.3476928039283355
0.056438569904554294,0.34197892025770593
0.05776258080069403,0.34885635924601593
0.05580297622426417,0.35447359949069807
0.05890957898643384,0.3469304650490728
0.044479847114764645,0.34470069755590177
0.05664307529125135,0.35108450200414654
0.05562765771221749,0.3553627519815009
0.04958367347437225,0.3454965555780655
0.06403654694306649,0.3484476673459435
0.05958120907725106,0.3451278507558533
0.04556464802773715,0.3469603238870518
0.05111425689406019,0.35644981353337235
0.05595121626961716,0.3559183600449885
0.0604573894188438,0.3571512061219745
0.06614650910438978,0.3538810666996433
0.05430398448715405,0.35169305719824034
0.06565556398357254,0.35255507475391773
0.04825785878546242,0.34862842463268084
0.04254034894082027,0.35861038313365345
0.061134510197080494,0.3447806101166004
0.05630801503402828,0.35313825803995474
0.050803786230951824,0.3589582996623793
0.06465256025952656,0.34840665239757124
0.051369356076925665,0.346420843413935
0.04972436911592661,0.3513546707867222
0.056011726738854614,0.3502956804404355
0.051025555803637955,0.3518342776684298
0.050116036779625416,0.3545209708700011
0.05825981149872215,0.3457221008302479
0.05108974424967806,0.3401686966457973
0.056133533163411554,0.3432865726558649
0.05222791461194244,0.35262137796474313
0.05635550807558503,0.3473121192209392
0.06585712287597169,0.3636011149312757
0.05473689963385098,0.34868831973847114
0.06393463941350734,0.3543043722955379
0.05202834078272648,0.35524668495883416
0.0633804227681953,0.3515284229258619
0.04853763798487518,0.34140238752867935
0.06070571684388456,0.35192970617869623
0.04613883264799429,0.3381231335570739
0.05385948577566878,0.354460086915829
0.06511905212182029,0.34704495137459535
0.0486822613683398,0.3469725808014036
0.05674256772571719,0.362091344288267
0.06739228025858163,0.35126835599876566
0.04977939963239127,0.3481481826005725
0.051636983197555116,0.349383329205335
0.06531165948923245,0.3522642401990082
0.05390209932101788,0.35125238113306234
0.05814505976868605,0.3496475851506651
0.06498811195635971,0.34651861147505186
0.05944506175247272,0.35522198967097685
0.06526001065955278,0.3546129453859017
0.05636486574439026,0.35265409033378486
0.046977585620587466,0.35758749663504846
0.058956526361119456,0.3452582222592255
0.04761524508028183,0.3462841189873402
0.05926935241798473,0.3492945350354043
0.04982131625709594,0.3476414806030028
0.06551420433670024,0.34103758327521616
0.05486584352159111,0.3542251152220344
0.05008890863728265,0.3492380922285465
0.05681596495040131,0.3509375125342225
0.07075090287087749,0.35954295672261194
0.05128095565764721,0.3501905697281401
0.0510715902406064,0.3497358705360873
0.05951956286033576,0.34878662243692404
0.059233222093753986,0.352919794447559
0.05138946095283637,0.35281772937450306
0.05194952570757102,0.35621865966336674
0.05184816517966388,0.3431211177886458
0.05537749771605907,0.3411611945652738
0.05165325574415976,0.3610666422789033
0.04780121375210336,0.3593086768376206
0.057148464298051364,0.35193186787905595
0.0619215448684635,0.3570128708596899
0.060337181398727006,0.35890033754126305
0.061270403135928866,0.3642386977744425
0.05685044149937034,0.3543852945697897
0.055709224107100185,0.3589764756119216
0.0585590416712139,0.3456582046895482
0.05554465043047184,0.3544674251089491
0.05543324324045515,0.35005087254105616
0.0522134210291378,0.3513843181849352
0.041498584476027826,0.34752868111772817
0.04706667701232832,0.3540296375949817
0.062126356755959074,0.3526788500473363
0.048637352165790036,0.3522715568248459
0.05237951776929976,0.35747320866875737
0.05585737872427929,0.3423378930615098
0.04030600696550698,0.34567027173893927
0.05543875122182955,0.3470990918666559
0.03841253821729498,0.3583923273962404
0.05357464418825325,0.35150871941768397
0.05106242031736282,0.3446084576098986
0.05502841724982981,0.3520376665817101
0.04556577249275884,0.3436057006709404
0.060732110824857875,0.34849458321409654
0.04512837241382532,0.354072909793112
0.04861160366423216,0.3458870478881761
0.045005833877371615,0.35196185620135456
0.05761252798593978,0.3495355404623605
0.046927813260021004,0.3591092463480284
0.051774536730603976,0.3510820801379783
0.05016078176997309,0.3616021623692393
0.05231607610512098,0.3505097511264248
0.0458165520304411,0.33984525520415504
0.053468020472211775,0.34367456442747135
0.05014796655527474,0.3472997624883176
0.04048739808243516,0.3524685345503974
0.04636464314889509,0.3387703374225068
0.05482034346795592,0.353742728850864
0.054924371894360176,0.35661786721711347
0.053926380690809475,0.3501939408457743
0.050843547764853454,0.35120834650034355
0.043097901336338014,0.3523671737793478
0.05922054560217102,0.3540125711680626
0.05216687516772566,0.3475756754212213
0.05288442598393759,0.3489298658641545
0.05072647058485319,0.3567151792837636
0.05635525904259564,0.3519833269133376
0.04523833880398917,0.34623751143501885
0.05501826318348898,0.341509510354541
0.04148340796450615,0.35168513407969065
0.05507085301370148,0.3420842786027105
0.04811285245273558,0.3510542276261589
0.04478263855496736,0.3481214671505887
0.054260749537811154,0.3530639682705349
0.052457309202640606,0.3528556108671076
0.04996256522155112,0.3592620755357755
0.05849691324730939,0.34994147101521805
0.04854790918947884,0.3498568747746833
0.04198752354757717,0.34815001758422126
0.045079692763909635,0.3510395788067599
0.0647191948891811,0.35932605873586815
0.0465696869931218,0.34738314712383483
0.04473751317508522,0.34855368761376165
0.047918243297171606,0.35927606169730214
0.055812019094853504,0.3456252161228031
0.05489084372462841,0.3486859672892157
0.048182124899434554,0.35784818971415316
0.054827758613513355,0.35091630142189106
0.038011647687169275,0.3564233585404196
0.051789972166402645,0.349494820023838
0.05998170268548974,0.3465250206972809
0.04312800719203214,0.3493228705117125
0.04715232317101073,0.341823341617386
0.049116028751599705,0.3495807180489754
0.03615941362063328,0.33705099030140123
0.04658926515713704,0.34841302422021264
0.05354345230597896,0.3460159803741898
0.04268445662434848,0.3462277577084714
0.051655284369817596,0.3483731630765004
0.03840904865034387,0.35030311930941266
0.04523639032349001,0.3479027145905008
0.043000756051555136,0.3497543538263846
0.052226735484312184,0.3552579316442293
0.04636991085195957,0.36192340519777355
0.05134976850315095,0.3537311001101326
0.04838134016613057,0.3465012175736932
0.04935586964372737,0.35264793747641926
0.04328875505763187,0.35674975153470884
0.03898713155858728,0.35411362931903884
0.048002838926248605,0.3432863620365537
0.04957151197433563,0.35049855781835215
0.044312890640115406,0.35410020226660344
0.05661328741553531,0.35816718207967435
0.05139803788095158,0.3455276665417464
0.05037815615997419,0.3479661893887163
0.04833387466760098,0.3531485721238454
0.042602725437176206,0.3523145647857533
0.04361305918524259,0.3469572670424099
0.0416433510797215,0.34781601676737595
0.047571703980256785,0.35076947820526033
0.04423546434257573,0.3534981251635688
0.0524096371269946,0.3635331416501113
0.052857366241610415,0.3572429540940963
0.04663563756658168,0.34816552762143865
0.046051719064203474,0.34844709664495827
0.04081580799777886,0.3481425731044799
0.04608747729927468,0.3524319016050133
0.05672697625360487,0.34288887018802994
0.03746306857733611,0.34925202005056716
0.04265175069880456,0.3529602966439799
0.04752175811607532,0.35459223365268966
0.0461497489159222,0.3411649613795303
0.050806063164534954,0.3575603132545887
0.038559359183313525,0.34928050404537886
0.03203596935373566,0.3432756221944785
0.034660355836632156,0.3517962168710423
0.038938521789738376,0.34045275753347837
0.038049169319050564,0.33869683508487775
0.03740432007982842,0.35829582446649827
0.034781301736945276,0.3543155337779931
0.0347416434913691,0.33687815423816875
0.04545359593486698,0.35601378015853297
0.046359382737271054,0.3513657617550175
0.040748553601848723,0.3410474589989751
0.03928689307558943,0.3519186647364965
0.0408621389944597,0.33786720296978534
0.048253517435606325,0.34054055425632757
0.033325219232804563,0.35109086884902235
0.04271066035928228,0.35034147503029567
0.039504920551576686,0.3503925858849497
0.047563060807486776,0.34889798027208946
0.04620688319628358,0.34922700310387034
0.04986891833918433,0.35313558404602186
0.03610569634647151,0.3509926547637743
0.050484482897745375,0.34908643379131216
0.04396427108781981,0.35611168879361577
0.03685400841436057,0.3446509547320024
0.028187849357196683,0.3500520971362092
0.049014867973026115,0.3486560461283429
0.04589839694117836,0.34812692849478655
0.041855279042859926,0.35443064601896307
0.03788085455390185,0.3533679079806454
0.03929452900230744,0.35110216677182904
0.04018241648724284,0.3504559873466664
0.05123803141867771,0.35376437504056785
0.037711132562772046,0.34603888376895775
0.03424519358385775,0.3501061858863667
0.044699851383195065,0.35520921745968254
0.04552906981407708,0.3572438855319176
0.040489853361378426,0.3561827025179542
0.042188809257180916,0.3506431986594156
0.038245876472699475,0.35043760307228183
0.04359453698102109,0.3418849880425816
0.04454422820262378,0.3529889913460123
0.04284951452121684,0.34879000227340645
0.03783271668593508,0.3548507487602029
0.0409318367211686,0.356637049524647
0.04578125697455933,0.3508303066048125
0.044438324334390815,0.36017638943571895
0.035527627310734194,0.3651129300427962
0.038458839622198156,0.3485363858183369
0.04796272430806332,0.35484680766123816
0.04313839499432927,0.3524699410877815
0.04631305406142268,0.34957474547662665
0.03425344135130022,0.3520218073663168
0.03565646412450858,0.34802644297947416
0.04373521831360486,0.34615116553488956
0.0369230177387657,0.35484521349136905
0.03270312151258544,0.35155810795934145
0.039037137746611016,0.35708849030666723
0.038969599505169386,0.3475945240630512
0.03527981623007957,0.35647844264695533
0.025443671943889436,0.3457537602850032
0.049982109980188316,0.3555996720929633
0.047598912292609104,0.3562080703438761
0.037252921919889145,0.3475226498224293
0.03986135657513615,0.35724641438050936
0.03507415380273974,0.35056100031083476
0.0364748071055904,0.33883899894217195
0.03688682851920277,0.3499061654905893
0.038387736928153476,0.34995521596100837
0.027993667604575365,0.34403665199197664
0.036382540304614075,0.34762494485525686
0.038602990797264015,0.3606179266887991
0.03259686809127884,0.3534669593377509
0.03780645196379423,0.35399486913418704
0.040968452693028005,0.3481895294278359
0.046217038147853946,0.36214155499580386
0.040374450295042975,0.35256396497302356
0.04661388134594223,0.3638468965149004
0.0447813212523865,0.3554227315499695
0.03890982076239795,0.35453349871758577
0.044098095447197734,0.3595281884146895
0.028168018487006327,0.34660866884783414
0.04532623829902552,0.35665698204560015
0.037873763538242795,0.35684719888060995
0.03089311736675147,0.3446859520580827
0.04386284506708094,0.34718885768154195
0.03330313121444726,0.346023215247546
0.03254598138209875,0.34988158340489395
0.031549412041973666,0.3462432173448776
0.0351235541250755,0.3516254784737727
0.03279232247389859,0.34720326677613117
0.02365705314671884,0.34012762068255464
0.031741375198318406,0.35151906800115884
0.023975697819069965,0.3417871863898292
0.041707989432663246,0.34651906227842727
0.03903680643473797,0.34842931605032956
0.031099016615888278,0.348352337037027
0.04274145770196031,0.3500802355835163
0.0304913027008228,0.35698571964561776
0.025100123527456605,0.347321089402333
0.040105189911172894,0.3447778681044593
0.03220005353921083,0.3515463168206665
0.02965681369557188,0.3530719495422622
0.03715868130436297,0.3563840553977261
0.03453573431207101,0.359991582254939
0.03653571060607624,0.3516575155007932
0.033498738717169366,0.3550322063538078
0.026991104053542294,0.35350398526424975
0.037744361358090464,0.33963822452587855
0.023264559177296258,0.35089541446770817
0.024983771745784023,0.34396151713420126
0.02772897280109907,0.34068880997514217
0.03181244731717163,0.351873955254953
0.026529580136667848,0.35255592456727564
0.02711033352997834,0.35844799834445756
0.032304780534219285,0.3515078939133029
0.032467455530263874,0.35196645607520266
0.034967175184432216,0.3420320679774937
0.031201199998092625,0.3497965593290216
0.02297372073733247,0.3466776754112468
0.0379540518097449,0.3503333417466766
0.03352394037871043,0.35373954863606405
0.04557002324302572,0.360465201784171
0.0329620281105968,0.3513216558309928
0.03590821722853974,0.356303642626977
0.034882685142760314,0.34261270577373754
0.03762177569652834,0.34226198590795015
0.03220905842083777,0.34310531611455547
0.02722714684829163,0.35301555372822346
0.026626098055128777,0.34413728764677787
0.028676869620513336,0.3500019116329127
0.021763810441799723,0.33962366508540065
0.03304580939825581,0.34507863494954544
0.03461650385012117,0.3574125478494408
0.028696876129548434,0.3473044358004391
0.030124540077707863,0.35155015062157713
0.028069155846852697,0.36428293653692867
0.025091176117407445,0.347035710652234
0.027046702644768363,0.35655327016048616
0.025844608269200396,0.35133722682382734
0.032995001366095025,0.3434629073966853
0.03731409903593941,0.34969450870742136
0.03695639521418652,0.3419133523883561
0.03188522487422784,0.3559950744558503
0.04453990526547297,0.3512209259419128
0.03390296342532407,0.36149179589766256
0.03598519206470103,0.3591207502925714
0.03200130493553918,0.343888209978442
0.036241280381886995,0.3499967795583221
0.012919704521653863,0.3528063157560153
0.036804558137009565,0.34894126772753153
0.031187639892464848,0.35404507817212094
0.04165585463289995,0.3492595515326269
0.03058122829676993,0.35766880228352077
0.034895245828459674,0.34955218715281133
0.028723723373526345,0.35549245842247423
0.03011599426161442,0.35206456483216003
0.029381368396149025,0.36031366375332985
0.03334880989194034,0.34477564965442853
0.018544781652113554,0.3514713691656133
0.0314383907631967,0.3357988805972043
0.02607851713993528,0.35170649128647363
0.02652501352171497,0.3573829169048309
0.03206912261659354,0.342522789275726
0.037611999240893326,0.3572109146150654
0.018349321938831365,0.3441783903768296
0.02877069258202809,0.3505809443691664
0.015467449336301167,0.3474502067371551
0.018892881200196117,0.3488323282236427
0.02906448506324809,0.3379113438520266
0.023094820344604753,0.3567244618556234
0.02637659206254096,0.35230828490002564
0.02295622034470863,0.3479107405377327
0.032621979113605024,0.3481056741810042
0.031789261082886676,0.34943848589791443
0.02439748181952205,0.34942411487682534
0.03834030180891915,0.3472187377865079
0.03498339488655551,0.34896086321414876
0.031453916364970066,0.3535808261053276
0.03307233000349045,0.3498767410487905
0.018382394061393522,0.3636031443505477
0.025038037888753483,0.34507099590627277
0.018431040336002416,0.35450843342178173
0.03531771845967618,0.34627088182691884
0.01635486063992001,0.3535008603674019
0.034513575899251366,0.35598649310711117
0.043128588027197386,0.3559227610279633
0.020201566374768127,0.3469277097528837
0.028498723629519895,0.3483923697658232
0.025805893126743577,0.34660937929791596
0.028117751391600432,0.35471699970489134
0.01805613843625557,0.33968278266058866
0.023950529123195265,0.3489914523643454
0.016491795147547728,0.35753837007231687
0.025071328603208026,0.3516518424311422
0.022590597744961496,0.336134726563761
0.02322873672154803,0.3346928207847024
0.034670466462580006,0.3501697888540383
0.0292588497668172,0.3478616802503627
0.023818990348711804,0.35583374278484425
0.02307455767928106,0.34392785901928774
0.015184785903472256,0.34463930810275717
0.027259618267241475,0.35105281097282004
0.01986119223965223,0.3402045542036319
0.03073823683696306,0.3377692140408233
0.015247971603513303,0.35164013306210873
0.031115395513711338,0.34512341295640364
0.02623102839419318,0.34836528247985643
0.028362571596336997,0.35435400193706107
0.020561591955787974,0.3569725889258542
0.024942279243906212,0.35183952372830146
0.019810013948659756,0.340203814553754
0.023939509070852124,0.34964454996065697
0.016522691807783804,0.34566701341334516
0.03337593403331034,0.3447160868231145
0.023476533313352574,0.35569713798866776
0.02789474043900218,0.3505513753472302
0.023232682750017424,0.34727581260265444
0.027448943398905915,0.3494510307870377
0.024039264105666876,0.34128009534085935
0.012455579841052417,0.34443501320622005
0.021664748033323186,0.34338621147637716
0.028044129871915076,0.3461688219781991
0.02280844118199742,0.3539629890779921
0.01823603623017579,0.3454931847100142
0.019534631319289553,0.3516169892461162
0.02135482818563649,0.3517999861324322
0.021256014984730426,0.34819236055358554
0.025991328079193323,0.3454062739920394
0.020656269782965555,0.34630985072800674
0.020280821269936557,0.35301128055364966
0.026876496259728534,0.350375595626215
0.022445968548904672,0.3498618275510156
0.012661214641132254,0.3404347083346463
0.027129815323597022,0.34149155950882465
0.019500481025461935,0.34683129114902367
0.0189235119520506,0.3576757445614213
0.0166757082003053,0.34268917327148823
0.02888287851135639,0.3492045968550834
0.019294594749680535,0.3517608527613625
0.015609208624529188,0.3519259034853356
0.012673293275072118,0.3445394639594742
0.01572372928952501,0.3472898342559645
0.02964733872433313,0.34263257930595614
0.0051599272729233835,0.3483584251157833
0.011969804081058699,0.34874321306492817
0.02184978995821823,0.34974757522337624
0.02067283465422083,0.3507497697061649
0.016133839609550435,0.3533801967534977
0.02322310610915712,0.35549600231434036
0.02945018507184123,0.34348174465029163
0.025880060065822243,0.3510123103828738
0.017854226413446115,0.34936714148729797
0.0136507762718788,0.34305005900519975
0.019577990694400724,0.35233985932987294
0.014723265118109048,0.34932733874987426
0.012786098158099477,0.3516295372077397
0.023839533913298037,0.35111357010916333
0.019130751696988996,0.34898085250667604
0.014781043165800605,0.3454296291953176
0.018537938432460613,0.35378103502906993
0.027178892523052462,0.34589735147183914
0.021826874420698108,0.34481532728905434
0.015608890944500095,0.34070653454907257
0.017235367296114492,0.3364410962028084
0.022921821901090916,0.35545869121965445
0.026552176258295108,0.34961173716116434
0.018198334961209584,0.348380170178863
0.024221340917287885,0.352460937536595
0.03128604319808942,0.3583868880268502
0.021471959161491562,0.354882927678321
0.016502425984157746,0.3448551431529366
0.019049521008514026,0.3511058164271065
0.021536233036204434,0.34866415935487854
0.023197182538205317,0.3595887687120131
0.03319686776491344,0.35242355601820935
0.0231542078338699,0.35215484192147034
0.023400838997096433,0.3503365066710698
0.02491351957101872,0.34910119930376093
0.02090253140883347,0.34925824732756927
0.02238011656100457,0.3479138372064785
0.023932144523766307,0.3546252982508166
0.018833452402065822,0.3619308442195375
0.01982408647636031,0.342929673998999
0.027025966408116345,0.3475729588889792
0.012866680998795026,0.34412483480084477
0.024193121818213068,0.3641791692840483
0.018826662208614647,0.35127637253171196
0.006795119182568193,0.35283118590727386
0.012323191519276269,0.3475142273973685
0.01966904675197721,0.34618183841826733
0.011895421211882095,0.34911441218226674
0.024253007195986533,0.35144626448151556
0.0257166784001618,0.34831448506258256
0.016365608741306107,0.3433337449822069
0.017890040198302506,0.3460558704318744
0.020558372105062842,0.35411970049141495
0.016671273760643774,0.34203024102093826
0.01450937958521824,0.3496497706486858
0.013722986720639532,0.3476337294916007
0.018396215388912215,0.3535973065494698
0.024880477218743306,0.3457011647836214
0.019166390056887375,0.34773173425745935
0.03287687049147292,0.3462673346681888
0.030414066989198022,0.355442733327803
0.027833968123632955,0.34620833512023774
0.026473445068001034,0.347756097279915
0.011314792146461625,0.3527494250366615
0.015710564829682805,0.3486985657254935
0.024027300323702313,0.35312364386194994
0.024754756780031303,0.3546518662083685
0.01666417763569229,0.34633823707304195
0.013591994140789904,0.3466390356305035
0.019597914697306512,0.3594112650684573
0.017692971494418785,0.347415175379411
0.030609438439361116,0.35132625257212
0.02275786883029686,0.34724020171734044
0.014439167830974691,0.3471219451563694
0.01577698590921554,0.3452440360384142
0.018947884530434687,0.35301144937817036
0.011626701096295357,0.3465921195312378
0.01480517458781867,0.34625699016487954
0.020701553234870725,0.3520627831181033
0.022327760206565385,0.3508493579967988
0.015544986033866863,0.3486929440941478
0.01668411850734344,0.3477710403741233
0.013818818618104927,0.3434834974467572
0.017871742218564673,0.34260182993125793
0.026646001995290537,0.3481746471167822
0.014458958512010917,0.3589441322877539
0.020673691222596987,0.3548693300923284
0.016615972051987705,0.34546050018942914
0.014579765543331378,0.3442578684184346
0.02149238392360003,0.3571276301310782
0.017005063770747758,0.349801623279609
0.017672661511604463,0.3489760740794013
0.027983784183509008,0.344495809994786
0.018279321243877187,0.34423254621342797
0.013743091111234935,0.3521557843889001
0.010449166418923812,0.34975902429969935
0.023594588395518392,0.36005891498016757
0.024489681056699717,0.34509065878827233
0.012135304650268092,0.3581847246979068
0.011566115768879925,0.34628788525462983
0.01795708597660759,0.351953064992223
0.015040296512338389,0.3494778707185985
0.02305376406172659,0.34683825811367763
0.007688830438856714,0.3490021830363545
0.02039816378647159,0.34360441111299667
0.012355663352332319,0.3359809016060609
0.01318316550036561,0.3498070875526749
0.015127655081909247,0.3485820273054501
0.011778902986198507,0.3477006308282185
0.011759951426164338,0.3429339462792417
0.02203201996864011,0.3462486799155059
-0.0005086334626684314,0.34280400971992603
0.01699435017446975,0.34589319845003563
0.01892522023334042,0.3472562973602872
0.00694442790746779,0.34347108256975584
0.013883844166259943,0.3388298395793161
0.016095826249769837,0.3455725832165336
0.018348024050716515,0.3459642478379131
0.0157936140620941,0.34443046370701275
0.014914322453722708,0.3473837600154049
0.02032976555479092,0.3502801751845919
0.0174107933142338,0.35873950416400036
0.007306453063626437,0.34582275800470547
0.011639736387029719,0.341508580914574
0.003015388019383655,0.34531926859374285
0.015903086993707016,0.33863863048212395
0.006581149894703345,0.3399815881838594
0.02267008206575756,0.3469494770829849
0.01640846124460729,0.3348139824744468
0.017460514310573643,0.35023961458634434
0.014379757136862332,0.3424137868675784
0.018918273507972674,0.35043616943012457
0.01073858015821275,0.35485445357954665
0.005201250831399719,0.3517761973840331
0.014224529203007574,0.33901355363740393
0.0176276654822208,0.33145710808835344
0.0114308538499483,0.3443195969592111
0.015891248870749275,0.34213841676260986
0.02017539210497666,0.34677512557955686
0.010443215775445148,0.34646805553724513
0.004757784920256911,0.34443860307613133
0.014749930963629688,0.3412976831476249
0.012059457740247513,0.3597271408073573
0.00927330351729455,0.3341782053927613
0.013877199604094021,0.3418915420707539
0.011351774958376267,0.34235970123988957
0.008946689250198288,0.339975722212448
0.014415820506856114,0.3466496820366075
0.012478852182593921,0.35066172586463135
0.0158354177128039,0.34854044786970345
0.0187555446810975,0.3366603988381949
0.0010543799591634033,0.34342923924674224
0.004594547009043357,0.33493396977502293
0.013133440270003571,0.3509677068386471
0.02262013025325783,0.3546798442444729
0.015492915794086973,0.35544589771047264
0.016219206043107386,0.35139166156594137
0.011202554726526355,0.34090651573124614
0.012004160979066193,0.3444257889752277
0.015475700024955567,0.35566370223414473
0.011538781313333602,0.3478667650095294
0.014717145229759854,0.34359961121462834
0.004440718272057308,0.3424002109199208
0.006989764081515857,0.3496157283042457
0.01059680209190319,0.34228750174317446
0.011830026774792505,0.34786516466015693
0.007745461687078045,0.35390765540466196
0.013989756068152056,0.34868958270270556
0.01341981096340513,0.35132249862981857
0.010413124911488653,0.3406060178794073
0.01291239391342067,0.3447558499967171
0.005931692506997867,0.3514900401827016
0.008126359997905857,0.3476043422651881
0.022762748197870608,0.34286448655570273
0.015320241925534366,0.34510872411931626
0.00747507452090294,0.33504410657162526
0.021377066261216115,0.34788141599216205
0.014051019900244509,0.34882325238626627
0.016795397133896644,0.34627847466729106
0.014579661911016914,0.3576725506089874
0.019130607806189293,0.3421412866879041
0.014606278619001356,0.3570179928725218
0.017509565345699557,0.35519158484248925
0.008670296822117753,0.3527297445100683
0.022730311765181452,0.35742311174923624
0.011488030699151294,0.3531119889467085
0.02026633924355652,0.34975823764126396
0.022151862355515094,0.3544132705073005
0.008151583894159065,0.3485501696294035
0.007199831128218025,0.35170984318519843
0.013717230818753987,0.35420287949738455
-0.001873132067946455,0.33828613506006283
0.014852220639491868,0.3472238548405366
0.011171432858672677,0.33637757503551324
0.022933569822270503,0.3435746314768676
0.007194104901057232,0.3427255610395582
0.009607219566712793,0.34063219085532803
0.007511195315328858,0.3456768188288015
-0.001015465971616598,0.34503989933107543
0.007863278062032094,0.3447152629766234
0.004726494951085719,0.3313026628181617
-0.002968231267862758,0.3494203745067666
0.009187423954913914,0.34112713630554875
0.007064804032912309,0.354361383990405
0.0030968343576490073,0.34525643896333036
0.01636611194786641,0.3482634984429762
0.00045171355808964163,0.3441637834919949
0.004848528913293664,0.3396235014271382
0.011882610259000392,0.3475417341481931
0.0034931181917813208,0.3501375325253622
0.0037239256386265187,0.34783735408744487
-0.001093606653195341,0.35069043654609505
0.008848333816645654,0.34783843523963515
0.0092475135143726,0.3444226358416936
0.010467528953590781,0.34035991379516306
0.01062420402174093,0.3406602334308331
0.008333977900197747,0.3455583856946539
-0.003973936504578647,0.3403231368146432
0.0010384683248998283,0.33786495766936686
0.0007398647256371409,0.3438240718303145
0.005520072148151537,0.3498115552668199
0.0077312129318652546,0.34782476525251493
0.010225140102096318,0.34333427459051474
0.004772805466472182,0.34479192033296474
0.006756228989278068,0.35327408355145873
0.006955725324131628,0.3387329275367848
0.002840448371783444,0.3480935415192082
0.010254647472372948,0.3407113192173915
0.0069956472343593095,0.3507662029490711
-0.0011589071925068454,0.3468868654638474
-0.0005076881385298517,0.34323214507088384
0.007469433701773543,0.34170995669681814
0.010031289750092057,0.34915925842672146
0.012391964934777523,0.3433725860199121
0.0031417026207871037,0.3448257265007739
-6.501665707097741e-05,0.3452082120280175
-0.0024448172341553,0.35093106295907456
0.011231908736310588,0.3398500848581419
0.008862042269406529,0.35797936393340374
-0.001160947649462733,0.34227788614716786
0.015195935466689608,0.34121141020489404
-0.001399784434026466,0.3450782088798395
0.0007159665423097413,0.3516259553065858
0.01025583601932668,0.3424328674702971
0.005941834129004469,0.3504456244517728
-0.001181073280445819,0.3418874787085322
0.006243191422347483,0.3442121096988647
-0.011572728761946168,0.34393318021614566
0.0014139683092816578,0.3328055676166958
0.004139962156965686,0.34498047174911894
-0.0018544453228719233,0.3455017997590301
-0.009847932679358367,0.3391584493780695
0.010819646465168555,0.347420278939401
0.010508775111946105,0.3511254256433056
0.01534100632490619,0.35320349445200316
-0.0035335919811408847,0.3409832269862467
0.004790587363206697,0.337976789529969
0.010742253780174101,0.35915043582913936
0.010281245225009877,0.3336191186735301
-0.004039653611174018,0.3523892187670128
0.0038001967685573615,0.34788087475681967
0.010302131607719511,0.3525411586183506
0.011104966538817934,0.3553529470942055
-0.0015883881156043996,0.3503532835874019
0.023536146101865885,0.34023731027785453
0.006681311034798008,0.3383801129900949
0.012519627640785054,0.3464380864906593
0.007654649517004039,0.3411232654094696
0.008141684239959122,0.33424083449563124
0.00197640479597206,0.34251594945534686
-0.00223197701187441,0.34317742269521423
0.006532046523725232,0.3539567596581786
0.003732574911105236,0.3375591740983613
0.0065146364062647726,0.3474388695695868
0.009124831395478953,0.35034198058069066
0.008466927129050183,0.34481021797093614
-0.002080070117768115,0.338892604289484
0.004811484350354048,0.348333869464467
0.0014274243249251554,0.3398797823677125
0.004076642944654263,0.3508454644007578
-0.005808041927427714,0.34925336962963993
0.0051884531285957365,0.3442809915758998
0.008334735742809633,0.34552366228939485
-0.00394522042492233,0.33148133946910546
0.006207134346591266,0.339644615527929
0.004640767454977407,0.3437874315668624
0.00943360527498518,0.3517466130682186
0.012199426090841304,0.338866939256913
-0.0008209372039085776,0.34956922049986466
0.006858602031003558,0.34017733356780383
-0.00855850794599907,0.3415830760965813
0.003320306752711259,0.3447838894014419
0.005107721966694858,0.3564703817045957
0.007393397236875822,0.3409388096599635
-0.0030548492397823646,0.3441084027920435
0.0036748795245396737,0.3396512238917832
0.004722825854092176,0.3354289027111824
0.004479350088768457,0.3579708857532623
-0.001868039364074356,0.34708657147845795
0.008984548694320343,0.3473404427499428
0.0019501746921572632,0.3489416509275748
0.00879880128780914,0.3405961066292851
0.0032963511941615084,0.3522762212972469
9.282241004251629e-05,0.34508670983185036
0.001210066728335949,0.3479856006440832
0.012063408628389543,0.34442012636108205
0.0038510194526716834,0.3383982861786455
-0.0012173305253358612,0.341675581825109
0.006731057151061713,0.3438630465439526
-0.0027811060183355776,0.34885680662449925
0.007682696185378698,0.33919274457329873
0.004946913143092546,0.34709630316227363
0.006676712010025847,0.34808091509557687
0.008155298647694723,0.3482510841261864
0.013016135815601274,0.3451827787805498
0.0069029684879163096,0.3465089330659533
0.016765108892775892,0.3426284568257102
0.0011805505242888316,0.34388470705496316
0.008418418527565485,0.3433730656604137
0.014199810449379407,0.35361139468061664
0.008190258118391879,0.3549730141684692
0.004081131840171152,0.3407292854851747
0.0032873470650523697,0.3272772393303459
-0.0012405789794085905,0.34404099443698616
0.005328385570872102,0.338514880495814
0.013885079889306574,0.3572078534652639
0.0035528618642838494,0.34160335478893233
-0.0020804522376164404,0.3541329015688625
0.007496900714604049,0.3381168699403369
0.008296795687440447,0.3495055178490545
0.006870946115608077,0.34845882683549256
0.0063523015298052685,0.3391957233039773
0.009650846016980125,0.353302625485938
-0.002372869859977336,0.34125092893989445
0.005055654805662607,0.3442227032551798
0.012955679027130424,0.35399627756459073
0.007234143570862004,0.34378468871943546
0.006141647644426344,0.34430077729378666
0.011230366694212035,0.34221269237908175
0.007940741529354419,0.3447411297152974
0.006557819492192019,0.3450055085414912
0.007175272670432338,0.34010757116645707
-0.001607204273417823,0.3526496419052591
0.013368626073347031,0.3358002474789361
0.008481536004344719,0.3535756386824285
0.005572134009753501,0.34076004016562667
-0.0002360973815673102,0.34648752162401353
-0.0055697404857660785,0.35731538570652954
0.0018527306216966442,0.3425935784949869
0.002978458056319512,0.3397923288619901
0.005103397202239923,0.3548695138171626
0.0024691338087433684,0.34563241823916674
0.005001885560050577,0.3504362084081021
0.0036587526223644533,0.3407036020949862
0.010591811748094405,0.34988528916217065
0.0016411108362740703,0.3469932851800835
0.013240737604787783,0.34591686054438386
0.005162874233099071,0.35093032101823296
0.005187274866200193,0.3390341768231745
0.011753254603398888,0.3397003475582331
-0.004450999661071077,0.3455546219782543
0.007840236981929516,0.3504225029579509
-0.007223462832124025,0.345463520764419
0.004959073814080701,0.3356776920888381
0.006655384867559031,0.3524672795889596
0.004415118996310737,0.3421391527173421
0.00651049896906396,0.3419140573653837
0.0032469942411890765,0.35010278206323214
0.0030659630435632516,0.3459170071323437
0.007867917681025162,0.35686585545877664
0.00863610188503138,0.34948286437565845
0.010388837118617347,0.3484387795941792
0.015153205653910581,0.3491595950386127
-0.003592450492229042,0.34664876824182167
0.0034744143803337978,0.3409825568396864
-0.00680238886910864,0.34364183951739324
0.0011603187594784652,0.34885760189958415
0.012300087906934579,0.35266316823924865
0.01188993493035769,0.35021211156040094
0.0076782706314620945,0.3448325037408314
0.0036092169575031516,0.34997061488307696
0.004270509762654406,0.3512194751584907
0.0019933121414926276,0.3584641515261053
0.002730300746084096,0.3517765102307586
0.0044442016816139095,0.34724702975623745
0.004145701247290655,0.34786603085543166
0.007955891387613528,0.34919247040885426
0.013938720865172935,0.34662972068246384
-0.005615038003910438,0.34147506068779465
0.00028465525825743755,0.34587679159706736
-0.001375721577357654,0.3436355740438695
0.004300669152580996,0.33910089701885265
-0.0035774299278961874,0.3498823856364671
-0.005341055927864783,0.34097610806771916
-0.0036624452301606586,0.35172496689260613
-0.0015984665979906498,0.3351640764863801
0.0031188402850702295,0.3487633575272425
0.008907194428503903,0.3390905925216499
0.0010254002754676134,0.34904843861789125
0.0029278126574429136,0.35293213207917906
-0.004182941389114911,0.3482147918092305
-0.00028714198117165936,0.3518914486455658
0.005845362624417456,0.34258627456641155
0.006832538044902787,0.3475278088254476
-0.009837123231625371,0.3415873846858886
-0.006809101101317048,0.3502274804753195
0.002338903955710581,0.35106703648813814
-0.002539478812270613,0.3443575516064128
-0.0010982252931002853,0.34460543634692975
0.00027530089187966823,0.35866549627601874
-0.008883801943406796,0.35536769845269756
0.0070814231822589795,0.34991792639569785
-0.014479566791103397,0.34348135579378875
0.0032976477731459213,0.3495588744388311
-0.004977211128254447,0.3415435094727546
0.0013276303964705736,0.3446441516321347
0.0034681951912959937,0.3491792294050908
2.6862099811395092e-05,0.3414614101652012
0.0057632862806368665,0.349820623972656
-0.006237634695104826,0.3485143895253281
-0.01014261261591439,0.34385488312575974
-0.0016103650811968566,0.3382977843642298
-0.012397184989202585,0.3453507247586172
0.004283674010019309,0.3453813610002444
-0.009023708495883943,0.3448272109828622
-0.0010843676236891133,0.33981263952918844
0.001934306838833636,0.3372045477368816
-0.0016613049105752428,0.338680468248548
-0.009497646920912341,0.349632339804773
-0.008237953117296526,0.34779050328251576
0.0076977209820562175,0.33491367518411375
-0.007834368701177269,0.3539625228074573
0.007638780308269823,0.34115864040690164
0.003266026520702577,0.3477690541348612
-0.0035129783505660887,0.3491133530729865
0.0006893646389435476,0.3474303290982452
-0.002941357515264019,0.34398338491389974
-0.0020275278276364744,0.3510665003162515
0.0036637222694926087,0.34482090220242806
0.0020197082841974874,0.34934322054178063
0.0002604554615740313,0.3393575642021903
-0.00016219965746833536,0.3398786274116978
-0.001698450261612635,0.33729739720911217
-0.0016207754222720742,0.34758667695275053
-0.0004831340689182303,0.33991815377517304
-0.015751772192014967,0.337476902296722
-0.012655827840868196,0.3467327360988223
0.0003281344475008557,0.34820788338386754
-0.005045082811669486,0.349980043163487
0.0037318069676165713,0.34846277353539057
-0.008887640068488942,0.33876807879542226
0.004048269746351965,0.34354351489940493
-0.0014141359286285288,0.3484316459193088
0.004603518318747826,0.3402506516467575
-0.009951279999687248,0.34723139204135195
-0.004995701499851301,0.34014494860709826
-0.00011295490345972259,0.34636038017954696
-0.003067145258780599,0.3351115906466049
-0.010719624127341575,0.3381946807054951
-0.007579049845645379,0.3319065109440142
-0.003744957025519817,0.341537082730225
-0.009311950433574566,0.3442527542251146
-0.004374162524593817,0.3323079563841221
-0.00044076017698399425,0.3441850188602163
-0.005299002719253591,0.3469597431443375
-0.00417895840107736,0.3558551558383101
-0.002416094168438727,0.34470863550239456
-0.013381100346071435,0.3325506970573452
-0.00831379789340352,0.35195706876199967
-0.004058556082547217,0.3473782892423958
-0.000422641671546571,0.34547122104328193
-0.0045149663828310815,0.3395167619180866
-0.011168040303500775,0.34437261608418357
0.004283099003824149,0.32815592978132846
0.0017186989672221453,0.34745602141370047
-0.010000307998787433,0.34913327364572166
-0.016042643209287628,0.3403323937603121
-0.004885731844392946,0.34224133180078437
-0.0023580834490369964,0.3499960545562914
-0.006886400387774904,0.3320830802706567
-0.00963935278852212,0.3454571119961083
-0.006110650712995626,0.3354852266862818
-0.0067430077740648405,0.3422337250278719
-0.0027058631327261497,0.3369477449408542
-0.005490366240303896,0.3403658810567162
-0.005523099776886016,0.34695355769281794
-0.007277758482405215,0.33988180196477713
-0.010697358839068248,0.330885073858209
-0.011128186496797641,0.3432966749330169
-0.007201128586420407,0.3460179762524645
-0.008817340919496637,0.3383257737878669
-0.008437728006662822,0.3353523869233993
-0.01752349118980184,0.33798875934254863
-0.015300543807700587,0.338476650721837
-0.011197552319746234,0.34056267700805576
-0.01209279097448176,0.3391667750118773
-0.01800311660302568,0.34234540141555153
-0.0005887158868408508,0.3451365484772943
-0.015251428507369472,0.33883667616158364
-0.01929147156430427,0.3312599983458235
0.00022669933718910036,0.33834065549323217
-0.008299830074063243,0.34420206376458273
-0.007621211858816224,0.3461021813808677
-0.013598328675897537,0.34949589702402306
-0.00943268545174399,0.34155361964432723
-0.006797073726768387,0.34778191631705907
-0.007449165573295945,0.3414679150426088
-0.016983680342367694,0.34128023361965537
-0.01694655543007462,0.3358843063611796
-0.010418823534060767,0.35248808871856424
-0.011134991963746049,0.3511704636172658
-0.0011068774030065561,0.35415272446749807
-0.009320935408394569,0.34091870914827094
-0.011664578323886727,0.3467341774382291
-0.014060791664563083,0.3432119741187452
-0.015303026433585658,0.3450234212666319
-0.01254981216432511,0.32965636629943434
-0.02367488509742265,0.33530925581496085
-0.009062717089387726,0.33055905960916926
-0.016339903425829926,0.3386986707864769
-0.02472571035714761,0.3376566684085356
-0.004499178062800866,0.34134858803398616
-0.003970933853361133,0.34698196265358916
-0.010777596245902432,0.345388151687672
-0.015998628552796088,0.3399994472243328
0.0015459478654245287,0.3436918257434435
-0.010218361272699102,0.3462027178289473
-0.011295632692330467,0.3420105026312087
-0.019655057302651855,0.34827009408047965
-0.010557656546700142,0.349844956075332
-0.017301996391564663,0.3317554800344716
-0.009302663527443189,0.342559138151566
-0.0028752250960746998,0.34166097094496944
-0.0011637804577710816,0.34818383014504595
-0.011277943999026352,0.3410891729514129
-0.009122128179567616,0.3431710933306416
-0.004385592955461108,0.3540078034646731
-0.0030532282834971696,0.3405425958872957
-0.01332756863730288,0.34360672089930244
-0.016835142150187485,0.3448395255425032
-0.0032521913739323454,0.34533137093768607
-0.0016802173288854097,0.3497084080831895
-0.011525038518551349,0.3436800446417214
-0.018956128579424452,0.33743854022255626
-0.014076282283600404,0.3379996728096544
-0.01338188387409065,0.34077859609006067
-0.01694269107582158,0.342061012804037
-0.008262084427747899,0.3460980678135872
-0.017228922850120683,0.3380022368295804
-0.011345157386393624,0.32993462425327835
-0.014175241461091236,0.3358505817815312
-0.012680773233380741,0.343543460172554
-0.00396757404281648,0.3362753739350703
-0.017360823442768437,0.33916958411874043
-0.02065683322382907,0.3330029750971302
-0.014883027429114633,0.3446341239210836
-0.01518709861979235,0.3465809840906506
-0.014537114640241397,0.34222736215536803
-0.029263194303890742,0.3350337358151363
-0.020464080386702218,0.3389266178258164
-0.001234804190903284,0.3412633710479929
-0.008972277856642336,0.34648754593085557
-0.00603282499761165,0.3461759554887615
-0.0093708629698839,0.3397127757033715
-0.017653008285700187,0.3420761181808611
-0.006354664713288247,0.3383825006924889
-0.008785562857985504,0.3501263361596008
-0.008572623743210366,0.3495043481505512
-0.014420413363236984,0.3425763158839575
-0.006602536813450723,0.3300587606580852
-0.020482033009131487,0.3366204612916457
-0.010303542447195136,0.34031552930358344
-0.008656074958603018,0.33985679977910055
-0.008242086077688365,0.3373294048059703
-0.009291339920076224,0.3411417884011117
-0.006225323954694769,0.33775811906306896
-0.009744874493817153,0.33647375290339615
-0.013889172409931181,0.33939123071511046
-0.021205853524690885,0.34860736189793096
-0.007906329714555906,0.34381909170094666
-0.011266004776684104,0.34568376182071336
-0.008848070025795364,0.34649275380180644
-0.005391830862382203,0.3463937900799893
-0.00816768900236359,0.34313083311091785
-0.006882413305549401,0.34072617944385947
-0.017589780184373082,0.34925916058803025
-0.005247030586156112,0.34089467247197297
-0.007437922758353837,0.3529558734572812
-0.004608233278311078,0.34508817039179
-0.01390296417562724,0.3446800705462198
-0.02090212428479718,0.3502079662687909
-0.006697625285193854,0.34070779935317136
-0.014978850038243825,0.3443333632712034
-0.014927175064308395,0.34022442092989247
-0.023151872957108365,0.33998004205732896
-0.01907972696943366,0.3336937935849092
-0.007761667644203925,0.3398422534931739
-0.022318032077140105,0.34189810780664326
-0.022720421117979017,0.34546849193899426
-0.013017508120944052,0.3379609037685642
-0.013495591468986039,0.3404958228974187
-0.01212144644442813,0.33813750246766505
-0.021881622025337364,0.3312510761211536
-0.02444219087751938,0.33585641625082646
-0.023963597591507235,0.3494125466820016
-0.01916499856754384,0.33918891849418364
-0.0051860742031489505,0.3407013691601287
-0.019675561786951668,0.3399798345365608
-0.012873800021110559,0.3405509766949776
-0.007821066097079454,0.3345492721565008
-0.025272961295898174,0.3346681453942301
-0.025511799269933653,0.3374018930703401
-0.012219816991186759,0.33871402424539104
-0.011969121037547461,0.3439948156446433
-0.0076390314590205,0.3364783063278634
-0.018855957277181302,0.3435794359981237
-0.00675634220108406,0.3518714419403684
-0.010233804992724603,0.3455306362741803
-0.010433660879889312,0.3470624175881543
-0.018084876972822583,0.3454234522320082
-0.013744399110908448,0.33457119553530174
-0.015160183877287446,0.3412304903452428
-0.017812517853495503,0.3479390875133925
-0.011711504059170102,0.33674623239871687
-0.008273487435470331,0.34514798472323194
-0.012972191292214594,0.33490743848801324
-0.012110026826902242,0.34145109666383333
-0.00940088264251695,0.33583147086014387
-0.02072474793918215,0.3473211712985968
-0.02024876039603575,0.339778526357942
-0.009523415010887036,0.34045313717925935
-0.01973171815518455,0.3441487572031442
-0.014680601447497282,0.34651760253424907
-0.026604930474586064,0.345458681135469
-0.022898130498143186,0.3423511299951559
-0.024833519649476152,0.34036842863260836
-0.014465954320573914,0.34604260897128136
-0.018390167964454907,0.34635404657856056
-0.01943066081759056,0.3409937979640168
-0.01989962144475178,0.33720584148841487
-0.005321184103360065,0.34340674375938796
-0.014083837945411164,0.3401129724693614
-0.009750214046620716,0.3476627894268619
-0.02427056883045881,0.3532615932531347
-0.017669058027477216,0.3491396516777996
-0.02462099239428523,0.3373966885863041
-0.011833759311224244,0.33843317832622366
-0.020747897739093708,0.340266450563087
-0.014538647368035054,0.3470804434285205
-0.002544726583427846,0.3562880974026616
-0.007690443638498259,0.34020119234959634
-0.01253275235802592,0.3449597170244084
-0.025104050487732087,0.3432277699392974
-0.008177951889072905,0.34316748785010087
-0.02487365762310554,0.33962062826472855
-0.016572517776859443,0.34025280378812217
-0.017478889300594474,0.33450070946659705
-0.013414406616298124,0.35041809391054723
-0.009901490006619397,0.3378057808715162
-0.0074548645887639285,0.3443192235238361
-0.016053952621523458,0.34778897176798423
-0.015368831987114482,0.34259730011310413
-0.007596049269255524,0.34622506257536856
-0.025193752995965563,0.3379882521368301
-0.01589071762973896,0.33735257257452644
-0.012999997120108743,0.352445535822186
-0.012622490412834962,0.34169650462241125
-0.018113874111410026,0.34620316608094087
-0.019940192328861905,0.340612122977441
-0.02567083005059204,0.3345038275468289
-0.015015887369568243,0.3346728361086965
-0.022010956429264837,0.33239378366042954
-0.02935913544819962,0.33849449979925056
-0.016869711618486865,0.3375582951057283
-0.01928985588009701,0.3348654785021538
-0.029004837323768105,0.33597444823642425
-0.018887508178871186,0.3434367540922644
-0.01791371176155021,0.34166696821243997
-0.01921464055330491,0.3369955950815138
-0.03291724502125318,0.34616606160846486
-0.02633739069329954,0.3421832833232754
-0.013497446644139795,0.3374147270286469
-0.028065081850295815,0.3399723236245855
-0.025809604978675144,0.33260793974034475
-0.02558264962238811,0.3302340897451969
-0.017226669412793008,0.3410763493547866
-0.029366463630738304,0.3325459336513169
-0.013813360375301375,0.33744257882963347
-0.01290003879185782,0.3440658266051116
-0.02255263496878431,0.3415424744298771
-0.028757022743078783,0.3329235243924312
-0.0364529686265926,0.3379254410403066
-0.02054378514026841,0.32869831854934434
-0.01759516169488556,0.3360585682453709
-0.017376497263485516,0.3332268718196665
-0.022909547347708243,0.33389703570677454
-0.019644263312124495,0.3399623907295884
-0.017483653396716165,0.3533879950052984
-0.016130974904500446,0.3442393406588281
-0.03015162233124805,0.34345393130896157
-0.02238293521616585,0.33937466602971017
-0.021610549920769433,0.34322791756740934
-0.01380264561690589,0.3458107218148337
-0.016628012185295214,0.33631190281755213
-0.023125156447717128,0.340962777705428
-0.02769975039626085,0.34213586906099064
-0.034926621575981996,0.33522789687106497
-0.028723029363446662,0.34262499499644355
-0.02516996025469482,0.3350071084119464
-0.014436772458487481,0.33426903335598235
-0.016233707592168987,0.3365199228957995
-0.019558794558746876,0.34268642420206974
-0.02651100753209176,0.33745250175345826
-0.029795987666742216,0.33930115270099304
-0.021038079789279063,0.3363582801532599
-0.021101067667591317,0.34007186611957646
-0.02702063225085839,0.3373241962375708
-0.02589598996742351,0.3422897671974921
-0.027143542239474985,0.3346266984357714
-0.02616898929504514,0.3343905365624339
-0.022049249853064862,0.34167384810543483
-0.026947153333465982,0.34083470726552023
-0.027303973525191913,0.33233554205333316
-0.025669926238446054,0.3296163706267789
-0.024130513179008283,0.34028536869172743
-0.0209197581891844,0.32917830722125596
-0.023565831825833564,0.3412299735176122
-0.03489402616859038,0.33786580308585595
-0.036849119078897034,0.33781698763618495
-0.019480619787884672,0.34375990794859695
-0.02670568522684449,0.33792177967439657
-0.01940149223871829,0.34235113821138696
-0.022294020503281546,0.3418208783576723
-0.027179978116691633,0.3380011834422066
-0.029555007463098866,0.32175188005885125
-0.02209930843679487,0.3285188954066232
-0.03884965626983658,0.33517159201433916
-0.02796808229486076,0.3413487804517848
-0.023035027979773356,0.33970956384436607
-0.02628263394260089,0.33996799454318183
-0.029472519221325894,0.34357739090226214
-0.014273887230342234,0.3452309835140311
-0.018345990892374684,0.333832360301407
-0.02371837288056416,0.34337578945858904
-0.02613136992428012,0.3395975297474484
-0.022988454888201726,0.3418063965908875
-0.028103261078635318,0.34259214589134657
-0.030901759063926223,0.3395864364601624
-0.02717887839643016,0.3317737665301363
-0.02340532111181911,0.3389741922853584
-0.027593277226639464,0.34074236119685763
-0.027703233132484965,0.34055736060647723
-0.0343551229401407,0.33408641759268204
-0.03009949418162942,0.330687458497624
-0.030248860424193,0.34284267084903836
-0.031188280175035357,0.33180651739563677
-0.03323472024834031,0.3410909277021133
-0.026922191443292155,0.33923316378420276
-0.0230964280803178,0.3383481182933009
-0.025863847684114667,0.3441932925313277
-0.031257306163930944,0.35237418841609686
-0.02144544349755618,0.33853112146349573
-0.023175165562667556,0.3381475786889075
-0.027960944572457735,0.34049183171869857
-0.026128193397315404,0.3324797516393919
-0.0423632700025456,0.3321545544744211
-0.027382502321730628,0.33373188247933083
-0.025654577423754255,0.33544531647357273
-0.028796173973045097,0.34189927561944666
-0.02777346976212438,0.33309410197336453
-0.03938373823607431,0.3482135180213156
-0.02123267449382368,0.34291670849666883
-0.03137594122255216,0.35176262642193323
-0.029013656215878623,0.334323073027094
-0.027192371776632637,0.34166659891662726
-0.029649179054812475,0.340335595657628
-0.016969432132913704,0.34135065052965347
-0.018259080795498435,0.3429679229442158
-0.020815096746137192,0.33933258305164665
-0.03176132819406549,0.3418579330646152
-0.033051317924321214,0.33796253128056775
-0.0315373930373523,0.327865833940594
-0.023975784357028355,0.3468379519055601
-0.03320704918222026,0.3394492066118975
-0.02008359295317564,0.3373279993384414
-0.03723540543772016,0.3446183513390262
-0.01650454078378724,0.33422961351451097
-0.036853774413006544,0.34144788487330485
-0.029720129728409962,0.3421742139927868
-0.029661171177321727,0.3311072335798568
-0.028387262947869057,0.3398852221452179
-0.02972114288356518,0.33688240240758743
-0.035938192295536714,0.3414948400375899
-0.024224356896236712,0.3320937582154482
-0.028818660760119272,0.3443255465703783
-0.026159271257144526,0.33243637006649646
-0.03347425245922893,0.338584484107338
-0.020087831748147853,0.34594644702036836
-0.021533074919791274,0.3359840568204296
-0.025228055181291738,0.3425682034343691
-0.028601430484129626,0.33845906032437695
-0.039787595542293344,0.32928238420382927
-0.023147288732701176,0.34298281668361774
-0.03185185824369124,0.3426955477095007
-0.027215841157231347,0.32922885853679107
-0.02854160982220005,0.33210614168030744
-0.026247539988516103,0.3458597282330762
-0.022614454030986365,0.34445228614294304
-0.01819275396836483,0.3442451079395747
-0.024944558208765344,0.33037247697456873
-0.03742834353268277,0.34074281045884847
-0.028461272145118052,0.33397789818857004
-0.02754072489028476,0.33961026322813426
-0.040642372047071454,0.335056082244142
-0.03085181962557246,0.32767300299439844
-0.03574912792607874,0.3263863810708529
-0.03743006587630247,0.3370695918443519
-0.024474028992086495,0.32185557089441214
-0.036372954019733846,0.3356554975233914
-0.03959849372160264,0.3318195008543258
-0.03385279026485412,0.33274132599052275
-0.02861127204714585,0.32777528316817234
-0.03477420944623699,0.32933338698467907
-0.03280909122153615,0.33809841565787585
-0.020297926135756948,0.331767015028084
-0.043346835848701346,0.34130991546470735
-0.03422991898724488,0.33698440482574377
-0.03147971425964194,0.33766722473200855
-0.04099122334666126,0.33886049944306784
-0.03428716476677029,0.32761224431121216
-0.034556598301989386,0.32580826006973573
-0.027460647272515498,0.3329692206151709
-0.018816180250998918,0.3269565809223293
-0.03630162790118744,0.3393666877043172
-0.02616118687898972,0.3381227944217966
-0.028404029185403207,0.33635848865381723
-0.03394730445052165,0.3355065980369114
-0.0361489669798733,0.3389409188362923
-0.033080201303682666,0.3402226650107099
-0.025036891857499934,0.344665789488661
-0.025548537377514897,0.3356225554977818
-0.03282853474335306,0.3269093476021428
-0.035381587780075066,0.3403796633875278
-0.03998971792842809,0.33016481585546215
-0.039376195721849035,0.3341719352040056
-0.030049850617229958,0.33242415074662846
-0.03079185676037778,0.33563366125343896
-0.029562271851583045,0.3462729138681376
-0.03886052100099626,0.33866754916110153
-0.024552944873127064,0.34362051676461514
-0.029087923631807292,0.3438849869383011
-0.033712144791084024,0.33311122896363055
-0.029210012011875158,0.341685331882263
-0.0334152179092902,0.33924527943765015
-0.032524771425418396,0.3416752802539693
-0.033013407452927954,0.33892626709787005
-0.03627203302869913,0.33481186648691585
-0.021969299889449515,0.3313370900859028
-0.03900525627401535,0.3360714841618957
-0.03417465369737978,0.3344036303805944
-0.046539538277387535,0.33078664398352625
-0.025509975476469743,0.3314113431425389
-0.03659774248761859,0.33417892795718457
-0.02678176268870349,0.3408427669156501
-0.03692449616155183,0.3311267177176916
-0.03957725167297944,0.3496590392099696
-0.03262638560852794,0.3327634670734115
-0.03381361518333199,0.3362808218945267
-0.03711298568907267,0.33524430705372193
-0.03066221382833547,0.33543782292509716
-0.02689284815076498,0.3442443857082436
-0.024634584932486624,0.3338054562462908
-0.04578564129251341,0.3304598605651849
-0.03449942635261784,0.33013798970781566
-0.03321151790934799,0.3350334078908739
-0.03427710230298715,0.33797424105472373
-0.03618952395006857,0.33728473444836227
-0.027986474092024198,0.34763482063042483
-0.03455683056788621,0.33405577781934603
-0.04309890244360718,0.3357631709871199
-0.03588214135366185,0.3292955789160887
-0.039692752829323164,0.33367785009800827
-0.027881956269790956,0.325492784852966
-0.039074289999215396,0.33974503217623014
-0.0475498583034456,0.33291340649114287
-0.030500085191942975,0.33829437919476446
-0.04278544372748795,0.3337235903619338
-0.044063905045641706,0.3388864382643606
-0.03736742404631083,0.33058345954307183
-0.03538592517511677,0.3352582053845042
-0.04299129736515132,0.3364905851366181
-0.027393901938663368,0.3317974193667654
-0.036810482638087394,0.33394219117623064
-0.03488861631838814,0.3404460608343565
-0.03669474459757595,0.34455109352405333
-0.039155975299772515,0.3433100979416817
-0.04227379347920235,0.3386613265102923
-0.04270287700763478,0.3304106184858673
-0.040469877847553376,0.3349527458586456
-0.0390958543742585,0.33977435250815863
-0.04448838201677547,0.3333007836662711
-0.0468268693691608,0.33622210863498925
-0.035517285659888674,0.335323773624848
-0.04224023978610379,0.33880762435744366
-0.03323600816259526,0.33149545277611897
-0.03710698012199378,0.3441085953430296
-0.027721109992273812,0.33886281291943093
-0.03229622267457217,0.3418142986472657
-0.04007854651095779,0.3352042698240952
-0.034189514706071726,0.3392021229650083
-0.03969571785911856,0.3338771687016999
-0.04602681355812111,0.3308450215818248
-0.034654868230756454,0.33475122775699856
-0.039345067289965625,0.33895830134051946
-0.045358251175893566,0.3265497191061283
-0.03984320037852436,0.3303224565710575
-0.04287518632928085,0.3405740310850261
-0.03161414384663209,0.3387815003902299
-0.038876048415130544,0.32801806099484954
-0.0317787681193895,0.3374094474281126
-0.03527065604460282,0.34270930959759105
-0.038191816375195135,0.33598412432403596
-0.037341387472640215,0.32850149146488233
-0.04324879861065965,0.33415250283557507
-0.045699634542966834,0.3387117753045686
-0.04720842193534596,0.33020733290456283
-0.044684146434575744,0.3337739793524542
-0.04192271615165205,0.3252235193847939
-0.050742464585684495,0.33198486198895955
-0.042696754174358253,0.3307450756528926
-0.041922006210885,0.3367575256090044
-0.03776561197624667,0.33285794811483316
-0.030330438683115687,0.3359991727230293
-0.045131619492352275,0.32878810558102656
-0.044016305873944235,0.33365527251769894
-0.04909427428503826,0.33500464086104337
-0.03268975784641501,0.33346153132915085
-0.03674641602203925,0.324129071318838
-0.05502854417978474,0.33219242780080677
-0.03342682102970204,0.33535557716422376
-0.040833791143282026,0.34337425816348943
-0.04223467083145311,0.3356280058405486
-0.046632306083482976,0.33551877873884195
-0.03482572822729971,0.3328399782080195
-0.036133516527192,0.3349663319461908
-0.03595596794702668,0.33484717720448376
-0.037749421256000684,0.3373959453586892
-0.031233898968952522,0.34112864141317123
-0.04032592216382559,0.3316654685713969
-0.03790006662020199,0.33862338239237966
-0.04945471695499124,0.3322848399416423
-0.04053791318980371,0.3305953844263452
-0.03828651986736785,0.34038096245931015
-0.037199324631849974,0.3342888111200174
-0.0507305215651652,0.33092999457653105
-0.04969971070089742,0.31805151641270746
-0.04592447692125735,0.3339426450669647
-0.03555934315274365,0.3347026559187094
-0.040599604494825685,0.3302165186315598
-0.040745196156057546,0.3302563316023937
-0.04487211985976583,0.3365681830874991
-0.04061289243545852,0.32910678752784817
-0.04121176875421342,0.33509556439762533
-0.0413264789796206,0.33872592069980983
-0.04345736086767403,0.33318529658428175
-0.041203891410710416,0.3362137456531379
-0.039687803249282325,0.32544668420330686
-0.04554280196464342,0.33928796099666464
-0.04552249032440353,0.3308908839176627
-0.036041832312347505,0.32989565054440284
-0.04631695311520117,0.3322613539670832
-0.04452874706627286,0.34303542335903425
-0.040380566332030916,0.3334720155907118
-0.04995247719329842,0.3318271304004246
-0.05773191914467442,0.33000469243595104
-0.04788803112120579,0.32931368543527684
-0.04177759971175153,0.32209873705298947
-0.04139004369899991,0.32979030668654447
-0.048640864497934796,0.3394084196741421
-0.041673801062921526,0.3346599045092463
-0.035526194011742444,0.34230601573458413
-0.04579545268882326,0.33369045132127123
-0.04450187864234619,0.3283989459939723
-0.04720322939372363,0.3320631293039338
-0.04600295840167921,0.32607728520566504
-0.050299224545139624,0.3349704221565931
-0.046942858787932744,0.33303288232833955
-0.049391189713644,0.32815815246236585
-0.04055162558034859,0.33033339534563333
-0.03785417810828619,0.3313274265917057
-0.03340302562480325,0.32379642798118613
-0.055055315109490445,0.32799777696636456
-0.05061636385146475,0.3296102225773839
-0.050013587692797824,0.33200162208639333
-0.0480156624109848,0.3313616843061421
-0.05500486256998212,0.3349769391450404
-0.060268269944596296,0.3288233324911761
-0.04625222308006612,0.31943794928991337
-0.04088112930072832,0.33917619239812735
-0.04201475107223332,0.3418429364165791
-0.044267189637339756,0.33717695963671385
-0.03941894226706766,0.34250291008820943
-0.04492461900308096,0.3248989906044943
-0.05515613739910735,0.3380028854835966
-0.04694564759929863,0.3308940992621544
-0.03697287008890379,0.34332992117822303
-0.05513456401918933,0.3287892030075198
-0.052458362827894345,0.3285967550991832
-0.03966497957235755,0.33048904255661593
-0.04804309193841402,0.3390013901561721
-0.0343003467148079,0.32935393355071146
-0.054103185208371964,0.33422128287239006
-0.041324273362216,0.3278956522445449
-0.045577399496141126,0.34108442096249814
-0.0384692243595878,0.3265498184093073
-0.05265799057796635,0.3494573612535511
-0.049421319693496196,0.32451398470735476
-0.044988242989881286,0.3307411407677024
-0.059360739454719466,0.3283810634488753
-0.03960896358494538,0.33081926172799
-0.03978678009824368,0.3281025717059829
-0.0498525161664872,0.33205396011860355
-0.054139755390545344,0.33592468376081547
-0.04533899352635282,0.3298508295634251
-0.05179892383686252,0.32251373034937564
-0.048929780995048154,0.3295307481434453
-0.05028855550460191,0.32080032086041665
-0.05409203284802029,0.32088834005486694
-0.05249262287483477,0.3229302173283265
-0.04636542329322409,0.33224248152685765
-0.04466151043514648,0.3293203872369574
-0.05538198304983866,0.34248418676929193
-0.052857701766856606,0.3229467278148066
-0.05709586813971093,0.3162026222813329
-0.04681665242103229,0.32345749717468697
-0.05518054492146967,0.32462829477869887
-0.05714001587892681,0.33314488896604705
-0.06437377623621009,0.317863176136057
-0.056849809495253006,0.3197983731455689
-0.04220386483275709,0.3360441882250353
-0.04960275059607873,0.334645952263427
-0.05468949664708525,0.33177213494415325
-0.04890019465465669,0.32594214651425213
-0.04603866231522422,0.3320110082691629
-0.040602209149120175,0.3290780120955344
-0.04709766204740673,0.33105593549052487
-0.050504319314022564,0.3370876689166186
-0.054358493233773786,0.32233393992199827
-0.04137853310335386,0.3214433202512242
-0.05847305530410993,0.3380662341660565
-0.03170100289602732,0.33275162672918196
-0.055693447243548556,0.33397665698175566
-0.05320028471576731,0.32390550197927437
-0.04446603327143954,0.33344068851297215
-0.042217646232347895,0.3182335826972339
-0.06199029709092977,0.32858633931667425
-0.045538293798285646,0.32479570654573314
-0.054066671837998036,0.33335826997915335
-0.039202663791925454,0.3213671020721711
-0.053905299165097655,0.3260885723536897
-0.05318846963444369,0.3237870998740016
-0.04009427481584816,0.3353933985885056
-0.053588550369085275,0.33380110214706993
-0.04992413576738595,0.33356232169881095
-0.05127577225491235,0.33436602592747794
-0.05217720687518486,0.32559425712405654
-0.04514995548490303,0.3351292171447736
-0.051318451819029505,0.33053636237509926
-0.051212987209095506,0.3293305236345712
-0.05241472519051267,0.3288115050597983
-0.04476497526415947,0.32616229800652574
-0.051467842067190864,0.32739706533450347
-0.04166431060445632,0.32476069280734077
-0.049797005931494956,0.3339178713698239
-0.05675510293999039,0.3304512185385842
-0.05664137759229931,0.33171186145235987
-0.05071980194045014,0.32885086797611046
-0.045624239844384566,0.3314633440351858
-0.05309377643729316,0.32677718448124493
-0.05738783569900274,0.32932526117695643
-0.05513982281724612,0.3311452062398292
-0.04708578632585802,0.32297475088842786
-0.055912951999283256,0.3230102984508345
-0.05131425042903254,0.3194822392349314
-0.05287446495859793,0.32993714777478256
-0.0430638802311557,0.3293334736229095
-0.056515942078768915,0.3392259209539566
-0.05067717116752489,0.3333713854320458
-0.05483012041549456,0.32231232040497615
-0.0478372829359675,0.32046593486044567
-0.05359919454527874,0.32683837860592846
-0.04844944681091341,0.3399768175053067
-0.04912613187823692,0.32835766873813643
-0.04496019794628684,0.33094860048652625
-0.06275246690773216,0.33018364757382423
-0.05055638023188704,0.3242131922948295
-0.04568586758577922,0.33013914941032235
-0.062218528867535296,0.32975235510733114
-0.040844314651433795,0.33355609716262635
-0.050172253174731514,0.33194015768931817
-0.053086113065921654,0.330236992644283
-0.0603667846914519,0.3366602577455657
-0.04590609959029257,0.32748606122731344
-0.045163939811808496,0.3285182464704992
-0.05679680776449679,0.32387824387151204
-0.06109596560930897,0.3350493194506551
-0.062001405944289975,0.3266626103252769
-0.05626868261707446,0.32672854290310777
-0.05391439719526509,0.32823450134114024
-0.05717008148188504,0.33701795644355204
-0.05976530380175903,0.32751203195216244
-0.05938120611895753,0.34150701641189785
-0.059708897149097134,0.32341640945576167
-0.05914193836435182,0.3324888553345767
-0.05129049946433442,0.3315477962215964
-0.05605139711316088,0.33478093673348164
-0.06002309087287243,0.32673103867881803
-0.054176278485323005,0.3320455308006773
-0.06620809013128243,0.3327185224911223
-0.04666615428034086,0.3332244925174682
-0.06535707590281646,0.32959283750495805
-0.05284980911075849,0.33188807876870535
-0.05543494520854125,0.32512310673475936
-0.061942502678269964,0.3296230597222931
-0.04948937935933924,0.3299740560535718
-0.053925916017297924,0.328885915502691
-0.06609409894682818,0.3204469834440715
-0.05438668701759992,0.3221677122703549
-0.05670103329292997,0.33026454066047606
-0.052166882559360375,0.33454104631269804
-0.06083693118882665,0.3310669495837096
-0.06406348125948771,0.3284391254129729
-0.06008686079741782,0.3235105730770961
-0.050835162134053626,0.327527425966589
-0.047371158154062,0.32709703043327576
-0.05811555178695069,0.3325914943000856
-0.043658597777549935,0.3207960405011905
-0.06292464613654063,0.33813444454092134
-0.05642495018918944,0.3215037061509399
-0.05671008652815424,0.32800836481186657
-0.06645370818705335,0.32937934216949905
-0.05979103556140574,0.3196524974160827
-0.056216867821026674,0.3214543063762705
-0.06849190279811855,0.33218823242603246
-0.06273397109442616,0.3291239642450874
-0.056667855501652535,0.33041105873600246
-0.05048840888330626,0.3391255879739848
-0.06176031281815415,0.3349487720051662
-0.05987857281858874,0.32389924609044907
-0.062007822742997605,0.3262028150926431
-0.05309705447925565,0.3164764494608522
-0.056622600110445426,0.3321111277275606
-0.05853241262084135,0.32396704150022376
-0.05947117219843385,0.32915913717484946
-0.05643339381841111,0.33605177965752375
-0.0521154833237015,0.3247651085924849
-0.05590747657520887,0.33029522137126516
-0.05518893970921857,0.3276563626398689
-0.05958762347358552,0.33192619480831925
-0.0529380741544913,0.32521736261075707
-0.06145636383849998,0.3343142886254562
-0.05433496365472617,0.32493217504699434
-0.05325329016256932,0.3320620318564935
-0.059526129401752864,0.3309143038918908
-0.0682359539363675,0.32490872233868556
-0.05497614938906135,0.33312094582374924
-0.0633015387835736,0.32375575366898457
-0.05495123990372744,0.32960536644654903
-0.052390713403828844,0.3378396410244347
-0.05473497594740819,0.3354829439511099
-0.04828606726016491,0.3342096750041222
-0.05654791542839323,0.32637146730581124
-0.051243381156427986,0.3287579312432041
-0.06433434626544693,0.3199721625043439
-0.05897908772203884,0.33041666978553136
-0.05547413483655632,0.3349224647564506
-0.0610635383169103,0.3342530112806472
-0.054135704460378874,0.32383753548627814
-0.05113934521101374,0.32358200381955765
-0.06121908771156091,0.3332429228156773
-0.057689346447436084,0.33103269520771533
-0.058410871116509375,0.3206775630403331
-0.055164459417455555,0.3266940604269564
-0.05682420571701141,0.3221327467751306
-0.06201510709967063,0.3265172406042771
-0.05930642376670863,0.32564874262088234
-0.06977066401846857,0.32841287075212283
-0.05764555863277468,0.33119973866328073
-0.0659548834527728,0.3171880319504447
-0.06495842176618732,0.3226181121202085
-0.06308235924122169,0.31861353366352063
-0.05732639485474671,0.3306082264058496
-0.0655173974066723,0.3193930487816142
-0.0421963868952814,0.33219323474278256
-0.05093712300027936,0.3285055025089585
-0.059357768783373545,0.32578056029409486
-0.05827616748166629,0.32715952866402853
-0.07167926406704528,0.32274609988947295
-0.06022040503243989,0.3315913698514957
-0.0660670559254362,0.3249730236822916
-0.06207739018691351,0.32247868528667867
-0.055713266293594355,0.32707803005644603
-0.05768316655244478,0.3276609164230698
-0.06344099670515069,0.3346468078811762
-0.06402247050712175,0.3211834500588127
-0.060287347522908326,0.32891855061026976
-0.06055376589909341,0.3344577140793775
-0.06262690675009672,0.3256855671560423
-0.060670728637576034,0.325449198498282
-0.06420102804137684,0.31984172308782083
-0.0659081244307775,0.3294372860998257
-0.06524685121617864,0.3240646892415179
-0.05910752563998268,0.32182614797758785
-0.06717453818318547,0.3242997384760503
-0.056344251055188144,0.3260072135400695
-0.06204160860248113,0.3268508688875895
-0.061762827095575526,0.3287749890247376
-0.059812361285692575,0.3279360637521945
-0.061419444864485404,0.329181517271133
-0.06451129313051543,0.3203781032241595
-0.0699293982161279,0.3311864602793803
-0.06888560716130082,0.323593234031967
-0.0580882980224286,0.32276579571852515
-0.06078322768086416,0.3341263961489607
-0.051669754613501324,0.3331959808272023
-0.0610383040822485,0.33598154544706377
-0.052715027172187366,0.3287112529477082
-0.07225132881904567,0.3277907620307585
-0.055380319591645674,0.32481013456990226
-0.05405386795620527,0.33045655644027544
-0.06472300466028587,0.3243706287284446
-0.060321598375142615,0.3234003782968786
-0.06653403491306413,0.3221175148692562
-0.06479615699703184,0.3261704190058865
-0.05860960896440043,0.33155077263488786
-0.05694582097687758,0.3263331962140401
-0.05476850782492038,0.33210133680592946
-0.06240817206790099,0.33364636684250776
-0.057645803738385626,0.3354355726479056
-0.06673301377298445,0.33050159299005705
-0.055199571448594824,0.32880675491910394
-0.06900270740016011,0.3322372727910953
-0.052790941899467134,0.31733538960600327
-0.06070400628023782,0.32917746737217196
-0.07088470682336498,0.3251066679268069
-0.060401985410613965,0.3293758403882656
-0.0628562087010577,0.3322830597513507
-0.06130344460406571,0.3221562497615836
-0.05899646334698849,0.3280075906541859
-0.05902789224867891,0.330945762040777
-0.05335720462160904,0.32579932647481125
-0.05288639204919047,0.33341209815874223
-0.06248176514660429,0.32999513880851006
-0.060073842611672985,0.31638094638161673
-0.06012737178122904,0.32145089921657605
-0.06713592002430148,0.33016898406467265
-0.056381555398710655,0.3179900369801048
-0.0651765404200519,0.33601328444581396
-0.056427157979234664,0.33229334222197965
-0.06242844622522001,0.33300909705521425
-0.07296447399897837,0.3267142797326023
-0.05923176407076444,0.3235285547707517
-0.05338343314245314,0.3248653220311452
-0.05824163433004383,0.3300180432432289
-0.06009969631062064,0.32953396541935465
-0.06445769156620017,0.3251425179427262
-0.07370286689550148,0.32192024960600507
-0.061604575965760834,0.31929703654078306
-0.06896351005071678,0.32182944304287403
-0.06516471629919722,0.32800712914651453
-0.061204280404731304,0.32288585656365437
-0.06546411971420481,0.322717766997734
-0.055839054733004295,0.3272703070847949
-0.06189961955503887,0.3202816779128739
-0.06275475743656274,0.32917971248107497
-0.06205359339224485,0.3212067370371503
-0.061418936046165155,0.335207047963673
-0.051783984456606647,0.32554882544925345
-0.07718447743143293,0.3353669077857117
-0.06651940841528517,0.3262021025481615
-0.0637797853546937,0.3349133454807627
-0.06287476041971932,0.3284546816526564
-0.06769600615782373,0.3200363214266782
-0.06352350877828676,0.3228701775419493
-0.06230496193018333,0.3284625380776384
-0.049420423405039014,0.3215280588310048
-0.06213378587829963,0.3344121458201308
-0.06338657465172907,0.3269721960349576
-0.06453453923433806,0.3266578179642768
-0.06319417569106159,0.3288969689003868
-0.06193297939672513,0.32328246177582126
-0.05875311802697957,0.32522698640521114
-0.06804572754064221,0.32997245381958173
-0.06192438536997955,0.3377645518877412
-0.05593364011627476,0.33323377323301184
-0.066003321721585,0.3225593792680264
-0.06312188328721778,0.3259797254624576
-0.05805393664874352,0.32447135095431956
-0.061221059606151144,0.3280804746884003
-0.057562553458767235,0.3228240099702362
-0.06722848466637195,0.32432316732765454
-0.06862489909332889,0.3196259694307543
-0.07159394073261724,0.3152261341251233
-0.06704167668894195,0.32433945666896646
-0.052938722860534124,0.3246713270181198
-0.0562082779146139,0.33151636681236046
-0.06669593479432101,0.33349981970212644
-0.0580455357653294,0.33490425821823677
-0.06641234547303151,0.3327024618513882
-0.06389625226439452,0.3249307640613055
-0.06682168288420662,0.3222242881697212
-0.06301044603777972,0.32830205057565437
-0.05958959892080126,0.32581521606347263
-0.06665404074953106,0.320117610456297
-0.06600296296855448,0.3318128035763014
-0.0670830373826245,0.3305950060991788
-0.06994649431604939,0.3198401855507542
-0.06695713229765965,0.32350247516598357
-0.06430522022552787,0.3337162936325191
-0.0578451277203909,0.3314521768441743
-0.07399937764699757,0.32665219837525294
-0.062127388097289585,0.3283180464137361
-0.06549604787451148,0.3349957141238753
-0.0690147317733352,0.3236224180020866
-0.06692440533391038,0.3309101556554296
-0.06583007137231871,0.32462392331707635
-0.06791292071637559,0.33281708390959447
-0.06058781546716074,0.3347853712871159
-0.06096993585269594,0.3232102569871152
-0.05672628637590831,0.3322787553864688
-0.06180002717638442,0.3297652275365282
-0.06359226072896317,0.33187655734049315
-0.07139417410538901,0.3201621230474
-0.06519992670917714,0.32830061788967624
-0.06395147179770046,0.3279357211901509
-0.06807545927494348,0.32507296877196096
-0.07438208956379486,0.32429453716697754
-0.0701524733766998,0.32068424275858165
-0.06987979547827321,0.3169450235166611
-0.0712527981377911,0.32186620273359334
-0.06674602185035101,0.32015649183305106
-0.0748440916058705,0.31272037929007407
-0.0650644762646198,0.31752597849187425
-0.06698962885125516,0.3204352766381218
-0.07410747441130779,0.3278220624143474
-0.07142147888185721,0.3193493424394681
-0.07965629699135134,0.32952796165005777
-0.07583255176010516,0.32898944024659693
-0.06825101876003647,0.31682984104647616
-0.0773231126964821,0.3269644795226165
-0.06469612688014093,0.32304359625119994
-0.07020018616528777,0.3325009317594451
-0.07118205354897163,0.3266867026186495
-0.06549228867489007,0.3159823482220118
-0.07075391699487962,0.3242926466080381
-0.07154928570640792,0.31165354232693604
-0.07157930513170695,0.3221436203819882
-0.07179064354078048,0.324236297623857
-0.07575424303638084,0.31933760640984926
-0.0674825803117288,0.32166582306156666
-0.07442198674269102,0.3138777019923445
-0.06534422606186988,0.3259723655267042
-0.07649078157736214,0.3235050914615862
-0.0658283128034738,0.31688558367358843
-0.07435089749611452,0.32858543574537347
-0.06764993380622993,0.32429788106249857
-0.07160197949989396,0.3216307015949516
-0.07351537049523993,0.3154077831283202
-0.07526841964050854,0.31872161548849526
-0.08101272857513961,0.31976364675801316
-0.08125423139563204,0.32728654330121304
-0.06671819794635558,0.31681786680791574
-0.06960143551760434,0.3257879871654188
-0.07803855724914552,0.3162753422316094
-0.07446388632041036,0.31304319722538265
-0.07333434624932589,0.32601076507660876
-0.0668668989586794,0.3156234039902041
-0.07317418099200033,0.31831804266382635
-0.0703619757203471,0.3251234136078314
-0.06458062938755102,0.33424038025554464
-0.06539942535253691,0.333292069298274
-0.0593333239429581,0.3203335241832183
-0.07195268318976587,0.3251126357491056
-0.06831892857954047,0.3240955671724414
-0.07116014289274973,0.3280078865420158
-0.06328216401414484,0.3204138900436155
-0.07197494374780926,0.32817727343719433
-0.05666250173536268,0.32986731102104727
-0.06507102484227274,0.3276694333494469
-0.06955993170006855,0.3175063097241066
-0.06950905224559305,0.3172967265064371
-0.06606264078457233,0.32575028142242507
-0.07548047570429635,0.32894472298750466
-0.06300087111695762,0.32376229033567194
-0.07213219350492976,0.32886348614237826
-0.0713093431308555,0.32662374327828186
-0.05980689988038493,0.33270568268869405
-0.07443974758267606,0.327883617890333
-0.06119891774796274,0.31946799038563156
-0.07920903618436345,0.32753646901231404
-0.066860839669205,0.3243104846473438
-0.07623449210957363,0.32528529885837376
-0.06463433131611186,0.32036262024608886
-0.07084599522421806,0.3170562567453648
-0.06495199988017906,0.3299653806481885
-0.06781268537995935,0.3238922947197246
-0.06854024993109753,0.3255718353740892
-0.06511508907833355,0.3317512268423785
-0.07207468437836569,0.33540742859296335
-0.06867866471079828,0.3233591056015675
-0.07253892727290727,0.3191385463633748
-0.06685277534784856,0.3213399434533279
-0.06288984732143187,0.32017907014314306
-0.07155473712632565,0.3209503713214341
-0.07889789093603941,0.3248786477967362
-0.07202289466142597,0.32324810165420215
-0.07134773510786693,0.3128172124359752
-0.07630197403199301,0.32043622849704145
-0.0728837258860955,0.31132496884620686
-0.07922116060891841,0.3190150034751298
-0.07579016727484825,0.324288890240489
-0.06611594985630964,0.3320265045082087
-0.0680424045739356,0.3210731901118148
-0.0757122723211302,0.32643954283322
-0.07211469902495574,0.3264270615239747
-0.07389389641197006,0.3087914951151493
-0.07471610447667408,0.3189721275479801
-0.06669941882241259,0.32281564674849367
-0.07535368699853599,0.3198551168424369
-0.06725673354033057,0.32130000760062777
-0.06890695012505073,0.3363721354444721
-0.05825201270987725,0.33073096384350886
-0.0725811821540688,0.3227610762771098
-0.07867822109933663,0.32845516228564897
-0.06385461648818928,0.3229842235190794
-0.06950597901170538,0.32950178447420164
-0.07981863747425827,0.31929261083227206
-0.07931757907908542,0.3069793548711852
-0.0842835509748522,0.3177093291570025
-0.07184283086160713,0.3134073915499958
-0.07146115647316403,0.3205010565189157
-0.06722988016731202,0.323596540295525
-0.07021118571954091,0.3125390937425233
-0.07925681565563339,0.3267222673614631
-0.06580934526003644,0.3238861674478849
-0.07168384854816819,0.33031499802304803
-0.0673593209156661,0.31563809651608193
-0.07973062788185817,0.3245087790216453
-0.07354598125149835,0.32900186868726833
-0.07285339581079894,0.32295173960988416
-0.063106859111902,0.32580671703499015
-0.08368014736710554,0.3299869116549787
-0.07282483292450662,0.31682895309123504
-0.07293787537932937,0.32172065754987667
-0.066515692874995,0.3315893441551406
-0.06783892415063614,0.3256822731608523
-0.07446283843591092,0.3306756104554871
-0.06571008390668508,0.33422867888891256
-0.058685543493517914,0.3378067073989633
-0.07395266113906918,0.3261905847676533
-0.07399616303884295,0.31979929097646753
-0.06326783395680924,0.33284151224926095
-0.06730655595938737,0.32551811145704534
-0.07786899557090798,0.3188647196408706
-0.07478425404398782,0.3206098999439229
-0.07064490737479276,0.32418880968471564
-0.06732559949536038,0.32615693633471887
-0.07168076986574416,0.32336034354952464
-0.06638372167550288,0.3252976265566119
-0.07293441737624375,0.3309168536150018
-0.07637480029749348,0.3290829392178399
-0.08110675580973532,0.31267930487150153
-0.0913675229313276,0.315007734072847
-0.0748826045162074,0.31028763863359565
-0.07559713320914116,0.3170344955353686
-0.07435298142735028,0.31508112973100816
-0.07620146506650184,0.31926053361835655
-0.06650184134752578,0.3191128314609839
-0.06899846976488748,0.3268470455462356
-0.06843705518768399,0.3266096882095711
-0.0792312730001575,0.3281781165010615
-0.07709800231504958,0.3175019686682431
-0.061784597976131145,0.31749302963655396
-0.0837177615116792,0.32156272612220504
-0.06932894508446305,0.3103035738230752
-0.0897306674987578,0.31760817455059004
-0.0759883181613989,0.324998113591058
-0.07198944286101049,0.31722332816345933
-0.07914612564413076,0.318182554012715
-0.0775424536445138,0.31872794824473055
-0.07979850310782852,0.31023816707606455
-0.08078232138934885,0.3144441364916049
-0.07600040846955418,0.3134923550404441
-0.07627832231470937,0.3151456026852152
-0.08819971055115652,0.3247864821573469
-0.07435430618503236,0.31809581523289204
-0.08239022312743914,0.3204157219145662
-0.07765579998513164,0.31923076977394416
-0.07189886438353124,0.3158912820937576
-0.08565716429016858,0.3365519669730153
-0.08022314597803545,0.32888549986679444
-0.08104312128122963,0.31635320937157835
-0.06716259796329244,0.31899064211512057
-0.0793022744219383,0.3262954371328143
-0.07104028016115052,0.32829237100462544
-0.06898586670882569,0.3238474107875653
-0.07566963485337384,0.3149721990404619
-0.07532329653137516,0.3155098151258544
-0.07392763888507743,0.3167920170820445
-0.08256400719207702,0.31468561304176057
-0.09731405461781646,0.3190719018038946
-0.07682068004265384,0.3109416951681297
-0.08217303977008329,0.32014014816545555
-0.07229276441740404,0.31904043878578026
-0.08662342428260686,0.32400132829939715
-0.07596759202591429,0.3275161968950502
-0.09087651096867638,0.31450469701333034
-0.08841691527177405,0.3060126897352009
-0.06788707692303043,0.31613997407848915
-0.0805648849385709,0.3277580309216128
-0.072201152342467,0.3066121303911349
-0.07620300786322956,0.3226012329950076
-0.06900841557830145,0.32880791551341765
-0.08204681855340819,0.3271608673052504
-0.06798904779622568,0.32144282731210383
-0.08530718055891921,0.3232264100488619
-0.07403363957107309,0.3236305214474705
-0.08233473036417853,0.32329565705518026
-0.07033278094222149,0.3247194960703381
-0.07659246476974022,0.32732071909407096
-0.0793175924414237,0.3119048664359779
-0.09239628696673542,0.31846240538730136
-0.07758721037763926,0.32354341771634726
-0.08234947221208519,0.3143943487546543
-0.08473998672114005,0.3130602163489019
-0.07957183158988845,0.3184653730798118
-0.08170813858604141,0.31797542493859743
-0.07421521773166878,0.3144361919664289
-0.08273418021221987,0.3256546713072071
-0.07768864115056377,0.3321239600335507
-0.09190109827243366,0.3217095309073659
-0.08013824776440623,0.31472800921054717
-0.07196372698896904,0.30694648745063313
-0.08289255468841701,0.32372723912335954
-0.08291037651008887,0.3174435777870614
-0.08682021121054244,0.3149965102833173
-0.08498746787486808,0.32012221066740626
-0.07871560239702405,0.31797425745909447
-0.07957477142549156,0.31675384747538926
-0.0745330686011941,0.31703183219041337
-0.08351936596669346,0.314790877559607
-0.08356605212071819,0.31340899239826875
-0.07421198534297008,0.3203073592180233
-0.08381226582433526,0.32426182921271013
-0.0806059725969435,0.32052464867028885
-0.08252921925567441,0.3252413038053614
-0.08551898344600131,0.3140651309204415
-0.08538235294154933,0.3212595764947192
-0.07988371826335694,0.31725831472753513
-0.07864005417947723,0.3143360773051544
-0.0819781284234524,0.32434880884956946
-0.08770464021694321,0.32414425747130926
-0.08671315362169926,0.32186147693214673
-0.0754835684602785,0.3151194522155195
-0.08279413262646376,0.3173857240168867
-0.09102964171442897,0.3136830853024438
-0.08396479261549726,0.31125500148709434
-0.08375747841289827,0.3254509415781513
-0.08713716269648847,0.3075888251710859
-0.08747717259806569,0.3102228167655296
-0.08366498084934626,0.3154083459099512
-0.08843108602801034,0.31379510049274306
-0.08696007731305658,0.3219098755069142
-0.09133515892181233,0.3087573947864503
-0.07559850610799644,0.3141971476056863
-0.08135666805955201,0.31874184781029624
-0.08201987890603098,0.31592895022676143
-0.08212554315775214,0.3274159093358801
-0.0823594240732659,0.31741735954022143
-0.07997060202253418,0.32013631196016673
-0.0815786758654915,0.3149513915828285
-0.0688514554023653,0.3226846403371707
-0.0867561101490964,0.31951012825198505
-0.0862248424286752,0.32301168541036085
-0.08593612817855997,0.3147916615158053
-0.0836331446503118,0.3170413468733461
-0.08638885002855541,0.32105014619855576
-0.09133692691709892,0.31721111418151576
-0.08053501260807551,0.31050770032975983
-0.0831487347126229,0.32683472490817317
-0.07919015140641371,0.3174148776423967
-0.08353379004101902,0.3118645597744224
-0.08735873239765035,0.3156081661832073
-0.08625026606447186,0.3171029138924177
-0.08034070762589396,0.32955067450597136
-0.0881134069031695,0.31806052732472334
-0.08333250665878335,0.3116043635492983
-0.09123319580205345,0.3178368166114813
-0.07954599248347058,0.30717723091212673
-0.08366415303786545,0.30748427839207293
-0.07362707431158608,0.319815549173843
-0.08434933960104078,0.323438737214199
-0.08866033324963739,0.3149095570892763
-0.09108634111112336,0.3147088935393244
-0.08041175444346481,0.32571059400762137
-0.09094252795286749,0.3156961189063234
-0.0792931333400904,0.31705939523043386
-0.0931836330698234,0.3134013133457846
-0.08295611882699086,0.31233829198709434
-0.08070383359510112,0.31221755864297046
-0.07443576309737925,0.3273481629482514
-0.07845488224632403,0.3241923422525403
-0.09362021463553617,0.3215532360063204
-0.08966834826235918,0.3223660101907163
-0.07902718672650683,0.3234044746099459
-0.0680415200423516,0.32638196813821146
-0.09279362309779687,0.304213424497254
-0.08315324589943386,0.3109680199118105
-0.08943647737663601,0.3206823495505009
-0.07875173369411977,0.31502505664738845
-0.08292955659397196,0.31342363038362436
-0.08330072965418057,0.314386403525885
-0.0870339731019516,0.32622864133745383
-0.08303589447875118,0.3144278591320844
-0.08882377808114664,0.32216849853511076
-0.08238566231374986,0.3068037211084859
-0.08609394809615041,0.31827495892373886
-0.09073494029707306,0.3070712127180965
-0.07424282665680311,0.30580698026656183
-0.08825442806407877,0.31510562878933707
-0.09211656215938945,0.31866650961865706
-0.09121890862688399,0.3019368702467739
-0.09006814832457247,0.32008931782850425
-0.08180657735415969,0.3225980985787946
-0.09178629104108427,0.32479247771427494
-0.08346562190102504,0.3165843834492186
-0.08056890179098096,0.32049764256517144
-0.09207848259971663,0.3112155083532553
-0.07913637883959902,0.31434470909512435
-0.08192360597254755,0.3152933107131156
-0.0913528321157615,0.3117589500811391
-0.08912101154987455,0.31287178723882575
-0.09131774686784205,0.31683784116827857
-0.09051207211779987,0.31397111319188475
-0.0911844904590656,0.3201522696872004
-0.08109370334980424,0.3150937809749741
-0.0849880290994195,0.3097483380106663
-0.0832434648752659,0.31323771048401383
-0.09009531139355383,0.31538677399338166
-0.09668802277903212,0.3177927681815551
-0.09709259494811112,0.3113453901431897
-0.08425174872785084,0.3112178994185012
-0.09054237361791018,0.3099162170655712
-0.08121249894582576,0.3190636384868888
-0.08560940620473945,0.30971707736602777
-0.0859638680920475,0.32449389732289324
-0.08970136861459584,0.3154251359964732
-0.09731186796067684,0.3157452850556744
-0.08046407537686945,0.3116185014624048
-0.08311346470014812,0.3146006919665985
-0.0966216618092303,0.3179055482267706
-0.09544718626242123,0.31602735524250863
-0.09408505689812925,0.31702041993317953
-0.09437329330836913,0.3054873270916593
-0.08759860443092371,0.31588416613853065
-0.092424475221998,0.31124283704173317
-0.09492528947033926,0.308225663720005
-0.08875908002753216,0.31504717284245504
-0.09314939561535827,0.31015030536968385
-0.08217400317539252,0.3031019704790906
-0.09239203758227969,0.3148751109507405
-0.08781721029559386,0.3098887759968611
-0.08317560944069724,0.31137826329984164
-0.09276064299814853,0.3162123466639582
-0.09201207024526835,0.31508625004154844
-0.08847394580266582,0.31351365386671876
-0.09104128380124883,0.3182224474785084
-0.09381238503214774,0.3114671944591127
-0.07944900502738572,0.3103952999167865
-0.08706249982854657,0.3292159786831343
-0.08144606464638497,0.31971980806436623
-0.08080367514286174,0.32239525451153794
-0.08644321772412843,0.3189464737763937
-0.08860453401032795,0.3233170193990884
-0.07809944880958239,0.3145514688434544
-0.08095989972601637,0.3227450446560309
-0.0838733399414227,0.3134270019443527
-0.08454619949251851,0.31887201710076046
-0.08425999183076878,0.31593946746391965
-0.09617871371394277,0.3099954538943465
-0.08532037163380345,0.30646419820304954
-0.08786502432006683,0.31655211196712746
-0.09380390586415734,0.30716163604845914
-0.09632132443176812,0.32174783659582323
-0.08608050305974664,0.30973077011172745
-0.08568252878624665,0.31013320912029074
-0.09816253142332522,0.30895257991457736
-0.08488029215616537,0.3186807376162218
-0.090198579799304,0.3146765138936224
-0.0885749014661917,0.31679449966649176
-0.08899823620900935,0.30801168318402633
-0.09532222001863822,0.3080904036306654
-0.09072312865169041,0.31309729878986897
-0.08754572089947191,0.3107515548797971
-0.09293131830821834,0.3165523209107839
-0.08743990871847492,0.31779614117446453
-0.08783579440059147,0.3135457194473388
-0.08934276241592459,0.32138231605090417
-0.08924683547701973,0.3177129161061992
-0.08184131079400082,0.3127206346673594
-0.09562310151352234,0.31952106491587917
-0.08362862839807719,0.3235685442420662
-0.079272892762112,0.3145185790610342
-0.09093698775781911,0.3231670877314271
-0.09850475587209,0.3183220571361302
-0.09733746693095027,0.3184704488583186
-0.0956825899376059,0.30518896223813585
-0.08708146839762423,0.3086330588326537
-0.08853668130167268,0.3194515434625788
-0.09501037405074834,0.3152219292709782
-0.08576512100480758,0.3106018018017082
-0.09403652059053473,0.313463689549241
-0.08809320921542126,0.30328782397093335
-0.09595222819053713,0.3175161675463567
-0.08559750636998738,0.3145416995267757
-0.08781258443139092,0.3171625326627856
-0.09388086607527946,0.31326149785597507
-0.08984013860253347,0.31043053893194705
-0.09572026167228352,0.31276190584954283
-0.08818477753554205,0.3174923068903156
-0.0884835008972662,0.31733684222912034
-0.09400473116392476,0.314020078972233
-0.08166261636515075,0.3180314034778662
-0.08908194468548998,0.32666819450843315
-0.08904024944113856,0.3184054264822916
-0.08308466405502687,0.32301377150705785
-0.08983423095897472,0.31440848684526845
-0.09303003549486932,0.32449099787420743
-0.09109499312354374,0.3186613542023799
-0.09053267877208027,0.31454565591631234
-0.09437160140664551,0.31381990608759686
-0.09948732622138098,0.31301523971998046
-0.09620754529746142,0.31064316496507904
-0.08513868701202365,0.3199465144267375
-0.09363463371736273,0.31307431218203213
-0.09123835613534582,0.31268161543781453
-0.09362306785380607,0.31422961856623605
-0.08886000075021773,0.316065235468332
-0.10815914900514322,0.30607773817969
-0.09787648395875467,0.30314954834018665
-0.10137229868944242,0.3089093863798751
-0.0872376715167271,0.3142368583317881
-0.09341746409502336,0.321520480030493
-0.09407200822816413,0.30225630464132136
-0.09529092519978109,0.31365736234623065
-0.09829955620639011,0.31218387892260474
-0.08683408379162398,0.3093466426338625
-0.0930031020799478,0.31298825010750886
-0.10083260095256309,0.31440289398274385
-0.08905237804395828,0.3022020667607169
-0.09523182543843704,0.32304415110295237
-0.09343034843524252,0.31019298509677246
-0.09247540329429772,0.31715236254764423
-0.0852081480627069,0.3220621526905698
-0.09592778806283778,0.3092564879684264
-0.08677407792594925,0.3062706196028534
-0.08967920784316862,0.3207840950797857
-0.09355862392927129,0.3117471849771443
-0.0931980914988993,0.31344916742981216
-0.08785208079686388,0.3076916857071968
-0.07923829422198889,0.3188921459127988
-0.09210610544568448,0.3089196272820954
-0.09486504810665544,0.31301245450802573
-0.10082146679928947,0.3095884580793117
-0.09201150836282106,0.3020419767698874
-0.09676280712239925,0.3124529753092732
-0.0996096327454998,0.2974763100096489
-0.09009286596488465,0.3109765408413395
-0.09821205214574343,0.31346799656148006
-0.09037466049962836,0.32190897915414796
-0.08240214927851043,0.3107919130137309
-0.0928280116163143,0.3119743924098709
-0.09458872446613517,0.31010032506203883
-0.08862562980149034,0.3059612945754888
-0.09308293921276235,0.31590328271003093
-0.09411359777042136,0.31005831549038343
-0.09439389267856489,0.31729534221494077
-0.10188194365062002,0.3065302256961959
-0.0939303161633,0.31990949594055346
-0.09318638315013299,0.31628178437485926
-0.09020574238220017,0.3098277021107673
-0.08730239421233318,0.32222091724452556
-0.09597208145565385,0.31982634890165385
-0.09989829770911864,0.3027422223895163
-0.09258664309659148,0.3040245493235348
-0.09148831533191007,0.31685569104663713
-0.0989927210669763,0.3093492337924848
-0.09800236981872734,0.3120980214881293
-0.0936922728505216,0.3032219573675159
-0.10681131799611025,0.3201590141425648
-0.09445391148767106,0.31538328617039424
-0.10159174061685017,0.30964185889191903
-0.09489329021998401,0.3037394736533808
-0.0937200135380934,0.31545779361919907
-0.09327865326888717,0.31874861309466823
-0.09290815249461665,0.31363657078543555
-0.10096800046712823,0.308772865043301
-0.10026899274356431,0.31270997488867347
-0.09364370936016496,0.3093876960047935
-0.0978432286035956,0.3143393292583807
-0.08885411818032982,0.31174272072742043
-0.09903052590190234,0.31311448550438314
-0.0980707452076665,0.3133409104266665
-0.09020901812670669,0.31093098787610446
-0.09308297785469019,0.31001934021028094
-0.10774915601337484,0.30557102507827116
-0.10295967638151494,0.31083910135059645
-0.09819593341381645,0.3171139367937759
-0.09998794576020362,0.31146457531571203
-0.09694405212272247,0.3168267078722875
-0.0977791336605105,0.31395222144090035
-0.09990164918541591,0.30535985811879457
-0.10100568213652443,0.29939680978214994
-0.09851850699612437,0.30291087828968133
-0.09660784904503185,0.31125440269251126
-0.10110225288336211,0.3115994713778188
-0.09540539860176532,0.305049287198072
-0.1062609376344986,0.30320670638468433
-0.09661050275084689,0.3044134959191247
-0.10768723337714646,0.3110248930165796
-0.0911221775088646,0.30550656052310476
-0.09570045433420597,0.3215332534596101
-0.10333065383608174,0.31102214152698315
-0.09137508066780149,0.3031689335046524
-0.09874059880306885,0.3177143983343443
-0.08912310611318192,0.3032011451644455
-0.10563478928909317,0.3134495754223779
-0.09866271305377834,0.3048923676466691
-0.09268688688756137,0.3138557796475081
-0.10093231756987511,0.3184938514353538
-0.09649170640421854,0.3222798128579886
-0.09839901402400705,0.30431402790632284
-0.09782941346928817,0.3059901932982693
-0.09562403696914015,0.3069146779833219
-0.10051186116733866,0.31091803414771485
-0.10264719107723602,0.3105930683345607
-0.09633885168149928,0.3083050651988018
-0.10471187031259245,0.3146807363099179
-0.10508639268441827,0.3054912748384037
-0.10632474726753696,0.3042004934470845
-0.10093777220888439,0.312234025949746
-0.10372612042481788,0.31183461928325557
-0.09486780331363998,0.31266006768628407
-0.10037902668519043,0.3007450786474767
-0.09503706852895254,0.3053632575884027
-0.09589738062550146,0.30996212051231226
-0.09886859323527704,0.3072502857251537
-0.09950072682164819,0.31039310409582893
-0.10296958746199766,0.313271012540997
-0.09384362142864056,0.31321541445101325
-0.11098919223902459,0.3165760590178631
-0.10177715089776243,0.30656302824613435
-0.10304091874789673,0.3021976295650104
-0.10438237155139098,0.31120314751461026
-0.10224820218479005,0.31065583191937635
-0.10029873255932521,0.31025700187273725
-0.08989154248246951,0.31731921206526925
-0.10304393853452629,0.3013902294866385
-0.09820517878055197,0.30261603033052764
-0.10018965305468054,0.2986020120346262
-0.10120635554409813,0.30442283093602623
-0.09685403904151992,0.3088221136590118
-0.10147045883641144,0.3078984849461073
-0.10864863118643767,0.30478839838500993
-0.10738867119743141,0.29817182336569464
-0.09981034845069886,0.30972582833771184
-0.1012704298086199,0.3059393677232695
-0.10197495091986176,0.3079573402307282
-0.09819496648265054,0.29768892538078434
-0.10183761600898418,0.30597829761202616
-0.10588816362014719,0.3049621277527393
-0.10306428641095197,0.3048049331150229
-0.10271878340854554,0.299314538043575
-0.10189252954834913,0.3031055551179321
-0.10254999686788845,0.3044293442569709
-0.10341320267889095,0.31143886106854585
-0.10325984374323466,0.3036571246951269
-0.10255407913685548,0.3035085660670336
-0.10174143621936123,0.30566227086151326
-0.10880748628095487,0.3077564901436595
-0.09672248035757941,0.3025819823659416
-0.10205616305698928,0.3058321740425514
-0.0973234458970336,0.3063192949757582
-0.10257369926732791,0.3042311148436301
-0.10399245534518252,0.30989396994142665
-0.10423665288477497,0.3067871500751713
-0.10908188141730896,0.2993312457108236
-0.10842512165612478,0.29986146395452223
-0.10290682951745439,0.29737546132294457
-0.10140277729457806,0.3027419858816643
-0.10244551016241828,0.30179588222135145
-0.10409020080136487,0.30502446373271125
-0.10514467281817223,0.30041926541864933
-0.10408777692075666,0.3077060743564121
-0.11311002071300043,0.30170374600237965
-0.1012823337477532,0.3023087091386466
-0.1017985172848472,0.32109986014416453
-0.09413436742837451,0.31477595787010393
-0.09669140196708553,0.29980679936611704
-0.0992050040011111,0.30815555519903215
-0.10070510217643211,0.3012150334146946
-0.10417187431750528,0.3053279092616542
-0.11521577616424669,0.3020736768534316
-0.10586917022908802,0.30382498494956733
-0.09514416107971906,0.3069717795328126
-0.10150235319934058,0.3060343048320891
-0.10005139962122742,0.3069499787472828
-0.10767814630597773,0.31131849175487264
-0.10346885656562153,0.3098947160170512
-0.10843493941397693,0.3131406502957959
-0.10005768321344238,0.31562825394195865
-0.09646881240466502,0.3052339635177317
-0.10328230934694291,0.31023197320766643
-0.09673886268711172,0.3046513471343293
-0.10657866860760555,0.31138613139548127
-0.10854234868528262,0.3034978335968231
-0.10703602906895578,0.2982714523360839
-0.09798067267314772,0.30958837882540413
-0.09983874899456248,0.29981061120876945
-0.10343823754896495,0.3002838810083136
-0.10142785712285592,0.3086133624189684
-0.11002194745194467,0.2962706942166753
-0.09223278497847405,0.30992497888625564
-0.10509052805696695,0.3083260586186386
-0.10024160441373148,0.3019490790847027
-0.10050372052708076,0.31052014097309766
-0.10191639104867509,0.2983280779468465
-0.10325962757650467,0.30487179771787304
-0.1034251576786283,0.3126075008290688
-0.10392964548248679,0.3119450297512334
-0.09906561137988075,0.29635066424131684
-0.09866673532773153,0.3124666824429259
-0.09746030572644901,0.31835508220702785
-0.093613904565861,0.3103757804358679
-0.09731438638375496,0.313659376965868
-0.10238868374987042,0.2983826058367646
-0.10194781530445206,0.31112252510882876
-0.11080428090537256,0.3000375467166592
-0.1041611142293358,0.3039921216817749
-0.0947717047083892,0.3098139613519892
-0.1156599837852686,0.29961911318313156
-0.09877794203267555,0.3037624073589092
-0.10834974376744466,0.30175242391248486
-0.10339266703916136,0.3100045799673582
-0.10818087593507836,0.30118595721582553
-0.1061275473790148,0.30674381270383516
-0.10284019412299783,0.30269626648635223
-0.10745929269760311,0.3079900563675291
-0.09564195448288938,0.29963194338014604
-0.10165631509058114,0.31037712152300245
-0.10113053947973766,0.3031402976561404
-0.10824919819154323,0.3148829360559126
-0.10269636959131263,0.3013167649510706
-0.09534720713416832,0.31291235807033685
-0.10795775256818456,0.30941100005444144
-0.09936983775690128,0.31166532532624586
-0.11289010443619009,0.30523414585874714
-0.09912352917162193,0.3112441273305335
-0.10968313247285957,0.3066311398219912
-0.11309721947139112,0.30497431306118816
-0.11717341416604615,0.2996263241270352
-0.1020360853153376,0.3008765473757246
-0.10229305818721175,0.3076532813036224
-0.10526945271791917,0.3083634570264576
-0.10591291061776266,0.2990687783229707
-0.09799623270307344,0.3112182482334383
-0.11294004488253147,0.30745724004290004
-0.11050105789953152,0.3015368432041611
-0.09745096122881568,0.30388119698776145
-0.10194813941749693,0.3068308621767067
-0.11075876021443773,0.30463050402924036
-0.10324327533788835,0.3051142574611223
-0.10126028441797541,0.31233801163073716
-0.10664281867869503,0.3141166576400191
-0.10979260206427657,0.31890116217042563
-0.10384231095491424,0.30727816957065895
-0.09558765932428247,0.3090196423611634
-0.10428952020727762,0.31088597581370975
-0.10796682989462891,0.2958342828837067
-0.10519258204800362,0.3043940826916351
-0.10014610394646137,0.3148867821419702
-0.10602011446376455,0.30523765222906407
-0.10733336277104366,0.30418718911813375
-0.10461137774652488,0.3040356637087899
-0.10489493219335515,0.30091849844087804
-0.10964007906302115,0.30814031347427506
-0.10988705895737376,0.3003184149583657
-0.10885060492839077,0.30758835975047083
-0.09157542165961804,0.3093738936438244
-0.10372777168916894,0.3020241940199606
-0.11353153796591844,0.30191972307252163
-0.10574430779294643,0.29835948165718346
-0.11056613055817094,0.3067115758506496
-0.10253322968991614,0.30788582186859126
-0.10703974289762463,0.29735682403599395
-0.10883378318680871,0.3015935295831034
-0.10636586815987384,0.29834892228118776
-0.10557179485100325,0.30300895344429435
-0.10320419563103092,0.29883934727976547
-0.11639784842956488,0.30934372237888963
-0.11011603978059195,0.2987389192901082
-0.11224802357398041,0.3036449437025092
-0.10826586592337935,0.3033563803928935
-0.112526092916399,0.2975939233789178
-0.11018911477142154,0.3096986254628418
-0.10449060505942259,0.307448873895903
-0.09839245464285248,0.314850624792639
-0.10683946062688222,0.307540840044829
-0.11608002143692987,0.314239442751157
-0.11010104074676662,0.30787529617596515
-0.10189253109689698,0.2991047667767888
-0.10850759090338655,0.2989339289698179
-0.10549439721362346,0.3085464125902338
-0.106694738560854,0.30265167539720234
-0.10377784335844703,0.30005498489476695
-0.09570522779010196,0.3054908540893563
-0.11306773276800298,0.30285549496611275
-0.10999857001206424,0.30076867951167385
-0.10183920802256768,0.303961896158705
-0.10982141999505692,0.3042840205468441
-0.10083024861504648,0.299047077395473
-0.10651812439458849,0.3146002595078133
-0.1075249113874462,0.30862756916441114
-0.10920620985818501,0.31046795852376324
-0.10503940655691739,0.3123249577800049
-0.11634597347832629,0.3081650071567583
-0.11550169686733101,0.29247929982211707
-0.10371540583743209,0.30196811769632165
-0.10761711142048563,0.3088290528273352
-0.09630557624796603,0.3161445175895821
-0.10495208174351661,0.3078264448926548
-0.10313133828211286,0.30473766474962316
-0.1143891350116834,0.3063526836227287
-0.10260880734765038,0.31881857193013174
-0.10219612018659274,0.30779326344853314
-0.10548582076908554,0.30588311077590424
-0.10153853500609572,0.3052444950861705
-0.10135031316597717,0.3005831665079465
-0.11089396978555684,0.31496323024697354
-0.10772123740504556,0.3091125912819053
-0.10803478760938592,0.2948882217357411
-0.10268588132609208,0.30576612951954
-0.10054823706007991,0.30310369474493204
-0.0953771532748313,0.31286548732880826
-0.11201539102555265,0.30191563519198533
-0.0984604179316143,0.30497716605527886
-0.11711771966646148,0.30585262452699374
-0.09746132090749694,0.31277953572933237
-0.0982600724646013,0.30278875909071384
-0.104377801222847,0.2993721102961952
-0.11301912442623345,0.305210951956468
-0.10219598458830902,0.31110605316237605
-0.10006077508436834,0.30133655333015447
-0.10059067678540841,0.30905753391966023
-0.10649963453683589,0.31242868015780345
-0.10638240942241184,0.3055642609507242
-0.10532609178447733,0.30968004981508307
-0.09932187740574473,0.3057631166719694
-0.11789235024437283,0.30360679375892735
-0.09896328038321883,0.3074336494350203
-0.0996500154429106,0.29616141264061757
-0.10572786698769394,0.30739995509367607
-0.11541743380580563,0.299393364387403
-0.10674214763324398,0.2993984956737749
-0.10246435515516626,0.2972378534749775
-0.1006723090623979,0.3050161079393112
-0.10882770777254443,0.305174708906224
-0.1060993107002741,0.30066983442593626
-0.10354389667163684,0.29559667119879485
-0.10490479686558693,0.30350800493753466
-0.1051623146092414,0.30493376010229595
-0.11474953600904923,0.2970965785451562
-0.10678655030425445,0.3058178410637235
-0.11419866175293103,0.29718763918416785
-0.10673113816633818,0.3070816575052217
-0.10445180754367651,0.3133467415764845
-0.09657029321494656,0.3091588563784767
-0.10005069322577281,0.302631828160578
-0.11375275680805884,0.29955162517241457
-0.1133822478478708,0.30544783695654776
-0.10256546805747262,0.30893520387257056
-0.11437250045051331,0.309340160653732
-0.1041368732488392,0.2983688894324829
-0.11053737616941436,0.2982687281516372
-0.10315475776157927,0.31156299988255604
-0.10145473320247694,0.2960636551892224
-0.11225203800855453,0.30710338147129806
-0.10384085254509452,0.3012330321158377
-0.10847187516489559,0.3093828933572267
-0.10008066199123873,0.30734078163199136
-0.10617478259302808,0.3037599034779892
-0.10359458125238415,0.3109587588806536
-0.10181945083442895,0.3041647673578518
-0.10190041414634927,0.3113516255580521
-0.10700670100260368,0.31498841290447777
-0.1100353642921119,0.3007706552575495
-0.10464355744614744,0.3029141250681102
-0.10696971322707256,0.3042299128815494
-0.10203795904315285,0.30493568657652864
-0.10544476532609581,0.2969396208221602
-0.11157785254907261,0.29828493733961486
-0.10250065272609611,0.30145963282230676
-0.10317737747683119,0.30372497179147984
-0.10240919580752184,0.297186671494221
-0.1023685712402722,0.3070492129365803
-0.10813302157884787,0.3028597303971402
-0.10338781931895805,0.3135739496165133
-0.10815515014600775,0.29765708288225096
-0.11298664888364959,0.30814077534222384
-0.1101960700402171,0.3106487834531373
-0.10497568713710909,0.3050045885797859
-0.10496384887590425,0.3088350727055344
-0.10820383891172827,0.30940523355268773
-0.10376315819577016,0.31091682608129206
-0.1064074554117806,0.311091800298346
-0.11300779075090212,0.30651923078473814
-0.10155590122821721,0.3044992896315039
-0.11873216841394958,0.3134390169959343
-0.1127492015036416,0.3016695113599633
-0.11093111412802044,0.3038002531376927
-0.11427423897702076,0.30538591978428536
-0.09614192034841067,0.29924721152379746
-0.11101532010056521,0.3042962160828071
-0.11684649417816378,0.30564889160683095
-0.10902224467048494,0.30195015834627564
-0.10472695706002277,0.30075591428807674
-0.11780575466659123,0.3003987259547688
-0.11043338837359255,0.3040666564254499
-0.11783577398874825,0.3076182113358845
-0.11172621746790462,0.29510397607468536
-0.09919714208713315,0.3001094265938444
-0.1137785833489393,0.2844512914030671
-0.10964356673249522,0.30615501610652374
-0.11416061044310641,0.30811194380007667
-0.10346111143129003,0.3131872849368646
-0.0992792631388117,0.3010149629535274
-0.10579777270406272,0.30151071888197184
-0.11911252647529043,0.2991410802528653
-0.11944558622178207,0.2924882142748145
-0.11369627977149893,0.3007027391586407
-0.10713784347352269,0.3137446481369718
-0.09869674689534089,0.3052753263715594
-0.11335212176356714,0.3075793130530925
-0.11514885545712093,0.3037684230737294
-0.1114394187771969,0.3056166747790135
-0.11010181582665461,0.29677848051476163
-0.11126349200907748,0.28883860936545286
-0.11939927444827766,0.29516492062278
-0.10894883091126364,0.29339025452707496
-0.11866581578441959,0.3071640657186862
-0.11577887259356517,0.304758754417074
-0.10972778282868621,0.29371935558777984
-0.11061044711897951,0.2967522214567658
-0.11277108193117948,0.3004978763308852
-0.106803467821036,0.30723508718024883
-0.11450840310628113,0.3059438819139351
-0.10316874915646819,0.3012265952360772
-0.10803537314572664,0.3109580259376048
-0.1179985834761139,0.30173227599451824
-0.11301114679726622,0.29966194211963854
-0.11508029243340355,0.2935502482154258
-0.10627809438797929,0.30352325330630103
-0.10216752873679111,0.3048602918130858
-0.11290298644654913,0.3127820651169568
-0.12387810653193797,0.3029661956705281
-0.10573241214818478,0.30071064606766545
-0.10484856151121774,0.3019725866555821
-0.10499629661067873,0.31497568871696446
-0.11119629689769067,0.30631675173549944
-0.11042386871373543,0.30474418060036707
-0.11607726567029995,0.3011267917716639
-0.10971695589555139,0.3019359893773361
-0.10966174172404924,0.30184360295933366
-0.11818970603859451,0.30754601912407437
-0.1198181051348278,0.2945586465829011
-0.11370366796199095,0.29814618746484794
-0.10222033372858311,0.30138077523112833
-0.11185376011337031,0.30345489622141736
-0.11744211045491516,0.3078372544429938
-0.10912910571385782,0.29543462249664815
-0.11145325012935028,0.30065657166777426
-0.11334461509725857,0.2950829506695348
-0.11276907614816088,0.29823919023010437
-0.11420614610775603,0.3034578422630212
-0.10273967868314737,0.30975616378093074
-0.11513924563417881,0.29768990986774335
-0.10740046528118899,0.2984616887057805
-0.11602241940577933,0.3008373071992548
-0.12182812315206737,0.3003886901034657
-0.11868406919394131,0.29231930833340797
-0.12237129727220095,0.3059413149610676
-0.11563820989114151,0.29719395638015217
-0.10132003051960208,0.3038901807519202
-0.13085064278477168,0.30663892505191565
-0.11233604544795331,0.2916706702648194
-0.11766383657228603,0.29647558277438674
-0.1293380268379225,0.2993644460428423
-0.11437962746658502,0.30401908941329253
-0.11617648698526098,0.30191725043274453
-0.10384081108037421,0.3082600846981571
-0.10355721224075146,0.30488461972952313
-0.11705174496132298,0.3144596390205237
-0.11142174760731673,0.2949323283760405
-0.11115071739853441,0.30182632351052846
-0.12209978362945356,0.29343210643957063
-0.1121183081160605,0.3089108540649537
-0.1262286422046728,0.30207958398720025
-0.11781079370147826,0.2951687219452751
-0.12669346127417888,0.2992058984626299
-0.10794922606823715,0.29408792976721193
-0.1264946662830417,0.2989007658288925
-0.1153712007076871,0.3002108765570365
-0.12211126577519787,0.2978202428513693
-0.12214040398097502,0.2923900323410083
-0.1228188138191667,0.2978850859434992
-0.1163988949847888,0.29763478714674096
-0.1142002590594766,0.30640797799936126
-0.11035852933747771,0.30310410430818513
-0.1086560804460361,0.28569317470556854
-0.12401410326289262,0.303420522770046
-0.10748483997787879,0.3048552798881547
-0.10984873091063427,0.3016941993562027
-0.10628556714375213,0.29664979449290985
-0.11472794712680164,0.3065376573302238
-0.10702943378368722,0.3061448860239572
-0.11816190366307626,0.30227636436975225
-0.12055560050796948,0.2984793945045487
-0.12143158400231557,0.3142782326853964
-0.11024672326535252,0.307138150872981
-0.10312509503616767,0.29604725074836663
-0.11194874132746485,0.30352824087074554
-0.10898779346468483,0.29857155098968585
-0.11347334710209969,0.30597848496620106
-0.11607178466581894,0.29993895739233967
-0.11649245457282248,0.30216132327785133
-0.11210851435683952,0.30519238075540744
-0.11449893894651161,0.30575450483852534
-0.11598175587602913,0.29840113540569235
-0.10835361333014266,0.3072779915866501
-0.0962819751758707,0.3014117712913904
-0.11951991395532836,0.31145866097070785
-0.10753518557151896,0.30364546537350096
-0.11348134667086948,0.3114601085738041
-0.11722668278325396,0.3088197579070119
-0.1189817853021596,0.3008156728128872
-0.11679988807321576,0.3031835253774546
-0.11302623982072724,0.2996827797773648
-0.11438513281585745,0.3054787652639373
-0.1148281147753586,0.2974414020013542
-0.11253682392489651,0.2968659477459535
-0.10470600022936333,0.3013257520727238
-0.10800040739808521,0.31365148595083914
-0.11270200434126192,0.31253183029768933
-0.12205528248451546,0.3004900658393978
-0.11490117196052502,0.2957765116637692
-0.12118577824184058,0.29415655059497375
-0.11807568509361067,0.2972942310016362
-0.11864058367271348,0.29111473622146805
-0.11198134596720405,0.3047564503823541
-0.11574184302216878,0.30375799450664825
-0.1274320217178476,0.3041036035667122
-0.11466062139375957,0.304419150923685
-0.11569062337080012,0.2951092601186565
-0.11028032634749321,0.3086283203049823
-0.12389211057546051,0.30658947136071046
-0.11200013674172372,0.2939304569123131
-0.11877323021088493,0.3133460466001593
-0.10970253143949978,0.3033181172624354
-0.11507707330361155,0.3097076207312554
-0.11846908628678914,0.3010772278353589
-0.12021619763999274,0.3006472254667371
-0.11567268081597099,0.29517434306980844
-0.1165779783545046,0.2935825684523881
-0.11631429587672155,0.29748216600177263
-0.117989017586631,0.2885449311529488
-0.12312734191112287,0.2951325101064152
-0.12355954751511618,0.3036688135764669
-0.11287997791261448,0.295822261762128
-0.11931351266010143,0.3005846181189198
-0.12889088080218045,0.29751834387398846
-0.1210846718129373,0.2952321196414519
-0.11072313407802185,0.3027636654661789
-0.12196279881495085,0.2956869219002199
-0.12255949604222552,0.30011189646393843
-0.11672620631697583,0.2966651436542037
-0.11769158095942708,0.2915608660529823
-0.11989685865722954,0.2940650053158138
-0.10856162375497866,0.29672010181116126
-0.12071826014837708,0.2962970480863301
-0.11237419553015682,0.3002522345585403
-0.12165414171267479,0.2997309881592756
-0.12537111280970484,0.3104815960719906
-0.12414544074357434,0.29766469768368264
-0.11760849604269377,0.3054450571919071
-0.12003576388020361,0.30046416909620205
-0.12079047566281625,0.2979409293202434
-0.11087623939436737,0.3004605357630623
-0.12162077391099238,0.29851519495822104
-0.13314434030197922,0.29828407896553233
-0.11814104793105053,0.29722503613177664
-0.1117369562291148,0.3015590107455762
-0.11247318217174149,0.30275712264707366
-0.12046219558259244,0.29985520799457627
-0.12343663971502905,0.29781729481735164
-0.11345131607099501,0.30136288578476833
-0.11706808738042405,0.3064585127197304
-0.10709059053681924,0.30495526444933413
-0.11135749370241627,0.30272936928497335
-0.10991239831334382,0.30150692218527714
-0.11255234991728888,0.3044167497412096
-0.11721964264599055,0.29616655989556934
-0.11361889794901221,0.3060325561954509
-0.11849247991352176,0.29990814081375666
-0.12474621162185091,0.29879835052854825
-0.11868280987295876,0.29889039347045093
-0.12338725735806386,0.28957090074229314
-0.11818512822338127,0.296865941719247
-0.11038311708615213,0.3018699122778154
-0.11553419487315326,0.3016291299664074
-0.1190585689250508,0.2971859734081408
-0.1227492654414777,0.29073545226196756
-0.11587711394450838,0.2965829896931953
-0.1210523670285334,0.2968180806120935
-0.11688757566837754,0.3017236179616171
-0.12058975030158244,0.2988247516054949
-0.12031956853253468,0.29851471188128287
-0.11686529316953397,0.2986094191472888
-0.11183677870746528,0.29609992529083723
-0.12261163875124315,0.2898725481749536
-0.11836614903046845,0.29747736614450626
-0.12843178993534388,0.3012441119036353
-0.11684827590170777,0.2887770329776701
-0.13037607645023153,0.2977058482009709
-0.12542657121709772,0.29640028913835303
-0.11888234322363443,0.304966272466941
-0.12735516949061496,0.2888490780549186
-0.11900278361169844,0.2942038402387445
-0.10745657523229146,0.30067178265714634
-0.12398656753939336,0.29832906228312994
-0.11760950495325843,0.299851391811664
-0.13000912505562837,0.29431995823772067
-0.12073543815271587,0.2875944863373984
-0.12340654664552007,0.2918211282726995
-0.1340811704072152,0.29385601155289026
-0.11725157751091161,0.29554328451979317
-0.11993344195283223,0.30795860227360755
-0.11934801088993138,0.30225850467886733
-0.12273891828129227,0.30802040456900054
-0.11854848497754693,0.29915323394886073
-0.11090903322398243,0.2928567419927215
-0.11356544506356003,0.2969207427709588
-0.11922670975638967,0.3002386443353323
-0.12903200135916884,0.29353277576759956
-0.12210358643999533,0.2903814107524384
-0.12468659514109283,0.2915597302835151
-0.12240667485498517,0.29372579120275766
-0.12051791520657384,0.29938533970181647
-0.1247817134716583,0.300392353383808
-0.1217487644364825,0.294733938825934
-0.1239133219525011,0.2998510245416682
-0.11499982120098286,0.2942952745590397
-0.11968111557034224,0.30497796412457
-0.1237747527897365,0.31170466131058244
-0.12368749832932928,0.2967696805490035
-0.11152969733295964,0.28749539184982353
-0.12752992081652986,0.293032790133505
-0.11773087175159962,0.30532204981402705
-0.11886954928762945,0.3001659072101733
-0.12431769716363066,0.297499706390707
-0.12219208781218494,0.300870601664096
-0.11783134774155367,0.30057172216467315
-0.11750452938775455,0.3001462302777615
-0.10822527607737323,0.2942989023173324
-0.118283608839133,0.29934773835112055
-0.12488622444259814,0.2977235758117961
-0.12146133600442897,0.2990896080623357
-0.12443080558939298,0.3033197608451759
-0.11468974255958479,0.2980064482461963
-0.12522699794322095,0.30358539553882813
-0.1259458063473274,0.2865468025367532
-0.13244331110963575,0.29863834708322573
-0.11317250436932441,0.29346085259503046
-0.12067407550525269,0.2981973229600952
-0.12940434495580572,0.2957034323613624
-0.11579052443714075,0.30487891496625347
-0.11987058274567385,0.2885839251541289
-0.13008845710379716,0.2881814133560242
-0.12217565931948451,0.29494209028219703
-0.11510605684869135,0.2930307059042515
-0.12855099574705178,0.2978579789473045
-0.12150629843355568,0.29367516067157495
-0.13402464255666632,0.29049816924444355
-0.1287884664867706,0.29350197408554196
-0.12249250890685268,0.29438965758515195
-0.11933785536331097,0.29193167484479643
-0.12870112147469379,0.29296403570182816
-0.12575500240167276,0.28589950145652415
-0.12990934292451212,0.2865417594986021
-0.11885760721409931,0.29616267206873426
-0.1196768612025474,0.2954832079750047
-0.12088620247480102,0.29495019322134974
-0.1257720865484039,0.3023441040618051
-0.12088556586348694,0.28542130917013864
-0.12437684966361302,0.2889982427311146
-0.12076189025864068,0.2926378950628437
-0.12703810365859783,0.29715635833018156
-0.12828907603887585,0.29017708281065485
-0.13879502842832012,0.2943196859331372
-0.12189765751520426,0.28976671499556617
-0.1296438120907241,0.28863107965325596
-0.12635382461685218,0.2921325545714484
-0.12519629921069994,0.2920999695648299
-0.12583867459460868,0.2954669202923735
-0.12287692135496109,0.2915599430212676
-0.12102921590965052,0.2890701765448667
-0.12005612810999179,0.2988565986537677
-0.13164775705932538,0.2877280104332175
-0.11931142108160211,0.29163061182049727
-0.12521443815970298,0.29652168477717933
-0.12137478846380516,0.2950667852764917
-0.11785433552824302,0.30083480226928067
-0.11802577617015476,0.2932099738966815
-0.12280467604569967,0.29119171695178186
-0.12756054450349597,0.28988281109176045
-0.11739784310523661,0.2939077913487423
-0.12392557252302805,0.2860456905776948
-0.13547483367705948,0.2869011708678434
-0.11875715263679539,0.3045010504693262
-0.1236010637157885,0.2971722149787637
-0.12917315602974114,0.2852562060750313
-0.1335468638532165,0.28645242604879767
-0.130514374866458,0.2912759368740503
-0.1291420273042686,0.28816326381920837
-0.1236617815608266,0.2847660307777535
-0.12154041710500656,0.2935658505600345
-0.12226603472952878,0.29768725515787137
-0.12610628936562618,0.29437175053989184
-0.12372203378225416,0.29223342067746044
-0.1140558791416392,0.2877899868500101
-0.11950337348091927,0.29891849447965
-0.12423134271751396,0.28611989323045717
-0.13128252009762476,0.2961725059474403
-0.12362790463934643,0.2931920247093844
-0.13452006269331912,0.3003485115806081
-0.13145767905783562,0.28787927655054363
-0.12850964303224696,0.2949864021254449
-0.1311925148200786,0.28547066548253636
-0.12637103850346096,0.2976919956051465
-0.12490451441421804,0.29575494919899303
-0.1308772162793838,0.29277665319061763
-0.12503004624887515,0.2924240777541154
-0.13227760100312452,0.2880655178694519
-0.11672307404795147,0.29336824661990923
-0.13032414056427488,0.3024449027760537
-0.1184727557587668,0.2926723250811933
-0.12340476342938397,0.28952948731529543
-0.12403614858677961,0.30306971663028953
-0.11729057369363065,0.2955665909879229
-0.1304105181709036,0.29481981165825205
-0.1290778041717638,0.2961253990004629
-0.11938989626066113,0.2993779746750575
-0.12165484894313587,0.3038408826710523
-0.12851921807163563,0.29306926722925686
-0.12592845961426763,0.29368668109954044
-0.13450104182908004,0.2997874446763352
-0.1243004065084981,0.2939287152459469
-0.11841698718416664,0.29321749797901736
-0.13376374683135092,0.2919874367294243
-0.12460178963131709,0.2999558330700087
-0.13012211112409508,0.2874203300743206
-0.1289715507783716,0.2800416440491995
-0.1281756549245562,0.28224005271978236
-0.12807338387375022,0.29394630395965005
-0.13069971598024666,0.2950080449257821
-0.1244982061318244,0.2887325382441385
-0.1335272895929394,0.28545589085903905
-0.12913902091251675,0.2877707483299598
-0.12459447481403693,0.29374143214383314
-0.12120371692774999,0.2900736650248257
-0.12817976109532195,0.2941647149458695
-0.11798027877810839,0.3006318978516662
-0.12452380564937178,0.29242518947642576
-0.12564261960152637,0.2966540652135066
-0.12980904412882482,0.30014801122933926
-0.13125895856986697,0.2930275676324266
-0.1240116196061441,0.29075343853051716
-0.12529670898244202,0.28834845558343597
-0.12141125694651678,0.291284084394153
-0.12101211689998309,0.296891498858462
-0.127436120063531,0.28686581065690897
-0.1234514948358104,0.28938900058744255
-0.13099042039453437,0.28721360225991066
-0.13340482261017542,0.2900344342718629
-0.1353609111950668,0.2869800934374358
-0.12776983580367962,0.2938603345327389
-0.12981331850925965,0.2925350364917635
-0.12366201872623597,0.2938261428381974
-0.1252814495423799,0.29468316021522606
-0.13012207267326906,0.28284948453893555
-0.12859841963246038,0.2879730304223292
-0.12096057890549332,0.28831004867017973
-0.13558931912995395,0.2841259693500851
-0.13125745576997763,0.29408612756830466
-0.12383576673993746,0.2887037263377305
-0.12084549199796667,0.2896919332724281
-0.12316987289902395,0.28786613359676966
-0.1277450966728986,0.2839364978951814
-0.12546040728241312,0.2932769281815468
-0.11708667520400796,0.29245756329049283
-0.12796421336775815,0.2969831310546181
-0.12789930426337917,0.2865521174939483
-0.1234343772841451,0.2887021891788091
-0.13225460268212674,0.30074554653228386
-0.136690028673141,0.2911471385063306
-0.13376678907859116,0.29375979774967276
-0.12532139325272398,0.28891833378183207
-0.12051289989836265,0.2902794164449618
-0.12998041283970646,0.2889669689393154
-0.1282814009085048,0.2974982719522952
-0.12150226880815644,0.2899350541516097
-0.12839492556310836,0.2913874113079101
-0.12587767547695622,0.29551911798552405
-0.12307453599247128,0.2954019118363215
-0.12759489395391788,0.28947145928845264
-0.12426532595534495,0.29686749512535954
-0.1258660536348612,0.2924311532363838
-0.1270020181492107,0.29151859067919994
-0.12949596396265697,0.29304511104534714
-0.12116852258883716,0.3026172257306579
-0.13948455423725076,0.2930722804797194
-0.13283750431184402,0.28288214673515677
-0.132976848749497,0.29268553110317613
-0.13334275188342318,0.28219790402739203
-0.12654398534086747,0.28975193113606956
-0.1255561399850492,0.2949270811477184
-0.13681379170661154,0.28045047446643484
-0.1259404422749472,0.2787319367887826
-0.13136536370454524,0.285781454308413
-0.13262560508715263,0.30136148823923725
-0.13484421882938585,0.29139524535692857
-0.1356504866062339,0.2839693662228814
-0.13051642950771783,0.29481038855256037
-0.13165777349703167,0.28631830260074664
-0.13084866634419176,0.2995050236880931
-0.1316452987948285,0.29215104826837773
-0.12144390974992919,0.2936164618729557
-0.13318376343766028,0.29535444545512574
-0.12406449384464126,0.29334137829149093
-0.1285847400409342,0.2938641168038476
-0.12729484376682754,0.2927427853109753
-0.12927073737396108,0.2941493429188496
-0.13288184910877168,0.28780641307142507
-0.12594592097463728,0.2901355133307881
-0.13223605992263096,0.28415605353769574
-0.1295058515996661,0.28238281956044364
-0.1290392243574002,0.2845025918416607
-0.13061431936090323,0.2907190707452659
-0.13253498225381147,0.28236335082742364
-0.1325562208219983,0.28794391113749196
-0.13244133712010947,0.2839036101224979
-0.12957304594080823,0.2896963892449957
-0.12663524279412514,0.2868594072076859
-0.13511433007855914,0.28498048448644636
-0.13499220158214364,0.28738270164964413
-0.13559263917603853,0.2760281193084362
-0.13703762180874787,0.28461488221972137
-0.13251263921908524,0.2896895899938492
-0.13350312221284694,0.28662521574887456
-0.13302741843570248,0.2935467315093251
-0.12558962244261107,0.2781575346245712
-0.1283872305956211,0.2965393078974643
-0.1364897728960922,0.29517398958891133
-0.12772162806175053,0.2816666321100156
-0.12670065324045607,0.29376245024019365
-0.13389962598024735,0.28814743652777425
-0.13207354449407713,0.27764259205821623
-0.13400750862174124,0.2837957510543903
-0.13753164294285197,0.2903536508392585
-0.12827457215617083,0.28968210056847965
-0.1238609129553053,0.27760059180952124
-0.13874373609835738,0.30443072299963697
-0.13670902977440466,0.2931688739737109
-0.13338803305221056,0.29301937937462824
-0.1269134701034818,0.28524459201140007
-0.12266238457325201,0.28390882400350775
-0.131351003906919,0.29071381798662177
-0.13003439706732245,0.2956590155452436
-0.1278183737321387,0.2905601522653944
-0.1299538674037081,0.29891675748470165
-0.13794949023607914,0.296709837928814
-0.14107236092099068,0.29503662732035046
-0.13732796342212447,0.2906513752505144
-0.12884671306975012,0.2877382080634807
-0.1274734209887428,0.29010145336811616
-0.14108554662854333,0.2856448364740347
-0.12667796143751095,0.287085775497675
-0.12807539639307164,0.28743459956051254
-0.13551430998784064,0.2851366777169323
-0.1335399900485012,0.29462522371922495
-0.13735820645171035,0.28997087644248637
-0.13232615707475065,0.27780124045448573
-0.13120089382768887,0.2885401468642892
-0.13779838851617898,0.2903356643051386
-0.12458659233705491,0.28660115194331504
-0.13093408479131485,0.292575546022996
-0.12066622416178016,0.2943729383607006
-0.13379534701143633,0.2870722175775967
-0.1367571198243983,0.28833588883615735
-0.13609757319224147,0.2899918793208804
-0.13026989352511734,0.2850516146264533
-0.13484570386071956,0.27815271441785705
-0.13418610794446448,0.2727273947207018
-0.13755941504020494,0.28086153083259413
-0.13558041465481166,0.27989961848144734
-0.13794069281737215,0.28771405240954634
-0.12730534398371973,0.28264076795344273
-0.14584591302545608,0.28622967685685885
-0.13273934718951205,0.28082002636439474
-0.1371211791270209,0.2889542761911881
-0.145241647066388,0.290442757531058
-0.1326780722354172,0.28801291925964934
-0.12731304981975602,0.29177615689724773
-0.13741531140952862,0.2887028181526456
-0.1362289658474478,0.28341085387510123
-0.13776175836044463,0.2780426051656518
-0.13632672255218745,0.28856196850391025
-0.13289464640707505,0.2863420693157926
-0.12757846657233324,0.28195247956991415
-0.137012834347969,0.2884149535810566
-0.13475918289602068,0.2843603599321437
-0.13401821313797013,0.281890416488091
-0.13653684326362225,0.27709501643321105
-0.1329967742013556,0.2818763862053847
-0.13293493347709437,0.2801861482055612
-0.13875018223177957,0.28165004788659165
-0.1374766592572499,0.2815743740234272
-0.1407637138748667,0.2824474065308835
-0.13359640732437184,0.29269671180243334
-0.13600050370571576,0.2833970555131051
-0.1345247958533722,0.28219833380073317
-0.1383342902455549,0.2871221940355822
-0.12606909910011857,0.295671705031971
-0.12701732230580676,0.29195625794171254
-0.13713618505377428,0.2875226874098821
-0.13049945492766227,0.29028373346345476
-0.1370776508806858,0.2910050272476366
-0.14308216458793957,0.2779181613033783
-0.13029002187402614,0.28574543371027333
-0.142046633313407,0.28810000759274773
-0.1357872039214263,0.2976261369602086
-0.14320772743971624,0.2936046712382475
-0.12558822763859176,0.2874961867099312
-0.13489544333429143,0.28377562862130123
-0.1298881179466917,0.29164352239811325
-0.14245333891698045,0.28485285387930037
-0.1306694826857768,0.28442130194733356
-0.13929414586272612,0.28174688283192767
-0.1327061877204704,0.3030959722522049
-0.1356533820839945,0.2809710022823724
-0.14601233533762967,0.28442098038410574
-0.1392156937450864,0.2901538479696482
-0.13977738684809274,0.28786667270026284
-0.13295664631757204,0.2910625622564181
-0.13272038067710826,0.2960450111202516
-0.13275365168784795,0.28439807516980325
-0.1304114308040058,0.29132742701288405
-0.14606397436229696,0.285325263935796
-0.1341023575999828,0.28311813269521685
-0.13552988086976833,0.29757455969683966
-0.12725989531317664,0.28744102332878785
-0.13912016867741783,0.291516955100403
-0.13819069069252132,0.2844312517722177
-0.13450780023694037,0.2841017357241823
-0.1353861205179982,0.29005996105079274
-0.12956714529657185,0.28726623095612563
-0.13088177699361853,0.2921173158798208
-0.1404745487926251,0.29069288485387096
-0.14001908939512223,0.2800072515861126
-0.13902569352026542,0.28623053287953515
-0.1428569106892047,0.2768707828778934
-0.13540622321938037,0.2953766096886488
-0.13811196564456077,0.28902478824585087
-0.14200229489934355,0.28381307457015614
-0.14040810139085094,0.29412800734446914
-0.13458625091457066,0.2839592712655442
-0.1354213979526432,0.28575877416749457
-0.1371947887702538,0.2827235898684066
-0.1316970034181372,0.29573711076960224
-0.13628542887751266,0.28737025658466414
-0.14562785357536373,0.2845430140080195
-0.12900134167492938,0.2958554405264845
-0.13884542736378008,0.29137807549211586
-0.14058813330163716,0.27465860098173017
-0.13018685370880978,0.2851401184459149
-0.1342909691649548,0.29194725243314507
-0.14338418566222177,0.2834862503611789
-0.13064221056370726,0.2932453336193068
-0.14212775865737842,0.28199747710142364
-0.1410937301344102,0.27473050325365805
-0.13613921245239205,0.2791393761659625
-0.1321157066749156,0.29624231726782346
-0.1326780045630179,0.28755003696855375
-0.13286293901414714,0.2846120040274138
-0.1423438940769386,0.2774260996266142
-0.14420067426532598,0.28706236896198534
-0.13983273942985863,0.2785655062782038
-0.13459408745208817,0.2858485552127957
-0.1398526046969274,0.29297944448430346
-0.1405196290334668,0.2815704747094322
-0.1416516631961359,0.29070716634735266
-0.1355179555307155,0.2852360780327358
-0.13518730919116007,0.2727189656093952
-0.14449494770603205,0.2941026459394975
-0.14251234051990172,0.2768863939238823
-0.1355163437992293,0.27814663638957066
-0.13656214384722284,0.280952723047359
-0.14018354399845048,0.272897956529927
-0.13252169864231506,0.28843322981906816
-0.14364779137186198,0.2879216858981807
-0.1436722990159944,0.2811914758793647
-0.1475489953778728,0.28116688099760584
-0.14251911283455432,0.27665419169069294
-0.1422215565419527,0.2855956812715814
-0.1440831878477891,0.27831840662997326
-0.13882728630349364,0.2748362119141613
-0.14457749932886632,0.2808433270556495
-0.14197423503062373,0.2816906034788607
-0.1409772009894833,0.286503502533659
-0.133201505257404,0.2948293457485859
-0.14391922345824404,0.29151875928651916
-0.14059658260849092,0.2818306014028516
-0.13857832069249748,0.28794063693632527
-0.13029281726718575,0.28069257452739743
-0.13381784045972,0.28226724670639153
-0.1453448864605317,0.2844698306674428
-0.14003391048056119,0.28644129551109915
-0.1371370050833219,0.2917799574874645
-0.1486175115969688,0.2725039369544913
-0.13293486248411693,0.2814152043122702
-0.13952370612021045,0.2779978204991899
-0.14446029163766552,0.2864118942547845
-0.14590859407614937,0.2816133734049966
-0.13486932091280945,0.2825865743018124
-0.13405144495795174,0.2913823607183048
-0.13209679007807312,0.2942938011285899
-0.14322539133908344,0.28834088490076265
-0.13663832730177508,0.28717555921522936
-0.13151701343715816,0.282639544312184
-0.13911570876615426,0.2976564072820597
-0.13253499080061076,0.2857538306465179
-0.13688449018652576,0.28178616318657274
-0.15316658488433044,0.2810284529259818
-0.14244917694970238,0.2833497404343891
-0.13602050005582814,0.2880501702270509
-0.14190449955042558,0.2850336937770443
-0.140381071129854,0.2878501447362033
-0.14432309787146877,0.2839375802880329
-0.13697950563397746,0.28213309196630504
-0.13579782340167065,0.2884928718801336
-0.13413505464607198,0.28617460203313855
-0.13700035489227688,0.29350729163079414
-0.13514193216168355,0.284448840920177
-0.13632986876592632,0.29010879974662074
-0.13854679269298903,0.28216246804981976
-0.1390677676894846,0.28389399307452595
-0.14109920578191376,0.2816222675344376
-0.1460109099694572,0.2815582606159675
-0.13750398724620866,0.27605324687764
-0.13817755791113834,0.27746591470192034
-0.15253630638553742,0.2824995559917019
-0.14417045581617546,0.2841263161452632
-0.13971155106865357,0.2864715850162444
-0.13224131457148497,0.28231378627860615
-0.12407585186879375,0.2870604790854254
-0.1376135676917324,0.28911628132336775
-0.14059648920207315,0.28206459856969257
-0.14020630285157967,0.2907475412170457
-0.13754118017206193,0.29162940152986144
-0.14510889736458218,0.28388283474720044
-0.1325605792940374,0.2837101466119953
-0.13934044691205202,0.28026522479103294
-0.15370467617723177,0.2858803436031207
-0.14041985390601647,0.2883973822840653
-0.141500188435045,0.28158202848886404
-0.13328077150700537,0.28595270317090976
-0.12934368099700713,0.2846823688116349
-0.1422998584116434,0.28966296870295527
-0.14122061574236286,0.2826978995104016
-0.14456898557826162,0.2907179469322728
-0.13397591711605472,0.2879689586811481
-0.1344459351041531,0.2760799918757876
-0.13984533006772032,0.2916258995235546
-0.1431780433227047,0.2865395151404424
-0.1438597164835315,0.2753320226198279
-0.1379535891971213,0.2839988805849461
-0.13331385623953818,0.2873508420872668
-0.14072704705529795,0.28291298182820124
-0.14843182492844387,0.28566030428698175
-0.14040806590660507,0.2853318299171207
-0.14315164012317916,0.2774228213998053
-0.145886937028095,0.2779581853517199
-0.14447851680857157,0.28026742871611865
-0.13795059254511938,0.2829930988208903
-0.14230668053165713,0.2797631303173773
-0.13049612032467386,0.28966435114022476
-0.154195330975199,0.2810817763507257
-0.14265837756420605,0.27897722391263097
-0.1337655060629645,0.2819956360123724
-0.14482951337019467,0.2761346091669692
-0.13710271591705056,0.28396333105944643
-0.1407576701702587,0.28228700485314534
-0.14204108721446174,0.287646819671742
-0.13645197613911672,0.28567362556394743
-0.13954761780122474,0.2760935375945444
-0.15626721427802148,0.2852724001750315
-0.13558820949159128,0.284332962718869
-0.13603704518766502,0.29058280000124265
-0.14616299067645447,0.2880468014587152
-0.14805944815805472,0.28157011110464875
-0.14870879555432817,0.2794101486321047
-0.14337627941405873,0.2735734083461204
-0.15023171875615426,0.280451124799781
-0.13726194583647852,0.2893762571094981
-0.13728250076423082,0.284351799128676
-0.14397394822634374,0.2852856256726495
-0.1386771067479118,0.2816886355651213
-0.1350323999699917,0.2801038424208888
-0.14024906126687348,0.2768879974329049
-0.14484089749952006,0.2888686482362667
-0.1369502275742286,0.28555896947153503
-0.13814827375858615,0.28910026588937987
-0.1392059125950511,0.28695752109306566
-0.14890891216054267,0.28148804613317047
-0.1378481226143438,0.2830934223765646
-0.13105160839169877,0.2883149332325628
-0.1439359235972471,0.2882569405125597
-0.13119939534233616,0.2825321337823774
-0.14216375713410784,0.2897828900898094
-0.14609780034315356,0.27726037646468055
-0.13466564908754897,0.2837245244640333
-0.1465316492432653,0.28211566070201816
-0.13324846732899862,0.27973580432779
-0.14403751012449756,0.28278647437475934
-0.14354173238807555,0.2868158405634431
-0.14120108703961726,0.2801665808046044
-0.14198120716179452,0.28239371667277335
-0.14966172731602878,0.28526736146747966
-0.13445839766855322,0.2790606547159627
-0.1398647531150262,0.27542224077578215
-0.14275466481378474,0.28217337503661344
-0.1486238542735769,0.28132654585846517
-0.14140510292346742,0.28174894694960434
-0.13733917182933744,0.28314690486076954
-0.14597701557490436,0.2834112682847297
-0.14645286304203878,0.2820792532911048
-0.14291434011865808,0.2903015933484309
-0.14899182780079942,0.2730739790055919
-0.1371835500088846,0.2805131866077425
-0.14636773058047797,0.2806910775425217
-0.14780740049151117,0.27128968898621186
-0.1390228628688316,0.27882005414926025
-0.1538721671656791,0.286357714828027
-0.1426123695770479,0.28204969861178514
-0.1397196529741304,0.28165167970916943
-0.15180800653407592,0.27895788817484585
-0.1409487694311409,0.27866426234953023
-0.15914879038202434,0.2839261251926949
-0.13748459109510408,0.27857917769415386
-0.14673328926006965,0.2776006165871514
-0.1361839664492667,0.2743972407794004
-0.13489822737127816,0.27372895944626585
-0.15400805939161594,0.28181117436818853
-0.14624491506270273,0.2707018025495664
-0.14789331313907553,0.27379397482920037
-0.1542453339443038,0.27694742637235753
-0.1502768836350417,0.2874689952403136
-0.14211265405622325,0.27655375211796945
-0.14709901427448469,0.28246754143519504
-0.1361229419750996,0.2874884898552892
-0.13702592896380028,0.27610343113703945
-0.1452089764212834,0.28184237546170793
-0.1425552591648663,0.27614150781024993
-0.1463601369883833,0.2823095988858379
-0.13650653772874813,0.27594522192610355
-0.14944697351101147,0.27858804373997703
-0.1429657641698761,0.2761151406694898
-0.14504681768667604,0.2893521121319772
-0.1500436820384362,0.28815122914993674
-0.14163843164717005,0.28170836648152225
-0.14335584962935535,0.2906780861742523
-0.13967968175763049,0.27802941632168193
-0.1530801759422474,0.2850877501181233
-0.14379330981514282,0.2848071556583778
-0.1449026811266794,0.2827925599835094
-0.13739539846013352,0.28062535004068473
-0.13675141892800255,0.28527831366389866
-0.1345784466515702,0.2817511274961056
-0.14449438751671606,0.281534811231264
-0.1401796072211222,0.28439970874891957
-0.14821820434203636,0.2829432145152956
-0.14641101591672123,0.28446176479548
-0.14234138581603245,0.28577207466696114
-0.13550411719376831,0.2773184387229649
-0.1430031994519918,0.28414469431039796
-0.14039524647681056,0.2896606962271757
-0.1431779693643746,0.28424834324015874
-0.14787186145947503,0.2788414816905551
-0.14740616384448596,0.2815005302383984
-0.1412311230321594,0.2817876546657542
-0.14675882600609383,0.2834127720767687
-0.13671939831705512,0.2890967583821304
-0.14377117666093547,0.28156750169504946
-0.13953133785355729,0.2765673078953719
-0.1453593916634107,0.28541851298286935
-0.13824155448430547,0.28786292133775754
-0.13926302173362393,0.2824782653761489
-0.14797760385716235,0.28089604402794927
-0.1439685534220944,0.281177727619227
-0.14349734474241221,0.274069879527774
-0.14223470445920033,0.28019901930847313
-0.14714166762084369,0.28103255027785495
-0.14941398033117992,0.28147334673817664
-0.13658464049105704,0.28354130378412756
-0.14234011799429036,0.28713462454168814
-0.15139477672389107,0.27149046235812935
-0.14581062010194845,0.28347553277263976
-0.15083210106073183,0.27447127398737764
-0.14617630053126088,0.27964347897846353
-0.14168368196308317,0.28278232737037934
-0.1482161434182082,0.27848098045356107
-0.14788993247186094,0.27633674503567884
-0.14198482221248604,0.28448508612921525
-0.14450711838122535,0.28079611009493366
-0.14288234048184223,0.2706963617943483
-0.1436940757840074,0.28097647562562356
-0.1485309224424908,0.289095622393572
-0.14625487044372065,0.27712689229686666
-0.1429169194731534,0.2708592771529511
-0.14676921052254363,0.2862556436899391
-0.14472943065827662,0.28309735750526477
-0.15106585777965278,0.2815841429245406
-0.14747267337796144,0.2769733534752438
-0.14970757977959667,0.2779831754065315
-0.14688589117612227,0.2757040663496396
-0.14659922210684428,0.2794185490706719
-0.14185025543846755,0.27954013679361417
-0.1455980718889804,0.28023169967541417
-0.14303626917050646,0.2806427163178504
-0.14896333193938388,0.2834416736222338
-0.14695871025042304,0.27911277248908073
-0.14346741395516094,0.27894763653906457
-0.15366292248586946,0.27610446804534916
-0.14210562884962102,0.28350049932735594
-0.14577607219111804,0.2780147965400924
-0.146442965623484,0.2791571583258794
-0.14926466824128617,0.2768169124151547
-0.14469650921899394,0.28303315228746934
-0.14292492281161612,0.2891132305910043
-0.14454765501968656,0.2736016334414956
-0.1436557590282305,0.2779395028090321
-0.14426027553049164,0.27773947468047816
-0.14816082889124496,0.28036113823418557
-0.14882146250186215,0.2727099650712831
-0.14096335336843382,0.2957891645334949
-0.14828118482396851,0.27942411996713756
-0.13632945462210666,0.28777210429335803
-0.14996493543698644,0.2887183074085036
-0.1423503327582357,0.28222780118163
-0.14572281179632027,0.27753348086414487
-0.1398003337105015,0.27597254905323576
-0.13973408438625226,0.2804031663592341
-0.14484551989278924,0.28131565136861203
-0.1536652740484362,0.28051693274550576
-0.15054591916832957,0.2749654289028976
-0.14602388851602466,0.27580091683810903
-0.14896506092779774,0.2885837135838583
-0.14680251829102528,0.27820718476265327
-0.14409474282261192,0.2883353557619668
-0.15468654038727597,0.27235319080254206
-0.13057319548123683,0.2778541388556891
-0.14491601399735915,0.28110358186025314
-0.14670191764311769,0.28136415507584445
-0.14390247525739044,0.27893206827265604
-0.14433347250463296,0.2821625656640297
-0.15379097875746736,0.2774494665495956
-0.1508011307337466,0.2687183882350561
-0.14999975650530575,0.2691565368878454
-0.15373473295224388,0.2701102529238049
-0.1469400351102097,0.275904470035774
-0.14826029867531518,0.2819013904508746
-0.15558073981235637,0.2807363964519603
-0.14827068385527362,0.28453173752043487
-0.151715672580891,0.27689919307043737
-0.14350998526483905,0.2808998492296482
-0.1379075133444079,0.2837367222012482
-0.14622589880447276,0.2864217478415939
-0.13667683575427284,0.2820047287096589
-0.1380142101429052,0.2810702341711228
-0.14476173473508497,0.2913314349385427
-0.1475941000864446,0.276971189907809
-0.1388168421808692,0.2805546629733804
-0.14440588072297317,0.2909387022693068
-0.14933152749048736,0.2722728546145032
-0.14160068930501057,0.27325204570969797
-0.15327208988275295,0.2857513556971589
-0.14627106987460106,0.2768743579214968
-0.13643349280670583,0.2943748280896457
-0.15275957738485318,0.28241425381907165
-0.14799958746829142,0.27482591765675024
-0.14056469991731674,0.27930838948733683
-0.14342777256154074,0.2769750491557727
-0.15113673680908038,0.2835191401357808
-0.14375212152156575,0.2726381942892017
-0.1583398763414135,0.2779420325866996
-0.1420881966172105,0.27255566831528216
-0.15478639761020208,0.2664264871494433
-0.14307723143234785,0.2635178542625895
-0.1501562827766047,0.2760773926677516
-0.14085399627074946,0.28415881331172715
-0.13827803312345197,0.2754884588770676
-0.14370785258780883,0.28226585004523813
-0.1423403514764116,0.2780666241010858
-0.14601378362526163,0.2764234728518381
-0.1482237361270126,0.2709863678723687
-0.15579547587835754,0.2818209277665263
-0.14859585270227796,0.2838831794827866
-0.1424751629459281,0.2869767157989514
-0.14623993413817857,0.279830885748112
-0.14673641145419786,0.26886267044627354
-0.1499616646948414,0.2764052012779375
-0.14107809147327086,0.29171429500637985
-0.15337879511997488,0.27801622613823684
-0.15327484749236905,0.2781640979942926
-0.13396443517103965,0.2727681063627519
-0.13975942654147858,0.2875938736943187
-0.15623898987361656,0.2851045529237828
-0.14328123941910365,0.2810795589518356
-0.14432663916140778,0.2732902381984275
-0.1479355184909046,0.27439057323043753
-0.1532922410795035,0.27706895753194394
-0.1572442064195723,0.28115502160505673
-0.1433003955427922,0.2770599889979684
-0.14053092649420365,0.2789105085853192
-0.1474323661192637,0.2838228233798856
-0.14619665699503104,0.2824788157667484
-0.1471530872760853,0.2870934648900997
-0.14812246173419705,0.2859179066309923
-0.13165812630892934,0.2947678118041998
-0.1403640441675147,0.2836222798837144
-0.14245486056597342,0.2782546262258232
-0.1522237749986009,0.28386981553343704
-0.13789412835337794,0.2795196618798269
-0.15118138670282155,0.28521812163449584
-0.15239227393853355,0.27843789222788007
-0.1524440199553477,0.2804698684149118
-0.14989331725758337,0.27975670504059674
-0.1415837545699129,0.2713836996144266
-0.15232092310072692,0.27967886918980517
-0.14340038617224013,0.28480740876011357
-0.14531817323076235,0.27777645126743516
-0.14895241232698495,0.27468416926516415
-0.15338647707253383,0.27763983148925714
-0.14926677934592622,0.27126737842721055
-0.1520788943497554,0.2790212039795105
-0.15192271380672254,0.28529020650258263
-0.1516490439723578,0.2853041536556056
-0.14713146604830854,0.28375051700889337
-0.15298984536127944,0.27950764344903223
-0.1428852379267721,0.27391834986808544
-0.14207316876164125,0.27917170801743196
-0.15552745783468427,0.273355786870419
-0.14619925288286936,0.27871190944894686
-0.1505537507815087,0.2786320892496943
-0.16169214261086176,0.26469260790452404
-0.15098867122770843,0.26476966877535485
-0.1569518034999084,0.275117105255516
-0.1538280698644392,0.27164809461822936
-0.14693232728621022,0.2645613934859855
-0.14694647612282377,0.2796624094142473
-0.15818626360730054,0.28036091881542236
-0.15038753585895825,0.2704050060500288
-0.15131810129317003,0.2766431938817124
-0.14775878060476294,0.27933123978884716
-0.1503577372804513,0.27986172245558893
-0.14863267005020425,0.2697699433879309
-0.14273535548032298,0.27834752937485197
-0.1449487457616633,0.26370939072539096
-0.1502025959418797,0.2770965273459856
-0.14776588275609293,0.2799308788799416
-0.1452501311090247,0.2793377181624954
-0.14076701736256972,0.2883462551273203
-0.151480170221379,0.2800557575487283
-0.1514113085637912,0.27424109332023594
-0.15242224891139458,0.274879410054822
-0.14729021237422893,0.2757695229429534
-0.14487580811069864,0.2791197280930671
-0.15087495329964454,0.2772396024634838
-0.1479787389336708,0.28643610826187055
-0.1468313578096197,0.2797188903683024
-0.14929077575540692,0.2762596882451672
-0.1556470794658095,0.2737961649370034
-0.1499690840806862,0.28122661515827796
-0.15245159391179414,0.27114824387773545
-0.14119465132592426,0.27754573181381015
-0.147028378203068,0.2823686931953759
-0.14602257342361133,0.27521179212098
-0.14744699245010054,0.28057670216536357
-0.15052738223586556,0.27419776009843555
-0.1473635396747255,0.2734687596367502
-0.15496381204510953,0.2747452688369506
-0.14830685910308045,0.28240018137753786
-0.1483836631982473,0.2770092516954218
-0.14573970267232822,0.2756214539221636
-0.1466376119282786,0.2776411909500847
-0.14905658928695625,0.27076678554196887
-0.15861415654743524,0.2718659672789696
-0.15237019251277023,0.2747624184017725
-0.15080572444724172,0.26898242705471614
-0.1437640459368098,0.27026926557264297
-0.14734667622368944,0.2691467450365147
-0.14945478907457319,0.2783607193612641
-0.14839898481502414,0.27623179062608894
-0.14702051248053655,0.28230310156745636
-0.1356826317143418,0.2752567986282817
-0.14784324332929907,0.278914261799812
-0.14989970217859688,0.2820208898544488
-0.1596086971508498,0.2816491589294612
-0.13819413632975677,0.276036395864089
-0.14193226590277663,0.28531716960995007
-0.15151365573640824,0.2791680009130056
-0.14950310320306956,0.2755163412634499
-0.15275795647032078,0.2760616535781938
-0.14112970919949744,0.28123862587999204
-0.1477866019028674,0.26617672957897853
-0.14906704239686938,0.2733998838841829
-0.15476482246830642,0.28269344752011566
-0.15314946482845096,0.27148853650149246
-0.15597379765943886,0.27590337509758783
-0.15325899012826016,0.268700131343955
-0.1441938403036887,0.265557739387712
-0.15069749235183644,0.28124960752302924
-0.1485568845274433,0.28526065174644893
-0.1453680837403607,0.27848731423042916
-0.1488083494967884,0.27422851580687896
-0.15146431501652174,0.2844052253255001
-0.15644656443178626,0.27755787676076105
-0.13794529356002502,0.27361226398733696
-0.1450271943334197,0.27745683236487606
-0.15261288389620492,0.2796563211101915
-0.15352320916323647,0.28215257192144244
-0.142691209026627,0.2714226705184859
-0.1641756523794219,0.27596896267755217
-0.15702532799117094,0.27579383540188174
-0.15041097802524206,0.26880560610862353
-0.14894454945554159,0.2802477584863169
-0.14415549591786947,0.27257887455137036
-0.14408259061240164,0.2747360728719032
-0.15230527277922237,0.2804352285671248
-0.1453848277265887,0.27821368520607165
-0.15077426567304741,0.27239515012864024
-0.15085831636658753,0.27626154467389824
-0.15551320866195656,0.2791904624883382
-0.14559338713266465,0.2805483849003441
-0.15389366106606459,0.2714718246383313
-0.1463191775132897,0.27307941138276753
-0.14825721955381246,0.27814221656961824
-0.1469725673284219,0.2763674311540747
-0.15804538914667654,0.27224601515650965
-0.160044987610819,0.2725977802190991
-0.15309036611668186,0.27837774198694454
-0.14827027909539764,0.2807046548050869
-0.14635396556604174,0.27340402678081427
-0.14088943481150237,0.278873320417831
-0.1610750121158419,0.2736463204025342
-0.15266811748655354,0.2781705816018654
-0.14871757060406482,0.2799669718591588
-0.14948389072603954,0.274399876695874
-0.1471034131211562,0.2736132428848041
-0.15133356194439243,0.27148003154513495
-0.15105748833469881,0.2707883561879681
-0.15055609303464595,0.2714928249811327
-0.15622624295482918,0.28303288330562254
-0.15416673690606122,0.2627052492836608
-0.1500344306827244,0.272512275099532
-0.15348660362695174,0.2797360076344982
-0.1461154929517144,0.28041697331728493
-0.1505362801256546,0.26596310380251337
-0.15927678067640988,0.27173837734324957
-0.1401900107625297,0.2663028876569368
-0.14727581262917086,0.27348766624966436
-0.1501779206535028,0.27288625326385346
-0.14892983796714346,0.2754646966903861
-0.15403477041839703,0.2826377426611386
-0.14642652120379726,0.27893000767570963
-0.14655845303167167,0.27923868127616547
-0.13107249183530878,0.2826395717374701
-0.1521705452711366,0.27575439109119737
-0.16172887826236904,0.2785178884391405
-0.15680471396956133,0.27156562359895375
-0.14910379082805525,0.27284146698387285
-0.15828935255483847,0.2725259454110975
-0.15852003415680432,0.2678090470541532
-0.15058401930449095,0.26935319922620193
-0.15683175294858895,0.2766796710988508
-0.1376641883985389,0.27648010697491004
-0.15892630603830193,0.27495770721001933
-0.1565630214660375,0.27000644512804783
-0.13863736446615127,0.2690729566887853
-0.15752515459683786,0.2758626949879617
-0.15574902827528647,0.2693408623326926
-0.15952585585760115,0.2726791626459116
-0.15090394746989413,0.2758108682820423
-0.1480190586179225,0.27815824733761146
-0.14309741222864697,0.2831769260033785
-0.15927653597464306,0.28457071228012526
-0.15365263007342544,0.2774692776759585
-0.14625314632377717,0.26492142653182466
-0.1604661659041902,0.2741658846887063
-0.1436131313608539,0.28168885432267526
-0.14982870778857632,0.2831839556075073
-0.15637795804595478,0.2782472531206139
-0.15827036452351517,0.27940897886764626
-0.14348538058635732,0.27281974009970267
-0.15751346089563611,0.27921277605730094
-0.1621019123095359,0.27176718679546386
-0.1524438136763726,0.2720675864453581
-0.15501941723813886,0.27693387834606065
-0.14970588045641214,0.2794081819975204
-0.1434241174204058,0.2716387523762729
-0.14888372376473782,0.2756362098190446
-0.14845161176796876,0.2809751014333708
-0.15320084561377068,0.267288432782375
-0.14380064894777983,0.2804932488950206
-0.15417067226757686,0.2775166632074402
-0.1512044586147424,0.2684891229186232
-0.16213067678750917,0.2708301581450743
-0.15507483919026493,0.264362560469345
-0.1517896739881385,0.2700020211577615
-0.15096458330706422,0.27024084688771965
-0.15031646427026665,0.2765622378847112
-0.14461227534878868,0.26995714130888365
-0.14396784981282107,0.28287207605491815
-0.156347259436806,0.27873788854271997
-0.1491722480392513,0.2740156237117004
-0.14945870459503421,0.267097904861744
-0.15854255265027167,0.27967564992566785
-0.15060838521769954,0.2846969454432173
-0.1533360440911733,0.26649029497475074
-0.1543395683862714,0.28396376264336526
-0.14593108757456139,0.274086657610705
-0.1544475645943421,0.2709267968297526
-0.15659187408893255,0.2738372622771003
-0.14519391224945052,0.27861338824814086
-0.14394055553001003,0.27680170921493386
-0.15602757066214729,0.28336623854822246
-0.15103171235680266,0.27165883574823096
-0.1503015938253316,0.275429748945588
-0.14919937945217251,0.2737325496234728
-0.14844900482794213,0.2793812147180459
-0.14999180547198887,0.28275417678848924
-0.15146252582556793,0.274422330296298
-0.15308427969639352,0.27571309594006976
-0.15067220185388816,0.26903933595349205
-0.14685984571146124,0.27457051985306424
-0.15476201748856078,0.2724875228433764
-0.1472585307377249,0.2756674730568823
-0.14871114627761997,0.2691545839709025
-0.15690263958826578,0.26927147777530275
-0.15332432730778994,0.27109998710537897
-0.15128587416568723,0.27038396370889173
-0.1522961028655984,0.2821254404507634
-0.16239757377710512,0.27488403371469294
-0.14837174883170534,0.27724487942040543
-0.1548950847375106,0.2797170484045301
-0.15455947175252088,0.27294103558463917
-0.14671899887587678,0.2760874636856742
-0.15608868715400698,0.2773737505577471
-0.14897220280415166,0.277126651316897
-0.15034233357404583,0.2690513376526222
-0.1532325287038608,0.27584743394222366
-0.1484171247825655,0.2732411106705053
-0.15773993197577113,0.26704753742014464
-0.15844269471437275,0.2677487937009093
-0.1603750385047055,0.26619309895399534
-0.15201021860844086,0.27515513167285827
-0.15325046588948077,0.2694527073064301
-0.15039211985640008,0.27272900359449836
-0.1530862930709982,0.26747663058452464
-0.15290414237373767,0.26784501607977956
-0.1521290038355201,0.2703230037370571
-0.15286657930960706,0.26968298153695375
-0.1595901344911002,0.270964096323426
-0.1570709026638897,0.27279660650771304
-0.15495009467645202,0.27558003202067594
-0.15213070178305707,0.28313529866281256
-0.14405246419874218,0.2717713837632166
-0.15158927822051385,0.2759891728609101
-0.14524964576469,0.27993409415141574
-0.15469432456284837,0.2768655326013361
-0.15576422748470029,0.2738341815989879
-0.14548476846982175,0.2756053450421473
-0.15259903626627458,0.2643388118266576
-0.1588046967306557,0.2715243471701328
-0.148109564951825,0.2696868212887349
-0.1503288315815512,0.26979553117641375
-0.14739819412145724,0.2763008842364465
-0.15929016679620617,0.28163495942110156
-0.1506868284749991,0.2682865331277417
-0.15355297134749385,0.2745975461323946
-0.1506375076626822,0.27654195861147723
-0.1521031865109563,0.2708717177376654
-0.15821423477983432,0.2719045251033142
-0.15140092414602635,0.26444813112255805
-0.15890891400571167,0.2684735429473275
-0.15371446383538626,0.2673271751118723
-0.1669722616783246,0.27291820288793467
-0.15917179696101652,0.2646603997732231
-0.15781333954696442,0.2669910613739908
-0.1555897257497685,0.2719134956772863
-0.14662169758930066,0.2650325710056967
-0.1417722389132513,0.27647683592821903
-0.16113805456181363,0.2787889710509889
-0.15439325875058593,0.27082425137182925
-0.1458830662758385,0.27152383697348786
-0.14920954807588707,0.265591508906452
-0.16078218659856094,0.2648102061429485
-0.1570772160034902,0.2778582462661664
-0.15561730101431462,0.26076972028341433
-0.1585267365262978,0.2731648368152902
-0.15354649913509424,0.28063730982080876
-0.14540770097374447,0.27556792043291173
-0.15070743899525021,0.2772665395952901
-0.1474083041276843,0.27326539891828433
-0.14726704898989842,0.2825832736439231
-0.14906784729031528,0.2770230640460084
-0.1577103107860221,0.28236969119961497
-0.15396534056309275,0.2838494345230214
-0.15220684564616332,0.27367609646659224
-0.1546164702993826,0.27879299563164434
-0.14763903652976107,0.28362125501442975
-0.16167002971664765,0.2650184436774894
-0.15582664837801605,0.27031776758251225
-0.16054891236002558,0.2645365151643579
-0.15565822889408062,0.2736316230007311
-0.1531794958773794,0.28175531836228684
-0.152124886707328,0.28327163651854914
-0.1509655993193752,0.27495016327251487
-0.14794250616572627,0.27960656503493825
-0.1504795969974441,0.270423534012684
-0.1571872039019364,0.2730354581166154
-0.15647793192944856,0.2811150826869468
-0.16020098666641933,0.2692851615926156
-0.14845756122714054,0.2633798652598409
-0.15211237169890388,0.27179248117167204
-0.15428539800031252,0.27488904646345136
-0.1526879174439454,0.2739088574647314
-0.1566192642360666,0.2785450064047287
-0.15600465982837436,0.2698383940853516
-0.15091288122972107,0.26723005795179405
-0.15398453793829986,0.27201672495880097
-0.15014665203337343,0.28510132481620004
-0.1545443824734876,0.2768716308777184
-0.15377281511508947,0.2786385065040325
-0.14918935438937442,0.2718172677586494
-0.156404482586869,0.27174295002369303
-0.1537034526650752,0.2744503376603987
-0.1504515304024848,0.2708331962161467
-0.15747624652618486,0.2747960513930163
-0.160128492980705,0.27467141793248967
-0.16147301702976136,0.2716944053208806
-0.15808803107246946,0.2746307674161919
-0.17707063177500862,0.26788039348803483
-0.15642189055355854,0.26600549799364936
-0.14781887177422706,0.2729218343594702
-0.15419349537306978,0.27001523060941957
-0.14609333449698422,0.285766365776923
-0.14481341786969895,0.27987023587189425
-0.1515896588513631,0.2760491772666542
-0.16007364302984645,0.27647883363786374
-0.15814295190607217,0.27695281820272066
-0.15085374142587302,0.26753896222158224
-0.15270486992013546,0.27126118190361465
-0.1601187987506943,0.2723577706848598
-0.15588980542099562,0.2784391522903808
-0.15179612982059418,0.27381968608247703
-0.15225961732509502,0.2717943696357881
-0.15171639001944193,0.2778526783895597
-0.1513485090080339,0.2624646702654214
-0.1579671406070081,0.26861243509453986
-0.15087868773292684,0.2766776809906037
-0.16454600012895107,0.27114891617295056
-0.15846517070543256,0.2783716833196768
-0.1527761747104873,0.2795183960025442
-0.15085823676377905,0.2767679469001614
-0.139625315808353,0.26993258003697396
-0.15038687550986746,0.2851637791655731
-0.15165679363892418,0.27657588258270394
-0.1544080757983818,0.27886704171580884
-0.14161564187671366,0.27343650562115723
-0.16223871070480606,0.2713203931239527
-0.1585564823470227,0.27147850762788006
-0.155815977268261,0.2800013666057127
-0.15701115856163983,0.27727367832868904
-0.15848945426521208,0.2707812133151503
-0.15318897211432997,0.26936911727101176
-0.1576491201268448,0.26914568971567504
-0.15647799829660491,0.2783586050334356
-0.16259648310074112,0.2722802453028874
-0.15439037933798805,0.2669786962174937
-0.16858412724209276,0.26992794089891314
-0.154850104844143,0.266636045483868
-0.1499337431355922,0.27699218008199233
-0.1545962123061545,0.2716790962753391
-0.1595319953628557,0.2717749018497957
-0.15410264135089344,0.26405360617620244
-0.15627010872513736,0.28319184683338755
-0.15056577021151515,0.28184238259790045
-0.16195683262025096,0.26796205388561933
-0.15854022809054277,0.27594492041319857
-0.15006598160354195,0.2726747136829327
-0.14895710820448607,0.2661985001067671
-0.1498581625197332,0.28113745140642793
-0.15957843777679717,0.27792252209385926
-0.155559066916632,0.2755982024260234
-0.15251592626453334,0.27247057897282617
-0.1561735594304367,0.2767631569589557
-0.1513839840500178,0.2733124505401658
-0.15013077716716705,0.2706981574245239
-0.15124996237993832,0.2723926676433068
-0.15678561170487107,0.26989720199535805
-0.15721996762846713,0.28324328177736874
-0.15722262721852126,0.2704086333149334
-0.14021425202917487,0.26790567946779065
-0.16091310808738493,0.28167206239245907
-0.16534105461304224,0.27105264006618895
-0.15231850194282429,0.2814004012876733
-0.14438196997362285,0.2795085121532383
-0.1498567245858599,0.2693088812454361
-0.1569080314507929,0.27389571242398564
-0.15302547144240775,0.27843424000222305
-0.14457064964628188,0.2790060925886436
-0.1595164816463498,0.26656652191033164
-0.15020152538166603,0.27443142148997574
-0.1557510762233274,0.2720942932225072
-0.15871412824167133,0.27367515559497274
-0.15657311589388892,0.27113144184199434
-0.15208072016789634,0.274403367042547
-0.16094688160700055,0.2755632442309134
-0.15494481249380834,0.26709836814793236
-0.14545481441812702,0.2805988650434449
-0.14818351739365807,0.27034104995615443
-0.16798664804755672,0.2683424377248284
-0.1536754998786722,0.26871383958770073
-0.16204741703801792,0.2635802891631246
-0.15764089168517406,0.2690074077528854
-0.15752759822917597,0.2700528602406682
-0.1538737549524426,0.273133536522993
-0.15320392095024862,0.26779315598908726
-0.15379664723776976,0.2689099435742204
-0.14864314139378035,0.27422974705705033
-0.16537567832762715,0.2735467681330916
-0.15412349221074964,0.28260367549607657
-0.15648663271850669,0.2749915690854715
-0.15523293878528585,0.2824334835889635
-0.15138650783924706,0.2765150912222079
-0.14852245757000587,0.26875485725151843
-0.15496141735118063,0.271276991978202
-0.1574725614933925,0.2751857863421245
-0.1575764148309589,0.2690806789889103
-0.15742993816743855,0.2661524310430376
-0.16909754320184928,0.26358406818868657
-0.1650719676643735,0.2621439332920694
-0.16509144788393457,0.25802223189297735
-0.1543818563363953,0.2653450269207868
-0.15441940160327167,0.2694168636116117
-0.15390660639251913,0.26757357035161
-0.15824611911489944,0.2757795713699688
-0.1613884547911156,0.2609652222232968
-0.15046169405472426,0.2682678986927433
-0.15751198771971928,0.2713051392436938
-0.1549145174547342,0.2705480627342585
-0.1509061171845117,0.2727656082795394
-0.15639130625245626,0.2705654051743823
-0.16252374322110424,0.2670026081398685
-0.15643004896089022,0.2622782673994459
-0.15889846702399865,0.26923709410583124
-0.1573467544062527,0.2611470173631538
-0.1589305468610867,0.26669241673276417
-0.15970551642452602,0.2719547344322047
-0.15242591762948196,0.26805974669043586
-0.1557985844103123,0.2659603960900925
-0.1600952832517641,0.2746987617215388
-0.15534391037901663,0.2743981989373924
-0.15982525449524476,0.27039346302015893
-0.1540367266093247,0.2765646791893006
-0.1471254986318201,0.2738214602752584
-0.16162847753061516,0.27659064679754247
-0.16026996886535963,0.2658531658122054
-0.15215591330494832,0.26099757404998836
-0.16131536307334418,0.26777987035692746
-0.15895729522751312,0.27324891901862775
-0.1596821661535343,0.26746861064682104
-0.1512778876373953,0.2645565980324064
-0.16395553180606323,0.26735270202647676
-0.15247447413889204,0.2666535855525557
-0.15886947922300335,0.2755044992504205
-0.15656472315662623,0.28209563905734947
-0.14528976043734998,0.27462014062923173
-0.1499306408795069,0.26895345284647193
-0.15461625025317347,0.26604984216757216
-0.1575724176729572,0.26785725087636103
-0.1647365765204952,0.2680332302180069
-0.15862266075664982,0.26596987221559865
-0.15289391668811902,0.2759878106586871
-0.15836890973562262,0.27923190831299577
-0.14376051733967776,0.27488575442469215
-0.1677777693866866,0.270243510211337
-0.1535079576926329,0.2694121947018671
-0.1522735572859754,0.2789039611345137
-0.15964170911915118,0.27334302904453844
-0.15795586881484563,0.2700271932389266
-0.16570492077797325,0.2644655498941807
-0.1554648298957291,0.27802766087886843
-0.1542612496686783,0.2700707240059273
-0.16488196905713742,0.26703318793798664
-0.16082060146062346,0.27438347759126797
-0.16284041042734199,0.27342094694678903
-0.1560923631907842,0.27236533391007145
-0.16526851022192915,0.26851401009555914
-0.16860890676554513,0.265979216657886
-0.1609634406591341,0.2702102623606618
-0.15189832981530793,0.2705522624702827
-0.1612474117858764,0.27045146189216646
-0.15604952768607488,0.26196076605927976
-0.1583821203624617,0.27490646641193217
-0.1639503565421151,0.27352086188355723
-0.14943263391443518,0.275908702473501
-0.1564464811289049,0.2698483208069468
-0.16509916291319832,0.2711117490819891
-0.15091641478021625,0.26866905797048407
-0.16198836385837273,0.2677895709238608
-0.15163193820312215,0.26859940565381657
-0.15421362170036182,0.2709229168527487
-0.17205626153716808,0.27391717319654735
-0.16236493823373532,0.2625882156892504
-0.16357109868344322,0.2646190152761997
-0.1555064752268508,0.26829053000789377
-0.1641901439501272,0.2760325434436557
-0.1602669348568153,0.2723743436340565
-0.1589901186820965,0.2730573006964592
-0.15732063373821334,0.269909372346048
-0.15209216392037883,0.2686229190903496
-0.15608331402831152,0.27548796067530323
-0.15663844445157957,0.26876717352268686
-0.15351591410697776,0.2752611618954268
-0.1647379338261048,0.27050058562426565
-0.15377206719320274,0.2671915042573812
-0.16370095011199456,0.2663242713048577
-0.1448693917512092,0.2677653064432024
-0.16586317568243833,0.2724559691537061
-0.15668094402922064,0.26916335920257506
-0.15971222137437727,0.2636145698068729
-0.16210722879530348,0.280256435483156
-0.14969329157417566,0.27247696765123514
-0.1581448115743776,0.2705450187730901
-0.15293296602382456,0.2691526369938092
-0.16060491854630307,0.270565566596868
-0.15643274397775359,0.2757838144432493
-0.1566919416110604,0.26762545715319025
-0.16457969382408455,0.2676744126398027
-0.1625269202588225,0.26834081218867556
-0.15467794017661043,0.271877409148086
-0.16212582701020464,0.26725110880519815
-0.15932091101113383,0.26969010509242736
-0.16375346691468118,0.26456845319598676
-0.1567122800925855,0.26712045817502067
-0.16225784503659327,0.26768991668930014
-0.15934418385121235,0.26749469573173307
-0.1535050472304223,0.270540623151457
-0.15783499876955964,0.26818249507259445
-0.15884199990231407,0.25998996309649486
-0.15769882907739993,0.27416013513417253
-0.16129294363085625,0.2790576494991873
-0.15726371232687936,0.27776410196398776
-0.15177303145250715,0.2665279134941339
-0.16301710856728058,0.2642650859182416
-0.1579852971975085,0.2654377172625635
-0.160510980739708,0.2693269795941995
-0.1549979521959977,0.2739324573328962
-0.17330782049838234,0.26967787364534906
-0.15586231183244953,0.26676307659226356
-0.1633509994783374,0.2615172158555084
-0.1585491266609589,0.26997535858622695
-0.1591641899776499,0.26415247221961413
-0.15520443191936342,0.2646138436555477
-0.16576276583307548,0.25909420815312767
-0.1593368466099049,0.2649786112631247
-0.16595680696687956,0.26735071069620614
-0.1661233674707057,0.2660118491589561
-0.16245672405140218,0.27352667125463564
-0.1574819283883264,0.2633134343638156
-0.15438101433272097,0.2782077471191182
-0.1512937205590355,0.27454942053796466
-0.1565786757862109,0.2631556762122586
-0.16039824672357142,0.2744299081944702
-0.16108228889112153,0.26762608308866376
-0.15891402018820705,0.263167151745501
-0.16140456995599198,0.2611978373829883
-0.16562075302087645,0.25370851484423446
-0.168631608878829,0.2635148015934697
-0.16156182492731488,0.25891991212998955
-0.1653262447096692,0.2668543088379062
-0.16186705866869222,0.2706045837064807
-0.1624346163216293,0.2701080209681734
-0.15734395499089157,0.2648400982490988
-0.1618541096226038,0.2689536745782162
-0.16321011480962627,0.2662368582624615
-0.16112952700249203,0.27378515519131125
-0.15784637106181862,0.25899864491319213
-0.158431197254031,0.27189409564100664
-0.1669913876791985,0.2723497457645156
-0.159734138796037,0.27095287944554447
-0.15725021543622222,0.26718877657716217
-0.1544741204132083,0.2675115067877197
-0.16884783219739594,0.26446142586646326
-0.1653745380665579,0.2687995248270862
-0.16100617126699757,0.2589475506327512
-0.15543569290727427,0.2692242547691513
-0.1657668971599798,0.26927754283319305
-0.1566212892910377,0.2790982467168292
-0.1676575397137173,0.26713522475427326
-0.1529027777017914,0.26305852689264086
-0.16263640045147165,0.2734738722942687
-0.1449604431604134,0.269084571697085
-0.15459754403120174,0.27683877824398595
-0.1637886605854845,0.27307762651710304
-0.17009700515510248,0.2741117030855721
-0.1542074803072695,0.26371546328159035
-0.15821466988319255,0.2813628333718973
-0.16738813736935465,0.2617201616617759
-0.1571562663280832,0.26618735821628703
-0.15673781493507227,0.2704981604618985
-0.15606357994430284,0.2628749889387154
-0.16418457256829633,0.2692246084031917
-0.1619100661509006,0.26521920248451186
-0.15791651147110825,0.2625726818032058
-0.1594226909524753,0.2669895491833173
-0.16644513036065142,0.26459803202284743
-0.1496300068659431,0.269408883569647
-0.16232597181381067,0.28027729805093865
-0.1654140985578685,0.27498513224478366
-0.1604892481376991,0.2698797133656711
-0.15943503907683196,0.2660049402799771
-0.1509442977348653,0.269297806085246
-0.16146834444368444,0.2693662654606901
-0.1598898814123521,0.2635582024150539
-0.1626762722777589,0.26989545443807944
-0.16050624395427224,0.26274328222611015
-0.15968029041239257,0.26751470527683324
-0.15644037947525558,0.2664671933773804
-0.1637041563134095,0.2720941882589486
-0.15942448643594753,0.27246124470185873
-0.16132535733190548,0.2666859885794057
-0.17430846697212776,0.26083067930494913
-0.15909417510654764,0.26917319160376696
-0.16574644698877425,0.271452214624489
-0.1589583533743387,0.27278974209819895
-0.15806192041386533,0.26865918391653476
-0.16043665264125578,0.2716193023746003
-0.16580882671932703,0.26102950410217296
-0.16036448674908435,0.25510127123462956
-0.15971331597205163,0.2621770301599241
-0.16177144048241207,0.2652173228752903
-0.152689110400346,0.2577688493788734
-0.15816349568923302,0.26728366786636826
-0.16452255070715519,0.2667247046189788
-0.15588139140322774,0.26270663740207106
-0.16286059946857157,0.265283191502964
-0.16747466330082209,0.26326753279845994
-0.17265109730415876,0.25850068183183894
-0.16128930828813828,0.2629474091289506
-0.1571825513772894,0.25986059326714045
-0.1595971987141924,0.2675975701945976
-0.16488180128661584,0.26235236160800957
-0.1651658506868452,0.26251083276103254
-0.17125182120105317,0.2613317834746955
-0.1625396524323916,0.26758684442743896
-0.15870149347779255,0.2645344686738047
-0.1568320411756157,0.2614436853477055
-0.1660133929330042,0.2641551004583833
-0.16776610716269869,0.2640845747565395
-0.1594727337457969,0.26934402005911906
-0.15542178373359772,0.27234329920667655
-0.15573969913011598,0.2755394865828635
-0.16882319485162725,0.2657997902062173
-0.1667174103565779,0.2624755956348765
-0.15645853309833502,0.2734488341919899
-0.16824239376795955,0.26120293895153734
-0.16027435477390678,0.26668626561521397
-0.16001200432177423,0.2601018848672612
-0.16345654574976545,0.2589224541468148
-0.15837066918066794,0.2678021656634173
-0.15822456986937086,0.2649077174966879
-0.15668455150584842,0.2752861701268772
-0.15257107980698176,0.2701867961956778
-0.16644839922564242,0.26883331901010665
-0.15227105983801745,0.27399066919520176
-0.1656709211102682,0.2631555629209386
-0.16651312722597178,0.26872709444517295
-0.15782459713260158,0.266626063556413
-0.16369017288579765,0.2740229053570494
-0.1646579559563206,0.26169225041748406
-0.16105810179297542,0.2631697722275831
-0.1680374763815648,0.2580620312270904
-0.15495147528077682,0.2569753133321643
-0.16727405437361906,0.2485175317185791
-0.16237462558934884,0.26059029957321006
-0.16269585770787742,0.2582707775547528
-0.1674242275043059,0.2592149447103382
-0.14705403985926518,0.2703322767580974
-0.16990915217177038,0.2711553045337651
-0.17001752525719624,0.263419143896963
-0.1686567486967094,0.26987295839650455
-0.17512236260610473,0.25653360148976034
-0.16532007073783087,0.2517436701173813
-0.1595018590638292,0.2652085122756731
-0.16250750344922194,0.2632199069267231
-0.15386818970229887,0.2656858430680806
-0.16552783605992444,0.26626072263110095
-0.15491488243377152,0.26638764250373687
-0.16871639932559426,0.2796670987456374
-0.16573427113613842,0.26438403449618864
-0.1523492708938116,0.26763016329746936
-0.16464611608133406,0.26280749071375825
-0.16495293209980422,0.2697254191792481
-0.15733588705525026,0.26704033672227967
-0.1542180258359553,0.26345010642888045
-0.16700716849638358,0.2737307302656458
-0.16262131776546554,0.273412566664256
-0.16611718592725827,0.27381286250429127
-0.15714866584126025,0.2631727237665399
-0.16432110545897893,0.27322528772625154
-0.15822421478655624,0.27153701808650527
-0.1668010594242214,0.26415533789175144
-0.1620014317895383,0.2671612282076021
-0.1596495656783005,0.2634985370781331
-0.1628804362856474,0.2732738325780326
-0.16832774549885535,0.2591117565693663
-0.1652050694629873,0.253888597305273
-0.1714345216246497,0.26007247723019705
-0.16371970720904622,0.2520691219457868
-0.17402738857277728,0.25641497846870487
-0.16023043390358283,0.26412009311205825
-0.15679382183737572,0.2621328964671019
-0.1696695494550162,0.26885090452745647
-0.16531035930130464,0.26585561120524515
-0.16557094413148804,0.24825940301407187
-0.16200828168640438,0.2611499177662463
-0.17114842693282456,0.25997287276701503
-0.16348312633425566,0.2680486217082231
-0.16639326651085848,0.26147711550088903
-0.16337683169022557,0.26349537917142063
-0.16611853464369913,0.2640620232155843
-0.1686680946958733,0.2652095796271644
-0.1583811508237702,0.2685675506894215
-0.17060992030884986,0.2726573908050094
-0.1652328097298415,0.272545961012945
-0.15507823424460399,0.2718548471156112
-0.16055002722030856,0.27801594793246137
-0.15729772280282842,0.26735010168990636
-0.16941882503761424,0.27722666520183453
-0.16126834841800364,0.26336809957322166
-0.15955906322753544,0.25830017597086896
-0.15304390771892765,0.2695742965099562
-0.1639507276993462,0.2653005374863838
-0.16111900952480795,0.26632983621305484
-0.16390359523722095,0.2612509579892206
-0.16076815263461736,0.26839574152007045
-0.16818920303462664,0.2797024701069302
-0.1628636051231554,0.2630454433172032
-0.16157776770245116,0.2614667956788968
-0.16549940709013708,0.2640451582882097
-0.16613202895164356,0.2697654080938482
-0.1663629529573632,0.2680989663981655
-0.16331271678759862,0.2593098540532779
-0.16846629682661543,0.2607942572157994
-0.1587131408475457,0.27093513748903253
-0.16258812303206877,0.26910447212050437
-0.15988899245282157,0.26105041175610744
-0.16926386193801166,0.265083876852352
-0.16544548053900227,0.2647203061082983
-0.16494564592545216,0.2706400910462341
-0.1567990271906907,0.2722406997226759
-0.16754880933432573,0.2674754730132028
-0.16075306564395053,0.2567839756170289
-0.1742786421658594,0.24631515783794153
-0.17018702716219633,0.26391112323281357
-0.16719089843874363,0.26197104110520447
-0.15904066118650617,0.2656817385669791
-0.15613605391592184,0.266845181962782
-0.16194108524209083,0.26497419718969834
-0.1593450345179812,0.27192498860280906
-0.16331274978150323,0.2532162959666534
-0.16825163363248796,0.2678343596666963
-0.1638728051952896,0.2597332464642541
-0.15852605612892476,0.2631116438518729
-0.16494742643276067,0.26590034159276793
-0.17633020269597374,0.2721461326021103
-0.1649665915833533,0.2669988858178517
-0.15972507752096823,0.26627685574504156
-0.1674330961060781,0.26934198000863246
-0.16091191633813387,0.2697501341909794
-0.17012234678174698,0.267550684068792
-0.16512626108563394,0.2626213264110718
-0.16834507793610945,0.253900421657363
-0.16222574284044286,0.2744838770452812
-0.16870180190733178,0.2553740490548006
-0.16151388834928024,0.2636779000132727
-0.162647236803807,0.26268343410918854
-0.16275189616569866,0.27246059849023974
-0.1696859640763705,0.27046674847368257
-0.16949759288431784,0.26615723813327435
-0.16504217356196052,0.2622437656769138
-0.16729900629150932,0.26300592811069873
-0.16679400186404758,0.2646641039826138
-0.16884544108586405,0.26949247703164275
-0.17161907741360374,0.2555925901419477
-0.1667524907463929,0.2653768130020378
-0.16624844781451867,0.26138872273957575
-0.1614139822330465,0.259650534347629
-0.16643517884399125,0.2628039128811698
-0.16784082743536666,0.271747378121857
-0.1732870598271166,0.27078777333746956
-0.15837588619073956,0.26814920436070744
-0.1683244791645846,0.26820969811838546
-0.17364544286480363,0.26078134848245604
-0.16836115974948043,0.2577600176883101
-0.15972020911035262,0.2558736120656478
-0.1627713820738325,0.2732007995697852
-0.16719249144080567,0.26150044787870014
-0.15989032941128395,0.2621264819540764
-0.1666443783979559,0.26098408166003634
-0.16212991503196425,0.26223349784727196
-0.16229470546993957,0.2637912647701387
-0.1594286406016496,0.2682775514661254
-0.17434567938138623,0.2667830455064184
-0.15969475672467176,0.2620973998545832
-0.1602074956469535,0.2689124871514148
-0.1746967683010374,0.2601828102735271
-0.1667382029960261,0.2657026548131738
-0.17054930384693706,0.2544452518837771
-0.16866128934813818,0.2546843564477947
-0.16756793333849018,0.2715189062483676
-0.1768254154541119,0.2527460470523773
-0.15697174400212824,0.26361094930927836
-0.16374220346556925,0.2630209308737424
-0.1655660485319861,0.2659668983750101
-0.16357551660247432,0.26070408835648334
-0.16079023490770558,0.26488228381808715
-0.16917694610284945,0.25656405904377527
-0.1663649310759985,0.26576299585031526
-0.1677988206108625,0.27477794288056906
-0.16872103490223028,0.2633408096434518
-0.16672893153093765,0.25861111159160155
-0.17118229587868203,0.2585548032804412
-0.1586762337584457,0.2600827386973564
-0.16866916885974712,0.2606989115118028
-0.16923325862916125,0.2558385815741374
-0.17434621572589956,0.26841095944552223
-0.16458124925912934,0.2648132615676312
-0.16840258618007464,0.2597565137636937
-0.16277466576889094,0.26049271755170494
-0.17261291072169294,0.2583709470019892
-0.1717061894690226,0.26347533429897013
-0.1724488287649262,0.2539108648941414
-0.16752858689122274,0.2613853779634261
-0.16422836515418524,0.2631032069375059
-0.17994129861307578,0.25885642852349783
-0.16259511455276462,0.2545450154942065
-0.16437009872233854,0.2603223462252927
-0.161932828173591,0.25981749778031293
-0.1639765671922017,0.2500094417202068
-0.17209790707364236,0.2596845990344055
-0.15723316385391362,0.26380169759288347
-0.16499513752227984,0.26336465956617194
-0.16885237106071044,0.26397086488318355
-0.16509980185794637,0.269229681654421
-0.16745138689534286,0.267507991427783
-0.16618729491663894,0.26274138103848976
-0.16848750099276785,0.26618360958625487
-0.16269872321560772,0.2553150059612858
-0.1644430210548342,0.2571037058872375
-0.15527445356442215,0.2710001717667221
-0.17745060568740023,0.25628101614435184
-0.16264575363115769,0.2640747144863755
-0.16729272301750742,0.2588217184094749
-0.18472174681884296,0.25287654442534246
-0.17276207493770263,0.25661949272656676
-0.1644764925145559,0.2635957483534009
-0.17134164025299353,0.2562332662803984
-0.17677333481427923,0.2561740196067856
-0.16340485049301556,0.25725548698974826
-0.16494490953544205,0.2571060694093699
-0.1645405777055702,0.2582422743939011
-0.16233325307327354,0.25656532385495595
-0.16589970320477093,0.26176109926226304
-0.1686550199035251,0.26661213493018016
-0.1757358637951334,0.26323326885943793
-0.16560840268372262,0.25678915384368967
-0.16278749184973373,0.2681267018756902
-0.16831717545118466,0.25669326621645144
-0.1611318092227552,0.26630344336984696
-0.16105307726105142,0.2656039329263251
-0.15981878462437832,0.25986011986117086
-0.16717142274333655,0.26881299159472116
-0.16668475616123746,0.26156431351211235
-0.169078290512875,0.26417454426116216
-0.16276384168246566,0.26566061758804904
-0.17861073151287854,0.2653978401824617
-0.1675595706302112,0.2677698208603247
-0.15612813047269652,0.26359216339170366
-0.16696934636235933,0.2663106671824908
-0.17535467615790365,0.26723636823981317
-0.16786961744624926,0.25831105325822706
-0.16733163494280742,0.26031249590600614
-0.16879040521799446,0.26909342506124767
-0.15630246102488718,0.2662299253322543
-0.15480430472918813,0.271062653769249
-0.17284067989341317,0.26880609295795127
-0.16834107253076264,0.252699072274984
-0.16993699713645102,0.2654864901274924
-0.17307663091187164,0.26767824093682074
-0.16466112079102854,0.25985772189681106
-0.164384556527924,0.2577569481126692
-0.16993797351443884,0.27141066196966296
-0.1748138310745373,0.2524675330340957
-0.17158607368828158,0.25909802737664595
-0.162996096168825,0.25538824518499004
-0.163422850263948,0.2585567182234723
-0.17677469430620069,0.26310443542340173
-0.1668356014138468,0.26205238684044974
-0.1665145752800745,0.26035384554106616
-0.17118859581207752,0.25520856406923725
-0.16256441597943802,0.2623823983674398
-0.1611558812937766,0.2580546181578664
-0.16859790189809887,0.25794783644120506
-0.16385058255036633,0.26305853024964543
-0.16613035459159986,0.25850164653541324
-0.15826855791756353,0.26748095124707727
-0.1678834074095028,0.2564877785818782
-0.16564264287803765,0.26098749386871783
-0.17520540526195885,0.2655304307728553
-0.16683412232769865,0.2539378930003367
-0.16457198155856195,0.2572115168761408
-0.1716302275640373,0.26581143296631093
-0.1676760122790822,0.2686480248054151
-0.1748329996003827,0.265442384244116
-0.16241686637082833,0.26671971520861143
-0.16084355559235372,0.2569486593831339
-0.16663852502817908,0.252643827759234
-0.1634616813642655,0.27264588784296323
-0.16663800568060078,0.2636833193705077
-0.16175130325702422,0.26944178867106555
-0.16324048945261682,0.2645099312331391
-0.17441822962011122,0.2651977140510357
-0.1650810121917116,0.25593940332048076
-0.16008652440713736,0.25842723120782013
-0.1686431608301892,0.2660917764347342
-0.16897035110366784,0.26645779097665384
-0.1727255487016617,0.25245691459042574
-0.1666167203981143,0.26711611970497307
-0.16970894908700274,0.2564292117171438
-0.17905825077869353,0.2608352948633327
-0.1681370666158551,0.2474190640269392
-0.17475753914843287,0.2645653956682269
-0.1676201901376107,0.26739999888110183
-0.1703969224079879,0.26456430985722396
-0.16465083306033246,0.2661525441513039
-0.16010856150216293,0.2589424201590662
-0.16539029361593818,0.2612720285566658
-0.17142400614056066,0.26429061711310303
-0.15201579192356743,0.2553014393442609
-0.17483783733253183,0.2639501300248277
-0.17060866712006476,0.26698272155353486
-0.16367318521261315,0.2675075439777585
-0.16744054671979686,0.2716925358663342
-0.16732105045143422,0.27270055679384225
-0.16890380789537676,0.2528002993195524
-0.16663059746877892,0.26084040637071515
-0.1676132640610718,0.26534218312913127
-0.16194185071658307,0.2541981288494554
-0.15601476686241325,0.2604377623274666
-0.16946952707668345,0.2619212253457329
-0.16312752939935132,0.263352611630912
-0.17215008991466538,0.2685328820718819
-0.16195627834380197,0.27117294171857736
-0.16551451277496096,0.26354235515938773
-0.17340408796678142,0.2623694883520337
-0.1606943509920693,0.2600373849242603
-0.16005800992057895,0.2603504369501727
-0.16542617354068767,0.2593107770550336
-0.1674613199461308,0.25917511948166383
-0.1638903350473151,0.2580785943920751
-0.1668154329988678,0.25979755622371553
-0.17015082132319967,0.2571537233294003
-0.1682620160342276,0.2595198479159213
-0.17121682279264316,0.2630305677779618
-0.17044373884918027,0.26376890014880183
-0.15551087055482787,0.2606939630762265
-0.16429348029162205,0.27485235031749095
-0.1684030120477379,0.2564767255079479
-0.1643089746790313,0.26089832910696736
-0.18169775039875402,0.25566173291396965
-0.16738073670739476,0.25951058771528196
-0.16997933654371775,0.26766702727476466
-0.17040117387146467,0.2643280617383286
-0.1712748026297581,0.26304413767358786
-0.16263801502604425,0.26449735433081034
-0.17265885786034135,0.26685174473779805
-0.15421620839208794,0.26181463146162554
-0.17324494496497608,0.2638035160112679
-0.16728476724656874,0.2595599355439677
-0.1628658531838583,0.2657055149943724
-0.16962105486171258,0.26262136472474357
-0.17310813633171163,0.2578370871037001
-0.16634489601028465,0.2511616994135653
-0.1630325149992375,0.2610975688094038
-0.16829743699043642,0.2644352158887643
-0.1595278116193937,0.26077351163209683
-0.15992516783475816,0.260705585956394
-0.17498731640652898,0.27006839883641026
-0.1777761077216101,0.255644267594541
-0.18175525745772,0.2586986340723624
-0.16537709831055464,0.27313585854993605
-0.165098933926842,0.2647825259139262
-0.16182273139026332,0.26059171756233795
-0.16893042565381253,0.2551140134685074
-0.17460961766979352,0.258893595820986
-0.16720741610425083,0.26030652106035645
-0.17686331845117803,0.26494556385398615
-0.1802309964491191,0.26167567022985977
-0.16290290122880038,0.2583030253863211
-0.16583743065515724,0.26464205985021844
-0.16916527775329337,0.2574634232462839
-0.1705180842475093,0.2605187363601224
-0.16928598228716957,0.25944145727943335
-0.17869573987430562,0.26227650902920047
-0.16709970438988855,0.2633545982586813
-0.16117444980172663,0.25813624182440287
-0.17323408188565703,0.2621799735302778
-0.1687734143578285,0.26994777171015283
-0.16560861236264146,0.26780164122223454
-0.17775872881658672,0.2581641558256399
-0.1533015722708485,0.26101248636968516
-0.1732233713967569,0.25898191952208965
-0.16275394318548134,0.2698711455801978
-0.1739111228846959,0.25600433623669255
-0.16338299128485273,0.2590796251865483
-0.16759561191673308,0.2632093157761667
-0.17011238032753961,0.27047439922643024
-0.16746827251939453,0.2625360127044357
-0.1646486050708736,0.26491544156351776
-0.16930393367477228,0.2646799320091492
-0.16270932187602094,0.2617990891888705
-0.16168789518777518,0.26536108725209767
-0.16901994810071866,0.26551346005468535
-0.17658088910412542,0.25798596415216374
-0.16702372050440825,0.2561085673329288
-0.15826250984837534,0.261452599394811
-0.17136332371910148,0.26203057273202957
-0.16917217974158658,0.2587687915033757
-0.17011470750902696,0.25375854903371053
-0.1674596613102287,0.27497642841354564
-0.16287752096092095,0.26657245306845484
-0.173910929819016,0.2661122128865479
-0.17005504882157035,0.2738064353408255
-0.17674112146744844,0.26624721124880896
-0.17663133559563432,0.26749269850723717
-0.16905279422264233,0.2648838497095496
-0.16474593779633337,0.2565294131884422
-0.17547535248150004,0.2637150777334595
-0.1668046285936431,0.2587493165846568
-0.16933905082276518,0.2518896976404237
-0.1668843316560906,0.2671419963480416
-0.1755356661309362,0.26604870339232034
-0.16493070594859313,0.2648073506072395
-0.16757646032826864,0.26601500183484644
-0.18072362095271538,0.25753555871347367
-0.17239394118009158,0.26026828677418007
-0.16944471430588906,0.26201743166983454
-0.17311385381356068,0.2626880779979456
-0.166394727089004,0.25843342167882327
-0.16673278221876214,0.25274166269061277
-0.16895864383528478,0.2616867468352659
-0.16998380821937847,0.2602820816239698
-0.1698858880569904,0.2619533585254125
-0.17721055537418418,0.2520955586990823
-0.17337200112132867,0.25294640160388165
-0.17395712911935354,0.25809004911455585
-0.17209658233154376,0.26048258657715473
-0.17510006609083364,0.26023595412736
-0.16755443732706504,0.25141692538940263
-0.17814634606238003,0.26319392968150385
-0.16396544166463323,0.2619901853244912
-0.1715190004008662,0.2596047974379244
-0.17754756499558785,0.25825881913950555
-0.17009291808216193,0.2696880711219712
-0.16489536349031444,0.2646543868892317
-0.15910096961794304,0.256019884050467
-0.16878565366622109,0.2647754318022204
-0.16304511809868394,0.2575859200965759
-0.16813277269240556,0.2615904595324021
-0.1732716891227529,0.25585934602662536
-0.17330666247163243,0.26393521202678466
-0.17438130273827146,0.26126913795183465
-0.16449323905126995,0.2647173961955387
-0.17157051215349942,0.2508904236061455
-0.1792888152589385,0.2635283824787946
-0.17726451176278435,0.2435135465966078
-0.16449116788064427,0.26465756465122436
-0.1765052011371339,0.25704767433975806
-0.1608464678825584,0.25369044765495574
-0.17282015508127335,0.26113347693199884
-0.16834540055445266,0.25772078397166986
-0.1738687917245624,0.26040386512550573
-0.17820219339007037,0.2594844160950434
-0.17044098624856704,0.2590851949777427
-0.17465217768410118,0.25682889596763897
-0.1635256284003953,0.26492226189987184
-0.17054044399107393,0.2622697880803122
-0.17318965854701054,0.24846140638442935
-0.1878398212864802,0.254092783925475
-0.1691763100553788,0.2614383928957135
-0.16462848806079722,0.26418549406590003
-0.17575016716281391,0.25628329224975444
-0.170948106270326,0.2665277721627825
-0.16151713925529093,0.2541280835560051
-0.1690309980292862,0.2594415070875411
-0.17529960945290585,0.2626446397889308
-0.18049003311625805,0.25553428753774826
-0.17447690854523237,0.26506708411572855
-0.16767048514848376,0.2636620310926261
-0.16347018258894938,0.2562640039048743
-0.179563488538972,0.26536522317121647
-0.1610432846818453,0.26927858697026497
-0.17564572412708965,0.26522881616072663
-0.16898752810211373,0.2652635905847543
-0.16767694898996058,0.26141194404307183
-0.1710400117091023,0.2516179274401876
-0.17077593478397965,0.2550331303298103
-0.17397778234033764,0.2504961832168294
-0.17293131783373178,0.2543221568394533
-0.1802401323035098,0.2546558204833454
-0.17669718934863213,0.2579569828390789
-0.168483388547296,0.25695707248007205
-0.16259177110035114,0.26443689258565967
-0.17585226419485486,0.2647389097426911
-0.17694357007929828,0.25339645220868473
-0.1792221277031462,0.2556106638607101
-0.1782833045003151,0.2565307198952325
-0.16971873045792008,0.2515490609033167
-0.1769519217093992,0.26316168655668176
-0.17018992982332942,0.2586136329255872
-0.16988777539709193,0.2542505815836303
-0.16695356970043063,0.26753148243496233
-0.16693314478099855,0.2670209013336233
-0.1535660246562114,0.2596120884779888
-0.17716078849402173,0.2583987894350936
-0.17335524362256594,0.25662220217303294
-0.17637346579436108,0.26000960658529276
-0.17158385121104622,0.2574415740020589
-0.1696323821025911,0.2617043808718344
-0.1793536212883918,0.25147710860975503
-0.17516064111138113,0.24849442557581441
-0.17770428348003459,0.25611657742228483
-0.17391155953325108,0.25731063022783607
-0.17677079178876054,0.23894078752144124
-0.18019762455228006,0.2518063708324308
-0.17497550686724517,0.2522626709285792
-0.17036623922468958,0.2486234576735636
-0.17439774055166357,0.2524072585806938
-0.17930608541934226,0.2600157376414455
-0.17309075467555857,0.2555499118304125
-0.17542822043637457,0.24435063992227118
-0.17143021148104753,0.25849225455037383
-0.1758515715491166,0.25374419919824637
-0.16219165585425277,0.2554462145987938
-0.1755579167326409,0.2550033426075637
-0.17701640304824798,0.25170459713307186
-0.17361491007421664,0.2614372005815242
-0.1673597077106588,0.2616908069010178
-0.17679605971129747,0.2558380516029433
-0.17284590928659138,0.26250660657853875
-0.17665235702427495,0.24678079934453867
-0.1738313198764008,0.25804259714063826
-0.1694095767563428,0.2491430976032763
-0.17269796832557235,0.2576595871871362
-0.18253142967419514,0.2525700512022281
-0.16650187310892176,0.2519764515172225
-0.1720713908691965,0.24837326085552672
-0.16824688900460152,0.2601930142573487
-0.16957459100320912,0.25151451738840136
-0.169592186002465,0.25392596109706866
-0.17478428414584518,0.26177691493168553
-0.17069018217775564,0.25860135549902286
-0.18003298427313622,0.25500239058587865
-0.1740794045584312,0.25839223659676963
-0.1774531923808253,0.2532734161859408
-0.17422985205343894,0.24917361300997273
-0.18123053416847848,0.2554247224422294
-0.17423094417356547,0.2574825806920265
-0.17348716309805143,0.2533831509607597
-0.17708470503009666,0.2509603525596927
-0.164744738369718,0.2525637665538218
-0.17510597238915562,0.252526101108334
-0.1775658158368569,0.2565278663832284
-0.17437718319108536,0.25859896917879177
-0.17438119938105018,0.2553968468561135
-0.17229658810481716,0.2539633313229465
-0.16647605179308264,0.26139117455580246
-0.16300336676608349,0.26228036284112677
-0.1687160056690548,0.26282145447798805
-0.17280494457179393,0.2550248669616713
-0.17317461222744823,0.2675372358564602
-0.16647589131235926,0.2618169760889145
-0.1780879648373667,0.2596571602780553
-0.18134313436320723,0.25817206408137405
-0.17652078276106326,0.24724285217430758
-0.1661127523855485,0.26570298601947084
-0.18385392989431115,0.2541424445386187
-0.173627864624796,0.26377199776433335
-0.1710426202906254,0.26292215042031436
-0.16937794012653984,0.2617207879635787
-0.17362378275572052,0.25788497421330897
-0.17659125143505364,0.27313438415346314
-0.16526937445585776,0.2513411109032011
-0.172534761473571,0.2549083543655169
-0.1814075889590279,0.2596633036724607
-0.18020107380335468,0.25552261915964053
-0.1732083235603769,0.253585611777389
-0.17707533913858897,0.2570450280206032
-0.16845219476460932,0.2554267342050957
-0.1668348769380098,0.2547927490052968
-0.16586484434617704,0.26489863912304734
-0.1796316103602166,0.2592082763783543
-0.17456675458562823,0.26567979808307546
-0.17720458556492127,0.25572180781448856
-0.1739622778190701,0.2543933165525752
-0.18082183317303438,0.26139747378317985
-0.18162231747026522,0.2583180909281758
-0.16987866127274034,0.25180648294471253
-0.17064685368590518,0.2596699066121434
-0.17591022907628173,0.2633295295081886
-0.16485127916261835,0.25554920967429656
-0.18060105265760404,0.25404874705502356
-0.18230731538933692,0.25372242256619854
-0.17608658087983542,0.25229347852399353
-0.17386336474907726,0.2577070291207306
-0.16251295903432275,0.26729310761381336
-0.16462555408756382,0.25820200585292535
-0.17230880500866133,0.25706321152636985
-0.18033958271535702,0.24513981109976168
-0.170477813018141,0.2610373475750322
-0.16919092322449364,0.26027395654204055
-0.16439839878045434,0.24707394137806404
-0.1691085464642127,0.26493673240996474
-0.17526995625824313,0.26326215806096087
-0.17895936540050542,0.2619047844831325
-0.1656413543275895,0.25721366103707954
-0.17395221791897736,0.2493332537243707
-0.1752096232813454,0.2647946065575026
-0.17922444073874866,0.25462178188131657
-0.17712963219244401,0.25085994442088666
-0.18299670108270755,0.25535613785784506
-0.16910578694289014,0.25533237945033055
-0.16974193313951327,0.26340585879533307
-0.1788295146986028,0.25947794730962015
-0.1711567885733602,0.25566080468738134
-0.1763420600894565,0.25486600337820303
-0.17781906126548322,0.2586951293847038
-0.17465187653600728,0.2534359476685468
-0.1738089881699032,0.2553034047679485
-0.18032258763271775,0.26195420551352305
-0.164650889513149,0.2549567124099356
-0.16800925009003512,0.26274353202773787
-0.17462718007802033,0.26578109495497115
-0.16483149388889978,0.256821415129374
-0.17477755163362674,0.2550481392390851
-0.17763835819431437,0.2554871766672
-0.17421322322323934,0.2549563710222452
-0.17433078467435761,0.2651651525124264
-0.17145439174588997,0.26402636714958405
-0.17837678522111322,0.26525874508496794
-0.16772889448370007,0.2498962024337286
-0.1705330758954728,0.2620169082417894
-0.17487316790653507,0.25457489410661416
-0.18261661500386558,0.2442816421912019
-0.17989708581867037,0.2515813418038475
-0.17428253290545478,0.2560419825572177
-0.17478995800545916,0.25466406209385334
-0.16654088228037156,0.2531219055968288
-0.1664434234181714,0.2535212231558901
-0.17786469804138907,0.26265141256859686
-0.17111094083192663,0.26117260621861815
-0.17013193376267344,0.2618601340188848
-0.1750233604714014,0.25446576195917237
-0.1671358449486723,0.2596059140087922
-0.17923279452686103,0.25334935712334794
-0.16854012778934374,0.25129942927765936
-0.16694921087519174,0.2611067229400332
-0.18042920268775067,0.25926616405147157
-0.17741350641670053,0.2570988641646451
-0.17242486873677726,0.2546881028578719
-0.1699429772126941,0.25930623640810746
-0.1828120611439254,0.2551216398883574
-0.17746365920934795,0.25409586349327823
-0.16492398109258594,0.26175921031585225
-0.1768627406344971,0.2532043776948006
-0.16957195151447468,0.25260376815761526
-0.1742245221755757,0.2554569770494838
-0.17194728724084743,0.25525281371163494
-0.17783775709351982,0.25894706205339835
-0.17427817307013455,0.2588047698367602
-0.18245080211551698,0.250815286161453
-0.15767950178901075,0.25673332182655034
-0.1715414170713036,0.2521406016878379
-0.1695610168672352,0.25086838378212706
-0.17826357309639213,0.25702922262026817
-0.18138494152483697,0.2622313619364421
-0.16930221259008954,0.2521531083414861
-0.17300821569365707,0.2528067484723651
-0.17676364509780032,0.25907246356215596
-0.17143005244943005,0.25825140870843605
-0.16575672293161753,0.2611250557056717
-0.18207932384782965,0.25626666909065055
-0.17136459005397847,0.2437556382876645
-0.1734238390363873,0.25250459369869277
-0.1705031865451876,0.24920613880528775
-0.17378821647113765,0.2567667521006808
-0.17850143774335703,0.2555501239953684
-0.17907348319895303,0.25821370593866305
-0.16988290713507018,0.25813852291499717
-0.17145049580814115,0.25776010866575033
-0.17731251347600852,0.2604040271480303
-0.16942171164905415,0.2613615625552159
-0.16568404404052428,0.2663320188709948
-0.174619876710748,0.2574893636245416
-0.1776217187245743,0.2649223042921828
-0.16205333233341024,0.258138003335274
-0.1724646805763509,0.2656287430260725
-0.17321321551023108,0.2554321502520502
-0.17855398962224245,0.2554390183785123
-0.1777874624072719,0.2530502305889168
-0.16468201111050812,0.25001734490020633
-0.1716838512474381,0.25866114019877773
-0.17152227906457865,0.26947275013595473
-0.16618753612775067,0.25648593201066083
-0.17524179318678565,0.25746842665374764
-0.17789038158802697,0.2642374370557265
-0.16725941436746117,0.25255989286545694
-0.17313888355127227,0.25445354445588436
-0.1776922037314737,0.2519924007547554
-0.17563805605507307,0.259336630131983
-0.1772898661638531,0.25836471608014844
-0.17981525703584558,0.2596978612043021
-0.17767516158135438,0.2552620941120039
-0.1679986983547867,0.25080539775663263
-0.18214443901690033,0.25293699293721583
-0.16697105548105945,0.25902635274270985
-0.17409745233323512,0.25664777233007835
-0.1665637749882068,0.2540742273426598
-0.17703573566764533,0.26834360714548117
-0.174563983917739,0.2617199740391759
-0.18355220164946498,0.2569633883773152
-0.1752106352043704,0.2553184378606411
-0.1717832118640968,0.2572746064022316
-0.17463867150871312,0.2539270083953091
-0.17745899807308507,0.25113609539630605
-0.17700610863895397,0.25585818882054506
-0.1754184919297506,0.2549337491666223
-0.18301599433997567,0.2557448846492274
-0.16648597473419247,0.25530257026890507
-0.17227840660581323,0.25780047388271804
-0.17598469702084382,0.25449662042043714
-0.16574757314537525,0.2675362915353368
-0.17487303630072534,0.25583290846964757
-0.17330454760169947,0.25717815956473145
-0.17985515249889353,0.2444059968989502
-0.1775344265224294,0.24838832201237876
-0.181316653076152,0.2553051106711447
-0.17443585670648645,0.24409080087228605
-0.18316766075735158,0.25570002677552545
-0.17567182008589866,0.25142463254169645
-0.1676597080983554,0.2582909050257423
-0.17043203451414154,0.2511488769285883
-0.1736904523204985,0.2583303809468756
-0.18383898314802716,0.25542584267668583
-0.17723024793213232,0.25281564831230635
-0.1760165140711826,0.2564031341002372
-0.17221295667732509,0.2517379876387307
-0.1766234239476886,0.25026462145651834
-0.17112530024605668,0.25564790701186013
-0.17732261337647348,0.25494663348868535
-0.17625782899779543,0.25343327067433724
-0.1832030615106104,0.2594948184099179
-0.18011677122294192,0.26212702513555436
-0.1638708470535202,0.2551941222300101
-0.18326926802218566,0.25236605417561914
-0.1765041537190811,0.25204367591044446
-0.17767261015684183,0.2478007878386298
-0.16916837567691498,0.2676446506482873
-0.16137214109588807,0.25914692764638075
-0.1848229123134281,0.25977229745943825
-0.17329611619432295,0.24612598164606012
-0.1703362381943708,0.24968697299411236
-0.18559344334640263,0.2548225762402383
-0.179508408825797,0.24439040984141153
-0.18028355137243413,0.25577564508991146
-0.17029829459177226,0.2527211703912204
-0.174800282602137,0.2618648182205064
-0.18158532063112362,0.26107211032123573
-0.1769786034086462,0.25496785840553027
-0.18088376766773834,0.25495715120023027
-0.1851527322021362,0.246811765358485
-0.17292026186320814,0.25028226271113135
-0.18071742423498668,0.2513609823172756
-0.17423592856254136,0.25097467605357715
-0.1766278768784037,0.2482968182298121
-0.16110229929177014,0.2601318079742793
-0.1754371323466233,0.270423417028677
-0.1810038624411571,0.26539132332701576
-0.17388952621006673,0.25402076335862345
-0.1732758426596805,0.248525017915681
-0.17218836102338292,0.25277273325457783
-0.1716850399143003,0.2540586130109333
-0.1803536456666521,0.2520317014204541
-0.173214542044939,0.2489872007246837
-0.17616290409791283,0.24933110726980195
-0.1962009604101347,0.2502987930607272
-0.18424991489636697,0.24211831714563053
-0.1856770699524654,0.24264818264929158
-0.18015009889841613,0.2473076880265135
-0.17630416128205512,0.24725084600662126
-0.18312521169891088,0.24400460713242297
-0.17455748553605416,0.24672807754430073
-0.18115396371596718,0.2421408630575787
-0.17318014569669574,0.2559941240742677
-0.17323464716257542,0.257381557643393
-0.17234061449837343,0.25234803118011073
-0.18551233648504453,0.24734385804230485
-0.18241808151961716,0.2517376510819054
-0.17014188000431937,0.24714416920404048
-0.1868919148076897,0.2552338847731009
-0.18040895168178483,0.24088082171943662
-0.17884573066773873,0.24749550354339084
-0.18329185519482263,0.2423934004669672
-0.18277472478467632,0.2548893456834097
-0.17278000126527687,0.26121997099660277
-0.18066417271243615,0.24737326725493217
-0.1809992718549349,0.2523626830487609
-0.17775719159452052,0.24591051114129084
-0.17670458715701232,0.2504261692804806
-0.17475229470979475,0.2597871772674902
-0.17868474270995105,0.2522554512229105
-0.17356786349399247,0.25226284665183135
-0.17769470471863996,0.2537266004841236
-0.18410494173725764,0.2535205154944574
-0.17972433737931554,0.25113583672529677
-0.17064688908814313,0.24450573496777525
-0.18217836723375416,0.25157605190651794
-0.17601728406860362,0.2528961270338538
-0.17361586887397212,0.2564654768971289
-0.17826522047602816,0.25249032009383704
-0.17235268153148917,0.2507227539812717
-0.1758663245837651,0.24648043546785597
-0.18090198995898793,0.25312980188730466
-0.17464375973603896,0.25231934653005544
-0.1819301018858884,0.2509552201727849
-0.17684395751268675,0.2563766798875101
-0.17654708839682073,0.2624815799740571
-0.18019795349968326,0.25210903257610695
-0.1837613133355718,0.245135010023848
-0.1775258766858055,0.2487289201208864
-0.17752726338447417,0.25413870318113774
-0.18019926058233526,0.24145472304897345
-0.17883935209972998,0.2580943205497269
-0.17036297743085924,0.2545614205806889
-0.1724593275830943,0.24566482319880073
-0.18406005869705896,0.2523499644805696
-0.18417135776769158,0.25063845482097064
-0.17594086488885224,0.2556521262241097
-0.18639952352047917,0.2591382763705737
-0.18078819579960465,0.2445963277872297
-0.17652300039299393,0.2473062863642225
-0.18172361878821913,0.25176733703418624
-0.17922701730618698,0.24101448909537176
-0.17993223242608836,0.24407418434696443
-0.17439606048310793,0.2549609065288574
-0.1760455218236773,0.25652797030764685
-0.17790727375331897,0.24893566486387528
-0.17478063481752992,0.2486301930718203
-0.17519228575971463,0.24589558945195214
-0.18401900381049757,0.24633923673445798
-0.18051920536396818,0.2524105668305604
-0.18787686666273565,0.24734412793221403
-0.17538006705708203,0.25897345175103736
-0.17635271503629538,0.2472923155377854
-0.17611724506010581,0.24891033895137873
-0.1766332678019135,0.245468819118075
-0.17222121708688568,0.26014369204299986
-0.18297402810146726,0.2574197862308283
-0.1795015677683845,0.25210324504014425
-0.18341874900799823,0.251751052243823
-0.17218367163869916,0.2599888758416404
-0.1718678067680402,0.25098977753761575
-0.17913562964942084,0.2541799925417562
-0.18325694577849236,0.25539672839427685
-0.1812321925010629,0.246815109796664
-0.18431859306463858,0.2547952395738645
-0.17632034917740427,0.25279555288575695
-0.17759712606536301,0.26103584024058774
-0.18122959683366302,0.24696515818839193
-0.1787731294237775,0.24519986518794934
-0.17926277359767664,0.2518731148041286
-0.17792894781864174,0.246432778452853
-0.17117443860583653,0.2528377603658776
-0.1870767604314799,0.2474330000755219
-0.18136850589241535,0.2517423507149138
-0.17759519667124268,0.2503600803755915
-0.18405708258031309,0.24328647027152256
-0.17250675880268587,0.2462535813311172
-0.17818709442620984,0.2526252246196623
-0.18815874965320578,0.2559196809169765
-0.17746121640384543,0.24489081297073967
-0.17833820822847182,0.24909551080927322
-0.17660845989735185,0.2454735495762054
-0.17783563526306914,0.24113980236321805
-0.18316146922909982,0.25155432406823
-0.18099375609110463,0.2481386897686453
-0.18992543575400606,0.24394320148821394
-0.18575473260372174,0.24993480003777926
-0.181555874673222,0.24961442804118122
-0.17190279161783267,0.24370044551828038
-0.18368735974342398,0.24730399682737628
-0.16586689597428275,0.25734083349503106
-0.18369064824408832,0.25455235423490963
-0.17963915333581967,0.2487225399071347
-0.17744605326861917,0.24890582928892577
-0.1778286773490115,0.2506187565102716
-0.178788751664737,0.2448014569010431
-0.1820874498578773,0.25536211601277803
-0.18183503612642393,0.25347307772344735
-0.17242511114454567,0.24747575302318242
-0.1786093287066122,0.25477863031694453
-0.17188119937407734,0.24691727720169632
-0.17564241638045608,0.2534864126327367
-0.18552981915031372,0.2568080542872681
-0.17426115316305257,0.2470170331094426
-0.18583384617603213,0.2517786707926795
-0.18411636524869557,0.2495818874436706
-0.17832579569355328,0.25878683235545874
-0.18770836876401584,0.25065742853787354
-0.18441968204806508,0.2450946454622823
-0.17901838480007468,0.25230805357384173
-0.16910827576518986,0.2549268565650586
-0.18308429548206398,0.25882250503680493
-0.18669424440070365,0.2449425777890243
-0.18060097007806944,0.2590924071653775
-0.18367110195823683,0.24457550034512174
-0.18412944755461885,0.2398316668415306
-0.17911667538087894,0.24962915475609662
-0.17813817660922235,0.2554770455202456
-0.1815204738498345,0.2499233288624321
-0.1788140871466256,0.2420450040654391
-0.17962108516094422,0.25190086956499236
-0.1760107503587117,0.24672158491825116
-0.18319336936407896,0.26408191100770406
-0.17639507390764306,0.245806009899063
-0.19165659119292514,0.25066988160492604
-0.18322471531685536,0.25225355511620773
-0.1769466086251328,0.2528234937593281
-0.18190399850969802,0.25059894725796766
-0.18964276686239903,0.2419628380484489
-0.17990433607369682,0.239941501827
-0.18824538170367344,0.24895225059089585
-0.17839816900170433,0.25415554694292436
-0.18862069262315162,0.24489344230255322
-0.17950751009018334,0.24837132515419366
-0.1764148427412491,0.2457514323990328
-0.17445800845736245,0.2510058622680826
-0.17869941857312258,0.25762872664672787
-0.17460513191056673,0.2570861888272026
-0.17483476049436827,0.25613516910718354
-0.1863221150847993,0.2520073015595306
-0.17596267869253096,0.250802432260472
-0.1813510477682335,0.24958426841519274
-0.17581592267203727,0.25025110279158413
-0.18112469866427533,0.25245208423067245
-0.1824868758509744,0.24850122289160695
-0.17800680317101839,0.24391621802756258
-0.17612624288392112,0.2504302693894336
-0.18197549090450454,0.246903973527442
-0.18068543054782857,0.2518432009981805
-0.17943138492419536,0.2534863581076681
-0.17897114163068545,0.2527435004456203
-0.1864464186577384,0.25101936743632564
-0.17779873151652759,0.26131359213679983
-0.1804326269685509,0.25223898151703905
-0.17430013489749757,0.2543722091720528
-0.17737904655520662,0.25214963802062434
-0.18494449755520256,0.25527280097019145
-0.17807633352380123,0.25468828579555153
-0.18593014351850257,0.24069769684219655
-0.17486813493087214,0.2451690761831156
-0.17999451153527085,0.2602534417859654
-0.17979276876213782,0.25070521828311143
-0.18286446506594004,0.2422547588378904
-0.18555581728374076,0.23586528396600573
-0.1828069709092747,0.25108725505856566
-0.18188451969750255,0.2464408045738864
-0.17954907866152275,0.24122240624410327
-0.18229764617987504,0.24751151587238693
-0.18290009730762377,0.24827207990572098
-0.17910120435092394,0.2501229733123016
-0.18047594634397954,0.24744150285502373
-0.19559974341115555,0.24332997808505694
-0.17910606991353625,0.24776697161399464
-0.18046558445786298,0.24562463348550362
-0.18935658936781646,0.2474793529855409
-0.18004153396729308,0.25202814562154496
-0.1806341664492234,0.2528088117651115
-0.18280113367642195,0.24353148495066235
-0.1831114241379474,0.24526388836817864
-0.17852418636538284,0.24930540193689668
-0.18099006912104101,0.24944726819643032
-0.18373624108178926,0.2500966942424277
-0.17658313765835848,0.2508944041131779
-0.1846310333145009,0.2529452833511042
-0.18975102765710744,0.24586066721160285
-0.1952817632418648,0.24867622121919916
-0.18177585466439508,0.24793096310251037
-0.18361730703799306,0.2500534520874129
-0.18243003854474726,0.24250358413068335
-0.1723470869486831,0.2421692492532518
-0.1796372611108711,0.24961932601408723
-0.1826212873016423,0.2513737840159994
-0.18871269311734412,0.24868371840331516
-0.18395201552922433,0.25090948414397535
-0.18972799218912195,0.24962401900443948
-0.18085983868802644,0.24903213138722655
-0.18218473913576153,0.24338649154158953
-0.18571472833283897,0.2528904851498677
-0.18362907692972436,0.2463814937638727
-0.18148725325847406,0.24392911192971034
-0.18181456279233146,0.2488953526546221
-0.18139078439955406,0.23728123022574213
-0.18260794229528562,0.24756447650994165
-0.1773822216924256,0.24936964698839365
-0.19394402605868885,0.24969338570415062
-0.18497840152016554,0.25198105846662505
-0.18417889797628997,0.23741017497754624
-0.18570651917323516,0.24896828448262392
-0.18076570908189965,0.2500026833934224
-0.1885419912919036,0.2479960685903231
-0.17729873400323387,0.24057717933128198
-0.18420442226815925,0.24260666904671258
-0.18677975436361888,0.2426121614885647
-0.17894281278537008,0.24246579999158094
-0.18980177755257938,0.25045397390671953
-0.18174016562741693,0.23938851876909337
-0.18043459670803108,0.24857908145370078
-0.18409097933178278,0.2357423911476905
-0.18356919717291356,0.24257700980971944
-0.18994558719996796,0.24187694004896407
-0.18088933429755816,0.24273512833724695
-0.1852645236317803,0.2434417865313163
-0.1826024898294458,0.2442079144253341
-0.17578751292198241,0.2448255350873749
-0.1912730672169262,0.24701020240810775
-0.18796877101934423,0.23997802445230398
-0.18173009609557986,0.24209441028958392
-0.18783011658479054,0.2425890173823946
-0.17125206083093172,0.23852323868633254
-0.19485243470077482,0.24733786907930008
-0.177801244271138,0.24364523386354475
-0.1946133774096842,0.24430362594347305
-0.17847447509874345,0.25162720152321655
-0.18758818460789614,0.24102374470415436
-0.1842819038870508,0.24786930182434685
-0.18965265009707113,0.2429233950682881
-0.18637711889875272,0.24332610031098514
-0.18630922887778567,0.24354649924711425
-0.18311004062919795,0.24369141181725618
-0.17089765468705523,0.2514351830864069
-0.18298700117743602,0.249324269581386
-0.18434090414314105,0.2471651960538577
-0.1903245250593301,0.24361602043274472
-0.17991384066154187,0.24619890281987397
-0.1900407482771729,0.2466629954508176
-0.18946779830335492,0.24760997101357446
-0.1788391708397018,0.2393527740023142
-0.17963509121816082,0.23809010205644435
-0.18736855263062538,0.24240184454898805
-0.17880206845846253,0.25157763032561015
-0.1818922444459538,0.2497991855541656
-0.1876653761892241,0.23462289852064824
-0.18281287731444348,0.2436090301358423
-0.18409189875326917,0.24250852036720086
-0.18465413620220478,0.24101935161115193
-0.18585182052670654,0.2518663696713426
-0.18466107849839136,0.2359465981799691
-0.18185862074624104,0.23821164034717765
-0.18662497145966506,0.24474885719183276
-0.18580510111300344,0.24537735916336198
-0.18167596642449088,0.25134512680511223
-0.1802225330289057,0.24704399810934513
-0.18719171032354867,0.23950815543577922
-0.18664271559959128,0.24627798382119667
-0.17158147453863049,0.24492290927262095
-0.18102179915856392,0.25486884741791554
-0.1916794100476811,0.24487668099287535
-0.1816730073272138,0.23142774515634154
-0.18403484940584205,0.2459874223098626
-0.18369879270645234,0.24358341647892395
-0.17874479845542823,0.2463787015074089
-0.1920342870392769,0.25519895537094517
-0.1834964010833744,0.23893826023298734
-0.18433742667660652,0.23486886093465828
-0.18840509375126566,0.24079438856597798
-0.18211426301503605,0.2370343623289547
-0.1867048435524953,0.24059226371053133
-0.18309971278319856,0.25072262743216084
-0.1744916378724078,0.2529615630802073
-0.17950133978601224,0.24424665662214173
-0.1736577770831222,0.24695108345098418
-0.18428459676372583,0.24388303881948095
-0.18766019835384884,0.2466376758325793
-0.1915470456074949,0.24239984779588888
-0.18043580736657325,0.24796988890966734
-0.18611025698033565,0.252926496528747
-0.18548655897947489,0.24728412147275108
-0.183688635195298,0.24777321955130518
-0.1821803160240579,0.24393195625563838
-0.17747584966010777,0.2474263238072461
-0.18510941080025434,0.25153314176589475
-0.18614383147194388,0.24975828702195474
-0.183076148903832,0.2574550038334956
-0.18149486396760214,0.24147826084363191
-0.17638249365689743,0.24671747272793138
-0.1797347856504754,0.2560259790689724
-0.17157024094702727,0.24426692721688
-0.1813011420767882,0.25137560653431074
-0.17924935911400205,0.25177540133365695
-0.17916894053655688,0.25461631726199346
-0.18365581364532257,0.24256141578804888
-0.1837376185180824,0.24388562519281917
-0.18779763953622947,0.24932639687876912
-0.18175712617179116,0.23832535318186568
-0.1878546220813396,0.24033434561124248
-0.178604029485372,0.2376751248134782
-0.19914353561775944,0.24449405543064265
-0.1793630773865306,0.24129430490132245
-0.1794779368093325,0.24005912335946164
-0.17687736193173856,0.2418304420090534
-0.1789342370260456,0.24644920705271908
-0.1884012522141142,0.24775548884383383
-0.19443675715289033,0.24804896539014343
-0.18124750144717539,0.24518166201493302
-0.17521317883549586,0.24225929595397785
-0.1803359920159775,0.24563483656488425
-0.1859896277732124,0.24812013634336536
-0.17354676168985503,0.2472151371691915
-0.18929224883989473,0.2518979409790549
-0.18990504839821654,0.2500155052116338
-0.18353566364790733,0.23916866893677394
-0.18538747323110774,0.24644933422442464
-0.1797656249494832,0.23790937779415458
-0.19463612254002707,0.2374309404824179
-0.18588939590721426,0.24439829590784415
-0.17999631532917462,0.24193269111511906
-0.1878029250673929,0.24028346798851044
-0.18548243047551427,0.24913133968960305
-0.1817439202664304,0.2510656998429614
-0.182179373687016,0.24418668801084448
-0.18239295798502778,0.2437601079215547
-0.17348020013696983,0.24737730078739936
-0.18318534834867858,0.251021717264267
-0.1852237766150033,0.24601220701311152
-0.1860446731300343,0.2427041143060122
-0.19197725312077124,0.2511615172983503
-0.17544807716884855,0.24537563169956422
-0.18181862864586426,0.25236606331385464
-0.17926734634840086,0.2492209618909093
-0.18625404131060835,0.24868993670127296
-0.18471943166306845,0.2494692711506375
-0.18050565766889484,0.2444228136319903
-0.17996038908197778,0.23625167940088523
-0.1842378266770958,0.25290021402771534
-0.19138861707731428,0.24563431784256698
-0.1824843725913979,0.24226080105743752
-0.18830931161903577,0.24861239226667986
-0.187172289729548,0.24312978639663807
-0.1770604039584794,0.24020669649029516
-0.19387823078345187,0.2489857161695529
-0.18531405780771334,0.2560017959259869
-0.17339966838848475,0.24887636129307178
-0.1760059753066189,0.2488903977677374
-0.18260885658517928,0.24765052641976365
-0.18844881856903764,0.2515479394153144
-0.17855325817545006,0.24603826062212852
-0.1839478855182087,0.2461321565131112
-0.18121079710939342,0.2435521352622961
-0.18229098105446068,0.24914392591366122
-0.17598072224615244,0.25099639656366224
-0.1893476878530817,0.2420746893299666
-0.18188899639040598,0.24360096202676812
-0.1900405628092703,0.2449107596032096
-0.17313827784863234,0.24199621397252613
-0.18679276065769534,0.25176379530778614
-0.17813624593105595,0.2401085129375479
-0.1844692659706571,0.244468560565854
-0.18005572645858928,0.24753528199979521
-0.17853821157475877,0.24030886893606895
-0.1900977604045562,0.250482116618721
-0.16947573181840483,0.24395457618193273
-0.18329675526955486,0.2492479023237381
-0.18408254889689168,0.24632696167477677
-0.18781510786720623,0.2414986299902318
-0.1940909523959159,0.2347567599968342
-0.18110018035237085,0.24230229877602227
-0.19102261908890208,0.23655377191173343
-0.18602425362022385,0.2381585565182498
-0.18672219385446823,0.24281227402482553
-0.1865410805291945,0.242359619171644
-0.18434001912504627,0.2386851455886899
-0.18407088034897123,0.24042718410712868
-0.1942217459496703,0.23903307972442728
-0.18856804327066834,0.24696270371980622
-0.18468006453084282,0.23810287824168744
-0.1791546197243039,0.24965624119726534
-0.18695191907950653,0.24430288193187025
-0.18579834314029403,0.24897023546155148
-0.18063599489201898,0.24382131188436937
-0.18702449190197962,0.24233442154154775
-0.18271149564424297,0.246934258396923
-0.19071699799383765,0.23882677296089852
-0.19372697476510214,0.24010003753427317
-0.1839692832566663,0.23654420284079736
-0.1868150780521377,0.25418662308798207
-0.18727228135408594,0.24844887738818916
-0.1800084671510044,0.24608570499269838
-0.18185114344879136,0.25052671183186176
-0.1882814127184658,0.2469657758692451
-0.19378221116494956,0.23689023862552067
-0.18445403954995404,0.2448738729620866
-0.19101460681001392,0.2460639784483996
-0.18252408815457546,0.24386348277032574
-0.19080192205272162,0.23926040024874637
-0.17329126685527993,0.24208093895841284
-0.17677430696630891,0.24727051540798217
-0.19170302889979896,0.2409034958324814
-0.1872746072863884,0.24220633183711388
-0.18055002643272017,0.24236554078319342
-0.1854091290343772,0.2440282194865596
-0.1845435256196184,0.23997905509609402
-0.18916081312851127,0.24311356500536851
-0.18094586473767846,0.24771632400160662
-0.18310985366764243,0.2449792159061049
-0.18872180202438793,0.24463080768323425
-0.18197261375687218,0.235739513201685
-0.18394369727609947,0.24235963308992034
-0.18531716041181293,0.23603873197315303
-0.1901427600169261,0.24037850058996255
-0.1828481998092847,0.24000732265835803
-0.19299079995877835,0.23796169937138525
-0.19229767662190295,0.23770374346956755
-0.17857320917820807,0.24193352690601494
-0.18403478113753544,0.24770364163411354
-0.19025344825522153,0.2512797984987541
-0.18670207295727476,0.24402125048791448
-0.1797971972586894,0.2374358314874391
-0.19016956947511593,0.24646291212621876
-0.18968499353147783,0.24437593566099736
-0.18380551510100024,0.23749998481353043
-0.18583500007872994,0.24398426118387678
-0.1920250508033232,0.24337468543439397
-0.19015642572972913,0.24217505193007283
-0.18522687485694275,0.24473707172159978
-0.19787032720154293,0.24456966322997067
-0.17996591339881823,0.24175050799061498
-0.18667755212321543,0.24451910047989348
-0.18073360497180685,0.2515798253098534
-0.18502348419636924,0.2324782351124076
-0.18593907027947687,0.24490019394009507
-0.1884394085666983,0.2489980485787346
-0.18296359933191242,0.24988329439156845
-0.190811176916245,0.2334038174184857
-0.1883743201457142,0.236856918404695
-0.19258614311579392,0.24009141665998504
-0.1981032970917649,0.2365665913111458
-0.1823151190508403,0.23611720142396966
-0.18843148255444714,0.2383443379422139
-0.19765203871969003,0.2474928760066411
-0.1966144973754407,0.23556035067714481
-0.17768724913625428,0.238789026992317
-0.1858580673087872,0.23813375055188155
-0.1904857176256132,0.2500948771613689
-0.1917843827933389,0.2450679951549628
-0.19229987458347672,0.24076651339026645
-0.18894666535830235,0.23508417400238457
-0.19130750886115858,0.24687807494283218
-0.19201623276850882,0.2427015298656301
-0.1740808398198978,0.2378713751220856
-0.18654729809612394,0.24447474181482898
-0.18475825076860625,0.24737514960256568
-0.19238206977668473,0.2374214390145086
-0.19172596362141373,0.2322307250926477
-0.18168464033419537,0.23598740638843466
-0.18135932767682642,0.2418368241111278
-0.17671442547695865,0.2389027552456926
-0.19454385006821356,0.2457120764886231
-0.1843418365543065,0.237483628906521
-0.18695202069294978,0.2411111072984122
-0.1895600537280735,0.23857494972693472
-0.18716634389315723,0.22661817479652135
-0.18667906919388028,0.23981298154841255
-0.1824758196402517,0.2439643425788517
-0.1953888126055302,0.24196764880933666
-0.18673863458080509,0.24556394880287116
-0.18715857680868525,0.24525655052280257
-0.1832308483392705,0.24479891361932685
-0.18677950016863412,0.24818999732126007
-0.18283654465874077,0.23583339094426778
-0.18545555141757014,0.25133535678818714
-0.1966513598319837,0.2396861781867729
-0.1775380285564713,0.2435128817032661
-0.17560851764445354,0.24554513659951485
-0.18520485675520643,0.24434315054580272
-0.19370558585068676,0.2437131813081073
-0.19045012923992724,0.24006979732975273
-0.1846234226929511,0.24497071608855972
-0.17501341285727268,0.24368581442453682
-0.1871662740683073,0.2538372919468679
-0.18832415131995364,0.24457323334955725
-0.1840545701266301,0.24550045175828028
-0.1920078199051658,0.24198052533930814
-0.18644491433741917,0.24540860424845926
-0.17127706737461001,0.24874480418115372
-0.18821002781974708,0.24416693902121916
-0.17764534032780588,0.24495857151602485
-0.18282634301974904,0.24354580345863555
-0.182652441197644,0.24383615369662784
-0.1883631998469423,0.24352050416845963
-0.18160328943454962,0.25186481556356194
-0.1879854658799991,0.24116113003979375
-0.18123554466794947,0.2360389233799049
-0.18917698799467983,0.24318046272044444
-0.19126606770535404,0.2421269709582847
-0.17858961833325762,0.24197213244949214
-0.18657696388884845,0.2398960995023819
-0.19365405951645448,0.2464380436137873
-0.18798721018702602,0.24784736240410127
-0.18815743430916806,0.24087388299030746
-0.1907215594760933,0.23883798377289192
-0.1891042875578545,0.24712092465585614
-0.1818793445943152,0.23811964642105973
-0.18943841144730175,0.24571155840881206
-0.19523441181191464,0.23863009185709605
-0.18937385081173483,0.24040009446862085
-0.18029270190022956,0.24133198487303914
-0.18475631814881752,0.25200306007583007
-0.19324956641483124,0.2552340557959462
-0.1883052103451133,0.24390700573702598
-0.1919814210463544,0.23391536415315894
-0.1945624127211099,0.2389335065676916
-0.1890892276548769,0.24356148439331188
-0.1899950567985707,0.23592762896641392
-0.1859103086814029,0.2383088612387445
-0.18881559957326574,0.24194809567797584
-0.17972368934886718,0.24535199111024916
-0.1803206687623021,0.2423641620930144
-0.19394557167076346,0.234917483936185
-0.19115182043105006,0.2355871531768529
-0.19494818734208438,0.24333491241553287
-0.19171230441014186,0.24274879273159716
-0.189330196642948,0.2401672394553397
-0.18296954413506375,0.2368555309427222
-0.19401394765998597,0.24877416681389908
-0.18662074402723475,0.24565511963424008
-0.19102852237338377,0.23530129966273225
-0.19077530190043868,0.2427972341529879
-0.18051422525356173,0.24509069135198083
-0.1772499764479493,0.24847034108879684
-0.18635740546381388,0.2518255190177625
-0.19466282033542398,0.24093361785936307
-0.1788690494299508,0.24504474993187408
-0.1865561845993079,0.24325603557170933
-0.18311391713307576,0.2448968426260399
-0.1845399951425303,0.24687973833839913
-0.19494080673203054,0.2524488848569919
-0.18686059647422945,0.25007575593637743
-0.18777588377879473,0.2499029806074718
-0.1883855709704442,0.2441479546942819
-0.18908335971703563,0.24392841362064083
-0.1857121316643888,0.24939820822150205
-0.1854146010308925,0.25236970234960404
-0.1926591039848342,0.24399984215499954
-0.18362615666517523,0.2470978721532707
-0.1800521440205117,0.2371535975535416
-0.18680756548604757,0.24853587965219373
-0.1916901377268325,0.24474569485133574
-0.1862268039932577,0.24113001155778951
-0.19903983072602432,0.2376796692605532
-0.1812262473698292,0.23666095410178817
-0.1754032618482506,0.2468657793005011
-0.18488511534568128,0.25249843626815827
-0.18692642435530243,0.24047612431051354
-0.181589126553689,0.24108549620761766
-0.20107496109645032,0.23647042729465992
-0.19357854917938186,0.23269123678246575
-0.18730022619796835,0.22721299338641907
-0.18532470811366286,0.23488408688826476
-0.18671660565312115,0.24478966461369125
-0.1983792422900377,0.23343114203574183
-0.19674235847946067,0.2285511817997881
-0.18733402897863982,0.23359045446708493
-0.19216081817530406,0.23937643717559198
-0.19852148144063067,0.23859544520347412
-0.19485976875777197,0.24356303983896935
-0.1868574507157022,0.24244662073897655
-0.19580994172555147,0.24326968615916003
-0.18934774410634905,0.24307319113834414
-0.1891178385845164,0.24618469931442488
-0.18705011103351937,0.2386109598902093
-0.1939143220928343,0.2402609861878366
-0.1895563276752163,0.24142015276561388
-0.19171178692849336,0.23926201806332245
-0.18130805195036992,0.2411884693549019
-0.1918139602210047,0.2435553606913064
-0.18814605813110072,0.23559512355388637
-0.19145014839938262,0.24516853504335132
-0.19145570040733853,0.23933634318213928
-0.1868168692626944,0.24088105493613807
-0.17951081905183439,0.23600501883081743
-0.19538506407938425,0.23902987880285195
-0.19711060247439408,0.239279175771536
-0.19117111549799784,0.24192953969936265
-0.19345865620047287,0.24637719984065742
-0.18758999769334517,0.22961143140059784
-0.18779292641894108,0.2410368523618295
-0.19530436327379133,0.23699385631049735
-0.18528898133454547,0.24182073087643363
-0.19477146910674212,0.2359343651405971
-0.19055549793012347,0.2376975730301875
-0.18750038344554804,0.24397842581527884
-0.19032259427796192,0.2382101307372666
-0.1863280864136017,0.23936758805134933
-0.18996910477129086,0.23537061198445094
-0.19923452408939052,0.2378096339381705
-0.1940502182543441,0.23363908905618377
-0.18118311192161884,0.23646167348522584
-0.18938091957862782,0.24330229071589252
-0.19472689200857551,0.23443039941335506
-0.1911139834592208,0.24540929628584274
-0.1883580508718085,0.23749166435000446
-0.18947607458650123,0.24606360634433805
-0.18653814708513483,0.24192279078391188
-0.19360222182632458,0.237535000639799
-0.18792034411635156,0.24430134305300635
-0.1850662252682016,0.23946643354082087
-0.1987253544343544,0.2371025633747331
-0.19083134581323116,0.24003162881014098
-0.19906286483181507,0.24508807180438502
-0.19443910233388473,0.2369606238944134
-0.1916021725415956,0.23920792197088558
-0.17854723495834932,0.22864591190679062
-0.19442856815007606,0.23838372017653023
-0.19181049780539233,0.22849071707207091
-0.19120606553573294,0.24455937341949266
-0.1930282646223075,0.23772463487202328
-0.18696749594477102,0.2403183756935562
-0.18385917183474787,0.23830231312582506
-0.19494245810374244,0.23485093461873544
-0.19082142148751532,0.23657771375417516
-0.18990081026068406,0.23413102715349016
-0.19945351681523288,0.23410868053333286
-0.19424875249739468,0.23307562639389448
-0.1940858632064328,0.2369594968962537
-0.18810889968445751,0.23074315746187568
-0.20308249102055043,0.23843818833127944
-0.1952474136999649,0.23766989704541433
-0.19032890062434535,0.23166715771969557
-0.19305080016189424,0.23822956623766292
-0.1911710750316922,0.23211979481855316
-0.1932266411411082,0.23662819850681208
-0.19676433908056604,0.2332602618749593
-0.18751169011338006,0.24277840019454813
-0.18297266341781326,0.24142466435361087
-0.19127416717877074,0.24397103996569705
-0.198558473980774,0.24486633664387827
-0.1917790247834767,0.23424571316579548
-0.19176068506889113,0.24079432955279628
-0.18314690732940117,0.2392282205664925
-0.19882512054316442,0.2408890518287886
-0.18780284879275905,0.2441463012094226
-0.17834129366471946,0.2441886950498091
-0.19442524249796508,0.23772456766063982
-0.19570404675126188,0.23772247149036377
-0.18338367399100733,0.23611042387928205
-0.18771814310246582,0.23512044964053097
-0.1948360920450883,0.23845181164996979
-0.19166079764300262,0.2368550123989498
-0.19740862678551388,0.24100264525288126
-0.19216524152051018,0.23318449635132132
-0.20213880907863527,0.2315230863296304
-0.19196898651088906,0.2358899823044721
-0.1955407094210075,0.2380713096490384
-0.19517886627489892,0.23903395481088285
-0.19989904744740544,0.23092394766299856
-0.18571033689976452,0.2363986333795874
-0.20036790395002968,0.23401774430651034
-0.18465552585801578,0.23483373708403896
-0.19881024433245573,0.22763839967846713
-0.1847349493827804,0.23358918357830977
-0.20002544044901427,0.23339557796961732
-0.1922939105747767,0.226011664915446
-0.19285446327146705,0.23666713558804578
-0.198012915756541,0.22962755502339802
-0.1926511668237708,0.22339163661220982
-0.20424631611969216,0.24159020311389254
-0.19090296982618293,0.23665454411799489
-0.19104839578705335,0.23110122109177456
-0.19832817966327143,0.2346257187122759
-0.18943772354279326,0.23336569934447415
-0.1800072469289059,0.2326266069176441
-0.19177187396025488,0.23699697530463906
-0.19691335547724376,0.2385452586501497
-0.1928024453966526,0.24117471877708735
-0.1988169667266988,0.23233048136100182
-0.20947180818029243,0.23333623731210498
-0.19917131195737384,0.23349746327588214
-0.18966864237596684,0.2326073382613497
-0.19202610022570396,0.23703598121015992
-0.20044345855737114,0.23671108801830773
-0.19234107832775135,0.23104359256314946
-0.19301878411031448,0.22839634202156725
-0.18801386586631685,0.23869124179217
-0.2050534105194045,0.2327467607039222
-0.1993922825559688,0.23517212773200435
-0.19342263043793848,0.23395148956350537
-0.1953775631554373,0.23655397781878607
-0.19353022836069853,0.2316995343312207
-0.19493622042318812,0.22998216834246665
-0.19520455399113593,0.2251281256474714
-0.1971774275783499,0.23273166719142813
-0.19502792216508927,0.2319427279012119
-0.2015440960126942,0.22638351475786858
-0.18883086011464717,0.241124358603984
-0.19851657073970747,0.2369190973309084
-0.201553876153596,0.23304698096197685
-0.1943476613071753,0.22823172522077806
-0.19192232533605616,0.22596680730209795
-0.19772547671862137,0.2352740242005359
-0.2010268440575487,0.23728736696248476
-0.19735656166801901,0.22618361919893185
-0.18893414121737925,0.22876184771907987
-0.19694931964393872,0.23304828534888408
-0.19190904367766853,0.23642837754952098
-0.1903151826258343,0.23891959378809666
-0.194130559193354,0.24217522748919187
-0.1932805482335953,0.24414856753173508
-0.1975937998409379,0.23346377414485317
-0.19930512126697253,0.2401563702121473
-0.1948220946731034,0.23682791474042483
-0.19617167831040036,0.23947554158399031
-0.1975331656374539,0.2308476879755642
-0.18883560374222785,0.23306912145858177
-0.19559355858504443,0.24355274613969125
-0.18827828398056318,0.23051928855671394
-0.18989386641325118,0.2361776956517054
-0.18818661720214797,0.24199584156468676
-0.19130642046491558,0.24322701674191982
-0.18811186275979952,0.23364192862126756
-0.19070747077842276,0.23377669409744548
-0.1993294200770366,0.24375122204286098
-0.19913135516503352,0.23291639355918187
-0.1912997548459853,0.23487747165474337
-0.19462264850931935,0.2436215058973648
-0.18770581707165507,0.23815929827024768
-0.19142707115433194,0.23996485455181263
-0.1867079492456158,0.228063982767698
-0.19886007688388568,0.22971420144827553
-0.19416897362030458,0.22898509924001692
-0.19208847555114245,0.22296634300825696
-0.20663917015488414,0.23425085232215312
-0.20443758270040513,0.22619396123164018
-0.20800207094718967,0.228465806128401
-0.19357952164851405,0.23767743647553188
-0.1911290328261296,0.23750179955166917
-0.1911053177382137,0.24229074766058956
-0.18409982074739123,0.24209475853065454
-0.19052334546156147,0.23684022094228283
-0.19553730140640352,0.2478022017024753
-0.19539945206842207,0.24176045824102566
-0.1962659210120348,0.24756734743509867
-0.19396408543751067,0.24515776552730087
-0.19303004789965028,0.2347441723448488
-0.19424121704991212,0.2329894747946532
-0.19438181609216929,0.23168577510719224
-0.198236205445807,0.22847866990267804
-0.19809766726486927,0.238366529802318
-0.19232960783346906,0.22956567492325028
-0.19647359689069505,0.23128146183493603
-0.19090208102243783,0.2357761282651037
-0.19662174011743497,0.2408563316572034
-0.19696672627372475,0.23976114839572696
-0.19678705237627725,0.23670417589128195
-0.19903822434260274,0.2267780603069141
-0.19870105335710742,0.22855211451745597
-0.1826842394608747,0.24462393712720304
-0.19578625091002846,0.23636395861946877
-0.20299100516931848,0.23295514304997514
-0.19674577701367477,0.23372747288169693
-0.1963948262087446,0.23876805733943182
-0.19492755047668298,0.22323413037974613
-0.19913364224064015,0.23330007050500134
-0.1990172725369328,0.23305734661690966
-0.1961539172623779,0.2226378495010965
-0.1949437310682218,0.23087266772167542
-0.19733930122980814,0.23211204599666702
-0.1901937568191018,0.23674483451482406
-0.19551682671976117,0.23086143056003094
-0.19542661312783918,0.23489868092225238
-0.2089409459299581,0.23584072429559882
-0.19726256929310804,0.23374329162734844
-0.18512922518449698,0.235072171999902
-0.19903922046426303,0.23728199842418948
-0.18918538724679285,0.22517854175347102
-0.18938156425607497,0.2361719138054072
-0.19791297165825728,0.23736099828347135
-0.19758990647639438,0.2419805606396101
-0.1915671578046998,0.24041798860503308
-0.20091875709460502,0.23898818800962884
-0.19488159236962238,0.2296208987427984
-0.1948993603152901,0.24103708646885325
-0.20078165081477786,0.23666817500945755
-0.1884357042993259,0.23551686904444663
-0.19361654173857462,0.23524078534572504
-0.19069013139092597,0.23327732891494432
-0.19490234543723467,0.2335527603552369
-0.20140027168606053,0.23763226702175208
-0.19650241037261632,0.237316678305943
-0.19707169184283452,0.23259301870725294
-0.19027382256191439,0.22819747888973219
-0.19381995920274858,0.22883484389597722
-0.19551626781054196,0.23170070443674762
-0.19665643721048412,0.24250283904178305
-0.19561659904302733,0.23504266714081282
-0.20467800692374627,0.23083351836495958
-0.19482842237832743,0.2297165292511645
-0.1956075375110724,0.234667134024414
-0.19193444187327444,0.24062854543428322
-0.19658104396135892,0.23236831526838425
-0.19709273271565944,0.23224228415317108
-0.18862253199065349,0.24092252965913577
-0.18528646119657297,0.24229953744054245
-0.2040554493512991,0.22733513125696994
-0.20403591584446543,0.22745357442391242
-0.19431259753478866,0.2332072682666281
-0.18995138526984945,0.2380902986063223
-0.1886235809015477,0.24568901997182027
-0.19286108260846546,0.23422662677489892
-0.19502169905877625,0.23252215520174283
-0.19079483241491396,0.2428846519714929
-0.19989732746729438,0.23971155058913732
-0.18984749967832834,0.23367351956565252
-0.1921184511115143,0.24229144909170686
-0.19478256527420207,0.23154757341782065
-0.18986118077499484,0.23583255027078603
-0.1952809727291109,0.22789438126854142
-0.19696803944777452,0.24202855662091188
-0.18942192438971986,0.2346990564809062
-0.20390627386998883,0.23232326149135094
-0.1927031838966971,0.2352078204704801
-0.19138877226464251,0.23849195078053867
-0.2006140922752639,0.22667774975333352
-0.19480301169720857,0.2277056471187442
-0.19609995004098668,0.23211001590501132
-0.19970084382470873,0.22874446324166978
-0.20134310686571244,0.22074486089077552
-0.19561515422208992,0.22708795922268676
-0.1978981991557059,0.23302971452126292
-0.19475326871631304,0.22908936628270102
-0.19704351742650497,0.2355217124972818
-0.2022287200350833,0.23177694244835145
-0.19617754142640081,0.23110775359576083
-0.19274572579442115,0.22914313857188112
-0.1967914661808152,0.23781599329808548
-0.18977269876563674,0.22888730026929707
-0.20102606910341533,0.23145191836102988
-0.19952937107087226,0.22478223915779552
-0.1891236803918914,0.23162871101529894
-0.20373007321365014,0.24090176215137732
-0.1908797495146181,0.22734183932743152
-0.18981401510666127,0.23553757605878745
-0.1894985921579962,0.23462866511822061
-0.1953564452082828,0.2407837375395911
-0.19307825385286034,0.23017021054246808
-0.19837994625148497,0.2327210764479118
-0.19308633274579778,0.2329121121887941
-0.19970400251953505,0.23059963199002406
-0.20363129268891447,0.2395659976343776
-0.19425435398165383,0.24072610459107927
-0.19137736775475728,0.2315867198986193
-0.1982701493112301,0.24806905523179754
-0.18657081802049694,0.23853566591050698
-0.19853321717320604,0.23410148155299718
-0.18745908639203365,0.23027431673105936
-0.20499773290872605,0.23574678683285
-0.20379463655656482,0.231435329706902
-0.1861066639454607,0.24649840830589645
-0.19661999508404696,0.23884685209070944
-0.19538601787356952,0.22997771630547492
-0.1862033214347828,0.23045228365501932
-0.19923375830076143,0.24048966412165929
-0.1918814675215453,0.22841857213638217
-0.19803133609983928,0.24098077534737564
-0.18744731665243425,0.23270475851641698
-0.20647774409965478,0.22323660532515258
-0.19105726890336283,0.23705792814380966
-0.19394709515547154,0.23810766425783322
-0.19052573445953647,0.24252413283010418
-0.19901321953750417,0.23774635462417149
-0.19288705992103933,0.2372849776174994
-0.20036456149209173,0.2228908240303521
-0.19944087916562817,0.2334474412590226
-0.19780044199698898,0.23455120509392766
-0.1913271639657421,0.2337409791323147
-0.19688956678539452,0.23690271457855358
-0.19682402075884953,0.2345563637631111
-0.2008622319507087,0.23432786437731892
-0.2000000993062983,0.22405003297053966
-0.1992345178988414,0.2282850954187446
-0.19418071925587552,0.23465409489183425
-0.19139933777510734,0.23378391052443784
-0.19007243221338038,0.2379476976761163
-0.1960535584233289,0.243613350380048
-0.1876359003762119,0.23781280307180067
-0.1982458596376909,0.24211384867065971
-0.1879703084647664,0.23414024325873248
-0.19016849309146977,0.23418161130978946
-0.19415174719523132,0.24474630104362302
-0.18961019976261856,0.2392329189564915
-0.19759155975802556,0.23544552548224273
-0.19852027503770206,0.23637831427849126
-0.1959574529060365,0.235909399868011
-0.1950667729437044,0.24434265356167822
-0.1929365974503347,0.2405191253379806
-0.1963166964279034,0.23606240293090375
-0.19830640583180237,0.22832466021317835
-0.19719268020034508,0.23396696067660716
-0.1963570281606457,0.23128463606198363
-0.2044156787275372,0.2311084135164593
-0.19398439246258958,0.22242210413317623
-0.19234388407988495,0.22943970121487836
-0.19763603898731888,0.23738219656004106
-0.19461165104647754,0.23671045088512951
-0.19657594409343473,0.23271380852931095
-0.19374138741206168,0.23947636767558517
-0.19338141968812528,0.23446179388317834
-0.19010655027039594,0.24307604122409693
-0.19748507345872246,0.2378510817724722
-0.19434979199656147,0.23243203123559814
-0.19181600008279978,0.23408109474504848
-0.19398014193602692,0.23568075854646944
-0.19298744359614453,0.24599072683145468
-0.19314263396956421,0.24236828091234147
-0.20540137861742472,0.23500869347976577
-0.1978717449911549,0.23391230918465866
-0.1897718067066711,0.23755232483008715
-0.19381359659451208,0.23978853443659898
-0.2085073311053083,0.22213472749183588
-0.19360705406529466,0.2312969482873443
-0.19659534502314716,0.22668067490246735
-0.19449587157413648,0.23773428241875258
-0.19469160057894933,0.2367802800784527
-0.19564258057589887,0.2290697742431229
-0.19339453042954147,0.23804967547993605
-0.19439822901401133,0.2366117084001143
-0.20217018842060006,0.2292951639344445
-0.18584124148935138,0.23571149047384127
-0.206165067320985,0.24074128062070838
-0.19644632246866703,0.2301801776116607
-0.18982422603128168,0.23588075428136024
-0.19364725217297166,0.2358014181053393
-0.19765968113134927,0.22632243153388945
-0.2049405959127646,0.22802298961201087
-0.19058530537993942,0.228868245219094
-0.19321488055585515,0.23691356872766406
-0.1955851023979816,0.22870638255519926
-0.19019621799378303,0.2268660549330577
-0.19765648112535586,0.22973238043159855
-0.1914329046991168,0.23649056860544154
-0.1959166801131836,0.2383043552783948
-0.18584212352650628,0.24028829382515135
-0.1987268040942109,0.23691250286679685
-0.19708718590105395,0.2384370596917867
-0.19274158562612484,0.23376672935484866
-0.19419719760199688,0.23283991943852336
-0.19430976306860032,0.23084688713378
-0.19412824855968236,0.23457298939512297
-0.1918975501597158,0.23538561945568798
-0.20111627431395432,0.23812843018835217
-0.19550988833788094,0.22713530256270317
-0.1970766476051125,0.2307174307950353
-0.1976049034250254,0.22818154728446444
-0.1966354371876556,0.22971781768538546
-0.19613219177768776,0.23339115053486242
-0.19242051255828235,0.23818639897792396
-0.19896764904411968,0.24125367070399095
-0.19108433450805867,0.23114758250023956
-0.1917900649696396,0.24154331393479173
-0.19704414098418835,0.22873606631571955
-0.18956419914315467,0.22673430687114113
-0.20120202027713233,0.23516739190881283
-0.1993243689571365,0.23285663440186458
-0.19926526663201405,0.22803863867900076
-0.20021453342944295,0.23100261038924286
-0.20932492576483325,0.2302989961380165
-0.19570514957919385,0.22666919689665332
-0.18647352794927713,0.227464446758237
-0.19519711487695915,0.2134733313556536
-0.19096972233657042,0.2325011145268636
-0.1919527723111087,0.234781679114277
-0.2039434876418089,0.23327855735067685
-0.19977349774389594,0.2336432088847375
-0.19995985693349955,0.23683362819350723
-0.1932684525890198,0.23604382448822284
-0.19826784123284635,0.22758369467991713
-0.19414891602936246,0.2313330388945723
-0.19889628697235887,0.22966212701262176
-0.1999741117683913,0.2225923943383478
-0.2097968176468348,0.2275616947832662
-0.19256044004249584,0.2185551100015445
-0.20731973912120372,0.2230549873974535
-0.1902405935723647,0.22583761968401536
-0.19866441061456305,0.23947159267823734
-0.19031106821102972,0.2379489172947958
-0.20294116292429523,0.23508796648387104
-0.19932094375654566,0.22795157601950658
-0.1947304711976472,0.22657518231162435
-0.1910562211560483,0.23703648455025736
-0.20109408262877454,0.23715412813642228
-0.2056223284849326,0.2398567641240318
-0.19737177607023773,0.23407381375784836
-0.19814789551911582,0.23039826058542753
-0.1868998207300922,0.23143660433671265
-0.18588668997898777,0.23583715050618956
-0.189178656941245,0.23543905577892416
-0.1903471675990553,0.2397983443630446
-0.19697063398412568,0.2330605555376332
-0.19586006575609557,0.23499159667250227
-0.1942482700442985,0.2337057646789412
-0.1945476280187874,0.23061862920717396
-0.19244999894813947,0.22824985777690382
-0.19716546543810948,0.22881003608797712
-0.19542281388176208,0.22446400673122535
-0.19415054417084773,0.23341925268055144
-0.19272705871070228,0.23286033457335856
-0.20408304176017156,0.23736597782692734
-0.19976208037455995,0.22714330083671533
-0.19540412543078084,0.239803345559659
-0.18960507540868035,0.23271385448064932
-0.19425039980301578,0.2297131603902475
-0.19940033047654174,0.23202784177079236
-0.1975301148227164,0.23512005991658091
-0.19924739015224832,0.2327389442102615
-0.19803062541240804,0.2308391732432127
-0.20383289239494193,0.23740720420763484
-0.1968471652993633,0.2241506284977024
-0.19242460234916098,0.22824858953306687
-0.19881152280756517,0.23562182998342687
-0.1980172409887057,0.2361932189238418
-0.18504119949934938,0.2320925177357096
-0.19728218332513942,0.2348759709657705
-0.20150414579440554,0.23078025851306894
-0.19507147204484668,0.2397604121643282
-0.20286988713468349,0.23234812305741448
-0.19239249038840756,0.22970044257862982
-0.20046991752006402,0.22997306276081195
-0.19054695443793182,0.23152685037298604
-0.1890343129557924,0.2384537776740078
-0.2011060081710777,0.23687735553154582
-0.19278538928794306,0.23771415171981158
-0.20696546623932102,0.23381725601450323
-0.18880649216909667,0.23159387028390244
-0.20333200085005337,0.23701256578541438
-0.1954541604049465,0.22619352419015504
-0.19289612979200008,0.22284745659615657
-0.19432212346341107,0.23236360742864295
-0.19593707608956623,0.2301618327774983
-0.20320951006791,0.2312876552940028
-0.19750599175814934,0.2309643518373046
-0.19329993019635666,0.2261206075653528
-0.1915302139231236,0.23892508454124295
-0.19920948551216316,0.23128310248010384
-0.1970875336695252,0.23295071402098275
-0.19488109881132182,0.24013455217096608
-0.19100295386197436,0.23557030708241058
-0.19113569312694012,0.24192541925271177
-0.200470969263868,0.2325668062592777
-0.19618323963178355,0.23148835025187098
-0.18639701624661104,0.23371594377018592
-0.1997298722936831,0.23618573340290944
-0.1922703116504261,0.23398059874818739
-0.1921262787631039,0.23300150571615078
-0.20065180637593946,0.24188012973634615
-0.20031843826900503,0.23120119198420805
-0.1963108898512671,0.23152524147756365
-0.18951922045554395,0.22845585548699227
-0.1931832557781698,0.2283880348735114
-0.19259031077116273,0.23189402510057178
-0.1967090741766369,0.23577877131718233
-0.19362348381038624,0.23418294047204963
-0.1965814923125894,0.22393660211060906
-0.20036233740293352,0.2353525258072056
-0.19900974417138886,0.2307592671739484
-0.19314319733223068,0.23784546913130938
-0.19847792591655564,0.22785996015265209
-0.20051681771998695,0.22497293536275031
-0.20232716271052772,0.22539243790852737
-0.18913200682940073,0.2289307238679934
-0.19267894710111225,0.23301622572630337
-0.20306404401817676,0.22953984375525985
-0.20026598187649008,0.23063864676100676
-0.19801453257258161,0.2281209354565236
-0.2013424753514343,0.22683847316860103
-0.1950149993612091,0.23072378649251243
-0.19605676424034013,0.22584110917329667
-0.20611179759623185,0.23326381566317322
-0.18771248479402267,0.22772100585387525
-0.1924349265243949,0.23054894381703453
-0.1940637271466463,0.23971332848719845
-0.2079154194837145,0.22892420351476758
-0.1911014195723544,0.2294472685997346
-0.21229848467577428,0.23581651127963343
-0.1967911584929434,0.22811904228354235
-0.20128309193194496,0.23132898798097692
-0.19850831957085321,0.2304711939915268
-0.20121108265222634,0.23884776009580713
-0.187212540099511,0.2280141323759663
-0.1996512359115965,0.23013385532128008
-0.19881209116252227,0.22484121112414918
-0.19807880862472688,0.23315314574585888
-0.1988585740293066,0.22675096521001908
-0.20251250436038956,0.2237087192918086
-0.19485853147154725,0.23308164638195578
-0.19889737869372726,0.22387598043138435
-0.20482339134540958,0.22763214157401185
-0.20202543689638683,0.2343171240820898
-0.1948370181452072,0.22858537842581164
-0.20222267903463112,0.23791663932833912
-0.1875586941193237,0.233906309689008
-0.20902529798417577,0.23009486893789177
-0.20352956725451252,0.23482967206917338
-0.19432360137446128,0.2361281317670233
-0.20106362329083832,0.23418633744269518
-0.19613293025919007,0.22913636600182283
-0.20206380211800637,0.23155554800566533
-0.20061341273714078,0.2336964757560628
-0.1981211291368435,0.23800074350362296
-0.2026237075035504,0.2309317330916245
-0.20046194075992485,0.22771922927624025
-0.20409795867389707,0.22502038138608832
-0.19439458614041522,0.2346580355401572
-0.19879658590738514,0.2349673990302551
-0.1993309161722713,0.23167632566293853
-0.1939017471289243,0.2340302245223039
-0.19503899697695284,0.2343129018589965
-0.19413052016542037,0.22952242972324655
-0.20137057678619633,0.23313668679160543
-0.19147679528696412,0.2262842571848615
-0.19981113875096818,0.23302533112596
-0.20480213915535628,0.22315071675446083
-0.20045190732325344,0.22530271113396402
-0.20090690128026126,0.22774954006002457
-0.19711539815162646,0.2413298562159481
-0.20095858552676527,0.22937217872911914
-0.2102816050170677,0.23038548651547827
-0.20342080656486897,0.23014326619107067
-0.20204208134956547,0.22893898474518048
-0.19431169329550776,0.22051956319755286
-0.19708160269451364,0.2311711509170023
-0.20289642721434784,0.23174732965566566
-0.2065406300979812,0.23049214194680698
-0.19898068860881302,0.2328762771970537
-0.19420660624565328,0.22431477603585498
-0.19793134482568692,0.22908080330563024
-0.20533396493168932,0.23410630753467673
-0.19453286782781148,0.22387391644108973
-0.19518296034468116,0.2304122398785803
-0.1934379083945951,0.2311364384986019
-0.18441359918056038,0.23736564212885763
-0.19841479927794478,0.23376672767786938
-0.2026494952018253,0.23537541639781578
-0.20385586069212497,0.23557874053911687
-0.20240999744389315,0.23265780735719277
-0.19090055090563768,0.2274590620449315
-0.19417873007641703,0.23809297804785304
-0.19881763057753518,0.23213828864957273
-0.1942379452968008,0.23170954810836408
-0.2065956142484798,0.23376942751983182
-0.2012979880442426,0.2407915521880927
-0.2081430679616817,0.2296348613869085
-0.1942031585574698,0.23241044457321314
-0.19019198192391015,0.23276558916653048
-0.19277481956259074,0.23642937542372985
-0.19742277419325047,0.23445653422648105
-0.20438032705935266,0.22812575756535616
-0.20214172566840288,0.22760714735009693
-0.20222732567854834,0.23157629287326462
-0.20140795475863824,0.2278926605943403
-0.19907159837450047,0.22022180261801094
-0.20218289975685363,0.22967322345373428
-0.20558856712796808,0.23281685139269437
-0.19570126311975894,0.22762951546010363
-0.20089614017578697,0.22762811934063842
-0.2005587462412948,0.2362632805790317
-0.2052546253893385,0.22692377706360498
-0.20065099502437195,0.22359690585788122
-0.19971298779340363,0.22168783454012575
-0.20057348798857014,0.22281047302124826
-0.2004972800893615,0.2337527561680842
-0.19924932978146329,0.2263927843147521
-0.1999272713909196,0.23447274194754733
-0.2046019259297393,0.23111616311256208
-0.19822643614277516,0.22654304252626567
-0.1950444493896116,0.22910357982121254
-0.20291911598302095,0.2329667458611414
-0.21280113553237434,0.23367615036659142
-0.20098127678794517,0.2251338113228856
-0.19725315716977876,0.2304738875530702
-0.1987567428433922,0.22942458912895983
-0.19929248549512002,0.23418190317233925
-0.20303925078668925,0.22712048394132672
-0.1994370098472715,0.22676986773730287
-0.19956946598025635,0.22315555536606693
-0.2043289558235939,0.22373306447334299
-0.20563333285347454,0.23401494075552798
-0.20911285904640142,0.22716640246606268
-0.20233397189432117,0.22142334372147404
-0.19800563242816693,0.22868363901846822
-0.1975961218537709,0.23899094967829634
-0.20132256416457806,0.23004403474232732
-0.20329449348885517,0.22131402276869475
-0.2044649924511234,0.22821291160608564
-0.20111986076041866,0.22433767700867888
-0.20916993717847623,0.2268856379522061
-0.19395363165560173,0.21637585202618265
-0.18834609684774373,0.23033143934764233
-0.20447783626369653,0.22222590056295163
-0.20865726708716034,0.22760016388259935
-0.19236838194456662,0.23479708166098986
-0.1963449548146817,0.2253529055584274
-0.20234771051714187,0.2291992555217492
-0.19494209467780732,0.22584035255938403
-0.19579560046736164,0.23306167684092974
-0.20057685978411768,0.2409158849157923
-0.20456664881044462,0.22147901647566495
-0.1938556823998648,0.23255956777276043
-0.19783300306099355,0.23350606027526605
-0.20118433406260436,0.23256620900435637
-0.20780187699887065,0.23085377536276824
-0.20629404744184573,0.22000365222428248
-0.19393533589272208,0.2194094423707101
-0.19628328268299627,0.23106077185751267
-0.2024776617915582,0.22985108237738566
-0.20036278836443913,0.22917502232270293
-0.19651932160288335,0.2316018676191712
-0.20499444985049925,0.2248824584419076
-0.20281758810514058,0.22492203326775276
-0.20109693274002205,0.22844476329931282
-0.20903786892504256,0.23177638102538575
-0.19806612043270494,0.22438883227694006
-0.20207615398265738,0.22055315618642185
-0.2019462918073221,0.2233961474814092
-0.20330826904761273,0.22492159845599768
-0.20342959576450376,0.22599416705084485
-0.2024724606350381,0.22845118983076002
-0.2073228678747405,0.22283764400581696
-0.1960428203195489,0.22940802249042896
-0.20575052730588478,0.22130509746823884
-0.20524879458412132,0.2326842695391149
-0.19979640146501135,0.22920033818733843
-0.20590593698677087,0.2160752412486363
-0.19711144298694658,0.23088822718648047
-0.20097583996708782,0.22763600431795364
-0.19956509647031564,0.23240618571739913
-0.20405648450537395,0.2241812791895963
-0.19854263112758191,0.22269401327705513
-0.20016953501883425,0.23302771551572712
-0.19888825870981966,0.22645259870507245
-0.1990382071208743,0.22929000036756622
-0.2030980081835333,0.23250278054679885
-0.19618186222397307,0.22294391746054676
-0.1930031163651665,0.22988197793732373
-0.19870228629532163,0.22254818125572332
-0.20882641086606227,0.22607293213871887
-0.19120198620246462,0.23015043073757965
-0.19848160465194692,0.23127659911592732
-0.19700706385896954,0.22493309367050363
-0.20801280511889086,0.2270802371087795
-0.21300789181890925,0.2280017983951118
-0.21203818646455957,0.21803754992052454
-0.20124722446119667,0.22282186778032498
-0.19391390212564277,0.22870035240134276
-0.2088028585129476,0.22363167762673508
-0.21128825868127785,0.21416456330531217
-0.1920515572018311,0.229519340094604
-0.20465360722010006,0.2180953050943676
-0.20700967003114057,0.22435887213926672
-0.1970104637973484,0.21753454794576774
-0.205492454015024,0.23062679664162256
-0.19670299470045816,0.2211501428637641
-0.2132890910479288,0.22384717802948328
-0.1979097451681973,0.2189219942027021
-0.20817159723263,0.22260018769796489
-0.20122192593611718,0.2281280443744422
-0.20711317335351026,0.2319220490243835
-0.20169688676221728,0.22417085936672715
-0.19627180874099917,0.22832257702894532
-0.20663270167619957,0.22351349837712403
-0.1986237110332825,0.22735456290798658
-0.2021877632143375,0.23346450048384607
-0.19554270329820614,0.22446349477687233
-0.2050763896338984,0.22495917556237777
-0.193377213501874,0.22544417274562165
-0.19420365975874074,0.22553565387533622
-0.20155986139446974,0.22750530098095792
-0.2077768134408227,0.23329699101255424
-0.20922900097694172,0.22597898952005013
-0.1942339523233009,0.2244448444991503
-0.20145172332786743,0.23038574543114976
-0.20545391955368278,0.22793861454882736
-0.194922849664659,0.22601748064479996
-0.2059538177135189,0.23598036731560793
-0.20625384002719035,0.22314766603642097
-0.19260632301191785,0.22800453948891802
-0.2089693603441281,0.2257344248816213
-0.20528110144379838,0.224056809931518
-0.19504976754196615,0.23340142956250168
-0.2048581793800207,0.22551184762232498
-0.1943975400993578,0.2298224219177284
-0.19917981393339543,0.2213003578606594
-0.20283421140410318,0.22413715905280304
-0.20115407405832614,0.22576411592420514
-0.20968006976415143,0.23027385640470352
-0.20302993763168214,0.22584621285479625
-0.2057619229994226,0.22956033926042682
-0.20168449211494177,0.22663893648978325
-0.19418811495103355,0.22375994545344352
-0.21337030104647417,0.22496860400703297
-0.20077499895110637,0.22369164202143557
-0.20275682383408913,0.2273666883473993
-0.1917644401867528,0.22706458418309747
-0.20539727879022823,0.23260185870345718
-0.1999046682456463,0.22755479790588587
-0.19810486367560817,0.2196972147133805
-0.1980185027413791,0.22695956301871348
-0.1997027550819898,0.22291475284992632
-0.20942116608268843,0.22889739724098151
-0.1931305502876196,0.22864615275036257
-0.2042725183253746,0.22262669737814392
-0.20652336491097567,0.22854693628580625
-0.20537523150049106,0.22435423825336742
-0.1987727583685943,0.2249511234228173
-0.2035584897707006,0.2344702231096476
-0.20666980379200006,0.23474978705107077
-0.19022012280529402,0.22238797361389362
-0.20071701413406648,0.22910880423438237
-0.20246935373818792,0.22468936493183708
-0.2051053501483663,0.22887715830987018
-0.1942396685060643,0.23105839256090574
-0.19510957695433456,0.2295523170117572
-0.19825057974004343,0.22244215079352483
-0.20011700987095346,0.22396898780339528
-0.20304995500142975,0.22523935960154606
-0.2064010672282873,0.22605911485604355
-0.20781648818393295,0.22887628950930158
-0.19994410912160326,0.21828300736240444
-0.19821213506662994,0.22690597021443526
-0.20042478898181282,0.22020568486416242
-0.21369134848120716,0.21796933033769508
-0.2062938738408211,0.22366928230696922
-0.20423873153713706,0.21649911298773322
-0.20496909040399633,0.2290236790715608
-0.20635796126169137,0.22192865157269598
-0.20105382897298146,0.22417868651045963
-0.19562146337129244,0.22309841598279984
-0.21421149069865184,0.2217314991120253
-0.1997783850227248,0.2246615728328701
-0.20742949776675584,0.22042675835357858
-0.2042694062791101,0.22200077622176742
-0.20667489287475932,0.21889215236462775
-0.2064197216929227,0.22712568264220623
-0.19866443227388295,0.22735904327608691
-0.20366409477204644,0.2126847563136639
-0.20100430119818363,0.22339830186949633
-0.1997932117068088,0.22794878321940498
-0.20001955640990685,0.22580305842337087
-0.20475513705260845,0.22643286823138345
-0.19848557022876032,0.224021325445495
-0.19990233268098376,0.23195961618427693
-0.20783643484220543,0.21387836501922916
-0.197662587858562,0.21984691193234107
-0.20873180026700333,0.22455431025106873
-0.20537144773406338,0.21640916641301994
-0.20532878062142929,0.2236579044929328
-0.19839167420651183,0.22011799314109448
-0.20210053333877345,0.21639335470729304
-0.20502969000947213,0.2138442707321992
-0.21629963694665935,0.2197802481208939
-0.2072810602700889,0.2236363059310392
-0.20243783479190852,0.2273921122148094
-0.19772731428549573,0.23257562371784482
-0.21349632373499983,0.22558942418049013
-0.207891523475196,0.21964479669740122
-0.20920343958026225,0.21484889452890973
-0.20180065712675463,0.23191381952831416
-0.20675148645077338,0.2291639730207693
-0.20865585084759702,0.2227530597552169
-0.21221379682024685,0.22120325419355633
-0.205497020234683,0.22808264347629728
-0.20761390223651216,0.22655848161015416
-0.19065785424902645,0.23008067951693156
-0.20106082399670527,0.22981375769748386
-0.2056633550813333,0.2184755335824863
-0.20569729112905125,0.22936431054484058
-0.20578468116177523,0.22875091401627268
-0.19804055914585575,0.22693487464790643
-0.20184909039916288,0.22556866202588643
-0.19589001992868407,0.22208614431057924
-0.20235811202013362,0.2209706410787717
-0.21474536227858695,0.21762704109416503
-0.20770789064877432,0.22075634094096785
-0.1976316643144072,0.23401028365243115
-0.2054237655662189,0.21982851902959766
-0.20745610195984504,0.2238623698132712
-0.20419047553096428,0.22069020307985168
-0.20864655983908836,0.2235297406303448
-0.20092248724702508,0.21608493887959038
-0.2137816104245713,0.21885627411029507
-0.20693447289282385,0.22170618932277783
-0.20261229610449816,0.2194832156285832
-0.20135515440255092,0.22194502400657992
-0.20050218620316518,0.22520916460957988
-0.1996882040214453,0.22401590825115647
-0.19936335924801674,0.22455125139586105
-0.20862309057327408,0.21788324437414003
-0.20226714288542005,0.2214096702589309
-0.20986992363259008,0.22199267813616025
-0.20440919943279684,0.22234649533222656
-0.2057212991506602,0.22477441886110183
-0.21564355538226873,0.21991790419722212
-0.20175769525217901,0.22662545946959453
-0.203183930644916,0.22469306997446598
-0.2078363169324687,0.22946597224956067
-0.20230008457844426,0.21837053462935618
-0.20765752114984518,0.2258572040316025
-0.20256272801854475,0.22752078781367124
-0.20650348342772415,0.22278422284359892
-0.19717061659329163,0.22684712135717625
-0.1984310033919939,0.23234833545264505
-0.1945797841935523,0.2237460934858439
-0.20282083503902765,0.2265236094029023
-0.1991673884444682,0.2279241886724634
-0.20334937952732549,0.229279615498889
-0.19763902824199298,0.22419482694538664
-0.20578244764710696,0.22753266818203066
-0.2106334665338578,0.22026942926187876
-0.20560612336908365,0.2166045184988374
-0.20158711349595512,0.23572214207736483
-0.21196853947181568,0.21429027524280295
-0.20201080952916897,0.21578227018252516
-0.20684377358579562,0.22296531694615537
-0.20731259711589314,0.22617817537099344
-0.20422183383525494,0.21992286466855068
-0.2059326758726977,0.23197752969358829
-0.20244619578870193,0.21868112223972008
-0.20420357569598552,0.2255976658964212
-0.20512002545253036,0.22358114742234872
-0.21014227907267832,0.22753519174924172
-0.2038805973467469,0.2173330165410522
-0.20145389573283648,0.2259999049085058
-0.19744230909189786,0.22541302601633398
-0.2052263792969674,0.2266271944873234
-0.21045550012973332,0.21364011496700355
-0.21187353188789076,0.22282939141074334
-0.20825531126741495,0.21825873212249858
-0.21121748329769938,0.21456456787580855
-0.21053155945419885,0.22281512582293417
-0.20796436174324606,0.21894112921493106
-0.21068438358976388,0.2209949721680882
-0.20320961701754128,0.21523934253746704
-0.20226455628800935,0.2197368305474768
-0.204692644007186,0.2196257372540752
-0.2079022981799866,0.22841328202961564
-0.1927599534066547,0.21979510538623195
-0.21027983488088517,0.2143460832599318
-0.20530911148952138,0.22435236135107026
-0.209211461367838,0.22327427673246644
-0.19966726469667653,0.20989610014323454
-0.20572863182420062,0.21549104096662833
-0.2020905182642656,0.22565717601399157
-0.21134143662976812,0.22422636918584665
-0.2043529164734257,0.21316971054800965
-0.20265704226615577,0.22011396426052274
-0.20352222713717458,0.21386274789787682
-0.21220489442482635,0.22569140414489766
-0.20277120543323307,0.22810934207739558
-0.19890672780353016,0.21987051827663015
-0.2059338539595285,0.2183195316861609
-0.20793360392433302,0.22446631105401346
-0.20430733824845576,0.22180414470247312
-0.21062794917785801,0.22374702030717067
-0.20855198781768958,0.2193058353012051
-0.20512422817834347,0.21993481635854203
-0.20383235346355227,0.215083424413941
-0.2016704162767417,0.2211466673996697
-0.20636068991650383,0.22852014218195907
-0.2011794849744104,0.21817805986297706
-0.19434374668719664,0.22740000869396787
-0.20427151645218264,0.2282519576830892
-0.20387221014610987,0.21913636967821512
-0.2085572501352536,0.2269583633565719
-0.20070857804187556,0.22510353304079075
-0.19643227010124276,0.22416296257360868
-0.20786702897570933,0.2170863356243646
-0.2120159564696282,0.21737825777502018
-0.20709947918161561,0.21699866741941806
-0.2015740321889271,0.2202242992687491
-0.2022826430507366,0.22634145507752268
-0.20377181537905503,0.22121126505792332
-0.2036047872311491,0.22482249181012082
-0.20710748233715576,0.22895872650313337
-0.2129685419849046,0.22262379509704627
-0.20383378141649983,0.22458267587063585
-0.20518297077056327,0.21965919113760327
-0.20631433979159036,0.22276670335164803
-0.2040251927160148,0.22536096487888896
-0.203257598146399,0.21975742761775735
-0.20435577890230006,0.2227671876105671
-0.21205105242450548,0.22014422973034473
-0.20792147132551403,0.22054622397970025
-0.20221402524724483,0.22624317221509735
-0.20281665430730594,0.2258289980637666
-0.19984494950924728,0.2259545681505414
-0.20501151578371943,0.23193355400282945
-0.19928922145254216,0.22369823029408104
-0.20584216730023702,0.226757647148209
-0.2092513973174706,0.22273212496398967
-0.20838387578806666,0.21785233329568307
-0.19642903360448738,0.22600150274888617
-0.20091346455086365,0.2264201479356458
-0.2001860849371273,0.22894046623011116
-0.2065583054128585,0.2236221491743193
-0.20993907212131385,0.22418971715492259
-0.2079066335396716,0.22299733214801937
-0.21062162363399103,0.2190113003684593
-0.19897246589811904,0.21612226890344055
-0.2083727415853312,0.21709770661693834
-0.21208117492922654,0.21453943731345979
-0.20774413379107226,0.20836082937971093
-0.20875381108738972,0.21588226452607898
-0.200874529793998,0.21981502582443868
-0.21123887910689862,0.22389815708269908
-0.21213906449917744,0.21330598084191849
-0.21537475350170848,0.21779362461546797
-0.20760114471624677,0.21923845742878584
-0.210565152118937,0.2202836804882609
-0.19899736194411854,0.22549364097529329
-0.20675095811103242,0.22559876821676844
-0.2093059694946205,0.22265376621518854
-0.20270587501646384,0.22275037810426415
-0.20739399464435512,0.23121134069368895
-0.20076156248986574,0.2262365574514732
-0.19790024404001133,0.22930782117704435
-0.2036980465699932,0.2275176557956165
-0.21127464191801007,0.22903977415160084
-0.20404772351640857,0.219251536918
-0.20084394562257224,0.21694354771485821
-0.20741137401058876,0.22089418160959765
-0.2090804112784808,0.22410111127738216
-0.21117870060103647,0.22100077873303975
-0.2080686345959548,0.21580970931851906
-0.21112558954429245,0.2247827537775555
-0.1996096514864603,0.2262480868034615
-0.20369880968588924,0.22551756879665769
-0.21970477872483093,0.21790881403474027
-0.20588178214523434,0.22259305870290857
-0.20758812370886698,0.21828720784595382
-0.20353751379469093,0.22222365568946895
-0.21072238889911063,0.22303960431072262
-0.19753633031607862,0.23040585014473833
-0.1968529345513462,0.2232345893509704
-0.2096049732743593,0.21726713563327082
-0.21049045165369024,0.22450682263806243
-0.20968982107275475,0.2253499690106221
-0.20323086609485114,0.2226563088660666
-0.20498067891057709,0.2095936190280362
-0.20597226644749117,0.20389668278987433
-0.21024332108563312,0.2190507645804727
-0.20800339501388404,0.22049992924869058
-0.20499913021897911,0.22377084068000833
-0.20387002512410304,0.22068956910023615
-0.20769117434909487,0.22375320561814255
-0.19976185774165983,0.21979416698042156
-0.22036816652859695,0.22310000266795063
-0.2048560133833417,0.22011609867316592
-0.21403428820441373,0.2158065721251245
-0.20213875944677104,0.2064076875299686
-0.2249020491500084,0.21504521016400044
-0.19716112492401702,0.21493569469064383
-0.21388716612978964,0.22099593231333528
-0.20350889209257902,0.22289361074609398
-0.20864393729851297,0.22694815094934193
-0.21298138521334076,0.22066400866226993
-0.20702488542892408,0.21938958204334982
-0.2153311315255859,0.22986765987667265
-0.2175308595482747,0.21712618023826685
-0.20665855079995243,0.21729846353659546
-0.1997692577410547,0.22431772997783245
-0.2083959146233183,0.22903800920954343
-0.19375535504430633,0.22103441718260636
-0.21281967043272138,0.22688322042542916
-0.2119063965614457,0.22430449788775975
-0.20701457060631445,0.21401640557038995
-0.20326264554915013,0.2223139330201925
-0.20553482142625823,0.22069342815866638
-0.20413386142440224,0.21888246977781584
-0.20618907674924702,0.21915787920002583
-0.2098440036122163,0.2210707231513407
-0.2119735350350119,0.21536192218580577
-0.20627393280469344,0.2183974311556105
-0.2149108129133268,0.22562465400123194
-0.2045015634373067,0.2252304124182315
-0.20207178576967164,0.22720951374845208
-0.20490403989654923,0.21704018411722184
-0.2172129863763359,0.22359122674583062
-0.20144747199255955,0.2234785113125511
-0.20351180284815643,0.2206299175925004
-0.20687088360395897,0.22175121079031573
-0.20261240721571433,0.23188846084921402
-0.2029959408976571,0.22632024242354523
-0.20513759952685579,0.2219453039869443
-0.20503529522157748,0.21041343783638652
-0.21051881326505523,0.22486196684511173
-0.21348124573165284,0.21563136569310073
-0.2049869495692122,0.22095390954858832
-0.20432209293466017,0.21896288570715133
-0.21236406402061334,0.22108977967185103
-0.20726322810775533,0.22556685418928185
-0.1973172366501615,0.23029476131719745
-0.21718429932920996,0.21859350197275676
-0.213053627300411,0.22291386917977019
-0.20020213855439986,0.22531797401493794
-0.20959399799189385,0.21651769592203818
-0.20057974888106864,0.21016111497100703
-0.20976124930746545,0.22495331913045974
-0.20739811078570425,0.21714835991111
-0.20764484650152915,0.22196682361705594
-0.2035416905613048,0.21975946176805097
-0.208054007692868,0.2157410244434678
-0.20899149325172292,0.22087778097191257
-0.20337862216318317,0.2232351635679211
-0.21474082171757308,0.22477068669967437
-0.21022590733906146,0.22097370198510552
-0.21036458334628033,0.21906226311698632
-0.21246020121848036,0.21790698991373716
-0.21573013481246503,0.21711078570424197
-0.19632847720824714,0.21214493502656784
-0.20827844240229465,0.22249146420611965
-0.21348913300644137,0.21657673492618637
-0.20407245756580128,0.22171986563898619
-0.20716835711362044,0.21797836418523114
-0.20531390092901472,0.21451801732195297
-0.2081025425453842,0.21279766766663236
-0.20310391691810514,0.22301554134264037
-0.2050284345508656,0.22140357363521837
-0.21340772091923318,0.22783111140911505
-0.20179330928082603,0.214147006478026
-0.2108339504040716,0.21472603313144842
-0.21171469383729616,0.2213118248407155
-0.21373117842175682,0.21751015656370784
-0.2063954158114783,0.2205578953819328
-0.20839658722127263,0.21708514592911457
-0.20233809457338828,0.2157750677732457
-0.2030758050775773,0.22197026223632849
-0.21383074498001187,0.213818356112602
-0.20326335411364402,0.21709261758523063
-0.21010757910324268,0.2127740155520258
-0.20086227366364406,0.22137548601334137
-0.20770063782238526,0.22243989976142556
-0.21139293118274846,0.2157026277204569
-0.21125565244310585,0.21613003467333441
-0.20143219516504482,0.21815997962048916
-0.2069011520872574,0.21993132808364557
-0.2088684961072958,0.2120603721239401
-0.2127118230513398,0.22312302405749002
-0.19735028859151998,0.22496109822023305
-0.2018141608853262,0.22267608624439061
-0.20658059356353842,0.21811462890234765
-0.2149320920963963,0.21948223880624632
-0.2103014689470533,0.2154977707542141
-0.2073880161056116,0.22148446828511062
-0.21044256065118475,0.2087961990380031
-0.20796855249925864,0.21829522676425014
-0.20828615010314308,0.21328332536065436
-0.21252967654198454,0.2171178361584954
-0.21183404218548998,0.21351065450512458
-0.2177352438866323,0.21186285479516312
-0.21023658246163904,0.21757681894875547
-0.2071210191266504,0.2192723080436682
-0.211409229129992,0.21147581288514675
-0.21009284651717394,0.20633548254723172
-0.20946269852076063,0.21103672635433052
-0.2077695168005334,0.2099793273566432
-0.21339554513119768,0.2240521341306097
-0.20141067578585978,0.22134237295984072
-0.20480986330535803,0.22159121809887075
-0.21506099548176116,0.22449034567971884
-0.20436522208014257,0.21632691212787555
-0.2094051588207068,0.21413926938162725
-0.2034021978215648,0.21773291165724748
-0.21025709864140282,0.21599114340255693
-0.21267610266667428,0.2183618336903353
-0.20599402185690507,0.21405899550577517
-0.20705763219196763,0.21889444947984998
-0.21271120936555274,0.2199758381129441
-0.2173406270338539,0.21430661605238407
-0.20527978015314746,0.21070371951125536
-0.2059332198868259,0.21327174615485073
-0.20300068858894224,0.2211637287678551
-0.2114539146824671,0.21755719708563415
-0.20574669624947217,0.21763772327659112
-0.1955900394578127,0.2157322855524521
-0.20114190069844676,0.2296722766942944
-0.20609066904673443,0.23519948329759113
-0.2073683878228932,0.23116306818079788
-0.20468039305196567,0.21901235902596938
-0.21262644854095936,0.21158219569427714
-0.21350497921749947,0.2195849984398853
-0.20668472971610025,0.21516551514492127
-0.21113195101957857,0.22325903173130607
-0.20658269491728729,0.2161162911080716
-0.21000203172927012,0.21777203498311526
-0.2118103402380702,0.21483395825748414
-0.20992736984501795,0.21223439662176533
-0.21172955107169508,0.21412350945775582
-0.21002927580191774,0.21745381878994324
-0.20920103378208518,0.21703888338845545
-0.21203597144142414,0.21783505427513522
-0.20960372015571158,0.22221067491469393
-0.20384058632371785,0.21557450455927205
-0.21250600138138304,0.221684012217883
-0.21055458752906822,0.2151033055923575
-0.20019010630311157,0.21333594785755464
-0.2179649625369835,0.20458972532532504
-0.2175071402414655,0.21341028011477303
-0.20593718580087586,0.2165898669393069
-0.20984099914572568,0.21658571538528862
-0.21266467232088263,0.21318493127638957
-0.21421933348583744,0.21650546786301897
-0.215266436688992,0.21299694851801226
-0.21895787752134635,0.20478148713053632
-0.21750298554380001,0.21451542569075144
-0.20271663480358834,0.2147012338930619
-0.20597365155207406,0.21144056011461676
-0.21410677907343362,0.2134641509802749
-0.2064448348459721,0.22298829119711522
-0.21609526143020433,0.21654525841844371
-0.20808716475952124,0.2204594262559677
-0.21647992262291885,0.2241652334610663
-0.2073026613133368,0.21421497410327153
-0.203680042678463,0.22019743496881072
-0.2132521143619256,0.2175722548325022
-0.2095621812730778,0.21008374069073368
-0.21332720436489722,0.21660800968026236
-0.21167677493516174,0.221834350160627
-0.20234492745524268,0.2173322605720177
-0.20273890867763072,0.21915560830460776
-0.21306673757464345,0.22013091658261155
-0.2089888771140488,0.21261343316189857
-0.21786254351331838,0.22207305591100038
-0.2146101503826029,0.22337271350474827
-0.2040882340523451,0.2158928820241391
-0.20545274635453134,0.2230531863590521
-0.20709675747485595,0.21414209342876558
-0.21963912970752994,0.21439724865007392
-0.2082240766577999,0.2132743195723126
-0.21512749773606002,0.21423159727023167
-0.20781815083419158,0.220583306556895
-0.2086628187650059,0.21419323416273608
-0.21538847718017148,0.21680858667881028
-0.21586928933091892,0.21585091420077387
-0.2075343546848515,0.2193349495526627
-0.21138997898647938,0.22613805407790571
-0.2067028567636236,0.21049057262688897
-0.21209552727989667,0.21661137095645447
-0.20984310499552106,0.21774313468738535
-0.21065858736938717,0.21668148959661562
-0.20868103508240246,0.2116165327246678
-0.21727674613766895,0.2194783607558984
-0.2070018400625746,0.2195357713006149
-0.20445279982642023,0.21805031752192613
-0.20710895164134882,0.20998384486103117
-0.20402876370461684,0.21612487502467248
-0.209374636134597,0.22100392319094145
-0.2220589942931336,0.21444245230544973
-0.21107036905899734,0.21950692481878015
-0.21612776438654058,0.21053221696608618
-0.20952289068557067,0.2251326920602625
-0.21936020473754053,0.2134075038768486
-0.20427403707794273,0.21529407770511702
-0.20699053392846847,0.2191017995906471
-0.2103977954186587,0.20723820606855348
-0.20872210483163,0.2148802940238792
-0.21046362848420677,0.21667381143253583
-0.21314620693066513,0.22749159142630487
-0.21818176057687608,0.2207965664424619
-0.20270975228954533,0.21571686901689996
-0.21569945987935402,0.2143331440543263
-0.20644015477289218,0.21784644444012957
-0.2149364417403819,0.22745435122392857
-0.20817797053612633,0.20798824010998018
-0.21337223575585132,0.21428204508897494
-0.20437711875899453,0.2141965751707713
-0.20432271409816208,0.21991394193387936
-0.2093981692285454,0.22441483171519497
-0.21320248028905958,0.21938784426720556
-0.20525377736891579,0.21730799076254875
-0.21195884522529893,0.2135355529146825
-0.21499581516792451,0.20854675155107885
-0.20329298258943235,0.21653917829468847
-0.20588113346856876,0.21986229313501343
-0.20058482933123878,0.22668084338279107
-0.2069600344281841,0.21897332559799484
-0.20769760808351018,0.21691785946298708
-0.2063012218784203,0.21123058019733462
-0.20807842960919357,0.21409288155447273
-0.21042322624813053,0.21321273555372994
-0.21535036070146044,0.21507851562308872
-0.21509167579165134,0.22608634306338882
-0.21302761486744448,0.21643468488272447
-0.2064365993587948,0.20618869917204213
-0.2101602366836627,0.21203994121518363
-0.21198725097415194,0.2129125891009466
-0.20971746401451694,0.21644343419770953
-0.20402165614424325,0.21058046874130582
-0.21249411884989058,0.2204127267414251
-0.20717255772459783,0.21449575040370578
-0.2085534639957477,0.20931803526793744
-0.2032803198458608,0.21821848676890643
-0.1991047856428635,0.22496113795059444
-0.21137918320642213,0.21311509608047915
-0.21616675296526544,0.2207185146836686
-0.21240081423177076,0.21850857113472888
-0.2091449203422348,0.2178110932557484
-0.21121342704638466,0.21491901355684706
-0.20441996116506705,0.2159795751416686
-0.2143706543613713,0.20954166508245906
-0.21561657292815553,0.2071902275144104
-0.2130390179758272,0.21488721347460682
-0.21100542621014426,0.20957770143825055
-0.21182331853598207,0.21725052035169864
-0.2174082633057794,0.21718811416321507
-0.2106105563874798,0.20839951926615985
-0.20400198175711404,0.22112381032629874
-0.20832456271007746,0.21240994999841994
-0.21111875675403569,0.22098721481153982
-0.21566132597858567,0.21221808800527958
-0.21765320891087797,0.2087795439094928
-0.2156031928219996,0.21617233701218597
-0.20941758494755897,0.21978892040794307
-0.20914587148400116,0.22372788921592146
-0.20919393190623178,0.22445896871546975
-0.21237830170178942,0.21629478621726572
-0.21047361033192133,0.22176934342314106
-0.21404183743761002,0.2161780064976609
-0.20950978586160598,0.20956153770151048
-0.20105022069756903,0.2182790007758101
-0.21176057133656812,0.21740029696274252
-0.20350342363313986,0.22019017861934845
-0.20561534335424358,0.23169761342647818
-0.20957223753126436,0.22057014849954987
-0.20037379323821763,0.22288007307362706
-0.2083456910346837,0.2266104673131078
-0.21381941742597685,0.21659764851330274
-0.20705330833755425,0.22005840092351772
-0.2047233737317927,0.21971605891381052
-0.20521505993782616,0.21548654932527328
-0.2141454912377338,0.22311961275209471
-0.21245082695431072,0.21957486427540382
-0.21157655033842504,0.22509552085985018
-0.20867274475969277,0.2175311156980726
-0.21018693689625215,0.21030375073135757
-0.2164554732886129,0.21691782650169056
-0.20639051581732565,0.21976105965387543
-0.20455261294212204,0.21507520311080938
-0.21182567363994856,0.22410103709342527
-0.22044601850287376,0.21387148046207438
-0.2086149138622886,0.21144089813803393
-0.21262248187827135,0.21658992343232844
-0.2122148151339842,0.21036113309042753
-0.2125401134140585,0.2166467058056101
-0.2093240038293743,0.21749576472073373
-0.213240061885331,0.21505741859403216
-0.21547777730600728,0.21504107674160125
-0.20398024474189067,0.22078667251813172
-0.21112822292630984,0.21586988367108037
-0.21565701995605652,0.22532842165142167
-0.2115099657288317,0.21581199968501624
-0.2075481463124613,0.2145943995816218
-0.21034494465160664,0.21357455099443484
-0.20430288250991033,0.21397858062889405
-0.2132604563059785,0.21205423659507877
-0.19839294784619782,0.2120631056628834
-0.21365387985454523,0.2177613515496049
-0.21187201565563044,0.2151598293695528
-0.21272084593768842,0.21197750595726567
-0.21872909187559275,0.21487808276177658
-0.20713783926440824,0.21159420464963458
-0.20623853665395317,0.20695720188102557
-0.21205606941521854,0.21067596767938554
-0.21830493138896653,0.21695303081470163
-0.2030878448848411,0.20909571276697525
-0.21423904059266258,0.21596617905782836
-0.2117583785568142,0.21973601332342652
-0.2102825332615074,0.21496310453706088
-0.21376760207311077,0.2169559778903918
-0.21068143800592673,0.21128699836919873
-0.1961616632376807,0.20789676634996127
-0.2134686282277825,0.21740027602488213
-0.21789062801725098,0.217566221290417
-0.20478053020967643,0.21545411427285785
-0.2016967301489919,0.21518705745833805
-0.21756962004558625,0.21266706707475008
-0.20774027451260002,0.20890872687218953
-0.21345929974882,0.21766069736217683
-0.21026576439963587,0.2104852261568752
-0.21340484955778152,0.2044307481757982
-0.2147752820466478,0.21337203465202895
-0.21555033626198106,0.21823609623555118
-0.21488606273042035,0.2086709077065157
-0.21407957055457963,0.20523509457139064
-0.20780593580595455,0.21206388731179188
-0.20866796109437696,0.2110155531008644
-0.21387591665931693,0.21061234030678053
-0.21520107355561344,0.2062359223868074
-0.20271432035153444,0.21526203293276816
-0.21992192329705817,0.20913291182195598
-0.20590827079869287,0.21301116545220194
-0.20839576305485508,0.21351791756602173
-0.2084764852325843,0.21128536129505832
-0.21790448539379476,0.210518399680952
-0.2084598157551159,0.21462358065314968
-0.21032560743723425,0.21158015782526468
-0.2124573838195109,0.214623244290828
-0.21068804965474036,0.2111677728802496
-0.20963592047317556,0.2134823744301418
-0.2021466881119678,0.2086328885329781
-0.21210497078413637,0.22263526126653324
-0.21096743637547924,0.21501083589426717
-0.21432536237377214,0.2126060850266185
-0.2082709715269834,0.21067171615663594
-0.2073763417034139,0.21751402464272582
-0.20904236053224737,0.21291104499476127
-0.21299819482188867,0.20961266650592703
-0.21266023766508033,0.21265374219758615
-0.21543878291265353,0.21038490602523993
-0.2100657878657151,0.20437210732676345
-0.21727791577885913,0.21374366474407105
-0.21546080549097976,0.2084811328284731
-0.20714238938713103,0.21164515217815597
-0.20732995541488106,0.21385982570527287
-0.21260791817340755,0.21069684960187923
-0.20327381552342802,0.21287616574276977
-0.2146748425622224,0.21399561187318142
-0.2144089036100825,0.21453736693390552
-0.20982599955828535,0.2061447899043491
-0.2168377378446801,0.21289438174620195
-0.21654282846516398,0.21141919404614246
-0.20998395004329426,0.20496615417718236
-0.2115100269116418,0.20720769738331699
-0.22080864815293447,0.21589510576389614
-0.21210272385665843,0.21212739922045265
-0.20364715761267974,0.2163850082875455
-0.2125626042222407,0.20273088657946609
-0.22402959651918808,0.20785581251389262
-0.21278521196717337,0.21178863148872754
-0.21260381513713536,0.20757433668022116
-0.21372737539781117,0.20280305806541546
-0.21146228580381737,0.2078685119502069
-0.20521486784209245,0.2147405961744611
-0.2141943637267618,0.21293767572393676
-0.21490646204048203,0.21164137721695034
-0.21263320003506855,0.21235863132084906
-0.21523146810626734,0.21176647507419152
-0.21468946596788008,0.20598324750462205
-0.21680781901317503,0.20806196489821924
-0.21481753728368988,0.205907338052235
-0.20514352066259395,0.21472762896134123
-0.21430910523837285,0.21610343689721281
-0.21936724638773528,0.21160311243443913
-0.21489227095374352,0.21435249795285838
-0.2197407173895652,0.20171887108276532
-0.20783891392767984,0.21408652178122628
-0.21157736805125635,0.21833672586630704
-0.21369778271006157,0.2084577412052224
-0.20977601349001102,0.21119764373513142
-0.21196727688920944,0.2093938083219353
-0.2171542851473761,0.21043538895744687
-0.2174095639569551,0.20528950917393773
-0.22241688307482033,0.20791402716729399
-0.20710489376508182,0.2074607143940462
-0.21721409821876547,0.2089105202854844
-0.22053312170598074,0.20596728174240964
-0.21284173327556896,0.21171126756519815
-0.22532991069886898,0.2113364193803115
-0.214934696564368,0.20920272064248877
-0.21391615612036982,0.210488645357102
-0.21602358968030577,0.2084492015123911
-0.2154762882182081,0.20890874898287606
-0.21449771139057885,0.21300919874359445
-0.21439652231008954,0.20545599685561733
-0.21299277357292498,0.21206957389613168
-0.21269668331594205,0.1961665119755816
-0.21282204640561003,0.207736273630869
-0.20919080531664477,0.20647205279555106
-0.20349313345233713,0.21017422209749181
-0.22106683954391823,0.20673312968726948
-0.22128248424199404,0.20679476015941667
-0.20745871936708354,0.20525542691245555
-0.21095860981928724,0.21238489450908166
-0.21338350211398127,0.21000487125455955
-0.2195712380144198,0.21155105083634013
-0.21619248724497225,0.21129769680291788
-0.22597065444208353,0.20374148944040976
-0.21977674307229708,0.21093789829714216
-0.21974079634232196,0.19858317444676693
-0.21433602505996663,0.20877987854058253
-0.2120409281222171,0.21296086060591726
-0.2164143743536566,0.21199106986175925
-0.21882273766578675,0.20953847427582892
-0.2154624201656091,0.2077241373647515
-0.21736814461388299,0.21222815179793714
-0.20697525815947004,0.2053669366019943
-0.21031375034462113,0.2114669177445364
-0.21647119522615454,0.21000896289031828
-0.21965861287644228,0.20505598650630744
-0.2110491199467603,0.20645094886359786
-0.20994754808459754,0.20570076740425886
-0.20722701288274295,0.20790415970788753
-0.2193612737433262,0.20974432525355263
-0.21575335196871542,0.20859083907750034
-0.21554724693302166,0.21085361302556563
-0.22227547996319794,0.20995011899877578
-0.21926581219694938,0.2109692272085368
-0.22282603237299578,0.21263562077076067
-0.21148661924160173,0.20419524976418305
-0.21531527000149617,0.2050791084649085
-0.21533862510815016,0.20884158563395078
-0.21680197696019005,0.2133496345675753
-0.21791631303777312,0.21124294362519705
-0.21139933902125493,0.2122812778240731
-0.21746377354901017,0.2055491545395584
-0.213716974497957,0.20895494453250166
-0.21499927468166313,0.20822709853990587
-0.21232403962571364,0.21282114446929712
-0.20892165321037157,0.21595969902112824
-0.21238777797124866,0.21189971351799805
-0.21058557486189064,0.20927891354547323
-0.2172771765308411,0.21789877104241379
-0.2178612964521424,0.21435760591332878
-0.20907889165535168,0.21434743064237607
-0.21829816086934187,0.21193899601964566
-0.22114700110940658,0.20877590139789928
-0.21307631828635257,0.20934915807230092
-0.21017238487088155,0.20960210918454883
-0.22613902496970847,0.20803713606816007
-0.21528961118607168,0.2101571813547027
-0.2082168570779053,0.21059927099591902
-0.2163667140671641,0.20727759930530065
-0.21303475188981533,0.2100915710576181
-0.22010398145612237,0.2038223748536235
-0.21975364591426796,0.2105740114911504
-0.20929492234538494,0.21130187875464745
-0.20953721609077863,0.2166762045532299
-0.20808649248810496,0.20747716997578053
-0.22185805625003788,0.2156097136971303
-0.21054008530405957,0.20595110708743347
-0.20962683254854808,0.20750111470952243
-0.21907931104166808,0.21038553270680152
-0.21556141082809605,0.20848990395701472
-0.21914439251371526,0.20538729061120156
-0.22143806304811814,0.20223006589150336
-0.21175802719546508,0.21133971924908132
-0.2114576320845606,0.205613804491356
-0.22178440887297893,0.2066180668083389
-0.20448374039544703,0.1992132189020229
-0.2205902793578127,0.21572800885216967
-0.21425001669800112,0.21094417595164053
-0.21890009301052832,0.20563710536329338
-0.22421749171951647,0.20872694541486259
-0.2098708840907938,0.21016386366254744
-0.21055092831862582,0.20874631271682853
-0.21701866289916488,0.21195747339550192
-0.21205361202567616,0.20414123691592787
-0.2165899964159186,0.21170224083501946
-0.21546344268190423,0.21082730885539713
-0.2170872349451735,0.2044671815473494
-0.21443159183576901,0.203022832340281
-0.21469691845118466,0.2119219808813363
-0.21880686495178486,0.21005245086581004
-0.20972786856628553,0.2169754605847782
-0.21405177970910924,0.20668588907443172
-0.22599671323275014,0.21518769701727802
-0.21831280965559732,0.2175224466463693
-0.2116806248411238,0.2128656941921134
-0.22139883189737453,0.20617038056585105
-0.2162309929992311,0.2039786440548885
-0.21184831261733542,0.20505705323672568
-0.2113121594640743,0.2112241930903099
-0.21262942272113156,0.21544315877798992
-0.2118593949218695,0.21593404951752826
-0.22406579383831493,0.2089094371296708
-0.20896404636138116,0.20935144044307696
-0.20683728659025913,0.2131045676793241
-0.2129709387786962,0.20912657078770613
-0.21905725508808382,0.2075045173603007
-0.2142861833429317,0.20627615242614658
-0.2092711407148571,0.2126895478955793
-0.2076749469903492,0.20141048855335505
-0.22696144097912782,0.2066000840160787
-0.21339617772863773,0.20852018737873348
-0.21746884285592386,0.21102124059938254
-0.21069996794218618,0.20688451743231007
-0.21288952678913492,0.21288362636624142
-0.21544511954011195,0.21140645901181282
-0.21513208930298602,0.2073186077651901
-0.21726856230168787,0.20779934660120963
-0.21321277682587617,0.20985317483815147
-0.21667901881249885,0.20924203632899854
-0.2132593389137997,0.20972998449901617
-0.2167073215467403,0.21025697421934936
-0.2193188849401121,0.20582333204372238
-0.2186018263364024,0.19753107406420187
-0.21557655970514486,0.20269219695954213
-0.21556490082680946,0.20709963330157394
-0.21801927822069178,0.2077047085218478
-0.21724692334154175,0.20552001827032312
-0.21131228176870248,0.19966791343906326
-0.22516774926401942,0.2015594973974747
-0.2191395459718251,0.20588678544563174
-0.2225027713037303,0.2139484936712471
-0.21383336417995297,0.217468265517428
-0.2057548740567881,0.2132810146169902
-0.2110371564172463,0.2046628328593449
-0.20993242846190344,0.2046567291645253
-0.21887704111374517,0.20352736861361886
-0.2092756547332761,0.20767572356241548
-0.22025910742273386,0.20480031568682858
-0.2108529682287127,0.20318110233811976
-0.21526355139950423,0.21204160583952433
-0.22555349587244158,0.2112583720034241
-0.21817952123172127,0.20406673872131026
-0.2275792692783527,0.20673104839384787
-0.21696619355601932,0.2012829581828987
-0.22301366493232994,0.20553515838545092
-0.22452614445728192,0.20419777192582228
-0.2133809186293081,0.20696620819179687
-0.21769232870463268,0.21320934720742926
-0.2155809975238664,0.20777460372998305
-0.21577851980041596,0.20433778827521723
-0.21163167184623147,0.21218104882552183
-0.21797669162840985,0.2068720411349363
-0.22254491677283877,0.2135118930282741
-0.22151403938934816,0.2113996793051935
-0.21498261086649328,0.20739914564588904
-0.21664320806257875,0.20424983879263967
-0.21220974701565357,0.20834830830334886
-0.22430150636586713,0.2125252012960266
-0.21890448835541107,0.20330911871376664
-0.21547918720473955,0.2095493079458302
-0.21733423697061793,0.20533429373512915
-0.22424703599070814,0.20698659484050547
-0.2122639435683937,0.2088232458938432
-0.2223640983798381,0.20967038184762746
-0.21133590785893883,0.204378784837226
-0.22080444105091185,0.20370086432429999
-0.2052065494959498,0.19808733049417174
-0.22000973898071582,0.20390541351778418
-0.2261596054195356,0.2060333664558724
-0.2137453381914722,0.2032613279597471
-0.2129243495260467,0.20214969162948343
-0.21054252561014433,0.20522982306243215
-0.2191766946860547,0.21174192883999315
-0.21530680481563175,0.21496793699499325
-0.21459036784137928,0.1992158980407498
-0.21424062536262034,0.2078339778311253
-0.22459615670712446,0.21384205760270208
-0.2176459173211314,0.19865349439954696
-0.2166716309277419,0.20010454496575605
-0.21952361277717847,0.19991402362006358
-0.2223873718184015,0.206030276479648
-0.21543461666430525,0.20679998395805385
-0.21389797622207077,0.20701728112779716
-0.22070817923509578,0.21360434854021682
-0.2144128706821662,0.20035150133838434
-0.21424289118990184,0.2006893008027268
-0.21993605084824275,0.20659808938332222
-0.21887353233938237,0.19981862010966397
-0.21495954737163264,0.20382282373395572
-0.22192968119836223,0.20322484140405261
-0.22535504767971684,0.20268808867592802
-0.22104341604914657,0.19557360730864148
-0.2098298173838497,0.19699445676862656
-0.21697833610705786,0.20084134174591492
-0.21960872080617402,0.20833505267218688
-0.213231192149855,0.20035688577651847
-0.22605219497806942,0.2092279717676153
-0.22023814770833425,0.20390295122982416
-0.21324955339537552,0.20872956766194728
-0.2215229268571642,0.2010257326884392
-0.214898210788758,0.20323461278766788
-0.22201140640932698,0.2103167609095501
-0.2154019604619257,0.2010537431395323
-0.22252692816337835,0.19912734554552738
-0.2229252253125942,0.20154794868815687
-0.2211108424046,0.20238532669329212
-0.21687317909566778,0.2031186737510441
-0.22694043079562395,0.20359312110751637
-0.22153069645841025,0.20554824950976092
-0.21319262288486293,0.19759186452623198
-0.21375820812221666,0.19807539173264938
-0.22421496414468284,0.20093536968509484
-0.21863960501922733,0.20713619900734595
-0.2133295690436642,0.20573524259906553
-0.22006338410497936,0.2120530976166471
-0.22256358764992637,0.20724121997125833
-0.21932562530162644,0.2066203136024721
-0.21350900556306118,0.21117661292795764
-0.21053576792603776,0.20753633463799157
-0.21850180198538477,0.20652029950061546
-0.218489186498863,0.20565949137943207
-0.22737412655278094,0.21051703472250344
-0.21966479767817235,0.20327750630289426
-0.21889641020227207,0.20485789145090164
-0.2176605038288219,0.20396764391590025
-0.21769704345148877,0.2069960132083884
-0.2211897674864397,0.19927198082313297
-0.22651834881114638,0.20847173707360567
-0.21675704245897895,0.2022023005634493
-0.22325168369498558,0.2069300274005213
-0.22274637094745603,0.205026727006532
-0.22144502181200065,0.20427956377171896
-0.21922566995342044,0.20520493653981847
-0.21957381739693738,0.20901196070195596
-0.20947565509100977,0.20392307020608572
-0.2136931253333749,0.20726322300812794
-0.22053281813221232,0.20780142262745674
-0.21365504453878023,0.20167856074748824
-0.21559005354386548,0.20431695352502774
-0.22273941910196146,0.20469943303769375
-0.21694991845421854,0.201015585447913
-0.21403560800272584,0.20291743175714638
-0.21976560785667448,0.21603113523719664
-0.22288630386339223,0.2131989705157828
-0.20754242422363803,0.2083376691964722
-0.2189159360195605,0.21521841302706554
-0.22165543185905884,0.21352346518222065
-0.21644814563859802,0.2069124298686234
-0.21195981926009394,0.21445313905891442
-0.21194299995858532,0.20557808944646253
-0.21988802393369777,0.2032319999460716
-0.2211770433087171,0.20166969751023572
-0.21865188163161228,0.2028428499863704
-0.22402365480055164,0.20210840405186756
-0.22726201826708378,0.20201054878398586
-0.2236798848664297,0.2044232395683895
-0.21466297285242722,0.20621463548606037
-0.21794904854875516,0.21203826933045253
-0.21881778554711429,0.2043885800660452
-0.2239778529996913,0.20476985562989103
-0.22448918377555446,0.2045984112145188
-0.22301924243002821,0.20829042396088948
-0.21992041515104466,0.20163973037720104
-0.2209442477099844,0.2009753906029462
-0.21279303259900423,0.20470304289155172
-0.21267059444359945,0.2104513778210196
-0.21196515700027213,0.20748414392106052
-0.2168833350077053,0.20433994565581345
-0.2104740873940186,0.21281878004643925
-0.22394372303381552,0.21318014023061602
-0.21016458054826387,0.2079995079360193
-0.2126463129093213,0.20284123314488073
-0.22469899558026704,0.21316715460451907
-0.2231430212525969,0.20316202916393727
-0.21368662860236026,0.20182421540688397
-0.2163653810133746,0.2057016294856658
-0.21603358609897114,0.21014380672858202
-0.22580250767951426,0.2034220342705712
-0.21972088484644486,0.19622379357129088
-0.22192762285657092,0.20418921332740647
-0.21580197741862978,0.2057287081353729
-0.2141487937909246,0.2024172036146355
-0.21978503303593475,0.20088814381644718
-0.2097401964411105,0.20272053347423188
-0.22404796666401672,0.20064033247996105
-0.2118317207152836,0.2079436615380894
-0.22190241529976631,0.2134554522465843
-0.21175796045411693,0.20649640279537726
-0.21750386330236304,0.2127247837463742
-0.21717720435389581,0.21192139707306368
-0.2098647782616612,0.20988106682808072
-0.2163608518613924,0.2101907025295665
-0.20898230835437334,0.2136072951796964
-0.22011831167759272,0.20986792131477708
-0.2186784140105671,0.20147132133718296
-0.21963080423290537,0.20001251606316608
-0.21729436253620701,0.20083258510782523
-0.217927223574407,0.19746015630205604
-0.22482904874041612,0.20800241825531554
-0.21773506793647884,0.2085976683047944
-0.20999230775853323,0.19939075080681185
-0.21219483203927067,0.20194674486161407
-0.21876139193742233,0.20571119853466263
-0.22281852628657367,0.2009285380086361
-0.2276363954440703,0.21115792358898555
-0.21859444204257164,0.20275854291634668
-0.21676774575491584,0.19795516669511326
-0.22351867854377577,0.20731295155367516
-0.23107924318851755,0.20578871512566047
-0.21255832152450005,0.20139866983618068
-0.2170320912767088,0.21113352385167297
-0.2206227130274635,0.21165682281090453
-0.20876561633468455,0.20909937026031594
-0.22606088744086963,0.20815540569936536
-0.21825815499315676,0.207112112051425
-0.21595748122205827,0.20943710592447978
-0.21031955181663478,0.20968158938378237
-0.22427544576528533,0.20069258293694517
-0.21670513009272657,0.2049247855852076
-0.221830718303851,0.210254430878935
-0.22109761219616025,0.20280566222101395
-0.21874341728799337,0.2103654491935783
-0.2156065899874536,0.2115082656990434
-0.223396791667888,0.2055066099585996
-0.21019119324619545,0.2098244375559584
-0.21992460878810668,0.2122184853956483
-0.22001033792784644,0.20162241278145057
-0.2207198100153426,0.20211497075574666
-0.22729255618073066,0.2012028297818287
-0.21123464209294768,0.1999620032155747
-0.22446645446534355,0.20726299420529623
-0.22139366511546948,0.20430986204911614
-0.22087648568440196,0.20633000358926862
-0.21801944648490404,0.20797166042330695
-0.22212122643740354,0.2027418070949288
-0.22654204000117423,0.19717599799093952
-0.2212035777987259,0.20843971874401832
-0.21071764577024035,0.2075945293807531
-0.21935616902981772,0.21262305989336167
-0.21017763415774973,0.20852239980765566
-0.21239122466800972,0.20123750490033993
-0.22374017522689718,0.1993787779922367
-0.2142868839831401,0.21171942099092755
-0.2158997760579606,0.2143517954868982
-0.22024798202177528,0.20473336081182986
-0.21107459871465692,0.20644546578872433
-0.2275191484538128,0.203900997656479
-0.2217404936811185,0.2059910830656668
-0.22097692903680943,0.20801876854871004
-0.21485045423547666,0.20830330937504768
-0.20502430110418304,0.20585787493769878
-0.22537298628384342,0.2084086371335204
-0.22088962252726957,0.2140170474683191
-0.207028081982664,0.20579831083309502
-0.2224938403091286,0.20761030335539327
-0.22111192317726652,0.2087098084307076
-0.22386243566560585,0.2113821120126134
-0.22013011511822153,0.2040927973216518
-0.21755576173406363,0.205308507506329
-0.2232959077946403,0.20162909533847218
-0.21860636839299116,0.2013950248442496
-0.2160927176223746,0.2116570406282404
-0.20685708779261477,0.20813179697707762
-0.22099457976727147,0.21308712079616
-0.2166045142010708,0.20441695225916695
-0.2107772443279057,0.21680038382206662
-0.22442834472868836,0.2126216896964741
-0.2171408644291431,0.20624571085857654
-0.21168676615989862,0.2094699893771322
-0.21826021379550803,0.21203843811228756
-0.2132418911927196,0.20176673887456784
-0.22355815894148226,0.2039398147679459
-0.22017713696481858,0.20331820266797068
-0.2148376404397991,0.19978244387420765
-0.2167746606559932,0.2109021618606171
-0.21550888879509206,0.21140566219987408
-0.21785821317595142,0.21116922864946694
-0.22186926553542247,0.20115212821376038
-0.21875623783861078,0.19560727672035802
-0.2189888998684958,0.20677378217342895
-0.2200694281387303,0.2008918053277842
-0.22076008329754546,0.2108629494286391
-0.21985113306696755,0.21217418071552283
-0.22087670380715288,0.20184243478537492
-0.22038905194793426,0.19512855876915738
-0.21951925670550412,0.20650235473573944
-0.2164324110209898,0.20248610075743168
-0.22218069058165907,0.2076366320095871
-0.2217718761342738,0.1981783290073068
-0.22162089600686471,0.20839966487843575
-0.220077172357996,0.1997520045318029
-0.214922352759438,0.21623208510002093
-0.2240868650133987,0.20656084878846348
-0.22168648371190833,0.20037160642009832
-0.21621140244773,0.2037258313350039
-0.2108506457385478,0.2047034515515019
-0.22549914355903883,0.21024625719045553
-0.2200594337572632,0.1983809630500806
-0.2161802081546928,0.2052323381517629
-0.2307756704316562,0.205666487811475
-0.2129178906207033,0.20481346052593935
-0.2169248184097812,0.20992155246608069
-0.21950060943375468,0.200157612890838
-0.22620202968497782,0.2097465928376153
-0.2183231369019146,0.2129387702226121
-0.21431378642729743,0.206221634538766
-0.20737826221325206,0.20213636486683131
-0.21622811060966093,0.20849634830880942
-0.22211205911147508,0.209457805182935
-0.229425412237389,0.20836246264435707
-0.22346989491883473,0.2097866014716662
-0.21239440666132756,0.21155836035476835
-0.21574943165172042,0.21001815183588915
-0.21580531804233186,0.21155420638492936
-0.216568960150789,0.20075480693367487
-0.2107843194006635,0.20675543284668602
-0.22202424546397537,0.2057489878413263
-0.2191594581314516,0.20267545255173341
-0.21987661485266374,0.20335080845341233
-0.21783040307418264,0.2069657807002485
-0.20939619445056537,0.20573548990511983
-0.21362541581811115,0.20533336346474898
-0.22661780129702053,0.21080735772915368
-0.22568028651971872,0.20982030797297022
-0.21710216075036665,0.20963937849250638
-0.21696725046482998,0.201938612240082
-0.2206492034272867,0.2032553244187972
-0.21761668962372452,0.20017488309774972
-0.2178816192731753,0.21209888904115748
-0.22297988238606195,0.2102156458673303
-0.2187167645627007,0.20659660934170052
-0.2212992730088943,0.2099151998105745
-0.22188351652146562,0.19794998690642107
-0.21522106130085095,0.21442880693566838
-0.2144455688215372,0.205136363404181
-0.22052623118847792,0.20791524558734104
-0.21960876171115234,0.208194801109118
-0.2259034075509829,0.20956580496095592
-0.2197264299109386,0.20243178577402185
-0.21765263695179085,0.2045165944881913
-0.21772183062409028,0.20334053699691756
-0.22081726771790391,0.20562915866401543
-0.22692146974876162,0.2035015111852462
-0.21021356201937205,0.19802433033392003
-0.22297371158798973,0.21567697471031302
-0.22470896437184776,0.2072260685021013
-0.21505098177997164,0.21031586723495
-0.21653711630904565,0.2072193244623283
-0.20978806770711883,0.19873516554429296
-0.22133491475112507,0.2059518323922965
-0.2208954652936406,0.20153852762018723
-0.22130502547474026,0.21050423593817344
-0.21027519986919702,0.20187147135447023
-0.22691955803761432,0.203670893243918
-0.2216272374715632,0.2006260758290219
-0.2275759493538907,0.20249406323339697
-0.21741465373367058,0.19911434102424483
-0.2155438294438619,0.20753522335492494
-0.23102823529069513,0.19543808273688
-0.215019284200422,0.2063451187316611
-0.2265819567630545,0.2022059640024393
-0.22101264140767082,0.20116511587253103
-0.21831975785016516,0.20489669353069706
-0.21806551264719512,0.2017461705340888
-0.21941754522956913,0.20705343382254598
-0.21518215325406034,0.20034873536660636
-0.21509008817313208,0.20541569793791573
-0.21707663441575129,0.21138422707561413
-0.22095443696829667,0.2027674234685495
-0.2070469328053417,0.20482634132943114
-0.2204365371299546,0.20272358757146394
-0.215569689141058,0.20821534511490736
-0.21997140455024586,0.20808658802497948
-0.21578108684494648,0.20794916493812096
-0.21687968124401985,0.20505437739823867
-0.21666749346840064,0.2006269529657743
-0.21048062176818153,0.20345196796123818
-0.21905267236242273,0.2105334474713951
-0.21640970391113784,0.1981625009065625
-0.21710987203884372,0.2019578267351901
-0.21209238153328422,0.20293788691027378
-0.21339453860132032,0.2066596076972031
-0.2275011293153636,0.20440176604334306
-0.21140777713187658,0.196608707942216
-0.2215881362081144,0.20610942472421376
-0.22439343723920022,0.20420232901271798
-0.21520708194631136,0.200076164749532
-0.2196411872690274,0.1989993878331345
-0.21445360890947082,0.19992121978791033
-0.22358062479376606,0.20612858316083146
-0.21959875727896236,0.20545711945499426
-0.22228623258150085,0.20805566734317615
-0.22534587783250115,0.19654661706591103
-0.2151762445866681,0.20045891565354645
-0.21107768279013714,0.21146153076910387
-0.22034894195700772,0.2069545078265422
-0.22096631128185254,0.20333081465944744
-0.22365451380185744,0.2052370908119228
-0.21735128168628456,0.2037074226051651
-0.22510835976844168,0.20416449924023258
-0.22076514588499965,0.2015067974565463
-0.22212842112425096,0.19912945984658825
-0.22155765310325654,0.19632139940090237
-0.21208591412194203,0.19875620951370146
-0.22616089260769778,0.20573211885836168
-0.2182345054141581,0.19973339357064013
-0.21384863885123495,0.19578133869344364
-0.22475850045412943,0.20234529096137502
-0.22237230515396939,0.20180939347922383
-0.21268257569024804,0.20787072519585525
-0.21776803377393666,0.20879470896250976
-0.2216737770526774,0.20287287606581952
-0.21758218171314997,0.20847150896020997
-0.21462020902547463,0.20460672322374643
-0.21995985048759745,0.2137481228853098
-0.2111201414330148,0.20748709703476215
-0.21987249051980337,0.1978680415036941
-0.21711695480800422,0.20239609362595445
-0.22286325413276636,0.20748006549809497
-0.2132340654727785,0.2077553421170843
-0.22001769126026818,0.2041583880270578
-0.2121313040021977,0.21218898229617875
-0.21974117930102138,0.2058932793684414
-0.21199467968263402,0.2066437571484727
-0.2205557839516282,0.2041519222148725
-0.21573037549895174,0.1994594031861896
-0.22021357026899646,0.206883828378542
-0.21445226360792602,0.2014200546449901
-0.21887708438188222,0.2044484680176386
-0.22112921508010008,0.2042251355614927
-0.22749078298034453,0.20270233406108268
-0.2231373816140543,0.19799882714826997
-0.22738813005052502,0.20004412548778766
-0.21311841294515738,0.20335375627128285
-0.2154933461314316,0.20172342168197677
-0.2257712534447459,0.21150082250076235
-0.22125282183246878,0.21381860596687002
-0.2167494694418973,0.20677763952091738
-0.2138781920032568,0.20915005567465356
-0.21904090387096462,0.2063718721575849
-0.22724724225080517,0.20542637800526656
-0.22064944535821,0.2035179964024573
-0.20541258759496614,0.20525210475195282
-0.21165706926362834,0.1975880614182622
-0.22022377327207485,0.2089832288863868
-0.20781813237488495,0.20689608734232562
-0.22187063909501947,0.20404542276745544
-0.22385863885934487,0.20037166937799247
-0.22720266199185016,0.20563194223954914
-0.21687940199971867,0.20072537585207612
-0.21904413437306652,0.2043850503051852
-0.22087873972039399,0.20370097786811475
-0.21420297940035823,0.19862330757138924
-0.22522922188219585,0.2066903437044144
-0.225288870342631,0.20274144468243774
-0.2180962448818095,0.1979656930733029
-0.22532483031017325,0.20860416340326088
-0.22256191376859388,0.20224790011920254
-0.21731360450039994,0.2016733030280151
-0.2072258371067713,0.20584546537990078
-0.21772985908511786,0.20622062629788304
-0.21598240310780162,0.20334481824524997
-0.21915231016833103,0.20134294440262418
-0.22664453914384605,0.201082042195769
-0.21993894529159802,0.2129198551141127
-0.2213225741840419,0.20575308771226608
-0.21888146043284612,0.21090402362539423
-0.21675038539044914,0.20651935373539426
-0.21617116834631336,0.2091176496184733
-0.2152423185240778,0.20471431309721158
-0.214539934858105,0.19750242514401478
-0.2151680355173158,0.20556101697926438
-0.21944309925437974,0.2038229021987308
-0.21960067926054797,0.1960332212259464
-0.2238271216237953,0.2015552239344488
-0.22127225038879197,0.20322240759604535
-0.22204296572060256,0.2003069490830574
-0.22662772780348686,0.2011974000338739
-0.22167213704359398,0.19738307420517304
-0.21839586238805966,0.20155837481714406
-0.22135494733873753,0.207793095597499
-0.22915422771769814,0.20030857159669657
-0.21645926201831092,0.20043222651819417
-0.21752817493435908,0.20834670455120827
-0.2143673300267411,0.2086919569239812
-0.2220091075824836,0.20272137949986177
-0.21492373200301762,0.20902746149365797
-0.22582499072873127,0.20563828185435737
-0.21831708601573227,0.19944597996930127
-0.2187902193774396,0.2010275513496352
-0.22318266092103492,0.20927506389184208
-0.21413216971787363,0.20555494075266398
-0.22483612589053956,0.20464494343499803
-0.2136989845912538,0.20354276014393438
-0.22003667029221877,0.20294307346558185
-0.21056386145513697,0.20639412928182244
-0.22371305137384373,0.20817259452091785
-0.2252450967855584,0.20314040537243885
-0.22266321095828745,0.2072939168175946
-0.21733707154317544,0.20536334158055364
-0.216963693499126,0.19934249556021685
-0.21915363862892323,0.19915949697465923
-0.20983561455971908,0.2030318478649014
-0.22653253787899175,0.2024993266128735
-0.21203621450425156,0.20039065151776203
-0.22158384316005397,0.19287397643964957
-0.22655412040173847,0.20444728096516993
-0.22080147225911287,0.19940867886605068
-0.2164908683762536,0.19921381640935268
-0.21595632494108344,0.20244680125641693
-0.22463193264605233,0.19668236952914475
-0.22050170115939483,0.20259386128943419
-0.2178525251603854,0.20741951019552493
-0.20734889946710364,0.20434811768192504
-0.22306779734525295,0.20877229269281317
-0.20992953551029472,0.2069221209718975
-0.21653786716907028,0.20737552697651798
-0.21855058706485037,0.20493740189020973
-0.22474160245358854,0.20181217828855957
-0.21620043568872574,0.19900550612014398
-0.23006366326629513,0.2020831370916422
-0.21895440109948297,0.20864086273781407
-0.2194621088086956,0.20408057059523757
-0.21815050400657818,0.1968866074007141
-0.21881667497983642,0.20803672329452086
-0.2171494968860791,0.20695079826294008
-0.2102579837258876,0.20520234320679295
-0.22498438148383607,0.20581013303889667
-0.22348150796509259,0.2005326754278267
-0.2283813485709413,0.19988030385817454
-0.2108355030908504,0.2033961392024349
-0.22505107790989193,0.2084238656251598
-0.22020630721665685,0.20055332066046924
-0.22523584168704083,0.20689520519854254
-0.21481841419305267,0.20039240732028965
-0.21522476109021904,0.20366925937952712
-0.2143537702745754,0.20726794938278295
-0.22700739790662594,0.20943338524153854
-0.21666502837526444,0.19898301614715594
-0.21156775951026002,0.20785548135419232
-0.2185711713687008,0.20914684759789082
-0.21201133022834315,0.20225593190801777
-0.2145455411231074,0.20493232679112797
-0.21472882390033532,0.21126897302358835
-0.22125080666431066,0.20558136620937947
-0.23376392829780338,0.20469529804083253
-0.2151213624974525,0.2002743835319068
-0.2139411404213003,0.2006672105320332
-0.2241195346971796,0.19816051134613732
-0.2177635840237274,0.2059111608288461
-0.2222674872750072,0.19845380777416968
-0.2169673122719428,0.1921263851340951
-0.22108230297155584,0.19729219260838646
-0.2098325320480791,0.20245732549230405
-0.22124299575597192,0.20276281278120672
-0.2304979509607328,0.20416029098149968
-0.22363230240547943,0.20112452447161525
-0.21761082231708592,0.18870018918440912
-0.2240894228232167,0.20030594815481048
-0.22650558558330025,0.1962877129203073
-0.21828255000826924,0.19991498131354618
-0.22129452542780018,0.19886599311365805
-0.22989945390238173,0.2068681439078299
-0.2259855298623028,0.19182329901380735
-0.22857638008173842,0.20558960432040213
-0.22248555634664316,0.20116049508870304
-0.22490772873098078,0.20169400319892503
-0.2181214508677307,0.199368692393119
-0.2290505448054851,0.2083468544757036
-0.2168027561162785,0.20999259061039632
-0.22106631296087115,0.2016612068064462
-0.21783459067348396,0.19959897692176393
-0.22224364812014383,0.20608240128089014
-0.2153067081744537,0.1942059387951885
-0.21632881544996457,0.20536459733691287
-0.22044246077450153,0.2047466156237542
-0.21999674516355758,0.1997958620307971
-0.22436687660043775,0.20598003196333484
-0.21401112739062408,0.20333720817478543
-0.22563936699927986,0.2042338169619711
-0.21506900882046176,0.20484002718081665
-0.2131448781981298,0.19847062416330297
-0.2263493262216858,0.20364043081079708
-0.22451398721660173,0.2105020265634047
-0.2290126570881993,0.19725560386078514
-0.22826595477948264,0.20189484325053106
-0.2256419874650844,0.20363664107604817
-0.2277622426799444,0.20765434758278642
-0.21686945481625475,0.19983125886145967
-0.22342072725893358,0.19952137946130033
-0.22240756364798184,0.19949938543003767
-0.21929103249571905,0.19985097362848542
-0.22005670087874046,0.20345632041595485
-0.2140514323977657,0.20719209870906152
-0.22369931581349017,0.2089457678033156
-0.22431512545095092,0.20556801237528236
-0.2250679532115543,0.19696723076314965
-0.2188905997043738,0.19332630227013806
-0.22714172294093474,0.20132083529757214
-0.22350530954888387,0.20086743350093245
-0.21578687491240775,0.20125055626285598
-0.22003014690055558,0.20678564953373535
-0.21955135407653814,0.20035605166870935
-0.22002102196563725,0.19979465165714402
-0.22132637489235527,0.20468767461820098
-0.2260964459196276,0.2018481419506699
-0.22062358824851236,0.20423482649623184
-0.21480618411846616,0.20122479406023067
-0.2224994684603498,0.21109053660065333
-0.2343973152808238,0.20079358720815338
-0.22339178005639132,0.19907879579524781
-0.2276656006189669,0.2048267987495747
-0.20986408197163287,0.2055488200131608
-0.21802633708814634,0.19943834723943932
-0.2174797776347411,0.20478867640850673
-0.22210049682929534,0.1937700029706046
-0.2251019485516892,0.19981870247634792
-0.21432059822729235,0.19647030809970417
-0.22600023008392373,0.19709563068457894
-0.2252631868042062,0.1937212092437979
-0.2179735874176863,0.20049997088715954
-0.22118976964595782,0.20723005458197524
-0.22285477017672847,0.20093600934578532
-0.21769663061793598,0.20003901943948552
-0.21862788331239544,0.19917693288880134
-0.22972744322241165,0.20046423862679166
-0.22353496655940117,0.2016828483553919
-0.22798031828747697,0.20610390829429334
-0.2121054048623613,0.19814692912067466
-0.22776882498398074,0.21017116277342876
-0.21607170524725106,0.19997565114161928
-0.2202881672632232,0.20917277200763132
-0.22405023799425186,0.21096059850052717
-0.22380201342964576,0.20510095758395636
-0.21509804380644482,0.20757537995294223
-0.2243750597385059,0.2038147080847276
-0.21661309873600865,0.200105156862459
-0.2249751785828424,0.1987333354483414
-0.21360099422669743,0.2030222374667175
-0.22263467152940666,0.20106166970011186
-0.2289546263074938,0.19998536754490076
-0.22311177533840143,0.19313316691592028
-0.22323198522294926,0.19993598475450391
-0.22454568151968152,0.20200996129721432
-0.2183249706437619,0.2013764327776195
-0.2182510517812125,0.20492521065919936
-0.21671402938346998,0.1993790289925726
-0.22431639248630966,0.20193254578293338
-0.23677098511354938,0.1913049352363924
-0.2235159552214961,0.19595913814764582
-0.23070144846064708,0.1956826062209703
-0.21563118731119055,0.19624301512277045
-0.20825436193123958,0.20102542987014804
-0.22299545980678612,0.20867684385760965
-0.22159841710048978,0.2028003547111693
-0.21893250994166624,0.20812151213677682
-0.2180807367104042,0.20302778166519533
-0.2186065920947133,0.2043882601076704
-0.2277866109069121,0.201047086445949
-0.2199563796860598,0.20359925129726741
-0.21772307961016532,0.20011271600732367
-0.21235247315265335,0.206083749587656
-0.22307842832322286,0.19583101694682364
-0.23100657176996492,0.20025279696117654
-0.2197035530967313,0.2034642137589671
-0.21969895217280294,0.2000549945434805
-0.21692602216106582,0.20051919319344252
-0.2235943644384016,0.20976348845534498
-0.21653523290176988,0.20775517752179723
-0.2241255349910745,0.19563162369154244
-0.21438640360670774,0.20193708143613334
-0.21969084101067635,0.1958755796303083
-0.2274053107459996,0.19844965284705057
-0.23265832482658413,0.1942827252893186
-0.22269650052642115,0.19897500319071312
-0.22221219767738934,0.20130406470515239
-0.22193262586562967,0.1966880945634286
-0.21449821580536144,0.20120198664868294
-0.2170412608403448,0.20135764477145532
-0.2204563895984787,0.20114564585906547
-0.22468335401100872,0.1957853242982916
-0.2102755943948343,0.20131083566283864
-0.22596628931645316,0.19805596807257628
-0.21440399565876098,0.2017603880095523
-0.22736397279462792,0.21147019618009624
-0.2296443821853916,0.19737497660899214
-0.22205408629851778,0.20364310472346253
-0.21495481311873968,0.19979724357448117
-0.21747449286534493,0.1998219574455545
-0.22274919409642988,0.1983401958271765
-0.222176689279832,0.20798510874399065
-0.21565242052539424,0.19756878877394504
-0.21443229718053547,0.20500414878194828
-0.22690778518268356,0.2067055209838762
-0.22089851382667647,0.19582669213335357
-0.22272193896946388,0.1994479299349707
-0.21700425629626297,0.20477309065230972
-0.21962593282824738,0.20163280190352648
-0.2244147456508219,0.20653725035361434
-0.2184048952048149,0.2056898428042431
-0.21636231117203777,0.20511695088730106
-0.23370441324927516,0.2024774483109488
-0.22547438294772387,0.19831472843317804
-0.21791634049442493,0.1998255777627352
-0.2188426489801967,0.19086713869159708
-0.21246987749032742,0.19664733730866057
-0.22246348407509275,0.20318109935571993
-0.2342314987763534,0.1984233641788719
-0.22509392624413993,0.19420933543330177
-0.21740365865590766,0.20366128634883376
-0.2236266374318719,0.2040766863487313
-0.2218851815030489,0.19627528847319337
-0.22558042882253204,0.19261674431589604
-0.21256698608042993,0.19992744952492228
-0.22605458327676564,0.19464609998484628
-0.22082887951889402,0.19540544990134776
-0.2214759095405483,0.20384025323892124
-0.22010300823053577,0.1963799223014781
-0.2171073540573297,0.2042415754392301
-0.22490942801360866,0.21255192335345363
-0.22346171024882494,0.20521514178002231
-0.22138915325490308,0.19987359480364206
-0.22048073913434568,0.19304657312719029
-0.23011998048827836,0.19178546652351952
-0.2206838565004625,0.19197420034212953
-0.22063521166795408,0.20273008933871464
-0.21605530986910992,0.20450417354953798
-0.22364642771825333,0.1918168490937695
-0.2217814728325675,0.19356339799869007
-0.22263769179362783,0.19521933735576716
-0.22431549045639537,0.20150982928459343
-0.2207348722393318,0.20069290703845008
-0.22045153040769117,0.19673397725375255
-0.23267784627917065,0.1939120745002605
-0.2167563186059129,0.19758708708528647
-0.2169468519358961,0.19738448460929248
-0.21676697414592327,0.2009725434919312
-0.22590534423974723,0.20130693246618042
-0.22805133104134612,0.20302233629387545
-0.2239342753534271,0.19513734195538998
-0.22423357114996578,0.19618674202264316
-0.2261088429550244,0.1969713560333576
-0.2251882351101892,0.1935819839016855
-0.22572359354767157,0.20287410347233864
-0.2263301056852241,0.20407855962627508
-0.21515147468383874,0.1963625401784179
-0.22581475928397127,0.19729483093598854
-0.21763939841080532,0.1964105416598205
-0.22152038927601062,0.19759083212439577
-0.22407258212003905,0.19972931840580266
-0.22796364300348637,0.2009058622616788
-0.22064397196128852,0.19759081953494692
-0.21784963166367186,0.19803498527357186
-0.2267966727563047,0.19759733947144376
-0.21974029030635658,0.19386944479352533
-0.22636953399553683,0.20328630475099183
-0.21999314035889614,0.19441649762895613
-0.2220049857053234,0.19662081192097985
-0.2372121223334907,0.19222230193721535
-0.22155643959804763,0.19473023284002267
-0.22069643576288595,0.19790148054882264
-0.2270815492474617,0.20298083447483015
-0.22104486594386305,0.1927528722110514
-0.22222774916599777,0.1962589018828584
-0.21991565743464406,0.20020666654137176
-0.2205322129327236,0.19837758597811384
-0.22638536966667913,0.19762151632238278
-0.2278153397847971,0.20050679276410555
-0.2173061331609128,0.20141412512019027
-0.23598883165749895,0.19919327795642403
-0.22960446361901446,0.1971033357099376
-0.2199823755588406,0.20007210093280817
-0.22625391685013302,0.19398364039785526
-0.21819862412903746,0.19774632293421768
-0.21421909904455352,0.19459867293899843
-0.2230925470776637,0.19189631922290631
-0.22403823783746507,0.19810920503356852
-0.22658228831538244,0.19419519851990258
-0.21846346280667195,0.20668117446151826
-0.22268776105613902,0.2062269558415956
-0.21283456598991682,0.20676779217329153
-0.22216128413892228,0.2128122316769451
-0.2245678377976068,0.20019590244266047
-0.23053451895240118,0.20388518192410815
-0.21409021408724252,0.20365542621414956
-0.22428414063001423,0.19742953889306858
-0.22528164332531628,0.202683446068236
-0.224834373100714,0.20338092797595153
-0.21777204426272667,0.1975509988308194
-0.2244214464929011,0.19685339653842998
-0.2140243490076201,0.20191996041506285
-0.21924414681401952,0.20279347573936218
-0.2118009774399201,0.2036849070145324
-0.21812458066533041,0.19917756040553217
-0.22433879397963621,0.20986814132269707
-0.22082936043495058,0.19859939214287417
-0.22272971086896837,0.1981631561661956
-0.2244320799817549,0.20126487118503317
-0.21928386887317794,0.19099028861906397
-0.22225483758152473,0.19343486322190048
-0.21468892976286255,0.20421785842880713
-0.224101841627599,0.20602181944106496
-0.22452557323868372,0.20084325727245814
-0.2218200376697108,0.20317612318270037
-0.22406262305495106,0.1932918752792719
-0.22226584229813484,0.19614912344195626
-0.22333158766569947,0.20493134874455815
-0.22591186952938025,0.19766865015023086
-0.22372845793710427,0.19447819399720606
-0.23024576178751754,0.20605551881587011
-0.21336631216059015,0.19798836323612432
-0.22547765829022098,0.20053244386680147
-0.22520239457066552,0.20189425280959397
-0.22097702244147077,0.19946644731235397
-0.21934488971202012,0.2005085724958801
-0.22112278257964377,0.19155782473275715
-0.22941980288350466,0.19604817050588158
-0.2249497685779959,0.19916216531807837
-0.22447315539995227,0.20161018926188035
-0.22020009223152193,0.1947521048475441
-0.21551230582396896,0.20604393186992584
-0.21883692578597339,0.19434680137512828
-0.22879318506935178,0.19479808737883972
-0.22804118453692135,0.19469634210029366
-0.2260433015391422,0.1946304713767161
-0.21633058847992784,0.18965760130021372
-0.2150576847434404,0.20044472502418784
-0.22502117121877266,0.20304257295344072
-0.22525436015060787,0.2036049334840527
-0.218052859743017,0.20144713095560213
-0.22544341620278566,0.19760412410332892
-0.22277740871763493,0.1965913892508525
-0.21937121926642228,0.20363313417397202
-0.2260909992472145,0.19592524848939802
-0.22875185622490155,0.19935471886920342
-0.22939546114846932,0.1980077386095688
-0.2196756755094826,0.19171874498059097
-0.22508284827025749,0.197876168161379
-0.2283485532812649,0.19301438313456679
-0.23340294363728178,0.19243007022229003
-0.22070601417452254,0.19376711207295425
-0.227909897645226,0.18253080786914377
-0.2178626118251281,0.19774945813173617
-0.22045830680417042,0.19599724694203824
-0.2263966035368206,0.19198704014136223
-0.21610394320463888,0.1963389735510772
-0.21862509268173289,0.2038879798832954
-0.2230687176570607,0.199593875763797
-0.22244434817604608,0.19141765261923252
-0.22876189054953056,0.19031571691450605
-0.22550567574226604,0.19770793842865386
-0.22434413174107012,0.19617103104858405
-0.2166199996562835,0.19291159090819882
-0.2271451922290974,0.197208913127558
-0.2250223857039535,0.18777838811344955
-0.22134022171698206,0.20147857978267394
-0.22113560568755253,0.19942243313279098
-0.22889300037818844,0.19884735087786592
-0.2162724030306043,0.19984030041924453
-0.22662015287176215,0.1947594016876211
-0.22738619981020983,0.19469867921464337
-0.21764475553352816,0.19636192697899277
-0.22946667113021635,0.19938764065181372
-0.23330191858880753,0.20117822551941317
-0.21687225926686637,0.2005558332277919
-0.22796508150881223,0.19483718106296122
-0.22494543510760626,0.1917296321886641
-0.22655873374652116,0.19664607172067053
-0.22195331017300618,0.19686303428880486
-0.2288395446306315,0.1967041613623401
-0.2208588437510487,0.19192369959195577
-0.23063737336671863,0.1935004999425744
-0.22450397994858112,0.19539538311655583
-0.22875044108333337,0.192775153847469
-0.22859492006440305,0.19449992644820452
-0.2260497904969881,0.19617979965146753
-0.22284276648755424,0.20296864530122025
-0.2181849013476295,0.19946272911737434
-0.22000175442393213,0.19254081419577873
-0.22776115082849516,0.20253360697347017
-0.22469247803518522,0.19804454353993792
-0.22513482579888047,0.1987854961061176
-0.2356032502870255,0.20129065248941802
-0.2252808403280446,0.18962016326262154
-0.23274123063450056,0.1936492455780205
-0.2283871128341883,0.19998673906258133
-0.2149416729524146,0.19961128349943397
-0.22010668556337892,0.19882835229071427
-0.22476445038030338,0.19393928710717012
-0.22935451938637466,0.19496197793412223
-0.21800216210068996,0.20294695061119697
-0.234391452745773,0.20563898353050428
-0.2350773706656536,0.19048180826879257
-0.21547032688644147,0.18690543035094825
-0.23475819311400623,0.1969040091250035
-0.2317573810786116,0.19880588274394947
-0.22172948892080127,0.18962220956969705
-0.22219535014113112,0.1930269377650356
-0.2286175606400609,0.19769859358993522
-0.21839539783605305,0.20022715813878442
-0.22346247351289208,0.1917707864387933
-0.22719567787910824,0.19870748769909072
-0.23342226295233223,0.19669593772161928
-0.21851808027900904,0.1974746226651516
-0.22980198062272403,0.19800471533996716
-0.23041435278735972,0.19609893648301857
-0.2208330240733598,0.19204913187190567
-0.23334278883340803,0.1992790046564586
-0.22659272690729138,0.191768849747684
-0.2237611485813042,0.18928530573250674
-0.2262047775038982,0.19091694870378034
-0.23116920894513499,0.1996549055299185
-0.21971733842015032,0.19488243517420592
-0.23408058805225682,0.1929874355014576
-0.2286437184135491,0.19498791125520504
-0.22700895147702546,0.19529405271963432
-0.22228358861381137,0.1932826374842325
-0.22735395536031355,0.20292789091417743
-0.22179281613235793,0.1955908377469488
-0.22779727301403183,0.20473816292218688
-0.2217726968719818,0.2035656183459076
-0.21780930746650495,0.2010324830021833
-0.22966037934654307,0.19514062734053425
-0.22705612400767658,0.1971686658286302
-0.23042205813464386,0.19773917383152922
-0.22233232192949504,0.20225275369972195
-0.2240169067781189,0.2041905933090367
-0.21693218619289595,0.2008707949211053
-0.22565186364386,0.1952089384930514
-0.22577587854218142,0.1897511717507604
-0.22854309269634257,0.19368811893390195
-0.22751472996634872,0.1958373015550702
-0.21957222659940923,0.19781965401970203
-0.2178718856360128,0.19845159953569788
-0.22074374587713266,0.1932897841942688
-0.22821372651086874,0.2015499395300936
-0.22846388264398837,0.2006361206813381
-0.22822202821386914,0.19762809335628065
-0.2157207038691839,0.1948599548885231
-0.2302887995533705,0.19834926094886904
-0.22286375550531234,0.19349606530518362
-0.22409495962154774,0.19998587133894002
-0.2238874393844256,0.19774927401871922
-0.23143909926508005,0.19425510952451341
-0.22855840827711751,0.1935160990378079
-0.224606078796872,0.19679587712181573
-0.2279623233099449,0.20080351209772862
-0.22440104080275017,0.1915294189857308
-0.22367621860815934,0.19768132657579662
-0.22819525254348874,0.19757133770743351
-0.22342397181722393,0.1959483744180027
-0.22657827367279654,0.20247622776773094
-0.22611288747020433,0.20253926478577497
-0.22447008057712023,0.19941287456305312
-0.23388682484221493,0.1993578941339122
-0.22936385355295352,0.19652298957115028
-0.23246925563356657,0.19402203656334485
-0.2293416193709957,0.19599252840944228
-0.22572108601586102,0.18948605771470925
-0.22907864886817814,0.19793947815249038
-0.22932542096650385,0.19538270035233024
-0.2247669175078888,0.19531434398297148
-0.23468101269448416,0.1938324344762504
-0.22937918204835242,0.20164073914862712
-0.21779586721440933,0.19902073528463002
-0.23655696230954507,0.19539696508769516
-0.22666362875596108,0.19789681677789617
-0.22033693289763204,0.1949814566992238
-0.23066639809089218,0.1969994802911531
-0.22657773953925328,0.20383218893659233
-0.23671502557925087,0.20271379253315713
-0.22408751245760836,0.1925665634413326
-0.2211105286166309,0.19664042639450968
-0.23143096342309769,0.20019718097737735
-0.22774030924360927,0.20204278918542154
-0.23175210636948115,0.1950952605815741
-0.22518255267411086,0.1959690239500752
-0.22934507239512916,0.1895630295615292
-0.22465592468173595,0.19839078103772645
-0.22670349134684256,0.1972237282192009
-0.22593242297033597,0.19518377402194104
-0.21754840927891994,0.19336431053088288
-0.2327585632311065,0.19704285526452409
-0.22263872729885537,0.19938011546926906
-0.2328856899101633,0.1908561016093412
-0.22475948385168365,0.1964472092217824
-0.22544784175407237,0.19486550827955207
-0.23458627506483157,0.1977068229842783
-0.22705569409266269,0.19267392737153238
-0.2233626185526583,0.19762052962084942
-0.22472143618415327,0.1964461152894288
-0.22031317353606616,0.19251703079574078
-0.2357294959649274,0.19732876493008153
-0.22707586287629777,0.20139957495390112
-0.22242527999811015,0.2017310419040272
-0.2327882051198088,0.19922966945451728
-0.23146647310408394,0.19484929207890836
-0.22688145618940708,0.1990750623194333
-0.21949606442889244,0.1944923224757323
-0.22386212098738936,0.19047890424429517
-0.23175412474737253,0.20492704832975664
-0.21839864302130535,0.1937853931415154
-0.235304395609255,0.1940128957502146
-0.22214580414369534,0.19663493538765403
-0.23253285812327862,0.19325778332229046
-0.22219739598102625,0.19146059487103884
-0.22699081136207216,0.19352168778376863
-0.22230183076305718,0.2001936652907501
-0.22315176994987476,0.19411418644086686
-0.23135603921886067,0.19443401997115123
-0.22762742526332536,0.20155439453278107
-0.2258523934951776,0.19732992057410972
-0.22746162515848262,0.18965367426971932
-0.21967332154825925,0.1974972029288789
-0.22418806877126174,0.200240117587159
-0.22851951122846836,0.20250173001288804
-0.22320791647118718,0.20269325196851465
-0.2216669572985077,0.19182911325989108
-0.23065412551555642,0.19875618042285986
-0.22965835311099717,0.19824462277732746
-0.22503910556380355,0.19626370409648933
-0.2253691409902066,0.19719037217725502
-0.23162210000724995,0.19227975832261726
-0.23158329483512444,0.1917438295306884
-0.2240436085564075,0.19700496971034728
-0.2232793390309041,0.19357228331603807
-0.22245134556525215,0.1943946474321334
-0.23688179429002768,0.19999038278869907
-0.2290890873077591,0.19841549542912557
-0.22665597701583073,0.19685596289568688
-0.22226765355783437,0.19552248902731603
-0.22271263772737365,0.20374596007432963
-0.23340721248121465,0.1919927211973389
-0.23010759491896748,0.1950528963231556
-0.2301790830213105,0.19176151237538516
-0.2261116012491498,0.19009172629809593
-0.22558171458200676,0.18994535627484338
-0.22228886464015146,0.19214124960406734
-0.22973516576784295,0.1913529424724055
-0.23261353346321872,0.19392870714816518
-0.2161589764752383,0.19333196349559945
-0.23109739290251005,0.18930631883261637
-0.22673647804233682,0.18804220504052233
-0.2335594184843119,0.18583697928551704
-0.22456913217273725,0.2005362199362361
-0.2264976145993705,0.19248519169979872
-0.22057514187477387,0.1981974671797192
-0.22764368488536793,0.19664851426811575
-0.22508936548988737,0.1904972892784368
-0.22808643103755202,0.1987904693212264
-0.23012387618072214,0.19500263486111283
-0.22924014637060328,0.19426317242227606
-0.21739750029110702,0.184956754457949
-0.23217736409569706,0.18984806637484128
-0.23521591923625706,0.19726272982296825
-0.23428330852515514,0.19119056053967917
-0.2226942999810165,0.19594557297715282
-0.2287299411839053,0.19730756765098886
-0.22273399742169067,0.1928404333233281
-0.2261099479988184,0.19359877148123403
-0.2348962881249292,0.19172361973213145
-0.22651503504414613,0.1803890588710467
-0.22995244646356042,0.18956547092568843
-0.2346666459678386,0.1971659146929088
-0.2285057646733961,0.19408714182960263
-0.22690915507673276,0.18850355351795095
-0.21687994501682395,0.19221324117405628
-0.23172214774756275,0.19758997097991216
-0.22578019686197248,0.19215930740265746
-0.22315686238492072,0.19786663792127818
-0.2230388729918086,0.19286311240098708
-0.22693104604686865,0.1934076575269355
-0.2294148662617048,0.1962840562980589
-0.2333557046140131,0.19829192323533715
-0.23073187698794925,0.19336514293464993
-0.22936352463968895,0.19060089114839063
-0.22338433724141254,0.19265217285846298
-0.22507233660754652,0.19277739684265344
-0.21600320949495883,0.19704985577892875
-0.23089333392941186,0.2035500767358352
-0.22775362678057598,0.2020963441875404
-0.22670440958673466,0.19168842774295392
-0.22846374055604254,0.19408949124336233
-0.2338401184212631,0.18846137668658533
-0.2248542281212782,0.19148521891122153
-0.23120545322964717,0.19223372401639197
-0.22657767480996882,0.1895574358903215
-0.23010778126404302,0.19287951509205747
-0.2256598647947476,0.19168241752643408
-0.23521288533289597,0.18537655150102292
-0.22464151665323107,0.19366370010175793
-0.21713889469140404,0.19273943991868472
-0.22528988046019835,0.19393256880252735
-0.22412075198103315,0.19607504074099633
-0.2235125347585157,0.19317489565697055
-0.22814173164309118,0.19276326136803112
-0.22949371809898964,0.19789041994112855
-0.21813452003305497,0.18525816233394585
-0.22383755570304903,0.18487720013757525
-0.2266685614157123,0.19498835852381435
-0.22695199827410015,0.19054099968039473
-0.2225060815817423,0.19225911560484638
-0.2321828689536555,0.19563665966048147
-0.22759323347155638,0.18936468706566523
-0.23138244547018244,0.19704294293447827
-0.22442413373378345,0.19477044503410268
-0.23025243118976185,0.19628509802036187
-0.22545868791885493,0.2025049317084938
-0.23214577293698477,0.1846976662690513
-0.2205838912685114,0.19607521561672142
-0.23563310049997915,0.20057561314973463
-0.22650323485447707,0.20033387339670825
-0.21871209615516773,0.19072825443420888
-0.22547184534559594,0.18986189675858556
-0.22801399338316844,0.18620284876955132
-0.2306688471269117,0.19492361699728966
-0.22367408864912788,0.1939019864595261
-0.22797238305658718,0.19259384758667525
-0.23501080065700006,0.18261035232511186
-0.2299196278862128,0.18930518813865793
-0.22376400746305675,0.19158491056366017
-0.22557713878874228,0.1921693832810215
-0.2265239569749994,0.1891355102827289
-0.22967548260661802,0.18946597417448324
-0.23201019586089786,0.1896439299750255
-0.22652704662883374,0.19564873659735235
-0.23151474164617505,0.1852900534573125
-0.22083956259264417,0.1954339239584626
-0.22447155263485272,0.1926920153162325
-0.23616556359172394,0.19531534671991482
-0.22531344622465874,0.19509754791368797
-0.22525827369838822,0.20211072805290695
-0.22620701691923872,0.19069213213873223
-0.2182332566819482,0.19561385470821482
-0.22469410910397167,0.19373698585138385
-0.225800991339703,0.19903505772369298
-0.22706066786442985,0.19628821872870006
-0.22035704083622465,0.19468582359366665
-0.22111174670486458,0.19928549001109788
-0.2273274597828218,0.1928328240690813
-0.22363368176486076,0.19486197001622524
-0.22996304016422522,0.19679773941734233
-0.22560994328939107,0.19064800637725593
-0.22713587463991933,0.19573344749653937
-0.23182533799132882,0.19859508891595742
-0.2283790955465729,0.19559654035979102
-0.21960611379037767,0.1920142692209098
-0.2295465077621302,0.19856010328218984
-0.2277186797553688,0.20017344261637174
-0.22316921457835637,0.1943405831175627
-0.22440044187819858,0.1959654249909222
-0.23006780380577022,0.20072757340696898
-0.21944470968225405,0.19435182612210938
-0.2360452445089722,0.1937236035128581
-0.22014530762384915,0.19290176886895277
-0.22697847665517654,0.19882902043993508
-0.22712915242091358,0.19717026596555412
-0.22302820758364483,0.19720142107587194
-0.22276207937405137,0.19089959393414854
-0.22205596322027607,0.1951729490230914
-0.22291634795037243,0.19713858356740022
-0.2286583911422414,0.1996201725950476
-0.23168019897479927,0.20102149125654134
-0.2175623994176364,0.19873725445517093
-0.2171758893840155,0.20025581926471006
-0.22555620502534343,0.19547668795238182
-0.22123047581898303,0.19589535258505694
-0.2306830081125563,0.20128811037111602
-0.2267527949289064,0.1950539058920819
-0.23025094892614098,0.19805102010862083
-0.21775203702424498,0.1944083172840184
-0.23107950639021776,0.1960977034959957
-0.2376792679701275,0.18765537256625858
-0.22454247725181745,0.19540173195302973
-0.2300081261842618,0.19118369572001823
-0.22431936168689984,0.18716935251668632
-0.2239036144050493,0.19805293166959317
-0.22399700196493463,0.1898808476741034
-0.22368426372176636,0.19193509305841486
-0.22934070779514626,0.199004185459462
-0.22773861080918226,0.19800528488758878
-0.21942573544897567,0.19580301269323472
-0.22838802520735305,0.1891973113684922
-0.2261715856628094,0.19245000122186962
-0.2144449240525712,0.18883561917546432
-0.22075582467371457,0.19093019721003016
-0.23188465670474373,0.19575281115381254
-0.21575992333607974,0.19089949825899408
-0.2297936808992932,0.20406229091715336
-0.22578567556559503,0.18929780561842743
-0.23466080865715602,0.19001791960039857
-0.23809183839060663,0.18491244438577742
-0.22399304329090938,0.1992179892373609
-0.2210315394034953,0.1923177966515482
-0.234375852099137,0.1972421224510313
-0.2200970404040723,0.2050186098650029
-0.22405845162746338,0.19553757864184074
-0.2297988745079113,0.19464704128953284
-0.2307859312461219,0.18950728042312767
-0.2261525408833771,0.19517287694582577
-0.23205362529061951,0.19558863485987873
-0.23095673079064982,0.19339209666604126
-0.21672601646327627,0.1911692567489032
-0.22172399346084812,0.19617423449999913
-0.2261609888510919,0.1988987019072753
-0.22148426752504402,0.19908712046988225
-0.22869473102398358,0.19632720774421425
-0.2281909963451567,0.20052766679206127
-0.22868918744921038,0.19626644622837672
-0.2197538682483635,0.19578088944841318
-0.23326339371390667,0.19852715955196087
-0.23123706013350329,0.1921154022982333
-0.2219411985187393,0.1956294462707173
-0.23424936111308195,0.1908792317036159
-0.21754615804273958,0.1947099110485289
-0.22237518775401693,0.19283606703839964
-0.22384154944427542,0.19589432311508506
-0.22272564431726466,0.1922899976703599
-0.22865103632425401,0.19317862441832076
-0.23092401892360845,0.19429484146940385
-0.2263787937000177,0.19173235805890548
-0.22308810155035355,0.20068290595643415
-0.22988121538015524,0.19725264646904064
-0.23044153900036612,0.19140012343262475
-0.2275421184660702,0.18869718376809871
-0.21976443947286214,0.1880261934201078
-0.22651579119645784,0.1940912395380648
-0.2194736523534777,0.19458726196909004
-0.22322294628418055,0.20354169263558874
-0.22118606158712742,0.20369519576475137
-0.22845001294617706,0.19044484033100165
-0.22118150396158712,0.1926547608421323
-0.23393654256166946,0.20172467838207114
-0.23029874320733515,0.18902251393311437
-0.23379454999943977,0.1943649249648777
-0.22713407214670528,0.19462285079063615
-0.22011129708640725,0.1811552793828242
-0.22691063131212139,0.18789292321988585
-0.23638025684976482,0.19858430957560394
-0.22418860322395318,0.19124570949727773
-0.21538945409991161,0.19278021459279696
-0.21818822793180775,0.19181916766533377
-0.2279948572802515,0.19306381988752563
-0.22311634334860778,0.19826630681888516
-0.22879164412911898,0.1973634873023898
-0.22311958741942586,0.19209292267931796
-0.22959075788714361,0.19254167225524443
-0.23202530047027042,0.1934086214194936
-0.22600232711616333,0.18414378258737638
-0.22261794513947475,0.1920873172046706
-0.22145041076827546,0.19753652829599463
-0.22806861632674094,0.19705078638280485
-0.2241692237009614,0.19757595422757757
-0.2247215416419002,0.19135408296022766
-0.22128959355633646,0.18881428665363578
-0.2242702119597977,0.19137806803717042
-0.22658449374151335,0.1975215233567152
-0.2160985790755352,0.1957303523537369
-0.22827298823085201,0.18956136311988664
-0.2218364224032988,0.19317501684544186
-0.22511993141986672,0.19526083437806283
-0.21528044246475875,0.18970841687393197
-0.22355757951439076,0.18925396833142943
-0.2292910465423295,0.191411668583467
-0.22386896906098455,0.18796409409917078
-0.2239175635905093,0.1921339860026844
-0.23039933791708156,0.19056706345793784
-0.22736893156817947,0.19435338244609918
-0.23342282177996118,0.19595592049053878
-0.22497201141894,0.19165506323007064
-0.21974409542298548,0.19480790276089155
-0.2289681883075828,0.19382350131691106
-0.22628328172347598,0.18453391528437388
-0.23204112895985163,0.19030913349682144
-0.22867376825058455,0.18711479786760504
-0.23170880536325036,0.19433342281963392
-0.2239705148462009,0.18847685312682919
-0.2237303337155291,0.18241182400993167
-0.22707669643477732,0.18998183019592302
-0.22915688781202878,0.1923076197223456
-0.2345460002031703,0.18555996902394037
-0.23137557149298676,0.18110462631994936
-0.22299665619601416,0.19200765048775315
-0.2230153645250052,0.18681989276251645
-0.22106328848703372,0.19161367177185204
-0.23070166685664542,0.19186602327201657
-0.23063232794086547,0.19157805231134709
-0.22694251948027996,0.19138342053693122
-0.2235975080825476,0.19142595794700334
-0.23057493142034483,0.18629554713037727
-0.22729599516557958,0.18448134531260588
-0.22848529196407844,0.19389028348587115
-0.2277323275582175,0.1911270751067025
-0.22608296351096058,0.20220243494750179
-0.21689693174122535,0.1880674479823787
-0.23373603597691986,0.19114791342036652
-0.22316625744696308,0.18797138360750226
-0.23701304539698895,0.19935937321664274
-0.2281298873482007,0.1919887731443095
-0.22333736324421524,0.1941111947894258
-0.22211267380974486,0.19541500683008436
-0.23125578633974098,0.19459633867296383
-0.22502004496608452,0.18861240592665765
-0.22955321494851205,0.1941259156206684
-0.22172696198797567,0.18840827140746816
-0.23127286798640456,0.19027336881835774
-0.22576212844889318,0.18824738516859527
-0.22885378780200388,0.19007576850541577
-0.23016430496591087,0.1867791102910538
-0.21853974563997935,0.1874984794945968
-0.2317541082025906,0.19261832224484265
-0.2251775548484682,0.18506834282064266
-0.2204229526537627,0.19235269460140633
-0.23128523924758526,0.18741118667808773
-0.23063451227354181,0.1897972550570395
-0.22044616060078626,0.2004054220329562
-0.22415540517325336,0.19571718480473768
-0.23032398721692937,0.19198428976926052
-0.23061747847251182,0.19278156294612075
-0.22914901254807252,0.18605370248577513
-0.23236121848074082,0.18577233919322356
-0.22346389470117314,0.19203603847263806
-0.2306871788062101,0.1899834588633327
-0.22212160928596245,0.18848845699341835
-0.23195512046803188,0.1908271543153966
-0.23228571433103573,0.19418747926040528
-0.21966960775120703,0.1873886220126824
-0.2240825194551896,0.1936050507681862
-0.2271251266316504,0.19186950179136547
-0.22548865271069815,0.19255066809379706
-0.23247930822273402,0.19218184794376433
-0.22536876849568008,0.19118088141011436
-0.22869768497231474,0.19177294141652604
-0.2280803620848842,0.18567526185710692
-0.2322516569492564,0.19020328367835224
-0.21829957888945578,0.1902241820852922
-0.22340427270353147,0.1937969559400286
-0.2263127953194315,0.19797338603539943
-0.2274855064029626,0.19893480855225795
-0.22513393493540668,0.19785982178304073
-0.2292159729571402,0.19267832677839364
-0.2291847993360063,0.19554869483463955
-0.22748862164218206,0.18985936155318944
-0.22595820539740127,0.1832371761848718
-0.2268242630159811,0.1930416687207139
-0.23067014515411938,0.1959782752608536
-0.21976417235417947,0.19586123044888418
-0.22582565957351974,0.1949851385100998
-0.23063138402679637,0.1932530936565997
-0.22217554991641025,0.19799861339316474
-0.23326918449061887,0.19583657635400312
-0.224875240300208,0.19900275776484772
-0.23125155486790944,0.1973319983032219
-0.2212965278103572,0.19463190304387537
-0.23199026547015406,0.19156187844803432
-0.22598461285219756,0.1893173166128977
-0.2219376483361495,0.1995801353073057
-0.22286766368617772,0.19043643296793145
-0.22333948210059268,0.19427839658755888
-0.22828991015954617,0.19371395679897913
-0.22546590980896022,0.19486407499746639
-0.2198845816773219,0.19766262026315862
-0.22910849169447897,0.1951295661241734
-0.22084686201127476,0.19749921475293286
-0.23213721645885824,0.19342361534609948
-0.221059887900637,0.19065992502106602
-0.237453875481416,0.1970853859713389
-0.2264095005826159,0.1915274450261849
-0.2249586048663738,0.20182948144494803
-0.2236942721551196,0.19358255198948646
-0.2334782994646517,0.18955019385841693
-0.23260516540049864,0.1854250336672404
-0.2334341161284171,0.1853016007448383
-0.22031838785460672,0.18391514406332762
-0.23063874130272394,0.18838291408600447
-0.2274354454189843,0.18759652216001213
-0.227169179769099,0.18723802386464053
-0.23242840156116523,0.19608549430434746
-0.22582124939998635,0.1824026232792753
-0.22329130675796885,0.19080127789441143
-0.2166065660531048,0.193152875417437
-0.23576241034646692,0.19844273350046762
-0.22949616415628435,0.19487302088242042
-0.2290456660811905,0.188025805785433
-0.22987754303427005,0.19699644480967163
-0.2261387179580064,0.18747547723147434
-0.22082352943032904,0.19079054236623638
-0.2321744707625453,0.19817700145961978
-0.22285092390894834,0.1923596714809073
-0.21374802235035634,0.19171808282214137
-0.22862513587380784,0.19661120316264424
-0.23969266989793306,0.18806525670446125
-0.22276505194718482,0.18966010318445117
-0.22463642769093664,0.19391490030270672
-0.22881856307016854,0.19390821865505548
-0.2238921860821833,0.1945110180478627
-0.22548196221725048,0.19990995707033574
-0.23246686527096763,0.19191456432387247
-0.21884034920774864,0.19558393416015982
-0.22653367648241304,0.18800248721664395
-0.22264806794216943,0.19475315913806016
-0.2255506380648212,0.19504137014507902
-0.22983183399772872,0.18998649474477422
-0.22387646857235777,0.1929247512459787
-0.227787676145387,0.1908779131342886
-0.22393254394821047,0.1912416782742821
-0.22667505880497457,0.1907669225022022
-0.22746608835132504,0.19168539462906292
-0.23337020891850294,0.18910009262827512
-0.22934491404628782,0.19066156961518946
-0.2287607505425287,0.1954752315737646
-0.23476111398582944,0.19540690365223673
-0.22741610867773387,0.19437981770218632
-0.22393693367713882,0.1884737096342368
-0.2303628026933841,0.19579279152301457
-0.22442899014620726,0.1904177437615433
-0.22832805203447432,0.1897019442829537
-0.23271036779290932,0.18876969935293317
-0.23223887886458258,0.18803197360782706
-0.23171718901443852,0.19197756032204466
-0.23401856867856144,0.19634244955015848
-0.22093810017395332,0.18805685684671278
-0.22933510572089888,0.19638322365663108
-0.22999357076848187,0.18782577883672089
-0.22630461346599196,0.18894740048109027
-0.22325194956332203,0.18754523583090651
-0.23186268568579224,0.19280554926819077
-0.22567921994782886,0.18972591536961078
-0.23148851088861305,0.1990919550347754
-0.22497275029113703,0.1869161767107434
-0.2258987583201308,0.19284444785693985
-0.2315886360176887,0.19489206336559942
-0.22263607612913514,0.2009506520972876
-0.23050262997304988,0.1878380152269061
-0.2328588814699257,0.18991547343428555
-0.2328200534445602,0.18778134952899608
-0.23150493880572082,0.1869757680843386
-0.22184934959678043,0.19630050025275572
-0.2309060050516118,0.19826337295463678
-0.23075546028344515,0.18981463413434202
-0.22057430143391396,0.19339546686827977
-0.22848466274479923,0.19452324562742207
-0.22660145375178148,0.18896532295379345
-0.22857063981249087,0.18947130839034915
-0.2338639830704015,0.19410255257170522
-0.22055775419838644,0.20089278096755103
-0.22935166525588688,0.19140619242723628
-0.22810241249590543,0.18931473089258735
-0.22456878014756787,0.1904655606230066
-0.227575327869758,0.1896039384986543
-0.23307774321154345,0.19478515480062586
-0.22768638939434532,0.19093330871963143
-0.23373613251841663,0.19120526764202123
-0.2281931132119186,0.1923382219525376
-0.22203347917657335,0.18987447293253965
-0.23224898252972961,0.19225703422815224
-0.23022041086432476,0.1901390442334659
-0.23449199987656774,0.19453054145488252
-0.22953182700651958,0.19184985450337724
-0.22449052771962566,0.18978085431428943
-0.21935812668705984,0.18881874867046947
-0.22283461856569287,0.19516681106997325
-0.22012696057565456,0.18710001214390792
-0.23371238830183816,0.18859615194789708
-0.22893530848784888,0.18718252660380977
-0.22211831625751993,0.18297484705872702
-0.2308426364140788,0.19507024717722793
-0.23295803172455518,0.18743541508305606
-0.23428263272685693,0.194570193440613
-0.23472672853915236,0.18508318913508623
-0.22750007450200474,0.1897478417979503
-0.22394207834614493,0.19106681243991133
-0.22838517780674963,0.19292081953922569
-0.2331031737254666,0.19581186134979284
-0.228032537922925,0.19166957033379617
-0.2198556327112761,0.1925137464296562
-0.22033576983842507,0.19511717950008617
-0.23170315990870602,0.19753283107545416
-0.22496852171141823,0.1948972531726044
-0.23563148696152006,0.1952359847541318
-0.22588629913988348,0.1944330241302597
-0.23041520036978014,0.1911133998684262
-0.22084353012762842,0.19225187743131367
-0.22617494170974242,0.1946584304670593
-0.22093185470618115,0.19557369179993175
-0.23255462144188008,0.18705145117437655
-0.22467274364876433,0.18910859936092955
-0.22266018282980962,0.1895591167325774
-0.22633942624176354,0.19114852658091
-0.22674380096718944,0.1885051446213754
-0.22813796513504916,0.19067053355799055
-0.22521664757208348,0.18948960285504854
-0.22052313718992256,0.19066182356680889
-0.23071151098132456,0.18316196211221034
-0.22774389374826692,0.19439895328476267
-0.2325972112932489,0.1985435099296677
-0.22733088212991787,0.18296871932688094
-0.23276247621770202,0.1880424365556157
-0.23046969998474193,0.18543047499263507
-0.22540211685721337,0.1908243733881576
-0.22549202847359687,0.19245336519295841
-0.2430224559897255,0.18414739729061386
-0.22275466105495367,0.18732532374033062
-0.22859720181802004,0.19577096250719617
-0.23056101384078936,0.19132664212947814
-0.22697833076554347,0.1938949910321451
-0.22774552038545254,0.1985034853973016
-0.227608319489292,0.19458712500896005
-0.23368401080769785,0.19445930280902288
-0.21965001321176497,0.1860791548021875
-0.2286049137304105,0.19753617558827824
-0.23296106631907043,0.1855331987584956
-0.22769227734466194,0.1910814609009891
-0.22042344897523727,0.1899233661705299
-0.22341624172640073,0.19118692534661974
-0.23103911209738923,0.19200989627881354
-0.22470145218045667,0.19169355047395284
-0.2204311732564352,0.1894453994608208
-0.24084253178676823,0.19121618238781912
-0.2221104506855684,0.1958030482515089
-0.2315996038169395,0.19258699899403672
-0.22866014356118558,0.19679523783843944
-0.22975484425781564,0.19211349394376698
-0.2317155914101247,0.1913676576087126
-0.22459132286285896,0.1889246558102786
-0.2272334959889149,0.19179917876814465
-0.2238014546220874,0.19404456306909593
-0.23436286887462826,0.19685724921999131
-0.227182368572759,0.18788808177493083
-0.22710859461473665,0.18992771574157682
-0.23597229087405958,0.1923333122025167
-0.22022640699738674,0.18506703089239357
-0.22892855656665345,0.18330671141286378
-0.23711247235322247,0.1900152990855006
-0.23416317209974177,0.18754878397058777
-0.23129037384807571,0.1903138959858726
-0.23230146454723463,0.1895554114645484
-0.23263415332553994,0.17706395347906298
-0.231358950875836,0.17844987715952904
-0.22340362385972895,0.18920178315438974
-0.21658118329747725,0.18981005696045553
-0.23041233086675267,0.19073322295235673
-0.2296600359343642,0.19178325625575546
-0.22949498918465233,0.18478802448039586
-0.23168988817834094,0.18938625376285836
-0.2339268766383206,0.18724697005183014
-0.23948845268163493,0.18856825444457084
-0.2309606027208276,0.18255092861790498
-0.2344592951065802,0.18555343182453937
-0.22502331236731551,0.18618869842719019
-0.23006331526977938,0.18980881069515443
-0.23005305947805904,0.1913263471287366
-0.2281598938335221,0.19448940357237854
-0.23583134193906546,0.18959222924337732
-0.23250110542989164,0.18205478214281154
-0.22935486941549346,0.18859634242990506
-0.2332227170459992,0.1860294697424291
-0.2223141666071263,0.18908409539599633
-0.22606912388634817,0.1947680855908036
-0.23049688609618713,0.19043856560702657
-0.23090762615588334,0.1915572015397366
-0.22462658131595872,0.19465609557257532
-0.21650537529902855,0.19384503011489335
-0.22996730306795926,0.19591344768550875
-0.2442996023577698,0.19604225255847504
-0.23475801829395018,0.19191448849628945
-0.22193431322277216,0.19537685331595905
-0.23411589604535574,0.19366589949610313
-0.23055734786734122,0.1855851646833454
-0.23118067405683482,0.19508178006934107
-0.23289245517903892,0.191381596612273
-0.22132498154190838,0.18167570239349126
-0.2275295545476486,0.1867421270290881
-0.22999586536865727,0.1965359414419613
-0.22383574913622162,0.19162811604761656
-0.22287014442151787,0.19354895145902495
-0.23170066154814223,0.19295920007332573
-0.2345044045141485,0.19401629160513675
-0.23423956949821206,0.18393984509771893
-0.22921767832024595,0.18526927254210912
-0.2234003754603655,0.19066053616960124
-0.2296903405499085,0.18776322561254208
-0.22331875050011693,0.19071699628155964
-0.23060877976973676,0.19809810815204834
-0.24056236830282385,0.18453170502494087
-0.23126512124107546,0.18318573735428648
-0.22253007034671196,0.1860861206550235
-0.22428822197330134,0.1884634521013196
-0.23016997456378036,0.18279039290672622
-0.2305552587552975,0.1936005627530992
-0.2319399746539509,0.19254871856616912
-0.2332342341707275,0.18696903009771387
-0.22703912150900787,0.1840154674117661
-0.23010943180845175,0.1841447545822839
-0.22930236438900203,0.1928717810770085
-0.2288963178122508,0.19177343618166534
-0.21734198736877683,0.1900555310485148
-0.23239004581173228,0.1899906328261489
-0.22653821625559448,0.19311008750529135
-0.23272865335935478,0.19868148719169515
-0.2248144397758114,0.18772469861522034
-0.22340476824749025,0.1859013313718863
-0.22811727230580425,0.19775729703521533
-0.22025919681590875,0.19176313055451685
-0.23461127615822053,0.1866375240947926
-0.2270608233806479,0.19107824086943634
-0.23289431382518094,0.18785950829251524
-0.22646859609994424,0.18373951577176018
-0.23046366681405145,0.19118106936729806
-0.23220480683491823,0.186103041627133
-0.2271356307548956,0.18527532266098784
-0.2336354087026418,0.188627674462648
-0.23961769520591433,0.18725086264920301
-0.2281371146608303,0.1839271958339365
-0.2292043966415066,0.18453916791875444
-0.23194562579627426,0.18654160634523537
-0.22786650581320197,0.18315827619937816
-0.2304575916912505,0.19179591168583573
-0.2302180072666993,0.18902548193603458
-0.23150645306009415,0.19684511458158913
-0.23452804831300358,0.19043803074576515
-0.22698318168515125,0.18791928054472437
-0.2312316550326772,0.18291734238388246
-0.22650350446924158,0.1956632303673078
-0.2295975703650419,0.18564582574455213
-0.2305252931068934,0.18623836527499094
-0.23606159422548512,0.185803947460225
-0.227774723352612,0.184845762745948
-0.22718710162388428,0.19407808266951815
-0.23179781113829362,0.19207185361981297
-0.2208585356472641,0.1919231225755161
-0.22455401128638774,0.18835951819612506
-0.23603038202315252,0.1853342512921333
-0.23845886750058148,0.1868543787832206
-0.23145721777257497,0.18060030951547484
-0.22813221027269817,0.18918639292406167
-0.23727241647165623,0.18688965375669087
-0.23137210986903484,0.18023010160626798
-0.22378991258745803,0.18304446478282246
-0.2328742689110758,0.18426587964021338
-0.24552672789009367,0.18384152714482188
-0.23356069899428497,0.1819805583846151
-0.22933552619975153,0.19069486160978105
-0.2273257454670486,0.19128534472916828
-0.22477460474210093,0.1837424475456717
-0.2318350711430047,0.18996094297518143
-0.22734221713760627,0.19707107578354682
-0.22898222536345944,0.19690552932838976
-0.2244712252453198,0.1868756020504179
-0.23080540336788194,0.18933785047188864
-0.2247596531497683,0.18940295828993023
-0.22475279178090374,0.19546542123193048
-0.23395966436931134,0.18870944779864512
-0.22882127569837957,0.19224295138959843
-0.2350748496269416,0.19025709085991618
-0.22562852026254038,0.18962338134625772
-0.22923940135700574,0.18797621272509438
-0.21884528625856906,0.1877243485823081
-0.2330438461012309,0.18609494808078278
-0.22961771259878788,0.18853381407621184
-0.22610496382999173,0.1898350404985357
-0.22684389556551307,0.19046803736318063
-0.21760085104645926,0.18599613612447355
-0.2309601420821142,0.18766747979886703
-0.23556758553094426,0.17916481969510972
-0.2252172068844816,0.18074249975455328
-0.22632509146377644,0.19013954943993985
-0.2279365120402504,0.19307069350190442
-0.2364234568593436,0.1885137326844501
-0.2304380307385434,0.1841153671615426
-0.22920555145349453,0.19496908829950185
-0.23026100306358108,0.1839852869909353
-0.236686570133137,0.18249150504342349
-0.23295514376809046,0.18656605285874447
-0.2264724709199857,0.18514812452438673
-0.2350009457053617,0.18185446356307158
-0.23204884364853706,0.18076966716391202
-0.23810506644544555,0.18364144850164132
-0.23039442535445473,0.18430627088438756
-0.23112491998878562,0.18448325887849357
-0.22906186227800832,0.1816998710523078
-0.2321550476201577,0.19528551003579403
-0.23338767790994314,0.18375819699566792
-0.23178913996715997,0.1971285510646515
-0.2252914423969086,0.18880294690587474
-0.22733752222200457,0.19062577319155777
-0.22663228837182736,0.18655395059373137
-0.23248690482904752,0.18878966562823868
-0.22966713282958454,0.19187299646673744
-0.2356305766041761,0.18956216154170114
-0.2183130304141713,0.18847431806445647
-0.2344353303604504,0.18705083519923482
-0.22746616819159404,0.1892481178311689
-0.2376946358599915,0.18756137912509163
-0.23553305420791082,0.1860313140821741
-0.233202687323148,0.18859362152469733
-0.2295105659347093,0.1914733140955524
-0.23699542267574547,0.18834400146121577
-0.23022145436237054,0.18572304688318578
-0.23399480623552676,0.1872521335644602
-0.22875489480576408,0.192065757314692
-0.23332829501989397,0.18311795234753228
-0.22476764678357852,0.19805231947064522
-0.23385237914295964,0.19721293386495686
-0.22201632063222254,0.1919481558328002
-0.2229811471273552,0.19725725570921115
-0.2267735113681686,0.1889352467157467
-0.22040946654655,0.19463793500002027
-0.22611766284593254,0.19537432904138063
-0.23430295193209494,0.19100459246585325
-0.23355572986174258,0.192723236591297
-0.23068037466741895,0.19463340476857588
-0.21761100170116712,0.1887805240406697
-0.22700933546929702,0.18980239493263676
-0.2332608235708352,0.18944629824160303
-0.23050663520771067,0.1889211940814321
-0.23571338468015793,0.19146972814823557
-0.22811682967003538,0.184693296837832
-0.22537234110066826,0.1907713733488068
-0.22366624469227925,0.19520212922610788
-0.2249697730578719,0.19392441713123953
-0.23448015358578544,0.19161537092592487
-0.22600705594388237,0.1827559522905588
-0.23742977616200592,0.1964066822038198
-0.23457319992541714,0.18790105222346404
-0.2313412210598252,0.1832915031569827
-0.22645003449336137,0.18763747084535187
-0.23360488018867567,0.19113768893616012
-0.2323074918232351,0.18368070044756646
-0.22198985114068667,0.18807258806357105
-0.23373022354142295,0.19406032385507063
-0.23431585844843453,0.18436696049289647
-0.224773281946192,0.1905072424368365
-0.23715882564137794,0.1871080968229944
-0.22690733262748733,0.18329272994284093
-0.21939406193361008,0.19161624908871347
-0.2340696347385531,0.18945405538240487
-0.2290590128109673,0.1879431105111292
-0.2312678675468275,0.19139486239775563
-0.23679234306980657,0.18577684984093337
-0.22785120076508616,0.18179603655592802
-0.23072536269505192,0.1839985579761542
-0.2273365029100749,0.18345463536457726
-0.2289802174155717,0.18324826689933404
-0.2233795583995807,0.18734346236597674
-0.23361236301350424,0.18831314165964852
-0.23573778281753618,0.1797341095732434
-0.2340691572022708,0.17925429027662945
-0.2360795871072566,0.18076460012511225
-0.22499607961459428,0.18014931989271663
-0.2317767900810784,0.18675809438989455
-0.2171859956634565,0.18403516088359526
-0.23773867795275622,0.18397488179692395
-0.22992103876682624,0.18335429430771724
-0.23359463539291178,0.18609043269755063
-0.22822568289734232,0.18105795448819986
-0.232876531683819,0.1821234830616268
-0.22239855403952086,0.18235850069685797
-0.23209909186990468,0.19199227866822424
-0.22997265692857133,0.1871937523307585
-0.2231501566328924,0.18369295236983238
-0.22851909154517985,0.1880660978543581
-0.22029836630969832,0.18501218250295876
-0.22847724044586168,0.18799196122626166
-0.23342820421992072,0.19093562837226818
-0.23288531258905593,0.18804876835393278
-0.23218931581163435,0.18902235586825133
-0.2282956804387814,0.1893762579803536
-0.229465051851163,0.1893362592368548
-0.23244944816929664,0.1883901179826661
-0.2252816660609002,0.18268181182768342
-0.22564429626501076,0.18799273474748746
-0.22711507910106568,0.19185055183633545
-0.22904364760259427,0.19081526907257923
-0.23416850851947005,0.201034543606315
-0.22410834155643425,0.188827640687556
-0.22745787967122091,0.18995553174506136
-0.2223218988002554,0.19043220692248233
-0.227432684751122,0.1866308995939596
-0.23359593489720287,0.1836049143703538
-0.22504710079656337,0.18552535709545065
-0.23322467380933687,0.1812806910719761
-0.22837729906036586,0.18638291220923195
-0.23771990918039443,0.18121116598241033
-0.23513316704572482,0.18255801406239416
-0.22864562921550097,0.18867494105256197
-0.22664504203343136,0.18733565983976463
-0.23259661471369203,0.17929614707277347
-0.23571453295137954,0.18436077432496661
-0.2277436233582852,0.18651370555101623
-0.23003858660131157,0.195913496821759
-0.22921875066177486,0.19357796452700968
-0.22986887897744313,0.18895944079554988
-0.23185724656636184,0.18685699291468874
-0.2352284843161678,0.1894368248298068
-0.23791152825807005,0.18955532252152169
-0.2255707486861941,0.19041447409491644
-0.23811370104688104,0.18741358398090247
-0.2329132070026638,0.19251229496347172
-0.22605979027606737,0.1870102693121465
-0.22284833929192505,0.18573574460616163
-0.23731040359768468,0.18863930535516785
-0.22308074246174886,0.182899371478327
-0.22662951597162082,0.19134295549104424
-0.23540389661934158,0.19334297496474895
-0.2289157437413776,0.19100498712421585
-0.23143476055569623,0.1931565919428089
-0.24220456124235257,0.18852000548348374
-0.22491130212749075,0.18589027969782457
-0.23192297814572832,0.18587494675239627
-0.2363124458017035,0.19325228863548186
-0.23186231317537145,0.18837260702553324
-0.2378294391748186,0.18482352017436762
-0.23054712521012252,0.18467053366663086
-0.2286312040591313,0.18401571862320187
-0.22994586062399228,0.18499025179012477
-0.22585377777890414,0.18148408432281424
-0.22356640579713644,0.185523850548605
-0.2332393288264817,0.19408799624364723
-0.2252395330121769,0.1980130134110454
-0.2297158180978283,0.19343149196167708
-0.22124810424174607,0.19266985505966186
-0.23713586688661054,0.19093037297946241
-0.23392863891100787,0.1873026779392213
-0.2367092313651122,0.18366209316338822
-0.23364142699009324,0.18991360742381075
-0.2205053180317829,0.19173488253366916
-0.23176013228655937,0.1949630086217753
-0.2344414060472784,0.19316644075997036
-0.23139763359907556,0.19218433512864225
-0.2281618931196149,0.19305883187047243
-0.22599898694802958,0.1965492386729607
-0.24247187358269623,0.19595161395840346
-0.2256460330187513,0.18745803142255246
-0.23067818762279552,0.18937377496074123
-0.22893884334738476,0.18972052085569427
-0.2245764809749395,0.18217309153129935
-0.23542805944735357,0.1905417352112272
-0.22717617558788716,0.19092756636957842
-0.237764306879238,0.19334606421164038
-0.2361522918259594,0.18789340917266195
-0.22886889913743833,0.18705828950882417
-0.22569853355263658,0.19345002733797848
-0.2292920406631163,0.19120873792395493
-0.22554392935835244,0.18503225946256646
-0.2240832514174292,0.1853147140979267
-0.23161972358253058,0.19055850396682772
-0.2318562619412678,0.19136995130619483
-0.2188063809678565,0.1834843425626614
-0.2291883338199058,0.19233957516349232
-0.22889523371485118,0.1893730686765213
-0.22267697989189209,0.1857174232691586
-0.23141067782438002,0.19054988728159944
-0.23220504442356446,0.18981694817431935
-0.2257674064636616,0.19219963086218192
-0.23127747411936822,0.19224367538976542
-0.23019139712491035,0.1863449616613111
-0.23483247493702308,0.18650441586174013
-0.22360919523875925,0.18533112802627194
-0.2311857398107684,0.19260271695981016
-0.23304430418688465,0.18534006089884608
-0.23067776228404452,0.18470579710981044
-0.22776290622786743,0.186426221681475
-0.226608916340387,0.18713054147233138
-0.22961724316633433,0.1905429966186057
-0.23199655363129776,0.18713525757212018
-0.2269365618402356,0.1872412298247157
-0.24696509752404824,0.18238812775627206
-0.22559606346655287,0.18675505162049957
-0.23214930987100163,0.18850419061708196
-0.23592735338870807,0.18524892701734647
-0.2326346188675275,0.18988015648302883
-0.23206179568920599,0.19989674650420042
-0.23013810392338324,0.19066964211786674
-0.2341147671698019,0.19222621811701648
-0.22287678233384017,0.18796178215929046
-0.2322152480327415,0.1998337343264649
-0.23126169358390838,0.19306073654144204
-0.22919719511411818,0.192680205721543
-0.23178825514868923,0.18496265107721388
-0.22148620473280312,0.18873850326417232
-0.23387720060376843,0.18810767781445079
-0.22850679808193186,0.19083038357800478
-0.2330578355861297,0.19183283557409173
-0.23274188248287062,0.18720148021992125
-0.22778866889513646,0.18280429188631458
-0.22980114699567458,0.18878508848350709
-0.23585698265691388,0.19208450811351296
-0.2360378656873705,0.1884942137408884
-0.23563243137564513,0.18866020379635806
-0.2252101183385746,0.1871227264003855
-0.22840985897038596,0.190513077352085
-0.24315648123079311,0.18116799544997358
-0.2286244695004646,0.18473239130101993
-0.22871490841970613,0.187533079270701
-0.23720349848391975,0.19131350274784334
-0.22376717259624412,0.18916302416518943
-0.22704705674796494,0.18953537432198567
-0.23167538524342796,0.18848908169451767
-0.22895218210019394,0.18710653031748434
-0.22700804229946117,0.18672470946937855
-0.2307322893063731,0.18794444265559324
-0.23307565612107187,0.18754785577985558
-0.22362000900915285,0.19013828318950443
-0.2322375928415077,0.19392145655639004
-0.23686031702800744,0.18297510678835988
-0.23676092250402628,0.18966928612151074
-0.23223459275450517,0.19458362869488932
-0.22916361212335482,0.19416345781346264
-0.22128803452752352,0.19202645105125704
-0.23076110317873505,0.1788560761182487
-0.2290703168975564,0.18783446847798596
-0.23298157282337617,0.1881743053841225
-0.23170525502782066,0.18004590620030184
-0.2338228854479516,0.18227727654789633
-0.2343939507036675,0.18688468497566527
-0.22927606320205132,0.18225046447075724
-0.23721885787750682,0.19472346348543335
-0.21924831465504574,0.1867726935165652
-0.23150470737686746,0.1846715854318789
-0.23440863998378234,0.18748031159371115
-0.2280261492633559,0.1917779481633886
-0.23016893139597114,0.1941470773654307
-0.23167487346141497,0.18654524611334544
-0.2298004494927622,0.19200148628509747
-0.225414651043289,0.1942475854848579
-0.22680839969976932,0.19185036486370136
-0.22671901178296947,0.19148061237337927
-0.23410402805840758,0.18467479849751162
-0.23540311455972293,0.18952795800816638
-0.2249902856908654,0.1923970101993686
-0.22766832136983461,0.19482964062839675
-0.2357699782852452,0.18610680354042353
-0.23760911142228877,0.19422779810855567
-0.23103312185185682,0.18707670374723367
-0.22592114105446798,0.1860948149712577
-0.2337648087565106,0.19265030100702651
-0.22913221494501207,0.19034821339134148
-0.2281754028341296,0.18424333380747568
-0.2343908170618494,0.18746848324612886
-0.22162690585691328,0.1928538328939562
-0.2313933561973814,0.198812678645747
-0.22694342951976804,0.19287195554569625
-0.23059746249233742,0.18831018329506694
-0.2293237954014625,0.18825410744464424
-0.2273584881405022,0.19717579807818864
-0.23142252584093106,0.1925848614738431
-0.22497300408341409,0.1925409481286514
-0.2362643292774422,0.1919183405365426
-0.23239787230770087,0.18698466078732015
-0.2309422628397845,0.18908338521864296
-0.224473499307074,0.19028188750471361
-0.2245763276878198,0.18409231216018807
-0.2354536850166894,0.183359113974466
-0.2278553371520093,0.18950312891181564
-0.2290479325915279,0.1855096125092357
-0.238018084524552,0.19605488262042667
-0.23015160401205423,0.18566835033246787
-0.22521053141240358,0.18940024101262634
-0.23635439641706785,0.1939680041808667
-0.23024104339921092,0.18481489204051688
-0.22841592030505273,0.19292464058343606
-0.22314648530463851,0.19032815164559821
-0.22710979750174917,0.18895738670534684
-0.23984402553092896,0.19228933506588383
-0.22943013884414185,0.189026199466189
-0.23001768431572273,0.18987707804033918
-0.2262528327851417,0.18829788842588058
-0.23201382159641823,0.1847865028175989
-0.22636727235808818,0.19394113484892198
-0.22369638532467234,0.18911909992715223
-0.230160799194699,0.18920142583987581
-0.21985538068238927,0.18639671261941979
-0.22824632633082217,0.18962885311880567
-0.2362532033183198,0.1867895267764594
-0.2259939862632259,0.18482037375758512
-0.23037782314598954,0.18504051090537935
-0.23248998306496066,0.18948882280806434
-0.23134666099907783,0.18392856781196482
-0.2370980241080618,0.1794692178238772
-0.22731096548943697,0.18294353118173592
-0.23456492555838815,0.19141088023692077
-0.22298994916416365,0.19096741307598267
-0.22686004220658793,0.18218681420679925
-0.2261970694013011,0.18214074485175286
-0.23974568121257292,0.18266724920960675
-0.23166264810674095,0.18893909043396834
-0.22613858591576802,0.19297281948702946
-0.23558622506716748,0.19152129333565027
-0.2296260181358171,0.19398851248533042
-0.23100160409250398,0.19544681006062714
-0.23780699843962633,0.18899604865438427
-0.22941422609151857,0.18490711788705613
-0.23116257404067458,0.18642488279582548
-0.2319354010484413,0.18177461163812755
-0.23601314330006648,0.182306016015576
-0.2315800041192395,0.18670371689556312
-0.21561531270011033,0.18640428906766124
-0.22431601305658044,0.19042815838719335
-0.23117387708402093,0.18813679001796946
-0.23744211026846765,0.187005320996419
-0.22651007909489546,0.18190251926417295
-0.22892486149679742,0.1870263536850835
-0.2350161614624111,0.18736649647111536
-0.22800894029353772,0.18574062346171502
-0.23190227424185908,0.18451930159438001
-0.23446313161613852,0.18519142728224502
-0.21847368896430042,0.1833495887932649
-0.2257814234558782,0.18758498425884812
-0.2293922233606475,0.18224816925800583
-0.23243684116331742,0.1878358725855844
-0.22845021212113514,0.1854575984520402
-0.22633036627658407,0.18031762080565492
-0.2235078208346612,0.18406403442296163
-0.2326449126610215,0.18874588727542616
-0.22878969211582278,0.18709571012925674
-0.22464810778534725,0.18635609524220725
-0.2402827693083748,0.19008103908071286
-0.23279495573765904,0.18922692404711508
-0.22771117656834197,0.18407589323956822
-0.23059320909277917,0.19682491764903023
-0.2289889915033167,0.18384178782341754
-0.23047508504802813,0.18551699933084942
-0.224203995625584,0.1916040725639916
-0.22830226827753364,0.19170451180048786
-0.22532688070584256,0.1857805506142053
-0.2309404198338519,0.19250711922306146
-0.22345376229708697,0.18857667679568862
-0.23045764302356528,0.19205052249691468
-0.22601510669317373,0.19710627524931246
-0.2290534743227035,0.18358680892561885
-0.22978642423807596,0.18941169936612348
-0.22942712853595737,0.1868708181090469
-0.23250688701511418,0.1907607146151665
-0.23246723109560938,0.1915424203156302
-0.22862691995209997,0.1903719104534859
-0.22782798616432023,0.18650564219104795
-0.23857979345495514,0.19028960190314476
-0.22073021185489683,0.1753470510945831
-0.22863289295357067,0.1857477047444006
-0.23016791484453297,0.1917024354391975
-0.2287378225633503,0.19153456950402545
-0.23340902588805362,0.18439048697188656
-0.2307767935572873,0.18397234001370244
-0.23598618542239355,0.19519796264657988
-0.22401910863055102,0.19079524718644944
-0.2289222483141606,0.19614303859299564
-0.2248529729144294,0.1842654951563187
-0.22947695530656936,0.186344110408283
-0.22842112860535263,0.18306994926397124
-0.23355643561251999,0.19156553219899622
-0.2343046760409872,0.18548446743128758
-0.2339785459520558,0.18436277837961873
-0.2322424760279147,0.18522548085961854
-0.22809067839550412,0.18661189396341624
-0.23190611926231725,0.1930313610611619
-0.226275669885725,0.1858684073108104
-0.24349730887423734,0.1908453818636605
-0.2304757972787785,0.1853283016192852
-0.2219444218886655,0.18196903616580476
-0.2314365180947508,0.19092250865001337
-0.23135672901480622,0.18508713770662122
-0.2278325926766656,0.18492604294211057
-0.2306124904709536,0.18765110563094314
-0.2304853332954199,0.1820114722210927
-0.23545487922020109,0.1897405192093368
-0.23256486328381099,0.18403042078293824
-0.22921398800172035,0.18651172291146614
-0.23060389197856856,0.1889506739298406
-0.2405186796413405,0.1895082657188705
-0.2370620207007798,0.1858812768828322
-0.22297269282445573,0.17964438712439892
-0.2328689004747901,0.18054192519884743
-0.23485648052800084,0.18558079721035395
-0.23536609872422332,0.18364256340234422
-0.2246308323126016,0.18049510356285395
-0.2351893430687093,0.18641388813314191
-0.22913838217613297,0.18470952851327743
-0.23231157193404264,0.17750225379544152
-0.22982173851559923,0.18490949164612758
-0.2267896744955316,0.1859132235291883
-0.23867635143034893,0.19415167271745
-0.2325406087725305,0.18490753047624775
-0.2344900815811858,0.18974422880280184
-0.22601482545865256,0.18667500694102743
-0.23452545839689012,0.18549438748175948
-0.2234276689231324,0.18769108445904006
-0.238377286158252,0.18362742045222688
-0.2234147558802813,0.17958607647315683
-0.23471344606264022,0.18438831116372847
-0.23417659812877886,0.18367584122428587
-0.22984203107825216,0.18363320788592358
-0.2311614851572291,0.1861075799878485
-0.2252881588892568,0.187540587769803
-0.22581651736277966,0.1823769977948191
-0.22459444453236402,0.18316260673205698
-0.2309846585247654,0.18836268248059554
-0.22730572918971434,0.18057527120624872
-0.22832375327474935,0.18477633079017985
-0.23126140906780573,0.17912326040369506
-0.23511657683801848,0.18274397166348325
-0.23733589434958383,0.18229320346321337
-0.22272937251538635,0.18328936259721842
-0.2341911832869453,0.18648091001308528
-0.2295045558123171,0.18164047875751327
-0.22891071221979678,0.1857840211557095
-0.2285664720056281,0.17874778935363045
-0.23576279089314278,0.17967517708986147
-0.23692645856695388,0.1844851305943357
-0.2241397715367883,0.17676986933082856
-0.24088331761480739,0.18113006662001194
-0.2352903746343821,0.18336370113925146
-0.2417990451076538,0.1898447655898194
-0.2361477006770875,0.18263885077490147
-0.22704791949756825,0.18694424086694947
-0.22895075707319062,0.1797151432938037
-0.2302990582248422,0.18695746396656426
-0.23006666818349422,0.18891982391259998
-0.23582679181921112,0.1883957683036447
-0.23492920264191977,0.177997925630625
-0.23072270169075526,0.18629501895471384
-0.22847305683777058,0.18093377659839552
-0.23023020726726248,0.18226836444423272
-0.2320985846226732,0.18492681880760725
-0.22661592620501078,0.18854394977523767
-0.23795809889922354,0.18498944078825277
-0.23326818889279058,0.18362881126952846
-0.22752670560064436,0.18667615510132768
-0.22366597832083215,0.1866283712068129
-0.2298002509880553,0.1778298117490854
-0.22260404769527567,0.1857839185849066
-0.2410386089024505,0.18379028549274107
-0.22531591554993363,0.19174725413000476
-0.22951333433481713,0.1874001073933066
-0.23710255527398755,0.1850918490825899
-0.23423042866684676,0.18248513376259445
-0.23621426706015033,0.18638443833055895
-0.22836314717620876,0.17861289626779014
-0.232119395020204,0.18380706660246957
-0.22395949794396183,0.18185912887473402
-0.23963875071854696,0.186494467493034
-0.23633836258494104,0.18865597483017127
-0.2244536001695703,0.1889952474278129
-0.23321488523863856,0.1798082247221399
-0.22935194498021405,0.18844961376907635
-0.22696364786908094,0.18628864258252342
-0.2368705506743655,0.1914039253810313
-0.2356372635901,0.18735920367347825
-0.23304496864712984,0.1858776373646095
-0.23495169521299109,0.1886843923104721
-0.23377969752396774,0.18242196632870572
-0.23204797661013182,0.18210178376901454
-0.22905867966620871,0.17627162887512887
-0.2288804991199075,0.18858472296643308
-0.2289991354514363,0.18510231659421367
-0.2282661970573121,0.18419444419472858
-0.23199001108223358,0.19511334367752003
-0.23229546887380692,0.1869340862978991
-0.23331932473290978,0.1881932825536884
-0.23816164021719718,0.1885958286690769
-0.22680416722334568,0.1834653325764571
-0.22595813012513194,0.18408925654619898
-0.23260214732716455,0.18620164254878116
-0.22014714817864098,0.18744598778475746
-0.23481702997225323,0.18537510104363514
-0.23454347196172232,0.19077261727340872
-0.2161781961137801,0.18443837846974756
-0.2412449367478196,0.19306941911119962
-0.23339018462691555,0.1916341726702707
-0.2324927237334939,0.186892757519162
-0.23562526158414085,0.18731032956160937
-0.23380859577801008,0.19153509877895505
-0.23030177142024347,0.18249062229334737
-0.23381151120302118,0.1805596611292021
-0.2336554910510562,0.19107534052992844
-0.22064803771225316,0.18425537175664775
-0.22810387708388344,0.18505587555968023
-0.2322791127208599,0.18254178691071857
-0.2267334992182563,0.18338637537226538
-0.23323690229495636,0.1843007952832245
-0.2387857571511473,0.1847280866789756
-0.23618080055522506,0.18321391886876015
-0.24670548417700366,0.1831232144718679
-0.2243111120007346,0.18054365643336984
-0.23150014402968622,0.183842806228662
-0.23033470929516256,0.1739441181492817
-0.23094678535160984,0.18387045647959235
-0.23350961308849397,0.1855432672580584
-0.228399611668502,0.18087773478829666
-0.22935334803124638,0.18437718974990802
-0.2415806308963409,0.18490921165105573
-0.23107823877863481,0.1829288097043677
-0.2386021290628482,0.18404853056073361
-0.23398709202149887,0.1877039974675283
-0.23231833506181487,0.18297966983185132
-0.23233038491280178,0.1828973815125919
-0.2278587777861433,0.17698898863742324
-0.23584861718230912,0.18706825938543933
-0.23440662052336614,0.18676366485039603
-0.24028224423911282,0.1933564959140519
-0.234325349336383,0.1786389262315658
-0.23179937647103485,0.18715429979135695
-0.23369789579876266,0.18818003369700384
-0.23272300954668873,0.18595899066545987
-0.23260668964142056,0.1816675861428903
-0.23046868935720805,0.184070663291945
-0.2338703965265874,0.18611602619188508
-0.23568990059146944,0.1857916286068343
-0.2264239512775402,0.18489910161019046
-0.2315712475426793,0.18170665988095613
-0.2246794878312346,0.18100718002674052
-0.22739509134445818,0.18218215151291156
-0.23534229867879636,0.1884697018840273
-0.23660643745550744,0.18289172586097557
-0.2249411732190166,0.1809312414866657
-0.22682909819801447,0.18691871935364981
-0.24005847994412,0.18690545565702868
-0.2348499169711197,0.18000082481977822
-0.23855871113728488,0.18259436645747296
-0.23017393534764816,0.1802090092816981
-0.2320155740416899,0.18801919443453716
-0.2364749824598448,0.18753193175698898
-0.22431667690328008,0.18715840633156636
-0.22518371046818483,0.18625595101668527
-0.23361798345538112,0.1894926924948848
-0.23231554851484307,0.18668527485588154
-0.2367500647657914,0.18181795799331943
-0.22822980944706953,0.1763291036797743
-0.2357387752220491,0.1809698157294505
-0.2292465136854599,0.1778191906711081
-0.23496005154417332,0.1814390042948838
-0.2356318423154454,0.1842607214764462
-0.2376752176119198,0.18668543343857302
-0.23191178319285688,0.17984676815972422
-0.23015181325311618,0.1784355149975436
-0.22864822349511588,0.1865016920014843
-0.23483790794181067,0.18186344963274792
-0.2321701020808826,0.18017136189376437
-0.2342327032892923,0.17996132922354485
-0.22682422904617555,0.18617466289792944
-0.2332577999069647,0.17917149922689285
-0.23588204487823913,0.18312201192027872
-0.23984066222842512,0.1802208531992048
-0.23102772845827024,0.1836417052573723
-0.23483118680113182,0.17649875270414608
-0.23600988408549609,0.17848975533532227
-0.23492545956465136,0.1797049439939392
-0.23377247269418233,0.18352080505540774
-0.23965572802362686,0.18350041773758544
-0.23651435773583454,0.1786796862524877
-0.22772391154046653,0.1795534485546283
-0.23587881246213022,0.18822214922620603
-0.24350172388247673,0.18527990435395797
-0.22953681907906248,0.1791491959435545
-0.23172324014246848,0.18543607007329027
-0.2270788247753466,0.17481804211947274
-0.236239994160191,0.18191970850452052
-0.2341152345724344,0.18245166066887517
-0.23112099786310059,0.17940533515214632
-0.23163961061567706,0.19018344241364174
-0.22965220174164358,0.18665302676640194
-0.23929230458087106,0.18299735179679602
-0.21993899125790073,0.17680618214777086
-0.23781454903708704,0.18415982603799058
-0.23954715789563946,0.17963869684434858
-0.22967865947894528,0.17849285272995935
-0.2413242290562157,0.18389527720265003
-0.2258560539921736,0.1843923075075333
-0.24707212873866982,0.18162333326616145
-0.222940798727102,0.1849054796231142
-0.23174823075115156,0.18456753530905784
-0.23197743898086842,0.18007442589825365
-0.22955807569295256,0.17394757564906635
-0.23446774351538918,0.17866600918420336
-0.23393962355676118,0.178835280058276
-0.23128441280194806,0.17796216056955153
-0.23907249918913193,0.17807869338570034
-0.233282564819135,0.1823654943217754
-0.2376949237360507,0.18670519303025168
-0.23577558601602006,0.17929756496187974
-0.23247688145520795,0.17528449778885943
-0.23683797066643145,0.1815572617437592
-0.23316462187113957,0.17675743036189187
-0.2356825671317388,0.18156824787566728
-0.23134202422485578,0.17528241121045754
-0.21885373701698888,0.17684118018797818
-0.23129267163540282,0.18801963104553196
-0.23636798903804473,0.17632371747955142
-0.23208835822776416,0.18718109411200093
-0.23729787533498997,0.1823893085067774
-0.2385102858811334,0.17532049863183546
-0.22860333926430074,0.17543900517932481
-0.23788152367828239,0.18368395767059212
-0.2304848562040701,0.18255548200599078
-0.23698544147132394,0.18143058607884613
-0.22977513834162064,0.1809091383633108
-0.22513705146542398,0.18564792995414148
-0.24359626895858572,0.17931619416471728
-0.24359623372763173,0.17564676044255145
-0.22498084255636475,0.17461890604099392
-0.23485790960795727,0.18607742429688418
-0.23497323146260163,0.18985495914235181
-0.23790799470567667,0.18111187785089033
-0.2464360766824498,0.1746991918261401
-0.23379111779518286,0.18515828940571788
-0.23383966393679395,0.17695416172035208
-0.22975239861103064,0.18240009242975325
-0.2277864453476187,0.18442322788255508
-0.22848096133723997,0.18729631547993356
-0.23521935204837197,0.18131248059217045
-0.23890092368057764,0.18118480830899547
-0.23900641042112075,0.1763538203707466
-0.23100065007894602,0.17722053542349112
-0.23215399878808643,0.18083429478165888
-0.23549318732090518,0.17877952667925115
-0.23841024135470376,0.18109695833297398
-0.23304445272073793,0.1815247590803627
-0.23432498670420693,0.18945931226604476
-0.2325871159112933,0.1812763550297795
-0.24394691122323334,0.1851060476180088
-0.23254457605619908,0.18186591035378685
-0.22942065963432948,0.18201551403261682
-0.23015954782621517,0.18231031928013952
-0.23047725727790094,0.17941685400022883
-0.23504209548203658,0.18290645902432104
-0.24545293811505012,0.18908101650052653
-0.23036784954665218,0.1804112884255505
-0.23117791334330448,0.17943927300338997
-0.24171211069366916,0.18404478778077601
-0.23507196482802678,0.18129292215576845
-0.223116797070501,0.17995043086904347
-0.22831967944597634,0.18746472556679505
-0.22879905522439012,0.18438044452273403
-0.23718797965972457,0.1839961490027237
-0.22933454705060768,0.1882753645893754
-0.2328285522543827,0.1903790144110261
-0.2346704673784089,0.1808158199047907
-0.22813632337931428,0.18628953836146994
-0.2322309015008389,0.184305819100361
-0.24051631362747986,0.1803601192881847
-0.2392243888245203,0.18837655496035302
-0.23577093726772266,0.18480834867089763
-0.22834545690481953,0.18815409766947128
-0.22948739655770378,0.18342820649882755
-0.238778568953131,0.18601872080647272
-0.2237331562172674,0.1780051712519591
-0.23052734137011333,0.18550569557112773
-0.24718479323567497,0.18274268800251456
-0.2345003313964869,0.18438404795615956
-0.22753198383442963,0.1860420153580177
-0.23588489749521024,0.18208551923781857
-0.23656470421503806,0.17288092885504508
-0.22992349274642498,0.18322201332712462
-0.25189235265383575,0.18811278471254353
-0.23983203174845627,0.18332359038264734
-0.2336981990373916,0.1813052241885075
-0.22793858218321936,0.18595912924530936
-0.23646727404898718,0.1873412404982006
-0.2361576985092537,0.1752053537427648
-0.22715094405111338,0.16972070729460875
-0.2378052634337969,0.17922628951856537
-0.2345425559394596,0.1849289267026662
-0.23378647146532405,0.18049507807901893
-0.23014173252789202,0.17844809899096897
-0.23761499306139194,0.18597382572556465
-0.2359558274846285,0.18512993961721186
-0.2295433568003736,0.18529939744837007
-0.23053765616098282,0.18146955747790808
-0.23853871720328923,0.18266223709666526
-0.22823201929452105,0.1801267444669739
-0.22222804709988528,0.1916773792782265
-0.2404955207127231,0.18803965890646876
-0.22173519426249594,0.186380658537434
-0.2351404317048128,0.18981804951036013
-0.2377501392935611,0.18901965518743338
-0.2305318442086625,0.18477684493365232
-0.22601555557120187,0.1897772131389237
-0.23034247573725425,0.19220950045065643
-0.23391380347432988,0.18247968562907582
-0.23077481744065448,0.1867724339410625
-0.22806430194529642,0.1818722254828532
-0.22853585448983424,0.1873362310661768
-0.23578870194229676,0.17778281032971327
-0.22862751667287992,0.1906264928340805
-0.23565759948362236,0.18333379451366005
-0.23278556891005475,0.17978660668937566
-0.22975712156135966,0.17723163924626273
-0.23908139801659417,0.18407966852693375
-0.23154744982061806,0.18024334975941175
-0.23533380097534032,0.18758191252507084
-0.22338753196742323,0.18064710939895395
-0.2322851005577754,0.18883563534744366
-0.23343697595573867,0.1864909582652412
-0.2371004937622458,0.18700521571392917
-0.2398823681867368,0.1865692479082954
-0.23764845042034477,0.18893321078298778
-0.23421096709845124,0.18608169383681697
-0.2296689918069679,0.1807515685696712
-0.23796448966503067,0.1817165846065139
-0.2368506169261673,0.17839459539871147
-0.2243712035173163,0.18561539299729357
-0.24239605064740646,0.1853313355753705
-0.2355861801848268,0.17923495989231142
-0.22410270996079967,0.1875467142285645
-0.22512169271020616,0.1809194065767837
-0.22853786869916223,0.18044332957872128
-0.2340104941922465,0.18486657295079412
-0.23554069136910966,0.18251481033850334
-0.2389605475158267,0.18094714623802852
-0.2296205563359446,0.18029587218996698
-0.23086820566412203,0.180046545078805
-0.23414466146729768,0.18265123633940333
-0.2333721633878043,0.18528436917259047
-0.2391889561789325,0.18027541117534046
-0.23512037383241027,0.17878905174264828
-0.23621561443127917,0.1837106126199553
-0.2335717578907122,0.1754304564742021
-0.23201787925810502,0.18379721184939893
-0.23864487307124976,0.1786507259245181
-0.2290341480738367,0.17835776418025542
-0.23608653101814722,0.18478819912554237
-0.23062071802842485,0.18429888485728843
-0.22729113949387217,0.18662966961607835
-0.23677234180487416,0.18223431614482893
-0.2348682922249427,0.17835313222981952
-0.22450899724856327,0.18685826572455339
-0.2420353279355848,0.1875804181203387
-0.24496142237597604,0.18432788782220022
-0.22798689140244743,0.1843518482332911
-0.23459222848748507,0.18318938865473294
-0.22544290898248373,0.17922615382501353
-0.2290005100809988,0.1835161341557972
-0.2344989897541981,0.18707104222303803
-0.2363881854889814,0.18785797927401301
-0.2322857679503174,0.17701593047834258
-0.23497592968984718,0.18222866058134207
-0.23931911368258446,0.17885221479478017
-0.23598346922465135,0.18242943489231073
-0.2396246968207966,0.18322296843204633
-0.23060936432741105,0.18066731330916186
-0.2285998902824877,0.1847095877242521
-0.22400394379233635,0.1880139001694514
-0.22656057343127867,0.18549782720414984
-0.24097072759935353,0.18691278282598983
-0.23750530873816594,0.1799888508671079
-0.24372597246837202,0.18138226292237553
-0.2363985951365258,0.18341482900656192
-0.2301666286770945,0.18515981988525515
-0.24038594883151193,0.18629405270270702
-0.22433015979994936,0.1813642243214022
-0.24425404020671473,0.18184294344024496
-0.22874923646279435,0.1805278608848938
-0.229255848141059,0.1846485746885732
-0.23899955393537373,0.1834995104322348
-0.22760668902842038,0.18277539427244038
-0.23076302736345905,0.18837896981584087
-0.23493534283700362,0.18352051370026715
-0.23224098799831527,0.1887444557708943
-0.22815725339285442,0.17822784226779137
-0.23901412543870165,0.17866883795066102
-0.22996623759889476,0.17561471317605795
-0.2390673928270464,0.18473247133448997
-0.2302882944460517,0.1795848853070547
-0.23363338319505733,0.18695767071805625
-0.23144940859099375,0.18713605107983705
-0.23419475822040636,0.18175473644624454
-0.23373085167607266,0.18003536793565553
-0.23763903612169715,0.18094902501406737
-0.23175104599394003,0.1793308456525679
-0.2348481911182006,0.1795694162507947
-0.2330688020457998,0.17794514951601295
-0.2401276358696903,0.18027652532157548
-0.23852458965250187,0.17671253436481266
-0.23817263778186448,0.17680848573985578
-0.2342495859852723,0.18245883803747223
-0.2300029307843934,0.17296448585643123
-0.23116404890420467,0.18727378071066567
-0.22718268675862158,0.18003965412624562
-0.23464831628689647,0.1757026285238414
-0.23461300954805991,0.17691900439340683
-0.23915285530694647,0.17696381451181512
-0.23381756284487448,0.18346917747833663
-0.2364584030475957,0.17975690789352908
-0.23409896166168057,0.17694108389110047
-0.22550841923648673,0.17438776787718227
-0.22862383703960662,0.18229782393528823
-0.24316104393885077,0.17734460641461278
-0.23947771909870533,0.17593925937048488
-0.2425134775554333,0.17627509354490167
-0.2265006450744297,0.176551029103015
-0.2378297596924734,0.18012300748189478
-0.2265627245232978,0.177803418394978
-0.24023271469346344,0.18419592021365366
-0.23995784953285418,0.17671768878631294
-0.2327305264690331,0.17531553135593322
-0.22943469448006054,0.1791451373058891
-0.24549108276613185,0.17837804274843314
-0.23093987259189772,0.17392905784143448
-0.24103446178376886,0.17433165976115517
-0.2246446399678657,0.17625306940098548
-0.23843749510634477,0.1793441198991777
-0.2407785500708502,0.17787170107576838
-0.24405207109902666,0.1737199090822376
-0.2341029341806469,0.17337382751174446
-0.23393409500748535,0.17015456586629235
-0.23406950644614105,0.17384128297899287
-0.2372169573531017,0.17530988299966657
-0.2377590398057415,0.17553518378687805
-0.2271282500925086,0.1808364536010071
-0.23263174676070794,0.1768805316326548
-0.23839452366080843,0.18168064896666664
-0.23559372711520074,0.17621162110952102
-0.2346366686480652,0.18340282441508707
-0.22797196109337867,0.17631612828325519
-0.24006318190783305,0.18188477036530032
-0.23905706624102918,0.1829914391586157
-0.2304841457060584,0.1742114023087208
-0.24005621176688613,0.17901363870459636
-0.23882316266716724,0.17814255238920046
-0.2325967802114893,0.18453548836170544
-0.23565185912860737,0.1837449292468304
-0.23398901544499745,0.1824376969964481
-0.2288363789625248,0.17488481182556523
-0.24022040403170983,0.17834353496799066
-0.23040076686991234,0.1840816143887035
-0.2393282251424545,0.17791100666972798
-0.23497413289983812,0.17602075821829652
-0.23559579877835374,0.17641823017351743
-0.23236486139687199,0.17872916181122417
-0.23902287536613634,0.1735674277412921
-0.2318493635010627,0.17337302737542573
-0.2363700374237501,0.17374217418711882
-0.23431903502379914,0.17309808261369514
-0.23008583835145263,0.17536731299874833
-0.23792736632016023,0.17867925531264417
-0.23204619071273086,0.18485557321150448
-0.2330277006660073,0.1749684564810106
-0.23444268863550422,0.18045762961665227
-0.23998780742610545,0.1852130487235186
-0.248077427791448,0.18002485332029397
-0.23263492796002053,0.17704732149611704
-0.23058999472287872,0.17832217695028907
-0.2412597213691169,0.18030702447292885
-0.2401589636756862,0.17512569218391164
-0.23232516895864325,0.17425293352286614
-0.2305995110506858,0.17607933047534224
-0.2343308340426708,0.17777591484502583
-0.23412240733916884,0.17787450606870256
-0.23307949878366474,0.1800196643006736
-0.2316288056454189,0.17795101454160375
-0.23738754776451312,0.17044680448111343
-0.24665492647043177,0.1759395142363161
-0.23056132266906232,0.17117456617036889
-0.23507676783813294,0.17683995589789994
-0.2370394464100685,0.18446582582320525
-0.2407714783277063,0.1793880557195423
-0.2353976832359706,0.1803107116571324
-0.23421058690958593,0.17471539866199
-0.23966325466507282,0.17833920692315797
-0.23286086434648876,0.17873394249736793
-0.23104045835497947,0.18198920327768414
-0.23975243451988104,0.18479490184782776
-0.2312035729698975,0.18407533820771385
-0.24125011372019384,0.1831893013313475
-0.22851608357855432,0.1782506971674785
-0.23260494534131415,0.18272014311634824
-0.24072664267222654,0.1790702983999437
-0.23701553126812197,0.18111007410519744
-0.23685972734334745,0.18333312188327774
-0.23527194066660168,0.17669643137599406
-0.2307706801536398,0.17832531012680955
-0.24773537751125196,0.1802504126189236
-0.23026158904737082,0.17502415379042915
-0.23386115568529706,0.17928541415466173
-0.2389301581419209,0.1798984003111491
-0.2364151246214783,0.18230816641659922
-0.22573879719356332,0.185562546781002
-0.23353429734502967,0.1901744381127215
-0.24431546904932183,0.1849334012439209
-0.2298038263835751,0.18190565900809846
-0.23777131136804658,0.18102694567643796
-0.23501073232630512,0.18174914366759362
-0.2325244880056865,0.18369238195434132
-0.24057790467053733,0.18556114865745213
-0.22562310060272645,0.1806128675633172
-0.23317354933466722,0.17953266411714097
-0.23877514502764727,0.18460445125565145
-0.2331783541664996,0.1817971762229357
-0.23009250915297058,0.18861010944464793
-0.23358025216784883,0.17963361753017437
-0.23289632367374308,0.1828950526302563
-0.23548258530516722,0.18567842094373604
-0.2377120084761332,0.19126358298570492
-0.23582169566762018,0.18591500733390515
-0.2377608999966326,0.18841940197230547
-0.23276921451321117,0.17565653116180255
-0.23643713791406412,0.18493524085654625
-0.23642130410673606,0.18149948640007835
-0.23847933491932494,0.18541183883899862
-0.2299750542866514,0.1857991338936543
-0.22962573603606826,0.17974779579445754
-0.2374354997448998,0.18531154717669288
-0.2356838685127467,0.18273224207185612
-0.2365047915192855,0.18500644477635986
-0.23811425612272502,0.18044587339372478
-0.2377626475068425,0.17805206830195947
-0.23094359299394715,0.17758181108988527
-0.2265781814926072,0.17946257734512802
-0.23540152995440494,0.1795197740884113
-0.24201970628183544,0.17713776138027143
-0.22735951561383957,0.17747077048583454
-0.23761325036634418,0.18505278411692108
-0.2437846755621199,0.18936175090454094
-0.23334388356907323,0.1812860422944026
-0.2267467034900475,0.18812451660310642
-0.22787079346600295,0.1826328262842181
-0.2393545040558805,0.18221927675575395
-0.23864533228142112,0.18160260779809764
-0.23211798925283159,0.17839548203986735
-0.23087704473258763,0.18143253803464562
-0.2408539453548563,0.17855581062625386
-0.24015519703894092,0.1777398000321819
-0.22965919868417817,0.18100527686491893
-0.24450702510285144,0.17879161077151068
-0.22885083676220586,0.17563031362485426
-0.23825828064969692,0.17845700588002228
-0.23222535671012787,0.18137003475464852
-0.2353371013056182,0.18427928613902683
-0.2325230385414222,0.17816083319490475
-0.2330285550881354,0.18324356185766494
-0.22932142879806738,0.18321536660618393
-0.22836090775512366,0.17542839422920972
-0.23678501908687707,0.1827320071715257
-0.2359985982080969,0.1832090373693784
-0.23722694068401717,0.18191892166202353
-0.2352707761939447,0.18216324988484314
-0.2342094641263676,0.18059136499930958
-0.22879320583490131,0.18340455151521332
-0.23814308647438498,0.18142004464724187
-0.24076494345716223,0.1800094103085576
-0.2296475473700928,0.1794430709795251
-0.2354372560792102,0.1821955130323161
-0.23679079660085633,0.18651755242160042
-0.2402498758230081,0.18027432518941325
-0.2279482411251627,0.17204871273317227
-0.23568247702356218,0.17731186478718505
-0.23737201103201871,0.18008816778968856
-0.225309772709901,0.17473886479164635
-0.22965356553613503,0.180825199334883
-0.23844640994655616,0.17395830654855574
-0.23787644410770067,0.1803765880058074
-0.23547500057698828,0.1737400213734276
-0.23837156166616516,0.17339291821550962
-0.2255765344456195,0.17248932755005533
-0.2301236625637673,0.17889777473495075
-0.23680527357387202,0.1818938880131706
-0.2372479263415231,0.18170029460252685
-0.23160421755151908,0.180290285900137
-0.23509236664232794,0.17686091428455464
-0.24052999096255778,0.18116941833984362
-0.24909061475442248,0.1775817343950917
-0.24018879341388194,0.17366451941251662
-0.23846621347455715,0.18187844126549896
-0.22472750407328568,0.18024909294611513
-0.24083074565525797,0.1824372131954037
-0.2295670076381888,0.17751101732399216
-0.23324578084282627,0.17532552012043057
-0.22853628090194822,0.177543072184222
-0.2229992741385855,0.17853320296868525
-0.23231613354987243,0.17460093644108213
-0.23800661510251642,0.17815062547902172
-0.24537975347413146,0.1798747470839487
-0.23710415060977783,0.17665923803599554
-0.23981734586189563,0.17394760682552754
-0.2306552919749772,0.17964420441035742
-0.23708115436536903,0.1783924070714735
-0.2331328392259887,0.1808604100390838
-0.23899611495808137,0.18192381927129778
-0.21741275921696296,0.17741509898891764
-0.23933164667055837,0.17796326117517228
-0.23943784701038678,0.17839918153867618
-0.23550464098954768,0.18011123206146876
-0.2315550721094387,0.17739793306914986
-0.233530148865584,0.17509907149660742
-0.23312592512469862,0.1803039907407735
-0.23172105875738158,0.17709276164573826
-0.2366395455096151,0.17216138714369017
-0.23614560267990084,0.17688987493800273
-0.23164824838362172,0.1795480228188927
-0.22858968721848452,0.17916343998399908
-0.2459225200443089,0.17692139574625115
-0.22825555770554284,0.17341788580677495
-0.22962367410674198,0.1793812463355423
-0.23044179249004323,0.17102975066340934
-0.24148414062817855,0.17921492504800854
-0.23099955269762454,0.18104760086310398
-0.24065408085577575,0.17936955119377856
-0.23767780328488208,0.17657005116016064
-0.2407192289477217,0.18209726646363636
-0.235056546194046,0.18519076407996163
-0.2309834794115115,0.18077236078108877
-0.2450014397267767,0.1830198596013662
-0.24129566794384974,0.1769298062678815
-0.2374843477420065,0.17634362007987206
-0.23904391499163447,0.1768371593181905
-0.2404771761758494,0.18356629550214806
-0.24030078216578102,0.1851555776040525
-0.23346622123691474,0.18036684270006145
-0.2267510566574134,0.17841458627004295
-0.2385576954008672,0.18134675107956055
-0.23160230147339916,0.18288438286523798
-0.22812342673678335,0.18349089934663398
-0.23827783839275418,0.18368090331057463
-0.23576139952629288,0.18075424929113262
-0.24486776118737663,0.1785274513331522
-0.22859416280424813,0.18206135949033891
-0.23730253203874693,0.18410626953040218
-0.2300401649244818,0.18372976192832696
-0.23159606026208404,0.1875026187652533
-0.2290928059216563,0.18567145092175555
-0.2412275473173442,0.1747269692038685
-0.24089211824985443,0.1738490334912731
-0.2355684425722617,0.1796422260616307
-0.24273092106422506,0.17958524969384346
-0.2405444429844523,0.1799744997609942
-0.2354659026511257,0.1765677199361863
-0.23166233441228357,0.17954678600824528
-0.23585123288591556,0.17748556952117983
-0.23930242115017633,0.18221490889975506
-0.23432848173143458,0.18114079356377688
-0.2354611274280798,0.18615606261661682
-0.2359403524905768,0.18301541559530732
-0.23520935070398571,0.18069788183706187
-0.23497391431902936,0.1793026730309303
-0.23737200301763248,0.18125263842243827
-0.23647834697729994,0.18738859649442358
-0.23619078911930225,0.1823426786734264
-0.23535312498998207,0.17601776920251264
-0.23090689464171918,0.1794180891567323
-0.23307943340852222,0.17962712763792166
-0.23235645736814747,0.1809215538199679
-0.23583868682686634,0.17501118395806053
-0.24051074634483688,0.18581277852530337
-0.23632156311793184,0.18059919730809107
-0.23150721864190854,0.18081939806495592
-0.23333679538302055,0.17591251504861402
-0.239281501220766,0.18108322025504073
-0.23136823473196655,0.1777344919212143
-0.23438837863699835,0.18078059983731673
-0.23744491022267045,0.18543125761066587
-0.2313794201902165,0.17966506535412782
-0.23974575844765392,0.18346092994598936
-0.23979214547949168,0.1803161060305939
-0.23335530439806343,0.17959609861848425
-0.2423354327137309,0.18327390107301514
-0.22950637831128376,0.18213377534786007
-0.23980816819447218,0.17918824635485078
-0.24058711543816858,0.18066814827551939
-0.23794701024223971,0.18755613371743265
-0.23322384524621875,0.1834770955240829
-0.23723108243151128,0.17914809849397795
-0.22714219684394346,0.181321759230327
-0.2404477243073366,0.18370055049077008
-0.23928372856001154,0.18764700851064753
-0.2421464917334629,0.17921572877285452
-0.24397950137232716,0.18330555721651381
-0.23210669187681493,0.18766456080013685
-0.2300058788348517,0.18279892032236206
-0.23623111584358866,0.18633253083123222
-0.23991970888020375,0.18296855985499763
-0.2243905021874828,0.18069895770953778
-0.2365722311059472,0.1871688073791791
-0.22773850432397677,0.1811585260055775
-0.2282628835632157,0.1846917557846947
-0.23709206820892284,0.1841058361136742
-0.2387486270707735,0.18409970775633305
-0.22540074455193473,0.17698160022328183
-0.23327049005217734,0.18387276482943313
-0.23938715711504038,0.1844106412065911
-0.2397254579009357,0.18158795645843295
-0.23484075262962606,0.18389580972560515
-0.23965168251163538,0.18253974175696916
-0.22179824655106894,0.17880668461577812
-0.2275166609355115,0.18568622416803277
-0.2228492295832733,0.1800235364433867
-0.2432344875803679,0.18542133562308294
-0.2431212649381358,0.1816065036808426
-0.22742547919135742,0.17445407181442005
-0.24282761403212705,0.1807240729181732
-0.23603755952326264,0.1790116266267345
-0.23312207213336153,0.1780913324221316
-0.22943998757505274,0.18163369368439997
-0.22721371844841814,0.1798172919778355
-0.23154422694187987,0.18402026435164437
-0.23842246358348632,0.184168388467602
-0.24619615760110786,0.1816475631099799
-0.2408988972710494,0.18037620039044547
-0.23139259282303357,0.18062641795157414
-0.2438297701846613,0.18124754195060153
-0.23640436048712224,0.17758874896179702
-0.23568991769126688,0.17453689648757437
-0.23510409723331732,0.1790130741284745
-0.2321488566590423,0.1876893214663834
-0.2330337306814306,0.18402574403807437
-0.23912837494098835,0.18907806058901708
-0.22729527468530966,0.18126373137577687
-0.23401715043530966,0.1837603774512155
-0.2352699633905651,0.18356515582813213
-0.24251194409742674,0.17572924962426134
-0.23606305161460872,0.17559514287779102
-0.24502147489636106,0.18172537602235558
-0.23939331302848446,0.19102734437109248
-0.23574513400546718,0.1790669064827743
-0.2210093174424842,0.17693040229932472
-0.23978639614461167,0.17674668487643022
-0.23321933957439733,0.17556657592926786
-0.23370325156040886,0.17752217538655427
-0.23462506494122656,0.17658458283026818
-0.2445350099201501,0.1799855977212948
-0.2310152878403584,0.17866788847002665
-0.23908090864704115,0.17721488021976617
-0.23531834671858845,0.17831328977532365
-0.23699617982591104,0.17853680650964862
-0.2385502159743636,0.1744553724936228
-0.23536073431959922,0.17931370918752926
-0.24304538350242316,0.178248378498297
-0.2326946863721453,0.17545130091052993
-0.24553895484757574,0.18291233145629848
-0.2358917801520265,0.17899819990932628
-0.2313163795753251,0.1793040161064231
-0.23380946821336654,0.1770592895684609
-0.23960813664135552,0.18127502650723296
-0.23228670821479971,0.17722690758854698
-0.2412415589628759,0.1816954131780234
-0.2303876176906634,0.17470531890113317
-0.23838882837344952,0.1735295370005106
-0.24503738007144346,0.17423173631200664
-0.23260667245933675,0.1759915760944849
-0.24820935096206112,0.17721617775463874
-0.2326255462518194,0.173030908688225
-0.2320581351728572,0.17655767466059621
-0.2398667605799934,0.17955190571111604
-0.23885981445871815,0.18287827322176103
-0.240655592485946,0.1811580089154647
-0.2372323889302624,0.18028211390331375
-0.22937620189898505,0.18087744170094938
-0.23252666091981392,0.18114579882566378
-0.2321019024098322,0.18281805274892482
-0.23484347197698688,0.1794550924635957
-0.2437096147626143,0.18120749980159406
-0.23143275197643454,0.17844928961911954
-0.24292823929995017,0.18500386050953108
-0.2338603308110241,0.18528223781237707
-0.23235612674228523,0.18011600977873096
-0.23289159475632482,0.18010166052224627
-0.23941166925611343,0.18120855040651393
-0.23550029761292537,0.16985922196379372
-0.23859795268754577,0.17696970605905166
-0.2369346109240695,0.17298387902292525
-0.23258951337371658,0.17363322981384144
-0.2299609736834389,0.17511870755700717
-0.23891094172302083,0.17239259189778994
-0.23231324589972085,0.17549137778278134
-0.2331337788235317,0.17897848987576045
-0.23676015201317674,0.17378674039329806
-0.24508879921579055,0.1757023934442694
-0.2335200345924739,0.17564006621984424
-0.24354913774167852,0.17890382267126104
-0.2371609104595046,0.17760726675764105
-0.23521966148891368,0.1698831630250248
-0.23119082036418304,0.17758526749284675
-0.2354745311322114,0.1824772763890947
-0.24004100631604436,0.17985040086818274
-0.24046371181209078,0.17944741300647102
-0.2431439823002917,0.17703186164111168
-0.23805936136148442,0.1787083699944885
-0.23159935717444038,0.17861883694403008
-0.2367320047398282,0.17393879471607482
-0.23446056896867995,0.17275135346056664
-0.23376278923673852,0.17440679489841676
-0.2411945559412227,0.17545317971162125
-0.22974732822539917,0.17473946100460727
-0.23536986509425217,0.17472947975042744
-0.232676834467446,0.17846484024605103
-0.24209954076006646,0.18053091939257968
-0.23728075763533604,0.1771797776763612
-0.2318897023102373,0.17506307322553535
-0.23091489084651,0.17016630663782087
-0.24194662918608614,0.1786759189587323
-0.2378940971779677,0.17307332371296294
-0.23979596331811173,0.17273438841483674
-0.22768048841132724,0.1731697400984361
-0.24409646549709194,0.17721211865427325
-0.24080595873060556,0.17622895858948592
-0.226127520544709,0.17409287657207625
-0.24149133858361996,0.177282205919373
-0.24219711348560763,0.17165470862342616
-0.24048571205011934,0.17589342626178975
-0.23445719224597827,0.17706529434186402
-0.24075759885064896,0.17573474671021014
-0.23611552130614089,0.1778358398987356
-0.238187689021106,0.18198373861805198
-0.23028697939846682,0.17425527446779887
-0.24110800192112086,0.1730439483907426
-0.24129501627065494,0.17726872991955436
-0.24042725417761746,0.18555709153193958
-0.2319892436836708,0.18169954398561225
-0.240906336186097,0.1803598397299847
-0.23489463324191454,0.17360291640740014
-0.24453109987200874,0.17490170638435806
-0.23527008632240898,0.1745540258138043
-0.23469195284404293,0.1761073285523881
-0.2278459223491481,0.17190539420047352
-0.24662357966869253,0.1741575164467012
-0.24874395973936753,0.1769782033630281
-0.22959507072501992,0.17280598337568706
-0.23702887962330996,0.18281458331971115
-0.23678154753111813,0.17399461724925228
-0.24401796298681566,0.17712379015643762
-0.2328257005665736,0.1791125150097238
-0.2295632557513684,0.17770926606888343
-0.23126097985146435,0.175302577659723
-0.23699938751375516,0.1789411550665887
-0.23604407115256146,0.17687532350057344
-0.24617830477656397,0.1801016956546173
-0.24187455724259357,0.1733691239169674
-0.24945600237044935,0.176584990018709
-0.2389555276220868,0.1779743993219692
-0.2428052757902784,0.17762289571432907
-0.23354268272528358,0.17431238754718822
-0.24155150337906078,0.17515179724100072
-0.24111492214599042,0.17993363768776768
-0.2397388440499457,0.17356307584830571
-0.23217342869304236,0.16588046710609847
-0.23687889514637483,0.17407283409784127
-0.23836520480692655,0.1707870074520154
-0.2368442651871322,0.1760852565316495
-0.23548943917433535,0.17428115677307618
-0.23408161886470993,0.1753758573622373
-0.24093304249004044,0.1739397351293651
-0.24444732756575957,0.18104505196066834
-0.23222281774233583,0.17625260978657936
-0.24114311653030368,0.17779231943905238
-0.22883956501087235,0.18112481590474255
-0.23379198890267694,0.18074058061249618
-0.24920975173488782,0.17528702712905786
-0.23642461651109764,0.1769341432436679
-0.23900441122071941,0.1725529884165049
-0.2283743206052266,0.1748960250990884
-0.23454040390744557,0.17491369128054468
-0.24810050590831453,0.17663691101366152
-0.2459795910263329,0.17821957824892085
-0.23671183870151144,0.17323239251385286
-0.22715730058183686,0.17440676698550772
-0.22833963026635737,0.17783494304453565
-0.2352613231708309,0.1795185077059867
-0.23731367062058173,0.1813813596019198
-0.23364767751526447,0.17673314508643198
-0.24615675165049306,0.1756731877515307
-0.23666425414132358,0.17612748294733493
-0.2343027151144698,0.17723980010707602
-0.24757119145785228,0.17377841506136227
-0.24041361374483938,0.1744514784484114
-0.24176962640299024,0.1744475725799164
-0.24038396328347583,0.17602923760140815
-0.23875762652437268,0.18118670646302146
-0.23766827800178777,0.18111695864209854
-0.23444602172149814,0.17525195067650953
-0.2261128584703043,0.17912856924559206
-0.2424238741745609,0.1809490861361909
-0.2431225334044024,0.18200783149456565
-0.22757265398623053,0.18263740185589197
-0.23822142649113093,0.17889881757437434
-0.24140391573337844,0.17588108613982886
-0.23061468803700225,0.17973124345872227
-0.2411293281359285,0.17817909747190244
-0.2254845559092056,0.1767731498099132
-0.2363646849011803,0.1886430917730601
-0.23608212553346866,0.1760992960336256
-0.24253870527959698,0.17521544936287856
-0.23856938512697587,0.17308688764239558
-0.23926908753218648,0.17897205682368997
-0.23983195647645447,0.17269674204857235
-0.2353410392004563,0.17690700062181
-0.23385974422973538,0.17962615920729486
-0.23472922279705744,0.17358953225786133
-0.22959302915147364,0.17611071509336998
-0.23705586673995263,0.1725228941179893
-0.24845665598096472,0.1773484401571582
-0.23666077422397208,0.17090001874169838
-0.25437035003710495,0.16749637614186016
-0.23929334701584792,0.16885192457252474
-0.23375951246168372,0.17026978739146048
-0.24815404565729907,0.17481768191231398
-0.2344366885851341,0.16962915552759134
-0.23222748017668282,0.17602597079691648
-0.24901998116330332,0.17659305724930963
-0.23708346129946276,0.1768724584851402
-0.23376051385041438,0.1789047370265747
-0.24186926998219635,0.1730277067354355
-0.23026411049315376,0.1742696461992791
-0.23303467324815633,0.1830096383820797
-0.23772515197281066,0.18125155400972587
-0.23489907715208555,0.1726752351204624
-0.2430283072238336,0.1782007004983388
-0.23391312173355464,0.1760286672008419
-0.23408398553659318,0.18073063813213133
-0.24104581920257317,0.175094093390429
-0.24115617468156283,0.16980134488054888
-0.23794988751922738,0.17797624727206582
-0.24421791426661948,0.1748655261069294
-0.23921737998697867,0.16955920474587738
-0.2368426775163868,0.17015953393890743
-0.239479397115149,0.17760892769039358
-0.23581261427257055,0.17478626626364116
-0.2379432291879493,0.176242446926079
-0.2383575328756498,0.17092693411593338
-0.23496066155789894,0.17292995463766203
-0.23332855250801612,0.1772930981753198
-0.24637110345855978,0.1798404200807469
-0.23823412844248917,0.17452215757796874
-0.24659234593622295,0.17739475876245897
-0.23620775056592025,0.17651748910086357
-0.2352856940923967,0.1745870581545968
-0.23819409381552442,0.17674815827386597
-0.23916977173343534,0.17054039202140933
-0.23917540130728146,0.17424485699189987
-0.24208722419206802,0.17739942304301246
-0.23875318149036098,0.169310541133305
-0.25068159855488314,0.17151366839639262
-0.23733298415469967,0.16756124996842653
-0.2405293604362992,0.17548399683973295
-0.24021075540943226,0.1764579539385673
