aval,lambda,lambda_sem
0.7525,-0.19281696134215826,0.005491241394407642
0.755,-0.13196019370688372,0.007303631440335267
0.7575,-0.05577173997099926,0.008656751025089405
0.7625,0.12012668537676005,0.009044626110182292
0.765,0.2077856924557382,0.008165210893761907
0.7675,0.24301526584121744,0.007549232757692329
