aval,lambda,lambda_sem
0.5,-0.8105298774199495,0.01293603546777524
0.7,-0.014685593815154765,0.04574741270461087
0.8,0.46291268219513865,0.016346498921442958
