aval,lambda,lambda_sem
0.5,-0.5387392993033935,0.0011605465613087613
0.6,-0.07003891969750511,0.04688373243741337
0.8,0.45674617495209346,0.007318842355313881
