aval,lambda,lambda_sem
0.5,-0.5379028370912072,0.0010738484301395321
0.6,-0.07174583027816805,0.04611368368724206
0.8,0.4608961736238572,0.01038266001696424
