aval,lambda,lambda_sem
0.5,-0.5398321574061774,0.001180059879019511
0.6,-0.07553127961795172,0.0462330723102603
0.8,0.45157006153715706,0.0074773731203604575
