a_val,lambda_L=32,SEM_L=32,lambda_L=64,SEM_L=64
0.6,-0.49519593828162434,0.00857397793453276,-0.48801815206071397,0.002939164448927059
0.7,-0.33328536352568106,0.0076684537034365195,-0.329407067584543,0.005793349107702339
0.8,0.3945727344161039,0.009633788494617674,0.4067602560670405,0.004252325848622381
