a_val,lambda_L=32,SEM_L=32,lambda_L=64,SEM_L=64
0.6,-0.5045693117868382,0.008084230330329829,-0.4895434333869077,0.004529262507677652
0.7,-0.3373078969332202,0.010148957183646848,-0.32613532306033177,0.004638404060855857
0.8,0.3760897151906435,0.007643538678704118,0.40869454822002355,0.010351608816094026
