aval,lambda,lambda_sem
0.5,0.31354255904384554,0.005686974792297271
0.6,0.44821938929188804,0.004829142890837243
0.8,0.4904316512282867,0.0042545452661529246
