t_step,value
1344,0.2744976670774625
1345,0.2804594637864284
1346,0.2845643137031294
1347,0.2923475785990553
1348,0.2777515362790589
1349,0.29031634221052
1350,0.2834699613784627
1351,0.2856726439342913
1352,0.2922431337721389
1353,0.2840792123208681
1354,0.2880604959530387
1355,0.2791397980113272
1356,0.2904965692272528
1357,0.2706515901665844
1358,0.2962022599620404
1359,0.2818031290169399
1360,0.2772866067001751
1361,0.2857412449864168
1362,0.2860642126079744
1363,0.2788481939697512
1364,0.2838473457600657
1365,0.2849775212384979
1366,0.2805585655954699
1367,0.2913589539738663
1368,0.2832669044673072
1369,0.2769447940176249
1370,0.2870796884487567
1371,0.2775027740388847
1372,0.2806912496036038
1373,0.283191416163376
1374,0.287865222282422
1375,0.2838158652173913
1376,0.2873432126433684
1377,0.2898528037487832
1378,0.2831226613036497
1379,0.280396116018699
1380,0.2807710912858256
1381,0.2849868342951724
1382,0.2792853652998761
1383,0.2884084304238383
1384,0.2841940156545935
1385,0.2915061173945316
1386,0.2883120971571851
1387,0.2767864797104221
1388,0.2934593637840483
1389,0.2778115438601346
1390,0.2831083725422286
1391,0.2816958991608526
1392,0.2834156429366158
1393,0.2801433372069532
1394,0.2939849189785836
1395,0.2865169118725822
1396,0.2797284733743829
1397,0.2862797319139564
1398,0.2762112523414116
1399,0.2781583531454732
1400,0.2815142456230234
1401,0.2862154872449676
1402,0.2835986603522704
1403,0.2825122926993568
1404,0.2846788668704606
1405,0.2829617166048367
1406,0.2771328223121336
1407,0.2864024480952706
1408,0.2859578032905842
1409,0.2812166285278448
1410,0.2853307153249058
1411,0.2927603862915199
1412,0.287327282812534
1413,0.2860322847299048
1414,0.2935072312944131
1415,0.2826261955149585
1416,0.281841561341719
1417,0.2845028406046372
1418,0.2886429957699361
1419,0.2763067077686194
1420,0.2754272198755341
1421,0.2783760635601368
1422,0.2869518696568993
1423,0.281532012262967
1424,0.2864441638877334
1425,0.2893004802340633
1426,0.2932884799096946
1427,0.2933123758815372
1428,0.2870997556081401
1429,0.2849301395748114
1430,0.2886317586919719
1431,0.2905936605694604
1432,0.2899206683003105
1433,0.2966965787987021
1434,0.2876855810945926
1435,0.288899893338111
1436,0.2873637666596301
1437,0.2902045022956356
1438,0.2775461832745585
1439,0.2892972587190517
1440,0.2813551118302366
1441,0.2945497064445078
1442,0.2932075785708216
1443,0.2874471267641321
1444,0.2751837925774147
1445,0.2838693042391043
1446,0.2892547080730197
1447,0.2908364160435297
1448,0.2909396202002044
1449,0.2895816223947152
1450,0.2860536914288588
1451,0.2852623421005394
1452,0.2918728262315975
1453,0.2890985081580485
1454,0.2869318423960125
1455,0.2917327108437447
1456,0.2824495144561513
1457,0.2918001723566545
1458,0.2874581454291555
1459,0.2877062010689132
1460,0.2841098608675511
1461,0.2882564174635356
1462,0.2847847102280748
1463,0.2886532198524147
1464,0.2940663702961962
1465,0.2844929375174808
1466,0.2886517195499775
1467,0.2964686934260884
1468,0.2925237944392599
1469,0.2874861159335989
1470,0.2797391995136054
1471,0.2843273043341571
1472,0.2892395423874858
1473,0.2821248862307162
1474,0.2892182820169419
1475,0.2794280539884062
1476,0.2906272758230886
1477,0.2784120649792085
1478,0.2996790542100628
1479,0.2810508043400188
1480,0.295354728790582
1481,0.2908865224699831
1482,0.2835794390794041
1483,0.2853270931478123
1484,0.2763324275645628
1485,0.2905005721719821
1486,0.2888339074462303
1487,0.2860507465598336
1488,0.2805460633880549
1489,0.2905715835155099
1490,0.2896554552652359
1491,0.2867166317804254
1492,0.299537077809505
1493,0.2895833171975616
1494,0.2919144138011333
1495,0.2869592765422237
1496,0.284509533606864
1497,0.282949881976857
1498,0.2928126795023235
1499,0.2899099240130897
1500,0.2956877713535226
1501,0.2878535865161877
1502,0.2917692712285726
1503,0.2913850742264179
1504,0.2856358320750563
1505,0.2912158110474305
1506,0.293074047167231
1507,0.2832011050049662
1508,0.2940488291378151
1509,0.2847852077326503
1510,0.2888928695087059
1511,0.2896221285055494
1512,0.2883566615513351
1513,0.2839097084448644
1514,0.2842725422911772
1515,0.2977712095998494
1516,0.2982196622991575
1517,0.285668965952478
1518,0.2881752964699273
1519,0.2901688650555903
1520,0.2881725301775418
1521,0.2891353158327245
1522,0.296080862457336
1523,0.2951628418445475
1524,0.2899005760332702
1525,0.2942988316183426
1526,0.2938196813804349
1527,0.2885310780687585
1528,0.2890806938654762
1529,0.2828448215493403
1530,0.2890855887520149
1531,0.2913114584681556
1532,0.2827076270084269
1533,0.2866065411073763
1534,0.2785569957737145
1535,0.2849007997743923
1536,0.2848180616152322
1537,0.2935683391443476
1538,0.2812440443508796
1539,0.2881947514678895
1540,0.2937944852685444
1541,0.2960167981343308
1542,0.300573227832829
1543,0.2961451184232936
1544,0.2949420779037071
1545,0.2860401060814138
1546,0.2790727461431688
1547,0.2944533580606339
1548,0.2892947211484045
1549,0.2979599235588303
1550,0.2900138779029297
1551,0.2976987552609679
1552,0.2742223514349746
1553,0.2820239498537779
1554,0.3039998836636265
1555,0.2901196658846612
1556,0.2961271282445049
1557,0.2930106049636328
1558,0.2875038289267582
1559,0.2961416858732897
1560,0.2887791682880218
1561,0.2957333615022399
1562,0.2890769849110371
1563,0.2895292502126252
1564,0.3075847148669224
1565,0.289986109627794
1566,0.2915604242756721
1567,0.2875292070589401
1568,0.2903224742254302
1569,0.2825959136445872
1570,0.2838071351453696
1571,0.2869252050637579
1572,0.2909393879627784
1573,0.288003028301639
1574,0.2901327494617853
1575,0.2960345251624046
1576,0.2905945163119319
1577,0.2827699662365295
1578,0.2920811966466986
1579,0.2885164958655266
1580,0.2891591292177738
1581,0.2891949745834268
1582,0.2873903658240654
1583,0.2846116276819578
1584,0.295144536589997
1585,0.2995630899202247
1586,0.2875474742679854
1587,0.2919717881650709
1588,0.2888612437258842
1589,0.2946367104761878
1590,0.2866252989127274
1591,0.2954400976406498
1592,0.3040492691466686
1593,0.2976584993034631
1594,0.2946485774382736
1595,0.2950474166327582
1596,0.2966571704407009
1597,0.2817986483795274
1598,0.2860346943236371
1599,0.2921084667543061
1600,0.2902154553395229
1601,0.2960533025925493
1602,0.2840720806596204
1603,0.2864570374780762
1604,0.2941952667271718
1605,0.2899524433376548
1606,0.2911933490794471
1607,0.2977114200960095
1608,0.2850296923438789
1609,0.2917394260188505
1610,0.2898993355811344
1611,0.2879811899703361
1612,0.2903595028863894
1613,0.287551344139518
1614,0.2940548637654341
1615,0.2914405105899518
1616,0.2895944145305751
1617,0.2967540046508481
1618,0.2911563033829565
1619,0.2890396485737256
1620,0.2876146560084311
1621,0.2896177050999771
1622,0.2865493832261275
1623,0.2875961998103229
1624,0.292821295058898
1625,0.2902290138558848
1626,0.3014204364319661
1627,0.2957222517715082
1628,0.2915852611372808
1629,0.2930627924906928
1630,0.2865171389134723
1631,0.2953778251848592
1632,0.2973352647955412
1633,0.2871697555797184
1634,0.2964635155053778
1635,0.2825666070007179
1636,0.2925768999772348
1637,0.2841796088353771
1638,0.295157649481654
1639,0.2960667292411196
1640,0.2884540993754049
1641,0.2906423242622408
1642,0.2914630993413321
1643,0.2986242586994462
1644,0.2893340835554334
1645,0.291391020551994
1646,0.3031647816379885
1647,0.304325860028017
1648,0.2905701607239298
1649,0.2955619282376794
1650,0.2968518393679505
1651,0.2967665584029694
1652,0.2971030749383836
1653,0.2946669768265169
1654,0.289221506172255
1655,0.292328205160357
1656,0.2985650417371538
1657,0.2897724754269785
1658,0.2958177726075897
1659,0.2893644293203163
1660,0.2947092296298513
1661,0.2891862888025915
1662,0.2983307494527028
1663,0.2918006500406882
1664,0.3044080485915838
1665,0.3039256220286879
1666,0.2881744065014495
1667,0.2985095820529318
1668,0.3020304045114322
1669,0.2907782539005216
1670,0.2992449969958767
1671,0.2919607726268414
1672,0.2963096592130879
1673,0.2896350879307074
1674,0.2891963031344187
1675,0.2937018150524785
1676,0.3031402548309102
1677,0.291951093256263
1678,0.2895875628379026
1679,0.2977716475725511
1680,0.2932735179791697
1681,0.2975573704261858
1682,0.2938486170676577
1683,0.2962480395336536
1684,0.2985427361972839
1685,0.2906106910884342
1686,0.2996181817989266
1687,0.2906928075388825
1688,0.2973949097930767
1689,0.295587596770008
1690,0.292387814509995
1691,0.2980704240039805
1692,0.2890008368155637
1693,0.2894321108522253
1694,0.299865686892836
1695,0.2962255642651064
1696,0.2936059817656544
1697,0.297210634930377
1698,0.2882717678483579
1699,0.3002053946506964
1700,0.2929923419772192
1701,0.3012142661457381
1702,0.2967995479317749
1703,0.2968808416456963
1704,0.2939565287910523
1705,0.3076767889205963
1706,0.2940660166315242
1707,0.2987189626002525
1708,0.304163763558506
1709,0.2958395399049039
1710,0.3050507467966671
1711,0.2971883369686456
1712,0.2755438993811027
1713,0.2965198963410645
1714,0.2962712967100931
1715,0.2980884665734458
1716,0.2878239794179984
1717,0.2916453631565399
1718,0.3024277318566806
1719,0.3000975198790398
1720,0.2913436143690819
1721,0.2896490135731533
1722,0.2996240467682117
1723,0.3030260872258381
1724,0.2968486477374788
1725,0.2948682315861778
1726,0.2972032500153839
1727,0.3004050003440123
1728,0.3010382358258022
1729,0.2887341296942471
1730,0.3028706323962192
1731,0.3018083149690664
1732,0.3005396435907028
1733,0.291719088248786
1734,0.3004998099520463
1735,0.2890728199361714
1736,0.3028543633502086
1737,0.3028944073099774
1738,0.2955129931511335
1739,0.292797197567182
1740,0.2999688294046682
1741,0.2845478193375375
1742,0.297898522787807
1743,0.2978062375231088
1744,0.302456511886667
1745,0.2986129272148562
1746,0.2888638984923177
1747,0.2883606562493804
1748,0.2867916690535054
1749,0.2989502782223154
1750,0.2949794824442893
1751,0.2976537177508057
1752,0.2955857548964672
1753,0.2929994790005508
1754,0.2973072839682503
1755,0.2974475169666472
1756,0.2895254413799057
1757,0.3019950608518563
1758,0.3039814404822871
1759,0.2946174403191007
1760,0.2949433872075461
1761,0.2917598879485619
1762,0.2976091585860356
1763,0.2948250679465733
1764,0.2965701196343556
1765,0.2966148645571129
1766,0.2914168421801731
1767,0.2922014392773357
1768,0.2879917312128086
1769,0.2924438908503157
1770,0.2945204288714879
1771,0.3005313056676376
1772,0.295499236137869
1773,0.2938797554437539
1774,0.2934162267127024
1775,0.3076617348860055
1776,0.2837865757150409
1777,0.2909756864828198
1778,0.2967723950832869
1779,0.2916562823009067
1780,0.2968771369266711
1781,0.2968185265975513
1782,0.2888876243036709
1783,0.2988542444572014
1784,0.2942690429169465
1785,0.3016371546287389
1786,0.2939329274021846
1787,0.3007802833230497
1788,0.2946548269300373
1789,0.293989600163077
1790,0.2893315299314628
1791,0.2943742285494715
1792,0.2933963607498814
1793,0.2965373610857891
1794,0.2950808341292177
1795,0.2903404655667663
1796,0.2980839576035294
1797,0.2976897799525637
1798,0.2961004719167047
1799,0.2987959189989889
1800,0.2874439451654527
1801,0.2877146890040824
1802,0.289449943359081
1803,0.2980114131808672
1804,0.2975038171718906
1805,0.2878689075744091
1806,0.3019697573962713
1807,0.2887459407879742
1808,0.2877963318850734
1809,0.2927283964014385
1810,0.2951140217197001
1811,0.2913877590284102
1812,0.293679792733852
1813,0.2973995042302754
1814,0.295213063144279
1815,0.2957109493612552
1816,0.2910842870574258
1817,0.2950137585123243
1818,0.2963334235283549
1819,0.29358861873258
1820,0.3003630348505312
1821,0.3022852671860389
1822,0.2893642109849546
1823,0.2983184472145744
1824,0.3078175805513978
1825,0.2923678264489605
1826,0.2929306161229934
1827,0.2895320035126094
1828,0.2918725788594136
1829,0.3103333923913475
1830,0.2943300749202159
1831,0.2942657020522851
1832,0.2915466378434796
1833,0.3000233197239139
1834,0.2965243626343603
1835,0.2910110391453422
1836,0.2979588597260132
1837,0.3035044976046221
1838,0.2962880822590417
1839,0.2962211338133587
1840,0.3122812668733676
1841,0.2933803371960424
1842,0.3006546263092968
1843,0.2966936145475624
1844,0.2967491486058911
1845,0.3002715595447446
1846,0.3017285958631424
1847,0.3043193804202102
1848,0.2974386668741214
1849,0.2953481099288281
1850,0.2924680895546058
1851,0.2935448567382994
1852,0.2984224719625942
1853,0.2992805073418037
1854,0.3033378875006763
1855,0.3015316400729247
1856,0.2922173096934359
1857,0.3021350875775337
1858,0.3077287367013949
1859,0.299933322701522
1860,0.2909606410623619
1861,0.3016038709742824
1862,0.296879454280817
1863,0.2982869833125058
1864,0.2989445033786381
1865,0.3027172012142499
1866,0.3044216339922994
1867,0.3021667843372094
1868,0.3031928511443784
1869,0.2964606353491548
1870,0.2908392570804999
1871,0.29777246823137
1872,0.2938335324759575
1873,0.2982092557093321
1874,0.2998504196821243
1875,0.3019585439848091
1876,0.2939394850261548
1877,0.3057046596655732
1878,0.2988412150670985
1879,0.2912017350671621
1880,0.2991497429309616
1881,0.2985787990899411
1882,0.2924893811298352
1883,0.2850215975057817
1884,0.2921978123590119
1885,0.3014301346174237
1886,0.2997485098437678
1887,0.3040537437882273
1888,0.2930978242291688
1889,0.2975685171635788
1890,0.3043681383604997
1891,0.3019159494152402
1892,0.2927214912091742
1893,0.2975428542947396
1894,0.294757688885404
1895,0.3153302482477415
1896,0.2990427627826041
1897,0.2985942749595524
1898,0.3101633151484393
1899,0.3081910645238514
1900,0.2985888019847328
1901,0.3077883071358999
1902,0.3131094153129009
1903,0.3016116638534785
1904,0.301169078694784
1905,0.308562585565844
1906,0.2953350318256906
1907,0.2946176145143099
1908,0.2974261741367409
1909,0.2990826767929504
1910,0.3055533120046873
1911,0.3009470128774751
1912,0.2994781421419631
1913,0.301752408536629
1914,0.3016737876876561
1915,0.3103299273166678
1916,0.3055074288596084
1917,0.3017961423812967
1918,0.3075775796648579
1919,0.3051863951925678
1920,0.3101937647294825
1921,0.3039300453549789
1922,0.3030316192007823
1923,0.3017147162414968
1924,0.3034797367958478
1925,0.2993593076354595
1926,0.296420760024913
1927,0.3034893616741234
1928,0.2907803828717473
1929,0.2976596999381398
1930,0.3028649017349331
1931,0.3004632595410035
1932,0.3047645661193655
1933,0.2999155335669517
1934,0.301557492363874
1935,0.3017132380317188
1936,0.3000376738266058
1937,0.2999258603875022
1938,0.3000930690570621
1939,0.3074818904239242
1940,0.311677907912139
1941,0.297126879872503
1942,0.2984034136435388
1943,0.2926068752630164
1944,0.2948104320994253
1945,0.2990532329047004
1946,0.2976728131046542
1947,0.304688962478654
1948,0.3052577051295995
1949,0.3077758661957126
1950,0.2940557094249197
1951,0.2901860639448457
1952,0.305580105638672
1953,0.2964805498277267
1954,0.306880190762781
1955,0.3041613815604558
1956,0.2927593400998147
1957,0.299189375614218
1958,0.3051354403284104
1959,0.2955687930741464
1960,0.3018465377089063
1961,0.2987189871143136
1962,0.2949043361414263
1963,0.3047687792132199
1964,0.3062386629884637
1965,0.2982854788833956
1966,0.3063475021221682
1967,0.3137866880788365
1968,0.3029115866263601
1969,0.3071887534025107
1970,0.294049173734651
1971,0.3005684249613632
1972,0.3025281044359271
1973,0.3003817543524903
1974,0.297285786171383
1975,0.3046857991479922
1976,0.304444624189937
1977,0.3105338199331087
1978,0.3011004881422621
1979,0.3054911278572514
1980,0.3030539251731138
1981,0.3132343136459841
1982,0.3033173936643517
1983,0.3018937878908566
1984,0.3048822053381844
1985,0.3010130678727079
1986,0.2960042021494312
1987,0.2972035580571772
1988,0.3078123468829425
1989,0.2998879678684834
1990,0.3058898983211754
1991,0.3014489125455571
1992,0.2965645556973899
1993,0.3010699420483894
1994,0.3050396548799355
1995,0.3083058210176433
1996,0.315431252399996
1997,0.3030483122695356
1998,0.2995004255569083
1999,0.2985017783292616
2000,0.3041265644746256
2001,0.2963819859600913
2002,0.3124537492322218
2003,0.30240070586353
2004,0.3076449266077317
2005,0.3048398269161977
2006,0.3018682341266898
2007,0.3074094173635511
2008,0.3028228872939475
2009,0.3000328223706658
2010,0.306723071674275
2011,0.3058188313739299
2012,0.3056799761152249
2013,0.312677011687423
2014,0.3095466974603765
2015,0.2975166677902658
2016,0.306548541464719
2017,0.2949783566684366
2018,0.3016573865565313
2019,0.3079360835148066
2020,0.301573943958994
2021,0.3044026265684933
2022,0.3009765439822036
2023,0.3110677304869642
2024,0.2969238764374478
2025,0.3053729490216505
2026,0.3067292838619517
2027,0.2927515645592115
2028,0.2934236591517229
2029,0.3058408647884743
2030,0.3029820850231112
2031,0.3065831110439122
2032,0.3060386118843671
2033,0.3072448728938181
2034,0.2948415670751418
2035,0.3030591975090163
2036,0.2984108344421625
2037,0.3132516112028232
2038,0.3072351833748288
2039,0.2998640342546227
2040,0.3039165171666046
2041,0.3049370160006717
2042,0.2998743481419487
2043,0.3021192467229786
2044,0.2916853765556353
2045,0.2994756197200411
2046,0.3039750033567784
2047,0.3004248729359281
2048,0.3046400291221987
2049,0.2907251133963993
2050,0.2968613379536688
2051,0.3061141906975
2052,0.2976329390852626
2053,0.3042477352440314
2054,0.3077803824815925
2055,0.2979528131070865
2056,0.29572758870178
2057,0.3064556989289531
2058,0.300522120436532
2059,0.3031567687305269
2060,0.3012061112761534
2061,0.2988057625889335
2062,0.2955847252972152
2063,0.307177197768912
2064,0.3049669513310462
2065,0.3063200628117275
2066,0.2973046401301931
2067,0.3054104994981167
2068,0.2971656330690059
2069,0.2938283870800199
2070,0.3097094992255221
2071,0.30672760188761
2072,0.308667625537163
2073,0.3114197321112014
2074,0.3103813089853861
2075,0.3110880377656639
2076,0.2975193651024877
2077,0.3113960275456374
2078,0.2991976510634448
2079,0.3098952153356604
2080,0.2955760636872717
2081,0.3058481980488264
2082,0.3046689383971887
2083,0.3027740035305182
2084,0.3039762203372052
2085,0.2898786704575354
2086,0.3022351563947311
2087,0.2986376270815966
2088,0.3052969104791764
2089,0.2997253548628488
2090,0.3101624783224183
2091,0.3001670799788286
2092,0.3022819415815593
2093,0.3008697707648873
2094,0.304449622338438
2095,0.302752081805061
2096,0.3048524860657987
2097,0.3005304245736475
2098,0.2986123749714359
2099,0.2990781939530936
2100,0.2989306353742857
2101,0.3009633568668171
2102,0.2889758753411096
2103,0.3112067627690105
2104,0.3043529359729669
2105,0.3032390120537522
2106,0.2926077560842056
2107,0.3051429423044468
2108,0.2968538487400181
2109,0.306217489208368
2110,0.3172994869902296
2111,0.3053696084778887
2112,0.3129539689694714
2113,0.312728299804318
2114,0.3089142882321433
2115,0.2974739208028218
2116,0.3048355575998537
2117,0.3030331865829444
2118,0.3008415326137194
2119,0.304049993269054
2120,0.3132397474294001
2121,0.3124747162408863
2122,0.305764134276676
2123,0.2939172468277417
2124,0.3100837045746491
2125,0.3138981027541108
2126,0.2973669620840796
2127,0.3109046651540792
2128,0.3025340087036532
2129,0.3087941644614739
2130,0.3057672120907078
2131,0.3115952245984345
2132,0.3049279950472053
2133,0.3128725253504674
2134,0.2972466104853925
2135,0.3037034196676719
2136,0.3041886095380834
2137,0.3026367045996834
2138,0.3031960251412337
2139,0.3072790758409082
2140,0.3085149098794011
2141,0.2918514933339754
2142,0.3146082552450576
2143,0.3044911778714234
2144,0.2982900382341314
2145,0.3110484465640773
2146,0.2989120319471499
2147,0.2994886861328101
2148,0.3109908862170585
2149,0.2971829523354756
2150,0.3124048621261677
2151,0.3071122747729557
2152,0.3055270262096559
2153,0.3075799963499543
2154,0.3108818789391598
2155,0.3065228744059309
2156,0.3113891954538756
2157,0.2988801002190144
2158,0.3083936772211874
2159,0.3084587825237485
2160,0.3032687213942157
2161,0.3050418755490621
2162,0.314664018141871
2163,0.3001138716430663
2164,0.3086039763499292
2165,0.300442458754286
2166,0.3013041816713352
2167,0.3045616024573441
2168,0.2949007990418273
2169,0.3132344854704636
2170,0.3083799639808314
2171,0.3046031123039822
2172,0.3061341729869135
2173,0.3123536327192486
2174,0.3121878627666968
2175,0.3105358196881715
2176,0.3016974023631149
2177,0.2948412203882422
2178,0.3023178926729621
2179,0.2993097863249462
2180,0.3124177560136944
2181,0.311073320615898
2182,0.30623728160036
2183,0.3064951815048212
2184,0.3120632180597195
2185,0.3179895893333941
2186,0.30701028580822
2187,0.3061531132868966
2188,0.3045687264673836
2189,0.3050063549514478
2190,0.3146753393232801
2191,0.3121615153918048
2192,0.3117657952907852
2193,0.3091813698979038
2194,0.3105028144471225
2195,0.2976703400477073
2196,0.311447868759243
2197,0.309306867938458
2198,0.3086290467929878
2199,0.3092419903675827
2200,0.3016940280303657
2201,0.3128431584545951
2202,0.3050940681064371
2203,0.3022008730129904
2204,0.3170127809030791
2205,0.3135246670881949
2206,0.3097413229192637
2207,0.3075684475407346
2208,0.309754864047973
2209,0.3087673460398682
2210,0.3006386948887731
2211,0.3136566756173032
2212,0.3092917488317816
2213,0.3061782372175818
2214,0.3129832679764267
2215,0.307554436839509
2216,0.3094323380773103
2217,0.305508134072144
2218,0.2997564403954116
2219,0.3072338045216723
2220,0.3039179686702278
2221,0.3070379781449894
2222,0.3080051655445649
2223,0.3125820976071817
2224,0.2931633156810894
2225,0.3103195375382571
2226,0.3094739815466221
2227,0.3084051438193095
2228,0.2988100570189695
2229,0.3015030955529333
2230,0.3070858835085414
2231,0.3061606266281766
2232,0.3087902711617155
2233,0.3107826410919005
2234,0.3065941182636567
2235,0.3024694694719692
2236,0.3042963746000243
2237,0.2980454065836325
2238,0.3032394606697113
2239,0.3071763087698871
2240,0.3074801115533435
2241,0.3127037862028811
2242,0.3063969733322401
2243,0.3034302202155142
2244,0.3094529973906563
2245,0.3097183836323468
2246,0.3072145409257139
2247,0.3079105789003121
2248,0.3041678557124756
2249,0.3184499560391751
2250,0.3189017296828167
2251,0.3000389365470196
2252,0.3068930812542779
2253,0.31136413996545
2254,0.3007957673808378
2255,0.3143385915776825
2256,0.3103737251045207
2257,0.304759252630586
2258,0.3088410232534391
2259,0.2904570835137093
2260,0.3026630112658955
2261,0.3001935224240418
2262,0.3007105742552216
2263,0.3080218181668152
2264,0.310366159165322
2265,0.3027919197755828
2266,0.3069365285945176
2267,0.3115123924604787
2268,0.3080060963116183
2269,0.310523430106088
2270,0.3018125205303556
2271,0.3195567706951078
2272,0.3085728248904312
2273,0.3046377720079094
2274,0.3031795573135741
2275,0.3162038709313938
2276,0.3069778365123878
2277,0.3026510382283691
2278,0.2985963693351752
2279,0.3184945170879926
2280,0.2918568386989538
2281,0.3024496846432424
2282,0.3076567145192529
2283,0.3098150176828548
2284,0.3082730673797425
2285,0.3103740795460749
2286,0.317231091325353
2287,0.3065828473733578
2288,0.3019367773604562
2289,0.3083843755212853
2290,0.3141970515384746
2291,0.309502043794632
2292,0.3039218830792858
2293,0.3177762997655565
2294,0.3078694014812412
2295,0.3200786239027321
2296,0.3203428885881614
2297,0.3086812921715207
2298,0.3146363914472133
2299,0.3074921691498304
2300,0.3044415605984333
2301,0.3033709275995551
2302,0.3065113582653279
2303,0.3118861298773948
2304,0.313738262498688
2305,0.3144696347579902
2306,0.3119108507463799
2307,0.3148865976665652
2308,0.312424055279575
2309,0.3109406834023867
2310,0.3088234743307503
2311,0.3086367302173101
2312,0.3090643699868439
2313,0.3074817621067605
2314,0.307865554131304
2315,0.3101616841072889
2316,0.306368777968587
2317,0.3118187408630662
2318,0.3109883575666747
2319,0.3118092230879929
2320,0.3087556341234988
2321,0.3108221986491504
2322,0.3153399997596676
2323,0.3126278454127564
2324,0.308506809266534
2325,0.3061976420674808
2326,0.3034490411554138
2327,0.3068065512559655
2328,0.3119241889408344
2329,0.3177336795091591
2330,0.3124369917629079
2331,0.3069543101873591
2332,0.3087368599021946
2333,0.3113314592556924
2334,0.3076282237699187
2335,0.3138945439995249
2336,0.3062202248405145
2337,0.3178433058567461
2338,0.3090176591117697
2339,0.3083184346629659
2340,0.313376749140593
2341,0.3069935527895054
2342,0.3070545229737977
2343,0.3104848091066078
2344,0.3044726175948357
2345,0.3081707304197963
2346,0.3093172337338786
2347,0.3113981090313005
2348,0.3083107107417188
2349,0.3134146430599959
2350,0.3044425511859026
2351,0.3138007234907515
2352,0.3148109193581022
2353,0.3066567175483917
2354,0.3054999759323233
2355,0.318566501380948
2356,0.3240411444147717
2357,0.3179837360517707
2358,0.3185319412177708
2359,0.3161137388681546
2360,0.3109903672964539
2361,0.312924880144086
2362,0.3083750175394172
2363,0.3229407624519525
2364,0.313419835880994
2365,0.3149874035716744
2366,0.3099499684655304
2367,0.3185364192341569
2368,0.312396268488445
2369,0.3101681559736394
2370,0.3082721691888374
2371,0.3089997015076043
2372,0.3154649206416671
2373,0.3173392651756385
2374,0.3176204569796317
2375,0.3218293678776667
2376,0.3092363318091415
2377,0.3117869624280749
2378,0.3130241606971473
2379,0.3164142265490092
2380,0.3061631481578165
2381,0.3103188037885988
2382,0.3107810595497863
2383,0.3144947369808434
2384,0.3132091409012992
2385,0.3221633054883123
2386,0.3107675741299886
2387,0.3030748325753272
2388,0.3096895894454703
2389,0.3162435253730603
2390,0.3170102743264333
2391,0.313620237669061
2392,0.3109068187038852
2393,0.3134038775995396
2394,0.3123144589293072
2395,0.3110684622321233
2396,0.3147896248244958
2397,0.3059611391104326
2398,0.3023150531858297
2399,0.3095330822657445
2400,0.3126661069438134
2401,0.3086160370578822
2402,0.3104554681736436
2403,0.3153307776810193
2404,0.3104861492714068
2405,0.3140820557830647
2406,0.3094262657843201
2407,0.3142516891139836
2408,0.3047147594662724
2409,0.3167896884280269
2410,0.3055539653297267
2411,0.3142007621149263
2412,0.307588279112764
2413,0.3057005511945947
2414,0.3114458794975707
2415,0.3167052492963617
2416,0.3083194510675195
2417,0.306306681370652
2418,0.3182529361604704
2419,0.3165889391868619
2420,0.3207553525737869
2421,0.3175380886676112
2422,0.3105505432584467
2423,0.3190675270575244
2424,0.3083236219953491
2425,0.3120650849030507
2426,0.3166140048773186
2427,0.3123764415290255
2428,0.3083522834007223
2429,0.3139194083852079
2430,0.3084365176582275
2431,0.3148960421869069
2432,0.3165306558280334
2433,0.3072030165944017
2434,0.3146081492584471
2435,0.3136797805430891
2436,0.3192772242573911
2437,0.3182605082661504
2438,0.3096884694725665
2439,0.3138007265083541
2440,0.3184940776574844
2441,0.3153864265134034
2442,0.3162198706977293
2443,0.3111100748152077
2444,0.3228833378003281
2445,0.3195227036248558
2446,0.3129353879694188
2447,0.3338682368799051
2448,0.3106616112831574
2449,0.3114792499581624
2450,0.2997411171459048
2451,0.3143551904002775
2452,0.3136576240901464
2453,0.3203210203734968
2454,0.3205686056892791
2455,0.3113757483563498
2456,0.323655954736
2457,0.3141511309542528
2458,0.3121833843871355
2459,0.3114406347125198
2460,0.3182048990027225
2461,0.3118364431185499
2462,0.3115136248598653
2463,0.3178361593458295
2464,0.3135681768319241
2465,0.3233942528088904
2466,0.3121798755081128
2467,0.3247086797310091
2468,0.3242679288310358
2469,0.3183968293297127
2470,0.3223148753020132
2471,0.3290782532625179
2472,0.3163142822969769
2473,0.3196020057630238
2474,0.3249504973022439
2475,0.329618617203713
2476,0.3210224056581663
2477,0.3237209865161675
2478,0.3214190721445764
2479,0.3217041845293979
2480,0.3237042404097215
2481,0.308058591742295
2482,0.3169322066616192
2483,0.3237826751177418
2484,0.3090964833589756
2485,0.3142968494556937
2486,0.3242639609975651
2487,0.3162497767399153
2488,0.3187154206153249
2489,0.3215731440848916
2490,0.3029041965680583
2491,0.3201448114342841
2492,0.3173060151097367
2493,0.3089165690002542
2494,0.3149919552943748
2495,0.3153753779023299
2496,0.3140119218414828
2497,0.3163876340626288
2498,0.3133247668704533
2499,0.3149522787177002
2500,0.3108459637505791
2501,0.3107866837713277
2502,0.3095998326975291
2503,0.3208806729703643
2504,0.3214261797840036
2505,0.312024656333299
2506,0.3123147241901234
2507,0.3153069096039044
2508,0.3325687468908037
2509,0.3199239010462625
2510,0.3153689957174204
2511,0.3174245780013476
2512,0.3155430475178564
2513,0.3208632579647059
2514,0.3116838213562847
2515,0.3133762000087768
2516,0.3098050220588709
2517,0.3198567121720597
2518,0.3146253420742644
2519,0.3157756981245092
2520,0.3206295243725661
2521,0.3137357154971804
2522,0.3134515498475147
2523,0.3235503991106916
2524,0.3095121711462266
2525,0.3198566017596455
2526,0.3218669016077783
2527,0.3153937935162299
2528,0.3186448700832645
2529,0.3244832873968999
2530,0.3168107793020462
2531,0.3210960096179588
2532,0.3132543327343614
2533,0.3135853111315578
2534,0.308042802259734
2535,0.3238335907651843
2536,0.3234893204437444
2537,0.3165155403632373
2538,0.3135175613764701
2539,0.3095911829616302
2540,0.3104517267296278
2541,0.3215608674687258
2542,0.3113708227400549
2543,0.3066374631790154
2544,0.3186952574067082
2545,0.3196631125473398
2546,0.3220881321136394
2547,0.3027849763064071
2548,0.3161478799235408
2549,0.324226888846932
2550,0.3101596389348753
2551,0.3251153674990316
2552,0.3206912351811245
2553,0.3117689228096761
2554,0.3237606621043802
2555,0.3230186462609801
2556,0.3173905007622991
2557,0.3230722164905735
2558,0.3147491912754764
2559,0.3197804619388336
2560,0.3191857309219368
2561,0.3225683828412458
2562,0.324446882220095
2563,0.3196144997623008
2564,0.3145625574905587
2565,0.3163836647473929
2566,0.3127117359380165
2567,0.313463551225004
2568,0.3239973978980686
2569,0.3117265793544418
2570,0.3169329168359239
2571,0.3184638308946798
2572,0.3133189872867188
2573,0.3226625519706108
2574,0.3300848145378067
2575,0.3236141450244152
2576,0.3166777346356625
2577,0.3212403013184687
2578,0.3072470025018315
2579,0.325842844743665
2580,0.3236166147836659
2581,0.316392379012552
2582,0.3195760033425897
2583,0.3229046434312816
2584,0.3268818521709934
2585,0.3187199501404244
2586,0.326161986217408
2587,0.3201649037914145
2588,0.3162737458213162
2589,0.3108691494180098
2590,0.3186964712785151
2591,0.3252294361492142
2592,0.3223503270952511
2593,0.318146087009538
2594,0.326667350133571
2595,0.3231974875425756
2596,0.3209004366042948
2597,0.3271477175117612
2598,0.3218250627220366
2599,0.3220455104563757
2600,0.3178964142830529
2601,0.3189460267383853
2602,0.321981656861587
2603,0.3242615832621429
2604,0.325619541648198
2605,0.3052671420443381
2606,0.3199807976226102
2607,0.3232357201538185
2608,0.3226579447981984
2609,0.3221817395556569
2610,0.3193360343924406
2611,0.3223184319628543
2612,0.3142875749631847
2613,0.3183729012245379
2614,0.3261837514040944
2615,0.3230485765715502
2616,0.3221954721059143
2617,0.3152298715809745
2618,0.3217515971716003
2619,0.3217751677053626
2620,0.322296100136927
2621,0.316282734973368
2622,0.31633730525512
2623,0.3254309622333003
2624,0.3139612805207132
2625,0.3171186251899174
2626,0.3205653372627572
2627,0.3218369904903911
2628,0.312351568065771
2629,0.3159734735216263
2630,0.3160756992214122
2631,0.3226407446063961
2632,0.3213908809569847
2633,0.3192340191049084
2634,0.319901573644865
2635,0.3269238393610382
2636,0.3163939490318036
2637,0.3208196820803047
2638,0.3205267398344386
2639,0.3254439571717906
2640,0.3247695550829292
2641,0.3104169130509529
2642,0.3227906012385602
2643,0.3181085863175812
2644,0.316422775676904
2645,0.3175980910352625
2646,0.3203697574803756
2647,0.325918697502892
2648,0.3173615368518685
2649,0.3210876727371092
2650,0.322225901781971
2651,0.3250195328371
2652,0.3172162038414288
2653,0.3196312781475836
2654,0.3258557392381071
2655,0.3207684459441266
2656,0.3249822365147222
2657,0.3188100470842783
2658,0.3207755782738909
2659,0.3268790256508995
2660,0.329020847629215
2661,0.3112221268681444
2662,0.3287176434012264
2663,0.3215595075611263
2664,0.3181169145811063
2665,0.3226254779923126
2666,0.3220730735153234
2667,0.3257121964994468
2668,0.3165609164694962
2669,0.324309522915143
2670,0.3240011928969196
2671,0.3176241513058182
2672,0.3210772002147635
2673,0.324585550673496
2674,0.3240258657638921
2675,0.3209479553729937
2676,0.3238010327985355
2677,0.3246329236749755
2678,0.3257441314954241
2679,0.3254550202750603
2680,0.3278195123427722
2681,0.3221689915495171
2682,0.3186651946117118
2683,0.3268586662037333
2684,0.3234455440413333
2685,0.3252380691928433
2686,0.3205916555822503
2687,0.3214415305633445
2688,0.3220628102551014
2689,0.3294871945224826
2690,0.3268424280711831
2691,0.3245622147436178
2692,0.3288233277348599
2693,0.3316940122280877
2694,0.325012938352798
2695,0.3174855562720491
2696,0.3273766356746959
2697,0.324436070079319
2698,0.3139830169217786
2699,0.3222904974243394
2700,0.3304276498454215
2701,0.3171687268686879
2702,0.3291870903422015
2703,0.3224236012149827
2704,0.3160553006390355
2705,0.3171915411819196
2706,0.3213379913190694
2707,0.3326859510200046
2708,0.3206413832340968
2709,0.3258460019312805
2710,0.3244283014908959
2711,0.319024048710528
2712,0.3229240530542829
2713,0.3129764046112387
2714,0.3185449835625187
2715,0.3209164938463456
2716,0.327807050522498
2717,0.325626495229549
2718,0.3147500623988636
2719,0.3283593085996669
2720,0.3211050544240552
2721,0.3306598034617045
2722,0.3110645140297632
2723,0.3372581610403611
2724,0.3271566046442709
2725,0.3295726390260741
2726,0.3272010389029353
2727,0.3314956461247187
2728,0.3180885978785508
2729,0.3252541830923834
2730,0.3217641130376654
2731,0.318089672740424
2732,0.3265354646834053
2733,0.320469517435865
2734,0.3200461899648252
2735,0.330395099081353
2736,0.317410301512108
2737,0.3249331056451548
2738,0.3260425682983127
2739,0.324314044971608
2740,0.3204524206659264
2741,0.315418156036405
2742,0.3248460045250286
2743,0.3170221027047232
2744,0.3221575695757872
2745,0.3276037093913052
2746,0.3251527389934915
2747,0.313641833286525
2748,0.3252057165891562
2749,0.3343793445173523
2750,0.313927290436904
2751,0.3266874462139013
2752,0.322827246231045
2753,0.3240674426970036
2754,0.3264695232056903
2755,0.3153869972271294
2756,0.3275770483082803
2757,0.3191569706013517
2758,0.3230175222323507
2759,0.3208798944433751
2760,0.3219455642224448
2761,0.3279824965216711
2762,0.3310096522742526
2763,0.323948645251169
2764,0.3210146987392735
2765,0.3331752199400412
2766,0.3204438288616201
2767,0.318369970966068
2768,0.3175469502066987
2769,0.3206934264975725
2770,0.3193450348496322
2771,0.3186814913852485
2772,0.329645449273637
2773,0.3244741357039146
2774,0.3181624599920093
2775,0.3337318686363523
2776,0.3240981935628649
2777,0.3286524115423825
2778,0.314557264004557
2779,0.3111663345307914
2780,0.3214560270020475
2781,0.3200845149638918
2782,0.327043993849397
2783,0.3219554890228254
2784,0.315707759581209
2785,0.3309608548325648
2786,0.3248647876921264
2787,0.330473108239019
2788,0.3176572697865596
2789,0.316513941763169
2790,0.323100965241331
2791,0.3250845442379841
2792,0.3317563178941407
2793,0.3262767188605907
2794,0.3160974512264027
2795,0.3282776685170268
2796,0.3329625211136099
2797,0.325285724762383
2798,0.3247882427616369
2799,0.320337620492471
2800,0.3243727911573992
2801,0.3193827809927762
2802,0.3260830795177962
2803,0.3258974086169829
2804,0.3238954579844647
2805,0.3169844133625105
2806,0.3271707646720128
2807,0.3274639164321579
2808,0.323504640227934
2809,0.3239854666140854
2810,0.329722435824716
2811,0.3222498082050936
2812,0.3311983622519339
2813,0.3302704905622195
2814,0.3287167037134424
2815,0.3156518883168576
2816,0.3253895979566558
2817,0.32696266011637
2818,0.3246706552889403
2819,0.3235876061165355
2820,0.3341464542264912
2821,0.3225910175469192
2822,0.3141216789975152
2823,0.3297271411421045
2824,0.3198122561554613
2825,0.3279388756418186
2826,0.3276678575930219
2827,0.3244814377321346
2828,0.3219778692478037
2829,0.3188840821689528
2830,0.3252149766733194
2831,0.3200668426709356
2832,0.3244633254543144
2833,0.3249029834616095
2834,0.3239566817541505
2835,0.3222279057511069
2836,0.3207393761369367
2837,0.3197789745789439
2838,0.3221733475789319
2839,0.3205267746652561
2840,0.3254108738792878
2841,0.3246964304941424
2842,0.3210319576394226
2843,0.3232876310269152
2844,0.3306553674157176
2845,0.3279965424572408
2846,0.3312593063888664
2847,0.3303196365140239
2848,0.3248734782703317
2849,0.3250020027842981
2850,0.3206900066201431
2851,0.3322063149963159
2852,0.3162113095250466
2853,0.3200641834459749
2854,0.3325071623875897
2855,0.325315759726166
2856,0.3290744827862739
2857,0.3282064496832118
2858,0.3352708755604175
2859,0.3207860938461739
2860,0.3308038561790664
2861,0.3251203310729156
2862,0.3259510794539798
2863,0.3265327304178981
2864,0.3266901608815302
2865,0.3287645146775975
2866,0.3182870930955713
2867,0.319833821845624
2868,0.3281888316864933
2869,0.318504087018683
2870,0.3324423931840108
2871,0.325566214681613
2872,0.3267559309072707
2873,0.3284877649329144
2874,0.3249062076465814
2875,0.3287792654713478
2876,0.3214853702060044
2877,0.3208403914335324
2878,0.329012927835822
2879,0.3262967827205363
2880,0.3249439894349141
2881,0.3323915980868219
2882,0.326884207491721
2883,0.3348944269838002
2884,0.330033530872814
2885,0.3147448223015928
2886,0.3310544135293305
2887,0.3227716633815215
2888,0.3285890150856223
2889,0.3206218727636006
2890,0.3262765618780534
2891,0.3209144244034136
2892,0.3167785936606617
2893,0.3330716259804071
2894,0.3241720533004222
2895,0.3300834769657887
2896,0.3273473766596762
2897,0.3133858739782164
2898,0.3329567047388422
2899,0.3249427852917692
2900,0.3222784364421492
2901,0.3311054750147408
2902,0.3204220374662432
2903,0.3338997514467759
2904,0.3282627227317543
2905,0.3282627634409334
2906,0.3361129374858284
2907,0.3213035111423843
2908,0.3278188696592922
2909,0.3199419954572972
2910,0.327286830016804
2911,0.3251710543082415
2912,0.32221323733047
2913,0.3240415832632365
2914,0.314842930015615
2915,0.3214427545598894
2916,0.3288479040163827
2917,0.3339710743565227
2918,0.327813161159189
2919,0.3255654262564198
2920,0.3275164617713703
2921,0.3264585768694875
2922,0.3283085459951497
2923,0.3142706468067785
2924,0.3333209954116289
2925,0.3361002432096904
2926,0.3248948290324233
2927,0.3308203952651711
2928,0.3276828247175044
2929,0.3227646568737333
2930,0.3291500869396246
2931,0.32253490546393
2932,0.3181816869401162
2933,0.3321180591975444
2934,0.3193421755742691
2935,0.3258605171658952
2936,0.3233414961399326
2937,0.3218192159604613
2938,0.3239587050791356
2939,0.3213145306884176
2940,0.3296660324132802
2941,0.3057408591681425
2942,0.3216428073318123
2943,0.3296901774739737
2944,0.3266509491761984
2945,0.3295766905474365
2946,0.3303942936039382
2947,0.3312102890716759
2948,0.3277466388419205
2949,0.3366210047688803
2950,0.3221355092701885
2951,0.322577837777132
2952,0.3282163975160317
2953,0.3261591251451418
2954,0.3229639643916259
2955,0.3245285597938305
2956,0.3292433475862003
2957,0.3425259611943125
2958,0.3238595086296599
2959,0.3168414951919656
2960,0.3254025313342136
2961,0.3183246787590228
2962,0.3301345702387019
2963,0.3244628215767136
2964,0.3284734343669879
2965,0.3177696560637934
2966,0.3331356844287644
2967,0.3323933644349255
2968,0.3309257263511679
2969,0.3260233804548618
2970,0.3305634556026297
2971,0.3215093929726786
2972,0.3205755910504911
2973,0.3252194993340669
2974,0.3176677588377969
2975,0.3231338149815496
2976,0.3267308821773234
2977,0.3327308170181351
2978,0.3217856255153539
2979,0.3335805312610796
2980,0.3209413849730608
2981,0.3156943727079713
2982,0.3107243503055407
2983,0.3231517397779039
2984,0.3152955224142009
2985,0.320166081586345
2986,0.3235741024758302
2987,0.3222027889700147
2988,0.3167052898556677
2989,0.3285180918552069
2990,0.3241218583771837
2991,0.3259600406596464
2992,0.3212497397660788
2993,0.3190757420917371
2994,0.3308866423297304
2995,0.3206620560475754
2996,0.3186779574423429
2997,0.3313643984184656
2998,0.3363838506374225
2999,0.325928065777755
3000,0.3330463396038879
3001,0.3292859065024994
3002,0.3247956736932306
3003,0.3223077008479801
3004,0.3320295599292547
3005,0.3274239503004407
3006,0.3251953689386759
3007,0.3280748115947466
3008,0.3233838856975615
3009,0.3317988295719404
3010,0.3297594232510088
3011,0.337784006370863
3012,0.3283966188695448
3013,0.3220892354259001
3014,0.3226058231464508
3015,0.3307061309588391
3016,0.3261020807625348
3017,0.3284277442928146
3018,0.324354037921752
3019,0.3346732184340178
3020,0.3299863993909631
3021,0.3300945139557134
3022,0.3263878163468356
3023,0.3274351562979312
3024,0.3255577753013702
3025,0.3205764003399855
3026,0.3167398941828116
3027,0.3234163656130689
3028,0.3233716331889061
3029,0.3330150807508874
3030,0.3335123411701801
3031,0.3237676333980404
3032,0.3221728098044194
3033,0.3252889978884961
3034,0.3335584317303299
3035,0.3251323068471197
3036,0.3285944896502277
3037,0.3284704410785525
3038,0.3246089061873565
3039,0.3277525121288779
3040,0.3259899763456338
3041,0.3272897004319745
3042,0.3179455089327346
3043,0.3264306576758189
3044,0.3218626588111779
3045,0.3197793118317482
3046,0.3274201465365524
3047,0.3261148855950709
3048,0.3322272626780902
3049,0.3215906214476437
3050,0.3303849573432686
3051,0.3333822047587359
3052,0.3292511512716777
3053,0.3263712274712031
3054,0.3292170727348836
3055,0.3309054537502214
3056,0.3249618923735047
3057,0.3191879942237338
3058,0.3304142380597554
3059,0.3299170023341856
3060,0.3275404554320379
3061,0.3254213395060886
3062,0.3302943290134904
3063,0.3309570105860057
3064,0.3355464365254893
3065,0.3253297722748708
3066,0.325688156713648
3067,0.3264366560118569
3068,0.3386316268870872
3069,0.3242220875872334
3070,0.322274725587159
3071,0.3185195370054249
3072,0.335211699535117
3073,0.3302420272167795
3074,0.3378198613736568
3075,0.3329713569091091
3076,0.3281143847032642
3077,0.3341812246775884
3078,0.3119045118446993
3079,0.3339449163187458
3080,0.3229461708678625
3081,0.3268124902795818
3082,0.3254786219828968
3083,0.3270268136589181
3084,0.3274491251356022
3085,0.3235311020252142
3086,0.3186242487381391
3087,0.3289898848910169
3088,0.3333424617228062
3089,0.3261706737094872
3090,0.3328815779494726
3091,0.3280563446228186
3092,0.3202438530088629
3093,0.3278476881049649
3094,0.3246002500631879
3095,0.3365517066993797
3096,0.3230091416805826
3097,0.3329443066307902
3098,0.3346283910104136
3099,0.3309840006013055
3100,0.3336246946877006
3101,0.3224195259290264
3102,0.335010413659802
3103,0.3230072787815011
3104,0.3291371083866652
3105,0.3327852066595885
3106,0.3260224071771531
3107,0.3367149622458765
3108,0.3259453831059806
3109,0.3336508933579598
3110,0.3330099526361356
3111,0.3341656069695162
3112,0.3263077082808257
3113,0.3309149832347573
3114,0.3161368745609035
3115,0.3264854708876587
3116,0.3412661237016876
3117,0.3312266597024305
3118,0.325226190175004
3119,0.3369024527376727
3120,0.3293314238440984
3121,0.3312843543134265
3122,0.3298225346339029
3123,0.3288026557884617
3124,0.3339468994984975
3125,0.3316495193506119
3126,0.3301954925714063
3127,0.3282796351163383
3128,0.3201135763601102
3129,0.3260644716304162
3130,0.3216815128182697
3131,0.3351085991937992
3132,0.3326124453362253
3133,0.3269650405936064
3134,0.3304396715796681
3135,0.3327330245761497
3136,0.329247975127799
3137,0.3334976040669738
3138,0.3224072658783083
3139,0.3236570760235626
3140,0.3360994021729605
3141,0.3263464836886788
3142,0.3361549102401072
3143,0.3261819877593364
3144,0.3319339761279493
3145,0.3282254639659205
3146,0.3277626280495752
3147,0.3246213018717248
3148,0.3358038155992045
3149,0.3281708253188103
3150,0.329918076616383
3151,0.3329774672104557
3152,0.3269406727198234
3153,0.3205347645594261
3154,0.331507353317826
3155,0.3340603818665887
3156,0.3309953548356669
3157,0.327913610096928
3158,0.3303042299302154
3159,0.3292430003729319
3160,0.3276209501867755
3161,0.3250902377301503
3162,0.3259449888500038
3163,0.3299517485088496
3164,0.3242950896369945
3165,0.323403443610045
3166,0.3375794153601349
3167,0.3267890573677328
3168,0.3237783251638094
3169,0.3278610582478815
3170,0.3132231990047463
3171,0.3233094272712704
3172,0.328215527195429
3173,0.3297911099180883
3174,0.3310022075809718
3175,0.3292545515406375
3176,0.3233028625826049
3177,0.3305786724803849
3178,0.3286663953661486
3179,0.3198404687062952
3180,0.3308882392818768
3181,0.3352187579709154
3182,0.3414258284539008
3183,0.328041807358348
3184,0.3276964124165533
3185,0.3280088395918394
3186,0.3424896041813384
3187,0.3341427899112887
3188,0.3265991141731413
3189,0.3360110845470103
3190,0.3352301698307223
3191,0.3289732452188694
3192,0.3265870551119744
3193,0.3308528064236833
3194,0.3280658271935194
3195,0.3196676869025986
3196,0.3294555381691603
3197,0.3251391635471284
3198,0.3236517982221763
3199,0.3326956715085963
3200,0.3249082703373293
3201,0.3347230072661457
3202,0.3184573817174713
3203,0.3272914785855687
3204,0.3301947071656129
3205,0.3280754789666203
3206,0.3392784356851945
3207,0.3236083644417574
3208,0.3317010660018404
3209,0.3179527281042223
3210,0.336210172658841
3211,0.3323572571515746
3212,0.3390372255868699
3213,0.3232038415782182
3214,0.3282252909300941
3215,0.3287626718452877
3216,0.3403914331729705
3217,0.326530681125246
3218,0.3322914689348268
3219,0.3264654845186996
3220,0.3163161611755119
3221,0.3272177826585438
3222,0.3236660532438045
3223,0.3345067340754842
3224,0.3310420868063807
3225,0.3371619480998407
3226,0.3306482800583226
3227,0.3198371606510228
3228,0.3215353637079198
3229,0.3398062668066608
3230,0.3268246784537231
3231,0.3291952878704421
3232,0.3316662901020871
3233,0.3329918365758444
3234,0.3300481813978677
3235,0.3275827208256511
3236,0.3299887499131979
3237,0.3240450687054887
3238,0.3307057847471654
3239,0.3298985175709104
3240,0.3368078299598972
3241,0.3351393785211111
3242,0.3330549186265279
3243,0.3304628579479943
3244,0.3277329629168542
3245,0.3325615720303621
3246,0.32680610677828
3247,0.3351796532572816
3248,0.3142340573358268
3249,0.3287220355924307
3250,0.3290972496772281
3251,0.3307847081941497
3252,0.3292918665690511
3253,0.3286788235791024
3254,0.3237591293554065
3255,0.3336873681330238
3256,0.3299367271696816
3257,0.3203475615019356
3258,0.3352789951531475
3259,0.3306222768103266
3260,0.3253187794385298
3261,0.3346052110526985
3262,0.3361802628077074
3263,0.3295072166422133
3264,0.3256460745116508
3265,0.3236143964561101
3266,0.3310032500086058
3267,0.3315329742310777
3268,0.3262514310149199
3269,0.3362516673098872
3270,0.3324740349624643
3271,0.3284478557656494
3272,0.3252980427028738
3273,0.3311362671041897
3274,0.3311946807839011
3275,0.3279554090062593
3276,0.3417216653754829
3277,0.3455453248459773
3278,0.3306469171799738
3279,0.3261480988122464
3280,0.3365027910343398
3281,0.3347664038932572
3282,0.3322019876267373
3283,0.3178209580137458
3284,0.3323558538757953
3285,0.328797345111764
3286,0.3367700101734959
3287,0.3330621261145163
3288,0.323696102229261
3289,0.3320888760573978
3290,0.3326207227321323
3291,0.3289024566705567
3292,0.3314215120870073
3293,0.3300459999415025
3294,0.3270804261171632
3295,0.332466343590955
3296,0.3264880448550143
3297,0.3215606646830634
3298,0.3345958062859913
3299,0.3300315085761401
3300,0.3345819758906896
3301,0.3347403134469743
3302,0.3375504744128173
3303,0.329333306635414
3304,0.3355353091287836
3305,0.3349391082137939
3306,0.3173487222601505
3307,0.3264950053366288
3308,0.3407801316802304
3309,0.3283392768968635
3310,0.338209046856379
3311,0.3294145329589616
3312,0.3295955494032073
3313,0.3307867926140477
3314,0.3288417938692014
3315,0.3319321002448144
3316,0.323824145710833
3317,0.329655101847952
3318,0.3289977783225786
3319,0.3324260341667519
3320,0.3329271701785865
3321,0.3310367867112635
3322,0.3444524208988972
3323,0.335895997120805
3324,0.3210037403691221
3325,0.3305138716096471
3326,0.3261165294722091
3327,0.3365423706984562
3328,0.3372487783370493
3329,0.3317140393656955
3330,0.3285994728455005
3331,0.3183433877627208
3332,0.3307314910587476
3333,0.3292144879515973
3334,0.3376715247329149
3335,0.339496341013789
3336,0.3289120617407033
3337,0.3246566776549799
3338,0.328379593613205
3339,0.3300681801056998
3340,0.3394477461724939
3341,0.3362781743223622
3342,0.3256226395415829
3343,0.334534835921402
3344,0.3307447384456891
3345,0.3366900394910843
3346,0.3407832611921746
3347,0.3356209873895933
3348,0.3309165086287001
3349,0.3349969061336313
3350,0.334475176966529
3351,0.3382993456683797
3352,0.3291082128994141
3353,0.3281115094345989
3354,0.3370703135412737
3355,0.3320360978488517
3356,0.3315013793989037
3357,0.324999442827784
3358,0.331614022106267
3359,0.3237434392703028
3360,0.3391524194509272
3361,0.3398735261361695
3362,0.3351174333267372
3363,0.3313286731131662
3364,0.3287373149810734
3365,0.3389770278889935
3366,0.3195953646119533
3367,0.3271297691302892
3368,0.3364792056654739
3369,0.3391752024935595
3370,0.3398316088794928
3371,0.3375847926878209
3372,0.3283020559020982
3373,0.331131507558733
3374,0.3311812840456192
3375,0.3321415801134447
3376,0.3309774681702061
3377,0.3321248601199216
3378,0.3335048199844454
3379,0.3295958169630756
3380,0.3251625656605919
3381,0.3303350624839788
3382,0.3226615081728804
3383,0.3385784759585535
3384,0.3357237683757882
3385,0.3405151825415348
3386,0.3294599727870133
3387,0.3381410703974196
3388,0.335882105832859
3389,0.3345423192092782
3390,0.3232440283150167
3391,0.3321577426288625
3392,0.332966750259861
3393,0.3376032128836523
3394,0.3367145441610777
3395,0.3249980060248646
3396,0.3297001229100031
3397,0.3218792384685683
3398,0.3379142409382855
3399,0.3335236607310896
3400,0.340521165601055
3401,0.3351842954113596
3402,0.3374867997683498
3403,0.3278584123308232
3404,0.3361326312543632
3405,0.3309193457214652
3406,0.3280543268485073
3407,0.3347583178648748
3408,0.3339208941555927
3409,0.3284302132286372
3410,0.3228364363572202
3411,0.3279949813711119
3412,0.3482167483566462
3413,0.3366238964624531
3414,0.3321928937097672
3415,0.3393275052267189
3416,0.3263460771355259
3417,0.3401651930964424
3418,0.3320086553242097
3419,0.3389458417921273
3420,0.3334448158949311
3421,0.3423502601217506
3422,0.3369134473687376
3423,0.3319078284588158
3424,0.3350407139121059
3425,0.3278654750248837
3426,0.3338246565807082
3427,0.3328094285513234
3428,0.319357730826034
3429,0.3350839918118112
3430,0.3368406670519417
3431,0.3370284608715024
3432,0.3370898141517899
3433,0.3277302600171784
3434,0.3345067003092887
3435,0.3300637778010575
3436,0.3300630830877976
3437,0.325088854244221
3438,0.3454155881929914
3439,0.3213351134645152
3440,0.3352485717223991
3441,0.3296443897940501
3442,0.3254832714650852
3443,0.3311984346664861
3444,0.3382859482445705
3445,0.3300886426748344
3446,0.3337205449364976
3447,0.3329963361295795
3448,0.3314735393680921
3449,0.3345188810821847
3450,0.3437395615121684
3451,0.33096010093454
3452,0.3308568439550334
3453,0.3362545696851964
3454,0.342617529789385
3455,0.3311595538772858
3456,0.3416652936682389
3457,0.3418387785154869
3458,0.3350245664294544
3459,0.3410287177505505
3460,0.334230034423796
3461,0.337912091018377
3462,0.3315758019989465
3463,0.3353975236857411
3464,0.337981025344104
3465,0.3389269445122221
3466,0.3379257635196096
3467,0.3409174061613807
3468,0.3294656311475228
3469,0.3305026713944092
3470,0.336975788917479
3471,0.3302490962746016
3472,0.3253411998359123
3473,0.3304487096672668
3474,0.3257480586280564
3475,0.3423619179140177
3476,0.331312797607101
3477,0.3348363149902474
3478,0.3287265773906113
3479,0.3222137032941897
3480,0.3272065595169586
3481,0.3318375390030187
3482,0.3396248771007167
3483,0.3376486767280096
3484,0.3391332141961057
3485,0.3318051496211795
3486,0.3337137645955202
3487,0.3419870884170673
3488,0.3394484588889548
3489,0.3308754424087864
3490,0.3402821590872788
3491,0.3321003744985522
3492,0.3425718632091831
3493,0.3357551100006231
3494,0.3309211468834039
3495,0.3274847422575863
3496,0.3296572940503947
3497,0.3220745344856704
3498,0.340137432322194
3499,0.3312140942897364
3500,0.3407842437724483
3501,0.3310932102263371
3502,0.3372210317685885
3503,0.3360375529283466
3504,0.3378695281100641
3505,0.3300825873637747
3506,0.338781445279389
3507,0.3253898786461915
3508,0.343849740938659
3509,0.3366284808993437
3510,0.332838842587956
3511,0.330476514923912
3512,0.3338658378491984
3513,0.3375233162065049
3514,0.3350340471205514
3515,0.3369150532019536
3516,0.3378110382944851
3517,0.3327026296538453
3518,0.3220692172386943
3519,0.3338415563401962
3520,0.3300877965460161
3521,0.3404718992903176
3522,0.3318352286111795
3523,0.3328688635317089
3524,0.3294927701283254
3525,0.3401454938202309
3526,0.3356599824077934
3527,0.3274338617481114
3528,0.3367667269725914
3529,0.3347788412829764
3530,0.3357513899488114
3531,0.3299232713126858
3532,0.3398515127451247
3533,0.3331134179318784
3534,0.3327282515560631
3535,0.324470603911548
3536,0.3346517483980243
3537,0.3218421873615487
3538,0.3372588821967684
3539,0.3264669748862818
3540,0.3300466036608674
3541,0.3361352560759229
3542,0.3406778038298032
3543,0.3407919512095255
3544,0.3340838467917825
3545,0.3331366947095213
3546,0.3417878561877844
3547,0.3300657770995483
3548,0.3343538423024333
3549,0.3368968634566558
3550,0.3272355482141777
3551,0.3328399517432414
3552,0.3356231259015479
3553,0.3405034019580902
3554,0.3347165391740443
3555,0.3391025241189767
3556,0.3352629134394171
3557,0.3295019785292867
3558,0.3366999344790139
3559,0.3356052570456235
3560,0.3354267684052668
3561,0.324375657174918
3562,0.3358357893965228
3563,0.3296407560737159
3564,0.3328105607224358
3565,0.3297277656217213
3566,0.3324424633103814
3567,0.3322478049464333
3568,0.3433982948904426
3569,0.3364583148934155
3570,0.326137561525854
3571,0.3299328471014939
3572,0.3311333546982946
3573,0.332248254801674
3574,0.3423200050324261
3575,0.332963282143334
3576,0.3379143398070287
3577,0.3349559644237808
3578,0.3243569008317351
3579,0.3260880527971342
3580,0.3450293391390238
3581,0.3342024753975939
3582,0.3259996347413567
3583,0.3322371560343804
3584,0.3349886214211298
3585,0.336927668368049
3586,0.3333984312148535
3587,0.329284893557285
3588,0.3328626869846342
3589,0.3340300202891686
3590,0.3257709550828389
3591,0.3348165046966399
3592,0.3387424591079302
3593,0.3339741486257288
3594,0.3331176458517388
3595,0.3327051922610771
3596,0.3274015859791909
3597,0.3279196274179828
3598,0.33422041723174
3599,0.3318795937797239
3600,0.332362960037136
3601,0.332465518940732
3602,0.3344319730383851
3603,0.335431934909465
3604,0.3262952478393842
3605,0.3385192340997179
3606,0.3344281288511893
3607,0.3379125931123528
3608,0.3378508734582382
3609,0.3441708277161148
3610,0.3290892107607198
3611,0.3342767123341879
3612,0.3403962412447548
3613,0.3374300171051202
3614,0.3347941928035474
3615,0.3380521664158452
3616,0.3323092906851632
3617,0.3272016298061134
3618,0.3382834570093416
3619,0.3402994017101278
3620,0.3292908182530433
3621,0.3332294714307283
3622,0.3369854509380682
3623,0.3364201261267822
3624,0.3402435800411916
3625,0.3396622381161188
3626,0.3336006285684052
3627,0.3406550832775225
3628,0.3376182337218624
3629,0.3352443290035823
3630,0.3349678307127182
3631,0.3347640745643022
3632,0.3451699656455054
3633,0.34482026973894
3634,0.3367400037940741
3635,0.3341511959812765
3636,0.3375287674682134
3637,0.3416489816591285
3638,0.3299102915226822
3639,0.3369254725011825
3640,0.3362106752135111
3641,0.3367993274602156
3642,0.3251388241807811
3643,0.3323063110421112
3644,0.3366746354310298
3645,0.3361817342335123
3646,0.3272115522536385
3647,0.3407143955718283
3648,0.3362081525235824
3649,0.340495451496135
3650,0.3332549947935792
3651,0.3377428381641311
3652,0.3406050630042831
3653,0.3374596093935869
3654,0.3334642388026096
3655,0.3309819969758458
3656,0.3378226853888005
3657,0.3317264727729216
3658,0.3443968077456421
3659,0.3454780435937687
3660,0.3407343370062891
3661,0.3349713345001281
3662,0.3408590695955339
3663,0.3330114759272534
3664,0.3446627698560043
3665,0.3329735096636593
3666,0.3415886671215515
3667,0.3357799971215718
3668,0.3297193690761475
3669,0.3342225657091774
3670,0.34228120071253
3671,0.3353423666387798
3672,0.3316210404154696
3673,0.3278802876551627
3674,0.3376846748538253
3675,0.3363617519591857
3676,0.3442767260003659
3677,0.3309018647867453
3678,0.3445101845751093
3679,0.3328316036401577
3680,0.3387421932154232
3681,0.3313308996939471
3682,0.3287709623570737
3683,0.3370631603514554
3684,0.3372856596399503
3685,0.340133822836397
3686,0.3399098034063021
3687,0.3343678806554702
3688,0.3309884187472229
3689,0.3317021641058594
3690,0.3341742311358108
3691,0.3454918016948543
3692,0.3425541735600094
3693,0.3369339576343592
3694,0.3456036971230645
3695,0.3323982359526959
3696,0.3413472654039858
3697,0.3377795802192294
3698,0.334825372176306
3699,0.3371080464441871
3700,0.3253207292224611
3701,0.3374708238781818
3702,0.3283051856012788
3703,0.3419400817172842
3704,0.3355540325032532
3705,0.3442441245053531
3706,0.3504784331390507
3707,0.3493288278340147
3708,0.3420534570879235
3709,0.3431746105934228
3710,0.3358346883120507
3711,0.3282243140263357
3712,0.3399815699598216
3713,0.3392034117582144
3714,0.337977515734416
3715,0.3400990518059414
3716,0.3296835965996864
3717,0.3398434153412045
3718,0.3297868193015925
3719,0.3387369023807585
3720,0.3373662581819902
3721,0.3408203005633523
3722,0.3448913955339365
3723,0.3292971903331336
3724,0.3347778926591171
3725,0.3320673038128026
3726,0.333033953210381
3727,0.332524468571222
3728,0.3403444217487455
3729,0.3420459061620031
3730,0.3307540481567905
3731,0.3415472389899245
3732,0.3345231442232427
3733,0.33629988474606
3734,0.3395689853608994
3735,0.3353331830497773
3736,0.3377379957682503
3737,0.3439847846127588
3738,0.3418105468750972
3739,0.3392027648033504
3740,0.3354009421452774
3741,0.3409098593229152
3742,0.3370049500905355
3743,0.3351199345951396
3744,0.3416210901931861
3745,0.3468835525328012
3746,0.3433189397404961
3747,0.3447503198047171
3748,0.3356512304098962
3749,0.3378709491503146
3750,0.3484711485346621
3751,0.3387893728894709
3752,0.3379844592462473
3753,0.3395215270531743
3754,0.3511186219733633
3755,0.3344728054106835
3756,0.3361177466381864
3757,0.3363370003915676
3758,0.341543643411736
3759,0.3395064729485906
3760,0.3414806380587913
3761,0.3351261214225648
3762,0.3337788218840354
3763,0.3381385855683051
3764,0.3437436334539386
3765,0.3442960024828795
3766,0.3331128614953073
3767,0.3436688038679066
3768,0.3366334731307754
3769,0.3390788810573836
3770,0.3431195701902255
3771,0.3348310096989113
3772,0.3440954374034263
3773,0.349239418775178
3774,0.3476304343604128
3775,0.3296182992158985
3776,0.3447328366205163
3777,0.3341723272599695
3778,0.343172097532275
3779,0.3340400207312357
3780,0.3407029729059925
3781,0.3302439495980003
3782,0.3307661471120102
3783,0.3371778484677237
3784,0.3424487808259731
3785,0.3345279966877632
3786,0.3337314132281657
3787,0.3372027086249415
3788,0.3453849412839421
3789,0.3339323355095789
3790,0.3360817652068875
3791,0.332128767758205
3792,0.334224134905574
3793,0.339847343392633
3794,0.3492719130459918
3795,0.348363491602217
3796,0.3361740324676744
3797,0.3463120922905721
3798,0.347183885557273
3799,0.3339394570602878
3800,0.3326824277596207
3801,0.3412837991447937
3802,0.3404738992428585
3803,0.3378049534378352
3804,0.3351728329996547
3805,0.3440915987252173
3806,0.3393932342580231
3807,0.3359799422363198
3808,0.3383243340518664
3809,0.3349284970949462
3810,0.3393079323201481
3811,0.3254394825986496
3812,0.3339382561406839
3813,0.3323044448096758
3814,0.3399140263169092
3815,0.3403962648517617
3816,0.3401395712950822
3817,0.3367095542155369
3818,0.3454797595610592
3819,0.3420779585094425
3820,0.3348003194448527
3821,0.345378837472106
3822,0.3301430219957095
3823,0.3415284412463769
3824,0.3401827916767875
3825,0.3329932116963487
3826,0.3457677694123634
3827,0.3391900074187018
3828,0.3284559557138365
3829,0.345820607147995
3830,0.3373671629085349
3831,0.3396476428841498
3832,0.3316340405750962
3833,0.3382312889897795
3834,0.3437440176801121
3835,0.3265257650925638
3836,0.3290830657299129
3837,0.3320516673870213
3838,0.3368426640267341
3839,0.3356866882016147
3840,0.3365373079205903
3841,0.3412068382204933
3842,0.3491776513772364
3843,0.3400637380290143
3844,0.3501957322898266
3845,0.3391715363380085
3846,0.3439325051413199
3847,0.3235679171062339
3848,0.3354068485211076
3849,0.334697497362211
3850,0.3384558750503945
3851,0.3343220679517641
3852,0.3370660034890025
3853,0.3447140280560176
3854,0.3364709183322403
3855,0.3318860779433448
3856,0.3399213544391931
3857,0.3450549970417109
3858,0.3512929640420988
3859,0.3381817911887951
3860,0.3401939057015722
3861,0.3418401289589696
3862,0.343429190168405
3863,0.339714845116331
3864,0.3436271849524811
3865,0.3314866412955131
3866,0.33380333891809
3867,0.3274167439224215
3868,0.3484040270127134
3869,0.342064882095731
3870,0.33545443131712
3871,0.3456737660004736
3872,0.3378183050737329
3873,0.3362440710258925
3874,0.3423425756326925
3875,0.340356573531895
3876,0.3449729015229286
3877,0.3294177169446113
3878,0.3470680835751811
3879,0.3408245584450057
3880,0.3381444596267007
3881,0.34209896197372
3882,0.3452874416713704
3883,0.3358226754482537
3884,0.3448100358024485
3885,0.3450912053475501
3886,0.3428719459341938
3887,0.3405761337125809
3888,0.3402238954348776
3889,0.3414380060626943
3890,0.3426771627367761
3891,0.3405633370589314
3892,0.3406162509753717
3893,0.3360119968804556
3894,0.3425543843960424
3895,0.3406037640440068
3896,0.3333419246004216
3897,0.3455068490677879
3898,0.3453195113713875
3899,0.3425213823963053
3900,0.3359835027212721
3901,0.3349053177503924
3902,0.3476560170463657
3903,0.3480359686307837
3904,0.3411576413239034
3905,0.3285595547513606
3906,0.3422904054228434
3907,0.3377743082771093
3908,0.3491654123435904
3909,0.3349057810466232
3910,0.3406480403188352
3911,0.3347331066078871
3912,0.3354113393650128
3913,0.3451453564890429
3914,0.3402317160426533
3915,0.3355978544107726
3916,0.3333863190793779
3917,0.3335388557378889
3918,0.340920587928929
3919,0.3455529148077368
3920,0.3401934417120453
3921,0.3320892301726227
3922,0.3407942488104063
3923,0.3359390432740398
3924,0.3431418976540062
3925,0.3422345704575903
3926,0.3372205326702482
3927,0.345445301936003
3928,0.3374176206155539
3929,0.3371804171335876
3930,0.3374589218492794
3931,0.3408748542204911
3932,0.3417666656778217
3933,0.3411605825769333
3934,0.3412645685267867
3935,0.3439902788322956
3936,0.342007988744252
3937,0.3448845682673618
3938,0.3386040973634021
3939,0.3436165354722526
3940,0.3406742085627951
3941,0.3381070432640579
3942,0.3401177483240627
3943,0.3479970024263401
3944,0.3413412471710143
3945,0.3363576143620908
3946,0.3451375861473616
3947,0.3345981982454243
3948,0.3432608390643182
3949,0.3420938727514024
3950,0.3403679820539754
3951,0.344431913362115
3952,0.3419142555531141
3953,0.3436253675080292
3954,0.343607944036567
3955,0.3338217123507898
3956,0.3496067653575093
3957,0.3298839697773301
3958,0.3358352311296326
3959,0.3387512293857407
3960,0.3381323244384716
3961,0.3347127385170786
3962,0.3380176574288973
3963,0.3409753711795897
3964,0.3407211392503794
3965,0.3354855591903461
3966,0.3354910205364189
3967,0.3428682653726734
3968,0.3407804352872754
3969,0.3426796643070541
3970,0.339642325424092
3971,0.3449811855552575
3972,0.3363137071486672
3973,0.33965750497087
3974,0.3392220692564139
3975,0.3450770557285436
3976,0.3442920859352756
3977,0.3421178295173566
3978,0.3429793148920024
3979,0.3416454705089538
3980,0.3342240671654108
3981,0.3417129280340506
3982,0.337641082165092
3983,0.3448668677517582
3984,0.3338184417703578
3985,0.3531960330648849
3986,0.3403072527259833
3987,0.3306741299624275
3988,0.3470852118198603
3989,0.3413083837525531
3990,0.3418551181767376
3991,0.3403843691795183
3992,0.3413867014455554
3993,0.3316427394570904
3994,0.3301840260891385
3995,0.3397429776002129
3996,0.3443849796396905
3997,0.3317177333432225
3998,0.3482492990465136
3999,0.3416622709918953
4000,0.3468787427321624
4001,0.3382064835901054
4002,0.338144652417566
4003,0.3436368612025168
4004,0.3407928017896143
4005,0.3313268514574141
4006,0.3309979812047061
4007,0.3377709509688912
4008,0.3378093742901965
4009,0.3388769909704291
4010,0.3443856537850805
4011,0.3401590141397075
4012,0.3434314253396794
4013,0.3411074088757617
4014,0.3335795969260889
4015,0.3340580683008033
4016,0.3396622020358537
4017,0.3378207281264451
4018,0.3417830388231263
4019,0.3392476641222964
4020,0.3398670466082146
4021,0.3373249414292076
4022,0.3457570217560993
4023,0.3414779682801145
4024,0.3427427368313105
4025,0.3287437939326561
4026,0.345099040926617
4027,0.3383493496717836
4028,0.3420160558693805
4029,0.3394610644365474
4030,0.335331910354829
4031,0.3408479869369888
4032,0.3386357264796393
4033,0.3321166682357258
4034,0.3380342072530671
4035,0.3356878569968208
4036,0.3454670119438897
4037,0.3498118210641381
4038,0.3482690789915799
4039,0.3415019510392695
4040,0.3453299409550707
4041,0.3331148880143164
4042,0.3319694790802511
4043,0.3385378818481231
4044,0.3363590799143331
4045,0.3429862782406242
4046,0.3418510973035716
4047,0.3352307333884377
4048,0.3464261115303929
4049,0.3440744717133134
4050,0.3333183818154864
4051,0.3391276829287575
4052,0.3494335607850327
4053,0.3398554675302957
4054,0.336185355275334
4055,0.3418003300080016
4056,0.3462308663197995
4057,0.3430915661270957
4058,0.354464122883835
4059,0.3337894414519347
4060,0.3487395931470481
4061,0.3442556321564308
4062,0.3349791897705486
4063,0.3434262713681341
4064,0.3400585856772106
4065,0.3406007081722571
4066,0.3482483704288504
4067,0.3342680116356716
4068,0.3419069576294638
4069,0.3457342399723122
4070,0.3384792023573685
4071,0.3332293034909942
4072,0.3447854761009512
4073,0.3455493623787716
4074,0.3432892067762259
4075,0.3479165018350543
4076,0.3280567266492927
4077,0.3444779696076075
4078,0.340704205315792
4079,0.341304838214956
4080,0.3376996069787352
4081,0.3485188371210572
4082,0.3417652029064242
4083,0.3368336869778129
4084,0.3363994508630156
4085,0.3467163094457163
4086,0.3499288900024356
4087,0.3435647433760887
4088,0.3475786178529698
4089,0.3527741872594069
4090,0.3476251518846467
4091,0.3437908349524645
4092,0.3464021111662675
4093,0.3497591744460369
4094,0.3443297010482331
4095,0.3462152674730142
4096,0.3458497499783497
4097,0.3438294687443985
4098,0.3414884142028905
4099,0.3469784411976441
4100,0.3446199789560638
4101,0.3471388899954391
4102,0.3433575111972894
4103,0.3501768786761514
4104,0.3429147174714971
4105,0.3407981316732134
4106,0.3419887902403968
4107,0.3291903744738902
4108,0.343669708227529
4109,0.3364431924800477
4110,0.3407582910250403
4111,0.3479126500521305
4112,0.3479650061506442
4113,0.3438246715075728
4114,0.3475200564324775
4115,0.3472488488180331
4116,0.3434213980321137
4117,0.3396801374129492
4118,0.3463881575926764
4119,0.345718298693093
4120,0.3383366726713542
4121,0.3367594803828833
4122,0.350077804864194
4123,0.3406738934840456
4124,0.3433825896816215
4125,0.3454759098472335
4126,0.3419843808448888
4127,0.3388215194715356
4128,0.3361245778727191
4129,0.3499867828744794
4130,0.3432181355385521
4131,0.3273489453234559
4132,0.3477808941348194
4133,0.344118337315717
4134,0.333833441014783
4135,0.343677418498354
4136,0.3398089532419234
4137,0.3374383752588298
4138,0.342261693342602
4139,0.3364614862876104
4140,0.3460280595397619
4141,0.3507502027581113
4142,0.3393664321099988
4143,0.3428029772745899
4144,0.3320711231453136
4145,0.3486701120695152
4146,0.3462587369981172
4147,0.340328646967359
4148,0.3389311557579513
4149,0.3366034003791918
4150,0.3444431355642632
4151,0.3403207826179988
4152,0.3350106365905909
4153,0.3461898671762178
4154,0.345565679841533
4155,0.3488847066136307
4156,0.3298126332255464
4157,0.3444153816285805
4158,0.3477766058955706
4159,0.3510475388810511
4160,0.3371646844254128
4161,0.343023728523242
4162,0.3336807053049185
4163,0.345375989118767
4164,0.3438464370747572
4165,0.3409631157746906
4166,0.3298347691038242
4167,0.3509987851114047
4168,0.3319901012619644
4169,0.3401857812369886
4170,0.343820850619111
4171,0.3443974547895078
4172,0.3439146965567607
4173,0.3479684623201043
4174,0.3414640613599276
4175,0.3436387672404945
4176,0.3404032109578507
4177,0.3351410238971795
4178,0.3447003095443247
4179,0.3347433834120959
4180,0.3486615624779771
4181,0.3525043433862306
4182,0.3425930682603597
4183,0.3378931835904333
4184,0.3442622063652694
4185,0.3421998686288627
4186,0.3427924569028485
4187,0.3433128751970021
4188,0.3308248483668719
4189,0.3509889998993356
4190,0.3319503170282912
4191,0.3443121887203343
4192,0.3295113240957481
4193,0.3390362089454234
4194,0.3428838651559329
4195,0.3495198554657182
4196,0.336094258581208
4197,0.3389631077024547
4198,0.3506961138600549
4199,0.3310013181301828
4200,0.3415699034404186
4201,0.344860451763598
4202,0.3448074902772425
4203,0.3414148842208691
4204,0.3530991699136318
4205,0.3415236652470327
4206,0.3457776704073479
4207,0.344580624481556
4208,0.3431876497387288
4209,0.3440089180309969
4210,0.3416311366418974
4211,0.3496055167643035
4212,0.3400507766508416
4213,0.351147164777025
4214,0.3483409281584999
4215,0.3422975665592011
4216,0.3398014573290437
4217,0.3538504026255699
4218,0.3452956926406983
4219,0.337670977128263
4220,0.330996146606435
4221,0.347300264341362
4222,0.3431358823611648
4223,0.3458660797683682
4224,0.3441073307170872
4225,0.3391690939239341
4226,0.3298761257081768
4227,0.3444052399634298
4228,0.3475486141636947
4229,0.3416715780747606
4230,0.3390217147436221
4231,0.3490574395947806
4232,0.3328002992116725
4233,0.3395474636321252
4234,0.3411977842093959
4235,0.3494742768173001
4236,0.3438888927885726
4237,0.3410418829510717
4238,0.3323362218658539
4239,0.3423989879418178
4240,0.3373264801479438
4241,0.3375080227252608
4242,0.3434326088955019
4243,0.342575052883144
4244,0.3513796928210989
4245,0.341443325304868
4246,0.3402506144704448
4247,0.3525965410160294
4248,0.3418018955973346
4249,0.3499066401239602
4250,0.3462760465748292
4251,0.3382489081040197
4252,0.3325567145593218
4253,0.3368995568823644
4254,0.3365701553144541
4255,0.3389891042117408
4256,0.3424943598340871
4257,0.3361953778587872
4258,0.3403943617594159
4259,0.3493947291841686
4260,0.3362657701813262
4261,0.3518416654808839
4262,0.337632257261471
4263,0.3316112077769384
4264,0.3421782176917871
4265,0.3429166649443075
4266,0.3343431544982335
4267,0.3438115056051172
4268,0.3403780906088354
4269,0.3518039627332576
4270,0.3492823124627994
4271,0.3429404246534981
4272,0.3354994822614466
4273,0.3390963331818922
4274,0.3507630989949216
4275,0.3359148091062781
4276,0.3502916479170802
4277,0.3471393893365673
4278,0.3344578943567593
4279,0.3378662056361681
4280,0.3387162634618813
4281,0.3496639507365252
4282,0.3475445130583334
4283,0.3440574504267283
4284,0.3461550583324166
4285,0.3413463724706128
4286,0.3510163742620687
4287,0.3522335713556044
4288,0.3406756314180354
4289,0.3338664158900574
4290,0.3403508679669519
4291,0.3462241806132762
4292,0.3434154940582546
4293,0.3416163936646997
4294,0.3361109902706208
4295,0.3450115593012713
4296,0.3432613849135214
4297,0.3448411729475388
4298,0.339464108875915
4299,0.3401230327963601
4300,0.346451638811132
4301,0.3483458902302475
4302,0.337087755936881
4303,0.3434406748940872
4304,0.3459680561745031
4305,0.3448161337252051
4306,0.3366973440952029
4307,0.342228861204902
4308,0.3467998167730942
4309,0.3373245752407801
4310,0.3431417401011506
4311,0.3423531747913397
4312,0.3411320861108673
4313,0.3434682350836504
4314,0.3349577978118298
4315,0.3356554513815155
4316,0.3440049532620713
4317,0.3377754999489131
4318,0.3404544258712607
4319,0.3412876136166431
4320,0.3446493136287111
4321,0.3437726044673049
4322,0.3493243939633347
4323,0.3447163886828038
4324,0.3480995592080141
4325,0.3407444875874261
4326,0.3451867640420242
4327,0.3361741044439451
4328,0.3381355834660297
4329,0.3550303857269076
4330,0.346210943192024
4331,0.3539999095992917
4332,0.3475047824922229
4333,0.3432934150353221
4334,0.3401916156848416
4335,0.3525219146538283
4336,0.3440085204849374
4337,0.3489889025478899
4338,0.3482055365226006
4339,0.342566060595701
4340,0.3345235090519067
4341,0.3389276348827479
4342,0.3417172241858573
4343,0.3426653668950463
4344,0.3404061451569175
4345,0.3469190672572373
4346,0.3400931251399443
4347,0.3404928343346268
4348,0.3426197098448678
4349,0.3504485463518101
4350,0.3361459602602901
4351,0.3455653610621344
4352,0.3509952436364083
4353,0.34174268914903
4354,0.3440746465973147
4355,0.3525741592750513
4356,0.3440232492248951
4357,0.3511307201638768
4358,0.3435919052004307
4359,0.3433619854062983
4360,0.3397205178054474
4361,0.338927521487469
4362,0.3470210061406779
4363,0.3435262669243548
4364,0.3438874993481994
4365,0.3304153901571769
4366,0.3419013596240263
4367,0.3556693980601421
4368,0.3340838951768808
4369,0.3340622610028919
4370,0.3482465231006012
4371,0.341238149943243
4372,0.3354989205242884
4373,0.3409510805489733
4374,0.3455609081293386
4375,0.3438818215510865
4376,0.3290175670163348
4377,0.3468686497602369
4378,0.3405462309142802
4379,0.3335720913996979
4380,0.3455277308807924
4381,0.3383971791505407
4382,0.3411456915556535
4383,0.3443399004039096
4384,0.3434296049239734
4385,0.3494072624469443
4386,0.341568357333448
4387,0.3430800423861787
4388,0.3458094582274354
4389,0.3450577554713462
4390,0.3443799435227277
4391,0.3398104789086472
4392,0.3470238298041542
4393,0.3444949588196402
4394,0.3447539362705952
4395,0.3368436837059993
4396,0.3441297969719444
4397,0.3295482708748041
4398,0.3474446935377273
4399,0.3484618299891952
4400,0.339000095207413
4401,0.3433800414755242
4402,0.3410919598510588
4403,0.3437795990496471
4404,0.3375337087474729
4405,0.3426674471378066
4406,0.3394915076507359
4407,0.3471673244609961
4408,0.335428025668457
4409,0.3468787147096755
4410,0.3320328373294188
4411,0.3485237563671747
4412,0.3409534318414916
4413,0.343470265157173
4414,0.347074058947922
4415,0.3384838537259666
4416,0.331831282928259
4417,0.3412043425965664
4418,0.3354384817602535
4419,0.3392190015607635
4420,0.3516656982012148
4421,0.3451610642941885
4422,0.34126772425329
4423,0.3375484259622766
4424,0.3427277872623687
4425,0.3377335271933727
4426,0.3420483716901123
4427,0.3316988807571085
4428,0.3450795908991443
4429,0.3497527834522314
4430,0.3453966659535721
4431,0.3423676042753391
4432,0.3459874140283027
4433,0.3408945448429278
4434,0.3428628569617211
4435,0.3399186627778991
4436,0.3431225490705641
4437,0.3425844631911886
4438,0.341879967240621
4439,0.3367704504656806
4440,0.3545421190754765
4441,0.3352319083445946
4442,0.3369022274388748
4443,0.3328267061012167
4444,0.3411313204259584
4445,0.3324316094385204
4446,0.3467624357293865
4447,0.3399751706396799
4448,0.3505554149837891
4449,0.3473266907261255
4450,0.3401691749860871
4451,0.3394879669555513
4452,0.3368172064736217
4453,0.3378357090533187
4454,0.3443826215476316
4455,0.3426367820222689
4456,0.34750160106773
4457,0.3459439299906841
4458,0.3409776647748909
4459,0.347305637337963
4460,0.3486867890054122
4461,0.3408100515862545
4462,0.3438077201925424
4463,0.3418800540977614
4464,0.3380360082892892
4465,0.3513916508416329
4466,0.342565209985287
4467,0.3372154002779815
4468,0.3452507456368549
4469,0.3443108808601232
4470,0.3410542410245979
4471,0.3377224561144739
4472,0.3513169633877252
4473,0.3474621745774696
4474,0.3515720918021645
4475,0.3460483179495941
4476,0.339785209210568
4477,0.340525719557028
4478,0.3445521556270868
4479,0.3492660411588078
4480,0.3550990893958462
4481,0.343431549257283
4482,0.3452603388036674
4483,0.3550667769387131
4484,0.3364149728327043
4485,0.3444310256917284
4486,0.3443703338831566
4487,0.3547065509848537
4488,0.3501071181614783
4489,0.3459147632927528
4490,0.3510152924803315
4491,0.3398836460813955
4492,0.3408731047749243
4493,0.3445837363422137
4494,0.3542691831070451
4495,0.352891463261085
4496,0.3529263746017826
4497,0.3438325173753666
4498,0.3395791816447983
4499,0.3412030927840462
4500,0.3469521733512399
4501,0.3463536294353594
4502,0.3481120188957132
4503,0.3445984666805264
4504,0.339977738118163
4505,0.3405416477102871
4506,0.3410834263532891
4507,0.341879574565075
4508,0.3488088221399368
4509,0.3514750934071141
4510,0.3454341253599707
4511,0.3460205890677244
4512,0.3400652704164621
4513,0.3447677110087893
4514,0.3399847795603796
4515,0.346543063295097
4516,0.3546257540611368
4517,0.3496227223771369
4518,0.3497296258741053
4519,0.3498953616850757
4520,0.3359352237432235
4521,0.3417270134805156
4522,0.337269117079424
4523,0.3364813192027722
4524,0.3398511854953402
4525,0.3365188756207359
4526,0.3417558699306184
4527,0.346257096434959
4528,0.3470158756871533
4529,0.3475012578223098
4530,0.3434061674413344
4531,0.351176762714613
4532,0.3444259682022578
4533,0.342689730483923
4534,0.3353209845469238
4535,0.3474369552321952
4536,0.3445242974291621
4537,0.3417566701102963
4538,0.3486973122680213
4539,0.3429918679547151
4540,0.3423579872122419
4541,0.342071946727839
4542,0.3350666893635771
4543,0.3430022751846663
4544,0.3407052677326623
4545,0.3460901069618814
4546,0.3488399244942395
4547,0.3400987598620686
4548,0.3423287549847338
4549,0.3473160574544189
4550,0.3514461966259872
4551,0.3368877063416737
4552,0.3413081481852113
4553,0.3418122832412518
4554,0.3365527554902099
4555,0.3435827764839049
4556,0.343580885432405
4557,0.3379521290889731
4558,0.3416239782619205
4559,0.3414290583191895
4560,0.3450575831843813
4561,0.3449987131259215
4562,0.3407093946314747
4563,0.3400852756995186
4564,0.340462543649983
4565,0.3463644234168944
4566,0.3390254346108453
4567,0.3515700210801346
4568,0.3353603776333812
4569,0.3413835850290578
4570,0.3440346982785362
4571,0.3448618040398459
4572,0.3475318694924925
4573,0.3431098610382233
4574,0.3374550899419928
4575,0.3365554397975731
4576,0.3430698330071381
4577,0.3371323886878608
4578,0.3435666384197101
4579,0.3432596222089507
4580,0.3373661627784955
4581,0.3482763625815388
4582,0.3436101333695228
4583,0.3365684488873615
4584,0.3408795975749503
4585,0.3484572622622078
4586,0.3450731221831565
4587,0.3383570063762176
4588,0.3401239401205829
4589,0.3445252053622348
4590,0.340868248223618
4591,0.3405363261033058
4592,0.3438578906965529
4593,0.345286732909805
4594,0.3454733853894801
4595,0.3508038120648853
4596,0.3443457537376736
4597,0.3415061297348488
4598,0.3463584974823636
4599,0.3402700707303336
4600,0.3483627697167805
4601,0.3435551831438231
4602,0.3374223516309345
4603,0.3439843833047212
4604,0.3577662274830304
4605,0.3437102234706615
4606,0.3416705586339972
4607,0.3502709989546343
4608,0.3369176767109453
4609,0.34065315803678
4610,0.3440444251407609
4611,0.344523376588127
4612,0.3367983434749277
4613,0.3446764389591317
4614,0.3511767020675356
4615,0.3382798968896546
4616,0.3420080146473234
4617,0.3428324217545598
4618,0.3534265115072358
4619,0.3352969861470961
4620,0.3459077669471275
4621,0.3462090526469428
4622,0.3423644157975524
4623,0.340641425228566
4624,0.3421223146214481
4625,0.3399981087969014
4626,0.3432530086500044
4627,0.3427848717996218
4628,0.3487882704885776
4629,0.3365946202236581
4630,0.3437189471603087
4631,0.3421677334168841
4632,0.3465562938494444
4633,0.3482244008845168
4634,0.3444988400201678
4635,0.3524798011593428
4636,0.3352003189898598
4637,0.3276993595614043
4638,0.34506272064911
4639,0.3455800272303287
4640,0.3546420900090196
4641,0.339035497620343
4642,0.3479691844583513
4643,0.3549343495481722
4644,0.345698512033311
4645,0.3517244068462148
4646,0.3432428774451361
4647,0.3440689833284016
4648,0.3454632055479938
4649,0.3401369793611905
4650,0.3477807605544783
4651,0.3492313714931012
4652,0.354988123334045
4653,0.3480860150528316
4654,0.3427732171414336
4655,0.3506450535001468
4656,0.3510881153082124
4657,0.3444550934578481
4658,0.3398416057414231
4659,0.3585263735105664
4660,0.3469858116525289
4661,0.349502154522275
4662,0.348699704425521
4663,0.3366497434951782
4664,0.343797613001502
4665,0.3384042572622258
4666,0.3510761968129048
4667,0.3403186294969977
4668,0.3384178871484576
4669,0.3428547017978409
4670,0.3438630987571235
4671,0.3430077036634615
4672,0.3408015780089852
4673,0.3485800654109778
4674,0.3417583031780432
4675,0.3466436692486033
4676,0.3485952539108121
4677,0.345061491758567
4678,0.3447997489375317
4679,0.3531798202190986
4680,0.3452966175767453
4681,0.3494381653734246
4682,0.338857938353359
4683,0.3529866952368889
4684,0.35497023608594
4685,0.3357269624688247
4686,0.3456812662378728
4687,0.3587349939643341
4688,0.3469147439676436
4689,0.3494491882888342
4690,0.3394741757579977
4691,0.3514024422998672
4692,0.3424311530660396
4693,0.3369817885533366
4694,0.3505337650200191
4695,0.3472107859028945
4696,0.3420034161494383
4697,0.3475696175554896
4698,0.3429345283880556
4699,0.3347119332443831
4700,0.3386727800137994
4701,0.3513374135687082
4702,0.342354067102703
4703,0.3358732359725679
4704,0.3495280612907395
4705,0.3389123264854168
4706,0.339814202043359
4707,0.3530133281882773
4708,0.3484830844759284
4709,0.3362397073283245
4710,0.3459367889295123
4711,0.345049225804766
4712,0.3479648670724563
4713,0.3465595133747482
4714,0.3428226307507366
4715,0.3510683594674668
4716,0.3428404821903439
4717,0.3390133492171923
4718,0.3505191713189864
4719,0.3468380860600515
4720,0.3574955195649422
4721,0.3473678024731119
4722,0.3433855529802601
4723,0.343251651649052
4724,0.3511490981501995
4725,0.3499583142545062
4726,0.3452851592760942
4727,0.3380307055024378
4728,0.3467093614105282
4729,0.3441499456381447
4730,0.3454807452508337
4731,0.3459382152978533
4732,0.3436565784098441
4733,0.3415024390247123
4734,0.3425238594084779
4735,0.3470216131876663
4736,0.3467618012602663
4737,0.3434233168215376
4738,0.3476228575842849
4739,0.3517841277872646
4740,0.3458309179839068
4741,0.3540853557466567
4742,0.346372231106527
4743,0.3504432198194041
4744,0.3501193095545382
4745,0.351891784528945
4746,0.3472658488536223
4747,0.3382951311925648
4748,0.3569226645996459
4749,0.3574349000400634
4750,0.3488154288560411
4751,0.3382514810763063
4752,0.3437521581102832
4753,0.3531583877334629
4754,0.3450284516405086
4755,0.348360166033086
4756,0.342738776679148
4757,0.3497129374797638
4758,0.3519973932970573
4759,0.3348025092709877
4760,0.3531602564959101
4761,0.3496429734994669
4762,0.3468678376616573
4763,0.3515743906552654
4764,0.3476285244889605
4765,0.3367881378942768
4766,0.3571705732110677
4767,0.3342058380564506
4768,0.3447598457764413
4769,0.3532941723322024
4770,0.340400287273881
4771,0.3456548662034705
4772,0.3420982871234301
4773,0.3389584159768217
4774,0.3466171062170581
4775,0.3432980865154184
4776,0.3449146633475299
4777,0.3453380205476641
4778,0.348179893914979
4779,0.3447970714608305
4780,0.3486621013957443
4781,0.3402092602003048
4782,0.3458600893589009
4783,0.3540872381403453
4784,0.3427446581223459
4785,0.3414344650746385
4786,0.341516212633653
4787,0.3356051641566264
4788,0.3464427894693656
4789,0.3516679640924666
4790,0.3441928324050511
4791,0.3540134204177262
4792,0.3416539010246982
4793,0.343049824685926
4794,0.33550568964847
4795,0.3426024179009477
4796,0.3408406575194476
4797,0.3480632904250935
4798,0.3434089013495553
4799,0.3418378543535139
4800,0.3453741798796023
4801,0.3386100914542906
4802,0.3469684728214891
4803,0.3502345044221294
4804,0.3480496614386614
4805,0.349939396004699
4806,0.3454358580482063
4807,0.3531934788546957
4808,0.3381409762034051
4809,0.3416650660919562
4810,0.345901685853931
4811,0.3479195160129832
4812,0.337758896821268
4813,0.3504715223972482
4814,0.3500824370987876
4815,0.3519507310213808
4816,0.3544217706680869
4817,0.3598205530802528
4818,0.3432735636424296
4819,0.3526835934980021
4820,0.3421183108331661
4821,0.3440783256816259
4822,0.3492067675041964
4823,0.347472948217022
4824,0.3445134666030252
4825,0.347975686969677
4826,0.3499625762305187
4827,0.345055816461311
4828,0.3394619101891434
4829,0.3537355228624833
4830,0.3493582588128301
4831,0.3502341008111594
4832,0.3538358215530975
4833,0.3522983639573519
4834,0.3431935889115571
4835,0.3431629694857504
4836,0.351945139804087
4837,0.3388198988849278
4838,0.3465518908880788
4839,0.3420245890406442
4840,0.3478889767177645
4841,0.3528573829505195
4842,0.3435485245201211
4843,0.3400040320831659
4844,0.3481753934470558
4845,0.3570440349779399
4846,0.3535488380070171
4847,0.3377815341117223
4848,0.3450117198746292
4849,0.3519092932223558
4850,0.3511716554163132
4851,0.350596093548976
4852,0.3550192789876291
4853,0.3398620777868331
4854,0.3461889843748709
4855,0.3486367174312373
4856,0.3480027008381825
4857,0.3429891946074218
4858,0.3469015104819312
4859,0.352906319087122
4860,0.3430598212555819
4861,0.3458871468080031
4862,0.3548317673220926
4863,0.3494739880582077
4864,0.3376835179456035
4865,0.3434117393645022
4866,0.3518974605488387
4867,0.3426869869841736
4868,0.3452611780134898
4869,0.3460247661113349
4870,0.3476030409071323
4871,0.350594571631975
4872,0.3511682881710422
4873,0.3440997217434919
4874,0.3476267539266265
4875,0.3430597459284839
4876,0.3531380462125053
4877,0.3463356766190751
4878,0.3395900590239075
4879,0.3469489733624758
4880,0.3378056378659451
4881,0.3516840335519541
4882,0.3481931824172487
4883,0.3443738196607659
4884,0.3579699578446285
4885,0.3469117280369714
4886,0.3468401502249072
4887,0.3465916984792332
4888,0.3511686550782242
4889,0.3513172757324916
4890,0.3566317974574809
4891,0.3561905475912709
4892,0.3561866831171011
4893,0.3484545857042415
4894,0.3406199670610618
4895,0.3471245680531508
4896,0.3513122893793422
4897,0.3499508829809464
4898,0.353535675676314
4899,0.3449432889337132
4900,0.3476073671577963
4901,0.3481148737533423
4902,0.3424656120523062
4903,0.3547950386785538
4904,0.3511729881740813
4905,0.3513344187012149
4906,0.3518271768448479
4907,0.3516243989256451
4908,0.3500532453099496
4909,0.3513536241954076
4910,0.3442934092094263
4911,0.349439238559733
4912,0.3509032450223975
4913,0.348855974199446
4914,0.3430759030286869
4915,0.3433962309918704
4916,0.3487029783197775
4917,0.3513699504126475
4918,0.3484479777591907
4919,0.3506185457636294
4920,0.3518716024699729
4921,0.3487789100433942
4922,0.3512355910604436
4923,0.3499542138585026
4924,0.3443378262063543
4925,0.3518317666295773
4926,0.3596862374917163
4927,0.3429694993342154
4928,0.3508911885471179
4929,0.3466680204866835
4930,0.3386407478679338
4931,0.346396465582822
4932,0.3519634934985766
4933,0.3503583304676474
4934,0.3483993898482386
4935,0.3493579879701635
4936,0.3428736183006638
4937,0.3473909733002354
4938,0.3450725153742783
4939,0.3486392449859253
4940,0.3472198020530012
4941,0.3420110592359853
4942,0.3512055196436109
4943,0.3514917543946843
4944,0.3480629316648351
4945,0.351263601320927
4946,0.3495576368844669
4947,0.344781523076629
4948,0.3497233427944138
4949,0.344085751929991
4950,0.342800121095729
4951,0.3484570764831936
4952,0.3443684315698733
4953,0.3458124272979846
4954,0.3441951500492597
4955,0.36031577002178
4956,0.3443654585389836
4957,0.3492079851520973
4958,0.3507997413944805
4959,0.34499656020275
4960,0.35971486597029
4961,0.3466157493161954
4962,0.3497742497557259
4963,0.3460485809458367
4964,0.3461990384553615
4965,0.3463077328126046
4966,0.346349869490554
4967,0.3447285728446786
4968,0.3363580514070614
4969,0.3492214197087979
4970,0.340266974020068
4971,0.351983095511729
4972,0.3472801105406096
4973,0.355091757578125
4974,0.3469683538781344
4975,0.3504341612647438
4976,0.3605620137058414
4977,0.3464479082943961
4978,0.3488169744300705
4979,0.3513553259517835
4980,0.3455618679043307
4981,0.3460272852206461
4982,0.3418557205672729
4983,0.3470865350163821
4984,0.3419624420226772
4985,0.3348388244363534
4986,0.3362439958437687
4987,0.345338906107461
4988,0.3477680480865072
4989,0.3504277831402417
4990,0.3414714754466063
4991,0.3432706908594294
4992,0.3519056283035661
4993,0.356788392834507
4994,0.357232241747755
4995,0.3478531652814375
4996,0.3475696580339317
4997,0.3431849797442303
4998,0.3469769363538726
4999,0.3508087710615097
5000,0.3472457681449757
5001,0.3511749942552415
5002,0.3444619949166443
5003,0.3398542681855125
5004,0.3527711361968614
5005,0.3410483420499373
5006,0.3511733106731667
5007,0.3492340648227886
5008,0.3482752120388151
5009,0.3530410057784812
5010,0.3458993099061961
5011,0.3457126224871316
5012,0.3480864765652496
5013,0.3498556554604426
5014,0.3441757100704536
5015,0.3446940118568413
5016,0.3558858176316636
5017,0.3502262223734411
5018,0.3537603470586929
5019,0.3437349698567294
5020,0.3500103769960358
5021,0.352464473395955
5022,0.3361219786579411
5023,0.3502144553406457
5024,0.3437448365962393
5025,0.3529764677996849
5026,0.3499182906894956
5027,0.3450758860042039
5028,0.346275814976404
5029,0.3494365707481865
5030,0.3546026076822774
5031,0.3450747824004233
5032,0.3509181977716283
5033,0.3490681556400738
5034,0.3531721261236185
5035,0.3537123072479785
5036,0.3495263357097531
5037,0.3513679926921202
5038,0.3459745433615815
5039,0.3345156145908194
5040,0.3508447166646899
5041,0.3399932882403431
5042,0.3470662831518405
5043,0.3424598363115904
5044,0.3454931686676998
5045,0.3497653609030257
5046,0.3555229827642199
5047,0.3478617587012623
5048,0.3483744759504569
5049,0.3540201870866217
5050,0.3508164175762636
5051,0.3507037969625441
5052,0.341517043316913
5053,0.3451147382836786
5054,0.34735359663948
5055,0.3470940535268895
5056,0.339085195781016
5057,0.3534880208657326
5058,0.3542079716506832
5059,0.3354563602238434
5060,0.3498040321847173
5061,0.3594494096519426
5062,0.348689620497084
5063,0.3456903886122395
5064,0.3502748542603493
5065,0.3502958195854899
5066,0.351807120380896
5067,0.3546397222797687
5068,0.3567314351983169
5069,0.3482787484507917
5070,0.3410124257271959
5071,0.3433601796942443
5072,0.3455491221328368
5073,0.3479271526325063
5074,0.3499580778965002
5075,0.3523860894904734
5076,0.3466376183029809
5077,0.3479044013063733
5078,0.3579704068893365
5079,0.3528664118826381
5080,0.3506705096921624
5081,0.3488254371378433
5082,0.3586832176646184
5083,0.3512085457389929
5084,0.3500616275494552
5085,0.3519097356474414
5086,0.3537199068310829
5087,0.3499828413277691
5088,0.3488430021238177
5089,0.3507563976232281
5090,0.3523410010249917
5091,0.347394406017104
5092,0.3435648369963313
5093,0.3501805433544581
5094,0.350015225337858
5095,0.3375280553048036
5096,0.3531182455907249
5097,0.3523264692098959
5098,0.3521635197905493
5099,0.3446530979270204
5100,0.3566257676641211
5101,0.3495920245620104
5102,0.3511574945934468
5103,0.3567721721260287
5104,0.3534088901006137
5105,0.3464537119705604
5106,0.3529572443882392
5107,0.3452039633279541
5108,0.3446202497512204
5109,0.3535502457925365
5110,0.3543584426645149
5111,0.3456998118442256
5112,0.3444680175337449
5113,0.3529877300048994
5114,0.3483409028115601
5115,0.3520310751826912
5116,0.3491752429942717
5117,0.3442113336872608
5118,0.3514284928584774
5119,0.3458017850463836
5120,0.3537573192563171
5121,0.3431770136510816
5122,0.3455996981753805
5123,0.3407604643737297
5124,0.3497987309425586
5125,0.3463749904940298
5126,0.3437332682092646
5127,0.3453087582767435
5128,0.3447256548590138
5129,0.3487659067520631
5130,0.3433458041873561
5131,0.3446519597177399
5132,0.3532606439361918
5133,0.3479938664123189
5134,0.3456091513506362
5135,0.3530840785331156
5136,0.3553529236476179
5137,0.3482173978769787
5138,0.3428485413492135
5139,0.3528182398503751
5140,0.3458146566039304
5141,0.3443702599445737
5142,0.3466139341201408
5143,0.3522228793749139
5144,0.3519570649654223
5145,0.3496855673158769
5146,0.3503685743975183
5147,0.355784519233171
5148,0.3445780447074839
5149,0.3418410288596582
5150,0.3512878826779081
5151,0.3516240023968822
5152,0.3410013560127536
5153,0.3486791358554959
5154,0.3470910187329786
5155,0.3520987237576904
5156,0.3539071804893646
5157,0.3496283690067562
5158,0.351216808919531
5159,0.3418025221239184
5160,0.3477579291436065
5161,0.354726402754337
5162,0.3537415114964067
5163,0.34978834092854
5164,0.3492797189914096
5165,0.3511239895503991
5166,0.3500787147607321
5167,0.3483216940292781
5168,0.3524995080547592
5169,0.3451260543065839
5170,0.3464093584064757
5171,0.3487303593599947
5172,0.346596301743815
5173,0.3545755055680623
5174,0.3562413632993698
5175,0.3475781958276096
5176,0.3506355134730657
5177,0.3465911438063862
5178,0.3496750633400197
5179,0.3464198431963382
5180,0.3544354320107827
5181,0.3488146585105545
5182,0.3464793378366722
5183,0.3456509266695912
5184,0.3414761619528754
5185,0.3455751669331954
5186,0.3427411401932915
5187,0.3487592354751254
5188,0.3615877928742766
5189,0.342635692875876
5190,0.3393947177338894
5191,0.3410855509798105
5192,0.3516874754903389
5193,0.3536337663739644
5194,0.3504474950508507
5195,0.3474753364573829
5196,0.3504589336608215
5197,0.3400924306011428
5198,0.3614247299711684
5199,0.3532240577764
5200,0.3525179260148673
5201,0.3422655713506533
5202,0.3533142827108753
5203,0.3506839808483801
5204,0.3531058970128054
5205,0.3444529280913028
5206,0.3443161765785997
5207,0.3420527993760995
5208,0.3474955554554965
5209,0.3504667064750125
5210,0.353296891711027
5211,0.3548142232784923
5212,0.3486739218371024
5213,0.3385521177984109
5214,0.3499295268771969
5215,0.3422616966449225
5216,0.3517838887579912
5217,0.3448230854234986
5218,0.3457811641526999
5219,0.3453780789372476
5220,0.3506606732769706
5221,0.345797257825754
5222,0.352302165291497
5223,0.3470878898879789
5224,0.3401185661596576
5225,0.3480905638523155
5226,0.3524456818787763
5227,0.3540059901506958
5228,0.3410652227445291
5229,0.3469838638215319
5230,0.3514191490127629
5231,0.3482304984835797
5232,0.3492600178561137
5233,0.3497634093785742
5234,0.3463774745992336
5235,0.3385814824708249
5236,0.3459945950202838
5237,0.3570267608950914
5238,0.3425362444166178
5239,0.3413919135748152
5240,0.3439089807138919
5241,0.3542855307360272
5242,0.3539373159008592
5243,0.3476371341757862
5244,0.3435510213377479
5245,0.3439525108506603
5246,0.3528925893369751
5247,0.3488552417779853
5248,0.3488229425659075
5249,0.3498039263753008
5250,0.3524043039505911
5251,0.3500547362000054
5252,0.3484517937097626
5253,0.3446693036729706
5254,0.3491941268476504
5255,0.3377250713580899
5256,0.3433665111727101
5257,0.349231781297352
5258,0.3466542631879113
5259,0.3440863201523739
5260,0.3412134498267302
5261,0.3493347000859447
5262,0.345948252088876
5263,0.347417555888294
5264,0.3505250552379814
5265,0.3463902487731427
5266,0.351326573495497
5267,0.3525664354369242
5268,0.3524720050778109
5269,0.3524796618920788
5270,0.3525603164205086
5271,0.3423292807978907
5272,0.3434315254775083
5273,0.348506831171691
5274,0.3560287065488813
5275,0.3515389800876635
5276,0.3499755329844555
5277,0.3587344769310261
5278,0.3489108556148057
5279,0.3483972426495402
5280,0.3512642558796898
5281,0.353242862409328
5282,0.3473031895123982
5283,0.3619741086598307
5284,0.3461371333022789
5285,0.3422412916544403
5286,0.3537245355661858
5287,0.3471593723696314
5288,0.3498104484118813
5289,0.3490179068063126
5290,0.3490763821927594
5291,0.3468679829030786
5292,0.3469107565927338
5293,0.3452724035028415
5294,0.3411434987562191
5295,0.3420397749059236
5296,0.3486684560042814
5297,0.3547314526920552
5298,0.3542564115563376
5299,0.3487317583941537
5300,0.3468898755328071
5301,0.3508431110184652
5302,0.3452757095622062
5303,0.3531144007520972
5304,0.3507053140920888
5305,0.3481181381869604
5306,0.3463296799837535
5307,0.3548851663283469
5308,0.3540260807121009
5309,0.352683443364496
5310,0.3474537650655551
5311,0.3388550193597647
5312,0.3420828585470045
5313,0.3584666211544316
5314,0.3483684974531565
5315,0.3491803736978875
5316,0.3473645603485835
5317,0.3377258611647321
5318,0.3560286574202596
5319,0.3460864787723154
5320,0.3445439447700268
5321,0.3476161493081954
5322,0.3562068137592177
5323,0.3467018226939802
5324,0.3494768879577474
5325,0.3560611140770762
5326,0.3540181622599156
5327,0.350166942611385
5328,0.345737371025076
5329,0.3593069110848588
5330,0.3590561734537948
5331,0.3533572453047309
5332,0.3452764732421917
5333,0.3474016151677215
5334,0.3494519604632486
5335,0.3529502916911877
5336,0.3452416532895258
5337,0.3489739860878678
5338,0.3489678498401913
5339,0.3539262285454909
5340,0.3418525158408892
5341,0.3559159275116383
5342,0.3472395424811426
5343,0.3480181961409462
5344,0.3435068332918243
5345,0.3507605705038575
5346,0.3439232384572978
5347,0.362980475476809
5348,0.3498610952037815
5349,0.3508961741266073
5350,0.3493299062965111
5351,0.3504760796111785
5352,0.3555969976672065
5353,0.3475557903547501
5354,0.3539873719928127
5355,0.3538059496149198
5356,0.3526789803333304
5357,0.3546909788198111
5358,0.3432399714891377
5359,0.3508903868836375
5360,0.3475802456849781
5361,0.3471480918233992
5362,0.3505483243990748
5363,0.3540524332701538
5364,0.354157004526187
5365,0.3507976585614296
5366,0.3482711126541035
5367,0.3500348118251604
5368,0.3573267864387462
5369,0.3534718139489943
5370,0.3570559785172932
5371,0.3540107362960856
5372,0.3579986758853936
5373,0.3545034339240674
5374,0.3526334412922267
5375,0.3598595306160886
5376,0.3551361391657489
5377,0.3439673551856946
5378,0.3560218458147475
5379,0.345907801024152
5380,0.3504724952403928
5381,0.3546551053307425
5382,0.3478443141569446
5383,0.3509077355919661
5384,0.3472914336603966
5385,0.3601930240479017
5386,0.3601763194739875
5387,0.3448755405830191
5388,0.3495941962234541
5389,0.3513117430157572
5390,0.3425591158932815
5391,0.3557437283460568
5392,0.3540695484828129
5393,0.3523629904443889
5394,0.359506131060579
5395,0.3545700513426455
5396,0.3540392643722576
5397,0.3476762209790275
5398,0.3526084100601037
5399,0.3526722219199411
5400,0.3642258714085237
5401,0.3482722179847223
5402,0.3642741813977067
5403,0.342646683730327
5404,0.3498271838224145
5405,0.353295523902047
5406,0.3598099565233967
5407,0.3478086484407783
5408,0.3502122776084428
5409,0.3445851119545088
5410,0.3469920759258637
5411,0.353226481783034
5412,0.349135980995362
5413,0.3509765063542905
5414,0.3544535686761551
5415,0.3551761974071168
5416,0.3491754924134796
5417,0.3385584297477098
5418,0.3413696256775512
5419,0.3555715487949422
5420,0.3440370373321654
5421,0.3464566596347082
5422,0.3492950623130205
5423,0.3521860455881597
5424,0.3529514224617294
5425,0.3565929067516978
5426,0.3509300817660351
5427,0.3525516052932239
5428,0.3389189510374623
5429,0.3503628858432053
5430,0.3526406337891339
5431,0.350365264888378
5432,0.3518520045727404
5433,0.3568339562199455
5434,0.3450860839648231
5435,0.3493533417651476
5436,0.3463311747476786
5437,0.3485399482594263
5438,0.3532851040969599
5439,0.3533010588130278
5440,0.3439369539201505
5441,0.3513249909648637
5442,0.3591816140328313
5443,0.356773467163415
5444,0.3526213722151176
5445,0.3457346294694433
5446,0.359656235396958
5447,0.3476555783082323
5448,0.348946411977037
5449,0.3499637232618856
5450,0.3435466937701443
5451,0.3554065386167769
5452,0.3418071999088631
5453,0.345392298074427
5454,0.3476033262397916
5455,0.3499059414101921
5456,0.3546981358463096
5457,0.3477765991434196
5458,0.3525128040792745
5459,0.3524855891745561
5460,0.3466257338129747
5461,0.348242830853658
5462,0.3558049049995199
5463,0.345955014094352
5464,0.3515612141542589
5465,0.3579225989728657
5466,0.3506542020497381
5467,0.3477151929803565
5468,0.3499186629057557
5469,0.3449111999943875
5470,0.3556209657637748
5471,0.3550732870264523
5472,0.352909956238931
5473,0.3535262002370292
5474,0.3510690206555283
5475,0.3511888296064261
5476,0.3571291048493251
5477,0.3549494120158549
5478,0.3492634700520667
5479,0.3523743180798397
5480,0.3500576009187179
5481,0.3505784689863037
5482,0.3521827428061432
5483,0.3499530416351167
5484,0.3476825122554013
5485,0.3566253174558976
5486,0.3448085595285126
5487,0.350267558505995
5488,0.3504062524338766
5489,0.35042793552741
5490,0.3561732905348591
5491,0.3493805014851436
5492,0.3451072903390625
5493,0.351184855751842
5494,0.3470110598435018
5495,0.3540820226261472
5496,0.35002848173429
5497,0.3511438252931289
5498,0.3464751229690061
5499,0.3495694487067856
5500,0.3493904938879781
5501,0.3629666163186284
5502,0.344002158895001
5503,0.3528916661707092
5504,0.3491628742433457
5505,0.3543507667317843
5506,0.3455788171645853
5507,0.3567296372837655
5508,0.3468742772288031
5509,0.3395420716475507
5510,0.3549460189800978
5511,0.3561541661786398
5512,0.3569003096033296
5513,0.3544896850479534
5514,0.3420536151228729
5515,0.3623049950281366
5516,0.3548347070832117
5517,0.3457540488408766
5518,0.3515033069866819
5519,0.3569444848751138
5520,0.3504277386715712
5521,0.3402305770255004
5522,0.3439993754550845
5523,0.3507645072589899
5524,0.3487110479009943
5525,0.3400753935283185
5526,0.3483979267428039
5527,0.3466408643389212
5528,0.3531544823004937
5529,0.3541154666609469
5530,0.347420738794279
5531,0.3463321351596226
5532,0.3463444253174361
5533,0.3444609164046256
5534,0.3542115270772789
5535,0.3575439884326745
5536,0.3506155916293326
5537,0.3512081935574517
5538,0.3502872323449962
5539,0.345616784757459
5540,0.3623296064937485
5541,0.3487322819741345
5542,0.3518423647373419
5543,0.3467724217781894
5544,0.355373659473831
5545,0.3509705229340353
5546,0.3517037070672096
5547,0.3528921097751482
5548,0.3526451178635079
5549,0.353270926779884
5550,0.3431011405083103
5551,0.3498100891421326
5552,0.3530718825355177
5553,0.3514293954849086
5554,0.356867807925086
5555,0.3489283258556312
5556,0.3591750105668728
5557,0.3475606147195477
5558,0.3467006589812842
5559,0.360245273419188
5560,0.3460133427160219
5561,0.3425248920204384
5562,0.3434261492183784
5563,0.3558686236295648
5564,0.3483097552682196
5565,0.3466009814161448
5566,0.3470041426387647
5567,0.3451148076058499
5568,0.3512099566797322
5569,0.3498045526621499
5570,0.3526850227035096
5571,0.3457883708588106
5572,0.3605715901253941
5573,0.3445169099841097
5574,0.3495967728650103
5575,0.3445297344940529
5576,0.3606069995405541
5577,0.3523623285580781
5578,0.3575437237704246
5579,0.3501799095936294
5580,0.3515733384164024
5581,0.3587634895001849
5582,0.3452352582668012
5583,0.3531857589203097
5584,0.3491812593929778
5585,0.3483383727121956
5586,0.3520287287714159
5587,0.3536525047337773
5588,0.3472863821273037
5589,0.3552289584959972
5590,0.3587049963521224
5591,0.3520676631390719
5592,0.3506477568332179
5593,0.3422650813392426
5594,0.3545125504954399
5595,0.3447888058390927
5596,0.3487042125387077
5597,0.3527847267374319
5598,0.3600055578244404
5599,0.3482146833298279
5600,0.355953664380306
5601,0.3556734653570514
5602,0.3403144198361947
5603,0.3537015296955298
5604,0.3397861531163793
5605,0.3565297154885739
5606,0.3537709952014227
5607,0.3479774839764022
5608,0.3517015461145452
5609,0.3496268028361418
5610,0.3453809330394521
5611,0.3394590615164713
5612,0.3517011402320272
5613,0.3543055559003634
5614,0.3379401097121196
5615,0.3520228562135187
5616,0.3458972574690297
5617,0.348105981862098
5618,0.345794972435978
5619,0.3542749177561684
5620,0.3514412668805424
5621,0.3565984482243065
5622,0.3547061356584822
5623,0.3507436952884551
5624,0.3387858977170735
5625,0.3452155374010506
5626,0.3532848984061723
5627,0.3558021233072072
5628,0.3552272996277196
5629,0.3438248927910623
5630,0.3523829549912182
5631,0.3533081311301313
5632,0.3569677615089581
5633,0.3528195308517511
5634,0.3491477562307342
5635,0.3529182966889022
5636,0.3571148892640207
5637,0.3521206916894266
5638,0.3543825976278467
5639,0.3336927982373546
5640,0.3567925977978581
5641,0.348767096385511
5642,0.3487724351918257
5643,0.3530528608943689
5644,0.3512353920636517
5645,0.351770967871838
5646,0.3461236209547502
5647,0.3488780449313123
5648,0.3489847615892308
5649,0.3481368382740946
5650,0.3452128304135343
5651,0.3454880419060275
5652,0.357229515692231
5653,0.3443707338992798
5654,0.3558424165119073
5655,0.3558250207114761
5656,0.3563767213412602
5657,0.3437461007890036
5658,0.3533380355068501
5659,0.356531394385724
5660,0.3596364661607163
5661,0.3443582218416041
5662,0.3479647003226795
5663,0.3483118343724686
5664,0.3596185526690191
5665,0.3434420773295588
5666,0.3467615455647874
5667,0.3450537087058136
5668,0.3511965467288639
5669,0.3494180468524984
5670,0.3416493057682611
5671,0.3474707352426753
5672,0.3451185587335459
5673,0.3575831499763306
5674,0.3586670035309792
5675,0.3498412608275059
5676,0.3585526379723474
5677,0.3495993533006646
5678,0.3504411964767605
5679,0.3534629743994147
5680,0.3442063086029291
5681,0.35297273198667
5682,0.3488736975388563
5683,0.3522158892658918
5684,0.3566600721103196
5685,0.3521097276502319
5686,0.3379980838231173
5687,0.3471666350928741
5688,0.353451348898939
5689,0.3509247072098067
5690,0.3510855070425163
5691,0.3493484856660001
5692,0.3498860705753639
5693,0.3569530049569825
5694,0.3491263504595775
5695,0.3496209365913075
5696,0.3467161672076435
5697,0.352734964016936
5698,0.3538547743885679
5699,0.351442207024127
5700,0.3538444018393447
5701,0.3557794365359109
5702,0.3571089790203044
5703,0.3506577486927024
5704,0.3583144269961743
5705,0.3452648469537011
5706,0.3541137533964654
5707,0.3521468581298255
5708,0.3570569243489632
5709,0.3519457977745842
5710,0.3517319833363767
5711,0.3529511267807256
5712,0.3609523857377142
5713,0.3527393179354097
5714,0.3379019249029245
5715,0.3507908836628842
5716,0.3539915985243029
5717,0.3436475391204289
5718,0.3472036656823483
5719,0.3524946282676194
5720,0.3520431992305757
5721,0.3499385302157415
5722,0.3456118603064089
5723,0.3557123619337129
5724,0.3575510528466927
5725,0.3577048263295698
5726,0.3438573388909254
5727,0.3483575362601905
5728,0.3516760930287158
5729,0.3443424573753676
5730,0.3558932216273457
5731,0.3549998204420435
5732,0.3504798257504153
5733,0.3467025790744736
5734,0.3557342690583672
5735,0.3489036464414872
5736,0.3434268968368125
5737,0.3435462473146643
5738,0.3481532404853201
5739,0.3488635550250705
5740,0.3495395329258487
5741,0.3479354781519995
5742,0.3550134630286052
5743,0.3471040662823417
5744,0.3415322349675462
5745,0.3570360073828294
5746,0.3461613976797557
5747,0.3455326082731645
5748,0.3655034821238825
5749,0.3403037793735764
5750,0.3522104574181942
5751,0.3591796517074651
5752,0.3509080402820808
5753,0.3445365093727113
5754,0.349923001624659
5755,0.3510544892029128
5756,0.3509064330733234
5757,0.3614128127922513
5758,0.3529620328515216
5759,0.346799019306217
5760,0.3524177376711286
5761,0.3519793069039655
5762,0.3486386820166448
5763,0.3519424268229832
5764,0.3529175312264322
5765,0.3482643704037733
5766,0.3480794831059974
5767,0.3503364088483287
5768,0.3435809460366126
5769,0.3471688480744204
5770,0.3532750117394613
5771,0.3464057848207431
5772,0.3516760476431622
5773,0.3460274867996176
5774,0.352216858280446
5775,0.3560601169788264
5776,0.3570506235923707
5777,0.3481597569338127
5778,0.3589900371502004
5779,0.3588205000330387
5780,0.3491742291500891
5781,0.3497322324552941
5782,0.3505831193254589
5783,0.3488352609104996
5784,0.3408194081151168
5785,0.3518407725235233
5786,0.3474048072470186
5787,0.3530604863694217
5788,0.3530516357325423
5789,0.3515314323430953
5790,0.3418849102152502
5791,0.3494084489909371
5792,0.3494519455136494
5793,0.348627991707248
5794,0.3495465373206922
5795,0.3534668933722941
5796,0.3595531224434063
5797,0.3460329406212704
5798,0.3476101219859186
5799,0.3353855166838733
5800,0.3547818061806353
5801,0.3532561311163431
5802,0.3461793207340311
5803,0.3541467067869738
5804,0.3583385498427422
5805,0.3555985794492141
5806,0.3580677839440377
5807,0.3438629637145849
5808,0.346155987445677
5809,0.3408806705022993
5810,0.3582677238038693
5811,0.3526385298261344
5812,0.3467155116244016
5813,0.350445380262563
5814,0.3549004105351682
5815,0.3510926566951843
5816,0.351305786193953
5817,0.3463290773931483
5818,0.3592305039620951
5819,0.3499725623980201
5820,0.3517909606608698
5821,0.3498723890302521
5822,0.3540501010577205
5823,0.3567992506268846
5824,0.3500213532126025
5825,0.3433105878889144
5826,0.3573749016016077
5827,0.341350939567224
5828,0.3442710132737342
5829,0.3446171708764939
5830,0.3484919003715336
5831,0.3648654749897297
5832,0.3507485257332642
5833,0.3515339659422378
5834,0.3419950502630586
5835,0.3494321452885772
5836,0.3408355854253105
5837,0.3473690183633674
5838,0.3534040404270951
5839,0.3598915592127016
5840,0.3477748356615941
5841,0.3583000646520701
5842,0.3533449841034041
5843,0.3540366216635556
5844,0.3454958895431644
5845,0.345191558888794
5846,0.3581587934288851
5847,0.3465722400139506
5848,0.350558152227468
5849,0.3541200075493099
5850,0.3441300481445583
5851,0.3544514050090199
5852,0.3496232351324778
5853,0.3471367846681077
5854,0.3578677067265024
5855,0.3366479252109965
5856,0.3489055149616461
5857,0.35209216624819
5858,0.354918599110371
5859,0.3558068404262856
5860,0.3426157348709343
5861,0.3417178156430016
5862,0.3462620422616427
5863,0.3511329276561129
5864,0.3412112341262196
5865,0.3464092533410679
5866,0.3558913418655283
5867,0.3559228259495836
5868,0.3503653747698433
5869,0.3550029624509654
5870,0.3514269378276384
5871,0.3587968033679171
5872,0.3420136346208642
5873,0.3487293443668798
5874,0.3451974785613035
5875,0.3499648189382776
5876,0.3458726127707378
5877,0.3424343351806004
5878,0.349726715514921
5879,0.3442111620876256
5880,0.3540395967807691
5881,0.3531987350080267
5882,0.3599690594643931
5883,0.3489667403199265
5884,0.3502675020012052
5885,0.3520797659161205
5886,0.3473709369252497
5887,0.3489539054349949
5888,0.3518407595559713
5889,0.3543707984038667
5890,0.3478091766320183
5891,0.3580112637230919
5892,0.3581415727108811
5893,0.3539752164266123
5894,0.3548763432471382
5895,0.3619391540980692
5896,0.3439022494641043
5897,0.352911777776087
5898,0.3529233493563405
5899,0.3530996789018295
5900,0.3555094583179209
5901,0.3433752213170608
5902,0.3448376388880005
5903,0.3533475008072653
5904,0.3503692056580015
5905,0.3552466765855485
5906,0.3564588697059341
5907,0.3534648720849877
5908,0.340451604897904
5909,0.3486482358240471
5910,0.3518896313821371
5911,0.3509647085285471
5912,0.3485517444624009
5913,0.3457019616316014
5914,0.3557284488444046
5915,0.3483509420023719
5916,0.3540934048783398
5917,0.3513829007400523
5918,0.3558793324236113
5919,0.344825549611808
5920,0.346458150609107
5921,0.3603446130019189
5922,0.3376486109705013
5923,0.3548774850221026
5924,0.3590119535876832
5925,0.3478952217895411
5926,0.3468140485634907
5927,0.3477041098681314
5928,0.3557531017065433
5929,0.3541222510230384
5930,0.3446428692198225
5931,0.3589067870816637
5932,0.3501773206420974
5933,0.3584905039296165
5934,0.3566593484937791
5935,0.3599359410856836
5936,0.3427692608995736
5937,0.3468084259182945
5938,0.3447011057022522
5939,0.3549413900662821
5940,0.3582103956297182
5941,0.3597085422128189
5942,0.3503278654659701
5943,0.3498121910029709
5944,0.3632191248851014
5945,0.3580476199612741
5946,0.3501730433317731
5947,0.3495729279457177
5948,0.3569033874463386
5949,0.3435509988313046
5950,0.3542965573544842
5951,0.3538813660347983
5952,0.3523722740104765
5953,0.3527087964865448
5954,0.3554659119849168
5955,0.3554264979345087
5956,0.3450463268032114
5957,0.353178980686819
5958,0.3537330387699251
5959,0.3482985817197015
5960,0.3532373044171946
5961,0.3489670638902067
5962,0.343189973893048
5963,0.3546475015605368
5964,0.3632040993116045
5965,0.3502811494493179
5966,0.3466304426432848
5967,0.3557857326085099
5968,0.3522453533868913
5969,0.3568495457326589
5970,0.3511410899572893
5971,0.3545934905484257
5972,0.354800477953416
5973,0.3446113188688652
5974,0.3549057385722914
5975,0.3445761030008553
5976,0.3444606554743326
5977,0.3526211195627777
5978,0.3605849156377168
5979,0.3542356543425038
5980,0.3549617630740124
5981,0.3494905510282746
5982,0.3569748833128422
5983,0.3473049811293233
5984,0.3554787618596875
5985,0.3513815176487486
5986,0.3575923112294348
5987,0.3512265192392481
5988,0.3433532879001699
5989,0.3499436992363435
5990,0.3519692111108427
5991,0.349601184527968
5992,0.354093133464153
5993,0.3505582833839126
5994,0.3492463866671982
5995,0.3470214587441124
5996,0.3627141081798005
5997,0.3615033882976178
5998,0.3436258577811532
5999,0.3492256144443217
6000,0.3538028588842209
6001,0.355470364576513
6002,0.3483056730616002
6003,0.3596375800338809
6004,0.3565655887064038
6005,0.3489590608193547
6006,0.3485803097436371
6007,0.3540046088992968
6008,0.3534220904722009
6009,0.3529093258229691
6010,0.3446355958288399
6011,0.3624645866703379
6012,0.3434802436823874
6013,0.3476340099885787
6014,0.3529715515187602
6015,0.3540190318547274
6016,0.3512188721012786
6017,0.350360135718128
6018,0.3417736905960747
6019,0.3456486616082685
6020,0.3531317968521349
6021,0.352944520714205
6022,0.3591699334200501
6023,0.348162389763406
6024,0.3512057908159611
6025,0.3550709574959506
6026,0.3626303485937344
6027,0.350858788276619
6028,0.356376090544676
6029,0.3544455848830053
6030,0.358149310541171
6031,0.3595374280870227
6032,0.3395734464627046
6033,0.3475350882964984
6034,0.3494914154237947
6035,0.344435493851995
6036,0.3487894647097538
6037,0.3557024172446326
6038,0.3554608497768035
6039,0.3566183547617477
6040,0.3487645517786045
6041,0.3501906819479354
6042,0.3604468449150774
6043,0.3463853388346423
6044,0.3497225090340243
6045,0.3389977062750657
6046,0.3551794217144063
6047,0.3567088439429434
6048,0.35900352049343
6049,0.3531242138929624
6050,0.3468214047240724
6051,0.3506157571260753
6052,0.3477615927960315
6053,0.3498987278621219
6054,0.3510038357327681
6055,0.3470895516174377
6056,0.341465765371936
6057,0.3550167801268805
6058,0.3406986206114656
6059,0.3490619587726952
6060,0.3470377684228452
6061,0.3483161019839305
6062,0.3542592537192105
6063,0.3508068852495479
6064,0.3536570434028158
6065,0.3474136233615599
6066,0.3548766734904506
6067,0.3528216413921693
6068,0.3627066127619482
6069,0.3567829227516984
6070,0.3532523065497347
6071,0.352628394028474
6072,0.3616207304092274
6073,0.3442849342564732
6074,0.3546815693623906
6075,0.3456878477083802
6076,0.3618050731447977
6077,0.3596201089782046
6078,0.3524511846005095
6079,0.3438357967445336
6080,0.3590799149945116
6081,0.3508707902921757
6082,0.3472977614445872
6083,0.3515918466413864
6084,0.3423162078108466
6085,0.352955448195593
6086,0.3632890170804449
6087,0.3435568616657274
6088,0.3515321156098107
6089,0.3562307611347869
6090,0.356250285840603
6091,0.3525488428429006
6092,0.353216671576042
6093,0.350349288019524
6094,0.3485315526397452
6095,0.3498616245579528
6096,0.3471281687494686
6097,0.347164513309222
6098,0.3473974750525465
6099,0.3515339594842024
6100,0.3443500783252369
6101,0.347797083880639
6102,0.3606619624792009
6103,0.3529268124641945
6104,0.3511085871055274
6105,0.344717599004236
6106,0.358043792671666
6107,0.3459172906148826
6108,0.3480740678844923
6109,0.3458597387540897
6110,0.3564711022359701
6111,0.3546032071302086
6112,0.3605653837256645
6113,0.3497446770144359
6114,0.349245451051017
6115,0.3509248654899672
6116,0.3484932065879438
6117,0.3485179488589373
6118,0.3447956976437996
6119,0.3510372102095264
6120,0.3541547006954821
6121,0.3501628926025129
6122,0.343331752599339
6123,0.3522417613656578
6124,0.3490656798726099
6125,0.3553457405278111
6126,0.3530387901494408
6127,0.3510333181213139
6128,0.3419727028584667
6129,0.3449461657198887
6130,0.350089348888733
6131,0.3482285251471353
6132,0.3527056889741524
6133,0.356358852281495
6134,0.3498936013376636
6135,0.3458708501868985
6136,0.3513181673515277
6137,0.3538667798257206
6138,0.3449835444662041
6139,0.3454367986092984
6140,0.3519207011410977
6141,0.3457606313267412
6142,0.3529334509146499
6143,0.3484760955029041
6144,0.3501397210925069
6145,0.3423516448989644
6146,0.3521753994765558
6147,0.34581882936332
6148,0.3470906610520941
6149,0.3513576925402573
6150,0.3473069841256464
6151,0.3443497191202572
6152,0.3490636472310965
6153,0.3560895320764302
6154,0.3536106984234502
6155,0.3440063458459624
6156,0.3538236347687327
6157,0.354881329628572
6158,0.3532723797087225
6159,0.3482209225775
6160,0.3593720170001012
6161,0.3477999984564833
6162,0.3552240252833777
6163,0.3517551668943205
6164,0.3458993366023275
6165,0.3489691132741152
6166,0.3416404919979177
6167,0.3461343432473801
6168,0.3491435580358154
6169,0.3483490200638281
6170,0.3470092131372835
6171,0.3495644200524206
6172,0.3523888849895373
6173,0.349105921341289
6174,0.3464124879349353
6175,0.3431319953374469
6176,0.3501078267104597
6177,0.3560020263883006
6178,0.3521824177951605
6179,0.3499896243202707
6180,0.3541524095147756
6181,0.3502243440214109
6182,0.3504128935506421
6183,0.3473186913725101
6184,0.3517200455281522
6185,0.3529386956526069
6186,0.3560895593376262
6187,0.3495240249643673
6188,0.3514023365330849
6189,0.3544682879566603
6190,0.3489186610866432
6191,0.364347926050997
6192,0.3453809312825854
6193,0.3424904362382717
6194,0.3432200335146119
6195,0.3459605553598451
6196,0.3419931015166617
6197,0.3527197104605575
6198,0.3527168363042968
6199,0.3516364101687186
6200,0.3543845880111227
6201,0.3505616709855479
6202,0.347127448595979
6203,0.3515905487922458
6204,0.3499631493580662
6205,0.3558699820542772
6206,0.3498283869811691
6207,0.3468973743305052
6208,0.3465467233953753
6209,0.3515479873157242
6210,0.3568036430830059
6211,0.3490930208711519
6212,0.3576328074855119
6213,0.3411082395571493
6214,0.3527000692072881
6215,0.3489681840788843
6216,0.3567910142137038
6217,0.3543935653172537
6218,0.3409466330036402
6219,0.3439774188122589
6220,0.3588080615610142
6221,0.3483668200281185
6222,0.3400321864079232
6223,0.3482100604940705
6224,0.3521538519893198
6225,0.3532986535274043
6226,0.3455892775453859
6227,0.358528932200325
6228,0.3432659348490908
6229,0.3522680477282001
6230,0.349101534686232
6231,0.3463335091609728
6232,0.3423872653367034
6233,0.3511369669823851
6234,0.351811503724771
6235,0.343727467109034
6236,0.3534103483092448
6237,0.3579145387569507
6238,0.3466469676447329
6239,0.3442163243984603
6240,0.3458404199172572
6241,0.3433009421637861
6242,0.3549002629350181
6243,0.3522943854506594
6244,0.3503367992037009
6245,0.3452273442893992
6246,0.3463509664562728
6247,0.3552340845165456
6248,0.3558320767765218
6249,0.3509062738331566
6250,0.3446266667332539
6251,0.3486055011081059
6252,0.3453776676025403
6253,0.3370931501702101
6254,0.3533019696825718
6255,0.3526467736115633
6256,0.3528599086116293
6257,0.3642772914693146
6258,0.355364878589504
6259,0.3426411712092337
6260,0.3479378873678331
6261,0.3503581650259078
6262,0.3589563959995847
6263,0.3423018883083519
6264,0.3438869518271453
6265,0.3513181921221688
6266,0.3442190367399108
6267,0.3534793939791562
6268,0.3475620147875433
6269,0.3499136495737682
6270,0.3381305814676285
6271,0.3453600520112236
6272,0.356031607475348
6273,0.3514394053134663
6274,0.3430119493111178
6275,0.346146480653244
6276,0.3537775307877466
6277,0.3506749475051333
6278,0.3548906768128488
6279,0.3546983448835933
6280,0.3586608925090649
6281,0.354450242249261
6282,0.3476058316858452
6283,0.3489088974493703
6284,0.3534044266087416
6285,0.3504365903719861
6286,0.3414076288994291
6287,0.3522845087499126
6288,0.346337764883741
6289,0.3541520665181082
6290,0.3390577939154558
6291,0.3570656759845079
6292,0.3542930401845008
6293,0.3581796027923563
6294,0.3486487878427708
6295,0.3476850073687089
6296,0.344253491436333
6297,0.3519694048508827
6298,0.3468906506353282
6299,0.3469893666193319
6300,0.3513443968439371
6301,0.3455448674640496
6302,0.3486150205191034
6303,0.3531709409393717
6304,0.3432120868742374
6305,0.3458388719355695
6306,0.3541997297055794
6307,0.3464897513989577
6308,0.3587783077304899
6309,0.3604095804806321
6310,0.3572197139073802
6311,0.3497508853857461
6312,0.3547975323433893
6313,0.3409217955182511
6314,0.3506257921095421
6315,0.3531448643178985
6316,0.3468894528133198
6317,0.3455897272775523
6318,0.3583350745800066
6319,0.3491780970013406
6320,0.3586381327333544
6321,0.3616484109453837
6322,0.3477187826821017
6323,0.348330481762847
6324,0.3448092170473059
6325,0.3643499929840193
6326,0.3530826631995396
6327,0.356276993674549
6328,0.3477446508889453
6329,0.3577693990589875
6330,0.3533529035236995
6331,0.3508380290561487
6332,0.3490690063576321
6333,0.348737662919348
6334,0.3553182858535794
6335,0.3512436964461407
6336,0.3506561762509487
6337,0.3507156312946366
6338,0.3527742705116986
6339,0.3529947243708128
6340,0.3492353436879944
6341,0.3482761689666475
6342,0.3556945490955812
6343,0.346640249067741
6344,0.3550677655335844
6345,0.3575941164341144
6346,0.356833635912447
6347,0.3604537606049488
6348,0.3544530233896207
6349,0.3507769909693521
6350,0.3464729266475422
6351,0.348203783442026
6352,0.3514200313526643
6353,0.355442198635587
6354,0.3510333575006121
6355,0.3592342856124387
6356,0.3532193338059464
6357,0.3478510112897311
6358,0.3552434523008262
6359,0.3555761885808763
6360,0.3412974016543421
6361,0.3475859892219713
6362,0.3412480014606562
6363,0.3457426059611433
6364,0.3508176248576179
6365,0.3591300336528751
6366,0.343658455942338
6367,0.3468489711670751
6368,0.3605390040292038
6369,0.3522830875317318
6370,0.3615431609414086
6371,0.3512075448581359
6372,0.350324967640405
6373,0.3484863715076799
6374,0.3579415681612674
6375,0.3497357180142477
6376,0.3520849673462364
6377,0.354562481482254
6378,0.3593463087765203
6379,0.3453330256676259
6380,0.3564696402534034
6381,0.3518440841113716
6382,0.3428354203426769
6383,0.3542908279636183
6384,0.360237309521694
6385,0.3522202718122711
6386,0.3515705179465975
6387,0.3447037667732462
6388,0.3470632360765001
6389,0.3566526074736642
6390,0.3557421484540806
6391,0.3473332575457289
6392,0.3566615911803639
6393,0.3498865663953763
6394,0.3528573981938313
6395,0.3519384727656063
6396,0.3566334260518908
6397,0.3473518886256139
6398,0.3474637057812472
6399,0.3463292890516404
6400,0.3431219825047356
6401,0.3522367710978361
6402,0.3507999360182037
6403,0.350220763895506
6404,0.3501038722943309
6405,0.3501058753911977
6406,0.3455872834505061
6407,0.3482528306431134
6408,0.3652496695915815
6409,0.3513254167059812
6410,0.3494497365188768
6411,0.3516594864764707
6412,0.355532299520276
6413,0.3530651742170112
6414,0.3575657249143071
6415,0.3477415631468711
6416,0.3482435703956671
6417,0.352340455587747
6418,0.3509227582042776
6419,0.3536896925811224
6420,0.3501631649801537
6421,0.3579558458835784
6422,0.3584739573871547
6423,0.3513132327592719
6424,0.3458557281196045
6425,0.3409365104308969
6426,0.3470040082003178
6427,0.3578601002436933
6428,0.3462679683514774
6429,0.3550168965728492
6430,0.3592934333521363
6431,0.346836128623644
6432,0.3464984219313125
6433,0.3474239362480613
6434,0.3427293645986889
6435,0.3472463452704155
6436,0.3410850173265388
6437,0.3514886663445224
6438,0.3504351332578237
6439,0.3463837443613481
6440,0.3401799243091649
6441,0.3438983756458481
6442,0.3527607980092473
6443,0.3546845054040722
6444,0.3453748432804698
6445,0.3571261592058685
6446,0.3494918340734392
6447,0.3567478468638315
6448,0.3528613270770537
6449,0.3578187236398834
6450,0.3536582099946775
6451,0.3546977691690843
6452,0.3601117784839936
6453,0.3552545827615879
6454,0.3588267692756176
6455,0.349770836099316
6456,0.3553041742356115
6457,0.351296468229593
6458,0.3479443514822312
6459,0.3598012961471848
6460,0.3542041828736319
6461,0.3592475408104753
6462,0.3478675250807482
6463,0.3423025323378934
6464,0.3543291209077484
6465,0.3508505948497533
6466,0.3515582980223624
6467,0.3483633994354618
6468,0.3496863965476826
6469,0.349060361293495
6470,0.3524212442280294
6471,0.3507705192313851
6472,0.3451257072878526
6473,0.3504583273309233
6474,0.3441971573445029
6475,0.3541690312315219
6476,0.3514896550322025
6477,0.3566136571060784
6478,0.3535809063487066
6479,0.3465560654482315
6480,0.3592997109879612
6481,0.3426464640600116
6482,0.3600885246950977
6483,0.3473161404941101
6484,0.3520172628077676
6485,0.3390090296879159
6486,0.3504513964581704
6487,0.3583976602072647
6488,0.3502717604250825
6489,0.3479363445275777
6490,0.3545025226893754
6491,0.3554649781370104
6492,0.355927489198274
6493,0.347415442354868
6494,0.3524733985406696
6495,0.3458299149707539
6496,0.3550374701426466
6497,0.3481399459765345
6498,0.340706590483038
6499,0.3541924117139443
6500,0.3542190090978905
6501,0.3493181045303062
6502,0.361402398663636
6503,0.3481913759208367
6504,0.3456838339577345
6505,0.352334543031245
6506,0.3510851884841385
6507,0.3528586993771725
6508,0.3528702224219376
6509,0.3602548796640304
6510,0.3400459552647213
6511,0.3588911067348114
6512,0.3562383569889786
6513,0.3470340998652738
6514,0.350401166046652
6515,0.3467099502735667
6516,0.3476003687724293
6517,0.3530195668915139
6518,0.3544263580317758
6519,0.3483423137190454
6520,0.3560924565737923
6521,0.3472801240828648
6522,0.3597658274873542
6523,0.3442817712736775
6524,0.3575370612534748
6525,0.3537153048799594
6526,0.3477900752062948
6527,0.3558130816959537
6528,0.3473127201441489
6529,0.3501368668749191
6530,0.3394985216266453
6531,0.3482853835202846
6532,0.3380195472425824
6533,0.3454859813596507
6534,0.3500641615251993
6535,0.3513154659937589
6536,0.3475776547762872
6537,0.354358416896815
6538,0.3655113019497267
6539,0.3608162156814816
6540,0.3592339362111211
6541,0.3530914158437786
6542,0.3596056582896852
6543,0.3513280623940737
6544,0.3482505250894793
6545,0.3574727929437394
6546,0.3510229814938669
6547,0.3462101231460519
6548,0.349950631019353
6549,0.3510949547857037
6550,0.3445335241404237
6551,0.3459008011622522
6552,0.3524364472057213
6553,0.3485321351050017
6554,0.3545475772180165
6555,0.3494435960452847
6556,0.3554261445646262
6557,0.3523120899857418
6558,0.3503221739813017
6559,0.3498394579264522
6560,0.3565618572581424
6561,0.351264824531174
6562,0.3423194215830468
6563,0.3511071900252697
6564,0.3603613608665061
6565,0.3464111057037305
6566,0.346986775845885
6567,0.3426082764959546
6568,0.344158407075338
6569,0.3473201683227438
6570,0.3553813348145664
6571,0.3428882448080456
6572,0.3499779702847014
6573,0.3534510851572873
6574,0.3415076135595358
6575,0.3514810946457082
6576,0.3516097991891935
6577,0.3477444768603686
6578,0.345460917229936
6579,0.344857402764789
6580,0.3433541487744274
6581,0.3498547097294651
6582,0.3498456249164283
6583,0.3486212254391004
6584,0.346515105689766
6585,0.3562692733021383
6586,0.3536830145142642
6587,0.3469151681129244
6588,0.3538798696168923
6589,0.340657986186484
6590,0.3495571410027897
6591,0.3486767352100389
6592,0.3553127384219369
6593,0.3472440299970143
6594,0.3520124862459721
6595,0.3556371716317913
6596,0.3539986295359583
6597,0.3538665511724927
6598,0.3615811277642046
6599,0.359124096686699
6600,0.3465503534701404
6601,0.3497742773665676
6602,0.347961246862266
6603,0.3599325284991022
6604,0.3505969759384911
6605,0.3449603504667379
6606,0.3520397474615069
6607,0.3518663675618618
6608,0.3550986073565867
6609,0.3524960020617617
6610,0.3647841815390498
6611,0.3398734444850421
6612,0.3562167910635215
6613,0.3481895295782754
6614,0.3467065846878205
6615,0.3551351878850109
6616,0.3564029034295016
6617,0.3439565983683197
6618,0.3443086520911839
6619,0.3474507854835413
6620,0.3572698628960042
6621,0.3654922403658228
6622,0.3587846438361913
6623,0.3661894589489246
6624,0.3472613528236575
6625,0.3552350153619559
6626,0.3484747875319984
6627,0.3530517840917581
6628,0.3390439795281428
6629,0.3485984796935532
6630,0.3518235033608679
6631,0.3549614136978732
6632,0.3614502166221003
6633,0.3374937899539622
6634,0.3455988505037221
6635,0.3480118474320298
6636,0.3468944033661729
6637,0.3424831756130782
6638,0.3447202377856462
6639,0.3500837971853519
6640,0.3515820294642125
6641,0.3543886234172443
6642,0.3520241062122466
6643,0.3478731321995493
6644,0.3530435915401507
6645,0.3529697542510762
6646,0.3541965714946106
6647,0.3470383199107154
6648,0.3457473744981387
6649,0.3478739253169876
6650,0.3527511666752545
6651,0.3582824764344573
6652,0.3445200848199228
6653,0.3473604231176048
6654,0.3445309357825094
6655,0.3440190051866529
6656,0.3496796355361334
6657,0.3482167625145375
6658,0.3441912063651627
6659,0.3545266252513765
6660,0.3555935104162696
6661,0.3476850692691876
6662,0.3582285038529271
6663,0.3502483976518626
6664,0.3584228864422561
6665,0.3391861449199769
6666,0.3606832944330488
6667,0.3559495383167252
6668,0.3470265301209728
6669,0.3507829160565602
6670,0.3590576339067767
6671,0.3518377346211258
6672,0.3467950251761416
6673,0.3531705929200167
6674,0.362827690708424
6675,0.3522230512287999
6676,0.3429010993701856
6677,0.3499479854630814
6678,0.3555124898901899
6679,0.3558468160624887
6680,0.3499156333498883
6681,0.3419278735061374
6682,0.3422648441351077
6683,0.3571914774192066
6684,0.3439632005263242
6685,0.3510244085735385
6686,0.3534380419459513
6687,0.3617103903560318
6688,0.352015800044858
6689,0.3464501345578606
6690,0.362745146002455
6691,0.3482620931278508
6692,0.3568500222121481
6693,0.3465468333191444
6694,0.3516023461271062
6695,0.3501012607037946
6696,0.3469311082932093
6697,0.3506337903998867
6698,0.3494372710624164
6699,0.3558490852754208
6700,0.356973748494489
6701,0.3521076155536418
6702,0.3515186216599352
6703,0.3491559297418578
6704,0.3413505655951773
6705,0.3551446135532606
6706,0.3536626700501567
6707,0.3491666011117822
6708,0.3611491221779284
6709,0.3548719744875357
6710,0.3469488533718923
6711,0.3528881672347154
6712,0.3545028442947832
6713,0.3442663840925894
6714,0.3565884385155807
6715,0.3522749433547978
6716,0.3544591212624867
6717,0.3453829443496427
6718,0.3502176067644698
6719,0.3559562940654587
6720,0.3609098258137286
6721,0.3461881568106892
6722,0.3503545006981812
6723,0.3487755501131945
6724,0.340635042108861
6725,0.3455059587928302
6726,0.3439254695136945
6727,0.3590782799274112
6728,0.3431279658659184
6729,0.3555784070711105
6730,0.3499721078064973
6731,0.343446421127154
6732,0.3529521306459282
6733,0.3420572811348477
6734,0.346389898114572
6735,0.3514277640473267
6736,0.3560432135585693
6737,0.3474419691024237
6738,0.3400375558691469
6739,0.3466579279196953
6740,0.346039178406856
6741,0.3433830271594376
6742,0.3503867187571368
6743,0.3465102210459072
6744,0.3474811890001904
6745,0.3499528030815201
6746,0.3489343096586472
6747,0.3530403356899429
6748,0.3413140384093027
6749,0.3443101062255473
6750,0.3499637963861581
6751,0.3490728446315811
6752,0.356418932609675
6753,0.3544907883170018
6754,0.3480376785236335
6755,0.3501129104139155
6756,0.3512509295682587
6757,0.3583361638404965
6758,0.352364050528537
6759,0.3488890811839886
6760,0.3509070838061808
6761,0.3495286675294454
6762,0.3491625017178282
6763,0.3457281732265149
6764,0.3522546145722885
6765,0.3495228240006633
6766,0.3497896565855811
6767,0.3416034342831872
6768,0.3447915571394414
6769,0.3497235238140559
6770,0.353519172945927
6771,0.346297437941937
6772,0.347910442858157
6773,0.3519650732755528
6774,0.353717164110207
6775,0.3458408280641259
6776,0.3389530458119863
6777,0.3494356286464157
6778,0.3497487530315253
6779,0.3524533455568235
6780,0.3529754239324052
6781,0.3541414592090061
6782,0.3480051812108456
6783,0.3511140502447314
6784,0.3431347551490895
6785,0.3468254865079142
6786,0.3505690441022743
6787,0.3458878058975116
6788,0.3574200356092498
6789,0.3548549404278484
6790,0.3484951422798847
6791,0.3598342672791005
6792,0.3496235014770387
6793,0.3604590076984049
6794,0.3532511544445367
6795,0.3516059584731181
6796,0.3488022122613984
6797,0.3529037931680142
6798,0.358078099960807
6799,0.3454396699182811
6800,0.3596288618800408
6801,0.3492244206975181
6802,0.338161371147728
6803,0.3458748323451902
6804,0.3522619650377356
6805,0.3553282491095245
6806,0.3496451479253272
6807,0.3543934340559619
6808,0.341448032130598
6809,0.3399142028529444
6810,0.3442548264373242
6811,0.3365744274551817
6812,0.3412588460710719
6813,0.3491613732458868
6814,0.3408109845346129
6815,0.3546913905529821
6816,0.3488953938478751
6817,0.3492998898427112
6818,0.3479579941113848
6819,0.3460681392712053
6820,0.3564030291311922
6821,0.3516518371252041
6822,0.3493941933310219
6823,0.3486750382999063
6824,0.3547807834697092
6825,0.3399331726622831
6826,0.3479071127588773
6827,0.3511647049559183
6828,0.3442720117800778
6829,0.3448713111468856
6830,0.346898443535054
6831,0.35199960291629
6832,0.3551824199941164
6833,0.3523866798704367
6834,0.3482174739809984
6835,0.3510002056138723
6836,0.3466768709516891
6837,0.3546832013830768
6838,0.3502169955208158
6839,0.3597840372591083
6840,0.342155174520325
6841,0.3532367447851502
6842,0.3522264742583413
6843,0.3450628289731586
6844,0.3473426807797906
6845,0.3570753180577737
6846,0.3472991750600377
6847,0.344419672213857
6848,0.3420788938333667
6849,0.3466426946178451
6850,0.3468701042864585
6851,0.3386352912972102
6852,0.3422149119191933
6853,0.3419961681196308
6854,0.3469825408539104
6855,0.3500223817779254
6856,0.3478099813015626
6857,0.3505027251053576
6858,0.3463316480293967
6859,0.3468822621181194
6860,0.3471604180736816
6861,0.358276991018184
6862,0.3401659014801671
6863,0.3499719734573051
6864,0.3531754302118787
6865,0.3551089916920822
6866,0.3550012454990593
6867,0.3527785583914051
6868,0.3422719325590699
6869,0.3521899158559773
6870,0.3520976160372924
6871,0.3438603295525562
6872,0.3490467794809827
6873,0.3478300955289167
6874,0.3399504398845971
6875,0.3474543944345526
6876,0.3539583560988672
6877,0.3422003702312525
6878,0.3394140399341658
6879,0.3443590070747974
6880,0.3536173277533906
6881,0.3523370422458856
6882,0.3530274159486277
6883,0.3520798750838659
6884,0.3591702185939029
6885,0.3504749180785721
6886,0.349691858575384
6887,0.3376092576073399
6888,0.3472480090421558
6889,0.3410621679387032
6890,0.3547985538673822
6891,0.3558686455030591
6892,0.3511950414934268
6893,0.3484585398617292
6894,0.3584560410090277
6895,0.3578222269040602
6896,0.3565513373153517
6897,0.3407445873176731
6898,0.3549491621852648
6899,0.3440542008228524
6900,0.3382301705419101
6901,0.3498587212671618
6902,0.3547642683261952
6903,0.3470914993641207
6904,0.3522495103779821
6905,0.3526269077998825
6906,0.3528061016166351
6907,0.3473317039233213
6908,0.3454745427015055
6909,0.3469490105729617
6910,0.3491924728069354
6911,0.3394682451318039
6912,0.3498383412178771
6913,0.3614711189116272
6914,0.3494345512741514
6915,0.351388397536912
6916,0.3575994594994051
6917,0.3419298950254607
6918,0.3485869524034182
6919,0.3413133865760017
6920,0.3522286835222136
6921,0.3528287789436327
6922,0.3471011665121591
6923,0.3489941116950062
6924,0.351789451830244
6925,0.3484815970719545
6926,0.3462406148291111
6927,0.3484046869720731
6928,0.3551964169930982
6929,0.3509526219204901
6930,0.362116251715331
6931,0.3514672939732748
6932,0.3515825212985979
6933,0.3498877510788434
6934,0.3463080565415423
6935,0.3445252807501856
6936,0.3474628523211166
6937,0.345573238043228
6938,0.3560471804490352
6939,0.350982430243374
6940,0.3473739788186274
6941,0.3544031012933048
6942,0.3437644701150296
6943,0.3418439477243266
6944,0.3488384946264615
6945,0.3442858846819622
6946,0.3561425526475983
6947,0.3445889417391938
6948,0.3481331427299323
6949,0.3412721924244123
6950,0.3485276416970965
6951,0.3402324992490124
6952,0.3506100814651771
6953,0.3465018434440031
6954,0.3513315882835885
6955,0.3507500703131982
6956,0.3467702499768755
6957,0.3468980824847422
6958,0.3533194166962476
6959,0.3427911477096459
6960,0.3539362995569485
6961,0.3560260928551388
6962,0.3445458796994581
6963,0.3471642440701943
6964,0.351456386208628
6965,0.3531082841563091
6966,0.3590959021767095
6967,0.3547947920421971
6968,0.3540449915032742
6969,0.3546802470745667
6970,0.3511998926564332
6971,0.3396634457681417
6972,0.3506602185101533
6973,0.3489098423136604
6974,0.3479174161918469
6975,0.3481991455455098
6976,0.3516236009947509
6977,0.3549320781537533
6978,0.3518131734976881
6979,0.3608334147119338
6980,0.3652561818455505
6981,0.3492233539982152
6982,0.3470388776167905
6983,0.3488985709697064
6984,0.354203456430206
6985,0.3356519689177397
6986,0.3498563591814233
6987,0.3454411293920867
6988,0.3568320971098707
6989,0.349549029543183
6990,0.3480127825248165
6991,0.3429288341447448
6992,0.3564557921771291
6993,0.3572388018147051
6994,0.3484416260292647
6995,0.349068387974407
6996,0.3539922295714025
6997,0.3513722200262569
6998,0.3544002813656919
6999,0.3437051523391802
7000,0.3495209238970987
7001,0.3471292639016831
7002,0.3579647640398937
7003,0.3589124012911467
7004,0.3440936555937017
7005,0.3545930023570261
7006,0.3551133485342878
7007,0.3561499251404249
7008,0.3604008004110419
7009,0.3444191007118561
7010,0.3577200194343772
7011,0.3522692060907041
7012,0.3444878089528774
7013,0.3487584654118743
7014,0.3611179997225288
7015,0.3510928846289262
7016,0.3515454100807729
7017,0.3615317462596147
7018,0.3554289172127869
7019,0.3462023646498546
7020,0.360971599897384
7021,0.3499077176572881
7022,0.3554145053781206
7023,0.3481164788788992
7024,0.3507868486103678
7025,0.3447417359585212
7026,0.3395973739452738
7027,0.3546759806641942
7028,0.3408513567688471
7029,0.3493005933732658
7030,0.3513912773962995
7031,0.3499844268474814
7032,0.3494461562984854
7033,0.3465459763143873
7034,0.3465561930443244
7035,0.3441217037124572
7036,0.349257091367517
7037,0.3537486268406065
7038,0.3561480280434511
7039,0.3591838617487937
7040,0.3437032472618959
7041,0.3457964797417246
7042,0.3558569950136263
7043,0.3440227720840433
7044,0.3508236424336954
7045,0.3436526585977295
7046,0.3478768981610393
7047,0.342890963182618
7048,0.3448961418494898
7049,0.3452476728166087
7050,0.3586160192854264
7051,0.3544856194882484
7052,0.3517362515054228
7053,0.355449121998709
7054,0.3406249252322773
7055,0.3370581746236269
7056,0.3589233119344557
7057,0.3472181548788404
7058,0.3548657331916212
7059,0.3427274102656091
7060,0.3527743307508247
7061,0.3421071031542838
7062,0.343867559018813
7063,0.3561935142923529
7064,0.3428224087134552
7065,0.3395580312001327
7066,0.3415980798436107
7067,0.3537996185523759
7068,0.3570036393859994
7069,0.3572767482743061
7070,0.3625651538917252
7071,0.3638176351211659
7072,0.3455004879422416
7073,0.3560832834649997
7074,0.3505536705856333
7075,0.3539307982541435
7076,0.3469968848926943
7077,0.347675182443581
7078,0.3534166485259799
7079,0.3519233290373296
7080,0.3527800460523936
7081,0.351715668554603
7082,0.3505582787803358
7083,0.3501218598279644
7084,0.3533319282635607
7085,0.3647128055414344
7086,0.3469951557576558
7087,0.3556773531448312
7088,0.3536106540884235
7089,0.3424874138386261
7090,0.3541329457736274
7091,0.3465391944923434
7092,0.3471475911156375
7093,0.3392003044817719
7094,0.353262891111585
7095,0.3528464531611791
7096,0.3586582266365788
7097,0.3562720515500404
7098,0.3458579703465667
7099,0.3539849805876862
7100,0.3389090325064857
7101,0.3458564631385339
7102,0.3404666994290591
7103,0.3513334839906647
7104,0.3520839458410382
7105,0.3382392349298758
7106,0.3591194682736617
7107,0.3448976545943359
7108,0.3564607308790025
7109,0.3486797689319545
7110,0.3520081569279494
7111,0.3504321288636486
7112,0.3494375100752475
7113,0.3562583443456414
7114,0.3447369991023354
7115,0.3549306173933149
7116,0.3481695013123478
7117,0.3460707517928754
7118,0.3462611442266143
7119,0.3504693612133909
7120,0.3551398050188109
7121,0.3562479934621766
7122,0.3485066190273139
7123,0.351329660825293
7124,0.3469174132568779
7125,0.3552001489879679
7126,0.3446958215592073
7127,0.3514820830375669
7128,0.3577574146239727
7129,0.3523223404079022
7130,0.345393164089061
7131,0.346583903404822
7132,0.3460756257887677
7133,0.3467794662912772
7134,0.3490433259269833
7135,0.3504941256351206
7136,0.3535868508451197
7137,0.3600113632284751
7138,0.3519365714565475
7139,0.3539291702979928
7140,0.3455796674585162
7141,0.3516221224550102
7142,0.3400941293490804
7143,0.3504931896855141
7144,0.3539890899220752
7145,0.3447890405220344
7146,0.343973286076149
7147,0.3497160266238629
7148,0.3487154728762376
7149,0.3539439127561498
7150,0.3512442357579763
7151,0.3444838168422039
7152,0.3514286150201918
7153,0.3547454831292318
7154,0.3446456090148535
7155,0.3417887304182205
7156,0.3470974082075809
7157,0.3525374707804906
7158,0.3548250285244058
7159,0.3456733635561697
7160,0.3402791536972738
7161,0.3570452915911323
7162,0.3501014659096719
7163,0.3484028184276477
7164,0.3442360480604908
7165,0.3537953287731182
7166,0.3406718511699109
7167,0.3449866403066453
7168,0.3488558873131942
7169,0.3584338490788691
7170,0.3422261318678117
7171,0.3439975112444122
7172,0.3520199426043626
7173,0.344010322623583
7174,0.3490657052336559
7175,0.3425343519934766
7176,0.351915632942432
7177,0.3549442791070192
7178,0.3444720718863029
7179,0.3544218563198416
7180,0.3489549015651846
7181,0.3490807400536385
7182,0.3473045086513567
7183,0.3557535242048809
7184,0.3538777451083837
7185,0.3534137597827912
7186,0.362414457960609
7187,0.3505565330285132
7188,0.3385524295284201
7189,0.358674151180238
7190,0.3496305347560668
7191,0.3417939329735827
7192,0.3481367891266193
7193,0.3488242220909864
7194,0.3510517615047244
7195,0.3540565071169678
7196,0.3563299632070181
7197,0.3488121095660368
7198,0.3507690695258468
7199,0.347189950298368
7200,0.3453486201142647
7201,0.3509005264508235
7202,0.3565008637850451
7203,0.3505612154628758
7204,0.353732030788563
7205,0.3445612550475668
7206,0.3450947384748392
7207,0.3502741506515807
7208,0.347459958833193
7209,0.3457997132420295
7210,0.3475832235498294
7211,0.3461579006358842
7212,0.3454066134700655
7213,0.348986372613771
7214,0.3483400307967599
7215,0.3456190694764393
7216,0.3504569715100789
7217,0.3522387673283494
7218,0.3559929730019902
7219,0.3572040790850602
7220,0.3465881943327135
7221,0.355061969566353
7222,0.3567183100561714
7223,0.3598680079516403
7224,0.3563613868655552
7225,0.3494718084495612
7226,0.3477081242799951
7227,0.3364089931060977
7228,0.3598938908028196
7229,0.3573584993840302
7230,0.3507490261308349
7231,0.3423312546091012
7232,0.3559660750987524
7233,0.3540168681543859
7234,0.346618008985489
7235,0.350780007956686
7236,0.3450650163181199
7237,0.3527519301320562
7238,0.3519961663826422
7239,0.3506915504305687
7240,0.3522144939727677
7241,0.3505300369175597
7242,0.3457824018076077
7243,0.3442678192504865
7244,0.3578743366229763
7245,0.3445037081212411
7246,0.3465951752435038
7247,0.3484262238019963
7248,0.3528793734217184
7249,0.3449191414352462
7250,0.350248265457431
7251,0.3532604777308889
7252,0.3481975468321019
7253,0.3565296600569693
7254,0.3453257675929766
7255,0.343610560951812
7256,0.3380043756466767
7257,0.3441977461368991
7258,0.3474600458232273
7259,0.3461483479826433
7260,0.3512232497366404
7261,0.3434586893855822
7262,0.3538661109365706
7263,0.3540222716433592
7264,0.3551038276634385
7265,0.3495536577249256
7266,0.3512075810985549
7267,0.3464154902835539
7268,0.3434101519610874
7269,0.3556545550184363
7270,0.3501801202758671
7271,0.3540481243139228
7272,0.3490242885618626
7273,0.3459225326597978
7274,0.3557204877148148
7275,0.3537893298440326
7276,0.3519833702529727
7277,0.3497298768021643
7278,0.3413408491154902
7279,0.3460176795575881
7280,0.3476419306321243
7281,0.341488598464652
7282,0.3521075889721975
7283,0.3556295719707096
7284,0.3444402239020618
7285,0.3509275340159801
7286,0.3403588383513772
7287,0.3504353485050678
7288,0.3412768595281811
7289,0.3534437497732784
7290,0.3513268139029482
7291,0.3484553478145127
7292,0.3454780352493874
7293,0.3567898090998258
7294,0.350116876449059
7295,0.3448757747134316
7296,0.3488127099716435
7297,0.3477771119484851
7298,0.3558491381464114
7299,0.3562744245057565
7300,0.3486536784581751
7301,0.3428453003002595
7302,0.3422813035579956
7303,0.3494912367987448
7304,0.3421947024706861
7305,0.3597266666880155
7306,0.3487495892131698
7307,0.3460837327733205
7308,0.3494285757749155
7309,0.3500763377496946
7310,0.3459513152639439
7311,0.3490945178873688
7312,0.3566144097837029
7313,0.3405834065405579
7314,0.3441382215454968
7315,0.3533810312587083
7316,0.3488236022028617
7317,0.3536903601753511
7318,0.3500056118196788
7319,0.3493077305291018
7320,0.356842249457229
7321,0.3446801396295639
7322,0.3512971392330968
7323,0.353011338512389
7324,0.3693308855994175
7325,0.3546102182735738
7326,0.3445298144880744
7327,0.3503200956603907
7328,0.3539187646080345
7329,0.3540857255254748
7330,0.3451246515348084
7331,0.3514256042354123
7332,0.3536972762566251
7333,0.3499766086425162
7334,0.3452390187743605
7335,0.3395534457320943
7336,0.3458848059675561
7337,0.3503206540802619
7338,0.3464973249082422
7339,0.3457686236770169
7340,0.3396323725163966
7341,0.3469287610284388
7342,0.346279158253117
7343,0.3480162422022582
7344,0.3513116021001932
7345,0.3564879451476837
7346,0.343727918569704
7347,0.3436268292627456
7348,0.3369401469759716
7349,0.3459275775880842
7350,0.3518900483422587
7351,0.3526863046204015
7352,0.3518003319560766
7353,0.3473006891211136
7354,0.3390946290135279
7355,0.347135595635802
7356,0.3566780076725173
7357,0.346378301909298
7358,0.3528594618680822
7359,0.3513694961035752
7360,0.3546214739080159
7361,0.3500292944103773
7362,0.3428382315054511
7363,0.3653865529363931
7364,0.3512187799560975
7365,0.3523346330235929
7366,0.3557880394685065
7367,0.345495540627536
7368,0.3533497641480643
7369,0.3549098135151167
7370,0.3487168138452754
7371,0.3479358505562464
7372,0.3546003885163442
7373,0.3491224756648974
7374,0.3361402173163602
7375,0.3424389304887847
7376,0.3443285934315971
7377,0.3489289559751243
7378,0.3514135044386114
7379,0.3479343484997844
7380,0.3516208279704618
7381,0.3440781189249884
7382,0.3414603225507996
7383,0.3484857540000118
7384,0.3443193567684343
7385,0.3447555165407492
7386,0.3434921590645272
7387,0.3506199917301245
7388,0.3482658607494692
7389,0.3496475346182759
7390,0.3599306116959184
7391,0.3522116627384687
7392,0.3474995307767904
7393,0.3542421377067963
7394,0.3462742973526074
7395,0.3446393644891316
7396,0.3462658790919308
7397,0.352728826960895
7398,0.3482282274675867
7399,0.3513531510524088
7400,0.3403756460532131
7401,0.3503199411095688
7402,0.3624699227085284
7403,0.3396291553179059
7404,0.3529381874324948
7405,0.3452088052116601
7406,0.3501876360417806
7407,0.3499269377064157
7408,0.3399508579880648
7409,0.3488727952292788
7410,0.3537375176780992
7411,0.3495168202890655
7412,0.3532514165286211
7413,0.3515523201849084
7414,0.3525796682851107
7415,0.3436119255427098
7416,0.3479702436444848
7417,0.3538007629526715
7418,0.3512315605584396
7419,0.3439306935693384
7420,0.3471383245697466
7421,0.3400457975162545
7422,0.3379899556256703
7423,0.3557164961728667
7424,0.3408476776317243
7425,0.3358715700062997
7426,0.3468493305849202
7427,0.3512966748256157
7428,0.3474772641385525
7429,0.3418160600400779
7430,0.3459065430643063
7431,0.3495336422054546
7432,0.3506063881832273
7433,0.3520119777962885
7434,0.3450051422042041
7435,0.3410420416470234
7436,0.346993128100428
7437,0.3543208433332176
7438,0.3522701221644349
7439,0.3507895721157902
7440,0.3491728211964379
7441,0.3573566392670666
7442,0.3555309125371056
7443,0.3475859555206742
7444,0.34488913760336
7445,0.3441606241884521
7446,0.3487962335154144
7447,0.3454248662551404
7448,0.3542670118928194
7449,0.35751220004432
7450,0.3529362018607055
7451,0.3478599265048535
7452,0.3463596517144865
7453,0.340975639786457
7454,0.3447878028942515
7455,0.3531509206205462
7456,0.3431222459242495
7457,0.3492673453164662
7458,0.3469978287246333
7459,0.3503948877787572
7460,0.3404385666933552
7461,0.3443137799584179
7462,0.3462643886380558
7463,0.3530470469851132
7464,0.3586701093777393
7465,0.3501832567900968
7466,0.3609219467538609
7467,0.3423714348098752
7468,0.3492085442205418
7469,0.3504209637903959
7470,0.3463651457566227
7471,0.3459338978964676
7472,0.3452681063728357
7473,0.3476360550788921
7474,0.3530145465298641
7475,0.354584229817184
7476,0.3446551034947634
7477,0.3436309902894916
7478,0.3482062131419658
7479,0.353214881153765
7480,0.3545166197862553
7481,0.3513491793885318
7482,0.3385528071770441
7483,0.3415179649601984
7484,0.3513362025472419
7485,0.3546921027468961
7486,0.3465204396171885
7487,0.3508059644715562
7488,0.3480692950852207
7489,0.3436514656514835
7490,0.3449258536333006
7491,0.3440895458838966
7492,0.3512369844623579
7493,0.3480206362746064
7494,0.3493608697661647
7495,0.3415507605257789
7496,0.3364759603088779
7497,0.3418731531342556
7498,0.3470619024590112
7499,0.3415377842763614
7500,0.3446409521728348
7501,0.3446544015941635
7502,0.3417339175193151
7503,0.3382498140526185
7504,0.3471144402400604
7505,0.3538314996295126
7506,0.3448576001952694
7507,0.347012706990261
7508,0.3512500799827189
7509,0.3545533149781461
7510,0.3514837979564981
7511,0.3474398099612885
7512,0.3355053764733476
7513,0.344185907915823
7514,0.3536065486546557
7515,0.3479103883219523
7516,0.3403636519734624
7517,0.3404366394281427
7518,0.3377858346030937
7519,0.3436017977609446
7520,0.3486575338815309
7521,0.3399656779785693
7522,0.3458403016742306
7523,0.3462094364224362
7524,0.352984739314266
7525,0.3391929550073568
7526,0.354372910126026
7527,0.3473084832718012
7528,0.3452621838056638
7529,0.341757482056917
7530,0.3392342078992732
7531,0.3447484400136084
7532,0.3375850191451445
7533,0.3399244995453046
7534,0.3569905010817734
7535,0.3476785858926879
7536,0.3512187119512835
7537,0.3437926005229991
7538,0.3479304325602256
7539,0.3471021417581479
7540,0.3546086380863308
7541,0.3519383559990063
7542,0.3398720507114383
7543,0.343614696632618
7544,0.3458118926730192
7545,0.3442914569002951
7546,0.3515863879543872
7547,0.3462307024503007
7548,0.3426077322783346
7549,0.3387346019011134
7550,0.3439956792534199
7551,0.3551655605416844
7552,0.346596013048859
7553,0.3568006863636769
7554,0.3481982325483339
7555,0.3480302668499383
7556,0.3566320937153872
7557,0.3514330182723014
7558,0.353247801342852
7559,0.3485511255519794
7560,0.346111959900476
7561,0.3465982657404018
7562,0.3462976522898984
7563,0.3487287333363549
7564,0.3423962997965032
7565,0.3393198719612105
7566,0.3527458271426379
7567,0.3558882408568362
7568,0.3545453698383533
7569,0.3455580715238687
7570,0.3622560713134468
7571,0.3429243501386003
7572,0.3472324187636
7573,0.3462210606096506
7574,0.355166073194381
7575,0.3465275631744663
7576,0.3630473458153866
7577,0.3432784997442544
7578,0.3502130915256913
7579,0.351054901073987
7580,0.359121594334134
7581,0.3465354850779329
7582,0.3448300986096908
7583,0.3492525605669809
7584,0.3420610425289196
7585,0.3509502589965013
7586,0.3587924931047757
7587,0.356312249270925
7588,0.3508262892406935
7589,0.3399661267336305
7590,0.3444769649161694
7591,0.3499949690253853
7592,0.3432336488450863
7593,0.3460690253660589
7594,0.3491017514020582
7595,0.3455984842787993
7596,0.3477682726046887
7597,0.3517610522600179
7598,0.3352575739834136
7599,0.3544236651189731
7600,0.3377694783415494
7601,0.3532862062784474
7602,0.3458147813478828
7603,0.3448413086479007
7604,0.3512448523747903
7605,0.3439975533671792
7606,0.3463425554265845
7607,0.3477935929679108
7608,0.3487608371037807
7609,0.3521911775077918
7610,0.3477107918783251
7611,0.3517312457179131
7612,0.3497411070774474
7613,0.3474301852762062
7614,0.3412642312943927
7615,0.3524641724983383
7616,0.3464128621588457
7617,0.3464358742607927
7618,0.3489154300044114
7619,0.3345304844247067
7620,0.3435390068290386
7621,0.3450691914038108
7622,0.35224495945124
7623,0.3476166794787189
7624,0.3506811976368618
7625,0.3386656650997883
7626,0.3479826721544058
7627,0.3475237443239798
7628,0.3438482167328094
7629,0.3273558474925779
7630,0.3577155104673795
7631,0.3529022763173829
7632,0.3592817732678803
7633,0.3462435271210463
7634,0.3502731513781921
7635,0.3505519130430483
7636,0.342924802889736
7637,0.3450543934225535
7638,0.337176574911203
7639,0.3536487715546508
7640,0.3475195370974956
7641,0.3462242195894142
7642,0.3392489230564436
7643,0.346102118778628
7644,0.3414533073543698
7645,0.3429170382747793
7646,0.3528460453876377
7647,0.3519356494330853
7648,0.3497184977775884
7649,0.3429960547467895
7650,0.3469471199324843
7651,0.3504825126699832
7652,0.3540949045503818
7653,0.3510374771826877
7654,0.3472922201557343
7655,0.3574384303656617
7656,0.3491809600190417
7657,0.3492331238291958
7658,0.3482771052805868
7659,0.3429108416664618
7660,0.3606876920581655
7661,0.3411867618018332
7662,0.3419083040778667
7663,0.3462271359843265
7664,0.3427916959566139
7665,0.3495299703330767
7666,0.3559306180930612
7667,0.357118624403439
7668,0.3438080915045082
7669,0.3403793782355535
7670,0.3494213293804418
7671,0.3543395485562997
7672,0.3364245296690121
7673,0.3470232708626856
7674,0.3499115923341381
7675,0.3473632034982044
7676,0.3529781432961076
7677,0.3473887603649609
7678,0.344112070075122
7679,0.3523522452276371
7680,0.3489787693623102
7681,0.3491762077322601
7682,0.348456192503093
7683,0.3509362481232361
7684,0.3527749189734301
7685,0.3543152603934609
7686,0.3448353230805372
7687,0.3455365064391957
7688,0.3532815140919221
7689,0.3507583155688953
7690,0.352573055466019
7691,0.347117255536404
7692,0.3512968627031729
7693,0.3523011125791442
7694,0.3470749835665072
7695,0.3469261372277571
7696,0.3445070235533032
7697,0.346089475120256
7698,0.3509110074162151
7699,0.3534815480938388
7700,0.3445060036527133
7701,0.3508566196886076
7702,0.3476864751501109
7703,0.3512259250551807
7704,0.3402995031369859
7705,0.3469738980844734
7706,0.3460739731819914
7707,0.3503786654955568
7708,0.3499550037176166
7709,0.3534787181675838
7710,0.3493538420350304
7711,0.3533996179434076
7712,0.3410147912939662
7713,0.350445794129582
7714,0.3494338711046558
7715,0.3488549783539816
7716,0.3485809990983063
7717,0.3552254802336987
7718,0.3551042003492308
7719,0.3401961942952651
7720,0.3467890398820686
7721,0.3566752552814557
7722,0.3433081637165974
7723,0.3438714122187916
7724,0.3507072717027626
7725,0.3408685186767763
7726,0.3460021226442757
7727,0.3481951582809162
7728,0.3504264205558936
7729,0.3461569606279716
7730,0.3539023859186035
7731,0.3459756456899297
7732,0.3493149357618873
7733,0.3635837340603269
7734,0.3501075440319512
7735,0.3559263361853532
7736,0.3491565006448394
7737,0.3523617348385455
7738,0.3498935424955142
7739,0.3525677980123559
7740,0.346035939532994
7741,0.3528442775044204
7742,0.3393929949760342
7743,0.3438249605012841
7744,0.3506849469656623
7745,0.3403928701160859
7746,0.3460654750811157
7747,0.3466902826260528
7748,0.3434155069054055
7749,0.3413392102687151
7750,0.3436819684755582
7751,0.3390637725327617
7752,0.3585751951382231
7753,0.3516987246134193
7754,0.3541737314329929
7755,0.3496950245802546
7756,0.3376893355996428
7757,0.353288588631623
7758,0.3439538075213333
7759,0.3394754702337014
7760,0.3434710861710217
7761,0.3496856457542375
7762,0.3438240410428176
7763,0.3452770345196468
7764,0.3398135981483909
7765,0.3472196373579041
7766,0.3416024467918128
7767,0.3536864477732047
7768,0.3475911741129085
7769,0.3549832431542216
7770,0.351387576973247
7771,0.3514136789956466
7772,0.3420714909277305
7773,0.351597446653226
7774,0.3508402931059984
7775,0.3414823644991546
7776,0.3595504023257637
7777,0.3492386157737143
7778,0.3468788705705033
7779,0.3543849404821476
7780,0.3525692051215303
7781,0.3484199057149074
7782,0.341325655221404
7783,0.3478287779535158
7784,0.3321611259063707
7785,0.3566340260666953
7786,0.3459949494256206
7787,0.3519405373987067
7788,0.3397754817252215
7789,0.3524881495468138
7790,0.3442950346854127
7791,0.348845052262441
7792,0.3474945142817191
7793,0.3501044759635111
7794,0.3513172647879272
7795,0.3560860471866308
7796,0.3437253386608512
7797,0.3508885450582313
7798,0.3476724197724919
7799,0.3537544817229191
7800,0.3435203196251868
7801,0.3462810700882326
7802,0.3452375559277647
7803,0.3512641087271901
7804,0.3367279612250036
7805,0.3565911295716957
7806,0.3506786492729477
7807,0.3536045155507878
7808,0.3594946811339867
7809,0.3507374162168415
7810,0.3476591996592731
7811,0.3466834648249733
7812,0.3400590473221432
7813,0.3516888875961407
7814,0.3548761653486103
7815,0.3423896733538584
7816,0.3386433429426524
7817,0.3529951548969636
7818,0.3519335861603874
7819,0.3441646021587943
7820,0.345050291979547
7821,0.3497469749993141
7822,0.3408206253863547
7823,0.3545499804834877
7824,0.3492385094722824
7825,0.3453668176696943
7826,0.3418605415642745
7827,0.3503725368783308
7828,0.3489462961668105
7829,0.3349972650811798
7830,0.3507749466737314
7831,0.3493644711848757
7832,0.3457317325011778
7833,0.3478000901299804
7834,0.3411276426448543
7835,0.3481169718184622
7836,0.336326218233098
7837,0.3539345927928376
7838,0.3595925640631295
7839,0.3403019576098008
7840,0.3506487248828698
7841,0.3534588575875644
7842,0.3510487828115003
7843,0.3515993940776128
7844,0.339718786730928
7845,0.3500770746683966
7846,0.3480957428929883
7847,0.3462377780683336
7848,0.3577503907019744
7849,0.350030387208197
7850,0.35197452745066
7851,0.350746803670226
7852,0.3505674030643241
7853,0.3440841698319589
7854,0.3470333879465022
7855,0.3525679176899961
7856,0.346471375689562
7857,0.3363720058269244
7858,0.340214007539979
7859,0.3463781754914412
7860,0.3488213039870486
7861,0.3469083580536038
7862,0.3446679817097483
7863,0.3455067970251548
7864,0.3500880610297521
7865,0.3442977830564351
7866,0.3478710249074917
7867,0.3423760529088601
7868,0.3435166815232638
7869,0.3393934783440944
7870,0.3454775107118626
7871,0.3456382741627321
7872,0.3576520598858083
7873,0.3356740012149118
7874,0.3444931139697833
7875,0.3379124095634793
7876,0.3488115071818771
7877,0.3487132683030889
7878,0.3387859438535646
7879,0.3489082270659226
7880,0.3486881443073434
7881,0.345239808030153
7882,0.3393694700270133
7883,0.3422826265108643
7884,0.3457922227227171
7885,0.3471645948807659
7886,0.3397251444008048
7887,0.3552483534484747
7888,0.3531515068464226
7889,0.3534728284298098
7890,0.3411659729092824
7891,0.3391696885834044
7892,0.339858653501735
7893,0.3514941723170331
7894,0.3458064638327605
7895,0.3419624066308278
7896,0.3498744662370353
7897,0.336749601280334
7898,0.3389838676783782
7899,0.3523604654595829
7900,0.347378630407278
7901,0.347777487126187
7902,0.3487387323701614
7903,0.3501442753134947
7904,0.3483197670929824
7905,0.3497770653155426
7906,0.3401096897799201
7907,0.3335954789670939
7908,0.3468350215024566
7909,0.3531082233283225
7910,0.3406985736498779
7911,0.351109742451143
7912,0.3489994795398446
7913,0.3487420013901247
7914,0.3342970247214276
7915,0.3534628527574481
7916,0.343960576533709
7917,0.3441581960852732
7918,0.3418867359521589
7919,0.3479626867212766
7920,0.3472460941298116
7921,0.348297498796096
7922,0.3469223125354554
7923,0.3565104945602415
7924,0.3435956018875274
7925,0.3502203743251477
7926,0.3423052309097324
7927,0.3574995935951395
7928,0.3453711303590577
7929,0.3563873207212058
7930,0.3415838912637737
7931,0.3470080721769797
7932,0.3515961729863186
7933,0.3431202117832803
7934,0.3474574517127374
7935,0.3467162363147866
7936,0.3414522329057107
7937,0.3503619629610947
7938,0.3421983635475507
7939,0.351452066745219
7940,0.3508847711597293
7941,0.3505955726594777
7942,0.3429690802610267
7943,0.336986648883055
7944,0.3487935362833949
7945,0.3463293071237198
7946,0.3469279419390247
7947,0.3558351140934699
7948,0.3386582630616797
7949,0.3556900928163687
7950,0.350791330812169
7951,0.3527268719344311
7952,0.34758293450357
7953,0.3540955555046394
7954,0.3392747994148631
7955,0.3520456504121514
7956,0.3544149956431897
7957,0.3454709903002302
7958,0.3516029391512691
7959,0.3526837162214105
7960,0.3480438034121783
7961,0.3482384359291988
7962,0.3555086187037117
7963,0.346721370427538
7964,0.3515799609608277
7965,0.3575629107875076
7966,0.340013879417647
7967,0.3498343534332256
7968,0.3426037852517007
7969,0.3471264186823943
7970,0.3507483868629551
7971,0.3436987569402817
7972,0.3482465185072722
7973,0.3388277277777908
7974,0.3499004652317156
7975,0.354927980314111
7976,0.3467307131073637
7977,0.3499741735400462
7978,0.3350686909373471
7979,0.3482236625966957
7980,0.3489068556869338
7981,0.3473862368410397
7982,0.3406830500585498
7983,0.3422412283937658
7984,0.341843712066621
7985,0.3511903048971174
7986,0.3460708674645584
7987,0.3444485588231852
7988,0.343603424044677
7989,0.3475602575850737
7990,0.3521118442544588
7991,0.3379279066197198
7992,0.3395553205318353
7993,0.3321824979618193
7994,0.3404323446991914
7995,0.3414847190243121
7996,0.3327446977674384
7997,0.3387140308883324
7998,0.3399243807046362
7999,0.3501627170352228
8000,0.348234178193974
8001,0.3507524823186576
8002,0.344252022313783
8003,0.3447221202054666
8004,0.3470237283378613
8005,0.3537784602847415
8006,0.3435092762144998
8007,0.3459177824137326
8008,0.3498379674921778
8009,0.3449897292223637
8010,0.3506677688835862
8011,0.351537280063086
8012,0.3511483208099623
8013,0.3427959537478565
8014,0.3405968621258692
8015,0.3458996811309783
8016,0.3513373136230465
8017,0.3466873184206328
8018,0.3466167806716581
8019,0.3435736392397197
8020,0.3467532622396725
8021,0.3414324610537805
8022,0.3387904354675313
8023,0.3391909838958135
8024,0.338860698760548
8025,0.3568076161737175
8026,0.335560383320086
8027,0.3500017964632547
8028,0.3333144888739174
8029,0.3430873899350632
8030,0.3502352647203949
8031,0.3517228851582294
8032,0.3540034169982201
8033,0.3407936048898107
8034,0.3549039074097661
8035,0.3403320089292749
8036,0.349114866630979
8037,0.3567012443692542
8038,0.3453590061490561
8039,0.341111137307811
8040,0.3523235236170102
8041,0.3404528496222823
8042,0.3468392846076204
8043,0.3517318597266027
8044,0.3509851020697596
8045,0.3392753236767645
8046,0.3532479125296018
8047,0.3479671927661794
8048,0.3468216179012837
8049,0.3445359996272066
8050,0.3510777843441297
8051,0.3427406422982358
8052,0.3449653329006185
8053,0.3332208793982433
8054,0.3401928358864929
8055,0.3390986139863844
8056,0.3328172966197452
8057,0.3393797931026987
8058,0.3470738136576176
8059,0.3440281527102513
8060,0.3453819127263861
8061,0.3420813452814907
8062,0.3577141270269522
8063,0.3497243315526266
8064,0.3523390420294581
8065,0.3500457891359287
8066,0.3440871093724701
8067,0.3502329377112005
8068,0.3392494388296462
8069,0.3503716368033275
8070,0.3511185422115483
8071,0.353191124572513
8072,0.3535853220116252
8073,0.341909263367153
8074,0.3468116138429684
8075,0.3406836538610282
8076,0.3549974724957102
8077,0.3535542572073016
8078,0.3310700238069591
8079,0.3457151356876621
8080,0.3487692711273374
8081,0.3509645395496333
8082,0.3467061071075585
8083,0.3519655508285455
8084,0.3476847658932911
8085,0.3507998042355307
8086,0.3478714311664
8087,0.3498478176945727
8088,0.3411813677704726
8089,0.3442696381668625
8090,0.3422870649318366
8091,0.3408725877894061
8092,0.341781123423244
8093,0.3493029240021774
8094,0.3540958037148352
8095,0.3393674542146904
8096,0.3452826531464065
8097,0.3384948746526979
8098,0.3403925922274787
8099,0.3464408017602825
8100,0.3513722801173344
8101,0.3418366052039711
8102,0.3424735819464827
8103,0.3472503464344303
8104,0.3383564571905408
8105,0.3430367226640147
8106,0.3388279534168871
8107,0.3568980837502728
8108,0.3372771931575334
8109,0.3412125622981184
8110,0.3490799373635407
8111,0.360438202046188
8112,0.3417446944320653
8113,0.3577848124316699
8114,0.3416009394893175
8115,0.3480129534602311
8116,0.3493118929681313
8117,0.3485345175626212
8118,0.3461393844871552
8119,0.3442724361784792
8120,0.3470262271279131
8121,0.3395124035376772
8122,0.3474798308752593
8123,0.3498968275914639
8124,0.3439044620700168
8125,0.3400888084499065
8126,0.3448961038842791
8127,0.3536899647881452
8128,0.3455031842433101
8129,0.3568319092554299
8130,0.3480833817586647
8131,0.3452346921766681
8132,0.3403928565030848
8133,0.3528505800533416
8134,0.3514545410112135
8135,0.3497553517423026
8136,0.3397820415583514
8137,0.3500400664975232
8138,0.3529171484110779
8139,0.3342206299221798
8140,0.3458489381908765
8141,0.3390205150949831
8142,0.3505897862295961
8143,0.3469944301399132
8144,0.3462457468290051
8145,0.351711790428784
8146,0.353878097444827
8147,0.3431402817699603
8148,0.3451574952550948
8149,0.341847641086193
8150,0.3503624338940752
8151,0.3534075313730923
8152,0.3435767572877635
8153,0.3518330678983394
8154,0.3441672085932598
8155,0.3501200901582674
8156,0.3433298649146725
8157,0.3387857434771058
8158,0.3363665406714331
8159,0.3560946228371625
8160,0.3417093773087889
8161,0.3514337486177254
8162,0.3354939383924517
8163,0.3493374542324864
8164,0.3485597860469676
8165,0.3430781545674636
8166,0.3358943032146004
8167,0.3419008012477856
8168,0.3455554406568308
8169,0.3503528802055311
8170,0.353540677924479
8171,0.3497938186076256
8172,0.3531082503759705
8173,0.3469022972304397
8174,0.3418484311164198
8175,0.3467301650424266
8176,0.3481313446763729
8177,0.3497373058793945
8178,0.3492993349169757
8179,0.344354370726225
8180,0.3418881613455214
8181,0.3497548060129836
8182,0.3409483070772425
8183,0.3549802914490215
8184,0.3359752120790437
8185,0.3462668748499579
8186,0.3443066768467454
8187,0.3344593154330285
8188,0.3500005579001252
8189,0.3414731844084978
8190,0.3497557978490909
8191,0.3475813828657735
8192,0.3521019261478008
8193,0.3497084125971261
8194,0.339885713197393
8195,0.348796963346807
8196,0.346679942407848
8197,0.3506034475915019
8198,0.3418640293054721
8199,0.3455118989989574
8200,0.3486745829967336
8201,0.3555119487463765
8202,0.3413273578526868
8203,0.343361631820314
8204,0.3447014146655544
8205,0.3434359863103139
8206,0.3383778711671934
8207,0.3408456855305241
8208,0.3400275770621562
8209,0.3448221891093161
8210,0.3413553402872209
8211,0.3493574891165846
8212,0.3513200261533054
8213,0.3487316459226818
8214,0.336579859452668
8215,0.336785099221741
8216,0.3468573783766613
8217,0.3513765131762056
8218,0.3447434023205426
8219,0.355397780993838
8220,0.34647907794889
8221,0.3559595707124178
8222,0.3476432266095235
8223,0.3456191501699203
8224,0.3551334051426476
8225,0.3461885647753737
8226,0.3467239120944905
8227,0.3404551618539554
8228,0.3526631964557048
8229,0.3438211900401568
8230,0.3514177648614927
8231,0.334175885693801
8232,0.3480773731506982
8233,0.3418721418993323
8234,0.335917751740041
8235,0.3460994686442769
8236,0.3499781022535577
8237,0.351757419027862
8238,0.350372451611539
8239,0.3419594559881655
8240,0.346803573866913
8241,0.3455337637471515
8242,0.3528567222775065
8243,0.3437345128705698
8244,0.3489809121845204
8245,0.3542170252756126
8246,0.3479698647836427
8247,0.3439446299492481
8248,0.3360158467576934
8249,0.3441895171910412
8250,0.3443751817285829
8251,0.3468040607555858
8252,0.349823047987741
8253,0.3514831157363987
8254,0.3378529441287666
8255,0.3434667406931758
8256,0.3510546118763264
8257,0.3571701174070079
8258,0.344410472098768
8259,0.3446717822747171
8260,0.3415537628622174
8261,0.3424056961044567
8262,0.3504168698570712
8263,0.3389987490445446
8264,0.3520864664008973
8265,0.3471233143670918
8266,0.3451144518697358
8267,0.3485758704429316
8268,0.3431038514838068
8269,0.3456418533062094
8270,0.3447651764835171
8271,0.3387737077125448
8272,0.3447517108097178
8273,0.3458595255152306
8274,0.3526726112904993
8275,0.3481071380915796
8276,0.3486279248450468
8277,0.347639014260397
8278,0.3438383024174191
8279,0.342323311883978
8280,0.3389931015487794
8281,0.3456487280260313
8282,0.3437091389611034
8283,0.347943160950433
8284,0.3459851587477631
8285,0.3368899187825999
8286,0.3486249771905114
8287,0.3499766677073231
8288,0.3535536323150416
8289,0.3450286139521822
8290,0.3469595076199722
8291,0.3359944557795244
8292,0.3390032986034731
8293,0.3507930888438877
8294,0.3514323007168448
8295,0.3421962254963256
8296,0.3424717764092075
8297,0.3414696666959095
8298,0.343046428345313
8299,0.3417985452937268
8300,0.3401863425588066
8301,0.3534461637077606
8302,0.3453043796262286
8303,0.3379701919554747
8304,0.3375741376663518
8305,0.3452007210047573
8306,0.351671704940749
8307,0.3549446196270915
8308,0.3362017863219975
8309,0.3374243961411461
8310,0.3366223783320716
8311,0.3524072934430601
8312,0.3326847566332926
8313,0.3397246207100572
8314,0.347189187326974
8315,0.342593016501211
8316,0.3392701478551828
8317,0.3523950915233196
8318,0.3465944178090079
8319,0.3400506065461665
8320,0.352399753412999
8321,0.3440971371182021
8322,0.3502118793691663
8323,0.3376666053433688
8324,0.3405840906905543
8325,0.3455676572965271
8326,0.3455884002799295
8327,0.341416199058051
8328,0.3395801908194985
8329,0.3438209859288366
8330,0.3512449949828096
8331,0.3504239615637939
8332,0.3458403503739332
8333,0.3484497046512009
8334,0.3489401118034434
8335,0.3454703924979025
8336,0.341119206914416
8337,0.346799483104134
8338,0.3427269423428967
8339,0.3522879235997526
8340,0.3420227162021962
8341,0.3412034570177781
8342,0.3419579358516142
8343,0.3483543571362118
8344,0.3451366829193868
8345,0.3432651740455844
8346,0.3516311092938504
8347,0.3533315627213628
8348,0.3468903662290509
8349,0.3479154345563183
8350,0.3364514329084401
8351,0.3453273814832498
8352,0.3371938609855824
8353,0.3421411599957031
8354,0.3537530940851471
8355,0.3369989306096903
8356,0.3454295124007194
8357,0.3422753563839329
8358,0.3371841866115797
8359,0.3404522153194211
8360,0.3457695582150151
8361,0.3459444542224777
8362,0.3455363435993119
8363,0.3485914715418064
8364,0.3435565174978832
8365,0.3477266000006667
8366,0.3455147227884799
8367,0.3466290788814934
8368,0.3411881916315254
8369,0.3392270743762506
8370,0.3506458204519413
8371,0.3367086828653409
8372,0.3491316622682088
8373,0.3579654522239672
8374,0.3554143306499912
8375,0.3349532340752658
8376,0.3561953516562581
8377,0.3596337484614426
8378,0.3508817627065951
8379,0.33349976810143
8380,0.3579239495030306
8381,0.3495771477035727
8382,0.3515635621975397
8383,0.3329178470177719
8384,0.3381532749422113
8385,0.3347780330963175
8386,0.3441664156213277
8387,0.3410761851902799
8388,0.3479610209508373
8389,0.3482329349775453
8390,0.3412328226287887
8391,0.3473590733001868
8392,0.3520334604340278
8393,0.3457505658105972
8394,0.3448629288080835
8395,0.3418534178977711
8396,0.3478993055282275
8397,0.3447174843776299
8398,0.3605543641168921
8399,0.3400207471140952
8400,0.338143194032352
8401,0.3481468785654274
8402,0.3466878715853867
8403,0.336160541223434
8404,0.3378675944665514
8405,0.3404550896185667
8406,0.3372165849300896
8407,0.3360495792585748
8408,0.3389861351910799
8409,0.3448963852404211
8410,0.3421999440997916
8411,0.3529069926587733
8412,0.330379609199497
8413,0.3555037794575563
8414,0.3454319566643718
8415,0.3376763508038812
8416,0.3389160609683586
8417,0.3456472156445116
8418,0.3401929266430577
8419,0.3403664170178874
8420,0.3433581781866459
8421,0.3489803583330743
8422,0.3447373073488718
8423,0.3416720945708506
8424,0.3402994357643401
8425,0.3406252031113435
8426,0.3452085524632077
8427,0.3436706297914126
8428,0.3391626662912684
8429,0.3542403012773058
8430,0.3385324665579454
8431,0.3421792021758892
8432,0.3468027722391292
8433,0.3426762510693079
8434,0.333699868647387
8435,0.3323810105601525
8436,0.3437427613600268
8437,0.3461666294809901
8438,0.3494402454712025
8439,0.3338644772158244
8440,0.3363533372215363
8441,0.3477834999226052
8442,0.3356233064980625
8443,0.3446031800930546
8444,0.3438065775063416
8445,0.3339648561554512
8446,0.3426099897447524
8447,0.3400792607638463
8448,0.3464713187624866
8449,0.3451550103994846
8450,0.3412645998601771
8451,0.344698308837394
8452,0.347943896060689
8453,0.3468957775490242
8454,0.3476799747923075
8455,0.3435840242361853
8456,0.3368090129085929
8457,0.3490645599311352
8458,0.3432444948195063
8459,0.3413652915104498
8460,0.3400534262649825
8461,0.3461659349019321
8462,0.3437959040791745
8463,0.345478920196018
8464,0.3516709202432881
8465,0.3412851891628204
8466,0.3474167970834465
8467,0.3516483952525273
8468,0.3510479287150104
8469,0.3440438821546746
8470,0.3542568438408255
8471,0.3611949124999972
8472,0.3490372721190891
8473,0.3340469581893164
8474,0.3442524103789289
8475,0.3377067359317585
8476,0.3396848100119595
8477,0.3419228900123481
8478,0.349484158851616
8479,0.3509176595639517
8480,0.3433490250023497
8481,0.3371613796244476
8482,0.3509219269587149
8483,0.3437633491673009
8484,0.344393070717066
8485,0.3460592836435237
8486,0.3430222086776064
8487,0.3376093932640147
8488,0.3453538259097324
8489,0.346824581015721
8490,0.3424643794111601
8491,0.3352436835184662
8492,0.3432937245372914
8493,0.3474160352808204
8494,0.347169185886495
8495,0.3404039985069718
8496,0.3368429967911146
8497,0.3449697234138961
8498,0.3408068058471943
8499,0.3502230394010653
8500,0.3395509477605786
8501,0.3466397364217948
8502,0.3463273140612847
8503,0.341564291600786
8504,0.3456675158256966
8505,0.340314996422015
8506,0.3451427863618239
8507,0.3465654703139403
8508,0.3466553832205422
8509,0.3456062783449895
8510,0.3568096795439595
8511,0.3460339406687287
8512,0.3417782998974885
8513,0.3533868659256
8514,0.3417077800080894
8515,0.3483937408949834
8516,0.3402567359680593
8517,0.342634034205497
8518,0.3531823641432125
8519,0.3475057753890085
8520,0.3495560953509432
8521,0.3527863914289885
8522,0.3459052125335303
8523,0.3513758895591098
8524,0.3524740436594234
8525,0.360683624760852
8526,0.3439140288544017
8527,0.3455569471297594
8528,0.3508009196646921
8529,0.3425551815379357
8530,0.3496555277755314
8531,0.3430454208697945
8532,0.3476590441187637
8533,0.3451335674700911
8534,0.3404370604009568
8535,0.3397548505801373
8536,0.3422929508716691
8537,0.345713901758674
8538,0.3463022732179848
8539,0.3502184094886537
8540,0.3431018440251558
8541,0.3588362203181301
8542,0.3390659167083188
8543,0.3462435474581046
8544,0.3411977112858803
8545,0.3447529222669098
8546,0.3398056289731028
8547,0.3535905884067359
8548,0.3496014674562578
8549,0.3409153399501566
8550,0.3412314955101148
8551,0.3487993500215334
8552,0.3363213861446059
8553,0.3463808777819165
8554,0.3448039513796679
8555,0.3346163657338128
8556,0.3446645883769698
8557,0.3439228672930296
8558,0.3437292228125376
8559,0.3387426820521204
8560,0.3409907186185846
8561,0.3379870563885637
8562,0.3404057134076157
8563,0.3361605661318908
8564,0.3488373719669903
8565,0.3427679710411209
8566,0.3494472468002303
8567,0.3459858836883712
8568,0.3417315363850352
8569,0.3454654374481598
8570,0.3354067443044804
8571,0.3484063988399846
8572,0.3416210996687901
8573,0.3448132193289337
8574,0.3384025745094048
8575,0.352243851916968
8576,0.3431019208699307
8577,0.3456901371887372
8578,0.3482608586016219
8579,0.3422548245062973
8580,0.3444471736313156
8581,0.34403238267022
8582,0.3437164784501268
8583,0.344596745171132
8584,0.3498573918596779
8585,0.3444508697638282
8586,0.3425528603725374
8587,0.3468765443842208
8588,0.3550303273299917
8589,0.3528316125139172
8590,0.3546685667555901
8591,0.3486146779588264
8592,0.3438793614060583
8593,0.3390611155213683
8594,0.3414562382035816
8595,0.3463183413257967
8596,0.3439610588746616
8597,0.3411267499479389
8598,0.3523767681341238
8599,0.3312447414426442
8600,0.3444635798265502
8601,0.3347809474654715
8602,0.3421356141476168
8603,0.3406532745997168
8604,0.3459016079860808
8605,0.3523266041381051
8606,0.3404425090888898
8607,0.3478893614186068
8608,0.3402051809759592
8609,0.3423672346530555
8610,0.3444799267843959
8611,0.3469740453644145
8612,0.3423386709266561
8613,0.3359361440783516
8614,0.3418662551847887
8615,0.3454825324075232
8616,0.3421733277176237
8617,0.3388612406739915
8618,0.3404916114009876
8619,0.3314023227346512
8620,0.3339249888054061
8621,0.3414840672687435
8622,0.340798664351119
8623,0.3412652934406927
8624,0.3476352630996433
8625,0.3352108928429633
8626,0.3444868272187869
8627,0.3407157836791764
8628,0.3323352880346857
8629,0.3257987506430319
8630,0.3500636990286634
8631,0.350700648384526
8632,0.3440043170635108
8633,0.342648870458432
8634,0.3449774864137772
8635,0.3539746831102624
8636,0.3399330502320677
8637,0.3522802426225735
8638,0.3350494674070983
8639,0.3440922944636339
8640,0.3391237270766474
8641,0.3349292771378261
8642,0.3370542083038815
8643,0.3387732779107519
8644,0.3317625381278586
8645,0.3385635729567616
8646,0.3494020470066206
8647,0.3456057013955562
8648,0.3356994544463642
8649,0.3478049753787015
8650,0.3489183936373651
8651,0.3491120361010868
8652,0.352078972240036
8653,0.3451831515341319
8654,0.3415670233875317
8655,0.3438848500879414
8656,0.3437461553204521
8657,0.3446819950951962
8658,0.349403212236467
8659,0.3454439543704322
8660,0.3363097165703911
8661,0.3415254249806463
8662,0.3422416639150901
8663,0.3394524644887469
8664,0.3473733098828002
8665,0.3514329079945302
8666,0.3438165507610276
8667,0.3428474788394279
8668,0.348187544631844
8669,0.3423809700306632
8670,0.3444369056956146
8671,0.3466456146744011
8672,0.3423400276264209
8673,0.3551341948026049
8674,0.3461159324876022
8675,0.3529312821178222
8676,0.345244729245414
8677,0.3370547802580111
8678,0.3484204871606045
8679,0.3471838048257146
8680,0.3432813692945778
8681,0.3422822340186961
8682,0.3454379244645939
8683,0.3432588114328634
8684,0.3394324012646719
8685,0.3423161602608224
8686,0.3519639215891978
8687,0.3386612063663606
8688,0.3453933207947466
8689,0.3477480414713259
8690,0.3452463815462571
8691,0.3519429416397015
8692,0.3419211787761581
8693,0.345956440381396
8694,0.3466572738664141
8695,0.3510403598137261
8696,0.3432956993548747
8697,0.348808446830702
8698,0.3475469633271812
8699,0.3549218387446941
8700,0.3410859939025146
8701,0.3409656823735391
8702,0.3471012983968144
8703,0.3418445548845484
8704,0.3466004716065192
8705,0.3393910099039493
8706,0.3443480143308711
8707,0.3493900298889139
8708,0.3474653426408113
8709,0.3396194943572908
8710,0.3453307830035391
8711,0.3454785930484558
8712,0.3347189907413042
8713,0.3417663496901216
8714,0.3473873005045096
8715,0.3375283014364744
8716,0.3459236568718969
8717,0.3430730676223651
8718,0.3445409060390428
8719,0.3453087689435248
8720,0.3429745661067644
8721,0.3387799701477081
8722,0.3450606875680828
8723,0.3349525271729926
8724,0.3463882057970485
8725,0.3395687061179178
8726,0.3384022761022704
8727,0.3407798589739865
8728,0.3416782724115639
8729,0.3391424132963915
8730,0.3483321074808979
8731,0.3469808976794458
8732,0.3536074652196135
8733,0.3467230667761709
8734,0.3471061019293285
8735,0.3439011191724072
8736,0.327835718793691
8737,0.3383365626709029
8738,0.3397449826519065
8739,0.3367380816312035
8740,0.3373752275622748
8741,0.3379903353391467
8742,0.3383220606363744
8743,0.3382875133603102
8744,0.3381484529890192
8745,0.3360445477877422
8746,0.3428367983347956
8747,0.3423363590361759
8748,0.3449633145747918
8749,0.3468644466098496
8750,0.3476062431637882
8751,0.3441911173110847
8752,0.3440872286710441
8753,0.3449478613165311
8754,0.3352253205198487
8755,0.3369721107852286
8756,0.3327276893884094
8757,0.3418850764194996
8758,0.3465087059034223
8759,0.339403099333775
8760,0.3402748057926722
8761,0.3383354318794963
8762,0.3431883027135881
8763,0.3343781705284313
8764,0.3457300618797548
8765,0.3370768296267042
8766,0.3447027117115956
8767,0.3365966203807631
8768,0.3470294699951332
8769,0.3419680540997868
8770,0.3437001838579471
8771,0.3395487210544164
8772,0.3469822560797035
8773,0.3490321565826205
8774,0.3461716309645822
8775,0.3497098923589748
8776,0.3372201713291385
8777,0.3438500322086926
8778,0.3460112967775146
8779,0.344076684844231
8780,0.3487444273396334
8781,0.3433328511441246
8782,0.3413225144405098
8783,0.347673004481295
8784,0.333702153450091
8785,0.3483166828697778
8786,0.3467826760404
8787,0.3448836238536365
8788,0.3492761312404489
8789,0.3465246862826787
8790,0.3401836374089833
8791,0.3392629178652017
8792,0.3478954445731601
8793,0.3444641049463089
8794,0.3444374819228067
8795,0.3396662594806672
8796,0.3397216260764016
8797,0.3512012156117953
8798,0.339373749812471
8799,0.3347920035432352
8800,0.3486864642312225
8801,0.3386341466860246
8802,0.3405121529706124
8803,0.3421694553148628
8804,0.3468446524341262
8805,0.3402448124842081
8806,0.344959566686618
8807,0.3452339433817182
8808,0.3391653789479892
8809,0.3430581126098581
8810,0.3477688508821963
8811,0.3407003390301201
8812,0.3448018202432749
8813,0.3405673084983123
8814,0.342984427932045
8815,0.3486105324650285
8816,0.3356657278109319
8817,0.3414755157196463
8818,0.3369700615961628
8819,0.3367695525433117
8820,0.343820097519811
8821,0.3447333249507547
8822,0.3429794119202782
8823,0.336099633720509
8824,0.336429629439827
8825,0.3379510266340941
8826,0.3421336995965778
8827,0.3400679689802512
8828,0.3412806360197565
8829,0.3429961166694874
8830,0.3394912056223584
8831,0.3392762414339483
8832,0.3397631307409768
8833,0.3436187546387085
8834,0.3304361855967523
8835,0.3352846441931486
8836,0.339774835945824
8837,0.3382229653241066
8838,0.3441729065833962
8839,0.3417518952016675
8840,0.332890052654626
8841,0.3433266817187023
8842,0.3356088530118064
8843,0.3361114283703947
8844,0.3460129921855826
8845,0.3414701449996729
8846,0.3538882027870399
8847,0.3386172505314071
8848,0.3472877057257628
8849,0.3401606183561459
8850,0.3481298392445712
8851,0.344858261209003
8852,0.3424343771236887
8853,0.3455993879835816
8854,0.3362536538725832
8855,0.3471602317501707
8856,0.3400389643327541
8857,0.3442297342275283
8858,0.3391790700817374
8859,0.3411642682711666
8860,0.3352328308244707
8861,0.3536128822896885
8862,0.3383191863942805
8863,0.3459201394475217
8864,0.3470298939869192
8865,0.3482475930997384
8866,0.3460114576449745
8867,0.3393672606269962
8868,0.3357487239779492
8869,0.3414218205201216
8870,0.3484438413841209
8871,0.3443408639770613
8872,0.3484101526053416
8873,0.3441839065012226
8874,0.3436147635191706
8875,0.3448489512381748
8876,0.331996307718375
8877,0.339393573597072
8878,0.3350214859921316
8879,0.3474525673550648
8880,0.3465561580528437
8881,0.3358139043274457
8882,0.3426653373219515
8883,0.3331630477961595
8884,0.3403110796689083
8885,0.350277439142251
8886,0.3483597887747913
8887,0.3445246117427502
8888,0.3516677991195153
8889,0.3307622937279152
8890,0.3442184024847712
8891,0.3467636943616282
8892,0.3420862158654415
8893,0.338347849042684
8894,0.3414697115519939
8895,0.3459540690170552
8896,0.3407592168127343
8897,0.3412448083968914
8898,0.3451544240411053
8899,0.3433742219359382
8900,0.3442675452830578
8901,0.3467516126208455
8902,0.3456478343599789
8903,0.3359252648288859
8904,0.3529604298019758
8905,0.3310801400281062
8906,0.3466329844903071
8907,0.3329448717643776
8908,0.3374929583770492
8909,0.3424258967457572
8910,0.338918682407489
8911,0.3425807948463559
8912,0.3392964388806305
8913,0.3414914718590923
8914,0.336483188671107
8915,0.3409611346593343
8916,0.3412274970468408
8917,0.3441596792826548
8918,0.3443419916893594
8919,0.3450214717985616
8920,0.3395966261659421
8921,0.3361412901068505
8922,0.3460183060936942
8923,0.3410906799841905
8924,0.3463680335403857
8925,0.3489307084268869
8926,0.3449975367128523
8927,0.3361057358825897
8928,0.3389601653347228
8929,0.3348194251995515
8930,0.3403665000868036
8931,0.3398571493346446
8932,0.3383512531601308
8933,0.3441507246288305
8934,0.3393216775390716
8935,0.3340531766094792
8936,0.3435230575451485
8937,0.3301861770781375
8938,0.3457239252558126
8939,0.3380556495437012
8940,0.3420188691006099
8941,0.3396613261679789
8942,0.3446980409224865
8943,0.3356326112523604
8944,0.3470836735326223
8945,0.3381425043342196
8946,0.3277347172146596
8947,0.3314011236220934
8948,0.3360536920164017
8949,0.341869313345912
8950,0.3404437199982796
8951,0.3390839992232641
8952,0.3413685263280648
8953,0.3347948627205496
8954,0.3376127679783932
8955,0.3380267851203918
8956,0.3393971511918652
8957,0.3316310180417706
8958,0.3403156988656449
8959,0.3381569359715586
8960,0.3474276702253309
8961,0.3462872213430375
8962,0.3446559794973252
8963,0.336305159710153
8964,0.3432664432663176
8965,0.3407008843488756
8966,0.3399435485424436
8967,0.3386697751324613
8968,0.3455605404765666
8969,0.3426561621184559
8970,0.3445988483791487
8971,0.3347471400487808
8972,0.3544054985614914
8973,0.3536880208777497
8974,0.3404929489173649
8975,0.339277696118735
8976,0.3258536105705819
8977,0.3430690774792667
8978,0.3296666176181298
8979,0.348516570674224
8980,0.3498816100629688
8981,0.3411647166386558
8982,0.3396178670222418
8983,0.333189855805842
8984,0.3459280456780008
8985,0.3423890390177547
8986,0.3323217407975037
8987,0.3331005513952936
8988,0.3299171556432069
8989,0.3366207210309097
8990,0.3461297862532845
8991,0.3487789220297308
8992,0.3316786770761937
8993,0.3409850192026243
8994,0.3456640750301666
8995,0.3410304109087712
8996,0.3483258681339451
8997,0.334573564608369
8998,0.341643681426664
8999,0.3455580466981383
9000,0.3483365358367719
9001,0.33620568950202
9002,0.3362362206937259
9003,0.3459140289150095
9004,0.3342977051172261
9005,0.3490903994099061
9006,0.3299498202572955
9007,0.331366150834832
9008,0.3423607198002237
9009,0.3545138225347367
9010,0.339008613899535
9011,0.3437014138947379
9012,0.3350525391506358
9013,0.3463750510072598
9014,0.3412282629044158
9015,0.3408665096537493
9016,0.348152944757602
9017,0.3435833624921565
9018,0.3284689218489214
9019,0.3324532286554251
9020,0.3375394225403401
9021,0.3457553996457062
9022,0.339298249809993
9023,0.3391935380231721
9024,0.3390593915004433
9025,0.334414123329091
9026,0.3453728465879165
9027,0.3425902354610319
9028,0.339938528333022
9029,0.3370274566580577
9030,0.3368792953874975
9031,0.3344242285681112
9032,0.3391565811774658
9033,0.345756841492884
9034,0.3412694123332542
9035,0.3318094170444255
9036,0.3418278514904238
9037,0.3312816752038074
9038,0.3500052265012737
9039,0.3484476708919435
9040,0.3475837917290843
9041,0.3365632213784975
9042,0.3412621826569245
9043,0.3328658421364193
9044,0.3431393852007633
9045,0.3461055493932722
9046,0.338590295405919
9047,0.3494010563478589
9048,0.3337692647673874
9049,0.3323810911415787
9050,0.3399471256056041
9051,0.3456763750922402
9052,0.3464918530556481
9053,0.3449880027342467
9054,0.3379525792955412
9055,0.3378907228912809
9056,0.3408422167101665
9057,0.3454185170772356
9058,0.3405587642008121
9059,0.3457560612813615
9060,0.3369995589103628
9061,0.3392023720411888
9062,0.338263511545659
9063,0.3443485651644514
9064,0.3513225360252135
9065,0.3318491214280842
9066,0.3478155796452061
9067,0.3374196856708004
9068,0.3381991525106514
9069,0.3364391732087329
9070,0.3423800442757986
9071,0.3397096181728481
9072,0.3456678617442175
9073,0.3509885525012509
9074,0.3455187408594203
9075,0.3384500533429947
9076,0.3361494296743122
9077,0.3415941566844743
9078,0.3346672347838917
9079,0.3381282944040084
9080,0.3363099457740587
9081,0.3443825606667572
9082,0.3433873432268407
9083,0.3400493495822217
9084,0.334733620880961
9085,0.3425785203265014
9086,0.3319260539503235
9087,0.3383086371724122
9088,0.3440443901035607
9089,0.3501998410684992
9090,0.3465710985651609
9091,0.3351682618761066
9092,0.3364665394275525
9093,0.3423189295772691
9094,0.3356053434475137
9095,0.3376300924875133
9096,0.3437220134058598
9097,0.3339375707767273
9098,0.3380898156823603
9099,0.345471781516142
9100,0.3328263106944124
9101,0.3421333131349511
9102,0.342755556864342
9103,0.3391119805767277
9104,0.3388288492256465
9105,0.3289892730348641
9106,0.3447501381221038
9107,0.3334382896156462
9108,0.3485978413318247
9109,0.3363073933343434
9110,0.3308194368489329
9111,0.3335555629794126
9112,0.3489468807152973
9113,0.3466174349589785
9114,0.3338733204213499
9115,0.336623851018742
9116,0.3330722173046949
9117,0.3289889821504694
9118,0.3462741533018135
9119,0.3463995470716332
9120,0.3425529756854899
9121,0.3407023855363006
9122,0.3395114701636051
9123,0.33910454728916
9124,0.3430110814279705
9125,0.3399471976000933
9126,0.3420284922046961
9127,0.3419096518074455
9128,0.3329597393954744
9129,0.3345119454143144
9130,0.3434730061368433
9131,0.348548287595881
9132,0.3316289475526507
9133,0.3445150022899442
9134,0.3416246184641902
9135,0.3405264680565518
9136,0.3441256422309161
9137,0.3360185590781595
9138,0.3447130079927048
9139,0.3356986870944625
9140,0.348517485511425
9141,0.3356286720074367
9142,0.3375031446842179
9143,0.334237899543698
9144,0.3434641626943243
9145,0.3382632910791267
9146,0.3411006956735313
9147,0.3299201257653126
9148,0.331641662634492
9149,0.3403306145499996
9150,0.3461030188791665
9151,0.3346685333636512
9152,0.3365560898209006
9153,0.3357376466275955
9154,0.332112948770345
9155,0.3436873134513298
9156,0.3303271687475227
9157,0.3306907854253224
9158,0.3376233797009597
9159,0.34575593600433
9160,0.3466060894002081
9161,0.3411545652826342
9162,0.3306874073674061
9163,0.3483118430144462
9164,0.3382691480404484
9165,0.3448707229879316
9166,0.3485637560587678
9167,0.3450716411984547
9168,0.3384695775968579
9169,0.3392645927479301
9170,0.3390136463417777
9171,0.3480824808912134
9172,0.3415727279290722
9173,0.3341396977995495
9174,0.3442030489547696
9175,0.3295196024621538
9176,0.3410528652525654
9177,0.3397137711083782
9178,0.3497362330381803
9179,0.3539443400391392
9180,0.3309330875192976
9181,0.3410462472339162
9182,0.3388767501382854
9183,0.3360587187354332
9184,0.3333204126966577
9185,0.3436403443405366
9186,0.3385364522697577
9187,0.335591085690178
9188,0.3358015499265099
9189,0.3344034286464548
9190,0.343580801027851
9191,0.3372560823334234
9192,0.3340796772406617
9193,0.3322055088158298
9194,0.3351387810514994
9195,0.3344800120207866
9196,0.3303717258729946
9197,0.3334418179103514
9198,0.3410217314804894
9199,0.3385429853244616
9200,0.3420757238874354
9201,0.3435781914204329
9202,0.3308436622254695
9203,0.33979879646469
9204,0.3406398645383769
9205,0.3436465467292006
9206,0.335780047572064
9207,0.3393835399599315
9208,0.3363000690205037
9209,0.3394121847625096
9210,0.3394307014360569
9211,0.3361759683404453
9212,0.3393332818119255
9213,0.343810034559323
9214,0.3389376626361118
9215,0.3410513008699059
9216,0.3416109938763369
9217,0.3318146584945896
9218,0.3391015340609807
9219,0.3367071437552412
9220,0.3302885910152152
9221,0.3425973830457846
9222,0.3410570465592266
9223,0.3444070678016879
9224,0.3394717949330625
9225,0.342469486985388
9226,0.3461906210887912
9227,0.3406120956899269
9228,0.3333385531187618
9229,0.3399223507247457
9230,0.336056976524924
9231,0.3446132995700212
9232,0.3429576068407127
9233,0.3355107891285585
9234,0.3340915566080879
9235,0.3404033292342188
9236,0.3280032958378752
9237,0.3368398579227684
9238,0.3446367221729204
9239,0.3364933980134729
9240,0.3353155398567635
9241,0.343687465573162
9242,0.336237362628061
9243,0.3519073637185864
9244,0.337324497088514
9245,0.3478117034204697
9246,0.3458325123508627
9247,0.3413812756002695
9248,0.343981504561892
9249,0.3373947210229543
9250,0.3439174866856342
9251,0.3346822182712757
9252,0.3324665653831954
9253,0.3397371451795853
9254,0.3340534283877963
9255,0.3468189569883707
9256,0.3383322694201069
9257,0.3393458761745765
9258,0.3406181928611019
9259,0.3294171746842219
9260,0.3321651568463813
9261,0.3449671448605315
9262,0.3274136240699432
9263,0.3382939953867975
9264,0.3416778376755843
9265,0.3286732841202471
9266,0.3402073221137148
9267,0.3291016224108339
9268,0.3334577277257435
9269,0.3413743535155952
9270,0.3418239247878383
9271,0.3436418161259207
9272,0.3384793198261793
9273,0.3382648095419703
9274,0.3466703067852401
9275,0.3420425942928451
9276,0.3368686770545753
9277,0.3433025940988246
9278,0.3314258902269369
9279,0.3404650046351907
9280,0.3270859044203569
9281,0.3471654146987577
9282,0.3367055589838151
9283,0.3357431003412997
9284,0.339063474760672
9285,0.3384443829903675
9286,0.3386609706519273
9287,0.3439377383951897
9288,0.3404854460789723
9289,0.3386781649925491
9290,0.3307673728795991
9291,0.3381964539794639
9292,0.3323040060780844
9293,0.3419581168667944
9294,0.3493879107217589
9295,0.341682762952563
9296,0.3430339971822294
9297,0.3398460933376959
9298,0.3459756793423991
9299,0.3368628075136966
9300,0.3385608486607318
9301,0.3444360678450647
9302,0.3362286478252897
9303,0.3426568230499641
9304,0.3311394864015272
9305,0.3392005676827101
9306,0.3419746118537362
9307,0.3452768352633673
9308,0.3399946550040164
9309,0.3383487267437602
9310,0.335234194517545
9311,0.3476472051298642
9312,0.3391900292897222
9313,0.3397783366525289
9314,0.340749725160848
9315,0.3481610371482425
9316,0.3345468334178268
9317,0.3435209726042877
9318,0.3401140848922035
9319,0.3424784743643816
9320,0.3482207797730186
9321,0.3441637610146275
9322,0.346315841184306
9323,0.3377149707271334
9324,0.3425738342220786
9325,0.3379786157645805
9326,0.3433235827011662
9327,0.3375520651048407
9328,0.3338504077813236
9329,0.3441532453359192
9330,0.3386576239176818
9331,0.3452369898180737
9332,0.3419747026544413
9333,0.3375348610134619
9334,0.3398195607987549
9335,0.3411818411219449
9336,0.3416745731952721
9337,0.3388454758102179
9338,0.3348568752312454
9339,0.3454962921977443
9340,0.3351038896163908
9341,0.3289889205959407
9342,0.3320215319973078
9343,0.3372553193345255
9344,0.3251477494462252
9345,0.3419152702580373
9346,0.3274884605645402
9347,0.3448964257523655
9348,0.3234855372296352
9349,0.3338574503353164
9350,0.3377840526836066
9351,0.3347750304132252
9352,0.3401376235346763
9353,0.3359318836083699
9354,0.3401977160240917
9355,0.3392377565530892
9356,0.3348006486470294
9357,0.3321668582519285
9358,0.3424993153982969
9359,0.3342551470402037
9360,0.3419954304762038
9361,0.333890687386135
9362,0.3401304676842549
9363,0.3320038481892732
9364,0.3445647008569996
9365,0.3302789427919952
9366,0.340181835898836
9367,0.345294925143608
9368,0.3477760324140586
9369,0.3299694251024529
9370,0.3373104697982884
9371,0.3299198227337938
9372,0.3356382924530383
9373,0.3355811635925744
9374,0.3426816943107728
9375,0.3277158643295744
9376,0.3329331934712896
9377,0.3367812161925305
9378,0.3404249315810487
9379,0.3305018288800306
9380,0.3430349312097306
9381,0.3410383723905228
9382,0.3436990557781642
9383,0.3379608855965613
9384,0.3356603009069737
9385,0.3463129324648316
9386,0.3346861528141385
9387,0.3359590099190181
9388,0.3243724906993716
9389,0.3369288665549352
9390,0.3395659393189606
9391,0.3335954451972288
9392,0.337799057109217
9393,0.3308552985368908
9394,0.3360013784304886
9395,0.3435658234457777
9396,0.3340884246191684
9397,0.3338424141443017
9398,0.3382833374875656
9399,0.3402375482079882
9400,0.3415367966117344
9401,0.3314911738656583
9402,0.3459271092641558
9403,0.329407899558666
9404,0.3343503479283913
9405,0.3352237061728479
9406,0.3399157278805849
9407,0.3443357946018632
9408,0.3355918723867483
9409,0.3319217205422674
9410,0.344134841393182
9411,0.3456878083683294
9412,0.3398881432656752
9413,0.3336939593378977
9414,0.3431090289483038
9415,0.3380157356627116
9416,0.3401227290640874
9417,0.3434721750290535
9418,0.3423182632457469
9419,0.3326747109165222
9420,0.3397880266566978
9421,0.3499593026462915
9422,0.3387453560628459
9423,0.3462586845172867
9424,0.339989887947243
9425,0.3335641536169338
9426,0.3430660624829645
9427,0.3337458918791252
9428,0.3485034577524425
9429,0.3413889016096408
9430,0.3360866602189556
9431,0.3446843384789768
9432,0.3342512154444912
9433,0.3429509792519923
9434,0.3426281479753041
9435,0.3362466020159019
9436,0.3536529584058309
9437,0.3401535252633749
9438,0.3391306783885988
9439,0.3339509942081665
9440,0.3379959273870969
9441,0.339133369040683
9442,0.3420216774247976
9443,0.3449704728891287
9444,0.3367415714158075
9445,0.3346049940235163
9446,0.3421815843266064
9447,0.3386185845296147
9448,0.3324591157084108
9449,0.3453248122505757
9450,0.3376840790719013
9451,0.3371422399789062
9452,0.3341130253725599
9453,0.3370671491224815
9454,0.3462044702757476
9455,0.3349406002839841
9456,0.3401381223911591
9457,0.3271113475324176
9458,0.3428313119652834
9459,0.3337161395669925
9460,0.3396782794816816
9461,0.3386095891222636
9462,0.3487856243864709
9463,0.3385276414442544
9464,0.3258444637401032
9465,0.3451766570385167
9466,0.343261611785308
9467,0.3349490852446671
9468,0.3410627801554494
9469,0.3336282749392966
9470,0.3441915943907877
9471,0.3274744806473785
9472,0.3455179131807351
9473,0.3440260715878619
9474,0.3463293524871642
9475,0.3505618655889058
9476,0.3379740628210197
9477,0.3378771325015688
9478,0.3375133319537197
9479,0.3387571693761727
9480,0.3332288834260364
9481,0.3357565338682484
9482,0.3410980795553573
9483,0.3347895300179304
9484,0.3346225969405819
9485,0.3418303174756876
9486,0.3368865956139907
9487,0.3400596246679052
9488,0.3489643268294723
9489,0.3342173611308942
9490,0.3414148688447317
9491,0.338313759925895
9492,0.3385474614845886
9493,0.3367412210568472
9494,0.3394181450993916
9495,0.3378592530580395
9496,0.3356059498756182
9497,0.339417508542301
9498,0.3448966027696487
9499,0.3352305773548819
9500,0.3339919759723851
9501,0.337248850110989
9502,0.3376450682712743
9503,0.341893026516119
9504,0.3387861236406494
9505,0.3307622592389023
9506,0.3330429160064287
9507,0.3332083865482503
9508,0.3321778738934346
9509,0.3393528992975048
9510,0.3355947828875436
9511,0.3316240106957889
9512,0.3251074861242706
9513,0.3467968039678002
9514,0.3354351249507237
9515,0.328038708728301
9516,0.3379010967182073
9517,0.3411640831771404
9518,0.3375357310544201
9519,0.3464346411697037
9520,0.3396665547903591
9521,0.3353660699103005
9522,0.3386317106168341
9523,0.337053587338834
9524,0.3402973742957266
9525,0.3343373549318099
9526,0.3386444237210612
9527,0.3334290525655546
9528,0.3317726897308271
9529,0.3221342336703292
9530,0.3394691647735436
9531,0.3306665267348612
9532,0.3414332411597259
9533,0.3384372301283644
9534,0.337339294017731
9535,0.3257172043594424
9536,0.3309288485658913
9537,0.3224842004929687
9538,0.3321343064392827
9539,0.3314473999864599
9540,0.3389562405225564
9541,0.33185000612506
9542,0.3431161058225179
9543,0.3306484616443751
9544,0.3328393273930651
9545,0.33461440871452
9546,0.347770891662308
9547,0.3355779033763184
9548,0.3295403680231551
9549,0.3340596059737981
9550,0.3352637136211972
9551,0.3432252118740462
9552,0.3311521166657206
9553,0.3320250141878135
9554,0.3363990484621745
9555,0.3330878738556517
9556,0.3318064536833264
9557,0.3412479002079193
9558,0.3445053709878384
9559,0.3283789001068452
9560,0.3285452359125895
9561,0.3334684575516389
9562,0.3398494880253355
9563,0.338192024829615
9564,0.3386088323192955
9565,0.3383294722211903
9566,0.3398990278955989
9567,0.3357850941021104
9568,0.3294428627663185
9569,0.3437286947707018
9570,0.346373958053343
9571,0.3394254638037313
9572,0.3364384282033946
9573,0.3346343525564297
9574,0.3358874279261193
9575,0.3383764749151327
9576,0.3302267126445006
9577,0.3402383020688733
9578,0.3360979818682424
9579,0.3291495493494867
9580,0.3379286819180587
9581,0.3344706288675051
9582,0.3459118025022333
9583,0.3463513458540277
9584,0.3428731837481618
9585,0.3421826517949837
9586,0.3327457786861253
9587,0.3377603557724107
9588,0.3405832752844434
9589,0.3411744180999204
9590,0.3383683206170903
9591,0.3418674286363479
9592,0.3366620014614161
9593,0.3395194043563555
9594,0.3421859006241832
9595,0.3352360840543739
9596,0.3415240208817889
9597,0.3345349317293712
9598,0.333714143459316
9599,0.3349764984943366
9600,0.3372782823773332
9601,0.3292865151293844
9602,0.3384472835890681
9603,0.3303268675492987
9604,0.3355860050209612
9605,0.3300395211206753
9606,0.3520279515232851
9607,0.3453911676910539
9608,0.3356823524753931
9609,0.3493890640773953
9610,0.341384508053611
9611,0.3307674025016524
9612,0.3430032359224079
9613,0.3353926370131027
9614,0.340065277285744
9615,0.3427960126732663
9616,0.341004859719514
9617,0.3294362867691533
9618,0.3337633700524618
9619,0.3410873150881619
9620,0.3326939400530176
9621,0.3343119260393466
9622,0.3387153587363977
9623,0.3338062316821518
9624,0.341944883295885
9625,0.3368926710204857
9626,0.3325994582116717
9627,0.3311611729553163
9628,0.3401126873836498
9629,0.3306976661204229
9630,0.3346114288057906
9631,0.340097012807358
9632,0.3324980219544757
9633,0.3244222885184389
9634,0.3321065767493864
9635,0.340565968210922
9636,0.3264792699295559
9637,0.3401285294848026
9638,0.3421176568466397
9639,0.3348831811764761
9640,0.3402466540601328
9641,0.3316764592877746
9642,0.3399915269424204
9643,0.3370966324817001
9644,0.3395070443324672
9645,0.3357733683662077
9646,0.3259408875010983
9647,0.3377080178489607
9648,0.3273716209844317
9649,0.3329216786199441
9650,0.3286178329329041
9651,0.3393963001261457
9652,0.3376350143181912
9653,0.3312666015029646
9654,0.3279474678861728
9655,0.3351739991882866
9656,0.3314806361900211
9657,0.3402769549882569
9658,0.3340659878507275
9659,0.3306698204033976
9660,0.3435610028057002
9661,0.341168328918021
9662,0.328833928763363
9663,0.33627716002683
9664,0.3318789735179634
9665,0.3392587497040996
9666,0.3347786972752548
9667,0.3376628696841008
9668,0.3216238545721969
9669,0.3362429925906635
9670,0.3236752916146145
9671,0.3359220379875134
9672,0.3298598781652981
9673,0.3339001729963028
9674,0.3422661182599957
9675,0.3499557509253509
9676,0.3337901007991745
9677,0.3414201585200304
9678,0.3372525316522126
9679,0.3388779896878445
9680,0.3375059592780583
9681,0.3394383537350414
9682,0.3341565114436906
9683,0.3382133680090414
9684,0.3345778872457798
9685,0.3381906856902578
9686,0.3367199852501363
9687,0.3427451254681246
9688,0.3454484981185833
9689,0.343092282048334
9690,0.3357668363301371
9691,0.3339802266120755
9692,0.3314505077468971
9693,0.3310401306849307
9694,0.328824877336945
9695,0.3350451684681764
9696,0.33823270586867
9697,0.3388299572222155
9698,0.3327472416280647
9699,0.3298846014542156
9700,0.3406360499602145
9701,0.3398237206853673
9702,0.3284604646815731
9703,0.3459058894597264
9704,0.3365389350049304
9705,0.3410976565650178
9706,0.3343592146174013
9707,0.335225721770945
9708,0.340496043607676
9709,0.3361060272597981
9710,0.3389865280110377
9711,0.3372518499568444
9712,0.3445885830965663
9713,0.3395615372368907
9714,0.3408440615422601
9715,0.3341812274984114
9716,0.3427176865588523
9717,0.3413096191943361
9718,0.3394907121049579
9719,0.3458721171269008
9720,0.3413265729325385
9721,0.3371327859355835
9722,0.3362115548890131
9723,0.3428716691672718
9724,0.3427240235486385
9725,0.3377819580298178
9726,0.3307920892812743
9727,0.3289703460927426
9728,0.3409456433898379
9729,0.3481427203409802
9730,0.3406623945035708
9731,0.3375560380279794
9732,0.3346759358286567
9733,0.3371789738361835
9734,0.339210969266849
9735,0.3399174897446783
9736,0.3347755742219856
9737,0.3369723927113801
9738,0.3330772746304323
9739,0.3338574797951597
9740,0.3396438390697496
9741,0.341301175021353
9742,0.3369286557387222
9743,0.3341820483761798
9744,0.3325282252455377
9745,0.3411553264608384
9746,0.3339480785938676
9747,0.3302220329267306
9748,0.3431220805294862
9749,0.343633276314126
9750,0.3276501590310615
9751,0.3337216920573165
9752,0.3389835022942311
9753,0.3373586158399306
9754,0.3306431842188176
9755,0.3417051270027901
9756,0.3243590357088923
9757,0.3389375621216917
9758,0.3326911241341262
9759,0.336560183427297
9760,0.3377862376616816
9761,0.3328410762200102
9762,0.3409963573462902
9763,0.3461545168923111
9764,0.3307985084123553
9765,0.3415615816930954
9766,0.342796120827376
9767,0.3415989473939034
9768,0.3334672845088439
9769,0.3316089048139768
9770,0.3407868000729278
9771,0.3334388531217118
9772,0.3315040144314306
9773,0.3291847092736091
9774,0.3306663538559596
9775,0.3405644627894325
9776,0.340880837333296
9777,0.3320321754632413
9778,0.3391174294757766
9779,0.334297890072123
9780,0.3312634076488801
9781,0.3372212783011663
9782,0.3385934626579686
9783,0.3198846620508883
9784,0.3284941995376364
9785,0.3404159735164694
9786,0.3294662496897024
9787,0.3316847658002497
9788,0.3279467324328152
9789,0.3435920702202383
9790,0.3343099786425679
9791,0.3360860544735022
9792,0.333853093280794
9793,0.3394254196778368
9794,0.3428022608882564
9795,0.3396823840738971
9796,0.3375709439264512
9797,0.3297897947370459
9798,0.3381980642920996
9799,0.3385762131003229
9800,0.3381422369036169
9801,0.3299903989591681
9802,0.3339243508179949
9803,0.3312086340039815
9804,0.3341183017631765
9805,0.328373922293894
9806,0.342246186481091
9807,0.3311305768909138
9808,0.3359398888351073
9809,0.3301001564734337
9810,0.3296774641012443
9811,0.3312083891166721
9812,0.3311321328245917
9813,0.3365340089274106
9814,0.3349724898541603
9815,0.3343396901451738
9816,0.3332963999208305
9817,0.3387325559042061
9818,0.334605315886503
9819,0.3299041199625426
9820,0.3459449228887398
9821,0.3345229774099635
9822,0.3350474208395466
9823,0.3332978965379058
9824,0.3414627066355523
9825,0.3363831607748632
9826,0.3335581169902141
9827,0.3363836114347961
9828,0.3292620930892734
9829,0.3336035093198463
9830,0.3206591102547968
9831,0.3276940067433742
9832,0.3358674139197681
9833,0.3215058947667311
9834,0.3391491899249572
9835,0.3273037479861391
9836,0.3179261021152704
9837,0.3341914277034164
9838,0.3279290011372068
9839,0.3230831309166533
9840,0.3342754367278274
9841,0.337259070070089
9842,0.3280501776831659
9843,0.3283514540821121
9844,0.3298767160971592
9845,0.3274695171210026
9846,0.3408749681334909
9847,0.3373227494456648
9848,0.3322432703502484
9849,0.3392544748440824
9850,0.3349698380917723
9851,0.3302566437446434
9852,0.3400507634147179
9853,0.3364466627004798
9854,0.3306142826152279
9855,0.3333745355118421
9856,0.331711543421304
9857,0.3301943203478121
9858,0.3326894712505402
9859,0.3379342839741227
9860,0.3402226832764312
9861,0.3451591047160112
9862,0.3410829457895054
9863,0.3424121744898112
9864,0.3356576531855154
9865,0.3394898010941351
9866,0.3401576254511273
9867,0.3315829659738159
9868,0.3347416258466392
9869,0.3376107896974419
9870,0.3336550520339758
9871,0.3420127819030336
9872,0.3334941673494204
9873,0.3457506275568456
9874,0.33453461353801
9875,0.3334122046636646
9876,0.3342774412421606
9877,0.3336143619586105
9878,0.3283167772823898
9879,0.3289273153088776
9880,0.3365999165561402
9881,0.32571581617715
9882,0.3340041984124061
9883,0.3366146354432549
9884,0.331821569130639
9885,0.3350429551537687
9886,0.3392271029184009
9887,0.3358400887379033
9888,0.3418036456052268
9889,0.3404134748136573
9890,0.3380401341032675
9891,0.3335130079632362
9892,0.3400524723604644
9893,0.3342406335961399
9894,0.3359054898355607
9895,0.3347914537267216
9896,0.3422658106252829
9897,0.3318909463478601
9898,0.3302881622693207
9899,0.3400562224029176
9900,0.3362471981004526
9901,0.330142958014092
9902,0.33513011499213
9903,0.3281946836193398
9904,0.3338101628434764
9905,0.3338564600293513
9906,0.3400339549003498
9907,0.3358087999735789
9908,0.3225384640472127
9909,0.3332258740305342
9910,0.3359133129165074
9911,0.3441416393789332
9912,0.334895359876474
9913,0.341915627840501
9914,0.3432455709998405
9915,0.3346130417132357
9916,0.341107726509215
9917,0.3352073784035968
9918,0.3351998101021695
9919,0.3367014638415275
9920,0.3439858385150032
9921,0.3214246530734732
9922,0.3319041878824587
9923,0.3362123678758336
9924,0.3299308411907706
9925,0.3235562729363718
9926,0.3325718797445792
9927,0.3360085447020376
9928,0.322332260730672
9929,0.3351884828096134
9930,0.3334915611867241
9931,0.3238214357766721
9932,0.3340081651793911
9933,0.3250653085563434
9934,0.3300220861989835
9935,0.3363448972307024
9936,0.3305528532612241
9937,0.3337855265018296
9938,0.3384675568671332
9939,0.3413425904466669
9940,0.3389375822386491
9941,0.3457791349897033
9942,0.3381241843325009
9943,0.3335780991519012
9944,0.3246257163107093
9945,0.3301221614883155
9946,0.3414302839296782
9947,0.3285025726158982
9948,0.3352103428488776
9949,0.3351893953766652
9950,0.3330914764453222
9951,0.3354441201260671
9952,0.3374821684733391
9953,0.3275569176200218
9954,0.3320995812487823
9955,0.3327076194731072
9956,0.3337115754409762
9957,0.3297396622991872
9958,0.3324691784441891
9959,0.3372507836293536
9960,0.3329146478333357
9961,0.3342376301466584
9962,0.3288418795227556
9963,0.3253823629718225
9964,0.3210538988751397
9965,0.3409196449600029
9966,0.3216142166887483
9967,0.3279813015952201
9968,0.3332477362140097
9969,0.3442884053583224
9970,0.3453657071501482
9971,0.346016476653751
9972,0.3397384740019905
9973,0.3406709084506231
9974,0.3282662165563288
9975,0.3249757102490322
9976,0.3301889301523292
9977,0.3319501052266979
9978,0.332908224374408
9979,0.3366062843104366
9980,0.333821943796701
9981,0.3309397611051981
9982,0.3302738987819734
9983,0.3316803865095589
9984,0.337433099768379
9985,0.3460281065038851
9986,0.334900479681618
9987,0.3321214076745373
9988,0.3281014586116745
9989,0.3276942407901155
9990,0.3249406977752055
9991,0.336802144074578
9992,0.3324542217034912
9993,0.3223660203830333
9994,0.3363870251731616
9995,0.3296468339432548
9996,0.3337410458217253
9997,0.3392733407163871
9998,0.3262188791527476
9999,0.3377728741094327
10000,0.3230747526655201
10001,0.337051700730553
10002,0.3372743126932443
10003,0.3345063070644669
10004,0.3310586984747623
10005,0.3347512888756795
10006,0.3411941896285219
10007,0.3266540494893938
10008,0.3352467292539702
10009,0.321697669686343
10010,0.3278102359977916
10011,0.3286481707502849
10012,0.3294543247979474
10013,0.3377835382917608
10014,0.3360591061830014
10015,0.326501396249118
10016,0.3340767635504465
10017,0.3284540592113715
10018,0.3273736433471438
10019,0.3337588236579884
10020,0.3246355327847385
10021,0.3323645761388066
10022,0.334896389591325
10023,0.3330000057550205
10024,0.3351046145599045
10025,0.3343411911812396
10026,0.3349054942641756
10027,0.3387052696469032
10028,0.3252556870420816
10029,0.3315283262807024
10030,0.3298748833478782
10031,0.3335058763761871
10032,0.3375596664740297
10033,0.337990441978569
10034,0.3312911835034338
10035,0.328235094280404
10036,0.3307546564097086
10037,0.3416891263703191
10038,0.3365944570992317
10039,0.3298870691070653
10040,0.3339311583511193
10041,0.3254303924320009
10042,0.3331633596360691
10043,0.3432621473890598
10044,0.3300173357476661
10045,0.3234973703131197
10046,0.3350318235073282
10047,0.3330313626682991
10048,0.3327546093147819
10049,0.3359266564852631
10050,0.3290375257179153
10051,0.3286402632759577
10052,0.3342009172667637
10053,0.3317026960982196
10054,0.3315693566479409
10055,0.3208442249891633
10056,0.3295990702943407
10057,0.3315068294747714
10058,0.3256748249404283
10059,0.3239450262734518
10060,0.3388756583124319
10061,0.3207337624763108
10062,0.3369451504778796
10063,0.3399240255032315
10064,0.3377116730769552
10065,0.335367512072049
10066,0.3336879439220082
10067,0.3321956127032316
10068,0.3366078082609983
10069,0.3356790367561546
10070,0.3318741889052765
10071,0.3375200046951616
10072,0.3265601483897672
10073,0.3257140472091454
10074,0.3317640405699769
10075,0.3277639533288762
10076,0.3307625625343481
10077,0.3279602668975381
10078,0.337210893854422
10079,0.3315848378099396
10080,0.3338230142065189
10081,0.3319294896534572
10082,0.3320230964869497
10083,0.3343083651332653
10084,0.3240382154049371
10085,0.3310326827864521
10086,0.3380081012642061
10087,0.3304527202746511
10088,0.3303271491265337
10089,0.3356800329893371
10090,0.3395370093953377
10091,0.3321063943774877
10092,0.335353129067757
10093,0.3371761719589792
10094,0.3343058310366821
10095,0.3287788778563793
10096,0.3306312942236162
10097,0.335614819996426
10098,0.3345916047804351
10099,0.3382107371794388
10100,0.3371135198631028
10101,0.3356545028380962
10102,0.3330626641337463
10103,0.342646435204697
10104,0.325793767569721
10105,0.3307534691389829
10106,0.3358176051209518
10107,0.325923097548293
10108,0.3387338091014936
10109,0.3372177837854542
10110,0.3273239691772142
10111,0.320038688681112
10112,0.3418356212601912
10113,0.3330496922374555
10114,0.3333453395308721
10115,0.3366366046060774
10116,0.3341545773536627
10117,0.334370284638761
10118,0.3333371515752961
10119,0.329173909013045
10120,0.3382830590275719
10121,0.336949166001014
10122,0.336656279429136
10123,0.3311846938546258
10124,0.3316441035282201
10125,0.322335397115214
10126,0.3353154754128671
10127,0.3332555748532887
10128,0.3356394667144806
10129,0.3289572377787605
10130,0.3316222351456143
10131,0.3338923602276294
10132,0.3239067924812334
10133,0.3405800075464607
10134,0.3323810365395418
10135,0.3381629659396499
10136,0.3385023084602388
10137,0.3337314115463997
10138,0.3289509935346848
10139,0.3308262937535993
10140,0.3355309723639628
10141,0.3362585753868818
10142,0.3416666273411493
10143,0.3287008318886394
10144,0.3302359567966828
10145,0.3284465033733624
10146,0.3269278541316738
10147,0.3326951606867064
10148,0.3406791122117572
10149,0.341973130284088
10150,0.3360377998826949
10151,0.3326033130981407
10152,0.3378065802996154
10153,0.3280509998627379
10154,0.3304301133661492
10155,0.3278598837754553
10156,0.3322645108960391
10157,0.3358197302311075
10158,0.3238779087333722
10159,0.3313542393206556
10160,0.332359211036032
10161,0.336911198712008
10162,0.3292591985477598
10163,0.3323791054768067
10164,0.3413670918604669
10165,0.3417974575040119
10166,0.3352054795133836
10167,0.3271368017244987
10168,0.3220551860692358
10169,0.3337970244846723
10170,0.3352206194862659
10171,0.3285563357578898
10172,0.3302860547877078
10173,0.337404266827786
10174,0.3287150946391731
10175,0.3315392076935682
10176,0.3305233473609423
10177,0.3340511321372731
10178,0.329143807833215
10179,0.3333266651122492
10180,0.3250390196976017
10181,0.3302862121442735
10182,0.3268545304814151
10183,0.3282732914815073
10184,0.3407552736274074
10185,0.3250671679782583
10186,0.3278156849535096
10187,0.3296736368489834
10188,0.3316362863036298
10189,0.3272385788513712
10190,0.3214432438724083
10191,0.3391715505189707
10192,0.3254147859303157
10193,0.3312425272704849
10194,0.3276062429325598
10195,0.3324570578386774
10196,0.3324556301400742
10197,0.3279659045293939
10198,0.3342139560829326
10199,0.3374960569114365
10200,0.3379990817200762
10201,0.3300131946119888
10202,0.3295176486115543
10203,0.3309150405261022
10204,0.3320366882934613
10205,0.3282621556102496
10206,0.329747464048699
10207,0.3331950681198687
10208,0.3366980500982535
10209,0.3379378879030945
10210,0.330459452804298
10211,0.3361777996875655
10212,0.3336647638931754
10213,0.3323593773868141
10214,0.3298209453803289
10215,0.3333448129257454
10216,0.3174184460828238
10217,0.3385938453710607
10218,0.3408369405951335
10219,0.3423407003231004
10220,0.3339680962036993
10221,0.3314847283647328
10222,0.3386963093188567
10223,0.3393110380374066
10224,0.3399559177445524
10225,0.33215965330825
10226,0.343762442750252
10227,0.3400022914586608
10228,0.3356561484182551
10229,0.3343841764141987
10230,0.3256624340144644
10231,0.3339262003864239
10232,0.3211749031422882
10233,0.3369215340684779
10234,0.3231148172713969
10235,0.3351493897314173
10236,0.338369805953911
10237,0.3287250154045381
10238,0.3292443538566787
10239,0.3308445794565981
10240,0.3360389170516755
10241,0.3370358678370911
10242,0.3301414537704316
10243,0.3330557571387404
10244,0.3268808784416094
10245,0.3228907509205646
10246,0.327925108139119
10247,0.3375132873118022
10248,0.3420954429817272
10249,0.3374424327314809
10250,0.3290785216309544
10251,0.3254696878568665
10252,0.3282090731240766
10253,0.3324973974294411
10254,0.3289518767083953
10255,0.3321980912020648
10256,0.332949269387157
10257,0.3246457215236981
10258,0.329317742562438
10259,0.3252024034464255
10260,0.3241564423928019
10261,0.331380810632693
10262,0.3356649188686224
10263,0.3334141860137736
10264,0.3263622746660358
10265,0.3274124297263176
10266,0.3337485220282995
10267,0.3278488503430569
10268,0.3365544060466329
10269,0.3301141264321078
10270,0.3287872656549947
10271,0.3264028579006063
10272,0.3439708426794854
10273,0.3313657439190411
10274,0.3282443153854678
10275,0.3292439075586096
10276,0.3295395873330439
10277,0.3293469994997118
10278,0.3213440294082696
10279,0.3299956529450361
10280,0.3340572173751397
10281,0.3260908253187873
10282,0.3270053810685846
10283,0.3304826249906957
10284,0.3225790176055823
10285,0.3261441995155198
10286,0.3219414565724155
10287,0.3207733245548828
10288,0.3294456482416205
10289,0.333031982265448
10290,0.3370753387883403
10291,0.3343346801678039
10292,0.324094050365386
10293,0.3258969696818442
10294,0.333388373081764
10295,0.3309969027272507
10296,0.3265241284060829
10297,0.3276471660044025
10298,0.3310636305230201
10299,0.334137047815465
10300,0.3379721683753459
10301,0.3350395173057239
10302,0.3319890508776764
10303,0.3246358883082946
10304,0.3363262093697144
10305,0.3206599256060819
10306,0.3388328686928767
10307,0.3235669428527737
10308,0.3301838698692366
10309,0.3236432544468318
10310,0.3258759727931
10311,0.3199992138054013
10312,0.3336009186875936
10313,0.332621216242868
10314,0.3282886472736597
10315,0.3244258841933364
10316,0.3262498701583934
10317,0.3401387236115613
10318,0.3365994605679263
10319,0.3358734074399018
10320,0.3228690315019999
10321,0.3317081020169137
10322,0.3234087707987998
10323,0.3377886412921718
10324,0.3444599991805328
10325,0.3293755802617262
10326,0.3353876695699642
10327,0.3366357645525977
10328,0.3255035425006219
10329,0.3353865522379829
10330,0.3376968096033387
10331,0.3368418628689208
10332,0.3341801883303288
10333,0.333841032339204
10334,0.3281712736470102
10335,0.3401180892103077
10336,0.3276509330888268
10337,0.3384425224473242
10338,0.3333224223485097
10339,0.3313747547288195
10340,0.3315155752385645
10341,0.3364301071186117
10342,0.3321636843229562
10343,0.3359938452412532
10344,0.3299561804281675
10345,0.3321297794770851
10346,0.325001019238718
10347,0.3428263232815195
10348,0.3416344509408245
10349,0.336525363226305
10350,0.3259097277614404
10351,0.3273101824083356
10352,0.3309503117291339
10353,0.3247406512016434
10354,0.3234973410469281
10355,0.330525098011832
10356,0.3256993667120338
10357,0.3270532996428959
10358,0.3204939583050871
10359,0.3245595034997287
10360,0.3297103755284659
10361,0.3391993688795655
10362,0.3293714576776635
10363,0.3292843700688955
10364,0.3331821841125766
10365,0.3351333842243341
10366,0.3222957785141656
10367,0.3392815160419679
10368,0.3351629026246893
10369,0.3343475697912757
10370,0.3277658650083205
10371,0.3387678888805105
10372,0.3449649933643955
10373,0.3315669935569685
10374,0.3286836091831362
10375,0.3269143262309898
10376,0.3271963163936354
10377,0.3332541138170725
10378,0.3299709017295303
10379,0.3260014981633714
10380,0.3242453089598126
10381,0.3238082602032591
10382,0.3199909504841616
10383,0.3326622208997059
10384,0.3310495658811688
10385,0.3240999965475192
10386,0.339027708678734
10387,0.3252555273401293
10388,0.3347578524704359
10389,0.336415151721243
10390,0.3201301549123145
10391,0.3396780274781045
10392,0.3265120359133935
10393,0.3313716804227672
10394,0.3208048947221048
10395,0.3293298798924513
10396,0.3326011233647615
10397,0.3282462831167821
10398,0.3299555839384878
10399,0.3214227694427902
10400,0.3197512709436719
10401,0.3333675474340218
10402,0.3268978709628707
10403,0.3254451033524002
10404,0.3309310141793688
10405,0.3211709454506534
10406,0.3275403641243655
10407,0.3293346323658758
10408,0.3273675733371878
10409,0.3318022130981493
10410,0.3331904875534345
10411,0.327144942636037
10412,0.3175179999082421
10413,0.3232341232212568
10414,0.3236695070882701
10415,0.3306506963897819
10416,0.334186036818263
10417,0.3377908741908
10418,0.3389808746730557
10419,0.3342256544660044
10420,0.3288788424592703
10421,0.3334700317455709
10422,0.3275482816648099
10423,0.3319541843162368
10424,0.3298555529940779
10425,0.3166111061136362
10426,0.3256649279974104
10427,0.3381191990406725
10428,0.3217378254902011
10429,0.3321843229169094
10430,0.3333024021383767
10431,0.329880326273071
10432,0.3287549473897882
10433,0.3280095424891222
10434,0.326298270098219
10435,0.3282062271959018
10436,0.3289642379621875
10437,0.334739865792413
10438,0.3309239342958852
10439,0.3351875130795758
10440,0.3358637086922006
10441,0.3360812747571339
10442,0.327569405411777
10443,0.325561190536824
10444,0.3255969611627575
10445,0.3314349430594573
10446,0.3303683540773969
10447,0.3283477738980753
10448,0.3259562398118907
10449,0.3296048127131226
10450,0.3319337507964364
10451,0.3370026559031507
10452,0.3308492303116645
10453,0.3311701220053847
10454,0.3295683919482224
10455,0.3268287964215233
10456,0.3302866421081533
10457,0.3312900351339403
10458,0.333804811359367
10459,0.3302164696543959
10460,0.3284523132330632
10461,0.3290202723309197
10462,0.3321729720471307
10463,0.3265204801231244
10464,0.3164338032650551
10465,0.3268133223390928
10466,0.3311053937564271
10467,0.3386836397483835
10468,0.3325021432059196
10469,0.3273599309364436
10470,0.3300769504951377
10471,0.3280477050554216
10472,0.3406485152357664
10473,0.3362959023633233
10474,0.3276175505564352
10475,0.3243068061701434
10476,0.3288581471280145
10477,0.3352165174852238
10478,0.331592914623362
10479,0.3256629445052241
10480,0.321290701470961
10481,0.3331752230143767
10482,0.3264657119492198
10483,0.3231969487910773
10484,0.3310211181782475
10485,0.3188355549460551
10486,0.3208613068988253
10487,0.3302861071366881
10488,0.3215315031326839
10489,0.3223272083990149
10490,0.3288412608720353
10491,0.3198286184650876
10492,0.3250994625500885
10493,0.33113822719599
10494,0.3292513647949419
10495,0.3408948574532463
10496,0.3346084312630263
10497,0.3255168883820872
10498,0.3328873929023479
10499,0.3344520848882714
10500,0.331892991978604
10501,0.329947955268708
10502,0.3212341568133711
10503,0.3296023989154127
10504,0.3308652151893642
10505,0.3270614113123851
10506,0.3292029913264629
10507,0.3353731846129757
10508,0.3256416110377939
10509,0.3317817300074737
10510,0.3308050692419513
10511,0.3247416302512293
10512,0.329628056690613
10513,0.3319075351307452
10514,0.3229964469827747
10515,0.3387100188625581
10516,0.326003515264228
10517,0.3366508486775357
10518,0.3322592030065588
10519,0.326194440846371
10520,0.3225790065485597
10521,0.3267246947719219
10522,0.3254581989897487
10523,0.3250558971092563
10524,0.3274338969293061
10525,0.3306118466060949
10526,0.3192204998519103
10527,0.3285272274071331
10528,0.3324725638360974
10529,0.3343061696618764
10530,0.32775227041776
10531,0.3244030507847819
10532,0.3233357064907419
10533,0.3342959525338813
10534,0.3289685647650683
10535,0.3266300865519406
10536,0.3297610300602267
10537,0.3252100395867222
10538,0.3309448853331311
10539,0.3212742971411846
10540,0.3301600314546846
10541,0.3243924055102741
10542,0.3207438912595525
10543,0.3333407150366171
10544,0.3227202396110685
10545,0.3261037153726461
10546,0.3316921226001679
10547,0.3252862266713842
10548,0.3242078907641888
10549,0.3349673070592653
10550,0.3334757149378886
10551,0.3163715799532816
10552,0.3326249047134584
10553,0.3354987425563785
10554,0.3350844804391235
10555,0.3225020079448117
10556,0.3372530200145365
10557,0.3407311190584338
10558,0.3393447505704748
10559,0.3332475610324871
10560,0.3315779315470246
10561,0.3246502122032038
10562,0.3389037542188072
10563,0.3294709598575227
10564,0.324217586500257
10565,0.3312628091830835
10566,0.3301326311173944
10567,0.3363734097755883
10568,0.32925972112359
10569,0.3272404318018925
10570,0.3288367288900091
10571,0.333110448985928
10572,0.3279970615684237
10573,0.3313381015887241
10574,0.32575542363555
10575,0.3315219796477083
10576,0.3268409685117018
10577,0.3221647845239249
10578,0.3250695215607794
10579,0.3342878270289414
10580,0.3240053622159774
10581,0.3246910869445253
10582,0.3309803262572885
10583,0.3286261240876277
10584,0.3328154752875184
10585,0.3370329013674983
10586,0.3145239183728017
10587,0.3288565934053974
10588,0.327843709015538
10589,0.326638658422238
10590,0.3352329645649597
10591,0.3184883090481471
10592,0.3175510322785704
10593,0.3268462198131837
10594,0.32874444638867
10595,0.3262441006568681
10596,0.328548086630796
10597,0.323611043309747
10598,0.3325421013254205
10599,0.3137173877879772
10600,0.3319825676443974
10601,0.3318898923932999
10602,0.3327402697367311
10603,0.3280404874457285
10604,0.3348896305203993
10605,0.3204103855007686
10606,0.3246618119803334
10607,0.3195428461416656
10608,0.3283147716646451
10609,0.335445021412769
10610,0.3177972019291081
10611,0.3176701348773753
10612,0.3314474230645978
10613,0.3256540051431199
10614,0.3253245865261964
10615,0.3251736768385712
10616,0.3307435011758227
10617,0.32269728885435
10618,0.3304149439425735
10619,0.3372421650818754
10620,0.3208117566094847
10621,0.3222938417291724
10622,0.3304901561319485
10623,0.3249830204640853
10624,0.3219247758500396
10625,0.3245916945436818
10626,0.3304499168225256
10627,0.3326864509818483
10628,0.3230768851606944
10629,0.320113723487161
10630,0.3209425005516402
10631,0.3351980414339716
10632,0.3354881442409787
10633,0.3224105987106126
10634,0.3256890667964768
10635,0.3235048475849449
10636,0.3285950304731986
10637,0.325095069187839
10638,0.3282706687970614
10639,0.3349565279302195
10640,0.3259173015354905
10641,0.3258299547341211
10642,0.3306457660582584
10643,0.3227680790537101
10644,0.3252516628445797
10645,0.3235536566517697
10646,0.3256269105935308
10647,0.3293336037258323
10648,0.3243833684979302
10649,0.325431221545943
10650,0.3304341821781926
10651,0.3226242563472652
10652,0.3237573102218808
10653,0.3186118490527186
10654,0.3309223992773464
10655,0.3309359737108844
10656,0.3221911591216626
10657,0.3334397008525027
10658,0.3185739361138774
10659,0.3201314890021297
10660,0.330907811684017
10661,0.3226303046872766
10662,0.3382081466696398
10663,0.3221699870313461
10664,0.3211799673861739
10665,0.3243103611951364
10666,0.3341481657642414
10667,0.3182047092244126
10668,0.3338553918207392
10669,0.3381585991166584
10670,0.3215396012860383
10671,0.3272677701266562
10672,0.3303963948539469
10673,0.3253737162399652
10674,0.322323792083105
10675,0.3298625272174346
10676,0.3300205649474722
10677,0.331780404133717
10678,0.3273477580232576
10679,0.342063543527609
10680,0.3263368731792534
10681,0.3229469056696586
10682,0.332043356532142
10683,0.3296277493169902
10684,0.3196000804376737
10685,0.3311739732510895
10686,0.3251020157887988
10687,0.3339344777749044
10688,0.3246706962533828
10689,0.3249192936563531
10690,0.3241856649667702
10691,0.3237510400279779
10692,0.3266308667173827
10693,0.3288805954483818
10694,0.319308660127127
10695,0.3210904040150416
10696,0.3299931357680168
10697,0.3349992345935129
10698,0.3191453753934696
10699,0.3284457266788554
10700,0.3377596422549525
10701,0.339444206108309
10702,0.3390122249638281
10703,0.3231801442103356
10704,0.3350234179230041
10705,0.3308920981233791
10706,0.3204293021079503
10707,0.3374772878755061
10708,0.3206321212471362
10709,0.3292038705480698
10710,0.3287307307222879
10711,0.3292953655197906
10712,0.3351604558870399
10713,0.3298172960595284
10714,0.333109897296322
10715,0.3213282726887307
10716,0.3187337618659864
10717,0.3259202441730352
10718,0.3277443122497125
10719,0.3237466521139894
10720,0.3273728301492938
10721,0.3235144725067318
10722,0.3308737797499049
10723,0.3292973895534857
10724,0.3383272617233673
10725,0.3268391640149165
10726,0.322637850107456
10727,0.3376188729026716
10728,0.3355017903269111
10729,0.3406017828872208
10730,0.3285207863738198
10731,0.3356993540329072
10732,0.3337689270450395
10733,0.3319194624108504
10734,0.3393486583025923
10735,0.3213090343424388
10736,0.3300210862582856
10737,0.3344763691510246
10738,0.321587964217667
10739,0.3326683937174533
10740,0.3246166409991194
10741,0.3264210361600628
10742,0.3318653764308062
10743,0.3224567134032456
10744,0.3286080045669936
10745,0.3268042543827155
10746,0.3236449578930927
10747,0.330303534484267
10748,0.3310244462919737
10749,0.3287831614922015
10750,0.3297377371375634
10751,0.3228828329251149
10752,0.3291950148669486
10753,0.3285613762598814
10754,0.3254004222279017
10755,0.3271636868272329
10756,0.3275010970549725
10757,0.3292500762437037
10758,0.3283747952875389
10759,0.3321870394856723
10760,0.329179360243167
10761,0.3280330544187255
10762,0.3300949851049933
10763,0.3254905568245174
10764,0.3222093263135585
10765,0.3285021273097557
10766,0.3226577329824785
10767,0.3289848990229613
10768,0.3298558238768009
10769,0.3229576216559565
10770,0.3273976819368494
10771,0.3293709287937203
10772,0.3350596594449481
10773,0.3257610097098058
10774,0.3307252645068205
10775,0.3229742876754978
10776,0.3240677951892663
10777,0.3283220511153975
10778,0.3334270117049883
10779,0.3314601906225464
10780,0.3307156223594204
10781,0.3224594684497109
10782,0.3303881143323167
10783,0.3260401959216296
10784,0.3249124832379428
10785,0.3220027151977837
10786,0.3282422212955631
10787,0.3159452509749231
10788,0.3202601996747985
10789,0.3196784058928175
10790,0.3256211366939298
10791,0.3218800881619192
10792,0.3246759379773892
10793,0.3119953126597837
10794,0.3087390016133446
10795,0.3228455160876324
10796,0.3181666446227889
10797,0.3206599881637985
10798,0.327779405135918
10799,0.3328964342450856
10800,0.3282034954083912
10801,0.3391777317081468
10802,0.314236676191229
10803,0.3361797888082902
10804,0.3228424057071292
10805,0.3330546553627082
10806,0.3238817570641406
10807,0.3268209902769989
10808,0.3148616765064726
10809,0.3304053902481716
10810,0.3243005323772795
10811,0.3220823043431173
10812,0.3119029530795721
10813,0.3293208410654312
10814,0.3196195397030243
10815,0.3108829830544823
10816,0.3227700856240063
10817,0.3200687849420506
10818,0.3264514068353576
10819,0.3356795354520846
10820,0.318377275190541
10821,0.3289879450755374
10822,0.3264572904870964
10823,0.321124195992941
10824,0.3247954999033879
10825,0.3287411833775782
10826,0.3283651715590073
10827,0.3369247593438951
10828,0.3281412859412369
10829,0.3260814764966037
10830,0.33105633880619
10831,0.3304034542631309
10832,0.3243585912406093
10833,0.3263210887729392
10834,0.3214555655536958
10835,0.3248890301536174
10836,0.3274729217403851
10837,0.3304015054397405
10838,0.3239137823998669
10839,0.3329161956358749
10840,0.3356052477031193
10841,0.3303020798850278
10842,0.3313365597500622
10843,0.3216950009747844
10844,0.3280650855379307
10845,0.3418824898160664
10846,0.3430857459254229
10847,0.3291014253489038
10848,0.3267690125104488
10849,0.334658194104865
10850,0.3261584813296706
10851,0.3253374815749021
10852,0.3244560955107034
10853,0.3289368411887166
10854,0.3249599955780746
10855,0.319378290321109
10856,0.3184425230088303
10857,0.3270867491304771
10858,0.3261721503675029
10859,0.3240000863673207
10860,0.3212311958481517
10861,0.3340328675505243
10862,0.3225928970652736
10863,0.3343607501106772
10864,0.3350176565595582
10865,0.3205629090860101
10866,0.3234710818495293
10867,0.3245184182250184
10868,0.3259229283045785
10869,0.3311425099751267
10870,0.324961332374681
10871,0.326031058328796
10872,0.3365264442440789
10873,0.3230838649795868
10874,0.3177942717797277
10875,0.3266902060902115
10876,0.3273343147035651
10877,0.3223975057678591
10878,0.3334687508031605
10879,0.3216067801285688
10880,0.3286595198793917
10881,0.3383614783055739
10882,0.3306414255986275
10883,0.327582063533365
10884,0.333020403775277
10885,0.3242495805016659
10886,0.3244816951576015
10887,0.3332982932397145
10888,0.3278457040687738
10889,0.3280594494627094
10890,0.329082158595662
10891,0.3153371532219166
10892,0.3284345525811471
10893,0.3260620981062018
10894,0.3372500948368812
10895,0.329510172367271
10896,0.3204040026222114
10897,0.3262282706150937
10898,0.3329997736755898
10899,0.3188800502563286
10900,0.3318868689692522
10901,0.3206772895776161
10902,0.3287615408435041
10903,0.3288933864347493
10904,0.3267439176739325
10905,0.3302573732320345
10906,0.327023418416444
10907,0.3348383428406293
10908,0.3300645316318834
10909,0.331367767412155
10910,0.3306319407145788
10911,0.3240993914290771
10912,0.3300065239658987
10913,0.3199589396615209
10914,0.3237192801096255
10915,0.3251369376137136
10916,0.3276287576160186
10917,0.3316027598496021
10918,0.3210322603692052
10919,0.3321134368616564
10920,0.3246635329604961
10921,0.3259887040993334
10922,0.322169516043884
10923,0.3295956474625005
10924,0.3286408779399901
10925,0.3293895525311888
10926,0.3296809535775009
10927,0.3273946681211979
10928,0.321326956003266
10929,0.3286838733692237
10930,0.3227087962127248
10931,0.3199782587677599
10932,0.325820393206461
10933,0.3237769719080136
10934,0.3182327503359801
10935,0.3178672867060333
10936,0.324988047463827
10937,0.3187867951820792
10938,0.3141431016028435
10939,0.3227001733341407
10940,0.3275627268764824
10941,0.3308850324825163
10942,0.3238018471672131
10943,0.3293204925543774
10944,0.3344095671117534
10945,0.3254123974951404
10946,0.3233821824085029
10947,0.3205045879618737
10948,0.3194612884834857
10949,0.3273167438179516
10950,0.3261699365533729
10951,0.3159535935867959
10952,0.3145572919798868
10953,0.3195952167766684
10954,0.3301030633990962
10955,0.3159088198102403
10956,0.323305966295834
10957,0.3220004437040908
10958,0.3289194130716747
10959,0.3256333019405121
10960,0.3251362863040639
10961,0.3311705054397151
10962,0.3194691217476698
10963,0.3204892496911173
10964,0.3343552016307777
10965,0.3250969397638237
10966,0.3325432126553367
10967,0.3229433429712993
10968,0.3193094035878407
10969,0.3190203536966465
10970,0.3248727816057435
10971,0.3242140973305377
10972,0.326035726184435
10973,0.326326217356368
10974,0.3286410078859301
10975,0.3325091581695008
10976,0.3177464335287051
10977,0.3216045794391612
10978,0.3281232692801845
10979,0.321543205345864
10980,0.3143644338720658
10981,0.3218657586784338
10982,0.3181462188658499
10983,0.3223702652332832
10984,0.3237463528005617
10985,0.324284654433619
10986,0.3238787901002967
10987,0.3314846001045056
10988,0.3323669410752711
10989,0.326255228679511
10990,0.3161738130829029
10991,0.3267314564924485
10992,0.3221698531514886
10993,0.3254507660494489
10994,0.3212077400711565
10995,0.3193928491936648
10996,0.3294963795253287
10997,0.3229820645603238
10998,0.3339138427649763
10999,0.3136648749044372
11000,0.3189784241907566
11001,0.3206048234791085
11002,0.3215132316332525
11003,0.3302763285468446
11004,0.3236155096743838
11005,0.3260781417064464
11006,0.3298986365658689
11007,0.3205254691290956
11008,0.3222085675575138
11009,0.3180294590606315
11010,0.328971780915106
11011,0.3221155562116441
11012,0.332929024232176
11013,0.327746354225421
11014,0.3308260580028314
11015,0.3210922397246153
11016,0.3277371496270609
11017,0.3294102217808607
11018,0.3329293147668047
11019,0.3334979512934629
11020,0.3378337354859501
11021,0.3277499728049449
11022,0.3366053171122617
11023,0.3209444904010242
11024,0.3251544299952244
11025,0.3129953526731846
11026,0.3226635009987221
11027,0.3207412036288906
11028,0.3208293725091174
11029,0.3130557916250478
11030,0.3257531857299468
11031,0.3175693983768803
11032,0.3222526408822717
11033,0.3294739466967747
11034,0.3196722660695427
11035,0.3274769615981698
11036,0.3274953860675279
11037,0.3203907678231804
11038,0.315479778697262
11039,0.3237375501922776
11040,0.3204924073818237
11041,0.3380979630881549
11042,0.3238545669621545
11043,0.3261112608793448
11044,0.3238590492884263
11045,0.3060752682786726
11046,0.3282719283898593
11047,0.3307178389984328
11048,0.3191193910703229
11049,0.3207779554303626
11050,0.3170406510953599
11051,0.3314884718295218
11052,0.3169962182034184
11053,0.3251203673170161
11054,0.3316527767733662
11055,0.33231316881706
11056,0.3159622721946178
11057,0.3241087474460784
11058,0.325025416840002
11059,0.3142765739346594
11060,0.3309258798092078
11061,0.3238938895173747
11062,0.3128159805035492
11063,0.3292589093202379
11064,0.3251155445942981
11065,0.3256253990318196
11066,0.3234531954631869
11067,0.3219745438819119
11068,0.3162073440700814
11069,0.3312129596263409
11070,0.3223505782439981
11071,0.3225740777061488
11072,0.3307641723329027
11073,0.3220139819232547
11074,0.3174593651650441
11075,0.3264410680222138
11076,0.3232799039653067
11077,0.3200078793510079
11078,0.3198977928279024
11079,0.3260718120945276
11080,0.3176232959200591
11081,0.3235278423760159
11082,0.3302509373334883
11083,0.3303884821950537
11084,0.327918000687454
11085,0.3141387809709692
11086,0.3301965402089023
11087,0.321923590417739
11088,0.3197498504192694
11089,0.326144843301768
11090,0.3177871172812346
11091,0.3246444706146618
11092,0.3291170093788249
11093,0.3204605288397582
11094,0.3166135196216481
11095,0.324496816753882
11096,0.3248975342885457
11097,0.3202926320124907
11098,0.3296482456240654
11099,0.3284590906321116
11100,0.3212248376098862
11101,0.317184165911068
11102,0.3172562848301636
11103,0.3265317157807455
11104,0.3229425283594276
11105,0.3187112423648049
11106,0.3292309140553389
11107,0.3148339569031166
11108,0.3228430178087511
11109,0.3317282836253444
11110,0.3260971192859775
11111,0.3243885767493949
11112,0.3266517825391622
11113,0.3232733376006751
11114,0.3193405951572337
11115,0.3272590956960947
11116,0.3282726196372833
11117,0.3211086865074731
11118,0.3268630166503842
11119,0.3266399077139626
11120,0.3250689431263844
11121,0.3256412995967667
11122,0.3217109330680471
11123,0.3308474794483726
11124,0.3295814109663595
11125,0.3280847315586835
11126,0.3173927419953694
11127,0.3263472400908587
11128,0.3294037338430665
11129,0.3214108123770478
11130,0.3214172145529934
11131,0.3210021948611424
11132,0.3222029208625019
11133,0.3236701708189777
11134,0.3178673017008023
11135,0.3251016762797997
11136,0.3184054142903818
11137,0.3139382497930016
11138,0.3221043506079062
11139,0.31382796492177
11140,0.3251562493641097
11141,0.3259558313077464
11142,0.3172869689538536
11143,0.3220918284613454
11144,0.3198176811035383
11145,0.3179641714522465
11146,0.3239129687636696
11147,0.3271034116067956
11148,0.3235665549606418
11149,0.3139790151971503
11150,0.3239862856691301
11151,0.3237941431142533
11152,0.3255679055360086
11153,0.3286272237857357
11154,0.3232286303559791
11155,0.3265558485784229
11156,0.3206633840941123
11157,0.3308079838353035
11158,0.3201126895052937
11159,0.3356068569629758
11160,0.3272235498213485
11161,0.3215201431647603
11162,0.3234692138288806
11163,0.320359015583937
11164,0.3293646894403316
11165,0.3165180022255316
11166,0.3248174527526322
11167,0.3190466022165935
11168,0.3245388833154877
11169,0.3132598804251144
11170,0.319326626079864
11171,0.3265053164620198
11172,0.3213488832159788
11173,0.3160045042594203
11174,0.3291515892921262
11175,0.3234585528090057
11176,0.3192755823270081
11177,0.3288042435662034
11178,0.3310745079338351
11179,0.3234464824560426
11180,0.32772145033956
11181,0.3220776585663471
11182,0.3151366937984948
11183,0.3259302163811922
11184,0.3296418113187566
11185,0.3193195587681689
11186,0.3219828630217081
11187,0.3190621856166789
11188,0.3162375833670613
11189,0.3220071505257662
11190,0.3256023893929489
11191,0.3226689671193227
11192,0.3292637810495115
11193,0.3190151292220465
11194,0.3235231795012407
11195,0.3214618420186243
11196,0.330733650067582
11197,0.3305140102870508
11198,0.3226657294929874
11199,0.32884188964315
11200,0.316057817734753
11201,0.3235820442738006
11202,0.3244903104368234
11203,0.3218033205347846
11204,0.3148554446237474
11205,0.321832198993252
11206,0.3161492838039216
11207,0.318535311995089
11208,0.328083291573953
11209,0.3252147755910194
11210,0.3301535967445327
11211,0.3186969725189987
11212,0.327482181952393
11213,0.3222721900654783
11214,0.3296870981423419
11215,0.3225956454755493
11216,0.3283522835264951
11217,0.3233162128650039
11218,0.3239053751969334
11219,0.321891126964726
11220,0.3245534015409124
11221,0.3316833424228618
11222,0.3189964785045887
11223,0.3307370441560771
11224,0.3260115661416894
11225,0.3204780918973909
11226,0.3214073974037101
11227,0.3237398864830042
11228,0.3209695279543981
11229,0.3106570623903126
11230,0.3165573912477034
11231,0.3210004469934875
11232,0.3289259080226619
11233,0.3273787361956257
11234,0.3206247957876727
11235,0.3245251113073769
11236,0.3265732984888736
11237,0.3244508001358391
11238,0.3317448441025695
11239,0.3218337654355392
11240,0.3262763939690756
11241,0.3273717635664833
11242,0.3267916541169156
11243,0.3221451793816359
11244,0.3124452514262264
11245,0.3193726117335947
11246,0.3164300433851171
11247,0.3288505809799431
11248,0.3151493083347204
11249,0.329407114343147
11250,0.3113415586742021
11251,0.3211711888972143
11252,0.316232481460389
11253,0.3207646613525974
11254,0.3305937245659315
11255,0.3202758215589124
11256,0.32027840811426
11257,0.3287008195956857
11258,0.3309783735213317
11259,0.3117338080502673
11260,0.3210803760742001
11261,0.3311043008706888
11262,0.3200580868986075
11263,0.3289069094660448
11264,0.3297136738252773
11265,0.3272817348395349
11266,0.3179738114897892
11267,0.3184480483729526
11268,0.319234131406051
11269,0.3205702186593034
11270,0.314454398043718
11271,0.3279640379191643
11272,0.3246657915678739
11273,0.3254475341826255
11274,0.3235552743210787
11275,0.3191322466293728
11276,0.3231366150094469
11277,0.3236955787242687
11278,0.3272892433302637
11279,0.3254432581944159
11280,0.3369757007191769
11281,0.3242000317954754
11282,0.3183155334219761
11283,0.3147031431484206
11284,0.3252323799584459
11285,0.328157353387238
11286,0.3269604925383532
11287,0.3268792676082322
11288,0.3252689489005225
11289,0.3193215686576357
11290,0.3309116874743891
11291,0.3171776894406883
11292,0.3236166346739746
11293,0.3260419267915788
11294,0.3203676171607237
11295,0.3249050162021251
11296,0.3249200364732797
11297,0.3262319426449161
11298,0.3145495920039003
11299,0.3113665949492553
11300,0.3199410823882727
11301,0.3287281316519577
11302,0.3173686598731232
11303,0.3204997048472544
11304,0.3210761482446415
11305,0.3161246234372687
11306,0.3193123629513795
11307,0.3165980466939064
11308,0.3262768497304543
11309,0.3204532612612382
11310,0.3205681387249981
11311,0.3295751377612493
11312,0.3235126794710429
11313,0.3179579393383835
11314,0.3222933441704413
11315,0.3141910737072447
11316,0.3145005575984126
11317,0.3235211009269424
11318,0.3143595016786527
11319,0.3223398454539792
11320,0.3250446616367499
11321,0.3287002409326062
11322,0.3253947516029902
11323,0.3187544718445837
11324,0.3234353207836092
11325,0.3142250857668923
11326,0.3204302707090834
11327,0.3195560202141865
11328,0.3245439265803576
11329,0.3246476398954155
11330,0.3130119215282113
11331,0.3191398018676659
11332,0.3174857818027849
11333,0.32016099380939
11334,0.3280572722588473
11335,0.3231439945278974
11336,0.3204475127806602
11337,0.3141554913434591
11338,0.3115231930204183
11339,0.3187957098373166
11340,0.3251976830402831
11341,0.3223179201756782
11342,0.3214836922852717
11343,0.3195343916859743
11344,0.3181680998811472
11345,0.3226325149581938
11346,0.3185641612462046
11347,0.322640748203551
11348,0.3218294660181988
11349,0.3224520795549797
11350,0.3125669121482601
11351,0.3265939096366384
11352,0.3082285693441045
11353,0.3123163148040075
11354,0.3080300651670265
11355,0.3183738796440852
11356,0.3287821773261888
11357,0.3279173453760511
11358,0.3189974502710584
11359,0.3291996239713158
11360,0.3149122325278843
11361,0.3195719310869018
11362,0.3183382319550665
11363,0.3126485489633679
11364,0.3134266501893576
11365,0.3185648467019675
11366,0.3207067626015933
11367,0.3235745840155469
11368,0.3218241066140962
11369,0.316265718045965
11370,0.3123033998806144
11371,0.3263093813386054
11372,0.3355159638092103
11373,0.3227466339552131
11374,0.3277199965190162
11375,0.3211139544280533
11376,0.3241971566124031
11377,0.3180682376227102
11378,0.3180522470277537
11379,0.332539994424299
11380,0.3265521710637315
11381,0.3212039051296065
11382,0.3151992603342045
11383,0.3292019764048988
11384,0.3252345482340035
11385,0.3270668407617951
11386,0.3215762379473365
11387,0.325166589560201
11388,0.320828412566289
11389,0.32578135822476
11390,0.3199155167929665
11391,0.3176839891224896
11392,0.3249769542863828
11393,0.3224231973525965
11394,0.306404980206855
11395,0.3163186587110962
11396,0.3244279441932945
11397,0.3228938261715379
11398,0.3252199871594817
11399,0.3279368231321569
11400,0.3218174717367387
11401,0.3194419181869595
11402,0.3122021011460994
11403,0.3267929774996598
11404,0.3194189718165431
11405,0.3147660278120234
11406,0.326685389661328
11407,0.3199724414041214
11408,0.3271817381527374
11409,0.3149457661067019
11410,0.3286486264237446
11411,0.3112478806516321
11412,0.3178489879065099
11413,0.3273731256723102
11414,0.3294421373785418
11415,0.3240358860300824
11416,0.3317061670316416
11417,0.3243377450883342
11418,0.3259897073616272
11419,0.3255783620984207
11420,0.3191011606230804
11421,0.3246691818322987
11422,0.3279002310177199
11423,0.3274748849975549
11424,0.3209678058833555
11425,0.3307835720673689
11426,0.3201781842309377
11427,0.3324478187637654
11428,0.3151472985210138
11429,0.3167788608244173
11430,0.3303568398165903
11431,0.3127177939969714
11432,0.3311993355349933
11433,0.3278797354860687
11434,0.319805974201329
11435,0.3253139245620617
11436,0.3183977165017722
11437,0.3283533784153523
11438,0.3215252952116902
11439,0.3280295061505773
11440,0.3202753059324784
11441,0.3211551301506912
11442,0.3210308048412463
11443,0.3242231308501993
11444,0.3256009573744983
11445,0.3254731263305367
11446,0.3234273095515644
11447,0.3151919570068891
11448,0.3324544481609996
11449,0.3276614443872824
11450,0.3203317618254019
11451,0.3227863923469236
11452,0.3355392425960044
11453,0.3246063408200813
11454,0.3226569658297137
11455,0.3213053268559498
11456,0.3150118233350137
11457,0.3237954206383054
11458,0.3183532715540954
11459,0.3195828630079435
11460,0.3111890006556828
11461,0.3193896227627502
11462,0.3171979117609985
11463,0.3298485851789276
11464,0.3121684736304381
11465,0.3213406843294559
11466,0.3203775211870417
11467,0.3339423919950072
11468,0.327657818363589
11469,0.3196943103360856
11470,0.3211173143502683
11471,0.3264198761042821
11472,0.3324322861803838
11473,0.3283313844243579
11474,0.3272349244168745
11475,0.3294745741044962
11476,0.3210270820255599
11477,0.3275230236960864
11478,0.3229727532378544
11479,0.3169356661771748
11480,0.3244694822559099
11481,0.3224044038432203
11482,0.3218285838534633
11483,0.3324788838223602
11484,0.3221414517977223
11485,0.3240021697545125
11486,0.3293215777497936
11487,0.3161391979118381
11488,0.3245012812164959
11489,0.3295153423637667
11490,0.3232515592905188
11491,0.3263843989044441
11492,0.3176330419759293
11493,0.3287672434918907
11494,0.3300875155335207
11495,0.3198377848597003
11496,0.321904849982766
11497,0.3304769145629926
11498,0.32296961037837
11499,0.3211269542104439
11500,0.3227130897322317
11501,0.3273613631281358
11502,0.3275837013220983
11503,0.3249084776310983
11504,0.32718135140095
11505,0.3231604613886038
11506,0.3111867543867723
11507,0.3197171702785151
11508,0.324807108339406
11509,0.3214296491882343
11510,0.3291156214370623
11511,0.315592006108017
11512,0.3194760523268997
11513,0.3223029321575321
11514,0.3334850829513817
11515,0.3207414193685992
11516,0.325421307472681
11517,0.3205038648980951
11518,0.3311393483098857
11519,0.3208619459504325
11520,0.3230243389317045
11521,0.3199575997497431
11522,0.3242918699052692
11523,0.3274825095552232
11524,0.324726329573929
11525,0.3212437318719125
11526,0.3245300607602789
11527,0.3283027401434984
11528,0.3242766850742287
11529,0.3263269827057011
11530,0.3168002457752054
11531,0.3171899647049697
11532,0.3213646699535696
11533,0.3119908176765069
11534,0.3164237671639887
11535,0.324345903444566
11536,0.3277514526084087
11537,0.318565253816264
11538,0.3188948069649953
11539,0.3228026461865944
11540,0.3219763599623922
11541,0.3177823628891817
11542,0.3294759641134099
11543,0.3174328279523069
11544,0.3229524655368048
11545,0.3322808816982459
11546,0.3218759505776585
11547,0.3148855655215313
11548,0.3314418860370561
11549,0.3252732135448037
11550,0.3256764012045866
11551,0.3270763180614197
11552,0.3195385230775075
11553,0.3136372420339905
11554,0.3115398440830165
11555,0.3233184524651207
11556,0.3231061369050191
11557,0.3161597290706502
11558,0.3162201081912657
11559,0.3118783768172289
11560,0.3158997077124135
11561,0.3344347855523391
11562,0.3205695007982534
11563,0.3166973019834259
11564,0.3139620696688637
11565,0.312445513569175
11566,0.3238492971523399
11567,0.3232509470500422
11568,0.3108058434188472
11569,0.314314663815445
11570,0.3126649797168184
11571,0.3197481728148044
11572,0.3156625675635937
11573,0.3179936444426932
11574,0.3258208227385197
11575,0.3255897602111743
11576,0.3219582727436364
11577,0.3132569973540435
11578,0.3180954036213679
11579,0.3278544821170638
11580,0.3210597206136623
11581,0.318582979502905
11582,0.3220651143722859
11583,0.3292762251087549
11584,0.3199618610448673
11585,0.3197909748251473
11586,0.3177021375687012
11587,0.3135890465965672
11588,0.325851036456908
11589,0.3182669179763019
11590,0.3299717263835593
11591,0.3320740737933654
11592,0.320356445391562
11593,0.3259007452635855
11594,0.324645624223449
11595,0.3171113582097435
11596,0.319327840910117
11597,0.3243004208809281
11598,0.3215279153753534
11599,0.3235754321254363
11600,0.3089159989516262
11601,0.3283854856278714
11602,0.3365052331905834
11603,0.3189990760523018
11604,0.3289660442997349
11605,0.3234343877273884
11606,0.3221806080913719
11607,0.3205217488188056
11608,0.316241829633596
11609,0.3240236035659956
11610,0.3242348118531277
11611,0.3183874356599555
11612,0.3149090618568482
11613,0.3186463972773859
11614,0.3238569779910621
11615,0.3228510052535371
11616,0.3188401276323474
11617,0.3292750596279136
11618,0.3295062802291734
11619,0.3188080070396973
11620,0.3110850394843127
11621,0.3181833342114526
11622,0.3216302836841003
11623,0.3189966747445925
11624,0.3091218819454556
11625,0.3128568279661468
11626,0.3206511870341882
11627,0.3158567598224432
11628,0.3115245381581867
11629,0.3175744322862273
11630,0.3108213587339489
11631,0.3213306872843806
11632,0.3248449873897954
11633,0.3201785101340235
11634,0.3239401036977178
11635,0.3182520247283564
11636,0.3226166658164331
11637,0.3251488919290575
11638,0.3098538563364563
11639,0.3195179222059066
11640,0.3163613830318527
11641,0.3229558850506717
11642,0.3279591368223304
11643,0.318145197082367
11644,0.3185950682736111
11645,0.319324159965424
11646,0.3242912119313762
11647,0.3292575464984476
11648,0.3214511563749028
11649,0.3200828257424681
11650,0.319380644271562
11651,0.3243234808065466
11652,0.3157753196993577
11653,0.3232248420674924
11654,0.3264358667967323
11655,0.3181786878170325
11656,0.3249847574466725
11657,0.3082318114909982
11658,0.3140958184034295
11659,0.3196547477413992
11660,0.3243107339976225
11661,0.324063405548822
11662,0.317943777877921
11663,0.3240113888593011
11664,0.3217474587678345
11665,0.319766233429791
11666,0.3239381866062077
11667,0.3141286836409168
11668,0.3325937112330084
11669,0.3158885611229775
11670,0.3254309520883884
11671,0.3132187107457997
11672,0.3181647091573819
11673,0.3261192979844295
11674,0.3281332081131554
11675,0.3261389734779691
11676,0.3252148264695014
11677,0.3171785898281076
11678,0.3256997099515952
11679,0.3253837125535518
11680,0.3252594397834666
11681,0.3247265089048824
11682,0.335178915056308
11683,0.3317253436221158
11684,0.3273021049099506
11685,0.3194528931422794
11686,0.3174301065887066
11687,0.3220343258164377
11688,0.3079802646776287
11689,0.3182849252937664
11690,0.314323829529149
11691,0.3184050798124366
11692,0.3240413295488915
11693,0.3292883709414041
11694,0.3158236076269772
11695,0.3115178474195754
11696,0.308086922404383
11697,0.317377951186863
11698,0.3139053348688425
11699,0.3233798878475727
11700,0.3283583523738359
11701,0.3223424533458152
11702,0.3235962959180199
11703,0.3252980447440258
11704,0.3181658865400908
11705,0.31775749659156
11706,0.3187814086561252
11707,0.3261174789747221
11708,0.3143210068869548
11709,0.3236698363998652
11710,0.3157215187001216
11711,0.3262772699839281
11712,0.3238708364963267
11713,0.3251489166922592
11714,0.317804390703934
11715,0.325838938943747
11716,0.329425225612557
11717,0.3282816396853533
11718,0.3219923143923921
11719,0.3143461268048106
11720,0.3220389914946646
11721,0.3252855251533624
11722,0.3197017084869615
11723,0.317146666547845
11724,0.3172217200838473
11725,0.3156320331840494
11726,0.3190570141867561
11727,0.3255575201926879
11728,0.3177243413557196
11729,0.3083541362749416
11730,0.3164065546912327
11731,0.3209345377299063
11732,0.3199175384474499
11733,0.3146490610313603
11734,0.3248713082606172
11735,0.3276777414608492
11736,0.3172655589104851
11737,0.3229406920059055
11738,0.3214441747243657
11739,0.3194093468077456
11740,0.316360486364765
11741,0.3145013597503097
11742,0.3200621621193809
11743,0.3175139148607017
11744,0.3265601987269922
11745,0.3251745450452333
11746,0.3096226247360263
11747,0.3186627764663149
11748,0.3353861234979493
11749,0.3200570172277758
11750,0.3209500712448653
11751,0.3219902821889133
11752,0.3178275760158842
11753,0.3147998265656773
11754,0.3160118330404564
11755,0.3205385248901743
11756,0.330342192045135
11757,0.3275299502082832
11758,0.3153922440907616
11759,0.3211492175505618
11760,0.3108077022624513
11761,0.3237788394719963
11762,0.3248021764487138
11763,0.3286284868491908
11764,0.3196103380036798
11765,0.3216664135637054
11766,0.3258595940230833
11767,0.3186186103764614
11768,0.3253832683805907
11769,0.3176846451287477
11770,0.3230590948543813
11771,0.3186906467433456
11772,0.3223588669654976
11773,0.3174841209416075
11774,0.3171561005932894
11775,0.32234941438544
11776,0.3207912953807517
11777,0.3231734352455315
11778,0.3217909435146254
11779,0.3200656065029886
11780,0.3249679271612307
11781,0.3233363855427454
11782,0.315713278659408
11783,0.3126937951880287
11784,0.3174417886797367
11785,0.3178319245101378
11786,0.3211321784902136
11787,0.317001999596204
11788,0.3149637964643996
11789,0.3235363609630318
11790,0.3067313632308724
11791,0.3098544423924095
11792,0.3227248701024981
11793,0.3102425283330585
11794,0.3089845056197741
11795,0.305871162478497
11796,0.3208564602358427
11797,0.3152964642527051
11798,0.317211232283517
11799,0.3176340328089193
11800,0.3176211680625683
11801,0.3240928571040636
11802,0.322447091681139
11803,0.3127885264423357
11804,0.3223588894436033
11805,0.31643133817588
11806,0.3237407821090892
11807,0.319777285128778
11808,0.3196675488136142
11809,0.3173074776216181
11810,0.3133002649982809
11811,0.3164416762957782
11812,0.323182950851945
11813,0.3310329312470674
11814,0.324897521446415
11815,0.3268809897208426
11816,0.3200149367524547
11817,0.3217800122516656
11818,0.3217234055413384
11819,0.3160832144804786
11820,0.3159746096770028
11821,0.3159576576845988
11822,0.324525915277521
11823,0.3300760899336499
11824,0.3269429720446876
11825,0.3202184435219795
11826,0.3283846319480151
11827,0.3177955699553397
11828,0.3241138335625672
11829,0.3192293315737483
11830,0.328148913918373
11831,0.3180364968274098
11832,0.3206221691189833
11833,0.3110776703771803
11834,0.3251675665004404
11835,0.3169239691352308
11836,0.3165153715575065
11837,0.3167765244127474
11838,0.3145661470144825
11839,0.3136400406528429
11840,0.3182217236948997
11841,0.3243743240257016
11842,0.3178135546759486
11843,0.3157566952032825
11844,0.3134613603602541
11845,0.3181081130933366
11846,0.3185632225068464
11847,0.3274819557415094
11848,0.3170991631521406
11849,0.3198520901185328
11850,0.3217284148421699
11851,0.3167572944475527
11852,0.3130273879981351
11853,0.3127430624727672
11854,0.32178609827138
11855,0.3224720132507168
11856,0.3166925870731548
11857,0.3128809922275077
11858,0.3197069002356554
11859,0.3127901612048897
11860,0.3239223655581085
11861,0.3225591303480127
11862,0.3131735188953556
11863,0.318968510860533
11864,0.314260080793335
11865,0.3139378431137312
11866,0.3126724053432844
11867,0.3173883763480394
11868,0.3083945911469382
11869,0.3161005369592833
11870,0.3268389115536423
11871,0.3110559943622766
11872,0.3177201780313615
11873,0.3095382270254854
11874,0.318107928316756
11875,0.3214514905019147
11876,0.3208204306544755
11877,0.3128736481802217
11878,0.3219496344654314
11879,0.3126414723299662
11880,0.3203991030221171
11881,0.3207243123285787
11882,0.3125084931084935
11883,0.3248461818825369
11884,0.3237905714970998
11885,0.3205662070511261
11886,0.3101106588528765
11887,0.3203632276683722
11888,0.3078982016491637
11889,0.3151666679027795
11890,0.3168807070186534
11891,0.3150773063544927
11892,0.3127637319222841
11893,0.3353535580363442
11894,0.3175634560264253
11895,0.3216800212921337
11896,0.3184216664806943
11897,0.3301166836128872
11898,0.3238501385888839
11899,0.3140727968304874
11900,0.3198845068506254
11901,0.319324384817677
11902,0.31754490833969
11903,0.3170481292900665
11904,0.3268060752997785
11905,0.321714475960428
11906,0.3286907101429623
11907,0.3204708477962978
11908,0.3066513237475305
11909,0.3081108310985934
11910,0.3189593204718275
11911,0.3315105267712407
11912,0.3123872658632619
11913,0.3108663598204993
11914,0.3131944603449343
11915,0.3259637200950858
11916,0.3230087109678443
11917,0.313727301662845
11918,0.3132847285520304
11919,0.3245844819408277
11920,0.3151357234832067
11921,0.3120427478574259
11922,0.3170635107922369
11923,0.3147640444967599
11924,0.3179268477626298
11925,0.3146502381151725
11926,0.3163955287658112
11927,0.3152761742215113
11928,0.3229532202570386
11929,0.3106429230730084
11930,0.3169301839337
11931,0.3109613528919526
11932,0.3183540425592183
11933,0.3163362178314479
11934,0.3148389730701486
11935,0.3232954733495783
11936,0.3146692871806628
11937,0.3116874346223051
11938,0.3178144981771972
11939,0.3207956639934861
11940,0.3126741432446495
11941,0.3218956311765221
11942,0.3226769327685092
11943,0.3219387404215282
11944,0.3214465340821948
11945,0.3251497649276867
11946,0.3214467565195712
11947,0.3213412924737807
11948,0.3178173631211396
11949,0.3191494605234406
11950,0.3215458449188557
11951,0.3202805587810753
11952,0.3203636001454681
11953,0.3225300870881918
11954,0.316983742297886
11955,0.3156537210817979
11956,0.3091798946946655
11957,0.3129998678384531
11958,0.3158064165710086
11959,0.3197113529831417
11960,0.3161393047724066
11961,0.3142393439892197
11962,0.3158763194891771
11963,0.3167464512945549
11964,0.3159553010370752
11965,0.3219346211027102
11966,0.313522611882611
11967,0.3207872773707762
11968,0.3222112934805192
11969,0.3165337080662115
11970,0.315674847380371
11971,0.3141295947971796
11972,0.3224920056177521
11973,0.3203562827045286
11974,0.3183719547897722
11975,0.3091789992620622
11976,0.3257891355164189
11977,0.3202483183919791
11978,0.3215213404600231
11979,0.3221037896716251
11980,0.3218299853714801
11981,0.3277197622476286
11982,0.3238916231920065
11983,0.3239249344699568
11984,0.3269580203674081
11985,0.324869716306804
11986,0.3199545083716428
11987,0.3311481603757779
11988,0.3186882375516122
11989,0.3200797997999681
11990,0.321638052850516
11991,0.3339397921185012
11992,0.3206731622911859
11993,0.3184243122429568
11994,0.319158700800513
11995,0.3173448148345526
11996,0.3195021839133696
11997,0.3126640164254313
11998,0.321435084315074
11999,0.3165060779706732
12000,0.3138059917667795
12001,0.3152664959745771
12002,0.314411019646159
12003,0.3209058621938236
12004,0.321803071708184
12005,0.3109833534723842
12006,0.3164033953853543
12007,0.3128086610106504
12008,0.3172691208179357
12009,0.3229751338221598
12010,0.322051570811721
12011,0.3194228701748404
12012,0.310075757376849
12013,0.3176234045520847
12014,0.3236912702023408
12015,0.3191246284039614
12016,0.3223210388590478
12017,0.3183758076264159
12018,0.3227125199291313
12019,0.3221429442676485
12020,0.3194781002982345
12021,0.3209969249834451
12022,0.3210157370307714
12023,0.3150024825407259
12024,0.3173457719289443
12025,0.3111766924075701
12026,0.3197149308424158
12027,0.3186239082711875
12028,0.3173255186488185
12029,0.3137472354720262
12030,0.3207689080265756
12031,0.3221003975973471
12032,0.3100668763575621
12033,0.3161926487531394
12034,0.3094876014953736
12035,0.3182265502705326
12036,0.3187252673892038
12037,0.3144250814136736
12038,0.3129385225691575
12039,0.3182103702111282
12040,0.3172902625581119
12041,0.3199632758198971
12042,0.3154262497276975
12043,0.3190583552433189
12044,0.3132570773644986
12045,0.317478328620916
12046,0.3215832889770895
12047,0.315825294525257
12048,0.3144179727682596
12049,0.3299031971913198
12050,0.3159315908041057
12051,0.3100283156636678
12052,0.3122118991997938
12053,0.3168178788027592
12054,0.3173529817382279
12055,0.3272470854167795
12056,0.3135278724310064
12057,0.3130821304723478
12058,0.3097669574830299
12059,0.3112336386696853
12060,0.3151026999131265
12061,0.3126037718878195
12062,0.3192755435552003
12063,0.3138200340808955
12064,0.3133783917626994
12065,0.314335852693346
12066,0.3244260609513521
12067,0.3209825425430322
12068,0.3172668828020166
12069,0.3174869572903391
12070,0.3144550941044058
12071,0.3181456042428336
12072,0.3095271196796231
12073,0.316426209687469
12074,0.3134567707417173
12075,0.3173498089094498
12076,0.3240193367680403
12077,0.3102181753941568
12078,0.3224482437646577
12079,0.3212530199069421
12080,0.3176659573418222
12081,0.3185984401996524
12082,0.3215322665303258
12083,0.3156467050623431
12084,0.3186203263333447
12085,0.3172264975333291
12086,0.3215089911022191
12087,0.3155243355002698
12088,0.3221821439711864
12089,0.3197537406750092
12090,0.3192110647243743
12091,0.3273635759387898
12092,0.3091711386700865
12093,0.3132703015300899
12094,0.3174880284595799
12095,0.3181155277001683
12096,0.3173587321737906
12097,0.3151168577293859
12098,0.3250084289065396
12099,0.3277935644842474
12100,0.3209454560880453
12101,0.3162688937958603
12102,0.319917908384454
12103,0.31069733599849
12104,0.3144152761504871
12105,0.3348746964456494
12106,0.3210796134823199
12107,0.3199402992095719
12108,0.3258279021985586
12109,0.3164897793976147
12110,0.3205485573560089
12111,0.325384288684181
12112,0.3217827810256536
12113,0.3270852060657528
12114,0.3126946497505895
12115,0.3272126334124567
12116,0.3176787269153144
12117,0.3129948597014778
12118,0.3170402761702906
12119,0.3132922999550213
12120,0.3187871325425644
12121,0.3255071717630198
12122,0.3311315932401234
12123,0.3239610829696731
12124,0.3205397649494246
12125,0.3142537935436432
12126,0.3151184985261374
12127,0.3232655809254274
12128,0.3319617332937301
12129,0.3192134351179961
12130,0.3174420238046365
12131,0.3207644134611481
12132,0.3188352055744736
12133,0.3119089399335502
12134,0.3155998277525397
12135,0.3134009028036439
12136,0.317122143319878
12137,0.3226471771901287
12138,0.3190770159015577
12139,0.3251890903172092
12140,0.321753091512781
12141,0.3076081785049787
12142,0.3114633965096722
12143,0.30673750939324
12144,0.3132925130263492
12145,0.3257185484062271
12146,0.3014873506875268
12147,0.3134080289792955
12148,0.3241665000064463
12149,0.313919134193263
12150,0.3133902897499756
12151,0.3089255060631347
12152,0.3179070650284797
12153,0.3111910373846833
12154,0.3321572063829362
12155,0.3170386064533458
12156,0.3072240855810601
12157,0.3264401892112031
12158,0.3219766356874464
12159,0.3152723210262544
12160,0.3271211966983826
12161,0.3034799248381246
12162,0.3139734691438805
12163,0.3147715682720711
12164,0.3140427509166949
12165,0.313931955965631
12166,0.3131606773440589
12167,0.317181276088571
12168,0.3138228685967532
12169,0.3189433618852657
12170,0.3138697362829635
12171,0.3229848380645725
12172,0.3182891246466814
12173,0.3269614114847359
12174,0.3170714439880112
12175,0.3173552060781574
12176,0.3196602033557932
12177,0.3149321378048743
12178,0.3143400043724513
12179,0.3126162373724144
12180,0.3175052561393999
12181,0.3142017495543214
12182,0.3206842166611528
12183,0.3253547725504557
12184,0.3192293186123285
12185,0.3190780171771417
12186,0.3189243413154642
12187,0.3137685557326286
12188,0.3111051064753309
12189,0.3117849964902113
12190,0.310230838164843
12191,0.3082959461876495
12192,0.3194151685231101
12193,0.3117362855606821
12194,0.315824620433478
12195,0.3157246128135434
12196,0.3204494120068297
12197,0.3243025044172951
12198,0.319808537894656
12199,0.329088860726953
12200,0.3157073309818137
12201,0.3125232674581398
12202,0.3089293331199608
12203,0.3240622739510637
12204,0.3193947823320613
12205,0.311076916273365
12206,0.3180532972886084
12207,0.3059526726897122
12208,0.3189855429865292
12209,0.3170871513894313
12210,0.318963238007022
12211,0.3294165171422942
12212,0.3141115380002748
12213,0.321218587878595
12214,0.3107658986712269
12215,0.312290612243383
12216,0.3332059205581316
12217,0.3120564026622376
12218,0.312705253588703
12219,0.3218016571559247
12220,0.3235997900641599
12221,0.3111600019049278
12222,0.3111615534403544
12223,0.3214912941523305
12224,0.3201625050648543
12225,0.3141754965756251
12226,0.3108569048011703
12227,0.3127309471312704
12228,0.3160724114263867
12229,0.3215645609728423
12230,0.3143968812855073
12231,0.3140104737685789
12232,0.3203974099363378
12233,0.3201127062432962
12234,0.3205333754527453
12235,0.3106624545661333
12236,0.3222937385324826
12237,0.3226224615931619
12238,0.320409842966681
12239,0.3169242783916237
12240,0.3208015504237685
12241,0.3156757100604682
12242,0.32364970042901
12243,0.3308510172893213
12244,0.3206308808776409
12245,0.3211167163223369
12246,0.322948578513635
12247,0.3177872089412571
12248,0.3169449051298442
12249,0.3138463264817278
12250,0.3075171217268468
12251,0.3098560304173109
12252,0.3145206337778698
12253,0.3216319168098861
12254,0.3219800493231889
12255,0.3222442408115444
12256,0.3193025910812531
12257,0.3226541708628964
12258,0.3126082176086517
12259,0.317550555243781
12260,0.3123017720692186
12261,0.3165750751529048
12262,0.3200718935356085
12263,0.3125087075271611
12264,0.3225976128362794
12265,0.3209291600095961
12266,0.3150071090740804
12267,0.3209332871140234
12268,0.3210930001629711
12269,0.3228290951132245
12270,0.3115322595321509
12271,0.3090393104870461
12272,0.3227913842753377
12273,0.3129674855288378
12274,0.3200048934548399
12275,0.3266648099205504
12276,0.3140827840014303
12277,0.3291844638944374
12278,0.3211040450528832
12279,0.3281093839131873
12280,0.3204615730420297
12281,0.3156834889196406
12282,0.3205164445417788
12283,0.3149655124172527
12284,0.3243833266177535
12285,0.3171309879446483
12286,0.3190562064888382
12287,0.3247490901371133
12288,0.3249989635661796
12289,0.317725907012273
12290,0.3241788906684552
12291,0.3185851966040806
12292,0.3231648745578468
12293,0.322022984241905
12294,0.3154195795539452
12295,0.3203966390542257
12296,0.3231783475627255
12297,0.3103787448155094
12298,0.3200561958698627
12299,0.3189118826681404
12300,0.313222417257538
12301,0.3084330792605315
12302,0.3183895429947035
12303,0.3256723854478744
12304,0.3158055592405163
12305,0.3168514962463498
12306,0.3152414449739432
12307,0.3165688266714345
12308,0.3251712168276817
12309,0.3207272247698643
12310,0.3214413191667679
12311,0.3124064915024305
12312,0.3040974658514397
12313,0.3150600960550209
12314,0.3108625712896629
12315,0.3177385096600619
12316,0.3170744587717168
12317,0.3092404724554793
12318,0.3217648283887674
12319,0.3194666897850357
12320,0.3046731293963898
12321,0.3092815831212571
12322,0.3186881044307617
12323,0.3075403235724406
12324,0.3135680628648538
12325,0.3218730121070444
12326,0.3062372457599217
12327,0.3124554158213714
12328,0.3128066985715066
12329,0.3181130785610835
12330,0.3132287916461302
12331,0.3116474284439362
12332,0.3132479212081985
12333,0.3168574400659328
12334,0.32376427137738
12335,0.3292262303059998
12336,0.3154202453992663
12337,0.3179754739018136
12338,0.3294282321811841
12339,0.3166551380039228
12340,0.3226712594727542
12341,0.3122695166047036
12342,0.3084981488238759
12343,0.3131444614359527
12344,0.3214652716821741
12345,0.3157781127702614
12346,0.3173882118720443
12347,0.3183889889750709
12348,0.3131099843072059
12349,0.3164716171372841
12350,0.317298982022018
12351,0.3230619989579515
12352,0.3197586683499042
12353,0.3291471597921168
12354,0.3162389055318095
12355,0.3224112310085718
12356,0.3152630971935585
12357,0.3227090077905841
12358,0.3008634124381762
12359,0.3149722878560662
12360,0.316113151686226
12361,0.322960650498939
12362,0.3191010059315298
12363,0.3213870397388231
12364,0.3134644821745059
12365,0.3121859348447567
12366,0.314892957502721
12367,0.31323923682901
12368,0.3221203111789115
12369,0.3169231126459793
12370,0.3149414566395587
12371,0.3161931854692045
12372,0.3122978369686998
12373,0.3194616421257317
12374,0.3122823834682395
12375,0.3115965595323812
12376,0.3152435624049108
12377,0.3125794607595444
12378,0.3183521051350078
12379,0.3145603809154942
12380,0.3202467553715595
12381,0.3254479450539151
12382,0.3190810985554383
12383,0.3179205398863122
12384,0.3118700232334004
12385,0.3131110937759153
12386,0.3267516028107783
12387,0.3113268058107605
12388,0.319505576572209
12389,0.3215773780754298
12390,0.314503184442746
12391,0.3181491120764568
12392,0.3136399911260636
12393,0.3102144674999422
12394,0.3198357061919103
12395,0.3079668190803267
12396,0.3275324651047189
12397,0.3301380769542103
12398,0.3112399933286638
12399,0.3215679815833261
12400,0.3138823782723951
12401,0.3169152493082612
12402,0.3162093551940363
12403,0.32408138773359
12404,0.3202128026358377
12405,0.3179754719810523
12406,0.3214976190961399
12407,0.3126649677252579
12408,0.3312944173921398
12409,0.3120475960673997
12410,0.3111558369339376
12411,0.3138331181406983
12412,0.3158395028235541
12413,0.3146989810205411
12414,0.315858115292036
12415,0.3140243094872583
12416,0.3185019121858513
12417,0.3084606730205776
12418,0.319420881062818
12419,0.3172612321060539
12420,0.3173453492308398
12421,0.3235133690357237
12422,0.3090392593948556
12423,0.3202828032884544
12424,0.3186111621723017
12425,0.3160064774973562
12426,0.3193380226078209
12427,0.3169944372176033
12428,0.3126025506491594
12429,0.3034637387381549
12430,0.3156910287288845
12431,0.3359942228855505
12432,0.3152643213965703
12433,0.3049098257024083
12434,0.3157377976627294
12435,0.3242552263647657
12436,0.3218706677474954
12437,0.3248024889167895
12438,0.320408877993181
12439,0.3274165595479265
12440,0.3123546113970112
12441,0.317321104489525
12442,0.3167269855380127
12443,0.3187305980893033
12444,0.306099254165951
12445,0.3116538281885839
12446,0.3112984779587436
12447,0.311308476773546
12448,0.3163963994706794
12449,0.3013170974032282
12450,0.3157421301173788
12451,0.3217430304936383
12452,0.3176711218071232
12453,0.3041251156307598
12454,0.3130362110977993
12455,0.3100818047026998
12456,0.3218716592713475
12457,0.3170468336145217
12458,0.3197686629837851
12459,0.3095951971731145
12460,0.3290331056913937
12461,0.3042081605877472
12462,0.314456105957322
12463,0.3248301029853872
12464,0.3172969120110329
12465,0.3167323916418371
12466,0.3114040655556541
12467,0.3137640648469815
12468,0.3143952339105619
12469,0.3191638301476913
12470,0.3084166987852815
12471,0.3205717583850066
12472,0.3149406951743427
12473,0.3022947049560393
12474,0.3146775928159235
12475,0.3120994967205809
12476,0.3263521879267973
12477,0.3200787885350689
12478,0.3125216690668486
12479,0.3100278439454793
12480,0.3135934706516863
12481,0.3142210681246681
12482,0.3111749950155984
12483,0.3187371334237011
12484,0.3136616068458327
12485,0.32365890263531
12486,0.3163153749116222
12487,0.3129793342600332
12488,0.3083773932997259
12489,0.3136937607763925
12490,0.3147685388254728
12491,0.31770075610692
12492,0.3164395454908226
12493,0.3155153998819277
12494,0.3108061819741572
12495,0.3178409496341929
12496,0.3135533721741947
12497,0.3278946525289724
12498,0.3128885724089235
12499,0.309446841938805
12500,0.3083279831628207
12501,0.317467386155459
12502,0.3034078275322646
12503,0.3067204626848323
12504,0.3149944858288514
12505,0.3175220325801639
12506,0.3078835334934295
12507,0.3102777919417141
12508,0.3121895207919658
12509,0.3191989888509438
12510,0.3171352179941904
12511,0.3235484753098469
12512,0.3197502497782054
12513,0.319658625339247
12514,0.3223638005602227
12515,0.3196457252544437
12516,0.3221218862959146
12517,0.3098433620043031
12518,0.3189718645416117
12519,0.3216962609883579
12520,0.3183501055671582
12521,0.3135233666632913
12522,0.319932501264037
12523,0.3125962851927735
12524,0.3136227206896658
12525,0.3168164822263157
12526,0.3195224392740434
12527,0.3072780031798294
12528,0.3093930286167129
12529,0.3086997946919809
12530,0.3122072914422792
12531,0.3182556990186861
12532,0.3102943203328586
12533,0.3171262533690529
12534,0.3161636686380645
12535,0.3165811183609314
12536,0.3167389425378075
12537,0.3134525170203555
12538,0.3107107691458235
12539,0.3172088178696375
12540,0.3203592504530433
12541,0.312125210044035
12542,0.3213658229867548
12543,0.3194594670991941
12544,0.3186619249328978
12545,0.3183444913401291
12546,0.3124421300495233
12547,0.3184671026672496
12548,0.3125424351143708
12549,0.3095608070810803
12550,0.3181798065309105
12551,0.3122191356195747
12552,0.3161666741189509
12553,0.315697353252104
12554,0.3150675573466532
12555,0.3225388529008695
12556,0.3111505560497436
12557,0.3190008777065005
12558,0.3201887129116199
12559,0.3190402157444343
12560,0.3102718421162228
12561,0.3221887937484404
12562,0.3216860586257535
12563,0.3096917699816611
12564,0.315637549158391
12565,0.3241791261372853
12566,0.317888556796163
12567,0.3065811412214347
12568,0.3213946493330918
12569,0.3228605956937802
12570,0.3232744144911609
12571,0.3179467001452634
12572,0.3206260675630948
12573,0.3107510723225962
12574,0.3140742626397129
12575,0.3051682636560054
12576,0.3162504651586492
12577,0.3129097866153172
12578,0.319122139257894
12579,0.3239990226554663
12580,0.3213259269014017
12581,0.3166403350895225
12582,0.3092557912689858
12583,0.3145565940045675
12584,0.3180380594101719
12585,0.3079085580315083
12586,0.3085928603945859
12587,0.3123913011887677
12588,0.3146529892605358
12589,0.3206307731359289
12590,0.3145171764852842
12591,0.3180651533374477
12592,0.320988993376972
12593,0.3189184756273834
12594,0.3103523404554644
12595,0.317388183180391
12596,0.3234595052661438
12597,0.3213807902108159
12598,0.3205927639918327
12599,0.329651479824201
12600,0.330254455935869
12601,0.3320895574179684
12602,0.3344111069777548
12603,0.314173837420636
12604,0.3200268682822819
12605,0.315520684011082
12606,0.3222982551913482
12607,0.3143019509681264
12608,0.3096199995049213
12609,0.3193867098826373
12610,0.3208911094073998
12611,0.3107871578007022
12612,0.3159861708670796
12613,0.3132540135905883
12614,0.3172190076556111
12615,0.3126289466772309
12616,0.3198347863828465
12617,0.3180619943616061
12618,0.3207154970914345
12619,0.3145777195874434
12620,0.3217418187741961
12621,0.3149928155731425
12622,0.3124033653678343
12623,0.3236258424588735
12624,0.3242047775976576
12625,0.3125299136435761
12626,0.3111649610302782
12627,0.314108178108909
12628,0.314167518402762
12629,0.3076871549068123
12630,0.3081000564419063
12631,0.3172228495397379
12632,0.308391062066036
12633,0.315845799158003
12634,0.3096167542929121
12635,0.3125581380157939
12636,0.3071838292163347
12637,0.3091917916436267
12638,0.3224469575615898
12639,0.3104507410509338
12640,0.3140014662056846
12641,0.3216216848976292
12642,0.302209076007337
12643,0.3219031406581775
12644,0.3113308551197391
12645,0.3215247190171043
12646,0.3100388901734521
12647,0.3147787168945392
12648,0.3154849135666322
12649,0.3126648359342133
12650,0.312207908482271
12651,0.3135715774648505
12652,0.3129675209633779
12653,0.3222962992616262
12654,0.3126116988567415
12655,0.3107005127852301
12656,0.3106203306603248
12657,0.3085948382495134
12658,0.3141984716562793
12659,0.3131822718361989
12660,0.306431609476078
12661,0.3083521952316096
12662,0.3137557976509729
12663,0.3066169245468017
12664,0.3178948726094479
12665,0.3083311223910796
12666,0.311037936946285
12667,0.3100348544773564
12668,0.3196301345133044
12669,0.3241997756166959
12670,0.3287790603671733
12671,0.3072953630046206
12672,0.3145371457507934
12673,0.3198894986463892
12674,0.3155660893335826
12675,0.3144811575304068
12676,0.3192874185223195
12677,0.3190993745849981
12678,0.3174040029623617
12679,0.3217779320796249
12680,0.3235900747093405
12681,0.3061449393080932
12682,0.3138586309902482
12683,0.3248293431793042
12684,0.3200831777205224
12685,0.3098188734798912
12686,0.3110816736380223
12687,0.3152159953976524
12688,0.321989835801699
12689,0.3168351465700794
12690,0.3105347483538488
12691,0.3089070475050213
12692,0.3153764639468577
12693,0.3152877568559645
12694,0.3047128716817588
12695,0.3200250311609446
12696,0.3207511628882848
12697,0.3070570395178424
12698,0.3163951652245608
12699,0.3042923194964314
12700,0.3052335356583705
12701,0.3138623313595977
12702,0.3109300108482914
12703,0.3198863343733061
12704,0.3202032469002162
12705,0.3111089609351447
12706,0.329050777084346
12707,0.316323647373964
12708,0.3299056281133931
12709,0.3139070103697324
12710,0.3145489742999648
12711,0.3050573410404697
12712,0.3157500633193578
12713,0.3199309818374298
12714,0.3084526976622475
12715,0.3124726136383625
12716,0.3133010383344297
12717,0.3196712168070041
12718,0.3170179041771457
12719,0.3121757270572147
12720,0.3154218487380815
12721,0.3107164459772809
12722,0.3153879855814744
12723,0.3107338090081753
12724,0.3096547315315681
12725,0.3132882491195567
12726,0.312383541778845
12727,0.3184212604075385
12728,0.314936369752702
12729,0.318647598500617
12730,0.3091302055087834
12731,0.3090024813819126
12732,0.3190968678721719
12733,0.31509049385465
12734,0.3129787413229366
12735,0.308764202912745
12736,0.3135745154893532
12737,0.3178682455301213
12738,0.312485404760671
12739,0.3057836182771868
12740,0.3130072354234602
12741,0.3141239459114834
12742,0.3164636679043889
12743,0.3083425623763144
12744,0.3148479756536348
12745,0.318900824887608
12746,0.3091430378931018
12747,0.3137692769366734
12748,0.305611899307578
12749,0.3108755875119776
12750,0.3170190911588921
12751,0.3273727236978189
12752,0.3143622791309726
12753,0.3176416691464713
12754,0.3101437913299291
12755,0.316628522566416
12756,0.3129009440216709
12757,0.3073156873740086
12758,0.3128361905536923
12759,0.3124599827281186
12760,0.3105278401971438
12761,0.311796711227992
12762,0.3097247324485624
12763,0.3172565781698928
12764,0.3037225922950339
12765,0.300896922973189
12766,0.31507454671292
12767,0.3129318423375291
12768,0.3083995117088517
12769,0.3175242117652306
12770,0.3196818587762122
12771,0.30709734306176
12772,0.3150088303738438
12773,0.3068025899627981
12774,0.317989975685057
12775,0.3107032728249937
12776,0.3121851474362258
12777,0.3164030860209028
12778,0.3214747612930799
12779,0.3229469461670232
12780,0.3163783881394537
12781,0.3231964350297872
12782,0.3134492864107913
12783,0.3143997789138219
12784,0.3155798369475974
12785,0.3172834583673262
12786,0.3197454212146626
12787,0.3145894986721722
12788,0.3159814766720641
12789,0.3123080682833957
12790,0.3155509644514792
12791,0.3139770225107935
12792,0.3114098232482423
12793,0.3212239183292163
12794,0.3122411399814658
12795,0.3115771915295152
12796,0.3179639921195904
12797,0.3150870167128315
12798,0.3159735597604081
12799,0.3203855254050111
12800,0.3118028014227055
12801,0.311206224344895
12802,0.3135502510974235
12803,0.313025917017611
12804,0.3102210530725224
12805,0.3147350143086378
12806,0.311495442154617
12807,0.3120799059852989
12808,0.3110219042170589
12809,0.3201499982556385
12810,0.3109638259764447
12811,0.3137558154050718
12812,0.3168099726507955
12813,0.3233597300497701
12814,0.3138709205169113
12815,0.3113968047905185
12816,0.3147406517245885
12817,0.3154875517046935
12818,0.3127293163184217
12819,0.3161779023392592
12820,0.3140030596451534
12821,0.313052432817638
12822,0.3330734224679024
12823,0.324571387732997
12824,0.3090245620229235
12825,0.3091579479070234
12826,0.3177182609076882
12827,0.31383439417603
12828,0.3087165655869748
12829,0.3139722528095506
12830,0.3167474749379783
12831,0.3227469513741793
12832,0.322630345222383
12833,0.3187340756819687
12834,0.3178923439176053
12835,0.3167517151467108
12836,0.3178555187471626
12837,0.3138824357942483
12838,0.3212891723144976
12839,0.3135452037831389
12840,0.3012827020264985
12841,0.3142391353737852
12842,0.3213202409433842
12843,0.3032831652617171
12844,0.3097389248561552
12845,0.3109403895606767
12846,0.310786609852847
12847,0.3134935001175721
12848,0.3073554587704665
12849,0.3202353529406108
12850,0.3130317096156015
12851,0.3148091118807845
12852,0.3147306265187142
12853,0.3103183785485868
12854,0.306586368781607
12855,0.3014272834285798
12856,0.3140992916745108
12857,0.3150957128889891
12858,0.3133194145062762
12859,0.3125016866246095
12860,0.3018615783381107
12861,0.3117816841895646
12862,0.309080623937646
12863,0.3152316181754759
12864,0.3189309968507295
12865,0.3143947694484293
12866,0.3140369241844763
12867,0.3074532035039354
12868,0.3145178957475157
12869,0.3223759500319726
12870,0.3086099716321382
12871,0.3225711724239454
12872,0.3062103228796452
12873,0.3143422930728925
12874,0.3160418561116828
12875,0.3161556449126634
12876,0.3088366270809483
12877,0.3131294311391523
12878,0.3216850048221336
12879,0.3191191466754803
12880,0.3091757313101915
12881,0.3090728026068576
12882,0.3191263213663217
12883,0.3161932152767776
12884,0.3143518478664626
12885,0.3072564213586894
12886,0.3211263090874114
12887,0.3109520707444339
12888,0.314207926808951
12889,0.3035803965593636
12890,0.3210080164819804
12891,0.3178458200481171
12892,0.3168368961807024
12893,0.3124766243210192
12894,0.3107287339881315
12895,0.3081416635488228
12896,0.3078362911773577
12897,0.3194680885283691
12898,0.3131522451866178
12899,0.3015928474679454
12900,0.3219405145005436
12901,0.308404374524079
12902,0.3082708800227257
12903,0.3096362699480473
12904,0.320229965691111
12905,0.3215358544424019
12906,0.3104984431405611
12907,0.3186549276873658
12908,0.2951715974675373
12909,0.3187323088225109
12910,0.3012042094109594
12911,0.314672196438224
12912,0.3113495974267802
12913,0.3102790028956322
12914,0.3159923158489231
12915,0.3048520127620833
12916,0.3091028053094422
12917,0.320221822541581
12918,0.3067949746777524
12919,0.3042195761809562
12920,0.3101161553402782
12921,0.3187260042510951
12922,0.3114707268546665
12923,0.3201746555323418
12924,0.3150565815142067
12925,0.3030229127710847
12926,0.3122123231684782
12927,0.3069358513989275
12928,0.3118050804786672
12929,0.312835688102044
12930,0.3148968922973064
12931,0.3180519145494074
12932,0.3072773407206379
12933,0.308200635504805
12934,0.3046147376032653
12935,0.3120376092126926
12936,0.3085172059690834
12937,0.315903955524186
12938,0.3153164801381756
12939,0.3201942788040663
12940,0.3100765489864545
12941,0.3185493706051974
12942,0.3071487940435252
12943,0.309448115313513
12944,0.3183639221863004
12945,0.3112678806961854
12946,0.3145982549716216
12947,0.318365018869568
12948,0.3205436885136537
12949,0.3128782914367485
12950,0.3160206437099116
12951,0.3125367642982251
12952,0.308802721611053
12953,0.3123445051175961
12954,0.3079108971568042
12955,0.3170584347549406
12956,0.3114686104733458
12957,0.3037521405996061
12958,0.3203711129478261
12959,0.3109988792599752
12960,0.3108609344636824
12961,0.3110778543334234
12962,0.303091055783833
12963,0.3155902576018885
12964,0.3048264905096596
12965,0.3066302701064537
12966,0.3203359911851601
12967,0.3168224592725474
12968,0.3094845711366263
12969,0.307747726467714
12970,0.3146838813681874
12971,0.3056879007527721
12972,0.3060306090672231
12973,0.3127496318499987
12974,0.310729300253955
12975,0.3030946955783953
12976,0.3081095814091949
12977,0.3110448525348351
12978,0.3091050367627537
12979,0.3198631088738021
12980,0.3159491738428604
12981,0.3031545540210525
12982,0.3066722470761973
12983,0.3177106928008777
12984,0.3229880503097856
12985,0.3110145450062094
12986,0.3183101129780679
12987,0.3201617063123512
12988,0.3163017445941757
12989,0.3134745842643405
12990,0.3193961529090505
12991,0.3175374434901514
12992,0.3265111573312478
12993,0.3143576377955547
12994,0.3157320329325153
12995,0.3216963865183442
12996,0.3107274727859044
12997,0.3152140713802819
12998,0.307880056284886
12999,0.2996949903528855
13000,0.3045803809360157
13001,0.3101761665790363
13002,0.3103539300424573
13003,0.3137234505502304
13004,0.3151860933368691
13005,0.3145503394267639
13006,0.3053362418903094
13007,0.3111457604625424
13008,0.3223954428150684
13009,0.3139711711433575
13010,0.3094768183477294
13011,0.3127750164048942
13012,0.3075222357098727
13013,0.3127556173348819
13014,0.3054379764871632
13015,0.3134528638866742
13016,0.3144472595900049
13017,0.3170182487448148
13018,0.3111853182564932
13019,0.3045207233663031
13020,0.3119324945534989
13021,0.3156710156720053
13022,0.3152398786874691
13023,0.3055407898452166
13024,0.3125232456808064
13025,0.3073246817337215
13026,0.2954597557800927
13027,0.3205885591055716
13028,0.3034854555982126
13029,0.3059410144804546
13030,0.3204781465992554
13031,0.3143478481597049
13032,0.3179108745006263
13033,0.3174929050224332
13034,0.3059345292998179
13035,0.3133457591823666
13036,0.323017873448034
13037,0.3160175739758211
13038,0.3046118796502197
13039,0.3083354156813105
13040,0.3267099146365415
13041,0.3014326460330272
13042,0.3106833897452182
13043,0.3145017089388361
13044,0.3132587190160842
13045,0.3185375961513745
13046,0.3177884384352281
13047,0.3160877187416795
13048,0.3223958969627794
13049,0.3000455678164883
13050,0.316332169137716
13051,0.3028834967197835
13052,0.3174672451652561
13053,0.3181057068983448
13054,0.3166091560963647
13055,0.304987562307693
13056,0.312978802857552
13057,0.3057748588835849
13058,0.3135379832197085
13059,0.3064272762488607
13060,0.3104239822072575
13061,0.3209591888434368
13062,0.313836816014385
13063,0.3070614408179348
13064,0.3093531649455937
13065,0.3073872718005897
13066,0.3102664024119568
13067,0.3071027866883235
13068,0.3104300350937015
13069,0.3169012887785098
13070,0.3181867757661027
13071,0.3219439833871837
13072,0.3103046301764988
13073,0.3094729463510686
13074,0.3183495928258043
13075,0.3055315699327493
13076,0.312660306472561
13077,0.311203887386449
13078,0.3181210923202195
13079,0.313138519832399
13080,0.3113285833686712
13081,0.3211107836114978
13082,0.3136163618174074
13083,0.3111892244268057
13084,0.3153185538040102
13085,0.3142220578174821
13086,0.3031534507697053
13087,0.3175160166582386
13088,0.3067490924590317
13089,0.3122377306976847
13090,0.314548725925158
13091,0.310218073875697
13092,0.3090715465310018
13093,0.3142747036241763
13094,0.304559930053951
13095,0.3133187867371682
13096,0.3214341255396747
13097,0.3187508351659802
13098,0.3186460965043607
13099,0.3172083398803128
13100,0.3216151299647579
13101,0.3155071185673486
13102,0.3117265216486904
13103,0.3088314779888566
13104,0.3105210955486347
13105,0.3102667427900561
13106,0.3108495995985473
13107,0.3068603260345345
13108,0.3142371641744845
13109,0.3041721056204927
13110,0.3179781018732052
13111,0.3195192022231518
13112,0.3113007554066033
13113,0.3060484371726315
13114,0.3150450640004125
13115,0.3056593171714973
13116,0.3081774051656101
13117,0.3073009745965839
13118,0.3096708117921576
13119,0.3099615759010535
13120,0.3149299563246001
13121,0.3035697072544653
13122,0.3169177145275437
13123,0.3106129314415148
13124,0.3134519479320948
13125,0.3134868196406901
13126,0.3101676926744507
13127,0.3093243265877809
13128,0.3087346821938702
13129,0.3127153700523311
13130,0.31108533135332
13131,0.3077642902877016
13132,0.3111976852068836
13133,0.3149718510924825
13134,0.3132483158374723
13135,0.3096679647138475
13136,0.3122285311738675
13137,0.3187039318689151
13138,0.3240563509570121
13139,0.3178451483521129
13140,0.3149669036275452
13141,0.304217923857837
13142,0.3194030680692449
13143,0.3232297222958049
13144,0.3136771209080442
13145,0.3157244640800873
13146,0.3145917321370551
13147,0.3138717868864556
13148,0.3178706391882218
13149,0.3183548209214182
13150,0.3254275850705946
13151,0.3064233834184168
13152,0.3183424051038905
13153,0.3148086915965283
13154,0.3041969826931459
13155,0.3139520029004572
13156,0.297416697319571
13157,0.3191866238149869
13158,0.309290094022944
13159,0.3096275688314557
13160,0.3033171651929115
13161,0.3074551169744151
13162,0.3179197008871885
13163,0.3043571503393643
13164,0.3045415989080531
13165,0.3060320841237273
13166,0.3115030285378804
13167,0.3086345062423949
13168,0.3111181735737358
13169,0.3102145867234246
13170,0.3116076300595082
13171,0.31836613015638
13172,0.3194970222708331
13173,0.3091896485826977
13174,0.3063246479481016
13175,0.3140035177257923
13176,0.3082783475575651
13177,0.3104607981887653
13178,0.3122532657037434
13179,0.3122893904620907
13180,0.3157603457360178
13181,0.3018128118439542
13182,0.302690797001762
13183,0.304946143226448
13184,0.2977547056554347
13185,0.3055952253271681
13186,0.3061776104267589
13187,0.3154230710032768
13188,0.3059163692974876
13189,0.3094147508035246
13190,0.3013838699790088
13191,0.309137480916356
13192,0.3011069737549888
13193,0.3138007315299614
13194,0.3019948395389407
13195,0.3141095733540084
13196,0.303641244520132
13197,0.3041109880331011
13198,0.3089318871935546
13199,0.3049069349932676
13200,0.296364058371234
13201,0.3088473634500859
13202,0.3050713637402368
13203,0.3152260650425524
13204,0.3122188615776103
13205,0.3186924566136583
13206,0.3078738365397318
13207,0.3121389629535679
13208,0.3105803486865602
13209,0.3135346144304987
13210,0.3094282693605661
13211,0.311471323660586
13212,0.3128468735602747
13213,0.3162295599329334
13214,0.31260515592889
13215,0.3179641024158603
13216,0.3120913177949777
13217,0.323623569915367
13218,0.3082726531094984
13219,0.3167907482293358
13220,0.3042387215084257
13221,0.3046889974486884
13222,0.3088640514704496
13223,0.3113052530058561
13224,0.311420548182939
13225,0.307435867759766
13226,0.3090973055875823
13227,0.30777685164506
13228,0.3124097065287537
13229,0.3054928587023821
13230,0.2974104022318184
13231,0.3125475340655748
13232,0.3114392810494508
13233,0.3020929902120197
13234,0.3107387997750797
13235,0.3069215189017009
13236,0.3119097671784525
13237,0.3215825439055641
13238,0.3074102200838461
13239,0.304813237557534
13240,0.3088903400506627
13241,0.3032297617556194
13242,0.3122587407574066
13243,0.3118029031068162
13244,0.3071730519631176
13245,0.3066332271604889
13246,0.3089763505694554
13247,0.310785157183171
13248,0.3187285330075335
13249,0.3111781467438966
13250,0.3061043546673086
13251,0.3077213923975887
13252,0.3150611329285696
13253,0.318430230168581
13254,0.3135578629878359
13255,0.3022943787183729
13256,0.3043609515232399
13257,0.3115606569459005
13258,0.322334357036934
13259,0.3148630316718788
13260,0.3188515773377202
13261,0.315428686821432
13262,0.3105973250801982
13263,0.3125375432372488
13264,0.3092956131519362
13265,0.309933358934007
13266,0.3052353984485343
13267,0.3184735852075201
13268,0.3146702739173106
13269,0.3057060633467923
13270,0.2997570539367222
13271,0.3007935789639593
13272,0.3051982526447276
13273,0.3148874177437702
13274,0.3134161564584811
13275,0.315916226151486
13276,0.31096478088354
13277,0.3081039395578755
13278,0.3001020505770208
13279,0.3029679690488329
13280,0.3091180971678551
13281,0.314833876937608
13282,0.3007047019730219
13283,0.305296550752628
13284,0.3065112279809496
13285,0.3117431892914136
13286,0.3056048861858019
13287,0.3125027274096122
13288,0.3177474835661388
13289,0.3136311775451069
13290,0.3150779524382847
13291,0.315401661794413
13292,0.3112818439387448
13293,0.3077591182469441
13294,0.3196965435829945
13295,0.3067914691180057
13296,0.3155250170088031
13297,0.3149880556937135
13298,0.3093046951714694
13299,0.3124636742903741
13300,0.3102647310878388
13301,0.3125230925370376
13302,0.295797466444444
13303,0.3089288816358307
13304,0.3193199468416918
13305,0.3169894940023551
13306,0.3167614976150957
13307,0.3071286857803394
13308,0.3046239405782882
13309,0.310171587417094
13310,0.3167916944763714
13311,0.3166035210197397
13312,0.308958511088379
13313,0.3141786789234742
13314,0.310307298701287
13315,0.3130133212490014
13316,0.3187136848264227
13317,0.3181490553642209
13318,0.303252530869489
13319,0.3048040654686524
13320,0.3134800579503025
13321,0.3096956216373954
13322,0.3041874623018418
13323,0.3159478279355357
13324,0.3082214323985593
13325,0.3074305133279558
13326,0.3017651920099736
13327,0.3159844629325868
13328,0.3102892666597652
13329,0.3100519252725788
13330,0.3102563407657772
13331,0.3065159536060544
13332,0.3250208894020552
13333,0.3020374012989725
13334,0.3110804255241424
13335,0.3140336427462603
13336,0.3127778472964056
13337,0.3064622161555344
13338,0.3083233956457166
13339,0.3200660667640521
13340,0.3082773782776644
13341,0.3203333824520293
13342,0.3172666281444424
13343,0.3093577999505286
13344,0.3000079152069917
13345,0.3163686617836122
13346,0.3092616006255901
13347,0.3140074015146884
13348,0.3095958638435185
13349,0.3053714514157736
13350,0.2954550419494404
13351,0.3023347046786124
13352,0.3185850111513992
13353,0.306323000501109
13354,0.3125891932860914
13355,0.3028211801866248
13356,0.3061451716288326
13357,0.316190194242457
13358,0.310757347165439
13359,0.3029115227502417
13360,0.3094103485561176
13361,0.3119155458956907
13362,0.3182989371261132
13363,0.3116764488991566
13364,0.3017082551918967
13365,0.3147159395065379
13366,0.3144101983620908
13367,0.3113851577329314
13368,0.3174390244558738
13369,0.3139143101506607
13370,0.3100856939663224
13371,0.3214736055131457
13372,0.3174848720511348
13373,0.3142687387320474
13374,0.304305651163273
13375,0.3093687567164165
13376,0.3117802846157341
13377,0.3127023383353255
13378,0.3120933919306701
13379,0.3115894398918452
13380,0.3100657614642095
13381,0.314289896876406
13382,0.3061301396996631
13383,0.3090596597130657
13384,0.3102164527313863
13385,0.3073396963109261
13386,0.308752771735403
13387,0.3176083954091144
13388,0.3030736857403564
13389,0.3111284585621579
13390,0.3063227837742679
13391,0.2994079457421758
13392,0.3053449895214538
13393,0.3083579063875831
13394,0.3023352182235927
13395,0.3042373051562377
13396,0.309634440645506
13397,0.3062164840478452
13398,0.3079493984493
13399,0.3183549002118823
13400,0.3073458615754412
13401,0.3007314510827643
13402,0.3096062889353402
13403,0.303882030283293
13404,0.3141663008514912
13405,0.3169029858067755
13406,0.3080579856770666
13407,0.3070218316721065
13408,0.3104383925479401
13409,0.3121067476858915
13410,0.3076259841856577
13411,0.2997628682791925
13412,0.3000012828360603
13413,0.3021785936456798
13414,0.3147140994299009
13415,0.3115425738836521
13416,0.3094115211009866
13417,0.3081760229915272
13418,0.3149198981699402
13419,0.318473666512493
13420,0.3125650640692938
13421,0.3026187639085567
13422,0.3123901600807882
13423,0.3139874474600252
13424,0.3182184904986048
13425,0.3133121092397084
13426,0.3105889388193388
13427,0.3162382799657306
13428,0.3037253240896188
13429,0.3198567169319961
13430,0.3044677610009688
13431,0.3147441004783228
13432,0.3166329068635448
13433,0.3209033894497117
13434,0.3042725573599749
13435,0.3191915782293842
13436,0.3108134472515882
13437,0.3121279500967992
13438,0.3232985903921384
13439,0.3046010546951151
13440,0.3074157758694684
13441,0.3160524769126425
13442,0.3083881347275626
13443,0.3054924087553692
13444,0.3159766693185303
13445,0.3087310399823083
13446,0.3007447472343324
13447,0.3066101644544283
13448,0.3010667658408568
13449,0.3061498980004037
13450,0.3126887558890484
13451,0.3066503110551347
13452,0.3132035563473874
13453,0.3087956235486035
13454,0.3128427358762321
13455,0.3037962115189731
13456,0.3061797425216312
13457,0.3116697772825653
13458,0.308545930329214
13459,0.3149629079084677
13460,0.3151082468395732
13461,0.304993756032578
13462,0.3083942388588299
13463,0.3124478935258947
13464,0.3108924110574559
13465,0.3120675018048673
13466,0.3094547638312226
13467,0.3048315197820567
13468,0.3099062490497592
13469,0.3048611690219687
13470,0.3062562181213561
13471,0.3113285575984623
13472,0.3112354063881188
13473,0.3114977955572381
13474,0.3093441791978181
13475,0.316069097646007
13476,0.3149739855794864
13477,0.3160032548317477
13478,0.3145460179778733
13479,0.3096072179185553
13480,0.3103544938012278
13481,0.3096884719754065
13482,0.3142450108611424
13483,0.3007912684384594
13484,0.3072365163415264
13485,0.3063368246507439
13486,0.3188711682004733
13487,0.3203622119856622
13488,0.3063280905889754
13489,0.3060246650814983
13490,0.3034726843812825
13491,0.3095083346015547
13492,0.3149671037626944
13493,0.3158384503264975
13494,0.3036040783197607
13495,0.3209395600002827
13496,0.3030134965772672
13497,0.3179157122482007
13498,0.3138435357318031
13499,0.3158453252656191
13500,0.3118634621805426
13501,0.3153544787390846
13502,0.307785965168607
13503,0.3057782698923729
13504,0.3181008293409954
13505,0.3133953523495058
13506,0.3153429089344074
13507,0.3034276589216451
13508,0.3074285152407756
13509,0.3089624917948891
13510,0.3075183113468031
13511,0.3077098408362872
13512,0.3062686840002797
13513,0.313047242638135
13514,0.312495057196322
13515,0.3098221358733167
13516,0.3112930787319278
13517,0.3120505566437823
13518,0.3000528772831793
13519,0.3025800752061375
13520,0.3165076399795177
13521,0.3107885345815582
13522,0.3051730713341985
13523,0.2931837570344272
13524,0.3044446554390136
13525,0.3015174560951538
13526,0.3165114917964883
13527,0.3112313561080863
13528,0.3119120140418118
13529,0.305064743016706
13530,0.2986689130780586
13531,0.2980659254608554
13532,0.3110863302673093
13533,0.3133548571310254
13534,0.308741937010677
13535,0.3071002934268337
13536,0.3159164037728725
13537,0.3062343460940982
13538,0.3141251959155355
13539,0.3083927401479708
13540,0.3093901436902354
13541,0.3151576684054094
13542,0.3089595252550571
13543,0.3084201104510217
13544,0.310254760604013
13545,0.3060149635174733
13546,0.3027520843084001
13547,0.3110689545258424
13548,0.3032865483538446
13549,0.3043240906820986
13550,0.3076662071905852
13551,0.30750651837605
13552,0.304786393944177
13553,0.2981756350903473
13554,0.3168689699765981
13555,0.3105768813542248
13556,0.3084967664990246
13557,0.319530371283407
13558,0.3102625985188422
13559,0.3125602440368206
13560,0.3100827900308427
13561,0.3128826834064125
13562,0.3197404710787698
13563,0.3164093983425881
13564,0.3158934012349452
13565,0.3132591506128862
13566,0.3042016036498269
13567,0.3134793085006581
13568,0.3103712030215795
13569,0.3024546917821581
13570,0.3159934569184869
13571,0.3032368281093598
13572,0.3129910928277128
13573,0.3091790783005718
13574,0.3123297762465968
13575,0.3062660884206457
13576,0.3223082638728061
13577,0.3130395617329747
13578,0.3162697169765722
13579,0.3062890495822742
13580,0.3190725783665035
13581,0.3211429170942371
13582,0.2992129261550884
13583,0.3070715180340383
13584,0.298079813393231
13585,0.309255622681979
13586,0.3149430452831587
13587,0.3225120927073335
13588,0.3144583242181047
13589,0.3201538708367522
13590,0.318351402390949
13591,0.304065720188555
13592,0.3075044180235478
13593,0.3074677042650912
13594,0.3017603054419588
13595,0.3091017540810128
13596,0.3042419035307974
13597,0.2979543896329705
13598,0.3007028441560036
13599,0.3033457499978947
13600,0.3084005510823075
13601,0.3094772548129956
13602,0.312757495860997
13603,0.3133139506204262
13604,0.3050732203160854
13605,0.3068751908270462
13606,0.3060305512002276
13607,0.3094653131327952
13608,0.2982110164905696
13609,0.3027097515658688
13610,0.3034889186791271
13611,0.3035854650288744
13612,0.3061016470573375
13613,0.3098366119316159
13614,0.307658353625846
13615,0.3042074505915885
13616,0.3072599376561943
13617,0.2984167092487155
13618,0.3045061032482362
13619,0.3008100532089723
13620,0.3085924202341827
13621,0.297433769749751
13622,0.3149363442184271
13623,0.3028124915079369
13624,0.3031383301020972
13625,0.299130838896077
13626,0.3063487269542528
13627,0.3080466524892545
13628,0.2993172484020719
13629,0.3046815988748291
13630,0.3121359853303666
13631,0.3079072648896069
13632,0.3073028886257854
13633,0.3046288428128054
13634,0.3032774996561242
13635,0.3077727226715413
13636,0.3108365552000582
13637,0.3051428897701098
13638,0.307544061481222
13639,0.3152603333122967
13640,0.3136574285319129
13641,0.2998115567632382
13642,0.3239290036504021
13643,0.3122464076642489
13644,0.307009163526334
13645,0.3134620917290734
13646,0.3110024447347093
13647,0.3106685368989778
13648,0.309226343844104
13649,0.305058037222421
13650,0.3070930253492256
13651,0.319584940824998
13652,0.3046790816666048
13653,0.3073935171207338
13654,0.3086018621545854
13655,0.2979193469212918
13656,0.3058553183561073
13657,0.2996238351976579
13658,0.3087516996861407
13659,0.299565125677887
13660,0.3038724215848257
13661,0.3062112743532031
13662,0.3023665598467701
13663,0.3064164621173035
13664,0.3069944598912751
13665,0.3057318250710999
13666,0.3056967869901582
13667,0.299868870119761
13668,0.3041208681259177
13669,0.3057060357896929
13670,0.3085518015212616
13671,0.3003877276269548
13672,0.3092766212638385
13673,0.3017139113829047
13674,0.312795702376923
13675,0.3155976019625499
13676,0.312789257543982
13677,0.3175993377134524
13678,0.3143448267914084
13679,0.304772588172269
13680,0.3054825914284956
13681,0.3154101317644494
13682,0.3075029942301206
13683,0.3114557616665302
13684,0.307983244429447
13685,0.3079283542393204
13686,0.3046122129114693
13687,0.3065132882258323
13688,0.3179076052246964
13689,0.3107847132664095
13690,0.3103680410208725
13691,0.3081704854366637
13692,0.2952569513390379
13693,0.2986258050155497
13694,0.3035194112691201
13695,0.3150749423811865
13696,0.3101527706623559
13697,0.3061586572244005
13698,0.3038866314000351
13699,0.3087052549782148
13700,0.3094409888521014
13701,0.315902724303485
13702,0.3054631843455528
13703,0.2970089845317294
13704,0.2949971762719429
13705,0.3004941223767875
13706,0.3106217514693532
13707,0.3090372283013714
13708,0.3072943092053664
13709,0.3082617786842628
13710,0.3092000960901208
13711,0.307456357748171
13712,0.3038103437548815
13713,0.2981901331424365
13714,0.2983006807818323
13715,0.2983860354176928
13716,0.3075130531593205
13717,0.2989416126507179
13718,0.3151149529666536
13719,0.3119640416548092
13720,0.2994136504196325
13721,0.3076677680107696
13722,0.3105410892243803
13723,0.3162834114037783
13724,0.3095034355583111
13725,0.3088250982056004
13726,0.3161950715986887
13727,0.3074847983851742
13728,0.3060063905194154
13729,0.303079290515129
13730,0.3072348704199703
13731,0.3065631953750901
13732,0.3068555694482109
13733,0.3079687596646415
13734,0.3119377326517924
13735,0.3043778307354134
13736,0.3045197270429163
13737,0.3117928537085708
13738,0.3178443280457775
13739,0.3180404923450857
13740,0.3082250333164344
13741,0.3125237129406586
13742,0.3087743085884222
13743,0.3013695715811466
13744,0.3125333112390887
13745,0.3121178374393607
13746,0.3060641229692236
13747,0.3030012984329733
13748,0.3194885737074487
13749,0.3019953257284234
13750,0.3008681641167661
13751,0.3111089810224783
13752,0.3057962230527491
13753,0.3092278360297244
13754,0.306515914742453
13755,0.3039785139836843
13756,0.3069987933231232
13757,0.3122773049380209
13758,0.3053751826647091
13759,0.3104276482728563
13760,0.3084946304470671
13761,0.3157126342186236
13762,0.3060940180949431
13763,0.3033666398301066
13764,0.3022175378648636
13765,0.3154997149541943
13766,0.3069973850211541
13767,0.3138921104034582
13768,0.3230605273983649
13769,0.3097354683071356
13770,0.3183895410848581
13771,0.3204507489263701
13772,0.3127523706589269
13773,0.3059745606630904
13774,0.2984713710574058
13775,0.3104643295041466
13776,0.3000668353962321
13777,0.30791464692163
13778,0.3056012147893421
13779,0.3099622356650212
13780,0.3119385278062516
13781,0.3094029433738678
13782,0.3188535814466193
13783,0.3102065446558708
13784,0.3144529097201406
13785,0.3100491645247357
13786,0.3055327815642391
13787,0.3059822167734537
13788,0.3059452830263358
13789,0.303241863081724
13790,0.3045996979594761
13791,0.3139615625868786
13792,0.3136734098242931
13793,0.3104396591973755
13794,0.3127424603867936
13795,0.3115886522723589
13796,0.2983126254150763
13797,0.3062214867594489
13798,0.310950925943049
13799,0.3040135600305939
13800,0.3136305975227564
13801,0.3278727794691743
13802,0.3188794040464493
13803,0.3113930491254817
13804,0.3200651608520379
13805,0.3090433676144284
13806,0.3084172807737201
13807,0.3085118210925912
13808,0.3075499534258985
13809,0.3131674352732683
13810,0.3064603362140913
13811,0.3085132701603347
13812,0.3103890559652377
13813,0.3103544161313842
13814,0.3134218373739464
13815,0.3137655206008007
13816,0.3120898552291594
13817,0.3085050643041028
13818,0.3109135635497254
13819,0.299978054025333
13820,0.3102854927924252
13821,0.307480127843361
13822,0.3022369481628583
13823,0.3051935191523636
13824,0.3047703948999699
13825,0.3128944414711286
13826,0.3008613530561511
13827,0.3127471850826024
13828,0.3119363972970985
13829,0.3124206788870047
13830,0.3123914300479412
13831,0.3187241212923103
13832,0.3089325142337262
13833,0.3210225299870416
13834,0.3054947773139748
13835,0.308730371731751
13836,0.3190841257296485
13837,0.311837009861146
13838,0.3117743403477646
13839,0.3075353885666378
13840,0.3085825515354483
13841,0.3062167158004446
13842,0.3077544398834698
13843,0.3099508941106882
13844,0.3106342956757819
13845,0.3177531921445974
13846,0.3039668246408468
13847,0.3031429878118845
13848,0.299904248343224
13849,0.3082463192836474
13850,0.3033705211722639
13851,0.3082532428795184
13852,0.3136020905543526
13853,0.3058796128753949
13854,0.3063440608289213
13855,0.311983857742913
13856,0.2988911956947825
13857,0.3128038141933249
13858,0.307054850678377
13859,0.3151584551625958
13860,0.3069499684622853
13861,0.3073622820905396
13862,0.3093849320219984
13863,0.3055938640052839
13864,0.3056656946477815
13865,0.3048948080221747
13866,0.3150744887387257
13867,0.3087172374937249
13868,0.3150349332597707
13869,0.3103360669393534
13870,0.3110440142794202
13871,0.3111904422181994
13872,0.312232519602947
13873,0.3062197800994968
13874,0.30535279343291
13875,0.3068633013875308
13876,0.3074772082407772
13877,0.305903571895021
13878,0.3169670149001835
13879,0.3132287885652385
13880,0.3086612629488609
13881,0.3027153437895596
13882,0.3127795657622104
13883,0.3055103582268416
13884,0.3096437486804041
13885,0.3060166659443918
13886,0.3086388606899802
13887,0.310363372556013
13888,0.2993252980062354
13889,0.3095838339271143
13890,0.3112835741708844
13891,0.3076630266312881
13892,0.3116431905311018
13893,0.3155868894211311
13894,0.3174204681184431
13895,0.3169476496524568
13896,0.3055326031357536
13897,0.3155864710628878
13898,0.309511930843055
13899,0.3129148214593091
13900,0.2943098635481785
13901,0.3031102371326944
13902,0.3000169285346584
13903,0.3119501450825655
13904,0.3147486320695433
13905,0.3134210378420679
13906,0.2994530851112575
13907,0.3179882797245877
13908,0.3107472920892122
13909,0.3095468147386725
13910,0.3249401581032508
13911,0.3208984632116546
13912,0.30122637978521
13913,0.3092700447982667
13914,0.3095806411487242
13915,0.3070376085455541
13916,0.3026889994507417
13917,0.3179670901835232
13918,0.3113209762615091
13919,0.3091674087148073
13920,0.3041695134310092
13921,0.3012567978976276
13922,0.3097217768569862
13923,0.3048994911992866
13924,0.3030353943308531
13925,0.3102441263231973
13926,0.3075759076761157
13927,0.308027076954677
13928,0.3050174877496213
13929,0.3220398361253658
13930,0.2987485689860434
13931,0.3040079833132117
13932,0.3058411820006972
13933,0.3067555048619671
13934,0.3106624705287437
13935,0.3069135693385338
13936,0.302279480822299
13937,0.3086037456859549
13938,0.3100037435973304
13939,0.309168031285578
13940,0.302260469707413
13941,0.3088611255132268
13942,0.3065841043313915
13943,0.3081641608498984
13944,0.3016148203524956
13945,0.3149796795170063
13946,0.3086014009384736
13947,0.3036274361669292
13948,0.3107325608588522
13949,0.2995327831660773
13950,0.3068151581674388
13951,0.31226536941291
13952,0.2920989702370307
13953,0.3092668123368047
13954,0.3057422639460934
13955,0.3029104852825257
13956,0.3075692140620393
13957,0.3127231835910327
13958,0.2944157131220628
13959,0.2980009978145322
13960,0.3050244430045148
13961,0.3010410845259528
13962,0.3057531825148222
13963,0.2971049446890853
13964,0.303520182235735
13965,0.3045979497477202
13966,0.2998697590645267
13967,0.3109637757677032
13968,0.3059108280299352
13969,0.3010038204070674
13970,0.3139096082452579
13971,0.3087162699247876
13972,0.3021069439904432
13973,0.30516644698524
13974,0.2978735458978054
13975,0.3031738784358227
13976,0.3015076077526071
13977,0.3134046213026323
13978,0.3189168143571934
13979,0.3131613891109791
13980,0.3101441918831704
13981,0.307435838539669
13982,0.3094216805774998
13983,0.3145908628928714
13984,0.3090640647827147
13985,0.3042549763356182
13986,0.3180675432217741
13987,0.2956308886384287
13988,0.3123665951777021
13989,0.3175374029715875
13990,0.312192423604008
13991,0.3110863871079898
13992,0.3068501858672789
13993,0.3195346597858067
13994,0.3104251319178944
13995,0.2999991752390322
13996,0.3163686872625471
13997,0.3094067928017693
13998,0.3071148134210978
13999,0.3136972549076632
14000,0.3146802711525928
14001,0.3095914545564084
14002,0.3094777986718046
14003,0.3127470998432303
14004,0.3201896813327942
14005,0.305785985954175
14006,0.2928195381758841
14007,0.29785617329496
14008,0.3054210056572546
14009,0.3081534776846041
14010,0.3073835391371824
14011,0.3117331668846211
14012,0.3172680979107127
14013,0.3122397426566651
14014,0.3092938798824946
14015,0.3075439622853971
14016,0.2960006735392054
14017,0.3027644726297484
14018,0.3105437777478429
14019,0.3068757232584859
14020,0.3186616137714892
14021,0.3014004492069934
14022,0.304981636580325
14023,0.3101391487776624
14024,0.3059709381489858
14025,0.3060996696357913
14026,0.3190605755893176
14027,0.3069364751627279
14028,0.3035593543031711
14029,0.3103906673074786
14030,0.3159336932075631
14031,0.3153188158395673
14032,0.3069388718958066
14033,0.3140118629148928
14034,0.3134052628891934
14035,0.3113426341202369
14036,0.3218986662200911
14037,0.3106301512672352
14038,0.3141248034827045
14039,0.3095850627607541
14040,0.309484088009576
14041,0.3139957027754452
14042,0.3052096653339206
14043,0.3058984776015831
14044,0.3040459929753524
14045,0.3155414537193857
14046,0.3076426909208717
14047,0.3049697628607725
14048,0.2967050724015116
14049,0.3057205328389066
14050,0.3059416598386047
14051,0.3008930560601119
14052,0.3112528813107696
14053,0.3033612140502014
14054,0.3251362096595139
14055,0.2967052364853826
14056,0.2988939625771694
14057,0.308101232590117
14058,0.3100512514769954
14059,0.3066877549552411
14060,0.3033743630200488
14061,0.2980841298122541
14062,0.3056943903824534
14063,0.3080948546158138
14064,0.3030236113422988
14065,0.304633443312641
14066,0.3093533060986551
14067,0.3099588914704811
14068,0.3058739997464662
14069,0.3153347333907158
14070,0.3087355029108004
14071,0.3168192221136912
14072,0.3104718235829939
14073,0.3031191611031025
14074,0.3019272250779867
14075,0.3098764981326257
14076,0.3113656773283402
14077,0.3093512317699263
14078,0.3064100793930858
14079,0.3089623278800084
14080,0.3047760756527075
14081,0.3068949154995321
14082,0.2999254806380462
14083,0.3153784913977545
14084,0.3112655055053834
14085,0.3089926364428574
14086,0.3131508367777756
14087,0.313850019085817
14088,0.3105099550046238
14089,0.3136737444010302
14090,0.3065316826024707
14091,0.312005762285497
14092,0.3039987511225904
14093,0.3142474165399745
14094,0.3039047813810737
14095,0.2987332653059713
14096,0.3039655616868884
14097,0.3169559284459313
14098,0.3113261751642108
14099,0.3102458731813005
14100,0.3146671496414964
14101,0.3135496889772577
14102,0.3195816004275414
14103,0.3138139425644722
14104,0.3053659049387465
14105,0.3073397470992312
14106,0.3061522627766606
14107,0.3100771814898475
14108,0.3129748111297976
14109,0.3045297551559346
14110,0.3132769613938151
14111,0.3135113768209924
14112,0.3148071163159204
14113,0.2994544796814922
14114,0.3080342010239703
14115,0.3132893334957262
14116,0.3030142370669979
14117,0.2994535880732717
14118,0.3109291785584998
14119,0.3143572621740535
14120,0.3053643379193722
14121,0.3041954560274839
14122,0.3086843641400439
14123,0.3033395270829021
14124,0.3033894907937237
14125,0.307091905545356
14126,0.3069926680606646
14127,0.301152964387432
14128,0.3064732243729809
14129,0.3092820440495808
14130,0.3044696953064599
14131,0.3010478366109728
14132,0.3096947854283668
14133,0.2996158094698741
14134,0.3074604276719707
14135,0.3023426810594344
14136,0.3017722268036252
14137,0.2938015871069164
14138,0.2959087703640169
14139,0.3047937052348902
14140,0.3088500428390994
14141,0.2941037693001636
14142,0.3142254538381808
14143,0.3201262379184112
14144,0.3102172699108729
14145,0.30642696925073
14146,0.3017250292612847
14147,0.3028532152896694
14148,0.3054535685228824
14149,0.2951222121650968
14150,0.3028533757521685
14151,0.3101965941500735
14152,0.3095931287054029
14153,0.2988694662685793
14154,0.3129452211215124
14155,0.2992856403682271
14156,0.305476182552016
14157,0.298335839724161
14158,0.3103659372968188
14159,0.3079602369033267
14160,0.3075780002354196
14161,0.3062561164174324
14162,0.3113138791854256
14163,0.3105861149536869
14164,0.2948612426676859
14165,0.3125349619793828
14166,0.3203764013345666
14167,0.3053033158560283
14168,0.3118780417270386
14169,0.3099380937254111
14170,0.3186846460038346
14171,0.3117068079281444
14172,0.3100260860413631
14173,0.3067421598642805
14174,0.3023673574989375
14175,0.3028824968424366
14176,0.3099244546234423
14177,0.3093473888884516
14178,0.3012431473933923
14179,0.3012975771295704
14180,0.3095693171804097
14181,0.3104764768248329
14182,0.3064403880770927
14183,0.3073250938857857
14184,0.3045426008860376
14185,0.3003913988164624
14186,0.3018088695732844
14187,0.3008976182456613
14188,0.3001807165976287
14189,0.3051336165494862
14190,0.2974470967814811
14191,0.3045310355717024
14192,0.3034631215686057
14193,0.2982840156248741
14194,0.3061697802970131
14195,0.3054115179835183
14196,0.3007893744407164
14197,0.3133618558166901
14198,0.3048865195132706
14199,0.3057210089985315
14200,0.3006740698519149
14201,0.31116897799646
14202,0.3010701681441683
14203,0.2993674942052561
14204,0.303464269058526
14205,0.305513345069771
14206,0.3071207295858635
14207,0.3012732800621489
14208,0.3055391821779978
14209,0.3057356795027725
14210,0.3086044533185642
14211,0.3093217695056518
14212,0.3128578725173797
14213,0.2949845005519728
14214,0.2996300954042247
14215,0.3052573413544252
14216,0.3070751342131828
14217,0.3111846625161055
14218,0.2980031145708911
14219,0.3054747824824592
14220,0.3050656737196821
14221,0.3043056944748374
14222,0.297513139979995
14223,0.3011955979255463
14224,0.2964655329454258
14225,0.3127515387166988
14226,0.3041681165922406
14227,0.3050594842827615
14228,0.2928512826957502
14229,0.2970709123248019
14230,0.3007406282765336
14231,0.3117282070196306
14232,0.30967847033493
14233,0.3048663621718577
14234,0.2940746868084495
14235,0.3027041404243871
14236,0.3078909025082501
14237,0.3049107721464768
14238,0.3061098262363366
14239,0.3032408504225402
14240,0.3124102070971843
14241,0.3135395806898641
14242,0.3050944570093697
14243,0.3014991390274381
14244,0.3106184882602855
14245,0.3070192440513998
14246,0.3143134205894693
14247,0.3049021797051719
14248,0.295103762843117
14249,0.3002418649460421
14250,0.3034512260594839
14251,0.3166907193860849
14252,0.309548379682643
14253,0.3007843471342438
14254,0.304511306427797
14255,0.3135739018109428
14256,0.3067170322551428
14257,0.3105979180058597
14258,0.3086654492243997
14259,0.3129469543343293
14260,0.311936589985675
14261,0.3115005048701353
14262,0.3073284029375638
14263,0.3043096538119256
14264,0.2946314213674771
14265,0.3114976884960983
14266,0.2994080514843219
14267,0.3055037171152902
14268,0.3055834111190732
14269,0.3029574252684399
14270,0.3040251785308558
14271,0.3134796861493045
14272,0.3001532327359901
14273,0.2945856594131452
14274,0.3034005265851248
14275,0.3022393553947575
14276,0.307423346492801
14277,0.3078224428007466
14278,0.3090867118595441
14279,0.3002595664122246
14280,0.3143439316313713
14281,0.3028016317489993
14282,0.3101744495171914
14283,0.3109147847644315
14284,0.30441265586728
14285,0.3052955540533412
14286,0.3114269096201597
14287,0.3070275072589756
14288,0.3107630571006628
14289,0.3075629401694157
14290,0.3025906450283666
14291,0.3107468009374587
14292,0.297641631980491
14293,0.293510698622588
14294,0.3047133753952385
14295,0.2941303399064655
14296,0.3085893290225314
14297,0.3031997706634688
14298,0.3018396744070017
14299,0.2946101924558045
14300,0.2973656631242746
14301,0.3026052309328342
14302,0.306334352117355
14303,0.301932965188165
14304,0.3124926117421916
14305,0.3223897702115002
14306,0.3065456219166355
14307,0.304604580781753
14308,0.2966789901383394
14309,0.3086480129141427
14310,0.3022600199378225
14311,0.3122040923651548
14312,0.3076835787492679
14313,0.306889421494856
14314,0.3069557475420906
14315,0.2959212247440388
14316,0.3085051988978252
14317,0.2996714807952734
14318,0.3009245734975535
14319,0.3131068124331882
14320,0.3132444092956645
14321,0.2996329294289209
14322,0.3035142522404568
14323,0.305680469327515
14324,0.3032100535185783
14325,0.3114983659373824
14326,0.2979824246888269
14327,0.2998959996434171
14328,0.2992957148010012
14329,0.3023354448054565
14330,0.2952499442603288
14331,0.3028608218218366
14332,0.2996224305571991
14333,0.3020478521572845
14334,0.308478428946857
14335,0.308261190890878
14336,0.3017485821491962
14337,0.3057662385463783
14338,0.3070986808442913
14339,0.3042548993236499
14340,0.302258119846618
14341,0.3060787544053591
14342,0.2989513783933248
14343,0.2944058114808136
14344,0.3021219923473235
14345,0.3008234022845923
14346,0.3028128382762098
14347,0.300381380696186
14348,0.3016271610472039
14349,0.3025731059315249
14350,0.3022153788132607
14351,0.3036211568158005
14352,0.2997164311256903
14353,0.2995421460077756
14354,0.3077921856445721
14355,0.2914069586157234
14356,0.2970447737437151
14357,0.3040751393034807
14358,0.3022567049740374
14359,0.29559780623063
14360,0.2999398901435499
14361,0.311642961314906
14362,0.3068041492200317
14363,0.3081503951110362
14364,0.2987587738968367
14365,0.3018732896360128
14366,0.3006056086084495
14367,0.3005718128224424
14368,0.2969319950729662
14369,0.3050308952520257
14370,0.3098310098439117
14371,0.2980536687157155
14372,0.2981943409993739
14373,0.2967376341322615
14374,0.3080249624675612
14375,0.3031782519864892
14376,0.3034360562063007
14377,0.306551812197554
14378,0.2968849059506359
14379,0.3013516410019807
14380,0.3062263761516251
14381,0.3040855629896951
14382,0.3039477428263852
14383,0.3157381944435947
14384,0.3047275730778914
14385,0.3025270494484871
14386,0.3041089381512218
14387,0.301614837941279
14388,0.30631040336831
14389,0.3058536375524938
14390,0.3014388992106133
14391,0.3083891913760525
14392,0.2865649130593767
14393,0.3027460088335391
14394,0.3014712790272659
14395,0.30057418950617
14396,0.3027966709440209
14397,0.3014075902648819
14398,0.3042011319126271
14399,0.307715811537272
14400,0.3011346868345045
14401,0.3035475898294717
14402,0.2960655112378521
14403,0.3011685028721123
14404,0.3138651406001266
14405,0.3019929998544397
14406,0.3027697198359605
14407,0.3010846657934592
14408,0.3037257644366113
14409,0.3006393192422756
14410,0.296003158479289
14411,0.2866638540099978
14412,0.289845196432813
14413,0.3152024236805237
14414,0.3089665901381748
14415,0.3050849814111405
14416,0.3167507984810903
14417,0.3008763867371677
14418,0.2987860829893509
14419,0.3021644067943508
14420,0.3072068449043608
14421,0.3038932831953278
14422,0.3005573248801632
14423,0.3054966711865438
14424,0.3068293222952978
14425,0.3075253474838842
14426,0.2953035290933067
14427,0.3147078717948288
14428,0.3094871798034964
14429,0.3006778731176839
14430,0.300982299558086
14431,0.2996505994514056
14432,0.2974028229890664
14433,0.2945140884254865
14434,0.3039373284179958
14435,0.3015862129166588
14436,0.2990605130454787
14437,0.2931347034818697
14438,0.3084746331282837
14439,0.3038131811444965
14440,0.2967911493388022
14441,0.3029760081065954
14442,0.3007824494353236
14443,0.3099685714844302
14444,0.2931246558758912
14445,0.3022027385645481
14446,0.3050847899800311
14447,0.3014014880986113
14448,0.302365314955851
14449,0.3071580785484048
14450,0.3000784405607737
14451,0.3030735689416822
14452,0.3021754825574325
14453,0.3034559137821996
14454,0.3042777138264786
14455,0.3078901188297574
14456,0.3051292988352235
14457,0.2937770751252695
14458,0.2994447811973394
14459,0.3016116292052968
14460,0.3061553872975641
14461,0.3001508136588853
14462,0.299717565986564
14463,0.2987643229920453
14464,0.3014061586948161
14465,0.3032306186017172
14466,0.3056911143829666
14467,0.2982336478752164
14468,0.3042595415584995
14469,0.2975924464977967
14470,0.3045943287943365
14471,0.3059554419668039
14472,0.3014676002963831
14473,0.2985309922342
14474,0.3034439101110631
14475,0.2973575425571708
14476,0.306283578055345
14477,0.3013101087850494
14478,0.3071860750552944
14479,0.298225549599892
14480,0.3068114704458365
14481,0.2977719151907629
14482,0.2989954180194764
14483,0.2997923513831174
14484,0.3011558641520112
14485,0.3053455737615201
14486,0.3093419481642624
14487,0.2938630137884767
14488,0.3004742567131151
14489,0.3025582392342681
14490,0.29607376080643
14491,0.2950906320774282
14492,0.2999223841572099
14493,0.3013423267702051
14494,0.3005023027702748
14495,0.2968163569113257
14496,0.302177473505523
14497,0.3003879454917674
14498,0.3010489329721757
14499,0.3012927708317521
14500,0.3006165136584513
14501,0.2997249098405301
14502,0.2950599590348472
14503,0.3035079045001642
14504,0.302233171880364
14505,0.3096367710432903
14506,0.2985986779937569
14507,0.2959928065445819
14508,0.3059384736934158
14509,0.2880497641512269
14510,0.2961820240086972
14511,0.296418344138494
14512,0.3072082028095402
14513,0.308619376446433
14514,0.310378318664709
14515,0.3012601556191313
14516,0.3080945884096251
14517,0.2956316006970451
14518,0.3053681186461225
14519,0.3070573482765192
14520,0.3078391161616873
14521,0.2992948186933892
14522,0.2999975690606529
14523,0.308917667149891
14524,0.299740879579052
14525,0.3040436808970931
14526,0.3056446907813506
14527,0.3065816814846329
14528,0.3066986768288777
14529,0.2923410001585553
14530,0.3077440772951837
14531,0.305669438048836
14532,0.3021896261792124
14533,0.3031346977389353
14534,0.3019291551467392
14535,0.3161231919027601
14536,0.2939344666004547
14537,0.299909085677818
14538,0.301727768174767
14539,0.3023359549749467
14540,0.3052881567054604
14541,0.2933114331752274
14542,0.2978758683105849
14543,0.3038549099525477
14544,0.3020134132121292
14545,0.3033411063702629
14546,0.3072940833813519
14547,0.3010437892386864
14548,0.3056090408031493
14549,0.3088739130911366
14550,0.3037599978472822
14551,0.294115865067621
14552,0.304341582937473
14553,0.2916492358405522
14554,0.2909200900105274
14555,0.2916755120994692
14556,0.2882854978325185
14557,0.3033516998340769
14558,0.2986774833374024
14559,0.2990650913085753
14560,0.3004603815161583
14561,0.2901465548273312
14562,0.2989899597534584
14563,0.3014426852022521
14564,0.3069507732098942
14565,0.290568617227057
14566,0.2975598303719602
14567,0.2963143639238283
14568,0.297263215964158
14569,0.3043264428631426
14570,0.2991877010391923
14571,0.3021477376189146
14572,0.2951270050840055
14573,0.303026448819261
14574,0.2985872692473623
14575,0.2986594934767931
14576,0.3025248864699416
14577,0.2965960085473649
14578,0.2986079543410608
14579,0.3074362906017053
14580,0.2937563597721361
14581,0.307497071371876
14582,0.2988147009130454
14583,0.3005064468341669
14584,0.2980790791943292
14585,0.2967472096513966
14586,0.3007786976424436
14587,0.3051535360474691
14588,0.3063627680120494
14589,0.2954911730274351
14590,0.2943159766480299
14591,0.3036967764269974
14592,0.3023978753190243
14593,0.2990559441813271
14594,0.300726795019098
14595,0.2976059489177769
14596,0.2795382121030021
14597,0.2997182551178553
14598,0.2892044489648451
14599,0.2986120586666122
14600,0.3044758204746828
14601,0.2953565090145075
14602,0.2975692356014097
14603,0.3004319660312196
14604,0.2973377607522333
14605,0.3011461568934049
14606,0.2991850072377257
14607,0.2957695180689383
14608,0.2972582305219864
14609,0.3016719623498357
14610,0.299091211226652
14611,0.314627922271364
14612,0.3003625732698398
14613,0.3028435288445196
14614,0.3031070798475732
14615,0.303244187151105
14616,0.3131988784159453
14617,0.3079982759679499
14618,0.2999413874049952
14619,0.3017397989344597
14620,0.3058721628957193
14621,0.3103155341727374
14622,0.3071978606842213
14623,0.2998274296227363
14624,0.2903300208079134
14625,0.3066217567288751
14626,0.2972443698674717
14627,0.2965257667746367
14628,0.306862439996785
14629,0.3045048098160356
14630,0.3029992553625171
14631,0.2949864749762951
14632,0.3011926460096312
14633,0.3026751721544665
14634,0.298696733001975
14635,0.2980208927575831
14636,0.296308533543458
14637,0.2953851148328545
14638,0.2958793715883283
14639,0.2933356640049012
14640,0.2991460951656166
14641,0.2954374667295035
14642,0.2985818068792872
14643,0.2986285853082565
14644,0.2991226380721339
14645,0.303747393450646
14646,0.3044469192224038
14647,0.2965640141759919
14648,0.3046380871216042
14649,0.2964175463618418
14650,0.2997440178316733
14651,0.2969683538225175
14652,0.2949939312796027
14653,0.3053054475551641
14654,0.2966483199779367
14655,0.3085432779196865
14656,0.299100933748765
14657,0.2914797902161728
14658,0.2994025733532675
14659,0.2997432799230325
14660,0.2969677483474423
14661,0.2974790667203308
14662,0.3007442041161665
14663,0.3018519184020158
14664,0.3020067118931102
14665,0.2920403546333175
14666,0.3071739573337325
14667,0.2958078480811932
14668,0.2953041905089441
14669,0.304638949523402
14670,0.3083013239767028
14671,0.3007921205736735
14672,0.2892447828866019
14673,0.2926609333094135
14674,0.3141011888353899
14675,0.3067488645296164
14676,0.3070572576885355
14677,0.3035595302432148
14678,0.2967561490086924
14679,0.3061020088167816
14680,0.3030463435506666
14681,0.3050855719860005
14682,0.3005847126432429
14683,0.3069225064806265
14684,0.2966436928669705
14685,0.3026348007690729
14686,0.3100319966218703
14687,0.2949169155576329
14688,0.305227054653185
14689,0.2997978961731565
14690,0.304154489206087
14691,0.2950322462187222
14692,0.3026353667836643
14693,0.3080962621094391
14694,0.3041391604702275
14695,0.3037791412539983
14696,0.302572537155788
14697,0.3059934193733368
14698,0.3007107138277782
14699,0.2989372702526372
14700,0.3022856402792367
14701,0.3066400099531065
14702,0.3011018604974408
14703,0.2991667117080928
14704,0.3034764233801347
14705,0.3005952124576049
14706,0.3041339901868806
14707,0.3033098761076947
14708,0.3070606525673275
14709,0.2981664095339691
14710,0.3060976060326604
14711,0.3014546630973793
14712,0.298733658890632
14713,0.2919728679244235
14714,0.3036714694388929
14715,0.2952789036063945
14716,0.3046058695039094
14717,0.3109472202073998
14718,0.3023097513931624
14719,0.2996409298736794
14720,0.2949319401506457
14721,0.3045110662546904
14722,0.2966253837444069
14723,0.2998405446853831
14724,0.3078485609586346
14725,0.3064909885575332
14726,0.2970719540786889
14727,0.3084690928066506
14728,0.303790219560852
14729,0.3036622634110605
14730,0.3051516731123861
14731,0.2961052807103967
14732,0.3105235187511204
14733,0.296312125243739
14734,0.2906086262133971
14735,0.3014384309273719
14736,0.2961960687373623
14737,0.2957486721668252
14738,0.2978514414672013
14739,0.3020008411999344
14740,0.3013407236939473
14741,0.3022100900579787
14742,0.294002798671715
14743,0.3048076291630767
14744,0.3011758289447988
14745,0.2932862856808142
14746,0.2921226886457719
14747,0.3038973497357837
14748,0.3048689659590011
14749,0.3072329379302385
14750,0.3061327355830742
14751,0.3029376174404343
14752,0.3060557993227454
14753,0.2985191170483718
14754,0.2968275651302596
14755,0.2957851354196595
14756,0.3028551563034615
14757,0.2893886603983027
14758,0.2927064022160974
14759,0.2914127604210851
14760,0.2948688776914104
14761,0.3047711844749112
14762,0.301763049189608
14763,0.3092417424912936
14764,0.3068944516157495
14765,0.3015525182542012
14766,0.2918401703005622
14767,0.2901292121668909
14768,0.2927124287592951
14769,0.301500633224261
14770,0.3076910586780143
14771,0.3114080799846377
14772,0.2933991872162747
14773,0.3027508161320075
14774,0.3022502538898089
14775,0.3020271312972334
14776,0.2939806253968841
14777,0.3099837231627921
14778,0.3088306064889956
14779,0.3020040306854402
14780,0.2968220481791931
14781,0.2998786507784488
14782,0.3048093603014066
14783,0.2973697687558529
14784,0.3015053356648559
14785,0.3007536116660343
14786,0.2910546107533225
14787,0.2938927087305349
14788,0.2957337931171694
14789,0.2934178508193305
14790,0.2992632515835915
14791,0.2990041502218071
14792,0.2986238712202371
14793,0.2966635767777862
14794,0.300695837419108
14795,0.2988452998535614
14796,0.2945654037124576
14797,0.295979643583091
14798,0.2932596744706394
14799,0.3120782431974498
14800,0.302995191457151
14801,0.3076999323011799
14802,0.3041931474028578
14803,0.3068363092105866
14804,0.2985465114809234
14805,0.3078787375749517
14806,0.3090262330107552
14807,0.3027160948022389
14808,0.3073251355120056
14809,0.3073419317482804
14810,0.301519219384762
14811,0.3022270899716544
14812,0.3006101404390947
14813,0.2909677162519361
14814,0.2884278335712885
14815,0.2941015855346738
14816,0.3047854050188663
14817,0.2978548745117055
14818,0.2884294249594871
14819,0.2870790402699555
14820,0.2971990466333105
14821,0.2975180189413582
14822,0.2969763619260646
14823,0.3011140724347431
14824,0.2978678447608504
14825,0.2807689654624101
14826,0.2879034058564258
14827,0.3002303066656837
14828,0.3069758987562393
14829,0.3003301295402939
14830,0.304459602575499
14831,0.3101867557871557
14832,0.3002041477406962
14833,0.2959610720564961
14834,0.2948541177884679
14835,0.3000892058667312
14836,0.310393461663542
14837,0.3071653231222643
14838,0.3063669979769131
14839,0.3051069821241128
14840,0.2985520641317504
14841,0.3109394807692856
14842,0.2943854741973364
14843,0.3001348715304208
14844,0.302039568694621
14845,0.2944339958791062
14846,0.299530345348646
14847,0.296728512899545
14848,0.2934962866532537
14849,0.2923527756552019
14850,0.310613589339045
14851,0.297638558641162
14852,0.2950855839475751
14853,0.2941534370597839
14854,0.2908077463004103
14855,0.3047972349162271
14856,0.3106227014477118
14857,0.300869400775889
14858,0.2964853646590775
14859,0.3002592353016987
14860,0.3038194680722589
14861,0.2954437413790475
14862,0.2974025235145598
14863,0.2967110120215732
14864,0.3003207407303706
14865,0.3014288289914602
14866,0.2977323245702239
14867,0.3078384985164927
14868,0.3048082519506654
14869,0.2973933590534898
14870,0.3073597319995249
14871,0.2965588988831032
14872,0.2895897671263419
14873,0.3030896635074768
14874,0.3035753218679776
14875,0.2982803436099035
14876,0.2956792601364547
14877,0.2943824337306463
14878,0.2924402606014326
14879,0.2883549998757535
14880,0.2993678031317355
14881,0.2888203333218979
14882,0.3035660124118463
14883,0.2971277761686693
14884,0.2892686735365086
14885,0.2973406317750096
14886,0.2989051856344599
14887,0.3042607730921972
14888,0.3101047102958608
14889,0.3044613946367386
14890,0.2972620609622036
14891,0.2994266068142016
14892,0.3087085782362211
14893,0.3017981576368568
14894,0.3027063484976076
14895,0.2966150538548719
14896,0.2922736899124729
14897,0.2960707906469041
14898,0.2943869963569846
14899,0.3014069484178816
14900,0.2983107849157233
14901,0.2926206473573765
14902,0.2972093428993949
14903,0.3044365978492395
14904,0.3050187235796199
14905,0.2986013615246297
14906,0.29240949927257
14907,0.3007144606518665
14908,0.2990682718145606
14909,0.2894940604459779
14910,0.2899259195372978
14911,0.300191505550147
14912,0.2931466408265218
14913,0.2929463339184245
14914,0.2965591323255776
14915,0.288554432063941
14916,0.300763407592176
14917,0.3036255854703645
14918,0.292142605964886
14919,0.2976133710697887
14920,0.3097351855569719
14921,0.3076044500594758
14922,0.2960771075553701
14923,0.2939608202753097
14924,0.300923771449315
14925,0.3006721619298948
14926,0.2912443529641599
14927,0.2981550105334198
14928,0.3002396396503843
14929,0.2978553404205608
14930,0.3030427121750969
14931,0.3038407727697366
14932,0.3000930088230681
14933,0.3066459116433901
14934,0.3047619758278228
14935,0.290485699267164
14936,0.3025483295109201
14937,0.2924984755768453
14938,0.2982408923543114
14939,0.2990170102602785
14940,0.2976975184354449
14941,0.2935500228628233
14942,0.304880016977077
14943,0.2963296411959836
14944,0.2990338610624285
14945,0.2959132971348922
14946,0.301587543397158
14947,0.311541687242
14948,0.3046289235941272
14949,0.3060777350646517
14950,0.3011097221396619
14951,0.302979834251932
14952,0.3060987646679886
14953,0.29761328334547
14954,0.306327032094966
14955,0.3140924405092958
14956,0.3011595939054123
14957,0.2892666813580382
14958,0.3056084259052848
14959,0.292719274708563
14960,0.2984070800718846
14961,0.3024417533911789
14962,0.2996695515591033
14963,0.3001874493093322
14964,0.3065306104733808
14965,0.3047588336441925
14966,0.3078104808990883
14967,0.2986733662948182
14968,0.3014825629994622
14969,0.3044759793095798
14970,0.2990108333697093
14971,0.3106667138342128
14972,0.2975129900316918
14973,0.2993518354660971
14974,0.3052735968447997
14975,0.3002564516549134
14976,0.3007530131858008
14977,0.2951852032215652
14978,0.3010565591297324
14979,0.2998864183080924
14980,0.3074418995288299
14981,0.3044447451775949
14982,0.3090608621813849
14983,0.2959687002598793
14984,0.2972543243285341
14985,0.3012772305317884
14986,0.3011526924086903
14987,0.3035751712205751
14988,0.3042225019837474
14989,0.2938559688906731
14990,0.2948337011075109
14991,0.2981530990956992
14992,0.3014751975959263
14993,0.3057464890316185
14994,0.2951511935449023
14995,0.2928712509294362
14996,0.2993306602638916
14997,0.3058302372726831
14998,0.3042922247744805
14999,0.2968695888449796
15000,0.2974543326447834
15001,0.2993132312090407
15002,0.3028049564351399
15003,0.2932059954531834
15004,0.2947294151200869
15005,0.2949410853822721
15006,0.3055853953917255
15007,0.3037855045502403
15008,0.3058654046953514
15009,0.3030420248807881
15010,0.3010288735328169
15011,0.2911874554137045
15012,0.2935650579189978
15013,0.2886565187359855
15014,0.296864085699543
15015,0.2939913868445583
15016,0.2915222693759234
15017,0.2940161170220918
15018,0.2886459740999088
15019,0.2960909288646696
15020,0.2862101134770686
15021,0.2953466085233206
15022,0.296316080522338
15023,0.2905184296388196
15024,0.2922982895897403
15025,0.3000710553984608
15026,0.3029117144857722
15027,0.2918433792873252
15028,0.2894735126257405
15029,0.288165327014372
15030,0.2935980038226852
15031,0.2951137141986624
15032,0.3018626147976461
15033,0.2938036689597064
15034,0.3005667247104799
15035,0.3028302956950867
15036,0.2928849650827054
15037,0.2910932336365907
15038,0.2925725596977267
15039,0.2854874936933549
15040,0.3001017997081736
15041,0.295651478234996
15042,0.3007213497129605
15043,0.3076571351343665
15044,0.2958150976431219
15045,0.3004727195328238
15046,0.2959078211891574
15047,0.2887580566476548
15048,0.2984384522123233
15049,0.2941961831521994
15050,0.2977764197328432
15051,0.3026472808551871
15052,0.3038398048738957
15053,0.2964963703707767
15054,0.2874298303389087
15055,0.296479634656977
15056,0.2940533081645993
15057,0.3026685132323322
15058,0.2984393521483376
15059,0.298340968322996
15060,0.3023150958674708
15061,0.3021007377575062
15062,0.2902944940754212
15063,0.2947869984932416
15064,0.2982389233709592
15065,0.2974019755759918
15066,0.3028618283538012
15067,0.2934545789718841
15068,0.2983897658450677
15069,0.2953285915716765
15070,0.2924224101803242
15071,0.2935329645722556
15072,0.2925014305303313
15073,0.2929913069637414
15074,0.2994774861403579
15075,0.2988350359125616
15076,0.2999097824920463
15077,0.2936020198639805
15078,0.2969182178212061
15079,0.3074674243061027
15080,0.3059570408386586
15081,0.3032509278070517
15082,0.2983598532010101
15083,0.2992016351903791
15084,0.2965836903952697
15085,0.2968802102106849
15086,0.3048734162633785
15087,0.3077369579702845
15088,0.2963372140565112
15089,0.2967127035004739
15090,0.2990626562669307
15091,0.3007940821117861
15092,0.2909616708862342
15093,0.3040976612380278
15094,0.3099138496827905
15095,0.3120106958446862
15096,0.3061799099072713
15097,0.3006980723023386
15098,0.298425344475681
15099,0.3007441648156715
15100,0.299796311114419
15101,0.2957540786026442
15102,0.294913730415748
15103,0.2925719956991313
15104,0.2922853986237089
15105,0.2971573527060246
15106,0.2932620398347494
15107,0.3019678134404224
15108,0.2842909308762804
15109,0.2915176474643022
15110,0.2889281441379052
15111,0.2921762908410431
15112,0.2941137820677342
15113,0.2962357390193521
15114,0.2931134371901543
15115,0.3032223776150362
15116,0.3061218330254232
15117,0.3061834912480025
15118,0.3051477629828966
15119,0.3018270601107259
15120,0.2938503042282732
15121,0.2977450988212961
15122,0.3036386347745665
15123,0.2921490388204231
15124,0.3016535514160158
15125,0.2949706430573953
15126,0.2939368255050802
15127,0.2995555137368333
15128,0.2960909497751363
15129,0.2918752511600592
15130,0.2958498279552168
15131,0.2895140857788081
15132,0.2855703176198127
15133,0.3026996245531441
15134,0.2980605987276231
15135,0.2951029850702842
15136,0.2933140419550274
15137,0.298512281028808
15138,0.2991910809325804
15139,0.2964127037164483
15140,0.2900983675608067
15141,0.3022713617770066
15142,0.30689928098703
15143,0.2968614741295403
15144,0.285383565106434
15145,0.2987907296160916
15146,0.2929263507609705
15147,0.3037850865572337
15148,0.2970115199593658
15149,0.296423302137429
15150,0.3012413272991212
15151,0.2967950985275172
15152,0.2956621308149202
15153,0.2973332595368832
15154,0.3032712874563268
15155,0.2988463784774472
15156,0.3002794041544797
15157,0.2965947979426261
15158,0.2981950296082157
15159,0.3036719801393649
15160,0.3002932887826883
15161,0.2994271093918079
15162,0.3049484323339737
15163,0.3009423694922006
15164,0.2938518131870496
15165,0.2996056079565973
15166,0.2955503926650639
15167,0.3020116626079924
15168,0.2900991017221569
15169,0.2999396508473392
15170,0.3134509541941889
15171,0.2970784423529014
15172,0.2992189679254481
15173,0.298111878098775
15174,0.3039610133133414
15175,0.3060127683801082
15176,0.2857513955388203
15177,0.2997506242222924
15178,0.3091330589958673
15179,0.2994358516497769
15180,0.292828999982923
15181,0.2958860369968512
15182,0.3001851206519917
15183,0.2882529282303351
15184,0.2963119674920801
15185,0.301598459845746
15186,0.3008234995080531
15187,0.2938192162614532
15188,0.2841173169012391
15189,0.2991263759904059
15190,0.2945241820724132
15191,0.3003944178257078
15192,0.3074255796558165
15193,0.2947554000692693
15194,0.2925978859171
15195,0.3033248413140548
15196,0.2957013883737059
15197,0.3007079146018744
15198,0.2980477890615637
15199,0.3141247734458103
15200,0.308306657912903
15201,0.3072895393381795
15202,0.3032613398658249
15203,0.3041498058328217
15204,0.2944782881702838
15205,0.3002061986927511
15206,0.2914012846205552
15207,0.3012120191584489
15208,0.299398736516674
15209,0.2986551401005463
15210,0.3043118360744949
15211,0.2938217974712997
15212,0.2936083088775077
15213,0.2965137261499574
15214,0.2959171377077224
15215,0.3024280230547811
15216,0.2969017710070739
15217,0.3012162801852301
15218,0.3074122154954985
15219,0.2924035943640712
15220,0.2948046010317945
15221,0.2880068178806728
15222,0.3012263841815641
15223,0.2936949755672092
15224,0.3052921045432937
15225,0.294726244100252
15226,0.2975547794800876
15227,0.2974410163436962
15228,0.2965667318959661
15229,0.3007754081078845
15230,0.2995269719697571
15231,0.2959021133620034
15232,0.289560926406496
15233,0.295246402257187
15234,0.3079511360795419
15235,0.2972475717323986
15236,0.2941552022903196
15237,0.2990931698540865
15238,0.2986487751397329
15239,0.2970228235245533
15240,0.2993512283577811
15241,0.2983428656322515
15242,0.3016449020705787
15243,0.2979767224177307
15244,0.2935559996601429
15245,0.2986248138123086
15246,0.3023619993438376
15247,0.2956370508865652
15248,0.286583410866015
15249,0.3042046207139588
15250,0.2876234453585011
15251,0.2969436806827924
15252,0.2908870998213068
15253,0.2943176903937364
15254,0.2850295863665219
15255,0.293309409789981
15256,0.2878949462280495
15257,0.2958706133361628
15258,0.2870407902669092
15259,0.2999318438308445
15260,0.2922929687074695
15261,0.2950044746922242
15262,0.2967625060441076
15263,0.2989048565749523
15264,0.295332794642078
15265,0.2996631749134905
15266,0.295421580870745
15267,0.290005612726788
15268,0.298475193715206
15269,0.2881884745752075
15270,0.2954820825972401
15271,0.2931550926091952
15272,0.2939934337926964
15273,0.2912392069545835
15274,0.2965742823558789
15275,0.3019751056427727
15276,0.306535851343731
15277,0.2978548795474883
15278,0.2999865862446131
15279,0.298977333662787
15280,0.3017192624405851
15281,0.2929359792316393
15282,0.2965890618427292
15283,0.2877504150668945
15284,0.2986648576134203
15285,0.2972527311554602
15286,0.2911702116096191
15287,0.2903541804663853
15288,0.2828340512640216
15289,0.2927041915870007
15290,0.2983023608675025
15291,0.2934403175972955
15292,0.3053260047735343
15293,0.2880473982473506
15294,0.2927558717695275
15295,0.2918144639526903
15296,0.2964592084242426
15297,0.2887557135462291
15298,0.2957925784711692
15299,0.3043825336155321
15300,0.3011308883766261
15301,0.2979925171635996
15302,0.2997771411034807
15303,0.2872236039903874
15304,0.3054668743576224
15305,0.2855119568425452
15306,0.291231884901054
15307,0.293636660983949
15308,0.2910304095193823
15309,0.2970132823044246
15310,0.3031208696818101
15311,0.3033159527220249
15312,0.2955870752515029
15313,0.3024351824775901
15314,0.3016763499404872
15315,0.301838607513783
15316,0.3042349986066502
15317,0.2982702586667614
15318,0.299141005181621
15319,0.2969444178847476
15320,0.2901441284936152
15321,0.2914625194653993
15322,0.2918067427857705
15323,0.2906632762651224
15324,0.2920881161663885
15325,0.2991305462651207
15326,0.3012144339696221
15327,0.3026974478946136
15328,0.2875819915025103
15329,0.2828067269561128
15330,0.2957531709717669
15331,0.2837942637079897
15332,0.3054121244577633
15333,0.2909051540714021
15334,0.3023542920641763
15335,0.3035535254953431
15336,0.2832484984600349
15337,0.2873845356065214
15338,0.2897322581330692
15339,0.2952512753444748
15340,0.2906619462355496
15341,0.2969298249347192
15342,0.2979014191738846
15343,0.2935956272551566
15344,0.2891110786841375
15345,0.2946119167434942
15346,0.3033244912064715
15347,0.3016206707564626
15348,0.2953474707835899
15349,0.2988590375755331
15350,0.302112842580035
15351,0.3011422876833319
15352,0.2885516142370874
15353,0.2987283076020902
15354,0.2941561019993603
15355,0.2902819770125988
15356,0.2849357052562537
15357,0.2883397163427371
15358,0.2868942722188411
15359,0.2893787124682691
15360,0.2997294989171571
15361,0.286630549559341
15362,0.2954529471189595
15363,0.2968870009490237
15364,0.2874264680746779
15365,0.291716365547431
15366,0.29346330032614
15367,0.2997011135589908
15368,0.3024265790351859
15369,0.2982006216533638
15370,0.2879130532069464
15371,0.3053546031059321
15372,0.2960922308876399
15373,0.2890597371345901
15374,0.2934961905507713
15375,0.2914291622643184
15376,0.2991661973860332
15377,0.2897741599140296
15378,0.2968966732562026
15379,0.29671757727513
15380,0.2961802823675616
15381,0.3062097778733162
15382,0.2951655077511402
15383,0.3000746068954806
15384,0.2904850434157253
15385,0.2914622500860593
15386,0.291325055350297
15387,0.292711167264863
15388,0.2934798526134064
15389,0.292976582872524
15390,0.2929367787318369
15391,0.2907634923613608
15392,0.2936591369201854
15393,0.2942787270301957
15394,0.2954028719792746
15395,0.2943772682425982
15396,0.2931934025864214
15397,0.2956234270920617
15398,0.2850503787899977
15399,0.2999205107961391
15400,0.2933250437998277
15401,0.3065668034399349
15402,0.2961066870530175
15403,0.2965144987039636
15404,0.2928054807354882
15405,0.298439653074876
15406,0.2894580443025351
15407,0.2996094334598588
15408,0.2942923311303778
15409,0.2899705106222198
15410,0.293259586836989
15411,0.2901583216280355
15412,0.2978974772855319
15413,0.2943662200288151
15414,0.3038986492300704
15415,0.2989981657461055
15416,0.3002037724755877
15417,0.2893889739354301
15418,0.3025963381500626
15419,0.2924363768702864
15420,0.2977124416165158
15421,0.3010228076664417
15422,0.2954242664337565
15423,0.2945750585330002
15424,0.2915682819992378
15425,0.2991682773048989
15426,0.2903644485829692
15427,0.2966343702409998
15428,0.3013309523780652
15429,0.2937340010665257
15430,0.2884440740134394
15431,0.29707356600285
15432,0.2938933743351878
15433,0.2931491268141671
15434,0.2971727270950744
15435,0.2993761374928739
15436,0.3003519135508064
15437,0.2938542552504231
15438,0.2975053269031251
15439,0.2982889701186471
15440,0.289574683196302
15441,0.3004330118385004
15442,0.2958236360345667
15443,0.2976934714226856
15444,0.29691516172365
15445,0.2929652571250263
15446,0.2864471463023839
15447,0.3010411618671895
15448,0.285849352326434
15449,0.288520999496519
15450,0.2909322721301785
15451,0.2859114489032097
15452,0.2966611592659413
15453,0.2965414772465209
15454,0.2880507448954675
15455,0.2964746346482797
15456,0.287692327974362
15457,0.2913425923239964
15458,0.2963347522909162
15459,0.2909149367274729
15460,0.2948082197052301
15461,0.2959158244272304
15462,0.2971842858157252
15463,0.282974036133222
15464,0.2903208507912013
15465,0.2952769807547992
15466,0.2904242849120495
15467,0.2855548662186112
15468,0.2996907642579756
15469,0.2852419188732097
15470,0.2858156789423361
15471,0.2915409479046433
15472,0.2930665023179969
15473,0.2955732986727616
15474,0.2998767432229035
15475,0.297553898944588
15476,0.2908143613482147
15477,0.2915391967315597
15478,0.2967944902188957
15479,0.2936970309288791
15480,0.2950571905352202
15481,0.2933905746345379
15482,0.3004946956793305
15483,0.2914494622960763
15484,0.2916623706752794
15485,0.2947258416857829
15486,0.3029791341380414
15487,0.2885575981057611
15488,0.2918073271395074
15489,0.2995943979831955
15490,0.2883047610254029
15491,0.2830274305699184
15492,0.2847766548898756
15493,0.2990391732073879
15494,0.2956312829843084
15495,0.2897029745072382
15496,0.2971478500321525
15497,0.2897604581516006
15498,0.2920707429848276
15499,0.3022071862911505
15500,0.2938952143641709
15501,0.2920695732211951
15502,0.2816103142399986
15503,0.2883971587852349
15504,0.2878951332607966
15505,0.302233688960055
15506,0.2897472737597999
15507,0.303504783444249
15508,0.2846298301903482
15509,0.2961073957937892
15510,0.2935717609419582
15511,0.300763898932527
15512,0.2954015279900341
15513,0.2928389527659609
15514,0.2989983761230472
15515,0.2843838644883812
15516,0.290344343661109
15517,0.2879854489893549
15518,0.2933898655869338
15519,0.2923361781024894
15520,0.304583307044511
15521,0.2985900389768585
15522,0.301560627307707
15523,0.2893729108795078
15524,0.2883152715533224
15525,0.2833509033392296
15526,0.294042012328517
15527,0.2852037283762354
15528,0.2897045404304216
15529,0.2947116469556645
15530,0.2987123002443222
15531,0.2862500282320119
15532,0.290581783818809
15533,0.2864956718479116
15534,0.2894680923376287
15535,0.2995151611759449
15536,0.2788994956236109
15537,0.2899517408418792
15538,0.2944543336544178
15539,0.2945487038799393
15540,0.2865187055470423
15541,0.2828227501115709
15542,0.2868943368454384
15543,0.2773651276907347
15544,0.2845464670072423
15545,0.2915924281706998
15546,0.2929741367637611
15547,0.2997875288575832
15548,0.3000484230888542
15549,0.294051685830445
15550,0.3061986909395993
15551,0.3005184958548235
15552,0.283802353083332
15553,0.2954334660668438
15554,0.2876642820435968
15555,0.2891293429631732
15556,0.2997286975604297
15557,0.2911917155160205
15558,0.2974998500940037
15559,0.2928285233142666
15560,0.2988993576994279
15561,0.2943691223039785
15562,0.2889499270694868
15563,0.2966376872990164
15564,0.2909502802961583
15565,0.289856231569343
15566,0.2940544183379227
15567,0.2871879942045072
15568,0.2905963663021422
15569,0.2838167902876716
15570,0.286298455192548
15571,0.2860303252425437
15572,0.2811895386853339
15573,0.285865665859041
15574,0.2898645741702666
15575,0.2895820198742597
15576,0.29548168287668
15577,0.298079227621306
15578,0.2950995680149104
15579,0.2978375850597931
15580,0.2978330416143853
15581,0.2929104651506096
15582,0.2928685773267556
15583,0.2910292498177983
15584,0.2955700458281366
15585,0.2854224925154981
15586,0.2971147084809409
15587,0.2965556126488825
15588,0.297182489710513
15589,0.2991196731675749
15590,0.3011704772750851
15591,0.3046761256418162
15592,0.3005279007226731
15593,0.2879098262277766
15594,0.2804623608227028
15595,0.2999729364666237
15596,0.2906523634075898
15597,0.294160402432854
15598,0.2791895594908586
15599,0.292843277160604
15600,0.2857995365873593
15601,0.2823734420060513
15602,0.2936762687087857
15603,0.2788536845465861
15604,0.2873410855044773
15605,0.2854903741056019
15606,0.2956685859010444
15607,0.2853429015856857
15608,0.2913802955563837
15609,0.2953186474200679
15610,0.2867718186600957
15611,0.2966277488211958
15612,0.2934509275933039
15613,0.2968396124315798
15614,0.2896432154773591
15615,0.3024520143390347
15616,0.2855991067702794
15617,0.288475578231854
15618,0.2932783025990489
15619,0.29066425902945
15620,0.2904858234741678
15621,0.288133559400434
15622,0.2904031945783347
15623,0.2973702795103565
15624,0.2840741204084137
15625,0.2854737226899947
15626,0.2899665623174323
15627,0.2904720876902238
15628,0.2995024997361686
15629,0.2945617387057958
15630,0.2890106346175108
15631,0.2904454174641723
15632,0.2909530447193728
15633,0.2875504749142548
15634,0.2926688618484764
15635,0.2914993998824484
15636,0.2927893803033878
15637,0.2962176435069097
15638,0.2972284198271501
15639,0.3002157528965302
15640,0.285212367184785
15641,0.2910486397970764
15642,0.296305139415628
15643,0.2936426403401669
15644,0.2978741816470109
15645,0.2955223731249277
15646,0.3010873892681641
15647,0.2929455014963051
15648,0.2936264082062723
15649,0.2844893811076326
15650,0.2928616847598942
15651,0.2986368164868281
15652,0.2991464108846768
15653,0.2919680962358976
15654,0.2840306572720545
15655,0.292580173277774
15656,0.2919617729738087
15657,0.2966023058836719
15658,0.2922825038384967
15659,0.291274816560776
15660,0.3025220010546664
15661,0.2918005582765099
15662,0.2796364513377568
15663,0.2902157580513794
15664,0.2907992242303225
15665,0.2919033038537605
15666,0.2863294724505719
15667,0.2921646060225348
15668,0.285047277764238
15669,0.3008985737907679
15670,0.2954972461447104
15671,0.2897596222784622
15672,0.2832344610069847
15673,0.287925252082726
15674,0.2868252654629306
15675,0.2909103498675142
15676,0.2926817701329734
15677,0.3044753052408245
15678,0.283879608370927
15679,0.2973837789907969
15680,0.286565613927814
15681,0.2939865716089511
15682,0.2879259496284603
15683,0.2840594783088466
15684,0.2904601377176165
15685,0.2903137461650598
15686,0.2989349911988396
15687,0.2911271283451816
15688,0.2945745312162054
15689,0.2843832052961226
15690,0.2967946589811218
15691,0.2971144506885519
15692,0.302427086509057
15693,0.29317340552998
15694,0.294807789570775
15695,0.2897422590023201
15696,0.2924606933924644
15697,0.2824009094987224
15698,0.2926122648363253
15699,0.2900618968783338
15700,0.2847603035732685
15701,0.2869710288110678
15702,0.2854226416672744
15703,0.2952288206072356
15704,0.2946899796384861
15705,0.2818822939529977
15706,0.2929092410877313
15707,0.2878811971071461
15708,0.2894146397369962
15709,0.2873960698338838
15710,0.29287832586614
15711,0.280104851311455
15712,0.29673151356316
15713,0.2994262937890437
15714,0.29217071410861
15715,0.2960768109766339
15716,0.2843507003238512
15717,0.3004408681324994
15718,0.2903294175102557
15719,0.2960997833145722
15720,0.2834887381597067
15721,0.2870400787694473
15722,0.284969148538934
15723,0.2962261453690616
15724,0.289994204637109
15725,0.3084706130925121
15726,0.2859670781162974
15727,0.2857684221043851
15728,0.2774023451110851
15729,0.2903773488162259
15730,0.2829196368103306
15731,0.2982277771158847
15732,0.290697264146359
15733,0.2952908978580213
15734,0.2958195899617459
15735,0.296274560836024
15736,0.2904364239182296
15737,0.290553498890605
15738,0.2932362703654841
15739,0.2952938373975445
15740,0.2965198243244106
15741,0.2825168584576324
15742,0.2961911192724107
15743,0.2943692209170831
15744,0.2876949667122948
15745,0.2998811924215406
15746,0.2898365963738519
15747,0.2895297284319378
15748,0.2896842250221991
15749,0.2885501417512464
15750,0.2897953829037595
15751,0.2879531988249267
15752,0.2929577119418306
15753,0.2868578459720823
15754,0.2813704155003781
15755,0.2983329919803044
15756,0.2887241018153721
15757,0.2915596823750886
15758,0.2827210310450813
15759,0.2950102714743357
15760,0.2904695999354671
15761,0.2882177266165878
15762,0.2999772719648336
15763,0.2847740330206621
15764,0.283905769492773
15765,0.2930038891299164
15766,0.2914515912955165
15767,0.2900131026902686
15768,0.2958233598789482
15769,0.2937352688095561
15770,0.2922341595180476
15771,0.2957072852430032
15772,0.2899053744741804
15773,0.2968358805313401
15774,0.291295931315263
15775,0.2943542578386233
15776,0.2831697967218984
15777,0.2941346571985568
15778,0.2947815997408303
15779,0.2892973999246224
15780,0.2978933477070819
15781,0.2903322991885587
15782,0.2808204100199838
15783,0.2860682013355852
15784,0.2963413237692404
15785,0.2879244002342226
15786,0.2920062738928768
15787,0.2875079171180987
15788,0.3020555839990684
15789,0.2875184780171363
15790,0.2845449265966929
15791,0.2912565946745805
15792,0.2821753566824062
15793,0.2918795002553173
15794,0.2896596100848937
15795,0.2880844400990654
15796,0.2823323909570137
15797,0.2807040615993765
15798,0.2902351966516481
15799,0.2804569642558228
15800,0.2900138826086713
15801,0.2852510747896969
15802,0.2890331052547117
15803,0.2945787261929881
15804,0.2910670004032836
15805,0.2864307278642041
15806,0.2917103227135478
15807,0.2883910726831685
15808,0.2895516045044378
15809,0.2978454524730301
15810,0.2870562519856193
15811,0.2786656731275547
15812,0.2957610058634575
15813,0.2948212207241332
15814,0.2889099645470541
15815,0.2849468607725393
15816,0.2898263052749428
15817,0.2798613226827033
15818,0.2963402416657109
15819,0.2871190201004084
15820,0.2869987227043998
15821,0.2904198937677877
15822,0.2939288697170015
15823,0.2865554103993128
15824,0.2947455494106862
15825,0.2996086825762926
15826,0.2902610054356481
15827,0.2897503160860068
15828,0.2845109337198083
15829,0.2810744517784219
15830,0.2814214043181535
15831,0.2935938946224096
15832,0.2928070977273827
15833,0.2957502079829984
15834,0.2955481411842052
15835,0.2882715771679157
15836,0.2922243527220105
15837,0.290651238409002
15838,0.285098560435616
15839,0.2956630045494562
15840,0.289399145960191
15841,0.2896366385606107
15842,0.2923805910755279
15843,0.2900560942155094
15844,0.2919018373892449
15845,0.2851136701459396
15846,0.2921684718519205
15847,0.2936422993696864
15848,0.2873963091992153
15849,0.2927136825999428
15850,0.2851380084014804
15851,0.2820837352748175
15852,0.2810238973860983
15853,0.290380300532469
15854,0.2910891730387556
15855,0.2809432163326427
15856,0.2800825224652346
15857,0.2925052580332067
15858,0.2946869874689009
15859,0.2888662295987385
15860,0.2916778368852021
15861,0.2892850409492223
15862,0.287232318141858
15863,0.2921103924556711
15864,0.2946291753793085
15865,0.2887348207682446
15866,0.2919233011891133
15867,0.2875229205641245
15868,0.2918766388524051
15869,0.2933378115977602
15870,0.2848186352565886
15871,0.2932608628200887
15872,0.2916593448409471
15873,0.2915607868065177
15874,0.2836360141596388
15875,0.2874435002916429
15876,0.2823383095869204
15877,0.2827548552784311
15878,0.2879974572938847
15879,0.2895980760061293
15880,0.2876848382093684
15881,0.2859186597587915
15882,0.2871550578187704
15883,0.2797947310108872
15884,0.2864274852281955
15885,0.2950034287108417
15886,0.2858133783320056
15887,0.2867510077498206
15888,0.2864519416569143
15889,0.2892052090774369
15890,0.2902133342214499
15891,0.2898472813352776
15892,0.2907600913541395
15893,0.2904811306249169
15894,0.2935673053945484
15895,0.2869311374639369
15896,0.2887433258809098
15897,0.3035127890718678
15898,0.2938479263229954
15899,0.2928634764527297
15900,0.2934607600677972
15901,0.2822410444991693
15902,0.2841729440074301
15903,0.2860973028194142
15904,0.2939430341430152
15905,0.2850029597391403
15906,0.2857996174846853
15907,0.2955104450812944
15908,0.2928398869740141
15909,0.2896742523107694
15910,0.2912333676798369
15911,0.2893621555978241
15912,0.2878781109791398
15913,0.2920606099550742
15914,0.2883468825893643
15915,0.2894350962088416
15916,0.2857955776705631
15917,0.2954829302139869
15918,0.2843182190257792
15919,0.2871979117589081
15920,0.2855032909599072
15921,0.2871318012318981
15922,0.2866033265558916
15923,0.2845404317710494
15924,0.2891699729534037
15925,0.289031318259533
15926,0.2919746838207648
15927,0.2837168999635353
15928,0.2896416524809402
15929,0.2834520106958781
15930,0.2938571667571306
15931,0.2911417343151235
15932,0.2873731842849084
15933,0.2952526339307925
15934,0.2902844023387081
15935,0.2919119134298558
15936,0.2956419116965564
15937,0.2901074723679838
15938,0.281789526811622
15939,0.2921629696037785
15940,0.2895048810002123
15941,0.2920674063772855
15942,0.2841814763432669
15943,0.2815897320446092
15944,0.2908386427791071
15945,0.2812477794386051
15946,0.2838716062124826
15947,0.2873406148275211
15948,0.2878832039641031
15949,0.3013195378013454
15950,0.2896469152682094
15951,0.288141475570625
15952,0.292246360256377
15953,0.2870747925938449
15954,0.2871617540513348
15955,0.2885818967196525
15956,0.2834230219609407
15957,0.2875981538506689
15958,0.2831675376539155
15959,0.2766964919424059
15960,0.2897486633253787
15961,0.2944439867458268
15962,0.2764558789714968
15963,0.284397411443443
15964,0.2841958529247515
15965,0.2911831434090323
15966,0.2905495377646004
15967,0.2926960412250254
15968,0.291675774557062
15969,0.2875534328055198
15970,0.294305497310121
15971,0.2908513692628485
15972,0.2961615495142327
15973,0.2867130759690178
15974,0.2866104537348717
15975,0.3010815150476102
15976,0.294761543453588
15977,0.2927587120153892
15978,0.2855449817787419
15979,0.2931721568817956
15980,0.2861410179237225
15981,0.2835018884283763
15982,0.2970788511610116
15983,0.2888266321847267
15984,0.287960566175644
15985,0.2852699585068356
15986,0.2985912838692232
15987,0.2902247473669202
15988,0.2813565217041637
15989,0.2892535345883356
15990,0.2784602408251682
15991,0.2809396936940128
15992,0.2941346294828807
15993,0.2915316497611194
15994,0.2847544787812935
15995,0.2878151286966683
15996,0.2895098914247204
15997,0.2859461821066268
15998,0.2860195125476782
15999,0.2903172828425781
16000,0.2830774897601071
16001,0.2831701613035768
16002,0.2961356362649762
16003,0.2838220371637423
16004,0.286727487539788
16005,0.2923436512254528
16006,0.2857282645036272
16007,0.2900057847847462
16008,0.2894624973012066
16009,0.2935401755786271
16010,0.2912689380249428
16011,0.2863489825932417
16012,0.2995709669651101
16013,0.2840770288405739
16014,0.2901730354323178
16015,0.3013441582737913
16016,0.2859453727321198
16017,0.2877364765305802
16018,0.2945269823649543
16019,0.2799146206450905
16020,0.2939234675378421
16021,0.2920859194258111
16022,0.2909167028502911
16023,0.2851559229588699
16024,0.2884314396047313
16025,0.2984571112337683
16026,0.2904725400543817
16027,0.2920569687359793
16028,0.2828376839385664
16029,0.285548036641933
16030,0.2859085529566619
16031,0.2847612457866275
16032,0.3008459571853432
16033,0.2945169724108579
16034,0.2915086929985692
16035,0.2879099088004762
16036,0.2866824263760836
16037,0.2898224893739918
16038,0.297796506364115
16039,0.3036051326534749
16040,0.2965889301715632
16041,0.2877543322232854
16042,0.2885836320618457
16043,0.2965687108906764
16044,0.2840883220335787
16045,0.294333020037039
16046,0.2845043603864642
16047,0.2871655327858352
16048,0.2891569485894645
16049,0.2837548194808942
16050,0.2813650944325864
16051,0.2926007985027408
16052,0.2956745117287875
16053,0.2853696847646016
16054,0.2891690238269814
16055,0.2894721415332699
16056,0.2866602679756663
16057,0.28904252721246
16058,0.2899084561281764
16059,0.2856096314570794
16060,0.2913695150039003
16061,0.2919159961660463
16062,0.2924642630623321
16063,0.2888303798051084
16064,0.2931852236630446
16065,0.2897041471783605
16066,0.2941295446058002
16067,0.2849495532343893
16068,0.279445234809026
16069,0.2893909043878632
16070,0.2868277742936354
16071,0.2887017818962216
16072,0.2948820662373592
16073,0.2938055272525636
16074,0.2846113669745354
16075,0.284099965995325
16076,0.2834360575691859
16077,0.2917627313669955
16078,0.2871218535682676
16079,0.2870849656100467
16080,0.300997719952922
16081,0.2878767273651298
16082,0.28292280336926
16083,0.2832695192043959
16084,0.2838914377914526
16085,0.2844876588689327
16086,0.2895306476133912
16087,0.2959755496720993
16088,0.3001487723768647
16089,0.2980285474576227
16090,0.2895877327505328
16091,0.287233474061807
16092,0.2884602864531972
16093,0.2965740678411589
16094,0.2761064523307834
16095,0.2891238065223107
16096,0.2901264097235054
16097,0.286781600541994
16098,0.2939083260739722
16099,0.291266829354032
16100,0.2914315312392434
16101,0.29852293997505
16102,0.2935278296423788
16103,0.2958073368378333
16104,0.2983180641420237
16105,0.284783968618929
16106,0.2990749796733927
16107,0.2979659318127269
16108,0.2955687443470909
16109,0.295218711500903
16110,0.2985795465105814
16111,0.295637717590906
16112,0.290404912168763
16113,0.2890480852545179
16114,0.2777468071066899
16115,0.2812019368519807
16116,0.2837335612398368
16117,0.2922704087167897
16118,0.2801108273487594
16119,0.2826042783368306
16120,0.2824129074108506
16121,0.2882396178504942
16122,0.2843826331208004
16123,0.2905026840188455
16124,0.2909326359226217
16125,0.2822507334417371
16126,0.2847870354889626
16127,0.2852114824836608
16128,0.2867622804269953
16129,0.2811702951970309
16130,0.2800845032337098
16131,0.2921329547821812
16132,0.2840653149217858
16133,0.2823992876988687
16134,0.2845690672080191
16135,0.2845203188445647
16136,0.2822133915357268
16137,0.2841702066447964
16138,0.2827324693617005
16139,0.2845520840326562
16140,0.2890548658532637
16141,0.2879169749083144
16142,0.2872263777235172
16143,0.2944127969860126
16144,0.2889525060645452
16145,0.2956309523953602
16146,0.2834288584701872
16147,0.2997991510121994
16148,0.2925273566071558
16149,0.2911180783900853
16150,0.2864673566282973
16151,0.2868087115891736
16152,0.2897195601586946
16153,0.2831676831934993
16154,0.2876877976850508
16155,0.2936886964985364
16156,0.2880167502008252
16157,0.2890552759082359
16158,0.2932323401786117
16159,0.2867458321263008
16160,0.2934838642011191
16161,0.2874895519429496
16162,0.2924715999841992
16163,0.2942242209051173
16164,0.3001167335929258
16165,0.2864087218109347
16166,0.2914529185490113
16167,0.2935366227722396
16168,0.2797386102280644
16169,0.2813769331509708
16170,0.2892887885694842
16171,0.2823871161143609
16172,0.2925818085850599
16173,0.2915810583057991
16174,0.280953170084586
16175,0.2802028261883634
16176,0.2880655495247017
16177,0.2884990045590336
16178,0.2837267310491635
16179,0.2854792884740627
16180,0.2886579597073482
16181,0.2950595645221248
16182,0.2910621558457558
16183,0.2840095060074403
16184,0.2889527367287391
16185,0.2908660458549016
16186,0.2874162076089085
16187,0.2941912978480611
16188,0.2767134585053957
16189,0.2790504778164299
16190,0.2815298776297573
16191,0.2815553257095926
16192,0.2941279093658434
16193,0.2848631930879014
16194,0.2868582299803934
16195,0.2977648568946511
16196,0.2897195644412024
16197,0.2884890306104777
16198,0.2827971132606912
16199,0.288297578718955
16200,0.2930241735249118
16201,0.2921015505976818
16202,0.2775954326068064
16203,0.2880752827541381
16204,0.2825609182731728
16205,0.2776280711871343
16206,0.288316085518872
16207,0.2850554898738544
16208,0.2883812303016342
16209,0.2803134568894693
16210,0.2793544598103712
16211,0.2845256512151093
16212,0.2877744620999738
16213,0.2790415082112156
16214,0.2778395964418174
16215,0.2768331980299282
16216,0.2830300825559309
16217,0.2873654912659901
16218,0.2841624165655243
16219,0.2846709813629675
16220,0.2828688272912809
16221,0.2870374635118751
16222,0.2887625431335506
16223,0.291524510809141
16224,0.2907065544318373
16225,0.2860232838551374
16226,0.2879137598469641
16227,0.2811510537387526
16228,0.2881946481481443
16229,0.2864231103885726
16230,0.2893056932708032
16231,0.2934816288727799
16232,0.2849239639705335
16233,0.2781258122098634
16234,0.2767639714250862
16235,0.291431659826723
16236,0.2835206628983961
16237,0.2961326356302258
16238,0.2917972983622059
16239,0.2785870296162212
16240,0.2845908299486308
16241,0.2854116365222076
16242,0.2886707591207698
16243,0.2860636880256573
16244,0.2892861806343522
16245,0.2851095405602467
16246,0.2926723988020776
16247,0.2887483101160153
16248,0.2900629075410454
16249,0.2906844441864094
16250,0.286469838037556
16251,0.2806057521412812
16252,0.2835324472453988
16253,0.2868677968533011
16254,0.2780575496469458
16255,0.2920664922455662
16256,0.2874071697876433
16257,0.2948777846017137
16258,0.2711695542668993
16259,0.2875478818862355
16260,0.2795479725124354
16261,0.2872126859044593
16262,0.2844828079203576
16263,0.2882413869311883
16264,0.2903830301792373
16265,0.2829377698975467
16266,0.286970667286488
16267,0.2828012572209948
16268,0.286300120983573
16269,0.289117785340766
16270,0.2917040493598904
16271,0.2906248828339665
16272,0.2918341510534269
16273,0.2882577916721301
16274,0.2895569132852985
16275,0.2869332213795322
16276,0.2816581061815621
16277,0.2912705501393384
16278,0.285739860909928
16279,0.2955288528709801
16280,0.2859340908659109
16281,0.2838014169969897
16282,0.2985577224300902
16283,0.2884377098130068
16284,0.2861048116792237
16285,0.285805533135859
16286,0.2902075181758891
16287,0.2873069735105668
16288,0.2796983648432663
16289,0.2912875651764364
16290,0.2909466051822858
16291,0.2914584487223189
16292,0.2820941036430542
16293,0.2925880047574427
16294,0.2812177312324347
16295,0.286467592057999
16296,0.2865887751923662
16297,0.2935083151728261
16298,0.2918041408257151
16299,0.2927838441317265
16300,0.2885449455652649
16301,0.2857002899384652
16302,0.288219133767999
16303,0.2893922584127595
16304,0.2941088994658133
16305,0.2923857967953547
16306,0.2806825284580353
16307,0.2901684058075137
16308,0.2947230232069573
16309,0.2782612005242768
16310,0.2887292376181017
16311,0.2803125560587814
16312,0.2915950095212671
16313,0.2867501731165029
16314,0.2826204110660161
16315,0.288778253726886
16316,0.2889754625950539
16317,0.2878098313205789
16318,0.289727659938101
16319,0.2923623405313496
16320,0.3020737829147087
16321,0.2894494519589805
16322,0.2785060520194059
16323,0.2880680913065545
16324,0.2841166417597114
16325,0.2952096069503137
16326,0.2818323261442691
16327,0.2876487396921342
16328,0.2893795013443677
16329,0.2723874569728331
16330,0.2797187145762128
16331,0.2818540970276231
16332,0.2785761981679427
16333,0.285772777890345
16334,0.2845720540491492
16335,0.2848219926421035
16336,0.2821144707543758
16337,0.2818729112381054
16338,0.2911403482727266
16339,0.2857296770372014
16340,0.2820252282067428
16341,0.2918523442650743
16342,0.2739947371775361
16343,0.2865860768560198
16344,0.2801521578811928
16345,0.28772386329076
16346,0.2808355032384103
16347,0.2856496732514264
16348,0.2846834207553368
16349,0.2754121792076283
16350,0.2859305045261279
16351,0.2862432289084458
16352,0.2783297381263266
16353,0.2915625921720506
16354,0.2854511363814168
16355,0.2770882432477519
16356,0.2892878546477932
16357,0.281298113385272
16358,0.2832497971541329
16359,0.2814662459846772
16360,0.2830753394787501
16361,0.2755582116992284
16362,0.2911469272368847
16363,0.2819436908580476
16364,0.2756866695288749
16365,0.2893889612102578
16366,0.2871984030665143
16367,0.2866566602607548
16368,0.2808968896077428
16369,0.2793071279347831
16370,0.2901068095914998
16371,0.2863250317501496
16372,0.2889975665791797
16373,0.2812115452536712
16374,0.2800423933116855
16375,0.2810282445421788
16376,0.283613441053095
16377,0.2879066508598931
16378,0.2822238182752695
16379,0.2936519435698151
16380,0.2848760719350431
16381,0.2694574142237404
16382,0.2805062113326366
16383,0.2790764749846474
16384,0.2842069661700275
16385,0.2759836379239604
16386,0.2728744443873998
16387,0.2775689653999698
16388,0.2894328282260667
16389,0.2829537914631083
16390,0.2793211388524951
16391,0.287776231337132
16392,0.2867493301155328
16393,0.2871065739545448
16394,0.2866212917581304
16395,0.2885917603387755
16396,0.2807561586561474
16397,0.2806997751780286
16398,0.2770042536992031
16399,0.2836190588159745
16400,0.2733533379482848
16401,0.2818901149514747
16402,0.2743674739367355
16403,0.2837192981238726
16404,0.2820619235378283
16405,0.281014666447534
16406,0.2803919449199561
16407,0.2877565766572153
16408,0.2819757542943208
16409,0.2859260812392497
16410,0.2761194268822679
16411,0.2779651552428301
16412,0.2790111507005384
16413,0.2709264487508311
16414,0.2801986664552928
16415,0.2786723655072428
16416,0.2796775187283278
16417,0.2789751580029161
16418,0.2873623214857467
16419,0.2933502151283859
16420,0.2833209286763944
16421,0.2693585726006158
16422,0.2798219319429789
16423,0.2711733803569655
16424,0.2731192465025301
16425,0.275839861367553
16426,0.272214722836806
16427,0.2870418356374787
16428,0.2872211988305715
16429,0.2907913924856845
16430,0.2845354799408666
16431,0.2745474606698343
16432,0.2731022738125852
16433,0.2713848555087454
16434,0.2757496483403474
16435,0.2926160154417476
16436,0.2809593403179642
16437,0.2869462279594587
16438,0.291885437212926
16439,0.2790151419744744
16440,0.2802050426963076
16441,0.2882670817595735
16442,0.2897064242664728
16443,0.2812010560365071
16444,0.2878851042305037
16445,0.2773509120100272
16446,0.2862931969366064
16447,0.2825630957534535
16448,0.2832987224192295
16449,0.2866792632292674
16450,0.282591860915819
16451,0.2835649669061336
16452,0.2861113927069712
16453,0.2848099322086879
16454,0.2875688002507655
16455,0.2850685858528863
16456,0.2896784589393661
16457,0.2920239067908452
16458,0.2847535077875805
16459,0.2986916762786742
16460,0.2828905172595947
16461,0.2870237842639677
16462,0.2877105928510156
16463,0.2830447207861803
16464,0.2868687616478333
16465,0.2808994902688549
16466,0.276805071904532
16467,0.2862515723605068
16468,0.2789171649721889
16469,0.2778101093171221
16470,0.2757946491466191
16471,0.2825171818662053
16472,0.2829703892558541
16473,0.2878310469087528
16474,0.2872881417292226
16475,0.2754232227158364
16476,0.2839821262040459
16477,0.2766143178974445
16478,0.2824651073250919
16479,0.278110049276778
16480,0.2787883449703862
16481,0.2797635062861496
16482,0.2951372284184431
16483,0.2923271860250208
16484,0.2821244914320636
16485,0.276572444196062
16486,0.2856555113759113
16487,0.2899353042858494
16488,0.2928320356782554
16489,0.2820802314023501
16490,0.2880373548743503
16491,0.2867280227096951
16492,0.2861396148662442
16493,0.2899213681025986
16494,0.2857622177529105
16495,0.2806910768688707
16496,0.2858878239165838
16497,0.2912068466997302
16498,0.2739514912097894
16499,0.2846033159367537
16500,0.2806731100401806
16501,0.2961591702547407
16502,0.2838423166177252
16503,0.2812457586685218
16504,0.287890049122635
16505,0.2894161007897186
16506,0.2819514220737382
16507,0.271945064778111
16508,0.282493240743554
16509,0.2829846576114019
16510,0.2924822131940587
16511,0.2924280914562278
16512,0.282808943435093
16513,0.274412503066059
16514,0.2817317026680523
16515,0.2901118301949533
16516,0.292238888449607
16517,0.2734859206455501
16518,0.2832739378932433
16519,0.2778303738968841
16520,0.2851028469934843
16521,0.2830235949755508
16522,0.283999289675767
16523,0.2753035624309911
16524,0.2746956088562388
16525,0.2861165185397883
16526,0.2910945227594499
16527,0.2823977662937649
16528,0.2759692276246978
16529,0.286847840524763
16530,0.2828048757423712
16531,0.2831959793267625
16532,0.2857979917197774
16533,0.2895637291976826
16534,0.2820896342196838
16535,0.2843478519037501
16536,0.2797088641240717
16537,0.2940713454112721
16538,0.2852682177519433
16539,0.2813954028862909
16540,0.2730442175870651
16541,0.2817885291992169
16542,0.2858254107945708
16543,0.2810218892331462
16544,0.2912145115850086
16545,0.2854647214590206
16546,0.2792151248033919
16547,0.2819627826469714
16548,0.2851909725812853
16549,0.2833077284743731
16550,0.2788796030200728
16551,0.2822092823883
16552,0.2813181078470939
16553,0.2875043367013024
16554,0.2730082419775719
16555,0.2847252645811574
16556,0.282468910366181
16557,0.2745933598046928
16558,0.290534371472563
16559,0.2820751657269826
16560,0.2808941070425326
16561,0.2784897627824336
16562,0.2820726184179373
16563,0.2859468227407357
16564,0.2891232023238039
16565,0.2787181737291445
16566,0.2765195285549572
16567,0.2778777041068587
16568,0.2858888577107631
16569,0.2900793987840177
16570,0.2772359242353954
16571,0.2864681158703742
16572,0.2812191913963248
16573,0.2896003279859171
16574,0.289014610422898
16575,0.2787025951271678
16576,0.2775905488276228
16577,0.287697155240503
16578,0.2799561047963515
16579,0.2802933470123595
16580,0.2816178882567748
16581,0.2831710803473098
16582,0.2849496724688729
16583,0.2768036280689814
16584,0.2939080374357334
16585,0.2863873650149517
16586,0.2889972764404006
16587,0.2790813401129346
16588,0.2700441346820352
16589,0.2755138691894807
16590,0.2839859826679839
16591,0.2786178691673491
16592,0.2812744754513301
16593,0.2885939840892331
16594,0.2782049520035982
16595,0.2787373549941367
16596,0.2734005367488394
16597,0.2827702803749845
16598,0.2790934470595081
16599,0.2803250061701138
16600,0.2769188288777687
16601,0.2848854234000745
16602,0.2820962203297737
16603,0.282955131268437
16604,0.2817652768479036
16605,0.2857511893934429
16606,0.2823125691857826
16607,0.2829737950048618
16608,0.2873512521655122
16609,0.2867153493469316
16610,0.3014683375977197
16611,0.2785986144783146
16612,0.2838260011077849
16613,0.2830609008100184
16614,0.2814821311683239
16615,0.2793854246859928
16616,0.2742214661326382
16617,0.2836595339727828
16618,0.287170282336895
16619,0.2840045141535248
16620,0.2798515093629781
16621,0.2839492047600059
16622,0.2847738534553515
16623,0.2825904839142253
16624,0.2828799178768492
16625,0.2913571570048996
16626,0.2910077312380223
16627,0.2902422698105835
16628,0.2829521157171283
16629,0.2875216907332024
16630,0.2774486274739789
16631,0.2724470201687899
16632,0.2710557374662851
16633,0.2789826752262063
16634,0.2752468225069971
16635,0.2762075164044807
16636,0.2797112189051782
16637,0.2865133904424768
16638,0.2868574545110956
16639,0.2823071846141457
16640,0.2787514142609115
16641,0.2780424909620509
16642,0.2819622833013497
16643,0.2841092825767986
16644,0.2838470360186481
16645,0.2792029475200225
16646,0.2829333455352435
16647,0.2754023058548513
16648,0.2784871323465476
16649,0.2815170078989289
16650,0.2792507982782445
16651,0.2910697513190129
16652,0.2771825795704924
16653,0.2829519356427139
16654,0.2797067143882933
16655,0.277338183008656
16656,0.283647163177158
16657,0.2772229631998048
16658,0.2705637453244493
16659,0.2819333202120579
16660,0.2837943503643133
16661,0.2861801885240558
16662,0.2806347253298092
16663,0.284331981436558
16664,0.28165373863904
16665,0.2721286881103151
16666,0.2798358992569792
16667,0.2900441085034559
16668,0.2840193195290562
16669,0.2771036680655888
16670,0.2802162559532458
16671,0.2766324347155047
16672,0.2774945063159216
16673,0.2814067396793685
16674,0.2812029180181672
16675,0.2873899746490011
16676,0.2824048089361062
16677,0.2877584072619188
16678,0.2747736811734971
16679,0.2858493179527584
16680,0.284356758610263
16681,0.2889288501549908
16682,0.2908572830709564
16683,0.285506547977888
16684,0.276134452950098
16685,0.286223873556988
16686,0.2842419362598541
16687,0.2742459746600448
16688,0.2786904556759838
16689,0.2797869212673607
16690,0.2754145769938502
16691,0.2896978272724615
16692,0.2858918179803197
16693,0.285990791705715
16694,0.2805154381206511
16695,0.2747826218265745
16696,0.2829828791415071
16697,0.2728319887949523
16698,0.2828049847513081
16699,0.2762186754617466
16700,0.277089350256701
16701,0.277385704209528
16702,0.2747045216063545
16703,0.2758217463570241
16704,0.2769472393367315
16705,0.2805034387181499
16706,0.2849032673315856
16707,0.2885732125026853
16708,0.2689707040016211
16709,0.2801290237874454
16710,0.2767827657314165
16711,0.2828448111550735
16712,0.2835932237039678
16713,0.2786330459801731
16714,0.2750019483280135
16715,0.2769186733701182
16716,0.2848793060323904
16717,0.2835933675730684
16718,0.2899019063549077
16719,0.2840621356898457
16720,0.2797974048000929
16721,0.2882232827778802
16722,0.2897281736441231
16723,0.2845584277424394
16724,0.2794637051120088
16725,0.2887531907487389
16726,0.2753662812803653
16727,0.2755498071057515
16728,0.2867831332698355
16729,0.2796363496159065
16730,0.2767048834693789
16731,0.2778184674922994
16732,0.2756638430863724
16733,0.2776966443080767
16734,0.2840987398410167
16735,0.2733879455820933
16736,0.2818162943086141
16737,0.2761421705941485
16738,0.2808895984258939
16739,0.2802654217593218
16740,0.2688583477077084
16741,0.2800497125463288
16742,0.275691352392313
16743,0.2890969774212845
16744,0.2785245536898375
16745,0.2820581743624094
16746,0.2865403777045175
16747,0.280253112708391
16748,0.2850979415421621
16749,0.2838393988533569
16750,0.2702071544740575
16751,0.2807875692094116
16752,0.2734803359283493
16753,0.2712109527552749
16754,0.2855594734926638
16755,0.2763638314524097
16756,0.2775361686611735
16757,0.2735206505525442
16758,0.2839627844461763
16759,0.2779940832434018
16760,0.2803769208656458
16761,0.2810003668582854
16762,0.2757037727715704
16763,0.283215735614764
16764,0.2778332232723071
16765,0.2817317664032142
16766,0.2825908628613286
16767,0.2815554004493604
16768,0.2772180819704691
16769,0.2865227672278361
16770,0.2880289884779385
16771,0.286610724965252
16772,0.2900159587467591
16773,0.2894902747228598
16774,0.2843264230710696
16775,0.288930064176382
16776,0.2849548921770069
16777,0.2881722772104426
16778,0.2908500028159062
16779,0.2769251324600271
16780,0.2879265511732229
16781,0.2713903593149698
16782,0.28800574079045
16783,0.2850097378028505
16784,0.2885981440432321
16785,0.2820165289251539
16786,0.2720433849043362
16787,0.2768412396928686
16788,0.2881661261257503
16789,0.2748777520310738
16790,0.2890459864455062
16791,0.2824178955424847
16792,0.2745268653137762
16793,0.2760365901626546
16794,0.2853852792920757
16795,0.283857970991118
16796,0.291466988575975
16797,0.2864772311485917
16798,0.2806624681273114
16799,0.2854929062460677
16800,0.2850383623157396
16801,0.268981390961401
16802,0.2768991850850269
16803,0.2827805765458523
16804,0.2840261256166869
16805,0.2839211224764118
16806,0.2812853177329704
16807,0.2780991717915265
16808,0.2849666093817434
16809,0.2722560641825546
16810,0.2721179624021996
16811,0.2863361089496527
16812,0.2848946158824683
16813,0.2861809425172416
16814,0.2842135455447424
16815,0.2821424176281561
16816,0.2856970814014155
16817,0.2821876684372021
16818,0.2884256086093253
16819,0.2928207571902887
16820,0.2861298355305361
16821,0.2838797703043171
16822,0.2837217446631341
16823,0.2798739120380025
16824,0.2902350103375009
16825,0.2773261448702545
16826,0.2840195191866064
16827,0.2827414127032942
16828,0.2727541538362729
16829,0.278512670494957
16830,0.2819032621463265
16831,0.2692258446954419
16832,0.2821416226739249
16833,0.2809453823623685
16834,0.2870635701926894
16835,0.283931933776575
16836,0.2790064576854126
16837,0.2894686811479834
16838,0.2829787876800074
16839,0.2861648298805291
16840,0.2862073358096508
16841,0.2925719415332996
16842,0.2983477327718704
16843,0.2886442841499043
16844,0.2848256669612816
16845,0.2881568801260275
16846,0.2767326358058339
16847,0.2907018394607379
16848,0.2819968162140277
16849,0.2839748195656862
16850,0.2774638810876156
16851,0.2901492176215638
16852,0.2825603077595935
16853,0.284334529757333
16854,0.2750096508618254
16855,0.2880717984047094
16856,0.2881408636542183
16857,0.2730706993721056
16858,0.2757321623263553
16859,0.2811255812459649
16860,0.2824287233267055
16861,0.2801383069606198
16862,0.2812986536613867
16863,0.2858751992085761
16864,0.2910773882433503
16865,0.2904970181590741
16866,0.2827924849452326
16867,0.2838126266914826
16868,0.2817919001824974
16869,0.2790189577330505
16870,0.2832724162721702
16871,0.2784107278866334
16872,0.2881458882548145
16873,0.2901943866606515
16874,0.2833925600455826
16875,0.2856367195826617
16876,0.2858123202126127
16877,0.2830986133091691
16878,0.2852841626824344
16879,0.2877305008778971
16880,0.2749004697720469
16881,0.2810764919853595
16882,0.2802398180684119
16883,0.280308339192832
16884,0.2732079760975516
16885,0.2763060393050297
16886,0.2770023499195755
16887,0.2856845058718034
16888,0.2761508962582673
16889,0.2710736821034787
16890,0.2800937620106224
16891,0.2673290295729087
16892,0.2850500290619463
16893,0.2918717512152079
16894,0.2796712278030369
16895,0.2822932767497876
16896,0.2805919672626174
16897,0.2833673913404071
16898,0.2860940564651095
16899,0.2809528440697591
16900,0.2782179635605892
16901,0.2767900904622334
16902,0.2922830540063537
16903,0.2819867346271019
16904,0.2840432522265849
16905,0.2723349160959837
16906,0.2904536132865497
16907,0.2878755213741233
16908,0.2812393952286453
16909,0.2760356169814988
16910,0.2929588466151629
16911,0.2764004993055352
16912,0.2792454127050533
16913,0.2780268224036952
16914,0.2861957086763967
16915,0.2775229574371518
16916,0.2774298899017915
16917,0.2825820540522017
16918,0.2805519342765223
16919,0.2850106996357117
16920,0.2834603914251893
16921,0.2854044078184458
16922,0.288948049519945
16923,0.2773568058165812
16924,0.2814615000085916
16925,0.2756038166770545
16926,0.2918666599301799
16927,0.2875366551263852
16928,0.285037711359965
16929,0.2893798542342007
16930,0.2857320887924032
16931,0.283441101465064
16932,0.2818321286231717
16933,0.2788825736389475
16934,0.280243281017029
16935,0.2760171759862423
16936,0.2847672739520021
16937,0.2855003272318372
16938,0.2826952352330585
16939,0.287414853871087
16940,0.2773504750758244
16941,0.271650521057852
16942,0.2794548563123371
16943,0.2799836031725561
16944,0.2916110001034838
16945,0.2845200436748817
16946,0.2820106440434163
16947,0.2843202910734351
16948,0.2816998909830618
16949,0.2819883983326967
16950,0.2746178594260756
16951,0.2796137790221973
16952,0.2794489677337477
16953,0.2797339579465835
16954,0.2832824840532134
16955,0.2728712213460152
16956,0.2757852190500381
16957,0.2811064032247356
16958,0.2860611396146856
16959,0.2935859748450359
16960,0.2872720020002963
16961,0.2807239093414936
16962,0.2801501023578425
16963,0.2871287252966086
16964,0.2801198375650766
16965,0.2877033833202018
16966,0.2772360939849415
16967,0.279748682336596
16968,0.2769127987151932
16969,0.2850069760207732
16970,0.2855715118108774
16971,0.2880810441079239
16972,0.2822469629440672
16973,0.2839884033012682
16974,0.2850765280554878
16975,0.2835797429331684
16976,0.2798819194579851
16977,0.278548969889952
16978,0.2788726942087889
16979,0.276460798542559
16980,0.2862090564087156
16981,0.2820559928841865
16982,0.2827518028750527
16983,0.2877867508238892
16984,0.2828266547849242
16985,0.2853375198627796
16986,0.277809490790935
16987,0.2848915762038077
16988,0.2895126527565766
16989,0.2713357545206641
16990,0.2850316118977401
16991,0.2767702361926724
16992,0.2760346862754486
16993,0.2887335657801799
16994,0.2874202393178659
16995,0.2763821003670966
16996,0.2850406755472417
16997,0.2767849405267727
16998,0.2721359950752893
16999,0.2849469795742108
17000,0.27132527343115
17001,0.2740422592061524
17002,0.2712972500130772
17003,0.2862548560788125
17004,0.2746024651455952
17005,0.2736610355215978
17006,0.2864925480102946
17007,0.2855895757483974
17008,0.2773378111539065
17009,0.2824088977731419
17010,0.2718050264537946
17011,0.2843776150623096
17012,0.2767175795370738
17013,0.2871956255767544
17014,0.2872694659235953
17015,0.2859625616342613
17016,0.2819290383756022
17017,0.2762500975410635
17018,0.2873614193528403
17019,0.2920016871436673
17020,0.2874951133058105
17021,0.2807031575140142
17022,0.2862400849460423
17023,0.2756925584193098
17024,0.2806165749684567
17025,0.2832104142701845
17026,0.2785625711983903
17027,0.285437609919473
17028,0.2850818318777386
17029,0.2862875774812242
17030,0.2793149825754624
17031,0.2917148997666713
17032,0.2906292229890464
17033,0.2902606241860357
17034,0.2760370987233482
17035,0.2755656892096187
17036,0.2769150035480798
17037,0.2786020027860967
17038,0.2754623743389849
17039,0.2887079224553616
17040,0.2871128569408497
17041,0.2829076935957915
17042,0.2708892729621605
17043,0.2686781259504227
17044,0.267764528284913
17045,0.2762922526965274
17046,0.2770802273980805
17047,0.2630323127605745
17048,0.2787634121048199
17049,0.2746878671539816
17050,0.2762802612220272
17051,0.2755836494399838
17052,0.2822990835073745
17053,0.2887744963115236
17054,0.2704927161173871
17055,0.2689249496884099
17056,0.2783190309612295
17057,0.2784826388040313
17058,0.2820546996157043
17059,0.2737948012287765
17060,0.2837937719040716
17061,0.2807487157060491
17062,0.2832030642893102
17063,0.2746602255119423
17064,0.278597643828374
17065,0.2818681186937725
17066,0.2799882343557868
17067,0.2786145473612932
17068,0.2803308730452772
17069,0.2737065857534673
17070,0.2779832016494286
17071,0.2842821702267232
17072,0.2760798123544185
17073,0.2792220453503866
17074,0.2836007581053674
17075,0.2869854411347764
17076,0.2745860658532549
17077,0.2731155253444227
17078,0.285160951519756
17079,0.2721638637809466
17080,0.2723526193893858
17081,0.2720409919750303
17082,0.2738402732505597
17083,0.269399389652988
17084,0.2741774657951143
17085,0.2825252897036784
17086,0.2820965612240519
17087,0.2747098313342655
17088,0.2821762920506478
17089,0.2775075678365368
17090,0.2738789640608307
17091,0.2739550548631213
17092,0.2841233308196928
17093,0.2815774385912146
17094,0.2847919642686337
17095,0.2857780922137476
17096,0.2800923730551557
17097,0.2778450541568822
17098,0.2782221694835489
17099,0.2802262401584245
17100,0.2726790563160935
17101,0.277607305059358
17102,0.2764404988313102
17103,0.2703508300682631
17104,0.2671998425387574
17105,0.2865259679586253
17106,0.2722215683234507
17107,0.2772342448112302
17108,0.2756906267059316
17109,0.2723763365346985
17110,0.2856797868451784
17111,0.2736253582009719
17112,0.2878960128584462
17113,0.2775992255534101
17114,0.2817743392933252
17115,0.2758549213957386
17116,0.2778651396845782
17117,0.2821910966815355
17118,0.2764203169949671
17119,0.2771152209170763
17120,0.2855931697288962
17121,0.2828161822160619
17122,0.2890770440874327
17123,0.284409260788809
17124,0.2744405927226689
17125,0.277998292802362
17126,0.2849167827320489
17127,0.2827917371594115
17128,0.2810266496741926
17129,0.2805378977995075
17130,0.2812896150558239
17131,0.2821204183792131
17132,0.3000805975021435
17133,0.2773801800218702
17134,0.2757696357664568
17135,0.2849348770337511
17136,0.2764527512354027
17137,0.2766645906310405
17138,0.279706876244558
17139,0.2696331827954552
17140,0.2796164354801323
17141,0.2861819207476341
17142,0.2769304724433685
17143,0.2887959862304179
17144,0.2748998285150738
17145,0.2723145247152477
17146,0.2874740803698901
17147,0.2877883172583922
17148,0.2806076813545032
17149,0.2741753810669641
17150,0.2713438544030895
17151,0.2772003442518321
17152,0.2848543531503048
17153,0.2788075377196271
17154,0.2817189494465991
17155,0.2855812547252604
17156,0.2815889239230468
17157,0.275559023892895
17158,0.2822040694457873
17159,0.2866317226847781
17160,0.2774596853403076
17161,0.2738603103408468
17162,0.2857389508775327
17163,0.2769508099502692
17164,0.2799419373807015
17165,0.2780849571093325
17166,0.2816378873162307
17167,0.2773259853310197
17168,0.2841518086733779
17169,0.2762504001956561
17170,0.2784572498073818
17171,0.2852800330021603
17172,0.2810691648076918
17173,0.2856876461096559
17174,0.2755190903831778
17175,0.276517178626332
17176,0.2813132631601416
17177,0.280938182995252
17178,0.2811193912451904
17179,0.2741482965779455
17180,0.2868168516361959
17181,0.2725723024972835
17182,0.2801475310703726
17183,0.2774766926572017
17184,0.2838245878536647
17185,0.2836485395141125
17186,0.2801642602005977
17187,0.277420150198195
17188,0.2728171852486313
17189,0.2816080871741138
17190,0.2880682381078815
17191,0.2806709270409303
17192,0.2731833372726907
17193,0.2705008068039883
17194,0.2754955029089254
17195,0.2829882522793244
17196,0.2671423366515463
17197,0.2890243564053101
17198,0.2820294909041919
17199,0.2802806123173934
17200,0.2820896622112027
17201,0.2741221413430838
17202,0.2796650249416966
17203,0.2768766084068892
17204,0.2751804197139355
17205,0.2794391837142564
17206,0.2850834667860753
17207,0.2786275158384554
17208,0.2793639259427347
17209,0.2807296448605069
17210,0.2806625574457101
17211,0.280571457710414
17212,0.2732841226210125
17213,0.2724656307771859
17214,0.2778704307391353
17215,0.2820403488429454
17216,0.2834618983208193
17217,0.2775765011274542
17218,0.2761030684730314
17219,0.2742148982988536
17220,0.2696061665342202
17221,0.2848267172152146
17222,0.2870365289446012
17223,0.2842712942442942
17224,0.2909909921419769
17225,0.2862327756058109
17226,0.2827402291299045
17227,0.2821416060862189
17228,0.2850639059757506
17229,0.2780623580535657
17230,0.2754191769691901
17231,0.2817193274346849
17232,0.2795414343011449
17233,0.2787327043447228
17234,0.2801909709594565
17235,0.2740709585244885
17236,0.2749232905657615
17237,0.2689373773598192
17238,0.2709731241557385
17239,0.2771074638499209
17240,0.2780623394361347
17241,0.2810515319923645
17242,0.2787487138811374
17243,0.2717215211446984
17244,0.2765254931007359
17245,0.2785987888410237
17246,0.279439749025369
17247,0.2844998958903015
17248,0.2835714316947498
17249,0.2796431580612262
17250,0.2775344975778515
17251,0.2700779363075588
17252,0.2786070760576624
17253,0.2713202806122209
17254,0.2832468636939474
17255,0.2774919414665608
17256,0.276877239129892
17257,0.2721135818795701
17258,0.281738057307034
17259,0.2851999773113081
17260,0.2722571910609387
17261,0.2769364406743906
17262,0.2704763610129871
17263,0.2720560270622794
17264,0.2774269427946658
17265,0.2785904987398362
17266,0.2792028857604653
17267,0.2750483102446492
17268,0.2725286737172743
17269,0.292442041324529
17270,0.2732437452414029
17271,0.2714708945387664
17272,0.2733763776879396
17273,0.2715863594583426
17274,0.2676952060399123
17275,0.2735220657881881
17276,0.2761000191516214
17277,0.2721773548591064
17278,0.2733500843819848
17279,0.278202606667461
17280,0.2695109335168247
17281,0.2793888494687516
17282,0.2723544371623068
17283,0.272559754031152
17284,0.2796524174380761
17285,0.2735845820306418
17286,0.2655039047725424
17287,0.2697461207258215
17288,0.2802902003898752
17289,0.2665172733405566
17290,0.2772121401519321
17291,0.2735966888269341
17292,0.2731846127334262
17293,0.2766378171797748
17294,0.266947357269279
17295,0.2663501775426307
17296,0.273955389029382
17297,0.2768464964756708
17298,0.2751291384400186
17299,0.2773892894993982
17300,0.2732308783180274
17301,0.2721393208897588
17302,0.2790304640670477
17303,0.2763326600913172
17304,0.2726782344559404
17305,0.2720542080229088
17306,0.2871490760667883
17307,0.2796018402868926
17308,0.2772349789687204
17309,0.282666944190773
17310,0.272671151855927
17311,0.2770646440619855
17312,0.2769128052849411
17313,0.2742142860954799
17314,0.2715024392258681
17315,0.2793757350208881
17316,0.280454648362543
17317,0.2713989339788153
17318,0.2734153522518581
17319,0.2654591502010567
17320,0.2780964007777799
17321,0.2728139530399783
17322,0.2826265797057232
17323,0.2741321254232984
17324,0.2813602096096071
17325,0.2772156253647403
17326,0.2775767566285024
17327,0.2839968656373465
17328,0.2700251212873997
17329,0.2819058723523763
17330,0.2727693374505236
17331,0.2719898789873997
17332,0.2751270766362787
17333,0.2808561913977475
17334,0.2733805519926224
17335,0.2744918616817851
17336,0.2737607954900379
17337,0.2782436533759571
17338,0.2750479290385297
17339,0.2752470572143086
17340,0.2758363477691253
17341,0.2700410396104792
17342,0.2802637145102531
17343,0.2747720675968334
17344,0.2725459712670353
17345,0.2725234680396941
17346,0.2770276910020264
17347,0.2712715023331724
17348,0.2785752936114045
17349,0.2847840625760434
17350,0.2713647448995429
17351,0.2745083130294523
17352,0.2756293867831851
17353,0.2802798923848976
17354,0.2778835127626373
17355,0.2757404765420649
17356,0.27877878303868
17357,0.2773999647709276
17358,0.2801564685580016
17359,0.2700820281257886
17360,0.2748086956194946
17361,0.2703843125310447
17362,0.278172454043917
17363,0.2779665582717301
17364,0.2733914768876926
17365,0.2833272642342497
17366,0.2849157563830388
17367,0.2766210475207848
17368,0.2784062993436255
17369,0.2741464322024513
17370,0.2718992624250843
17371,0.2694367233694844
17372,0.2737633353169244
17373,0.2726503909359948
17374,0.2768902705314467
17375,0.2777332626362683
17376,0.2810104727764807
17377,0.271518063706108
17378,0.2707487649155846
17379,0.2748025699811667
17380,0.277181304044391
17381,0.2768589966816006
17382,0.2863664445065841
17383,0.2799684107472016
17384,0.2705268548765805
17385,0.2723105977932306
17386,0.2774787772943132
17387,0.2737680936925445
17388,0.2795364229042633
17389,0.2705566308334962
17390,0.2815238898685758
17391,0.2802456220699024
17392,0.2811697752844301
17393,0.2663312134195885
17394,0.2706512200218965
17395,0.2819105705379609
17396,0.2775616925896151
17397,0.2788501139073991
17398,0.2752747570257601
17399,0.2812767948803104
17400,0.2796807403571073
17401,0.2903364809384154
17402,0.2772934846126663
17403,0.2867025293477221
17404,0.2755478232998335
17405,0.2820301949238976
17406,0.2770711042268341
17407,0.2726113345918687
17408,0.2755048998376603
17409,0.2675300075232694
17410,0.2822011917716447
17411,0.2814562994876167
17412,0.2775374294406235
17413,0.2751219257354301
17414,0.2735564432339332
17415,0.2754435516555042
17416,0.2816744354609308
17417,0.2756003427580215
17418,0.2702323974832133
17419,0.2719832848488046
17420,0.2721300039979663
17421,0.2708869412343693
17422,0.2685786923600145
17423,0.2654520867903527
17424,0.2736467551645835
17425,0.2762214001647199
17426,0.2778857580709525
17427,0.2755644293194845
17428,0.2624891780602265
17429,0.2653571395299655
17430,0.2760089198083069
17431,0.2796960267728349
17432,0.273922979040758
17433,0.2789277785785971
17434,0.2831634453667749
17435,0.2722011189198248
17436,0.2655206685051378
17437,0.2806652569491029
17438,0.2668740971645703
17439,0.285655121391773
17440,0.2708375938486693
17441,0.2676124659698402
17442,0.2726355811252433
17443,0.2757654973081111
17444,0.2859694875089859
17445,0.2802460049211119
17446,0.2859524992520493
17447,0.2830692238255446
17448,0.2842159255845271
17449,0.2789508513656903
17450,0.2674089559586237
17451,0.2757399414106463
17452,0.2779595405596344
17453,0.2676892058923704
17454,0.2745070481640537
17455,0.2741632237956785
17456,0.2671070076983386
17457,0.2792726507395996
17458,0.2742186164493714
17459,0.2690571868763518
17460,0.2791861758788752
17461,0.2748280455129705
17462,0.2731660030011101
17463,0.2703155619603265
17464,0.2754847583379131
17465,0.2788753957393736
17466,0.2781533755359082
17467,0.2796344163697962
17468,0.2732832068714495
17469,0.2676928260442328
17470,0.273338129684551
17471,0.2712294148236457
17472,0.2780861313456204
17473,0.2723446425574563
17474,0.2745504428755285
17475,0.2723906916810959
17476,0.2755538136784467
17477,0.2745310858828417
17478,0.2749179293684663
17479,0.270252406796568
17480,0.2697131833456819
17481,0.2759620066008683
17482,0.2743906821743598
17483,0.2735064426358787
17484,0.2687696939491333
17485,0.286630727821782
17486,0.2757830362683558
17487,0.2786961306345835
17488,0.2784118065481469
17489,0.2791377852285754
17490,0.2705185289317321
17491,0.2803115939851645
17492,0.2736404890624492
17493,0.2770747093283701
17494,0.2810963227909475
17495,0.273553025879664
17496,0.2694645317361363
17497,0.2783263970186516
17498,0.276358818596086
17499,0.2812752041366873
17500,0.2752474536839271
17501,0.2727443559497391
17502,0.268712416279213
17503,0.2771499292352751
17504,0.2759155321171475
17505,0.2741886483982536
17506,0.273126228366938
17507,0.2778932018328577
17508,0.2790561674481377
17509,0.2720672458999079
17510,0.2819051412171053
17511,0.2666331813470706
17512,0.2767643581630375
17513,0.2797085816047758
17514,0.2707209558384064
17515,0.2834467778419975
17516,0.273298605571269
17517,0.2817959474991556
17518,0.2787160863469705
17519,0.2681209506978609
17520,0.2826485713268257
17521,0.2743784754727388
17522,0.2729973172262631
17523,0.2762802984023093
17524,0.2831614655270353
17525,0.2748020691309188
17526,0.2759270735606255
17527,0.274396877633876
17528,0.2744070633336304
17529,0.2680730522117489
17530,0.285067992085078
17531,0.2793118309064957
17532,0.2726016247565151
17533,0.2731056586289756
17534,0.278697451625418
17535,0.2824174848606356
17536,0.2794170305828675
17537,0.2800255111012548
17538,0.2837988198726217
17539,0.2875847227127716
17540,0.2746445968799379
17541,0.2750221119955379
17542,0.2770564421708649
17543,0.2674631335838767
17544,0.2820145918384856
17545,0.2823178907144679
17546,0.2766849818190035
17547,0.2684489825759119
17548,0.2802933681885098
17549,0.2744648140169912
17550,0.2828636985747991
17551,0.2772225921092039
17552,0.2786129509264293
17553,0.2713107465280788
17554,0.2780897511672895
17555,0.2680099556875785
17556,0.2720908867698169
17557,0.2703431930867244
17558,0.2839611812072841
17559,0.2667859204725855
17560,0.266741482647889
17561,0.2715553290884158
17562,0.273385999721613
17563,0.2741319977318475
17564,0.2773291122025434
17565,0.2760638914235456
17566,0.2798481326742462
17567,0.2744740750772878
17568,0.269544102483716
17569,0.2725403967083549
17570,0.2849653407586045
17571,0.2773628461316624
17572,0.2716507992105724
17573,0.2827314020429219
17574,0.2691797675533512
17575,0.2749130905101984
17576,0.2730044394838636
17577,0.2707300302054891
17578,0.2762819274638043
17579,0.2719875906300745
17580,0.270019191857139
17581,0.2735222575493232
17582,0.27203947244529
17583,0.2796045862748655
17584,0.2713026710439371
17585,0.2814206788932695
17586,0.2746238683826278
17587,0.2797791530217814
17588,0.2685229936465905
17589,0.2708468703338649
17590,0.2698997393522246
17591,0.277793097457259
17592,0.2739648883217627
17593,0.2658492906005123
17594,0.2738792559642233
17595,0.2623346012800354
17596,0.2714927703982941
17597,0.2779024858733467
17598,0.2733109180759244
17599,0.2709357887688967
17600,0.2635081740229074
17601,0.2640049555145917
17602,0.275046285303341
17603,0.2674412293611656
17604,0.2697047306342681
17605,0.2684777366557191
17606,0.2784488627411981
17607,0.2734866267091117
17608,0.2690450898332132
17609,0.2762148128616377
17610,0.2721177724742258
17611,0.2763085496939264
17612,0.2818333850023919
17613,0.2727461086198811
17614,0.2741047859197252
17615,0.2568253673539341
17616,0.2728363820151456
17617,0.274100109947742
17618,0.2741308548826941
17619,0.273364983155398
17620,0.2760396621492866
17621,0.2797300561621911
17622,0.2760633675892732
17623,0.2757772662650861
17624,0.2694786689937973
17625,0.2758176172396013
17626,0.2750233442019408
17627,0.2748571378381335
17628,0.2759556422700936
17629,0.2698145035011224
17630,0.274618550405797
17631,0.2695958636251904
17632,0.2664782542509186
17633,0.2725653472822905
17634,0.2804261717335697
17635,0.2743609898524546
17636,0.2734963920480595
17637,0.2770511415918066
17638,0.2769912250579403
17639,0.267936879076574
17640,0.2641441195720382
17641,0.2630439318777554
17642,0.2721587599976297
17643,0.2729608673878337
17644,0.2769947562636249
17645,0.2713229659447085
17646,0.2795438768243783
17647,0.2700101317210972
17648,0.2744733010280943
17649,0.2749532254483896
17650,0.2637455219523518
17651,0.2662020647264653
17652,0.2668804323246492
17653,0.2737107899064563
17654,0.2636580520674179
17655,0.2755546153724436
17656,0.2742817467851286
17657,0.2794330920077303
17658,0.2710963582098732
17659,0.2702986052063192
17660,0.2716095453610104
17661,0.2660030453722479
17662,0.2662055240368214
17663,0.2674407327047174
17664,0.2703409061314417
17665,0.267781770338198
17666,0.2716991344333408
17667,0.2745455261873356
17668,0.2695809034695787
17669,0.2751812796002507
17670,0.282395133100472
17671,0.274595008593883
17672,0.2760567450588631
17673,0.2728864769782083
17674,0.2745992039332054
17675,0.2774432520483589
17676,0.2761290229987052
17677,0.273291465179515
17678,0.2642139235625241
17679,0.2739995291322704
17680,0.2734712060971431
17681,0.269012309445487
17682,0.267051939144645
17683,0.2712902790513702
17684,0.2553650040391529
17685,0.2774317140398933
17686,0.2761141675174148
17687,0.2729216190193129
17688,0.2709174973708129
17689,0.2764661988387919
17690,0.2723152013722614
17691,0.274724186141169
17692,0.2759098050700974
17693,0.2805917378768165
17694,0.282129559331304
17695,0.2846423030648241
17696,0.278907056404601
17697,0.2645412240049902
17698,0.2694342170155708
17699,0.2711873781684565
17700,0.2735513584128061
17701,0.2831381330972249
17702,0.2745232660714669
17703,0.2745852691147771
17704,0.2625997151628386
17705,0.2725047899774443
17706,0.2657089752577921
17707,0.265941489216114
17708,0.26729692220443
17709,0.2711249395573891
17710,0.267608991195263
17711,0.2641234487307989
17712,0.2706105098334058
17713,0.2751969562673618
17714,0.2626746331765328
17715,0.263633497476643
17716,0.2702961020293139
17717,0.2690792346721202
17718,0.2841389748331532
17719,0.2787415438377112
17720,0.2867319281304898
17721,0.2754460816832704
17722,0.2700601080458469
17723,0.2741813213833009
17724,0.2734837483924521
17725,0.2696783307523951
17726,0.2677548261730777
17727,0.2705280264535464
17728,0.2706324460628122
17729,0.2694528937236554
17730,0.2705977142249779
17731,0.274576730085324
17732,0.2720139097859617
17733,0.27408828916586
17734,0.2788501415742481
17735,0.2766500727885601
17736,0.2680715122786845
17737,0.271336285428122
17738,0.2740142977667491
17739,0.2675558668824413
17740,0.274420428133758
17741,0.2756250368626728
17742,0.2703442219738406
17743,0.2759920361278096
17744,0.2767656374347868
17745,0.2711340878842933
17746,0.2798474909560121
17747,0.2750294107925198
17748,0.2735923632578985
17749,0.2715222113429735
17750,0.2706300680424678
17751,0.2724226211631975
17752,0.2674632067285679
17753,0.2760871620496508
17754,0.2785103928647803
17755,0.2769802991736737
17756,0.2845137236391256
17757,0.266055641731524
17758,0.2798056277686968
17759,0.2763629686109103
17760,0.2763270203653984
17761,0.277666858159478
17762,0.2746170915930702
17763,0.2654319323776659
17764,0.27628488273763
17765,0.2764704851203262
17766,0.2746731711835745
17767,0.2701630150914817
17768,0.2750679239491606
17769,0.2712948217731136
17770,0.2644269653033406
17771,0.2691400616262626
17772,0.280716543471431
17773,0.2672893153047662
17774,0.2724014126153762
17775,0.2632704991922755
17776,0.2703843492052967
17777,0.2665443705004111
17778,0.2591955967364636
17779,0.266953096099024
17780,0.2764907235782385
17781,0.2753647766873577
17782,0.2726401900035282
17783,0.274380859702749
17784,0.2765522277560335
17785,0.2713506203803817
17786,0.2749701658043503
17787,0.2797401086319877
17788,0.2800543177028996
17789,0.2754601902405227
17790,0.2702640038742568
17791,0.2686028904201508
17792,0.2737758362892879
17793,0.2758576644358542
17794,0.2765238888814882
17795,0.275614640667732
17796,0.2761157037611125
17797,0.2805915823096347
17798,0.2665771372069234
17799,0.2782653228960226
17800,0.2691064667992798
17801,0.2747136282339816
17802,0.2722406542571189
17803,0.2705832336282668
17804,0.2744802698611879
17805,0.2753814819327831
17806,0.2751057711865107
17807,0.2745710039384547
17808,0.27621064955262
17809,0.2698737161259464
17810,0.2797916790050967
17811,0.2688245587419807
17812,0.2704986402985082
17813,0.2705336884012566
17814,0.2649369715282281
17815,0.2777125547134307
17816,0.2685329109098617
17817,0.2782064975191906
17818,0.2791373716082185
17819,0.2790702856180846
17820,0.276582699997025
17821,0.2751679091387741
17822,0.2712124538540038
17823,0.2806053989325321
17824,0.2751617219814153
17825,0.2728355063619327
17826,0.2711684316560909
17827,0.2753558026155063
17828,0.2663712213271784
17829,0.2741253140111381
17830,0.2632621245692823
17831,0.2699838725472011
17832,0.2745108605855725
17833,0.2786325405707723
17834,0.2666918192195643
17835,0.2824299774248976
17836,0.2735023644162014
17837,0.2819950224463396
17838,0.2758271033754017
17839,0.2617601277310776
17840,0.2613204503907621
17841,0.2799056592751748
17842,0.2749159563826475
17843,0.2739642522572039
17844,0.2806835996366629
17845,0.27496398005162
17846,0.2711549662370563
17847,0.2717790857630313
17848,0.278787893317004
17849,0.2724001493690543
17850,0.2743099069138488
17851,0.2740272822944892
17852,0.2715361060121901
17853,0.2706729348385905
17854,0.2729200588548419
17855,0.2668415816890223
17856,0.2749099683453971
17857,0.2710551854711216
17858,0.2790742474363579
17859,0.2808397078675212
17860,0.267211003794997
17861,0.2768583888863187
17862,0.2827262163738376
17863,0.276563095311881
17864,0.268609815694639
17865,0.2720898722861812
17866,0.2751083270325983
17867,0.2655851992933425
17868,0.283429385868959
17869,0.2854217833037072
17870,0.2748032521981203
17871,0.2855309467527011
17872,0.2786297392708493
17873,0.2884673318094838
17874,0.2753133755051065
17875,0.2809531014536557
17876,0.2778139240038171
17877,0.2840594382419309
17878,0.2795911166497519
17879,0.277438300553841
17880,0.2700993604156737
17881,0.2777055877801522
17882,0.2752616535285318
17883,0.2689762783164102
17884,0.2755010223859651
17885,0.2783353351016283
17886,0.2771585371260693
17887,0.2728808152084967
17888,0.2697521737828067
17889,0.2743567464212549
17890,0.2748744630315083
17891,0.2685449131865126
17892,0.2614832753915432
17893,0.2717834919140305
17894,0.273340427815956
17895,0.2660291483318204
17896,0.2830234154121877
17897,0.2729941624189333
17898,0.2708906005729419
17899,0.2703970622636705
17900,0.2748650451313637
17901,0.2688280508841811
17902,0.2678498945649249
17903,0.2713018760958036
17904,0.2806248011852784
17905,0.2705232728170623
17906,0.2596766702004934
17907,0.2780612644289109
17908,0.270817392815028
17909,0.2688284991393324
17910,0.2737512023498562
17911,0.2740014759540448
17912,0.27363075877753
17913,0.2807762207450745
17914,0.2750127337069548
17915,0.2731958877674026
17916,0.2742703110015366
17917,0.2827346821602356
17918,0.2741240159262291
17919,0.2715587606983264
17920,0.2828469525950986
17921,0.2766788160857711
17922,0.2740979895591252
17923,0.2739782732803773
17924,0.2756426060944615
17925,0.2719687936076137
17926,0.2715970356888859
17927,0.2755115974910632
17928,0.2608691316764094
17929,0.2670024181027177
17930,0.2799899057627718
17931,0.2732248777532348
17932,0.2759961526640316
17933,0.2847816500145294
17934,0.2723919725767024
17935,0.269830495314474
17936,0.2627351724008644
17937,0.2726153299955376
17938,0.2735584700144992
17939,0.2687918424481255
17940,0.2733414784734713
17941,0.2709605631764032
17942,0.2755824524368228
17943,0.2753774636448811
17944,0.282733137455779
17945,0.2713721413315055
17946,0.2781123876568598
17947,0.2751822103427926
17948,0.2732862061841324
17949,0.2695432330684187
17950,0.2766167097752108
17951,0.2710115540959907
17952,0.275769575017866
17953,0.2809287413667596
17954,0.2773895389602912
17955,0.2729449276423208
17956,0.2808019337321243
17957,0.2730135916871074
17958,0.2747533803584914
17959,0.2688548533954895
17960,0.2757981915566034
17961,0.2789831443411669
17962,0.2744993132677717
17963,0.2726025914740115
17964,0.2727209941590969
17965,0.2723190785092011
17966,0.2661666997742907
17967,0.2726874590485456
17968,0.2652093052182483
17969,0.2706216697726004
17970,0.2723725863380817
17971,0.2827546188674859
17972,0.2690481525466124
17973,0.2658562375859246
17974,0.2638428161904562
17975,0.2608650050994568
17976,0.2688247881621128
17977,0.279650287098344
17978,0.2805470517165851
17979,0.2670967527114684
17980,0.2766362563658935
17981,0.2814694399855054
17982,0.2853252025235223
17983,0.2808449210856076
17984,0.2820167448194361
17985,0.2741632081274709
17986,0.2732313166422055
17987,0.271661334042873
17988,0.2743072929183308
17989,0.2631987832938512
17990,0.2722229734120637
17991,0.2768626440506012
17992,0.2743115490167259
17993,0.2689519252563918
17994,0.2721825151300179
17995,0.2694444628326045
17996,0.2621944890325345
17997,0.2691989943390742
17998,0.2837340044341794
17999,0.2760018358924313
18000,0.2703976171496268
18001,0.2939206949624099
18002,0.2725788287885342
18003,0.2667683587516052
18004,0.2739305104497038
18005,0.2692320693843792
18006,0.2677593653832432
18007,0.2680075020880959
18008,0.2734905435564995
18009,0.2697131241958881
18010,0.2790931856147924
18011,0.2777390445421916
18012,0.2684291795107268
18013,0.2727503225523029
18014,0.2685626559595143
18015,0.266286154478886
18016,0.2658748006487505
18017,0.2746740572444335
18018,0.2657097113663116
18019,0.2759640114112495
18020,0.2609621830546066
18021,0.2664975743105761
18022,0.2724611745948248
18023,0.2688090895975647
18024,0.2637436514459733
18025,0.2693621801035046
18026,0.2689860479483564
18027,0.2804891622234033
18028,0.2715720505222664
18029,0.2643231347937139
18030,0.277866167451679
18031,0.2737169801488975
18032,0.2732144148568439
18033,0.2635614101721784
18034,0.2736725321685868
18035,0.2788219342754137
18036,0.2696406681915398
18037,0.2699071660522184
18038,0.2689262908680582
18039,0.2615383501763238
18040,0.2683036966496805
18041,0.2854288631072855
18042,0.2771787300565623
18043,0.2798668609561171
18044,0.2718388035749349
18045,0.2907991675471124
18046,0.2726707645874162
18047,0.2845175209483738
18048,0.2600381117767447
18049,0.26457143605351
18050,0.2669506187356627
18051,0.2635827666724263
18052,0.272153052642521
18053,0.2690875997331947
18054,0.2688325254445709
18055,0.2681774146522463
18056,0.2773992343001258
18057,0.2741520003137316
18058,0.2700758308749163
18059,0.2662863492148725
18060,0.2773033244263874
18061,0.2622752658408713
18062,0.2611273880780628
18063,0.2705291001748148
18064,0.2755156978474424
18065,0.2662350421505043
18066,0.2755147964820313
18067,0.2731052261853419
18068,0.2765877412844137
18069,0.2713451287771043
18070,0.2649589594811539
18071,0.2771471247438529
18072,0.2800715846730245
18073,0.2690116500598343
18074,0.2684830063423054
18075,0.2683930394369905
18076,0.2731375236277905
18077,0.2742650708252573
18078,0.2751761809554128
18079,0.2755383331185053
18080,0.2696687141801872
18081,0.2735200207009742
18082,0.2742776373980677
18083,0.272451682997039
18084,0.271259790294427
18085,0.2767999757748651
18086,0.2712633920612242
18087,0.2748733028939079
18088,0.2757967859605025
18089,0.2738311794690843
18090,0.275771848577255
18091,0.2744097840292527
18092,0.2710416242066611
18093,0.2761389354086539
18094,0.2733119094183718
18095,0.2652242265338602
18096,0.2729238211105421
18097,0.2667362494519458
18098,0.2694887442579221
18099,0.2726613086079452
18100,0.2708753360990896
18101,0.2614566830928123
18102,0.267349921955209
18103,0.2680517018402151
18104,0.2716945643189762
18105,0.2674323446206353
18106,0.2683175273712682
18107,0.2667667719971253
18108,0.2728890303972168
18109,0.2720116259128751
18110,0.2800201703518279
18111,0.2708857215946286
18112,0.2788038594319589
18113,0.2747101687603576
18114,0.2708473473340957
18115,0.2777866188762971
18116,0.2718945662812023
18117,0.2670130496451921
18118,0.2708317172353333
18119,0.2673852947402339
18120,0.2740161571569927
18121,0.2692323343287687
18122,0.2757541197006768
18123,0.2799291063049618
18124,0.2692064939850808
18125,0.2704299413140917
18126,0.2690613862630044
18127,0.2764924005207405
18128,0.2740529174424822
18129,0.2712830659811818
18130,0.2610827147029977
18131,0.2704295325537261
18132,0.2629367455419878
18133,0.2711352069690856
18134,0.2623480312178537
18135,0.2662869959893836
18136,0.2674017612106754
18137,0.2686875924279706
18138,0.2737533027311644
18139,0.2705800196203764
18140,0.2627509821872231
18141,0.2682418171748154
18142,0.2726383965658585
18143,0.2858965642982631
18144,0.265447187687469
18145,0.2730891742820333
18146,0.2762412287565107
18147,0.270209769771272
18148,0.2721811972989777
18149,0.2756541909769197
18150,0.266339001378555
18151,0.2748575973219948
18152,0.268855214985034
18153,0.2698878919987861
18154,0.2654140605570358
18155,0.269759766056291
18156,0.2739352790703945
18157,0.2729239326749483
18158,0.2735754662782749
18159,0.2712224362015361
18160,0.2672250051038861
18161,0.2723892513138395
18162,0.2728527746072272
18163,0.2704529110013335
18164,0.2661468869332505
18165,0.264072706829368
18166,0.2592501857748736
18167,0.2676216092880244
18168,0.269291105456968
18169,0.2695538900430413
18170,0.2767716486617137
18171,0.2727368315318229
18172,0.2747822075535457
18173,0.2794506658571086
18174,0.2714656536196556
18175,0.2677276947916651
18176,0.2689390926438358
18177,0.2820325237004575
18178,0.2774948415266621
18179,0.2828952891241806
18180,0.2802591777483923
18181,0.2736063033908431
18182,0.2685152589312014
18183,0.2764283784891161
18184,0.2680415672153028
18185,0.2685574077776655
18186,0.2760394444793639
18187,0.285898061024632
18188,0.2763312027648639
18189,0.2669344922180141
18190,0.2657185630082452
18191,0.26791421058327
18192,0.2790009174585265
18193,0.2686432736820954
18194,0.2726109655157976
18195,0.2750704474532441
18196,0.2698779025941499
18197,0.2671344547886251
18198,0.2714115899006605
18199,0.2665446236696377
18200,0.2695375788398859
18201,0.2773271783793127
18202,0.271904382701369
18203,0.272321402387835
18204,0.2693352386685678
18205,0.2700443864823198
18206,0.2679158536890282
18207,0.2712141416515669
18208,0.2609215685521701
18209,0.2730512720158984
18210,0.2668710070764242
18211,0.2690002925801981
18212,0.2687849957982325
18213,0.2725686855121065
18214,0.2711101097124586
18215,0.2706136550579918
18216,0.2805405151207831
18217,0.2727641608193604
18218,0.2699084289049142
18219,0.2755305466623537
18220,0.2666753057488183
18221,0.2677419743313191
18222,0.2660034269302065
18223,0.2702276671842626
18224,0.2713179464721759
18225,0.2664687813700177
18226,0.2814428167128652
18227,0.2683273509287852
18228,0.2780103476421725
18229,0.2680845827698817
18230,0.2763413682795897
18231,0.2715008110397792
18232,0.2647114932155729
18233,0.2692674903546181
18234,0.2759844348210506
18235,0.2701374041273368
18236,0.26812630154044
18237,0.2637699253592537
18238,0.2624815671285301
18239,0.264818876820437
18240,0.2726697389883737
18241,0.2648110573838028
18242,0.2874830709635727
18243,0.267965271255022
18244,0.2667346219855716
18245,0.2673083412627433
18246,0.2703234445453064
18247,0.271015477067976
18248,0.276791645870767
18249,0.2667095278479101
18250,0.2685205062910503
18251,0.2720437336743923
18252,0.2715929326586774
18253,0.2617099577356873
18254,0.2622591506916768
18255,0.2786423662621726
18256,0.2637374774376554
18257,0.2613864911976989
18258,0.2697573266849402
18259,0.2642267245146183
18260,0.2676065766215098
18261,0.2726175240370341
18262,0.2663598152795245
18263,0.2635994143342239
18264,0.2791349141761829
18265,0.2751275466344381
18266,0.2725356796871582
18267,0.2683186197038235
18268,0.26841374482557
18269,0.2648490185711951
18270,0.272156611904576
18271,0.2704465100641642
18272,0.2683052205495951
18273,0.2702096480850026
18274,0.2688592705187296
18275,0.2575193007386409
18276,0.2721874839742882
18277,0.263402674888529
18278,0.2721774229039576
18279,0.2649432276202058
18280,0.2677976054909264
18281,0.2660913902137597
18282,0.2617065335559445
18283,0.2754525588847937
18284,0.2706017172883149
18285,0.2697293090503519
18286,0.2526886803887677
18287,0.2811112054972387
18288,0.2671393345644373
18289,0.2672347527023916
18290,0.2567709533188868
18291,0.2619327896402641
18292,0.2729464711710513
18293,0.2656799326940991
18294,0.2721267208099957
18295,0.2729754522215629
18296,0.2641427219234672
18297,0.2733612956979491
18298,0.2718775620514909
18299,0.2671561959585733
18300,0.2668910029957667
18301,0.2663103913220758
18302,0.2715593410101706
18303,0.2669280300266576
18304,0.2628598956427865
18305,0.2687464189971345
18306,0.2652137589098553
18307,0.2732254826594686
18308,0.2671559874988885
18309,0.2572008953512766
18310,0.2678470289321407
18311,0.2656955475617416
18312,0.2781584206733955
18313,0.2681525765180672
18314,0.273382481624484
18315,0.2696229115516563
18316,0.2671135595373495
18317,0.2661642031115348
18318,0.266438828698856
18319,0.2661625886481266
18320,0.268781466190096
18321,0.2666421920962714
18322,0.2721806232118271
18323,0.2843282609313244
18324,0.2608869250220475
18325,0.2604758069853096
18326,0.2600731376746844
18327,0.2625502837506797
18328,0.2632498272669187
18329,0.270917552921348
18330,0.2684568702619379
18331,0.2713541091361445
18332,0.2709007129390983
18333,0.272492693339177
18334,0.2744894501279876
18335,0.2653576724687205
18336,0.2715588614575636
18337,0.2648094570208219
18338,0.267007680184459
18339,0.2646707655874191
18340,0.2615919417159728
18341,0.2647464249642889
18342,0.2682439612209553
18343,0.2655005724088448
18344,0.258169879880299
18345,0.2697109815956369
18346,0.2680024077109835
18347,0.2737487232173175
18348,0.265821433395221
18349,0.2751217893488638
18350,0.2812601994309291
18351,0.2714608365240845
18352,0.2742339330082205
18353,0.2615401123899765
18354,0.2678492188282861
18355,0.2622404790119693
18356,0.2713466843893779
18357,0.2597202405004953
18358,0.2621136396879692
18359,0.2684731738770237
18360,0.2634920974879967
18361,0.2566555714862066
18362,0.269951882711214
18363,0.2696498713841215
18364,0.2617929607775745
18365,0.261279533590341
18366,0.2653730599905793
18367,0.2760385878318048
18368,0.2678797482218651
18369,0.2645752873000432
18370,0.2573778287133278
18371,0.2646073828101777
18372,0.2577847033650058
18373,0.27184391375339
18374,0.2650055695557978
18375,0.2734145168199378
18376,0.2619997278890953
18377,0.2658762787314057
18378,0.2645881988029729
18379,0.2691249090544191
18380,0.2669605495992123
18381,0.2603776668555886
18382,0.2563736430734948
18383,0.2712613355028641
18384,0.2659451300532153
18385,0.2650730949902472
18386,0.266157605389315
18387,0.2671026267649985
18388,0.272912292602934
18389,0.250066015981027
18390,0.2735518757162804
18391,0.2631122693276356
18392,0.2650947211786442
18393,0.2792733675336228
18394,0.2702407294215911
18395,0.2742766449630591
18396,0.2701053473092618
18397,0.2673433441634577
18398,0.2711679358020114
18399,0.2723010953246438
18400,0.2792878024889447
18401,0.2631153316684618
18402,0.2697129395717781
18403,0.2623740473441407
18404,0.2701569143097811
18405,0.2701499023433034
18406,0.2670976041905742
18407,0.2656073008668301
18408,0.2716461802659269
18409,0.2654592560130149
18410,0.2679814644734312
18411,0.2650607644584447
18412,0.2691930682242605
18413,0.2693338668911235
18414,0.2707290322005918
18415,0.2730847764036876
18416,0.2724021547327629
18417,0.2701558706199738
18418,0.2668308852040391
18419,0.2737519636658822
18420,0.2746788842055406
18421,0.2764745612102054
18422,0.2716428984951858
18423,0.2755038293393053
18424,0.2725511984953844
18425,0.2794803011740557
18426,0.2656118560366032
18427,0.2645943629843916
18428,0.2608820831602454
18429,0.2535602825550963
18430,0.2599502167130911
18431,0.2579472287651556
18432,0.2719820486503792
18433,0.2702457692684054
18434,0.2674180130097531
18435,0.2630960393962331
18436,0.266693563848839
18437,0.2682558899650807
18438,0.2787334908667443
18439,0.2750562383063398
18440,0.266038744470269
18441,0.2716008919424371
18442,0.2651641559962859
18443,0.2730602641122074
18444,0.2673953480698756
18445,0.2731613928964603
18446,0.2714513010427958
18447,0.2740064570376112
18448,0.2730720126800735
18449,0.2706473765224084
18450,0.2710951447495156
18451,0.2753886484048658
18452,0.2727786422641527
18453,0.2647160636445478
18454,0.2612087625739064
18455,0.2625576097597281
18456,0.2733882519770222
18457,0.2753875471637581
18458,0.2703552940396364
18459,0.2716198564856822
18460,0.2687702489366866
18461,0.2698623140853828
18462,0.2704708419000238
18463,0.2613620052218927
18464,0.259777602232687
18465,0.2634399203175002
18466,0.2635236150106433
18467,0.2696093898759365
18468,0.2653531536446039
18469,0.2658040632264976
18470,0.2638443698745801
18471,0.267297816549326
18472,0.2679263650970518
18473,0.2625805990516562
18474,0.266780588874738
18475,0.2669176360118919
18476,0.2664246566218946
18477,0.2640338176190093
18478,0.26883726302409
18479,0.2648111242092143
18480,0.2669458730065186
18481,0.2647789706021723
18482,0.2582855176129235
18483,0.267000477065639
18484,0.2611483801290661
18485,0.2662881045832844
18486,0.2747220435871484
18487,0.2644443567673243
18488,0.2706437166263953
18489,0.256054197822904
18490,0.2646629528210625
18491,0.2646948848329662
18492,0.2756034667458532
18493,0.2681667231069661
18494,0.2705088599011029
18495,0.2622973315800972
18496,0.2690494806883096
18497,0.2637208677042874
18498,0.2657754560931156
18499,0.2671736533597563
18500,0.2613211427017333
18501,0.2553476135210772
18502,0.2668489662164193
18503,0.2603168952378162
18504,0.2680665631671152
18505,0.2777766437338355
18506,0.2679222985010591
18507,0.2695318117129887
18508,0.2662003767064559
18509,0.2548684771593433
18510,0.2618139201244827
18511,0.2612771152287942
18512,0.2637136123745338
18513,0.2586326443871429
18514,0.2657419441566381
18515,0.2569891221495667
18516,0.2621345328255714
18517,0.2593635901776558
18518,0.2613811245691112
18519,0.2556989833606001
18520,0.2690949227987401
18521,0.2686444845775176
18522,0.2628911139827019
18523,0.2673791862474875
18524,0.2670839867606859
18525,0.2781939545754567
18526,0.2684719137812116
18527,0.2659869910752657
18528,0.2652718309506852
18529,0.27281040556531
18530,0.262754174099149
18531,0.2761465988932129
18532,0.2621029013780285
18533,0.2658662417575387
18534,0.276359134516292
18535,0.2626024794105093
18536,0.2627715589346994
18537,0.2667294650162787
18538,0.2667875237945035
18539,0.2692555658367254
18540,0.2659564229363061
18541,0.2643937145515952
18542,0.2757287424640577
18543,0.2699268706652808
18544,0.2693085833219851
18545,0.2705151799643842
18546,0.2621745433365599
18547,0.258889520832917
18548,0.2672891400822144
18549,0.267656517082972
18550,0.2696445995722289
18551,0.2695202195266037
18552,0.2713434923118248
18553,0.2550404298213022
18554,0.25396593474685
18555,0.2674441022448714
18556,0.2762607944404331
18557,0.2715142034767152
18558,0.2643142896590522
18559,0.2692599516153681
18560,0.2629877759294729
18561,0.2810222502811699
18562,0.2682556649741237
18563,0.2717023734992951
18564,0.265867757082277
18565,0.2676685953576609
18566,0.258869346525527
18567,0.2674983708323819
18568,0.2659669137323053
18569,0.2692349315852763
18570,0.2763310372301682
18571,0.2755204137926963
18572,0.2662314959498819
18573,0.2675645291107656
18574,0.2607318603803782
18575,0.2708963664384499
18576,0.2760511667748456
18577,0.2769995907691137
18578,0.2703379070622378
18579,0.2668085260305254
18580,0.2647043301850437
18581,0.2745186979611965
18582,0.2686169024985427
18583,0.2639958776591139
18584,0.2751004949406717
18585,0.2710825833196673
18586,0.2698589489197437
18587,0.2592052113583034
18588,0.2681425579982944
18589,0.2600482613850763
18590,0.2815325429297299
18591,0.2690691852561173
18592,0.2612949421476593
18593,0.2625828153693046
18594,0.2737343227464532
18595,0.2744996455731193
18596,0.2654352844313643
18597,0.2632863491457892
18598,0.2676190486230241
18599,0.2684071464339407
18600,0.2698073553979288
18601,0.2727998174115969
18602,0.2683775880953418
18603,0.2739895779542994
18604,0.2647204567796495
18605,0.2667861146398682
18606,0.2704172339424618
18607,0.2570500387943383
18608,0.2704645707961243
18609,0.2673500733069213
18610,0.2634466880206129
18611,0.2697738809772732
18612,0.2654099232338122
18613,0.2569077074701988
18614,0.2655798677256911
18615,0.2546568697718034
18616,0.2526965191877504
18617,0.2512836296272877
18618,0.260762823466362
18619,0.2712091185745638
18620,0.2633183435951913
18621,0.2530608283044661
18622,0.2537392464557025
18623,0.2543682802514991
18624,0.2659586393048717
18625,0.2708752556994617
18626,0.2625182113295555
18627,0.263039655270647
18628,0.2598580436592252
18629,0.2604494684550986
18630,0.2689949701886887
18631,0.2584243373484926
18632,0.2595139120523642
18633,0.2617777276264264
18634,0.2596019479734411
18635,0.266430549314833
18636,0.2652576474002411
18637,0.2586627521893325
18638,0.2725392030213649
18639,0.268843570761822
18640,0.2642187305374615
18641,0.272441020731119
18642,0.2717136376597869
18643,0.2610972009775656
18644,0.2690974596895946
18645,0.2690625925438063
18646,0.2734046221164869
18647,0.2646075919061309
18648,0.2608504212809427
18649,0.2679887276488687
18650,0.2653913157791616
18651,0.2570959728479123
18652,0.2608407169385747
18653,0.2664205065533486
18654,0.2632144449052177
18655,0.2660353779151924
18656,0.2718923430494287
18657,0.2653950401825969
18658,0.2716064435070248
18659,0.2695993180364163
18660,0.2687283040720227
18661,0.2616014887603555
18662,0.2650943498923572
18663,0.2674446189074113
18664,0.2630341184653668
18665,0.2682742332422105
18666,0.2716300822360382
18667,0.2702089577660348
18668,0.2722623274200411
18669,0.2662763752566123
18670,0.2653573635522136
18671,0.2615330925201069
18672,0.2715610856174492
18673,0.2721235470460204
18674,0.2581796079183746
18675,0.2654887461887277
18676,0.2671764251439669
18677,0.2696930074722931
18678,0.2723405008608007
18679,0.2659091149541269
18680,0.2659297836216001
18681,0.2748496690411333
18682,0.2683995063802919
18683,0.2667613530399009
18684,0.2697854776495382
18685,0.2784038730670078
18686,0.2657723132246251
18687,0.274738600271264
18688,0.279134818929598
18689,0.2731532557076364
18690,0.2609061143827574
18691,0.2694343389322032
18692,0.263774606327833
18693,0.268770774564306
18694,0.2712633347138852
18695,0.2675474165809619
18696,0.269111107502716
18697,0.2623061151791392
18698,0.2655058379180913
18699,0.2668223703413094
18700,0.2699890389461677
18701,0.2795883848502744
18702,0.2584651607349677
18703,0.2677882840262756
18704,0.275083564920895
18705,0.2710850700908857
18706,0.2677933420092665
18707,0.2677060451279957
18708,0.263783234735863
18709,0.2531987501128631
18710,0.2630191000181242
18711,0.2629940162158674
18712,0.2635367534946133
18713,0.2728546621348033
18714,0.2755764443388285
18715,0.270071967809688
18716,0.2683812512409905
18717,0.2693755079045167
18718,0.2706873822550454
18719,0.2774041521669917
18720,0.2711946070362513
18721,0.2668256548682663
18722,0.2720080474642407
18723,0.2626612013111969
18724,0.2694738971925518
18725,0.2600169305890921
18726,0.2704351465327885
18727,0.2745560803622718
18728,0.2685377626174496
18729,0.263459901387772
18730,0.2622190905636474
18731,0.2584949241637109
18732,0.2646700784681723
18733,0.2623407400476067
18734,0.265358703727269
18735,0.2583860949707952
18736,0.2665432570198864
18737,0.2722874715538046
18738,0.2612478780460446
18739,0.260993584536234
18740,0.2575805564908511
18741,0.2603426918518277
18742,0.2619767231811759
18743,0.2609297553586806
18744,0.266813260230573
18745,0.2605901243215333
18746,0.2573730688517004
18747,0.2600768566836933
18748,0.2691362208109456
18749,0.270727076269511
18750,0.2616319282983703
18751,0.2655053244281033
18752,0.2691918114242489
18753,0.2675001932189648
18754,0.2649641492423802
18755,0.2700435413890217
18756,0.271318583732719
18757,0.2689572797619595
18758,0.2676261666608369
18759,0.2722802637091366
18760,0.2672091033016778
18761,0.2632467352367282
18762,0.2596701046260543
18763,0.2587103670051774
18764,0.2663615349941176
18765,0.2563776156362437
18766,0.2548140606829723
18767,0.2640037596040787
18768,0.2665895950255358
18769,0.267269539645076
18770,0.261706207153047
18771,0.2631976000507654
18772,0.2675966307623116
18773,0.2614661195370416
18774,0.2626089571311139
18775,0.2649306109314333
18776,0.2623195396244001
18777,0.2703687744825929
18778,0.2655720534679839
18779,0.2674415600181133
18780,0.2691085071405769
18781,0.2542153006663949
18782,0.2662105295101068
18783,0.2663216906575703
18784,0.2625101628832137
18785,0.2742174553670652
18786,0.2670417456913201
18787,0.2717041725766922
18788,0.2664181263446399
18789,0.2669284926305422
18790,0.2708084961596789
18791,0.2615295114183525
18792,0.2660882892385158
18793,0.2717950915869366
18794,0.2708305827595009
18795,0.2650678813662944
18796,0.266019848455681
18797,0.2694131461950382
18798,0.2723145448029678
18799,0.2656848315047665
18800,0.268818425785269
18801,0.2644978511712046
18802,0.2601589465259651
18803,0.26974291238981
18804,0.2608087436331827
18805,0.2668335522381678
18806,0.2698633513040136
18807,0.2609696700626773
18808,0.2599111887896943
18809,0.2633008704738043
18810,0.256010364140671
18811,0.2646842568672604
18812,0.2659454729702268
18813,0.2652117822002565
18814,0.2641858184773754
18815,0.2770449583459102
18816,0.2709906876888584
18817,0.2645479379178494
18818,0.2631080144082924
18819,0.2643578054465862
18820,0.2635004708655
18821,0.2719035116609441
18822,0.2675084425198523
18823,0.2587228091120598
18824,0.2669398756922994
18825,0.2641584990598894
18826,0.2632009694536822
18827,0.2707433455085142
18828,0.2692167113989099
18829,0.2766832488477014
18830,0.2761271052425755
18831,0.2708315044156721
18832,0.2769512742798779
18833,0.2684622274873682
18834,0.2680261544474643
18835,0.2667705724983793
18836,0.2620775187539309
18837,0.2660807610781853
18838,0.2618637021355498
18839,0.2653732984258282
18840,0.2631911120734989
18841,0.2676902704738338
18842,0.2697403144424122
18843,0.2721345207519947
18844,0.2662017268315699
18845,0.2599423017977871
18846,0.2619686229597907
18847,0.2676314965817189
18848,0.2646705959523997
18849,0.262592650909317
18850,0.2696643407171568
18851,0.2679626518414759
18852,0.2657774350210323
18853,0.2694658035297661
18854,0.2642008079349585
18855,0.2674830380392703
18856,0.2614180425596312
18857,0.2561114405778817
18858,0.2656527475010401
18859,0.2595253214787763
18860,0.2592959893939783
18861,0.2701552649620408
18862,0.2615515286987527
18863,0.2601536663030503
18864,0.2634290814510187
18865,0.2576399486971492
18866,0.270622174772656
18867,0.2605794809139756
18868,0.25566000805218
18869,0.2588537826073302
18870,0.2513597076249332
18871,0.2624331337630017
18872,0.2650853615148166
18873,0.2702786191411013
18874,0.269343916731885
18875,0.2745841240502167
18876,0.2697060406126156
18877,0.2760542355330839
18878,0.2678086048177522
18879,0.2682794023866019
18880,0.2635984861939984
18881,0.2560854025034965
18882,0.2596252904386281
18883,0.2700869422402183
18884,0.2653804480752108
18885,0.263737729354389
18886,0.2708890781354851
18887,0.2714082623586681
18888,0.2707927489475584
18889,0.2718846161664117
18890,0.2653360096368671
18891,0.270531485448465
18892,0.2603843732138501
18893,0.2671967078754119
18894,0.2636258710245727
18895,0.2642139312918912
18896,0.2544797966096574
18897,0.2673517832376877
18898,0.262663208491297
18899,0.2708995921341199
18900,0.260248449406202
18901,0.2630847632615062
18902,0.2658741107442727
18903,0.2601683007683983
18904,0.2613288871779451
18905,0.2636127636445944
18906,0.2618658387134448
18907,0.2624589669569224
18908,0.2628546477461168
18909,0.263428209597132
18910,0.2721836378792351
18911,0.2591159525056457
18912,0.254647329204362
18913,0.2724595129102132
18914,0.2636252709380131
18915,0.2634443973522574
18916,0.2611754804073746
18917,0.2586484959056386
18918,0.2550157899201699
18919,0.260549227613586
18920,0.2522997379117164
18921,0.2601268428776676
18922,0.2584342954014135
18923,0.259022809505979
18924,0.2701267545266806
18925,0.2596430650172583
18926,0.2516394825213927
18927,0.2600088680243576
18928,0.2675160088152132
18929,0.2610452587554822
18930,0.2548703185020761
18931,0.2669267021219735
18932,0.2645335811932602
18933,0.2614619456473403
18934,0.2688512131619613
18935,0.2567306792244133
18936,0.2573781343633903
18937,0.266136848595295
18938,0.265863628307563
18939,0.2617303572821842
18940,0.2643230826792536
18941,0.2638267497991817
18942,0.2594623046673999
18943,0.2632181287836898
18944,0.272640165496514
18945,0.2597472642606148
18946,0.2631551099071587
18947,0.2691366343256569
18948,0.2599411503982904
18949,0.2690176737767505
18950,0.2695756410317189
18951,0.2650653861627025
18952,0.2669408710070635
18953,0.2677180925091821
18954,0.2706128277871739
18955,0.2584357278377838
18956,0.2511232403127069
18957,0.2597475781565224
18958,0.2556439586992246
18959,0.264821374539102
18960,0.2614798772658951
18961,0.2626634522521014
18962,0.2577996353485646
18963,0.2613091034913435
18964,0.2670952662279927
18965,0.265749962237214
18966,0.2626027427220588
18967,0.2711939522409274
18968,0.2657497221036214
18969,0.2669577728757894
18970,0.2673913558680102
18971,0.2630853532408834
18972,0.2618340314259541
18973,0.2608087040089812
18974,0.2618725466757653
18975,0.2627009782203885
18976,0.2592371347595137
18977,0.2467467839000318
18978,0.2556118224544538
18979,0.2597976563405941
18980,0.2582985549987148
18981,0.2577048268239002
18982,0.2570170567214499
18983,0.2572891956166543
18984,0.2621434830982671
18985,0.2686994242790965
18986,0.2629302570488147
18987,0.2571178996023773
18988,0.2555047796624999
18989,0.2604931168608813
18990,0.2565343938387071
18991,0.2531673296566372
18992,0.2572115912240074
18993,0.262970297418197
18994,0.2638882028620811
18995,0.262552633853861
18996,0.2686346695765786
18997,0.25543011967004
18998,0.2633896348244876
18999,0.2663434881231964
19000,0.2710336808279533
19001,0.2689117577822803
19002,0.2612309530272959
19003,0.2588053382006383
19004,0.2666532243617773
19005,0.2594472296196692
19006,0.2662735591162687
19007,0.2791790682669277
19008,0.263237299099865
19009,0.2601151602994891
19010,0.262874359472582
19011,0.2597992843808028
19012,0.2683131355405875
19013,0.2650766225217994
19014,0.2621615794329193
19015,0.2658000348039968
19016,0.2553407144185486
19017,0.2696319143860963
19018,0.25731592057659
19019,0.2669534580630222
19020,0.2557208042410384
19021,0.2632403651643754
19022,0.2567794700450014
19023,0.269495996795714
19024,0.2593260281766271
19025,0.2563031612217232
19026,0.2659091273478001
19027,0.2602761969208892
19028,0.2647204917378495
19029,0.2689477942802513
19030,0.2636929613596653
19031,0.2595146781648035
19032,0.2557010317441916
19033,0.2705580669585958
19034,0.2632928712508401
19035,0.2645874446901758
19036,0.25763207232307
19037,0.2612827531205
19038,0.2612623860967941
19039,0.2535429524622815
19040,0.2583988877364643
19041,0.2655133087057807
19042,0.2581520213519316
19043,0.2602103736315006
19044,0.2615971884535298
19045,0.2602363667098522
19046,0.256888028635901
19047,0.2477442004889907
19048,0.2573064854046582
19049,0.2579307939559755
19050,0.2614073626506161
19051,0.2470840535201607
19052,0.2668456621609768
19053,0.2569232550169394
19054,0.2584035654121495
19055,0.2537216645206988
19056,0.2618032887535844
19057,0.2612961697705341
19058,0.2599262049632102
19059,0.2599297351911401
19060,0.2659489844792866
19061,0.2628717736125578
19062,0.2657292648219189
19063,0.2593583206684104
19064,0.2634504608671245
19065,0.2724654998682623
19066,0.263278348369994
19067,0.2690055283305827
19068,0.2619555698446383
19069,0.2633613370631361
19070,0.2686308401967801
19071,0.2731078344631685
19072,0.2674264342696053
19073,0.2718780287397727
19074,0.2650453880595103
19075,0.2599685346095381
19076,0.2566016021665925
19077,0.2617169890766515
19078,0.267490232308373
19079,0.2679647534833344
19080,0.272829519000942
19081,0.2616400298106452
19082,0.2605269164483106
19083,0.2602612982708799
19084,0.2620603428854909
19085,0.2565220348344483
19086,0.2635241831549992
19087,0.2706617348675335
19088,0.2738321932290324
19089,0.2585190076616943
19090,0.2655353194446472
19091,0.2628246250056076
19092,0.251588406452257
19093,0.2528899281597785
19094,0.2678422479135584
19095,0.2630958530054754
19096,0.264656608971716
19097,0.2626581737475825
19098,0.2668810906969401
19099,0.2611049428766696
19100,0.2685778022665439
19101,0.2613496715292596
19102,0.2621447050056071
19103,0.25985213294452
19104,0.2618049736853963
19105,0.255809808376422
19106,0.2645707487309462
19107,0.2607247086968263
19108,0.2598277467731785
19109,0.2649046455203108
19110,0.2567497015120401
19111,0.2700042944249933
19112,0.2577257973183914
19113,0.2596841436737305
19114,0.2664928192979254
19115,0.2660906893443807
19116,0.2671270650142114
19117,0.2595068075120571
19118,0.2621338731576264
19119,0.2669636067370095
19120,0.2692874670764726
19121,0.2623640388950498
19122,0.2544064786414158
19123,0.2598954511019302
19124,0.2579136699239151
19125,0.2590644925360072
19126,0.2685091299710528
19127,0.2611556334555377
19128,0.2550439319360264
19129,0.2659541281927343
19130,0.2687545158685265
19131,0.2617799625436411
19132,0.2617791727294171
19133,0.2530058738450612
19134,0.2639296520281948
19135,0.2622131385958378
19136,0.266349732246295
19137,0.2570323990033558
19138,0.2606621896501884
19139,0.2676681490194235
19140,0.2732535977335572
19141,0.2711057960932981
19142,0.2624959948464805
19143,0.2629777967085634
19144,0.2681313766449159
19145,0.2642355942474296
19146,0.2663049584466661
19147,0.2655947546518277
19148,0.2717794602352517
19149,0.2714378999605346
19150,0.2667214334348108
19151,0.2675241594101954
19152,0.2555323430860988
19153,0.2630584871242782
19154,0.2599941320677781
19155,0.2558335809677964
19156,0.2563239082602668
19157,0.269638429989272
19158,0.2634643268101179
19159,0.264459550600382
19160,0.2624806106058426
19161,0.2636795222084473
19162,0.2634773123870735
19163,0.2634261826037428
19164,0.2603580748415419
19165,0.2621263167513624
19166,0.2614865037301839
19167,0.266068637654705
19168,0.2650062124847668
19169,0.2536691144605523
19170,0.2692058746602085
19171,0.2634000622344535
19172,0.253869278795233
19173,0.2625339008503261
19174,0.2687737182625612
19175,0.2727401735210643
19176,0.2641040897491477
19177,0.2608291872404653
19178,0.2589230620346719
19179,0.2623923616802852
19180,0.2528617789906167
19181,0.2597816480344929
19182,0.2610495139470777
19183,0.2549516051640823
19184,0.2649911786368906
19185,0.268261494752667
19186,0.2613317867366092
19187,0.2625544323515694
19188,0.2603970281118642
19189,0.2598153276526494
19190,0.2604194315946018
19191,0.2737237107588275
19192,0.2586511180922315
19193,0.2609172347912155
19194,0.2572550924968246
19195,0.2534555262802473
19196,0.256981968410135
19197,0.2647984403699058
19198,0.2512205711190689
19199,0.2618897765421631
19200,0.2551100333087079
19201,0.2663944831623787
19202,0.2621238418138515
19203,0.2675215171596538
19204,0.258393597008491
19205,0.2521754944818698
19206,0.2547683328632449
19207,0.2607865709939901
19208,0.2592436646940873
19209,0.263245396121246
19210,0.259506651586013
19211,0.2621377942390306
19212,0.245260533376358
19213,0.2595230157744552
19214,0.255018612788929
19215,0.2619866762015752
19216,0.2588455830600994
19217,0.2498710349524377
19218,0.2568494680665435
19219,0.2573191119765313
19220,0.2510331967219658
19221,0.2542109528014815
19222,0.2577162768910996
19223,0.264548674142644
19224,0.2592034320268552
19225,0.268134990852765
19226,0.2675084679532754
19227,0.2689903679061151
19228,0.2671117408478142
19229,0.2572473387367535
19230,0.2561496451242951
19231,0.2645054769388517
19232,0.2631746678477826
19233,0.2568635677779045
19234,0.2603198224599051
19235,0.2564081218114514
19236,0.2512739010398379
19237,0.2662997248676401
19238,0.2671969024527351
19239,0.2658296219472124
19240,0.2548001916406409
19241,0.2604935495041016
19242,0.2584130176076681
19243,0.2643111935224984
19244,0.2644041552977387
19245,0.2691948101678812
19246,0.2687786728983515
19247,0.2611023030860466
19248,0.2597071210164124
19249,0.2675029199644055
19250,0.2640002406433551
19251,0.2667478274136413
19252,0.2693185232094149
19253,0.2568136690876734
19254,0.2618094973417313
19255,0.2660874844026556
19256,0.2622818320220113
19257,0.2633357704043188
19258,0.2548658901165625
19259,0.2627189752584065
19260,0.2596399004513986
19261,0.2684494102503016
19262,0.2685265988210896
19263,0.2672893810290753
19264,0.2619896348450962
19265,0.2669832454424973
19266,0.2626115692970824
19267,0.2643995306860003
19268,0.2598729974191912
19269,0.2630054463108665
19270,0.2679511854806977
19271,0.2611698907191027
19272,0.2612580624335889
19273,0.2714925625368479
19274,0.2608327999535139
19275,0.2623928793688225
19276,0.2643827200217546
19277,0.2646519964063394
19278,0.2559987429899134
19279,0.2518622139443291
19280,0.2615566883329261
19281,0.2653026304766185
19282,0.2669012697118393
19283,0.2702622385420464
19284,0.2688092333412831
19285,0.268713572238186
19286,0.2585918062658681
19287,0.2608900922562052
19288,0.2608420534017113
19289,0.2577869249411019
19290,0.2567999473262632
19291,0.2510184371802846
19292,0.2577186979040927
19293,0.2582130855005425
19294,0.2538653143451069
19295,0.2608119655392134
19296,0.2604955721972034
19297,0.269890450141668
19298,0.2649269591542763
19299,0.272148138038545
19300,0.2683020057800896
19301,0.2558419941349947
19302,0.2612730454619278
19303,0.2671451046365383
19304,0.262492601363795
19305,0.2704903148720677
19306,0.2598714412045972
19307,0.2644517589926153
19308,0.2551594248304792
19309,0.2675677488113948
19310,0.2662901396762269
19311,0.2707450765047095
19312,0.2666325654711225
19313,0.264059900315261
19314,0.2621589319548891
19315,0.273630843280945
19316,0.2639873794905277
19317,0.2527864343442306
19318,0.2626008177417704
19319,0.2614253383448163
19320,0.2627986376820729
19321,0.2567757956555415
19322,0.2561722855705882
19323,0.2611818730765131
19324,0.2614052108122737
19325,0.2674238745334145
19326,0.2656882338039146
19327,0.256213240935822
19328,0.261982697472865
19329,0.2565860610050293
19330,0.2625826820005836
19331,0.2630198136106236
19332,0.2706152511138036
19333,0.2650709842204494
19334,0.2616853842634999
19335,0.2641289556325155
19336,0.2651827037581003
19337,0.2577226549135111
19338,0.2697866965707591
19339,0.2618329396302324
19340,0.2609246637014119
19341,0.2622397688673745
19342,0.267152243169541
19343,0.2565467174291708
19344,0.259679618569646
19345,0.2609474128610202
19346,0.2648374847094988
19347,0.2650349346394126
19348,0.2554738543938492
19349,0.2609962212629425
19350,0.2665990224986562
19351,0.2635260136141801
19352,0.2616824386687327
19353,0.2585165284163641
19354,0.2721543819060426
19355,0.2649442415378256
19356,0.2613592882254456
19357,0.2605327260478915
19358,0.2658084045239574
19359,0.2586889519922311
19360,0.2583831756642575
19361,0.2630086920777137
19362,0.2706527892173007
19363,0.257522580822858
19364,0.2690807900407437
19365,0.2617286220683604
19366,0.2633239517444611
19367,0.2627720036546409
19368,0.2574134218518936
19369,0.2649466874431831
19370,0.2648409509235809
19371,0.2530209147517531
19372,0.265121281653873
19373,0.2542932215475614
19374,0.2656127957530398
19375,0.2627448677407747
19376,0.2559918943565731
19377,0.2541207079600625
19378,0.2628212296950865
19379,0.2713307107557662
19380,0.2702028243504615
19381,0.256759451900053
19382,0.266476023287867
19383,0.2601468474746312
19384,0.2647311346731337
19385,0.2598578576504265
19386,0.2622064419831814
19387,0.2583536964411361
19388,0.2618125042375083
19389,0.2648190018296213
19390,0.2577182803645385
19391,0.2519185979402583
19392,0.2549084150962292
19393,0.2602719694744424
19394,0.2578903628135977
19395,0.2617633949576007
19396,0.2604771322245769
19397,0.2645526107317463
19398,0.2607849507240853
19399,0.2562279078290286
19400,0.262284470117153
19401,0.262359762254448
19402,0.2623521609842585
19403,0.2636212340823035
19404,0.2607757467124653
19405,0.2561510823082591
19406,0.2618467747377209
19407,0.2580683696441146
19408,0.2635236362664051
19409,0.2564755372216943
19410,0.2574980299566149
19411,0.253231456933072
19412,0.2586264012473003
19413,0.2629597759755482
19414,0.2653293283168638
19415,0.2633529296425842
19416,0.2607865870321477
19417,0.2605527211593916
19418,0.262532918726248
19419,0.2624747037969566
19420,0.2569624391489743
19421,0.2619598521712387
19422,0.2634765737301777
19423,0.2553545256518155
19424,0.2555305686610996
19425,0.2683814252378025
19426,0.2583383640269464
19427,0.2624233093474923
19428,0.2559118753298635
19429,0.2498927798110534
19430,0.2579927347914292
19431,0.2609003248863595
19432,0.2645416661860282
19433,0.2652772726774207
19434,0.2657972959329401
19435,0.2564606312443325
19436,0.2548912799701225
19437,0.2609082876935886
19438,0.2629573174330443
19439,0.2624331146836949
19440,0.2628503286679731
19441,0.2706789821935333
19442,0.2570680636374516
19443,0.2705579218551449
19444,0.2569100328494834
19445,0.2605961681121825
19446,0.2614479295702882
19447,0.2579339603187461
19448,0.269638091175835
19449,0.2683350134171819
19450,0.2585441170794212
19451,0.2661515847251499
19452,0.264470896023217
19453,0.2598852453868366
19454,0.258443494615301
19455,0.2540752189081424
19456,0.2651136882848293
19457,0.2611022980079238
19458,0.2619585505349509
19459,0.262342986565679
19460,0.2661841660513076
19461,0.2663513271708962
19462,0.2562481955635982
19463,0.2660441896212349
19464,0.2736256146305592
19465,0.2624076856188481
19466,0.2626672194780198
19467,0.2669592441097902
19468,0.2612981300074679
19469,0.2476635201731001
19470,0.2531151458404965
19471,0.2634498687796573
19472,0.2692500413673797
19473,0.2714150891505849
19474,0.2650908287011956
19475,0.2558145114806234
19476,0.25208770766303
19477,0.2539244312594069
19478,0.2602717898199089
19479,0.2546717036010404
19480,0.2651365005995088
19481,0.2668967474112509
19482,0.2684505090272698
19483,0.2637027246502509
19484,0.2678005367613585
19485,0.2647939965848984
19486,0.2634364014756095
19487,0.2606465479480116
19488,0.2604835664000756
19489,0.267405226514123
19490,0.2570670704930839
19491,0.2557401040501957
19492,0.2599216467966562
19493,0.2587839405198138
19494,0.2588761496114836
19495,0.2609641705166176
19496,0.2650655762147806
19497,0.2715466267418938
19498,0.2594705030581709
19499,0.2648660021580455
19500,0.2584273269523822
19501,0.2616109472333687
19502,0.2561593468120181
19503,0.25607799807512
19504,0.2577741821954898
19505,0.2616059608169495
19506,0.2600708844723831
19507,0.2656273775980758
19508,0.2625410096829404
19509,0.2506597637235294
19510,0.2590444461876559
19511,0.2592577647956492
19512,0.2607112213954913
19513,0.2611495722858901
19514,0.2633538227193112
19515,0.2706460214355151
19516,0.2607662096205197
19517,0.2569980634837323
19518,0.2588471782932719
19519,0.262299432498186
19520,0.2622920552965108
19521,0.2612187452834701
19522,0.2669927845875909
19523,0.2643474258603759
19524,0.2649896912876186
19525,0.2609537848489857
19526,0.2618564350220684
19527,0.2675500583522461
19528,0.2628082793753117
19529,0.257539413191539
19530,0.2611934377286781
19531,0.2500593878468063
19532,0.2535121416641124
19533,0.2633059484929335
19534,0.2574942891035971
19535,0.2634643193157965
19536,0.2637916483916983
19537,0.2615870056791686
19538,0.2587895377227628
19539,0.2627499888919138
19540,0.2615345291662074
19541,0.2623784725046351
19542,0.2630215095992713
19543,0.2632135827467564
19544,0.2684283745696848
19545,0.2632486981714996
19546,0.2600138799841129
19547,0.2636465979604058
19548,0.2534686308267145
19549,0.2546913550495928
19550,0.2562804134802402
19551,0.2698348455190523
19552,0.2577599169360963
19553,0.2627478106831175
19554,0.2641378194578612
19555,0.2700720623863674
19556,0.2597809134701234
19557,0.2547981071106703
19558,0.2640488159787215
19559,0.2609705030661768
19560,0.248192532910302
19561,0.2569831724114078
19562,0.2608148376031377
19563,0.2563765121928679
19564,0.2653354835920227
19565,0.2577634323522431
19566,0.2593685878788957
19567,0.249135780294676
19568,0.2597349309439619
19569,0.2606784701900819
19570,0.2615277550110151
19571,0.2503150795495042
19572,0.2579785402122344
19573,0.2513812813039737
19574,0.255812992957445
19575,0.2532817705830332
19576,0.2646024125105006
19577,0.2585426146078523
19578,0.2565682835198909
19579,0.2580322285619105
19580,0.2608304223075152
19581,0.2567519143547352
19582,0.2512450218836436
19583,0.2672963058751639
19584,0.2600182863905702
19585,0.2600937840316427
19586,0.2595283279814263
19587,0.2638483612243945
19588,0.2614914769110911
19589,0.2643868619648206
19590,0.2668789617594777
19591,0.2637121142548843
19592,0.2635689710061549
19593,0.2625111950663927
19594,0.2692738077056443
19595,0.2573774380428722
19596,0.259096669229894
19597,0.2657502408763869
19598,0.260843816721199
19599,0.2616128269977342
19600,0.2502185302648622
19601,0.2610852187977306
19602,0.2579978550217239
19603,0.2613442849825484
19604,0.268822601840793
19605,0.2656047951939775
19606,0.2583659478732087
19607,0.2620356232856713
19608,0.256563843853165
19609,0.2619572801594606
19610,0.2608205983075523
19611,0.2474452490275672
19612,0.2535173528726292
19613,0.2596617656511925
19614,0.2580731981474233
19615,0.2578909772017488
19616,0.2587943534404904
19617,0.2600800417163608
19618,0.2627419716115942
19619,0.2620775472963089
19620,0.260144950981486
19621,0.2605489516799809
19622,0.2572126568449275
19623,0.2595716435167559
19624,0.2533945792389364
19625,0.249385908383917
19626,0.2484371213015572
19627,0.2543421742049336
19628,0.2535040483307001
19629,0.2484723227465638
19630,0.2553578165184564
19631,0.2528258777063288
19632,0.2562496307453709
19633,0.2538140731402615
19634,0.2558517814863115
19635,0.2510130775222013
19636,0.2611236906211487
19637,0.2554527182112984
19638,0.2589404986732356
19639,0.254857892436334
19640,0.2507046210738616
19641,0.2537412427231928
19642,0.2582788908771604
19643,0.2661046435781845
19644,0.2651540415391383
19645,0.2540752169281228
19646,0.2546290186960096
19647,0.2691659101735635
19648,0.2637104067411541
19649,0.2661093420971484
19650,0.2609092491086999
19651,0.2539671376440076
19652,0.2626888635009427
19653,0.2641069900082438
19654,0.2657051719309043
19655,0.2595491067643777
19656,0.2639729491181354
19657,0.261186495457816
19658,0.2538279756172134
19659,0.2583984422747138
19660,0.2549651143314327
19661,0.2550937714573363
19662,0.2571625497192011
19663,0.2535029359511297
19664,0.2458876154479435
19665,0.2623745759490933
19666,0.2575729589354651
19667,0.2491885093196793
19668,0.2633791994169618
19669,0.2657910688315819
19670,0.267368419284703
19671,0.2614438917943388
19672,0.2579716943215737
19673,0.2551576075897281
19674,0.254421677528132
19675,0.2603087746955351
19676,0.2599253458345672
19677,0.2620818171928196
19678,0.2667601594266344
19679,0.2588012170571498
19680,0.2565655006564549
19681,0.264142988540591
19682,0.265831435781257
19683,0.2626885046685726
19684,0.2591415994664641
19685,0.2486770419272997
19686,0.2609768858504628
19687,0.2602055842952991
19688,0.2672217496689979
19689,0.2588114066006435
19690,0.2599421524379263
19691,0.2602185687427935
19692,0.2484198374336298
19693,0.2527427011893304
19694,0.2567561371750269
19695,0.2560136995864616
19696,0.2524174115186164
19697,0.2600001667675204
19698,0.2588437869356596
19699,0.2606162668332827
19700,0.2634568744825554
19701,0.2607172690275398
19702,0.2578995005316357
19703,0.2590799357481922
19704,0.2567343948937981
19705,0.2563880466029297
19706,0.2517953318015822
19707,0.2598567639373633
19708,0.2640799389779375
19709,0.2678718292747182
19710,0.249306863378553
19711,0.2502244542273176
19712,0.2483570207497356
19713,0.2574098860436234
19714,0.2508040497995363
19715,0.2646184566768338
19716,0.2660353909123675
19717,0.2639446784306209
19718,0.2516026326747224
19719,0.2598769227923842
19720,0.2657077229208008
19721,0.2608621149519439
19722,0.255104111301862
19723,0.2664634239005731
19724,0.2603972437482316
19725,0.2674455372236019
19726,0.2624580301261737
19727,0.2576262861113872
19728,0.2662445606812787
19729,0.2646402561940537
19730,0.2676567672271512
19731,0.2724549337148468
19732,0.2762128065333428
19733,0.2646623932150916
19734,0.2628959093825198
19735,0.2556693852732852
19736,0.2658368142159835
19737,0.2493551246024311
19738,0.2682355129366056
19739,0.2671835784322877
19740,0.2671263858424836
19741,0.2687135490621125
19742,0.2616883967377303
19743,0.2575104164169648
19744,0.2643781891446546
19745,0.2603857947594367
19746,0.2651374284723071
19747,0.2595536197577325
19748,0.251796330315327
19749,0.2536372556798397
19750,0.2598516342857982
19751,0.2658289750135359
19752,0.2607936988685328
19753,0.2616427261157754
19754,0.2550281959194915
19755,0.2578741113795162
19756,0.252934960779181
19757,0.2580034615710821
19758,0.2569921788255359
19759,0.2588566291426045
19760,0.250597207755831
19761,0.250992204630309
19762,0.2598155075604241
19763,0.2561876538427664
19764,0.2626206552274275
19765,0.2551559074266324
19766,0.2454316285694135
19767,0.2586496009897364
19768,0.2580457119994827
19769,0.2564005300277114
19770,0.2607212560896289
19771,0.2562296384977863
19772,0.2581063449421762
19773,0.2506448626604893
19774,0.2597252292767188
19775,0.2592766382416966
19776,0.2588066401868227
19777,0.2606190982859966
19778,0.2700980263944172
19779,0.2675987889200197
19780,0.2647708133420147
19781,0.2534546796150375
19782,0.2572131611291861
19783,0.2550999668734902
19784,0.2680876536676903
19785,0.2549716869882802
19786,0.2508530540266064
19787,0.2507832949168499
19788,0.2561702616717199
19789,0.2551808561328958
19790,0.258147782525054
19791,0.2585529083481689
19792,0.2566030039835648
19793,0.2602433513372067
19794,0.2670892992300697
19795,0.257985037961158
19796,0.2539725506907029
19797,0.265808775909985
19798,0.2558048398020015
19799,0.2605373818040882
19800,0.2596605089311051
19801,0.2740313054376347
19802,0.2683458402184061
19803,0.2643611092764534
19804,0.2710587401257057
19805,0.2652384348223798
19806,0.2511841667073414
19807,0.2565158656866014
19808,0.2613449650856403
19809,0.2685934499318272
19810,0.250662673127332
19811,0.2594293224765656
19812,0.2611708406312438
19813,0.2644040371513323
19814,0.2595226564647152
19815,0.2643428836360801
19816,0.2509464036815246
19817,0.2632065980989128
19818,0.2632267271135741
19819,0.2510013483303009
19820,0.2508704038633876
19821,0.2620697158484675
19822,0.257060792969394
19823,0.2530833400731965
19824,0.2568029469736423
19825,0.2607615167569431
19826,0.2623144957997863
19827,0.2612375975458866
19828,0.2524278652371213
19829,0.2608815565037369
19830,0.2488171549588622
19831,0.2594350560324279
19832,0.2601824030749861
19833,0.2638437008123547
19834,0.258506139681135
19835,0.252064011750073
19836,0.25080592052594
19837,0.2659788891850239
19838,0.254750409699807
19839,0.2572271166189222
19840,0.2589436348708763
19841,0.2601354884272155
19842,0.2573940138611695
19843,0.2499931354399912
19844,0.2580559493411122
19845,0.2496743327325253
19846,0.2502310448688287
19847,0.247827835557981
19848,0.2571406847167107
19849,0.2570118617929604
19850,0.2635565810533701
19851,0.2554380475271893
19852,0.2661489563002407
19853,0.2583551544465325
19854,0.2558085621067227
19855,0.2599356863913217
19856,0.2546395598363126
19857,0.2521946636148148
19858,0.2511291810202115
19859,0.2551112637089894
19860,0.2509833710253806
19861,0.2645508649322402
19862,0.2545707519391204
19863,0.2528003266345727
19864,0.2469785313106571
19865,0.258789303455688
19866,0.2562037576597701
19867,0.2530739951773315
19868,0.2586731142312763
19869,0.256429681832532
19870,0.2540345770754388
19871,0.2601371953310908
19872,0.2556034313734394
19873,0.2615085888400582
19874,0.2610585242532067
19875,0.2672810657612894
19876,0.2493121238851382
19877,0.2593001330835711
19878,0.2544772235024691
19879,0.2690294499084265
19880,0.2652155311454122
19881,0.2581723120053629
19882,0.2620897508122695
19883,0.2655468821925799
19884,0.2617963430947891
19885,0.2540424530801878
19886,0.2520775302158226
19887,0.2651111370099077
19888,0.2566428969215851
19889,0.261267925665933
19890,0.2602489865726738
19891,0.2592659701221302
19892,0.2586261278869625
19893,0.2689994459854414
19894,0.2712414647936693
19895,0.2609226822663576
19896,0.2672900311603641
19897,0.26551680769264
19898,0.2615748242765102
19899,0.256144487378205
19900,0.2569983616342853
19901,0.25234684493445
19902,0.266412654064131
19903,0.2547643249131127
19904,0.2583901087392355
19905,0.2610660963097702
19906,0.2582353131139731
19907,0.2615315364650145
19908,0.260250221934045
19909,0.2508943523575457
19910,0.2597623081406194
19911,0.2601322295228864
19912,0.2639720983953662
19913,0.2618529337800894
19914,0.2657628013892079
19915,0.2640900036810447
19916,0.2643000054211634
19917,0.2572952534205046
19918,0.2543278344431949
19919,0.2623355199948305
19920,0.2600379634812726
19921,0.2660436169506613
19922,0.2633954746470067
19923,0.2551876648136614
19924,0.260724373621185
19925,0.2545994820999513
19926,0.2502440371888162
19927,0.2671936955814884
19928,0.2562370093615794
19929,0.2551513318892542
19930,0.2626440183483327
19931,0.2556927638513225
19932,0.2616595182513467
19933,0.2570945363611576
19934,0.2613431597558217
19935,0.2636763685068712
19936,0.2626733378085352
19937,0.2571533286909129
19938,0.2598862456184829
19939,0.2679873847489079
19940,0.2639681751375841
19941,0.2569197955156063
19942,0.2554840036269833
19943,0.2533304106795161
19944,0.2602775390534464
19945,0.2550066099079482
19946,0.2487130079539198
19947,0.2589915624432225
19948,0.2554136956328572
19949,0.2498488974065545
19950,0.2537279189109738
19951,0.2531984397772773
19952,0.2518384348482949
19953,0.26150785595354
19954,0.2639808920423005
19955,0.2608412686023184
19956,0.2582533647709526
19957,0.2598376361843141
19958,0.2621232978060833
19959,0.253454799831246
19960,0.2537054329966342
19961,0.265234992312978
19962,0.2583959908250178
19963,0.2623856946871384
19964,0.26340573630596
19965,0.2653568312971875
19966,0.2599823934021121
19967,0.2598450766477701
19968,0.2566035563557731
19969,0.2603411036637361
19970,0.2568943437013993
19971,0.2575041010502506
19972,0.256452441569223
19973,0.2508311367013752
19974,0.2621868977123593
19975,0.2627027193927492
19976,0.2592515840213305
19977,0.2722931625048571
19978,0.2666245425621057
19979,0.2643200082290513
19980,0.2664442577415132
19981,0.259741207472554
19982,0.2638612487221216
19983,0.2610516284003011
19984,0.2626951942599048
19985,0.2599247257348352
19986,0.2569078045072242
19987,0.2596877757722103
19988,0.2633748897539792
19989,0.2634319592629734
19990,0.2602989442083948
19991,0.2669980122644542
19992,0.2681073929866291
19993,0.2678743545064139
19994,0.256693968051475
19995,0.2552412999971654
19996,0.2498140896439525
19997,0.2523013311472211
19998,0.2543983952729645
19999,0.2536836528984272
20000,0.2559409213905995
20001,0.2555172360508062
20002,0.2471099849707235
20003,0.2585527131188163
20004,0.255024349176101
20005,0.2574837589292528
20006,0.2577493974996726
20007,0.2602185252675041
20008,0.2562004274019674
20009,0.2537605507486154
20010,0.2536194489969263
20011,0.2501370470708589
20012,0.2590962332180171
20013,0.2515626735738097
20014,0.2614239677638236
20015,0.2549859824095016
20016,0.2531644469232154
20017,0.2658276130264774
20018,0.2573910555219035
20019,0.2563800213145191
20020,0.2597298991913271
20021,0.2512093989529553
20022,0.249475816900245
20023,0.2469829040448618
20024,0.2552912211314377
20025,0.2516146740442359
20026,0.2539382020031368
20027,0.2559668078618123
20028,0.260229395926694
20029,0.2586338099051238
20030,0.2494140894639958
20031,0.2567042606404812
20032,0.2538186259027157
20033,0.2523205035665778
20034,0.2544690442858001
20035,0.2551317488808122
20036,0.2596051976339765
20037,0.2536856715263803
20038,0.2589026375125529
20039,0.2608329540855985
20040,0.2527650019662635
20041,0.2539590338064024
20042,0.2612599342398723
20043,0.2522766549250675
20044,0.252303743252058
20045,0.2597055376937791
20046,0.2489123578727712
20047,0.2654179889564156
20048,0.2674092781657066
20049,0.2605649689078851
20050,0.262621414997408
20051,0.2611414407957488
20052,0.2523663646410427
20053,0.2586966595770024
20054,0.2620918737519302
20055,0.2627882473116358
20056,0.2566042605530766
20057,0.2642246753820741
20058,0.2698078283558487
20059,0.2552777239427682
20060,0.2664987431832624
20061,0.2621654310824717
20062,0.2641074624257386
20063,0.2606537458023556
20064,0.2549857225007796
20065,0.2564091944950963
20066,0.2666372176817658
20067,0.2615266824066412
20068,0.2609663247650055
20069,0.2750387832773012
20070,0.2721142149421919
20071,0.2743865626426197
20072,0.2730333432342421
20073,0.2646554854010155
20074,0.2666585961566672
20075,0.2566598957130479
20076,0.2683404642050807
20077,0.2633085134949307
20078,0.2597708663118962
20079,0.2623261304487647
20080,0.2581848725844886
20081,0.2625291830430565
20082,0.261767923739698
20083,0.255696996551554
20084,0.260575161121314
20085,0.2580643105798397
20086,0.2603331312331811
20087,0.2608414619884922
20088,0.2579764368059387
20089,0.2609949609768929
20090,0.2516791866094112
20091,0.2656441717350146
20092,0.2694940637034833
20093,0.2644347492270442
20094,0.2596479247309741
20095,0.2609016113482246
20096,0.2522225239147293
20097,0.2613130980406727
20098,0.2521370604991325
20099,0.2592907671980673
20100,0.2592271614491761
20101,0.2507659616661233
20102,0.2448122561100722
20103,0.2495592851706114
20104,0.2544086341009713
20105,0.2524056964853077
20106,0.2540610887582313
20107,0.2540747690960133
20108,0.2532905166400714
20109,0.2584410067893148
20110,0.2561218496847618
20111,0.2616158953005568
20112,0.2661483991618076
20113,0.2668102618641119
20114,0.2694535114080815
20115,0.2484972552518889
20116,0.2518597270077619
20117,0.2648097026612028
20118,0.2661054809195641
20119,0.2573351612240461
20120,0.2560754376370403
20121,0.2584572619394686
20122,0.2488014794893348
20123,0.259054170982558
20124,0.2564763551836782
20125,0.2643879618727842
20126,0.261501755987923
20127,0.2647825442354218
20128,0.2604322455619683
20129,0.2627362137361086
20130,0.261271613995001
20131,0.2511595458304386
20132,0.261017113568284
20133,0.2567509792813523
20134,0.2636310297318947
20135,0.2571503033401626
20136,0.2560327711577569
20137,0.2622318415337952
20138,0.257383489680156
20139,0.257581710754983
20140,0.2614666468569739
20141,0.2532291072717028
20142,0.2624681634072586
20143,0.2589172225082837
20144,0.2509427574008991
20145,0.2462322476573851
20146,0.248821209002605
20147,0.2433339385392878
20148,0.2441633352584539
20149,0.2522603180421326
20150,0.2545278139218339
20151,0.2620244668343398
20152,0.2551754315815553
20153,0.2532407835182319
20154,0.2549696063786251
20155,0.2506703265573191
20156,0.2626030675979112
20157,0.2595770086610962
20158,0.2476632414708137
20159,0.2447378663680161
20160,0.2572291131741375
20161,0.2546056152470323
20162,0.2616862436124056
20163,0.253822167938046
20164,0.2554534447036933
20165,0.252451886913728
20166,0.2521206061067853
20167,0.2611441506465736
20168,0.255523931588656
20169,0.253554477776317
20170,0.253473257168337
20171,0.2492046520893981
20172,0.2583279081725346
20173,0.2540205410457713
20174,0.2578871241374769
20175,0.2523177230874283
20176,0.2575256519671211
20177,0.2600223106796412
20178,0.2592452006546289
20179,0.2619831716262576
20180,0.2425810825497506
20181,0.2488092463509405
20182,0.2554309769317406
20183,0.2597477473639851
20184,0.2616256441296029
20185,0.258158240145472
20186,0.2485916489496763
20187,0.2475007178557722
20188,0.2556236727500347
20189,0.2467872694950848
20190,0.2577842543952418
20191,0.2531333908689901
20192,0.2491470596480922
20193,0.2537940452710506
20194,0.2530014710151332
20195,0.2591579803202355
20196,0.2462225437151302
20197,0.2463402600120497
20198,0.2604398605992536
20199,0.2554098098422303
20200,0.256573972011801
20201,0.2573686823630811
20202,0.2593715789765707
20203,0.2551688864308921
20204,0.2614331865990462
20205,0.2565888372675863
20206,0.2562627914981228
20207,0.2578629943411223
20208,0.2613993968623722
20209,0.2608478172310708
20210,0.2630786681625587
20211,0.2507332854413852
20212,0.2593906624913357
20213,0.2576541890917502
20214,0.2595566471918822
20215,0.259206870840857
20216,0.2583823371788454
20217,0.2543314097698583
20218,0.262745609313053
20219,0.2627353078891276
20220,0.2561753586041398
20221,0.2507145025294227
20222,0.2550798883692332
20223,0.2553707737266845
20224,0.2580015571284858
20225,0.2565089864686624
20226,0.2545027184460947
20227,0.2571109250932088
20228,0.2482515078370955
20229,0.2482440138141103
20230,0.2587050818058525
20231,0.2561127579754543
20232,0.2622829934919242
20233,0.2575887458989856
20234,0.258453638340171
20235,0.24818222998117
20236,0.253496481028728
20237,0.2535707039283615
20238,0.2561390665123918
20239,0.2646709555233185
20240,0.2529662632776109
20241,0.2615161661380902
20242,0.2662773679197374
20243,0.2623885478441808
20244,0.252906182077904
20245,0.2570509125603544
20246,0.264446425620033
20247,0.2531971384050514
20248,0.258146190975953
20249,0.2668137856058034
20250,0.2635920875098941
20251,0.2538504288198906
20252,0.2594229046960607
20253,0.2577926320478881
20254,0.2573989940797008
20255,0.2590270508482669
20256,0.2503604572027083
20257,0.2545296831342847
20258,0.2633950574696086
20259,0.2611288205147298
20260,0.2568076233816905
20261,0.2584058796282561
20262,0.2556429718661711
20263,0.2597067959422555
20264,0.257639590462224
20265,0.2630604487355662
20266,0.2665012090131071
20267,0.2595310028127656
20268,0.2559215530857939
20269,0.2619068301979748
20270,0.2498682384689533
20271,0.2637984756431775
20272,0.2586100061922187
20273,0.2594092795219648
20274,0.2643029976168813
20275,0.2525468835260185
20276,0.2628585495873565
20277,0.2593347437050744
20278,0.2541511763146206
20279,0.2636368093308596
20280,0.2583990360933151
20281,0.2545936548289488
20282,0.2578684993416743
20283,0.2514387507488991
20284,0.2560514944366724
20285,0.2543271478904585
20286,0.2492975163760686
20287,0.2590720392746408
20288,0.2568814586042252
20289,0.2565234854231734
20290,0.2561364576343113
20291,0.2625757380475946
20292,0.2489144979400638
20293,0.261121067203396
20294,0.2595336263397417
20295,0.2546885407654428
20296,0.256772833958913
20297,0.2566200125789171
20298,0.2624825644475264
20299,0.2663182601649148
20300,0.2624286405168816
20301,0.2602176274842588
20302,0.2583178874976591
20303,0.2632744328312805
20304,0.2588610720004091
20305,0.2542613348918239
20306,0.2628912630658372
20307,0.2564311701074361
20308,0.257756632014377
20309,0.2501361400631962
20310,0.2588811312322755
20311,0.2550857788279172
20312,0.2616049108834528
20313,0.2652881196722141
20314,0.2545567346443025
20315,0.2618824159736783
20316,0.2575745197007315
20317,0.2601286313854504
20318,0.2510366277673894
20319,0.2566959631014125
20320,0.2491784785191187
20321,0.2584000192345941
20322,0.2562434443050314
20323,0.2591829462958278
20324,0.2565742714118026
20325,0.2499048987722817
20326,0.2490796187130572
20327,0.2448398684950464
20328,0.2493647076794707
20329,0.2519264444872048
20330,0.2493374932276892
20331,0.2549271124115748
20332,0.2583219702032315
20333,0.2549763073873619
20334,0.2523283806164197
20335,0.2520590278450372
20336,0.2551251717898672
20337,0.2430768124430274
20338,0.2610514712133021
20339,0.2493957287111911
20340,0.2505908395950645
20341,0.2590260973096274
20342,0.2605201856426778
20343,0.2508474032219278
20344,0.260750471058821
20345,0.2630693319533381
20346,0.2632097649111722
20347,0.2575735412893803
20348,0.2532044603576922
20349,0.2585181273630494
20350,0.256080307267134
20351,0.262634369523706
20352,0.2530322795734862
20353,0.2563333759534199
20354,0.2599138864930584
20355,0.2562357115549663
20356,0.2592781053016222
20357,0.2590927546387488
20358,0.2615789289889407
20359,0.2546582675860735
20360,0.2592395655325621
20361,0.2534733082681438
20362,0.2611014609741222
20363,0.251381043402631
20364,0.2590531929508528
20365,0.2578527522434693
20366,0.2622725337343189
20367,0.2564237945359489
20368,0.2490178635771629
20369,0.2577328452073659
20370,0.2581365305343563
20371,0.2628402831263163
20372,0.2590368747565892
20373,0.2569693785730974
20374,0.2549494170503107
20375,0.253291054141926
20376,0.2500014125192326
20377,0.2562707773971373
20378,0.256182718766937
20379,0.2610423554309496
20380,0.2507954391694943
20381,0.2531851390754397
20382,0.2521177047847546
20383,0.2595128297371892
20384,0.2558056927140653
20385,0.2566620766932646
20386,0.2676484881523934
20387,0.2662713684238662
20388,0.2609433296553869
20389,0.2454115416347786
20390,0.2599851771247701
20391,0.2509823274361277
20392,0.2578488073513376
20393,0.2595532368089953
20394,0.2610140251209625
20395,0.2525426617479129
20396,0.2528356680107462
20397,0.2492162231758469
20398,0.2467917392860075
20399,0.2616485158837514
20400,0.2504221079251309
20401,0.2591830210460032
20402,0.262266944813314
20403,0.252258126755203
20404,0.2638775505510772
20405,0.2565218256770495
20406,0.2566220831004224
20407,0.2529404517127576
20408,0.2579754960096837
20409,0.2657504118353844
20410,0.251468362720865
20411,0.2519123074258762
20412,0.2634188445154336
20413,0.2557129894394393
20414,0.268019032353704
20415,0.2634534155591171
20416,0.2596710372022054
20417,0.2554857700737105
20418,0.2491576430286204
20419,0.2603658649246728
20420,0.2529992126963376
20421,0.2563106319479566
20422,0.2565683916943203
20423,0.2614210437897052
20424,0.2628089467180799
20425,0.2547951853939522
20426,0.2496455275877997
20427,0.2646917791542955
20428,0.259043672919385
20429,0.2567717418087182
20430,0.2668825777373468
20431,0.2610972073061977
20432,0.2547529205722907
20433,0.2474003103855452
20434,0.259605091658627
20435,0.2542637149127734
20436,0.2592817441599103
20437,0.2525157506717592
20438,0.2539825353309884
20439,0.258118678718451
20440,0.2442257316855056
20441,0.2539325872144557
20442,0.250506093079607
20443,0.2519398811635109
20444,0.2588580602008047
20445,0.2590201967457847
20446,0.2521674650238772
20447,0.2567843928992442
20448,0.2605032981256183
20449,0.2630449756210894
20450,0.2575435098813805
20451,0.2515874706767201
20452,0.2509914557309445
20453,0.2591560113002773
20454,0.2529903081683974
20455,0.2565406523838929
20456,0.2598018066246906
20457,0.257024431362805
20458,0.250026533518441
20459,0.2483328589844372
20460,0.2484229544585094
20461,0.2630970869170403
20462,0.2524908681113679
20463,0.2572266197098565
20464,0.251149315094275
20465,0.2504577145091232
20466,0.2612608878521874
20467,0.2545817730002865
20468,0.2620203120057272
20469,0.255513935251124
20470,0.2548821852116494
20471,0.2694847295580752
20472,0.2593307426933215
20473,0.2623604014307521
20474,0.2534178087154604
20475,0.2566798306730855
20476,0.2606797230828471
20477,0.2540871055626277
20478,0.2665554195870918
20479,0.2624298170923317
20480,0.2588662984166959
20481,0.252114560430336
20482,0.2444614428894263
20483,0.2577350022843412
20484,0.2556373395516486
20485,0.2520984841670303
20486,0.2559094133656345
20487,0.2499883743907343
20488,0.2563962333954092
20489,0.2478347162451654
20490,0.2509927224584757
20491,0.2682835623369229
20492,0.2548882618986152
20493,0.2613676789111543
20494,0.2607116720725575
20495,0.2585037516433059
20496,0.2473413489761657
20497,0.2540009020486005
20498,0.255353363765909
20499,0.2626666188312637
20500,0.2476743104764704
20501,0.2546606951664203
20502,0.2582090080821967
20503,0.2501141550891219
20504,0.2583152617967762
20505,0.2628410118662088
20506,0.2621751932848033
20507,0.2550526639132902
20508,0.2608645958664073
20509,0.248420402048703
20510,0.2556873372509388
20511,0.2473548968317735
20512,0.2556020367794643
20513,0.2518127698198585
20514,0.2586296169388574
20515,0.2577592183907223
20516,0.2655475547199911
20517,0.2557359558246325
20518,0.2539267716117453
20519,0.2604262007466353
20520,0.2590863262520115
20521,0.2525039243496981
20522,0.2542253045240261
20523,0.2559244110363624
20524,0.2610461359693696
20525,0.2584709276572445
20526,0.2536396796311546
20527,0.2559823644608155
20528,0.2554987257737546
20529,0.2592510110627294
20530,0.260890749704915
20531,0.2638497026588545
20532,0.2632940073527883
20533,0.2542043092016517
20534,0.2569220058714712
20535,0.2652503245341885
20536,0.2609515560594772
20537,0.2600553890520185
20538,0.253282237618537
20539,0.2569979269243506
20540,0.2544392748588129
20541,0.2517248167790175
20542,0.2556939462299274
20543,0.2574492288740023
20544,0.2497752689848877
20545,0.2624482326890622
20546,0.255524429248901
20547,0.2646188284728435
20548,0.256402148599242
20549,0.2458439920515591
20550,0.255879567889708
20551,0.2603476818491409
20552,0.2561954017220522
20553,0.2452414139425571
20554,0.250509239465397
20555,0.2510920819367429
20556,0.2509785636967677
20557,0.2565125063094167
20558,0.2520932738102132
20559,0.2491947154728177
20560,0.2578553466324774
20561,0.250240682097395
20562,0.2548529742208461
20563,0.2651923341375117
20564,0.2483245469919275
20565,0.2497695721967904
20566,0.2614886544050594
20567,0.2529686898741831
20568,0.2564761648735237
20569,0.2582547505981338
20570,0.253208346774441
20571,0.2617267368149416
20572,0.2533022552153962
20573,0.2547509596693227
20574,0.2554771142699597
20575,0.2582303716198372
20576,0.2505460044133351
20577,0.24948128149034
20578,0.2544211502677662
20579,0.25434380322707
20580,0.246034626148643
20581,0.2506224013611315
20582,0.2653913301089862
20583,0.2515066421667613
20584,0.2551613296493704
20585,0.254937463906342
20586,0.2603939019672054
20587,0.2588459404915491
20588,0.2505238441501484
20589,0.2588862105459715
20590,0.2472330883407958
20591,0.254078760909769
20592,0.2673716386274752
20593,0.2555960028402542
20594,0.2501986874004834
20595,0.2571993414452067
20596,0.2536010930353099
20597,0.2598828818659199
20598,0.2493771022528041
20599,0.2547695434453572
20600,0.2499728768312669
20601,0.2595040242318472
20602,0.2604853239079429
20603,0.2616207957239043
20604,0.2488501688282467
20605,0.2613058594297923
20606,0.2608617987953062
20607,0.2527389270359182
20608,0.2547718825167624
20609,0.2515129725800901
20610,0.2616100774993473
20611,0.2557679816186786
20612,0.2573335037343738
20613,0.2548826447874254
20614,0.2582404690326949
20615,0.2602693544067705
20616,0.2593646082863078
20617,0.2558819476771227
20618,0.2489513947273492
20619,0.2576686561058653
20620,0.256804279165268
20621,0.2511222918296422
20622,0.2568966517220701
20623,0.2529358020229913
20624,0.2599074341826783
20625,0.2529609877158051
20626,0.2501507084401107
20627,0.2660459162828935
20628,0.2545668939772304
20629,0.2558668306053591
20630,0.2585482443889673
20631,0.2546375096813976
20632,0.25673180989773
20633,0.2522260742230527
20634,0.2514599841333915
20635,0.245231449649673
20636,0.2551521856367254
20637,0.2663543636828267
20638,0.2504095598056191
20639,0.2575684327757271
20640,0.2563409360320866
20641,0.2551354311614767
20642,0.2549337256514446
20643,0.2571212540648949
20644,0.2566880118380086
20645,0.2603310876100601
20646,0.2560976244282875
20647,0.2531614589909026
20648,0.2540045792930385
20649,0.2499842147659282
20650,0.2426738740571057
20651,0.2535386595879677
20652,0.2540648974721179
20653,0.2596590680106469
20654,0.2530871232810718
20655,0.2505858268462348
20656,0.2517883869320027
20657,0.256485393232615
20658,0.2486586950827714
20659,0.2609208429191727
20660,0.2562801235571204
20661,0.2591926970377179
20662,0.2555159371572955
20663,0.2509192879061206
20664,0.2554248450211787
20665,0.2451914637473234
20666,0.2546594912277788
20667,0.2554444142550591
20668,0.2543778204711381
20669,0.2520794839619606
20670,0.2638407932964645
20671,0.2603485653755686
20672,0.2502138137823906
20673,0.2468539325303256
20674,0.2469805305023411
20675,0.2588083620773549
20676,0.2492169614559178
20677,0.2562024080632129
20678,0.2526256000921234
20679,0.257551504566279
20680,0.2591313528429332
20681,0.2589386669372914
20682,0.2653780231047805
20683,0.2532076295954009
20684,0.248271502616878
20685,0.2527380234891012
20686,0.2626125613680667
20687,0.26388151506553
20688,0.2522774040888574
20689,0.2511886226159311
20690,0.2486852002222698
20691,0.2555414018706462
20692,0.251091095139535
20693,0.2480220716068063
20694,0.2483149203697384
20695,0.2549234494690586
20696,0.2539216188994023
20697,0.2533972812118579
20698,0.2545556213100501
20699,0.2626752888463301
20700,0.2523328692285124
20701,0.2550475838210107
20702,0.2440785909135349
20703,0.254329525667915
20704,0.2536293490951241
20705,0.257761636294425
20706,0.2548798792151889
20707,0.250946246466818
20708,0.2579461984515215
20709,0.2606471242322494
20710,0.2676633752081474
20711,0.2622433054476047
20712,0.260565765343127
20713,0.2496314887117997
20714,0.2582871572144378
20715,0.2587005641143188
20716,0.2711314700185215
20717,0.2606959106285291
20718,0.2668519223895387
20719,0.2525499905953045
20720,0.2563711932416313
20721,0.2472971655027054
20722,0.2498552020229831
20723,0.2589725726131592
20724,0.2472638461813967
20725,0.2605347776488865
20726,0.2488892483274189
20727,0.2492118552180263
20728,0.2483343032488963
20729,0.2493084808372059
20730,0.2505991065682167
20731,0.2481599804455143
20732,0.2478378323506291
20733,0.2456132838134425
20734,0.2597929116492306
20735,0.262952276728661
20736,0.2552050906756783
20737,0.2548030114594188
20738,0.2453946047319684
20739,0.2596189563887845
20740,0.2662622653184001
20741,0.2553297636097844
20742,0.2551478933365788
20743,0.2582585585981451
20744,0.2534856163652584
20745,0.2549436075870908
20746,0.2580086929937378
20747,0.2493154854241673
20748,0.2588363192516305
20749,0.2551486057469471
20750,0.2499237942330767
20751,0.2496063502459466
20752,0.254553489436136
20753,0.2605868388154299
20754,0.2571863141180041
20755,0.2442662152760237
20756,0.2550447025625878
20757,0.2580320782421178
20758,0.2660162057351874
20759,0.2634180556624515
20760,0.2525641431026451
20761,0.2601891553022821
20762,0.256431133407231
20763,0.2496773181347327
20764,0.2480454740378015
20765,0.2556764835365295
20766,0.2529908440324002
20767,0.2541737252395631
20768,0.2620342867730483
20769,0.2602302323986088
20770,0.2542954513282459
20771,0.2481558451846647
20772,0.2565629470620061
20773,0.2517303745547857
20774,0.2525549858805115
20775,0.2517742564578215
20776,0.2580185716374181
20777,0.2713680832607186
20778,0.2541849709158148
20779,0.2517673855228176
20780,0.2637415294214302
20781,0.25023344557998
20782,0.2594001273019363
20783,0.2534700241073488
20784,0.2591274447668434
20785,0.2610521216088468
20786,0.2526410385074699
20787,0.261161950379955
20788,0.2556108052356409
20789,0.2596505134428507
20790,0.2557807998666281
20791,0.248808604078082
20792,0.2596029809690255
20793,0.258660626734903
20794,0.25186464507246
20795,0.2553069544814504
20796,0.2692836646917715
20797,0.2475887735900553
20798,0.2516968680824305
20799,0.2521452256962583
20800,0.2546798181786159
20801,0.248094530320233
20802,0.2520574072055596
20803,0.2385247297037347
20804,0.2517377054227471
20805,0.2540274683332373
20806,0.2530108834453521
20807,0.2551525711885142
20808,0.2601739818856678
20809,0.247627890996935
20810,0.2518144094411188
20811,0.259666634982261
20812,0.2517133650498521
20813,0.2563219017520872
20814,0.2562425984235247
20815,0.2536748941899615
20816,0.253787816251812
20817,0.2540398292738776
20818,0.2549562626323883
20819,0.250799444156841
20820,0.2625840975058855
20821,0.2590089032109557
20822,0.2539009793786241
20823,0.2613485456315392
20824,0.2513098937679167
20825,0.2563146269965453
20826,0.2557315933248312
20827,0.2557515179454858
20828,0.2596719293260098
20829,0.2633516912698709
20830,0.265187463838755
20831,0.2624915135939152
20832,0.2561126776888489
20833,0.2594785367540317
20834,0.2605948445378395
20835,0.2623551533981589
20836,0.2506451731605265
20837,0.2481692081293137
20838,0.2530312720182945
20839,0.263040645174843
20840,0.2546385500832642
20841,0.2544879938932733
20842,0.256120635249901
20843,0.2569030062109582
20844,0.2628010452501464
20845,0.2640230093162227
20846,0.2576347341432534
20847,0.2687409327186146
20848,0.2564878994996398
20849,0.2543090543969194
20850,0.2590031893255854
20851,0.2642958337220882
20852,0.2576875298289064
20853,0.2534229979208888
20854,0.2507527052415443
20855,0.2612868492876736
20856,0.2593029121624001
20857,0.2584314681799746
20858,0.252870959757176
20859,0.251556245642256
20860,0.2582541742020672
20861,0.2665122491737267
20862,0.2630434165850309
20863,0.2672712179630958
20864,0.2506706095152208
20865,0.2526739114566168
20866,0.2523934209027335
20867,0.2600345326923226
20868,0.2508706535274881
20869,0.2538126160877328
20870,0.25814688384629
20871,0.2496745491519753
20872,0.2617324235842419
20873,0.2653758335553751
20874,0.2529065521264654
20875,0.2545599506923395
20876,0.2525588124762493
20877,0.2628622251788413
20878,0.2569213532536999
20879,0.2564581758387985
20880,0.2542940121453828
20881,0.2538127202795544
20882,0.2483317414540818
20883,0.256096915524293
20884,0.2549890945126564
20885,0.2608076919252815
20886,0.2486027013626764
20887,0.2560341286278942
20888,0.2517411543809517
20889,0.2700106546226997
20890,0.2535425174328274
20891,0.2534264683451248
20892,0.254836932245543
20893,0.2530081287058743
20894,0.2523835779536312
20895,0.2502793856020616
20896,0.2614621018429696
20897,0.2613668267800169
20898,0.2580811456323604
20899,0.2599371857540473
20900,0.2689583586595383
20901,0.2594701224389204
20902,0.2550026347301622
20903,0.2514607283057266
20904,0.2519771363036964
20905,0.2554662689665872
20906,0.2604545853691393
20907,0.2626773922767351
20908,0.2570363222171034
20909,0.2588995889211434
20910,0.2635772340634064
20911,0.2632424112510739
20912,0.2573138528817317
20913,0.2604557036488795
20914,0.2577565616284862
20915,0.2596099792000706
20916,0.2554453002554288
20917,0.2565502537986863
20918,0.249361174763065
20919,0.2590177286236844
20920,0.2540227365170914
20921,0.2529033820211677
20922,0.2550275195487926
20923,0.2525486514405779
20924,0.2636880755424134
20925,0.2609596183451735
20926,0.2511710493788638
20927,0.2615313133291345
20928,0.2591310134478642
20929,0.2615168174284509
20930,0.2547053154896708
20931,0.264843804066783
20932,0.2544263466953017
20933,0.2610171082697911
20934,0.2603969710626043
20935,0.2557043809080176
20936,0.2554744817452689
20937,0.2512496986777105
20938,0.2612985133196818
20939,0.2599714852657681
20940,0.2573705728538069
20941,0.25856236215097
20942,0.2639400533592226
20943,0.2502613292618311
20944,0.2654743948774762
20945,0.2626998136688893
20946,0.2530065226079279
20947,0.2612455186648142
20948,0.2592539600495081
20949,0.2513218246825299
20950,0.2539828231911776
20951,0.2517686619137336
20952,0.2520827051968288
20953,0.2517750282427575
20954,0.2585731899399473
20955,0.2514137626564453
20956,0.2555905752345868
20957,0.2534770811018804
20958,0.2470054621962458
20959,0.2615081650860423
20960,0.2516040827591825
20961,0.2562820027816287
20962,0.267374531679801
20963,0.2621639829426818
20964,0.2515373254430169
20965,0.2545294873492104
20966,0.2533339888274979
20967,0.2506395207415333
20968,0.2676216755803103
20969,0.2517464154132985
20970,0.2550621871789617
20971,0.2648951423942891
20972,0.2528820589166372
20973,0.2516224249553174
20974,0.2623242386754973
20975,0.2666352067054484
20976,0.2588037128651397
20977,0.2548201614723325
20978,0.2535599407393206
20979,0.2537994347281199
20980,0.2535423489989704
20981,0.2519442244720892
20982,0.2526804443060724
20983,0.2494580233725361
20984,0.260046319325445
20985,0.2516433248844415
20986,0.2483899196976899
20987,0.2488588596421754
20988,0.2483822958505064
20989,0.2594065802700888
20990,0.2527551669193601
20991,0.2594711833505111
20992,0.2577332693844726
20993,0.2520294385776422
20994,0.2556620677676645
20995,0.2537047493357603
20996,0.2584549772639402
20997,0.2487083316519842
20998,0.2553115116238369
20999,0.250327002643902
21000,0.2519059831818278
21001,0.2550036130045115
21002,0.2575308156205588
21003,0.2558356839084562
21004,0.2564966838530658
21005,0.2582784605982081
21006,0.2514895425257476
21007,0.2503611538695758
21008,0.2525471148182016
21009,0.2502205451551154
21010,0.2574443723061944
21011,0.250960390604582
21012,0.2591011375536035
21013,0.257884459377465
21014,0.2447757778116379
21015,0.2534057357478575
21016,0.2572264189799474
21017,0.250374563923033
21018,0.2482480948636057
21019,0.2696013536252404
21020,0.2496010021598776
21021,0.2472260359387149
21022,0.2534943142999891
21023,0.2479725242392002
21024,0.2496009479667039
21025,0.2500652389016504
21026,0.2528073981018915
21027,0.2687371022809435
21028,0.2527785223111605
21029,0.2501045112564586
21030,0.2599855752227857
21031,0.2542543403789556
21032,0.2566048907335223
21033,0.2507296508372053
21034,0.2485280037717138
21035,0.2580061528474395
21036,0.2594857432921483
21037,0.2562415861060955
21038,0.2624005792165273
21039,0.26774235517267
21040,0.2559514242337041
21041,0.262652228236459
21042,0.2538801034583724
21043,0.2495535098957847
21044,0.2561316165665436
21045,0.2623024689219498
21046,0.2647608077608825
21047,0.2519955597776968
21048,0.2626975555502265
21049,0.2595538892359593
21050,0.2581810158572501
21051,0.2534875129486879
21052,0.2563345090022085
21053,0.2588456469982726
21054,0.259644534943614
21055,0.2443108634694416
21056,0.2570412205798993
21057,0.2454135213764537
21058,0.2548189085146147
21059,0.2431634951152849
21060,0.2543508524790461
21061,0.248299425021968
21062,0.2567154130550271
21063,0.2570318917957545
21064,0.2530213161456908
21065,0.2569528716676993
21066,0.2586106710720541
21067,0.2593148236007143
21068,0.2511837942087545
21069,0.2557532455176037
21070,0.2620659502419878
21071,0.2502603879008974
21072,0.2492895096373843
21073,0.2591764626711338
21074,0.2551032003803063
21075,0.2612350704504053
21076,0.2612935854451096
21077,0.2628015999095355
21078,0.2608592267346414
21079,0.2645251897335651
21080,0.2620363826047
21081,0.2664228573790168
21082,0.2497262388508749
21083,0.268154438104778
21084,0.2587492443101177
21085,0.268129843766742
21086,0.2582411039193698
21087,0.2582652264621772
21088,0.2511785740185663
21089,0.2587511965308963
21090,0.2474227480878836
21091,0.2572971664812203
21092,0.2546443989145801
21093,0.2422806716295639
21094,0.2524060109195038
21095,0.2471387707724837
21096,0.2532517479274249
21097,0.2472374070910934
21098,0.2471175120985295
21099,0.2536766803919606
21100,0.2484545881107817
21101,0.2532638143826186
21102,0.2542865308101714
21103,0.246219516788021
21104,0.2521630515980255
21105,0.254886554511378
21106,0.2529826881002163
21107,0.2556359640502403
21108,0.2519885309670457
21109,0.2502756561972395
21110,0.2519582022284882
21111,0.260084252034634
21112,0.2559042091480993
21113,0.2605905340278204
21114,0.2575165652777895
21115,0.2596210311536844
21116,0.2474012591337297
21117,0.2526258104826056
21118,0.2535651735204659
21119,0.2480682651918995
21120,0.257727030643775
21121,0.2614515027194974
21122,0.2502995030928799
21123,0.2539085686795744
21124,0.2528447214452901
21125,0.255556662014473
21126,0.2644684058699523
21127,0.2562648032757992
21128,0.2565347823643553
21129,0.2536760406097438
21130,0.2565008650114602
21131,0.2618561416382484
21132,0.2633372861405004
21133,0.2573686706742745
21134,0.2689740935985621
21135,0.2603612296852222
21136,0.2592127488082806
21137,0.2574678162689121
21138,0.2560745475446284
21139,0.2566171772717635
21140,0.2566998133120016
21141,0.2568525856450722
21142,0.2547528919307375
21143,0.2604124432498528
21144,0.2593490628122902
21145,0.2545740202896734
21146,0.2610375251268612
21147,0.2579789668859324
21148,0.2468643036594775
21149,0.2595739799679695
21150,0.2592154605881225
21151,0.2670768927445037
21152,0.2526407116396377
21153,0.2538132908992225
21154,0.2501999861968397
21155,0.2592060478017861
21156,0.2633210159363198
21157,0.2627427665852334
21158,0.2549245800578906
21159,0.2567361937924612
21160,0.2516697581861167
21161,0.2563753141399396
21162,0.2705477286597698
21163,0.2602991107437392
21164,0.2541976591040635
21165,0.259426630119331
21166,0.2584488753361701
21167,0.2590833889756048
21168,0.2522252224730699
21169,0.2520221461795154
21170,0.2535614177392853
21171,0.2621444874956862
21172,0.2565902990956197
21173,0.2497482652512731
21174,0.2650438600460197
21175,0.2563923937763582
21176,0.2600720062102928
21177,0.2625369349979196
21178,0.2503749062435064
21179,0.2544370547941356
21180,0.2446615669048713
21181,0.2584640308568641
21182,0.2598421114021055
21183,0.2570202209373839
21184,0.2550786092683292
21185,0.2572701736150786
21186,0.256304106412296
21187,0.2636206005376785
21188,0.2588720948205623
21189,0.2529749872254305
21190,0.2565125740139417
21191,0.2500287840273638
21192,0.2590489757858826
21193,0.2527185451331944
21194,0.2524872341887882
21195,0.2498591570660457
21196,0.2472640025589115
21197,0.2555453382723657
21198,0.24771943709525
21199,0.2622324373814307
21200,0.2513461740137809
21201,0.2515356696257486
21202,0.2555422505846407
21203,0.2611923620425056
21204,0.2606704264302408
21205,0.2569978139914294
21206,0.2601509971333891
21207,0.2516233416588814
21208,0.2616468174808019
21209,0.2577907101893129
21210,0.2507701789501377
21211,0.2551877672876351
21212,0.2556595055962433
21213,0.2573004133172312
21214,0.2533993292348574
21215,0.254288223342822
21216,0.2648961113903237
21217,0.2565170672953903
21218,0.2570059528375917
21219,0.2660920734347333
21220,0.2562737045395479
21221,0.2595625871385081
21222,0.259465756624463
21223,0.260972685187809
21224,0.2545193818844066
21225,0.2605097467491914
21226,0.251003201237297
21227,0.2586490880956025
21228,0.2648440520616252
21229,0.2626375031791105
21230,0.2509363404431379
21231,0.2581889087218032
21232,0.2613573109685123
21233,0.2483969363606695
21234,0.2482819741105536
21235,0.2536585322675244
21236,0.2630124751918585
21237,0.2511397061073177
21238,0.2473669571705186
21239,0.2641822423327299
21240,0.2534087386089021
21241,0.2544647525120017
21242,0.2538353353107195
21243,0.2552175596919386
21244,0.2511731707148445
21245,0.2546520977018218
21246,0.2544648260242849
21247,0.2554500762854938
21248,0.2487332826627379
21249,0.2484853162814209
21250,0.2530902527041953
21251,0.2501076916778494
21252,0.2556224749441658
21253,0.2581401112533917
21254,0.2414102177546221
21255,0.2481952730799923
21256,0.256050699419106
21257,0.255370118307208
21258,0.237315824064929
21259,0.253451934571707
21260,0.2596168841661942
21261,0.249938923219607
21262,0.2604786820370974
21263,0.2548253227030462
21264,0.257906642561541
21265,0.257263493455758
21266,0.266107284022107
21267,0.2545014581252027
21268,0.2520580460330199
21269,0.2559895833119288
21270,0.2492486372526988
21271,0.2509909858619917
21272,0.2526145949519587
21273,0.2558354306298514
21274,0.2551291158582303
21275,0.2479551207911726
21276,0.2481630414954194
21277,0.2538110059378674
21278,0.2495950212127432
21279,0.2415256821260188
21280,0.2502588744202873
21281,0.2595485278734476
21282,0.2476249579266476
21283,0.2524037452353254
21284,0.2590992479165012
21285,0.251136384534272
21286,0.2621750566748353
21287,0.2562891670637601
21288,0.2545767102765839
21289,0.2528936206625071
21290,0.2613738068209243
21291,0.2568397943466363
21292,0.2546121387521375
21293,0.2500361009050649
21294,0.2563902696644441
21295,0.2574652418647352
21296,0.2480768830303597
21297,0.2503928617877961
21298,0.2549853710159023
21299,0.2444181469012408
21300,0.2518136534436608
21301,0.2656825135222713
21302,0.2685355466227291
21303,0.2600164634298812
21304,0.2568233865517974
21305,0.2589679931363127
21306,0.2510127825900847
21307,0.2626075285397251
21308,0.2524280813133761
21309,0.2547673817768497
21310,0.2514864188704279
21311,0.252049800701084
21312,0.2574925959857448
21313,0.2491390714683667
21314,0.2405608273046002
21315,0.2567417421014644
21316,0.2535034770618075
21317,0.2559510885866425
21318,0.2570687897175973
21319,0.2506309939096549
21320,0.2475566657454704
21321,0.2496435066559917
21322,0.2567407859417362
21323,0.2437078671629989
21324,0.2499091409686585
21325,0.2446681996762612
21326,0.2563407245234605
21327,0.242706883529304
21328,0.2475429789372651
21329,0.247198287385621
21330,0.2451533009654351
21331,0.2524670837981075
21332,0.2516817303272734
21333,0.2514658370769465
21334,0.2566868110334012
21335,0.2513514908773777
21336,0.2507297374915899
21337,0.248409690786708
21338,0.2518565364516358
21339,0.2568818466801531
21340,0.2567706422300528
21341,0.2476521779263888
21342,0.255168840026987
21343,0.2520329516933511
21344,0.2458078617282461
21345,0.25484999257097
21346,0.2478600738852127
21347,0.2503605206855626
21348,0.255701321124256
21349,0.2482005818075601
21350,0.2467070162499957
21351,0.2430772733094101
21352,0.2566601259258904
21353,0.2466509707767042
21354,0.2540192816971618
21355,0.2535482776912385
21356,0.2488678233003197
21357,0.2531327194683565
21358,0.250782915522506
21359,0.2582758119001317
21360,0.2553648806101102
21361,0.2530864718476529
21362,0.2537427324145582
21363,0.2397553128816756
21364,0.2439898270073688
21365,0.2565368321494384
21366,0.2547948014715869
21367,0.2600337129777709
21368,0.2524508046241332
21369,0.2528533778052915
21370,0.2434440870369046
21371,0.2544679947482333
21372,0.2479692339167678
21373,0.2471765498562573
21374,0.2479625699153139
21375,0.2577079075632242
21376,0.2559477913697822
21377,0.2523799207139433
21378,0.2529865171009059
21379,0.2533569479694445
21380,0.2479296701890032
21381,0.2528027969416087
21382,0.2559528641682572
21383,0.2534225784136005
21384,0.245812872650845
21385,0.2571784716062206
21386,0.2553749196488571
21387,0.2548881023030235
21388,0.249773238583573
21389,0.2452583896382498
21390,0.2478482335105611
21391,0.2434790205715501
21392,0.2458716773855299
21393,0.2549225187694169
21394,0.2537698303010876
21395,0.2553616925435208
21396,0.2531641572495975
21397,0.2596983008720983
21398,0.2444224249956884
21399,0.2605350960077224
21400,0.2576343122037547
21401,0.2570592399520901
21402,0.2516238036216168
21403,0.250112292446876
21404,0.2479064053901293
21405,0.2463703198489381
21406,0.2624200815284754
21407,0.2457743428883393
21408,0.2477463316886356
21409,0.2569662442181651
21410,0.2535724523660128
21411,0.2591734273373303
21412,0.2663465848465424
21413,0.2515285237019161
21414,0.2489838263052641
21415,0.2476599169260665
21416,0.2563350534639669
21417,0.2597226672463237
21418,0.2505802683936068
21419,0.2581021828624741
21420,0.2415258257841284
21421,0.2478427318662572
21422,0.2514613275193812
21423,0.2504444765978427
21424,0.2490350315003065
21425,0.2444370003588102
21426,0.2550863303278468
21427,0.2570804629051202
21428,0.2524471849065627
21429,0.2511328577408662
21430,0.2507505265541956
21431,0.2633741108060418
21432,0.2530531903216589
21433,0.2578859735532838
21434,0.2579406368913992
21435,0.2526132758721281
21436,0.2484709952876582
21437,0.2526936347124934
21438,0.2474126694981021
21439,0.2560189265239039
21440,0.2450633183455287
21441,0.256408161579799
21442,0.2480430717083004
21443,0.2534198002487278
21444,0.2557749970710923
21445,0.270370128633188
21446,0.2563701260642789
21447,0.2551073470579217
21448,0.2504889208156674
21449,0.2549427369909219
21450,0.255050861855717
21451,0.2503694095767798
21452,0.247122177001854
21453,0.2601734246121721
21454,0.2515290001098482
21455,0.2512493244832424
21456,0.2534400815064543
21457,0.2519626893780468
21458,0.2582485887312301
21459,0.2579184360123905
21460,0.2543864183415975
21461,0.2626887991884999
21462,0.2537137627179326
21463,0.2467584010060665
21464,0.2570385904932268
21465,0.2512768383007855
21466,0.2485544927718246
21467,0.2522743921112141
21468,0.2491401357109107
21469,0.2544192590316588
21470,0.2479192931766148
21471,0.2498438347199077
21472,0.2522160731938783
21473,0.2451402301482681
21474,0.2572289136531052
21475,0.2535635336062974
21476,0.2512280545637959
21477,0.2477980169319777
21478,0.2585959477563168
21479,0.2552759771879378
21480,0.2530115055908903
21481,0.2497493795051076
21482,0.2525066283405592
21483,0.2572906129818865
21484,0.2628743228251859
21485,0.2509734246634227
21486,0.2588263906885611
21487,0.251192870705484
21488,0.248733004466346
21489,0.2427481490812904
21490,0.2504851610728553
21491,0.2518374550636816
21492,0.2590781039021196
21493,0.2691928177556332
21494,0.2549714795920491
21495,0.2538301791338643
21496,0.2663182131903885
21497,0.2469561034843392
21498,0.2472522359034749
21499,0.2568611117418358
21500,0.2663354336201186
21501,0.2585534345069988
21502,0.2509603537412861
21503,0.2618259304324271
21504,0.2535557445583655
21505,0.2555013995190894
21506,0.2644472599575491
21507,0.2631116751457361
21508,0.2530957671008974
21509,0.2597406196521837
21510,0.2476039300504411
21511,0.2558267680854847
21512,0.2494213039955979
21513,0.2539532613785892
21514,0.2522111570934449
21515,0.2569388769237346
21516,0.2520769622610879
21517,0.2604975362171681
21518,0.2694388721169936
21519,0.2577312919171809
21520,0.2569581112529056
21521,0.2497043264103539
21522,0.2536108791349208
21523,0.2503921874877024
21524,0.2570604349994957
21525,0.2485754863633721
21526,0.2426436276714116
21527,0.2545173585449272
21528,0.2524370546703633
21529,0.243629671054595
21530,0.2621615615205935
21531,0.2581505584161138
21532,0.2546039127158094
21533,0.2549717675041569
21534,0.2583906735702386
21535,0.2556072932283865
21536,0.2597551942769117
21537,0.2559568425147278
21538,0.2588298659972783
21539,0.2591526777017712
21540,0.2454982588881678
21541,0.2576429361508687
21542,0.2504448410598913
21543,0.258727688502785
21544,0.2665554264039174
21545,0.2593243071583788
21546,0.2528151429304786
21547,0.2494684805684605
21548,0.2551789144024447
21549,0.2527449248602688
21550,0.258582186294878
21551,0.249318236634657
21552,0.255580204015118
21553,0.2611006873857838
21554,0.2577559409109257
21555,0.2507130091426834
21556,0.2482174873307358
21557,0.2471228357064208
21558,0.2563902078283984
21559,0.2451908883507471
21560,0.2573595203337077
21561,0.2499855541649856
21562,0.2495053730775007
21563,0.2571453989666961
21564,0.2478515674400846
21565,0.2523853581053039
21566,0.2445559399421867
21567,0.2528430302204921
21568,0.2471169607283464
21569,0.2544987088863087
21570,0.2429204491681944
21571,0.2506164353607609
21572,0.2509568294276465
21573,0.2508395226935525
21574,0.2549424184553959
21575,0.255161603085381
21576,0.2558281670916519
21577,0.2554953651338623
21578,0.2559707026353908
21579,0.2549647085338053
21580,0.2579159030133887
21581,0.2609482692984594
21582,0.2636101791619187
21583,0.2498128702267417
21584,0.2540779780909003
21585,0.2543273866630244
21586,0.2591172478136405
21587,0.2483814521062861
21588,0.2492835407075494
21589,0.256509978735885
21590,0.2580585324219509
21591,0.2541426728761289
21592,0.2599685389285056
21593,0.2566065930456594
21594,0.2576720043694657
21595,0.2486260548924117
21596,0.2676517576651505
21597,0.2509440365305979
21598,0.2632548368126113
21599,0.2528450992761568
21600,0.2477389300158746
21601,0.254642814969626
21602,0.2593607875797925
21603,0.2558901532547996
21604,0.2545614516412512
21605,0.2472425555539643
21606,0.2579227617243729
21607,0.257657422304868
21608,0.2565629535203514
21609,0.2451661833310415
21610,0.2580800835681915
21611,0.2435010374025769
21612,0.2495429726245676
21613,0.2489462381264687
21614,0.2522293731399314
21615,0.2460609547956478
21616,0.2450029608804601
21617,0.2422649439440203
21618,0.2547732613237747
21619,0.2493942669108992
21620,0.2552196980510756
21621,0.2529393739638846
21622,0.247914779513447
21623,0.248794491832568
21624,0.2601082637700364
21625,0.2468628069210121
21626,0.2524568339533517
21627,0.2575024360675403
21628,0.2522403814396275
21629,0.2528379415305773
21630,0.2525102960427686
21631,0.2539452536316206
21632,0.2446533661615356
21633,0.2549942438390073
21634,0.2529380583857395
21635,0.2557552802113374
21636,0.2579093457168786
21637,0.253390461139186
21638,0.2500849086856678
21639,0.2568420779916022
21640,0.2475847533370496
21641,0.2502182427547327
21642,0.255387773670338
21643,0.2484386847936862
21644,0.2481203250873516
21645,0.250784235091569
21646,0.254712364152758
21647,0.2577230133367463
21648,0.2498214005637308
21649,0.2530265365928448
21650,0.2456320112750394
21651,0.249730653692238
21652,0.2586347409679618
21653,0.2581822942557254
21654,0.2525069925401252
21655,0.2461201686066722
21656,0.2639905219462201
21657,0.2529943940317896
21658,0.2580785122942864
21659,0.2534686818727303
21660,0.2573970079459226
21661,0.2533428453889705
21662,0.246620891192775
21663,0.2489243779038558
21664,0.2523162930543234
21665,0.2539825147222642
21666,0.2485836363415322
21667,0.2603315140076873
21668,0.2524390540262078
21669,0.2512153998196523
21670,0.2592217560551767
21671,0.2487592306054205
21672,0.2495396886298174
21673,0.257063167625799
21674,0.2600534194091004
21675,0.2536276880314409
21676,0.2546792938316391
21677,0.2519375751097748
21678,0.2498430008828597
21679,0.243913517455962
21680,0.2638389075200513
21681,0.2612795695425427
21682,0.2487469966966191
21683,0.2487385147551097
21684,0.252433143221292
21685,0.2584286790956244
21686,0.2554664312750093
21687,0.2613044013316897
21688,0.2517169509915046
21689,0.2553405217056584
21690,0.254191858683313
21691,0.2526180011036202
21692,0.2601547726466817
21693,0.2539476900367027
21694,0.2546788121559055
21695,0.2492191517699701
21696,0.2552890732262817
21697,0.2642745551214956
21698,0.257065751416868
21699,0.2510295165205113
21700,0.2642521041109777
21701,0.2578753403175641
21702,0.2556060290435981
21703,0.2588804470113579
21704,0.2513719107376003
21705,0.2485893953882137
21706,0.2449246186765057
21707,0.2531577176163546
21708,0.2587191608729848
21709,0.2552259616292108
21710,0.2534975422407572
21711,0.2565245637744126
21712,0.2508806435334927
21713,0.2607169179963
21714,0.2518320494316468
21715,0.2469611143065208
21716,0.2531548789622635
21717,0.251681099720393
21718,0.2610729485076416
21719,0.255916086412205
21720,0.2581904631385461
21721,0.2525370925417132
21722,0.2592934460643839
21723,0.2535785356915034
21724,0.2549389657586607
21725,0.2556245018103261
21726,0.2512773381540059
21727,0.2509054098311301
21728,0.2563631997244032
21729,0.2536445686509643
21730,0.2510209316796809
21731,0.2505992941385618
21732,0.2408288680670167
21733,0.2416510969608154
21734,0.2488082340947361
21735,0.250719759382811
21736,0.2542980559368373
21737,0.2563241266795016
21738,0.2420312569057082
21739,0.2485614878532547
21740,0.2512437340724552
21741,0.2378119218758294
21742,0.2522271113989786
21743,0.2460828101546767
21744,0.2549756770493819
21745,0.2511800441934064
21746,0.2474003624813964
21747,0.2493568371512206
21748,0.2483796120848151
21749,0.2539806764466416
21750,0.2483794027327809
21751,0.2436144556069072
21752,0.2541060063293171
21753,0.2569415886360348
21754,0.2478297025635975
21755,0.2445141706454323
21756,0.2485088773744085
21757,0.2437983152126249
21758,0.2619177238189231
21759,0.2547793912151725
21760,0.2420368747776395
21761,0.2522200607009007
21762,0.2431421050232172
21763,0.252607083282055
21764,0.2517571033528425
21765,0.2563865802400555
21766,0.2465103767057655
21767,0.2554137088512427
21768,0.2569984444368409
21769,0.2452818225074943
21770,0.2561184841129038
21771,0.2620420277008302
21772,0.2554759161057392
21773,0.2605514454405849
21774,0.2531717867721566
21775,0.2578399430124672
21776,0.2487712597354966
21777,0.2501312685926161
21778,0.2584378657624501
21779,0.2509824139394563
21780,0.2498079161554155
21781,0.2574602630979062
21782,0.2562758386057562
21783,0.2525282703707669
21784,0.2519025799131277
21785,0.2566387773244408
21786,0.2486581788857376
21787,0.2482158703629707
21788,0.2485764392197176
21789,0.2534780252785378
21790,0.2539875614049826
21791,0.2547155246553442
21792,0.2529262450320436
21793,0.2488111998135879
21794,0.2574630883120754
21795,0.2529284639333511
21796,0.2456290751053573
21797,0.2650051896143405
21798,0.2458763306000619
21799,0.2438415962913038
21800,0.2479950625616772
21801,0.2499962618401196
21802,0.2507540434725344
21803,0.2594006325011289
21804,0.2503316852010781
21805,0.2548019887829239
21806,0.253486749005046
21807,0.24981333890821
21808,0.2504315965449739
21809,0.2562409582243081
21810,0.2431200452059749
21811,0.2432984334374106
21812,0.2387737136547111
21813,0.2499220493565527
21814,0.2546701695323375
21815,0.2543496278831504
21816,0.2567452211937761
21817,0.246679549832194
21818,0.2460170147751887
21819,0.241587759093863
21820,0.254181916597779
21821,0.2623288911473273
21822,0.2502470975886437
21823,0.246129204058092
21824,0.2431326330762035
21825,0.2490458278091806
21826,0.2570091097891502
21827,0.2540339323833601
21828,0.2517047046168897
21829,0.2442242281922319
21830,0.2518413577669469
21831,0.2581149010903136
21832,0.2513670568863178
21833,0.2557399538415921
21834,0.2469326613907252
21835,0.2542148606920029
21836,0.2517411874251706
21837,0.2519248668647437
21838,0.2466438609404713
21839,0.2473630929626346
21840,0.2539410782084798
21841,0.2497930739098495
21842,0.2520854561952193
21843,0.2563057858651283
21844,0.2509457777162188
21845,0.2579960651506223
21846,0.2510167379828698
21847,0.2464457091915249
21848,0.246324934611759
21849,0.2495823958501398
21850,0.2519137329383668
21851,0.2457877654985142
21852,0.2594771031747696
21853,0.2481537894029826
21854,0.2517207894914799
21855,0.2470983301026959
21856,0.2468325822214985
21857,0.2463184393754975
21858,0.2480928400193958
21859,0.248388226404286
21860,0.2439353096910417
21861,0.2446009801713262
21862,0.2537637642018258
21863,0.2449909812979187
21864,0.2544707693863398
21865,0.2471527280860751
21866,0.2548671350832551
21867,0.2462524308406724
21868,0.253002691258769
21869,0.2410065007796304
21870,0.2489142841122766
21871,0.2378279853489051
21872,0.2502431257492983
21873,0.2528688934100757
21874,0.2428166013170804
21875,0.2506676030722315
21876,0.2579129551191902
21877,0.2536806370713707
21878,0.2552796890245271
21879,0.2519965232867486
21880,0.2443576205060478
21881,0.2467221092309264
21882,0.2401236908771974
21883,0.2467302073889261
21884,0.2413533831252674
21885,0.2472454766336957
21886,0.2479637973724065
21887,0.2449122630598394
21888,0.2475999756923957
21889,0.2415160452466499
21890,0.2513706534933111
21891,0.2504928112915445
21892,0.252658611537232
21893,0.2531603402458147
21894,0.2530854404812841
21895,0.2516403253407204
21896,0.2492052859379494
21897,0.2518814638060918
21898,0.2487106502236761
21899,0.2560550553700718
21900,0.250862038895695
21901,0.2533052648028299
21902,0.242220811465259
21903,0.2463878044032866
21904,0.2512828771090969
21905,0.2581030249244537
21906,0.2535698744854071
21907,0.2526609714918165
21908,0.2592039009655997
21909,0.2498581148408968
21910,0.2542814399402418
21911,0.2518205763326091
21912,0.252052757633891
21913,0.2539531862051874
21914,0.2441176003630364
21915,0.2533792994882876
21916,0.2450345337796025
21917,0.2509616544822893
21918,0.2524523110949969
21919,0.2518895769627865
21920,0.2524709307876204
21921,0.2565523323312776
21922,0.2478125361376628
21923,0.2576127892090217
21924,0.2549055191798378
21925,0.2586143129390956
21926,0.2547597487032427
21927,0.2631336236730932
21928,0.2553082371958028
21929,0.2595772774003302
21930,0.2596501125200111
21931,0.2509362531395037
21932,0.2500236934448628
21933,0.2540180981380038
21934,0.2441568268754791
21935,0.2591041659837124
21936,0.2521518051020228
21937,0.2593627173186923
21938,0.248294271698222
21939,0.2516711569756785
21940,0.2586583758414683
21941,0.2457497097619312
21942,0.24763469128872
21943,0.2523441363982502
21944,0.2472139105089122
21945,0.2614574643223094
21946,0.2605696225802608
21947,0.2497847854129181
21948,0.2511601039790232
21949,0.2519181039494269
21950,0.2454996504491901
21951,0.2487206205888774
21952,0.2636688823641548
21953,0.2604369245334236
21954,0.2489856423569043
21955,0.2484864984857409
21956,0.2575524056208235
21957,0.2573692713088676
21958,0.2541165669964347
21959,0.251689732094576
21960,0.2653126078557261
21961,0.2587614919245671
21962,0.2589872902466639
21963,0.2518660270835053
21964,0.2436536360548712
21965,0.254720834959419
21966,0.2584971333651698
21967,0.2421469579594565
21968,0.2525133575880875
21969,0.2536739242969243
21970,0.2506517470037718
21971,0.2577550550862015
21972,0.2511008539034628
21973,0.2487711106465905
21974,0.254769727530822
21975,0.2557764328434703
21976,0.2498248012042334
21977,0.2501730938239602
21978,0.2451589656570922
21979,0.2446354092131878
21980,0.2359451922996646
21981,0.2454619828528605
21982,0.242599058760443
21983,0.2498307478628331
21984,0.2456865829504368
21985,0.2479536056102727
21986,0.2475575485825842
21987,0.2515276944642594
21988,0.2511852770840626
21989,0.2517921209612138
21990,0.2437489611021975
21991,0.252056389022686
21992,0.2512359735952363
21993,0.2475759014993787
21994,0.2488250896734203
21995,0.2513201795032036
21996,0.2526702424874198
21997,0.2465858432496665
21998,0.2553367848376266
21999,0.2555784866577676
22000,0.2397988676222465
22001,0.2560992913363485
22002,0.239830521060008
22003,0.2547484797170981
22004,0.2521605200135218
22005,0.2421089317585393
22006,0.2582177367899281
22007,0.2517579981664491
22008,0.2508240628084079
22009,0.2510974548306315
22010,0.24098975293658
22011,0.2394150411022897
22012,0.2447838849845598
22013,0.2486471411381932
22014,0.2507092382135827
22015,0.2502388419397671
22016,0.2522212687954107
22017,0.2520333998910625
22018,0.2605482692042432
22019,0.2624658435393752
22020,0.2528451264234605
22021,0.2472425351684359
22022,0.2539353583898611
22023,0.2489758740435829
22024,0.2475656241690903
22025,0.2474997375674652
22026,0.2440831699227925
22027,0.2485021571365292
22028,0.2485563624566371
22029,0.2468375448068235
22030,0.2455627489398789
22031,0.2402191783914302
22032,0.2444661551991485
22033,0.2504458430911125
22034,0.2467802441456682
22035,0.2449634456221981
22036,0.2436930366057698
22037,0.2471612234265255
22038,0.2457704302996577
22039,0.2509260253468517
22040,0.2429528690047112
22041,0.2535016905174466
22042,0.2549211347560262
22043,0.2496798666566663
22044,0.2501977931540691
22045,0.2499804869194206
22046,0.2526021098344031
22047,0.2493906806642467
22048,0.2523575009565794
22049,0.2558425326782784
22050,0.2517410877302395
22051,0.2518462741294305
22052,0.259021887005107
22053,0.2459301357249367
22054,0.2540426050454485
22055,0.2501225812938593
22056,0.2527074555668617
22057,0.2594064252597686
22058,0.2491112097866207
22059,0.2466270439104915
22060,0.2499800142176352
22061,0.2501596362553465
22062,0.2497377670570159
22063,0.2466485085097295
22064,0.2482138750027517
22065,0.2571097504945536
22066,0.2525953806723325
22067,0.258406981590683
22068,0.2515009918701372
22069,0.2482319623934384
22070,0.2494357913275816
22071,0.2433342095368676
22072,0.250266027817565
22073,0.2506364498467932
22074,0.2468044544458015
22075,0.2564850065145712
22076,0.259182885619094
22077,0.2469812669027783
22078,0.2582778841040752
22079,0.2550090625142046
22080,0.2516225821942684
22081,0.2565136158147387
22082,0.2540720946776703
22083,0.2623714951462594
22084,0.2564670562101931
22085,0.2466977202246323
22086,0.25255317334144
22087,0.2559924458230346
22088,0.2509668477967487
22089,0.2534521560882742
22090,0.2589397192167651
22091,0.2432798396836592
22092,0.2541435596708155
22093,0.2489999558322388
22094,0.2497011526563279
22095,0.2563445162815373
22096,0.2534608696849648
22097,0.2382096098877469
22098,0.2471280085730813
22099,0.2578340439759722
22100,0.2481939261002536
22101,0.246688950385641
22102,0.2455403741153372
22103,0.2464829331931977
22104,0.2493620294822689
22105,0.2447660235815308
22106,0.2446820401700283
22107,0.2460348170970783
22108,0.2441637261194474
22109,0.2409425644463526
22110,0.2465263360165475
22111,0.2494401874984309
22112,0.2435780965903896
22113,0.2506789678494163
22114,0.2444267463297312
22115,0.2549841721898981
22116,0.2405456422154552
22117,0.2412339561598542
22118,0.2452385645179305
22119,0.2480673977472427
22120,0.2418982778251942
22121,0.2458712100413943
22122,0.245134376959678
22123,0.2482048936535555
22124,0.2462110838029192
22125,0.2413279697560962
22126,0.2464673377451766
22127,0.257191175249469
22128,0.251426449931316
22129,0.2553628589993595
22130,0.2421199618603293
22131,0.2436006382561349
22132,0.2445702581408626
22133,0.2432084219596755
22134,0.2414937800206815
22135,0.2495477318798408
22136,0.2538602265741645
22137,0.2500051676723863
22138,0.2496815904301955
22139,0.2501285043798132
22140,0.2531795639042489
22141,0.2483054441612533
22142,0.2495497916846834
22143,0.2441862414381845
22144,0.246765030020427
22145,0.257410930221176
22146,0.2452928702703385
22147,0.2582418001141255
22148,0.2535562024281713
22149,0.2381688884805172
22150,0.2416430335433546
22151,0.245735197728437
22152,0.2460718573396709
22153,0.2477584423643608
22154,0.2562632652622778
22155,0.2445678540710595
22156,0.2488452431367357
22157,0.2471464944432646
22158,0.2456867021932773
22159,0.2498114180088967
22160,0.2562067010319543
22161,0.247217151013521
22162,0.244008987365631
22163,0.2553588094465855
22164,0.2558171130122863
22165,0.2520848282989765
22166,0.2555321185002914
22167,0.246235170634176
22168,0.2545680117754056
22169,0.2566999209364669
22170,0.2511262951339555
22171,0.2607961362494136
22172,0.2541873742855473
22173,0.2464322434346724
22174,0.2537766342320319
22175,0.2430045679814516
22176,0.2486200078048682
22177,0.2493527123076826
22178,0.2485343016548192
22179,0.2503384493786248
22180,0.2534482552996772
22181,0.2475304896488017
22182,0.2517459242334697
22183,0.246321287421423
22184,0.250239823631272
22185,0.2476625037348644
22186,0.2468573033925916
22187,0.2443985394472311
22188,0.2569398277256586
22189,0.2506687593441003
22190,0.2497025091237122
22191,0.2535831376252523
22192,0.2478342649334735
22193,0.2512647353168808
22194,0.2505929593290969
22195,0.2468222099258044
22196,0.2559531078137164
22197,0.2533230295370717
22198,0.249868321751206
22199,0.2456793118699217
22200,0.2500775731983273
22201,0.245925034291517
22202,0.2519365650558109
22203,0.2509835249447315
22204,0.2462879117585406
22205,0.2469162725083711
22206,0.244939434078194
22207,0.2583484216476764
22208,0.244359377032461
22209,0.2432053000985033
22210,0.2490211742947025
22211,0.251692640968153
22212,0.2501446368540986
22213,0.2432979633195709
22214,0.2472343505977097
22215,0.2438044637934259
22216,0.2470855667604267
22217,0.2523262095258131
22218,0.2444039853738227
22219,0.2531667738863747
22220,0.2497473591936489
22221,0.2478354865659421
22222,0.2543325735366554
22223,0.2483235778212785
22224,0.2498473236729682
22225,0.2430832268228311
22226,0.2370431701800711
22227,0.2419710005350851
22228,0.2372624085882588
22229,0.2431009973418356
22230,0.2587517313206702
22231,0.2566275697133015
22232,0.2455668307884562
22233,0.2573919584419464
22234,0.2537543756690105
22235,0.2497274976359607
22236,0.2536810388684558
22237,0.2483695482467695
22238,0.2535621342767587
22239,0.2462879618844858
22240,0.2595009765065459
22241,0.2505234722028543
22242,0.244243390801029
22243,0.2450980712162065
22244,0.2460685125063137
22245,0.244417748920896
22246,0.2352975669190658
22247,0.2487191255813782
22248,0.2493298154305832
22249,0.2595850590260181
22250,0.2479572471119789
22251,0.2648503820132124
22252,0.2557473939065159
22253,0.2466439490357783
22254,0.2508741293136452
22255,0.2543588561281451
22256,0.2502868582166226
22257,0.2463746973798614
22258,0.2558324638029701
22259,0.2485623251780062
22260,0.2484696861968713
22261,0.243303594541645
22262,0.2432864434659892
22263,0.2517098738885696
22264,0.2450716915972693
22265,0.2457904204753601
22266,0.2455865873119552
22267,0.2504481245757312
22268,0.2602366991153852
22269,0.2482866877954467
22270,0.2480196636014952
22271,0.2495684514843754
22272,0.2360609216402589
22273,0.255148276621192
22274,0.2420611236248692
22275,0.2535528622544757
22276,0.2464040551342483
22277,0.2413064230490137
22278,0.2546168209333997
22279,0.2456456031858571
22280,0.249321480173714
22281,0.255921025072518
22282,0.2549831292316127
22283,0.2550005668886273
22284,0.2529713417296458
22285,0.254625539331501
22286,0.257168231202425
22287,0.2492752135652163
22288,0.2486648965066587
22289,0.2549330191935351
22290,0.2538487912312667
22291,0.2447669552000629
22292,0.2468072490198199
22293,0.2461978055844883
22294,0.2489048397207552
22295,0.2528707404432594
22296,0.2350535923546403
22297,0.2462773352149969
22298,0.2402457672313517
22299,0.2464939924418276
22300,0.2496231583183651
22301,0.2477886240021846
22302,0.2500267983253299
22303,0.2424372802286019
22304,0.2491268314993191
22305,0.2489501444947083
22306,0.2380624855871469
22307,0.2513505157987502
22308,0.2452613194282648
22309,0.2451055334585827
22310,0.248777213474969
22311,0.2534013136429148
22312,0.25112477025418
22313,0.2430624832487229
22314,0.2459292928819033
22315,0.2476996563767416
22316,0.2347991636300297
22317,0.2512363674720252
22318,0.2444388017117847
22319,0.253134273372979
22320,0.244011757313784
22321,0.2474019757091023
22322,0.2464543338568686
22323,0.2434604268871135
22324,0.2476281892019942
22325,0.2470377067806104
22326,0.2442836023805821
22327,0.2512742114647895
22328,0.2513070937095325
22329,0.2493276746837514
22330,0.2448929069384178
22331,0.2497630641479203
22332,0.2501835875102656
22333,0.2472063771719258
22334,0.2477068790553928
22335,0.238765263853764
22336,0.2448350470508949
22337,0.2435219044737772
22338,0.2484471329501453
22339,0.253083959915506
22340,0.2465008625030994
22341,0.2425783014109077
22342,0.2464494838304922
22343,0.250004576521157
22344,0.2580954407055432
22345,0.246008719925569
22346,0.247780359077703
22347,0.2518038589748657
22348,0.2560316499189848
22349,0.2508596794512004
22350,0.2559612102765402
22351,0.2621496630543209
22352,0.2582218618242861
22353,0.2505837206332068
22354,0.2549853244317677
22355,0.2534124600862381
22356,0.2588303410103337
22357,0.2616704735516083
22358,0.2510990148326346
22359,0.2500475016660717
22360,0.2511175681103541
22361,0.2541242471231953
22362,0.2528918542681916
22363,0.24693996451626
22364,0.2538894561095015
22365,0.2418993398286569
22366,0.2526930988682471
22367,0.25908525595665
22368,0.2562153326442496
22369,0.250822799518286
22370,0.2480103246987517
22371,0.2551948999382563
22372,0.2518451481870773
22373,0.2458271476828454
22374,0.2456603144254077
22375,0.249200044067664
22376,0.2461456655462934
22377,0.256485020719047
22378,0.2456569228090226
22379,0.2420504817385128
22380,0.2430890564391888
22381,0.245728091099074
22382,0.2546946970930045
22383,0.2511515413803644
22384,0.2486789454419122
22385,0.2437858668076526
22386,0.2432717523936073
22387,0.2472533073043102
22388,0.2474031471309124
22389,0.2489752577147229
22390,0.2564032531475468
22391,0.2537435098821659
22392,0.2518939480822596
22393,0.2422407192833405
22394,0.2485897171366757
22395,0.248689516311578
22396,0.2514680402552406
22397,0.2554974439399277
22398,0.2495102169636143
22399,0.241424161257119
22400,0.2476722131128209
22401,0.2413973325278661
22402,0.2522607146057842
22403,0.2440394513685388
22404,0.2444312550882465
22405,0.252416537434195
22406,0.2525164642499108
22407,0.2514253673132805
22408,0.2495303054755201
22409,0.2451728892850777
22410,0.2426814095195456
22411,0.250236798886311
22412,0.2570197351012376
22413,0.2469734595623932
22414,0.2519720116425892
22415,0.2594527839566291
22416,0.2369466288085379
22417,0.2433804073024614
22418,0.2428787065999513
22419,0.2539876010634926
22420,0.2484837493016589
22421,0.2529137841784968
22422,0.247189971192287
22423,0.2469760370680822
22424,0.249127109534004
22425,0.2546048578428065
22426,0.2425886213757684
22427,0.24218003722917
22428,0.2455337374651994
22429,0.2384899391242863
22430,0.2577411171614089
22431,0.2527400048741878
22432,0.2561972190208232
22433,0.2510607540060068
22434,0.2492662789050717
22435,0.2536083941105879
22436,0.2406634758284185
22437,0.2502106295254365
22438,0.2457111554948031
22439,0.2548627552114077
22440,0.2500522050748522
22441,0.2554785631896155
22442,0.2443690812185781
22443,0.2381443955396964
22444,0.2529573316549925
22445,0.2445932081791327
22446,0.2451710469997744
22447,0.2437498638399427
22448,0.2559044931014206
22449,0.2482920676952884
22450,0.243537137421425
22451,0.2463237366191403
22452,0.2505604964038768
22453,0.2444247424293666
22454,0.2547823693799436
22455,0.2484080365549141
22456,0.2536062001868456
22457,0.2533554862656454
22458,0.2452607517913293
22459,0.2488760961707218
22460,0.2462705101965315
22461,0.247156400918154
22462,0.2385930172362096
22463,0.2499096654223266
22464,0.2512661389773692
22465,0.2502771865252317
22466,0.2453091038066882
22467,0.2440213070116836
22468,0.2550966530501669
22469,0.249956569231914
22470,0.2560263543066512
22471,0.2498579927976821
22472,0.2480262082747655
22473,0.2431460847896565
22474,0.2421035504825401
22475,0.239915492955226
22476,0.244276328210768
22477,0.2433360652644114
22478,0.2479112768065678
22479,0.2500751658420265
22480,0.2537845008788958
22481,0.244485219935032
22482,0.2471904576064391
22483,0.2497737020525157
22484,0.2428956432463772
22485,0.2404932622811623
22486,0.2486348413928649
22487,0.2519656128514639
22488,0.2505687243539622
22489,0.2444265985412446
22490,0.2472650634384553
22491,0.2446732154311706
22492,0.2427947633811949
22493,0.253841291966299
22494,0.2448989608279929
22495,0.2509618888311928
22496,0.2477807837216994
22497,0.2451871857927476
22498,0.2504032038559545
22499,0.2487997469055512
22500,0.2563939504319124
22501,0.2549856713348208
22502,0.2458967194855391
22503,0.2418572180769354
22504,0.249755036045348
22505,0.2419951722084247
22506,0.2469160653538507
22507,0.2537100851394224
22508,0.2473915249856935
22509,0.2531067728622373
22510,0.249488312118877
22511,0.2562119950437693
22512,0.2489324390247459
22513,0.2513653238042017
22514,0.2484022086281974
22515,0.2489305304545394
22516,0.2529067234328315
22517,0.2542203241719176
22518,0.2596361215860467
22519,0.2466755396038705
22520,0.2489871756235161
22521,0.2519335916965452
22522,0.2563529155057694
22523,0.2560751548672628
22524,0.2518592404119356
22525,0.2542284485013193
22526,0.2494013497139923
22527,0.2478468042052312
22528,0.2429316586481494
22529,0.2457807141122846
22530,0.2520456866165547
22531,0.2426475962273065
22532,0.2414568172500562
22533,0.2447341585824722
22534,0.2501185174466023
22535,0.2443145144968584
22536,0.241211520573793
22537,0.2534336913745811
22538,0.249183182927057
22539,0.2427625924301454
22540,0.2494413742241073
22541,0.240774739244339
22542,0.2441732249139927
22543,0.2495879251694501
22544,0.2580936849497664
22545,0.2392857513729911
22546,0.2505129387494231
22547,0.2496247998918407
22548,0.2401887957433178
22549,0.2428334809107409
22550,0.2519840038351318
22551,0.2510748996688637
22552,0.2504436556338547
22553,0.2520845378081688
22554,0.2525074728532053
22555,0.2476890051558806
22556,0.2435489208592528
22557,0.2578087738412103
22558,0.2479795881727152
22559,0.2384005958562049
22560,0.2512866619192921
22561,0.2461687656210749
22562,0.2516702972186522
22563,0.2511152346038781
22564,0.2526440874856774
22565,0.2453297750348822
22566,0.2458191156831133
22567,0.2421099772235073
22568,0.2483483424688368
22569,0.2547624746080772
22570,0.245829647422232
22571,0.2417171596064629
22572,0.2537047400894189
22573,0.2491772287636894
22574,0.2480329443032473
22575,0.2515889258720608
22576,0.2504924496528167
22577,0.2495011865856964
22578,0.2535877007830746
22579,0.2537133814856147
22580,0.2415876747909319
22581,0.2410856734796325
22582,0.2566583939595317
22583,0.2524541329175189
22584,0.2435202572846457
22585,0.2471233210456615
22586,0.2467977269981908
22587,0.2414545904075195
22588,0.2523227606846563
22589,0.2482075712783176
22590,0.2511693947843018
22591,0.2374619550408913
22592,0.248161091367169
22593,0.254661889237006
22594,0.2451521643282724
22595,0.2458158612530619
22596,0.2519793571910829
22597,0.2487919408701485
22598,0.2422993621521575
22599,0.2480621354088842
22600,0.2463185133157364
22601,0.2478240381709217
22602,0.2513951933977268
22603,0.2481669332820752
22604,0.2525590720152926
22605,0.2446107625850268
22606,0.2459505090993121
22607,0.2475083727217872
22608,0.2538459185814589
22609,0.24993266716849
22610,0.2551385558751957
22611,0.2501905176139647
22612,0.2528071458040844
22613,0.2543799714943701
22614,0.2455142552236308
22615,0.2491656604894923
22616,0.2487205547225538
22617,0.249490369838352
22618,0.2511837500980702
22619,0.2476807333214244
22620,0.2453598841678916
22621,0.2537732823843981
22622,0.2477363829360615
22623,0.2449429303725785
22624,0.257442959297381
22625,0.2446710724863872
22626,0.2367775438730221
22627,0.2439713285800406
22628,0.2478972605837349
22629,0.2537378817262405
22630,0.2520846978367579
22631,0.2340587502958877
22632,0.2450639065102558
22633,0.2456796829279541
22634,0.2448406378164052
22635,0.2467326203532961
22636,0.2532036093991237
22637,0.2450152376562705
22638,0.2482144373198946
22639,0.2447755228537451
22640,0.2394175914175136
22641,0.2474618976969589
22642,0.2480319568114968
22643,0.252275885526249
22644,0.2519667969071167
22645,0.2438860653063143
22646,0.2558816318629562
22647,0.2499407028787006
22648,0.2471638595252314
22649,0.2547791428071792
22650,0.2426688113525183
22651,0.2459551911010189
22652,0.2409962093359736
22653,0.2447725652235739
22654,0.2545711583389211
22655,0.2480481880494732
22656,0.2494424981913308
22657,0.2481730391506466
22658,0.2407530109175707
22659,0.2431331040730021
22660,0.2419427388261475
22661,0.243667097554673
22662,0.2433254798640144
22663,0.2483271999467921
22664,0.2531110306755392
22665,0.2435985385704083
22666,0.2552883776112713
22667,0.2488862679900426
22668,0.2533823156072357
22669,0.2550753479472581
22670,0.2545311617788334
22671,0.2496528678104626
22672,0.2515992039285014
22673,0.2441162503130884
22674,0.2453889826777428
22675,0.2451572622599931
22676,0.2477196183055523
22677,0.2478090153240806
22678,0.2509840445788867
22679,0.2449201935996093
22680,0.2443562824739378
22681,0.2387031584802052
22682,0.2444424612369861
22683,0.247131514731705
22684,0.2444618910186206
22685,0.2439626077952038
22686,0.2358669725137422
22687,0.2410900189468729
22688,0.2476767666315101
22689,0.2526647351031186
22690,0.2524351950410931
22691,0.2533333017737254
22692,0.2476361120603287
22693,0.2557132411133294
22694,0.2504703285460605
22695,0.25396615032454
22696,0.2508144146503395
22697,0.2468379582891178
22698,0.2427751078515126
22699,0.2480449017609494
22700,0.2494229974422738
22701,0.2571670443912962
22702,0.246970677819937
22703,0.2407449502243071
22704,0.2451965500845912
22705,0.24602521527941
22706,0.2517857811682397
22707,0.2439369195881166
22708,0.24692146614081
22709,0.2419033933558809
22710,0.2445328789178601
22711,0.249063648744939
22712,0.2446295818445701
22713,0.240938161365484
22714,0.2508309477390111
22715,0.2385680061937589
22716,0.2531423523354918
22717,0.2507971382140886
22718,0.2451141037965201
22719,0.2535765709046489
22720,0.2511642982100927
22721,0.2525773549462913
22722,0.2468758113668794
22723,0.2424758401297448
22724,0.2512382732377727
22725,0.249025847181525
22726,0.2528251443958595
22727,0.2529727554177624
22728,0.253308530177527
22729,0.2572692445817912
22730,0.2483239099219643
22731,0.250462304619287
22732,0.2509225963177442
22733,0.2513262317011501
22734,0.2429928442151223
22735,0.2469590904761076
22736,0.2443659253791438
22737,0.2473417768384315
22738,0.2417450975992009
22739,0.2336760740885283
22740,0.2496812732350759
22741,0.2383402761171534
22742,0.2522266172844237
22743,0.2558643577516533
22744,0.2427314874632728
22745,0.2443939072971256
22746,0.2404022884656989
22747,0.2515117261635334
22748,0.2385595778896946
22749,0.2559909318914296
22750,0.2441821554636644
22751,0.2428406397734083
22752,0.2467253750693001
22753,0.2433039571134732
22754,0.2524739406821258
22755,0.2453838682871021
22756,0.246754289162752
22757,0.2467825867385177
22758,0.2472987239919578
22759,0.249768452017687
22760,0.2503172571466507
22761,0.2356219105868338
22762,0.2485648052699313
22763,0.2508236766973293
22764,0.2542036562932521
22765,0.2500241237551738
22766,0.242298709300895
22767,0.2528152714334568
22768,0.249646737475017
22769,0.2482981033381555
22770,0.2483193755447198
22771,0.2418061791764527
22772,0.2483356919439465
22773,0.2486180946172457
22774,0.2504680447520265
22775,0.2448385067155411
22776,0.2496967525273854
22777,0.2480020956644779
22778,0.2526838532289239
22779,0.2529943871910034
22780,0.2501420419709487
22781,0.2487331846713791
22782,0.2511427341625731
22783,0.2552689173696827
22784,0.2432466673600822
22785,0.2534396397260882
22786,0.2392553375287878
22787,0.2522130974248278
22788,0.2447343277765536
22789,0.245787538737032
22790,0.2455793229208865
22791,0.2539695280227618
22792,0.2435973809503988
22793,0.2540155366414537
22794,0.2534371375490825
22795,0.2419369238072649
22796,0.2516167540347959
22797,0.2519110642350188
22798,0.2477168980766045
22799,0.2434472461519752
22800,0.2438315664756582
22801,0.2476586715633074
22802,0.243178050533063
22803,0.2532757486168359
22804,0.2522328637193486
22805,0.2527970682249569
22806,0.242791630047959
22807,0.2435792237331016
22808,0.2504382075026828
22809,0.2449954487090063
22810,0.2484535599053327
22811,0.248013534793536
22812,0.2539097771750251
22813,0.2425082827476351
22814,0.2525490031584854
22815,0.2530867183354729
22816,0.2478898523942111
22817,0.2498975421921792
22818,0.2522626115708575
22819,0.245293337725578
22820,0.2468356182959115
22821,0.2520661065835294
22822,0.2544399114519111
22823,0.2407145965593015
22824,0.2464807604348844
22825,0.249646092259028
22826,0.2550574594675793
22827,0.2490494325304835
22828,0.2549165269243196
22829,0.2541032936998146
22830,0.2453458830584875
22831,0.2468218061371382
22832,0.2398061057117974
22833,0.25157666510709
22834,0.2439858265465327
22835,0.2499203951730926
22836,0.2556070123518689
22837,0.2564857670558337
22838,0.2544311364001808
22839,0.2535923544418832
22840,0.2502340369270114
22841,0.2517872259480445
22842,0.2437536615218649
22843,0.2618997277974875
22844,0.2467115007227225
22845,0.2526548417089289
22846,0.2347286155313032
22847,0.248199904677681
22848,0.2521053246053263
22849,0.259632891415114
22850,0.2451559211596012
22851,0.2484157314461701
22852,0.2533918062785087
22853,0.2471540359472411
22854,0.2444335854402481
22855,0.2477684275488181
22856,0.2496372513020866
22857,0.2405478522626031
22858,0.2469287941442551
22859,0.2328113831643923
22860,0.2459144426837871
22861,0.246051170549486
22862,0.2433054962849654
22863,0.2512046124237009
22864,0.2481172406832678
22865,0.2471211572995742
22866,0.2362120836972469
22867,0.2454837209307669
22868,0.2445591916261905
22869,0.2445254664464932
22870,0.2432459788748214
22871,0.2451851470590676
22872,0.2489174598438204
22873,0.238231148779436
22874,0.2467255764436589
22875,0.2519382220587709
22876,0.2483269558804628
22877,0.2495366440068579
22878,0.2406155734841681
22879,0.240328798168855
22880,0.2478847697284934
22881,0.2486246119063017
22882,0.2511870112195676
22883,0.2482378212821859
22884,0.252927417486966
22885,0.2450829879891192
22886,0.2431712160933666
22887,0.2472277273610562
22888,0.2545592923668104
22889,0.2455651057802713
22890,0.250259390399232
22891,0.2574095646543209
22892,0.2420578971601504
22893,0.2416873601808064
22894,0.245723188583978
22895,0.2371592328376199
22896,0.2377390903706169
22897,0.2385739539331703
22898,0.2540359578822052
22899,0.243500056140248
22900,0.245298092355528
22901,0.2323184946512072
22902,0.2353513592843431
22903,0.2416111927831105
22904,0.2453271728882978
22905,0.2473853703079916
22906,0.237538459635411
22907,0.2359191337540041
22908,0.2473202354760726
22909,0.2417678321139996
22910,0.2449188590178772
22911,0.2474851428115971
22912,0.2443826749106017
22913,0.2544579739154412
22914,0.2436000615389305
22915,0.2428092976939232
22916,0.2404043410814654
22917,0.2493598510866651
22918,0.247854382438857
22919,0.2463354761152423
22920,0.2470154314992462
22921,0.2516153567538324
22922,0.2457079129128941
22923,0.2392871608382188
22924,0.2430406439390572
22925,0.2493227753414097
22926,0.2479425341844059
22927,0.2482311007769267
22928,0.2470224407035104
22929,0.2446463985781844
22930,0.2505803975459348
22931,0.2472017760738288
22932,0.2535926414340059
22933,0.2404453041025081
22934,0.2472926001523732
22935,0.2441904636757849
22936,0.2438137974265512
22937,0.2607168385985263
22938,0.2494096743235518
22939,0.2499612990555335
22940,0.2449836469516433
22941,0.2417914772378326
22942,0.2471945987657133
22943,0.2532129134647331
22944,0.2520617510833608
22945,0.2497706008634464
22946,0.2428940607741161
22947,0.2473821970097252
22948,0.2500352902766044
22949,0.2436977878706499
22950,0.2435899698104356
22951,0.2458096409875055
22952,0.2500199855298977
22953,0.252089279922305
22954,0.2448914933618019
22955,0.2471049745157311
22956,0.2449917085209556
22957,0.2538909347486746
22958,0.2539514052552198
22959,0.2492277780012665
22960,0.2462283937939541
22961,0.2460551764609439
22962,0.2464574515732915
22963,0.2446120185993286
22964,0.2542995208239049
22965,0.2509390100037388
22966,0.2436095977476998
22967,0.2461053187176129
22968,0.2446369251241374
22969,0.2496495127243396
22970,0.2553895921759648
22971,0.2571913548624058
22972,0.2403311371848419
22973,0.2464519195053257
22974,0.2471180899033766
22975,0.248231481722691
22976,0.2473509426881361
22977,0.2386632991295868
22978,0.2425141043467851
22979,0.2579960604641311
22980,0.2483153982279836
22981,0.2485149381562084
22982,0.2449600582969957
22983,0.2537543465826338
22984,0.2464866540980077
22985,0.2415346523273023
22986,0.2489136222193922
22987,0.2338366038843261
22988,0.2413142361044587
22989,0.2373193081372426
22990,0.2478683771484029
22991,0.246519379272344
22992,0.2500660165868453
22993,0.2408524525969541
22994,0.2527846008965711
22995,0.2506003535286991
22996,0.2540494251706539
22997,0.2497283447527499
22998,0.2433103545761826
22999,0.2402257698205116
23000,0.2496794255985012
23001,0.2413018458978685
23002,0.2463237218252695
23003,0.242714255927372
23004,0.2439934662220406
23005,0.248796399970129
23006,0.2480624938624512
23007,0.2440103567474888
23008,0.2516352680184753
23009,0.2364000712143306
23010,0.2371629983566142
23011,0.2448072581611753
23012,0.2515689571059441
23013,0.2472563590215411
23014,0.2471202043670736
23015,0.2608008569833985
23016,0.2518722790315871
23017,0.25210964686613
23018,0.2433926770420306
23019,0.2471824631913441
23020,0.244192551791061
23021,0.2438554248489111
23022,0.2402203624976218
23023,0.2490968193162682
23024,0.2511511869377832
23025,0.2409626337146403
23026,0.2500075083728266
23027,0.2365917345312325
23028,0.2346938988149911
23029,0.2433914173519358
23030,0.2497257674108238
23031,0.2436228801395298
23032,0.2480608025569629
23033,0.2465639668266724
23034,0.2459375641057534
23035,0.2511578934439611
23036,0.2507915678597709
23037,0.2534990340816983
23038,0.2455456706838859
23039,0.2502804012868827
23040,0.2472128967561861
23041,0.2455311506086336
23042,0.2493350496439515
23043,0.2516615962788473
23044,0.2416463535667969
23045,0.2443391904775422
23046,0.251280833221442
23047,0.2503682883051409
23048,0.2433255492971923
23049,0.2379167189330649
23050,0.2533984334080871
23051,0.2452889890682002
23052,0.2414666868442684
23053,0.240430086967882
23054,0.2403671168307046
23055,0.2427333621586805
23056,0.2536467521473564
23057,0.2408717325650973
23058,0.2508977476308534
23059,0.2408071817856971
23060,0.2419100324179068
23061,0.2506709182353131
23062,0.2532254503100989
23063,0.239997375900682
23064,0.2371818892773551
23065,0.2463885477626622
23066,0.2445499462153623
23067,0.2417811170517873
23068,0.2439084793921712
23069,0.2500140569609008
23070,0.2521621899295972
23071,0.2399112598673358
23072,0.2449694940996304
23073,0.249452324783421
23074,0.2458153857564291
23075,0.2487181003000844
23076,0.241123065058711
23077,0.2443560438648779
23078,0.2388352602612939
23079,0.2361317188239309
23080,0.2508166161255541
23081,0.237668331265107
23082,0.2484480330191842
23083,0.2468032729771353
23084,0.2476780818447559
23085,0.2493671868748462
23086,0.2466386292067225
23087,0.2471890146993673
23088,0.2477913792170842
23089,0.2458033787888348
23090,0.2523823311770891
23091,0.2457418513190049
23092,0.2523784082049208
23093,0.2457471201415891
23094,0.2572525669695947
23095,0.2464525201252129
23096,0.2475646915621909
23097,0.2445873042650058
23098,0.2377174192158446
23099,0.2468870191957901
23100,0.2379215396685113
23101,0.247939523293736
23102,0.2430591194041251
23103,0.2480499794274796
23104,0.2536301101284584
23105,0.2413114251023168
23106,0.2581609774844133
23107,0.2453146635891709
23108,0.2546862353022273
23109,0.23783375207249
23110,0.2484985769464371
23111,0.2477110482385954
23112,0.2454813642520363
23113,0.2557685443817929
23114,0.2386575921132159
23115,0.2493426289564523
23116,0.2410585631667054
23117,0.2377653192747692
23118,0.249796142716038
23119,0.2398287902286645
23120,0.2547341520716552
23121,0.2430069354109059
23122,0.2530686727346362
23123,0.2454842334207108
23124,0.2481475557252427
23125,0.2461613141554082
23126,0.2477602154106521
23127,0.2466984338774595
23128,0.2426008467442921
23129,0.2493315900302941
23130,0.2534969330801132
23131,0.2446276480376472
23132,0.2408662986432539
23133,0.245381808973004
23134,0.2460407998372732
23135,0.2402330044931296
23136,0.2524829273146999
23137,0.2457497106938773
23138,0.2459824865814026
23139,0.2451753230416102
23140,0.2488935039873752
23141,0.2479450749527101
23142,0.2425978403278886
23143,0.2479778653372381
23144,0.2487017791777733
23145,0.2422040671831838
23146,0.2461153032143672
23147,0.2398283137238323
23148,0.2457799313360634
23149,0.2434430282825609
23150,0.2456370651003151
23151,0.2429979306652059
23152,0.2434942364093497
23153,0.2545120011648862
23154,0.2587272688553551
23155,0.2475228850762434
23156,0.2480222213189734
23157,0.2424820908287824
23158,0.2484801305286424
23159,0.2461285283412929
23160,0.2436729631426039
23161,0.2403490351524188
23162,0.2437116098703186
23163,0.2382641315413924
23164,0.2571941729187897
23165,0.2504354035976386
23166,0.2521140426172772
23167,0.2388904622831712
23168,0.2474864362207212
23169,0.2391579640259088
23170,0.2434214674772984
23171,0.2421991733970318
23172,0.2421580152756851
23173,0.2476183474748537
23174,0.2452527918840164
23175,0.2543051719814946
23176,0.257277201466204
23177,0.2472876895211719
23178,0.2406414035513583
23179,0.2487127710023202
23180,0.2436771709727272
23181,0.250356379211548
23182,0.236006659303445
23183,0.2438505244721115
23184,0.2478059751304359
23185,0.240636266406105
23186,0.2509072128819816
23187,0.2339491284713836
23188,0.2431145321946014
23189,0.2461962109126982
23190,0.2443735597902897
23191,0.2473912215518258
23192,0.2477120762913128
23193,0.2460885160223975
23194,0.2455798065061024
23195,0.2494991452932417
23196,0.2472908198383009
23197,0.2452792568462388
23198,0.2456838416254993
23199,0.2416137364911824
23200,0.2430030608729698
23201,0.2452022030499138
23202,0.2467681775316558
23203,0.2307685068576204
23204,0.2375548607351643
23205,0.2386287514117293
23206,0.2518735593409088
23207,0.2499971525306954
23208,0.2459511788089108
23209,0.2529878345613583
23210,0.242647662723691
23211,0.2466244655176996
23212,0.2402131183710644
23213,0.2502729628353873
23214,0.2413921086914358
23215,0.2417476172125202
23216,0.2440484369820896
23217,0.2306569204845898
23218,0.247860781586459
23219,0.2414376960104201
23220,0.2421324157111175
23221,0.2456792950343199
23222,0.2395333798058991
23223,0.2430205662712623
23224,0.2462169991358995
23225,0.2444585329973801
23226,0.2404551606036632
23227,0.2443476539740929
23228,0.2429252179650654
23229,0.2437881200896771
23230,0.2459780748926644
23231,0.2421817992909355
23232,0.2498391677594593
23233,0.249579605254
23234,0.2397768570103792
23235,0.236514499140723
23236,0.2508162639853523
23237,0.2448781973065815
23238,0.2461969656760607
23239,0.2425583406938808
23240,0.2523201725590699
23241,0.2418181409048286
23242,0.2441305117051009
23243,0.2456250916724298
23244,0.2479244368595683
23245,0.2495508662451959
23246,0.2404534895567226
23247,0.2410364708817305
23248,0.2381230570120916
23249,0.2432746904522839
23250,0.2359750711321398
23251,0.2430880735943258
23252,0.2412686541229954
23253,0.2434928625818075
23254,0.2429265433835073
23255,0.2369724240934625
23256,0.2385886378333676
23257,0.2422849907447621
23258,0.2486872878266028
23259,0.2423110749678572
23260,0.2325287070145824
23261,0.2429028596689547
23262,0.2457050964049506
23263,0.2495843068413901
23264,0.24606357410269
23265,0.2418021642629175
23266,0.2453451566774065
23267,0.2437170253009735
23268,0.2394707610955561
23269,0.2421030798224702
23270,0.2408431300792219
23271,0.2485097792046062
23272,0.2432627751295642
23273,0.2476932997355197
23274,0.2444104916868265
23275,0.2481831036915417
23276,0.2473571543804801
23277,0.2413783379669581
23278,0.2391896274316952
23279,0.24799646342734
23280,0.2348571074123429
23281,0.2407620356955204
23282,0.2417689866093252
23283,0.2418273926503308
23284,0.2468740326477844
23285,0.2481171061633901
23286,0.2318875005664529
23287,0.252182812123193
23288,0.2441694268755526
23289,0.2438076166024053
23290,0.2506720251881582
23291,0.2523803367026206
23292,0.2585382415140962
23293,0.2467233901663895
23294,0.2384187819866614
23295,0.2426608875304565
23296,0.2422740550392044
23297,0.2455789094765934
23298,0.2386781167771388
23299,0.2554464946829384
23300,0.2443105031365391
23301,0.2490057208964754
23302,0.2442612102352474
23303,0.2430396119595779
23304,0.245492164183952
23305,0.2482469638000208
23306,0.2373617255782169
23307,0.246535912584311
23308,0.2452228773664702
23309,0.2436370089027511
23310,0.2391048104114005
23311,0.2414711218262147
23312,0.2516075924978451
23313,0.2556750340739151
23314,0.2544865939451751
23315,0.2511805532793454
23316,0.244107337888267
23317,0.2323817368823038
23318,0.2515765962286207
23319,0.2443933738854805
23320,0.2488403471600398
23321,0.2449809878079352
23322,0.2423611816228591
23323,0.2442672959548604
23324,0.2439597375450098
23325,0.2397703225886772
23326,0.2444477428013478
23327,0.2456701954006205
23328,0.2516925074016435
23329,0.2545173452297035
23330,0.25029620036285
23331,0.2457956578490066
23332,0.2444750029359428
23333,0.2468700511962606
23334,0.2471860034912441
23335,0.2391417040760244
23336,0.2395505336970364
23337,0.2432741107776286
23338,0.2427643694778085
23339,0.2420466512313457
23340,0.253053301634659
23341,0.2496073307488671
23342,0.2461462065840607
23343,0.2340868787651568
23344,0.2485492773096938
23345,0.2478943552830805
23346,0.2435750247644493
23347,0.2426621032327521
23348,0.2438859933046232
23349,0.2429559872289864
23350,0.2479604404917581
23351,0.2517913643471178
23352,0.2462468021891441
23353,0.2413362294239574
23354,0.247683989452786
23355,0.2493804354046268
23356,0.2407473539569923
23357,0.2490722346716899
23358,0.2511277210458962
23359,0.2362141320393307
23360,0.2427399441807419
23361,0.2413524989714624
23362,0.2472102827098046
23363,0.24700112421106
23364,0.2453283317435044
23365,0.2475145230652453
23366,0.2474156969553336
23367,0.2468855094539871
23368,0.2480462677079838
23369,0.2455939743774849
23370,0.2514892465749054
23371,0.2519198042563838
23372,0.2488730733135901
23373,0.2416287345251691
23374,0.2458024623651157
23375,0.2452283191997937
23376,0.2569973779588122
23377,0.2419527622042573
23378,0.2417592229781164
23379,0.2482009813960342
23380,0.2414696751727994
23381,0.2296566559909481
23382,0.24710063064538
23383,0.2456799046928862
23384,0.2444788701263285
23385,0.242919189925201
23386,0.2427899967143239
23387,0.2452844616814823
23388,0.2408312213255785
23389,0.2384254438316681
23390,0.2405106335631215
23391,0.2422013492884105
23392,0.2439140126939083
23393,0.2405064120369155
23394,0.2414585129206725
23395,0.2480989119689099
23396,0.2484100105447797
23397,0.2419708067584827
23398,0.2476464236227717
23399,0.2375615318406203
23400,0.2469114124871037
23401,0.2458581744123145
23402,0.2492980578307059
23403,0.2460468062644728
23404,0.2465213489138689
23405,0.2544866148051743
23406,0.2516075052701463
23407,0.2389154608700954
23408,0.2552846474519429
23409,0.2472628855837869
23410,0.2375704266802495
23411,0.2386980060204662
23412,0.2458475425320565
23413,0.2423440494963093
23414,0.2419593613578447
23415,0.2525687887399958
23416,0.2448536021474019
23417,0.2349936673344521
23418,0.2427213511488675
23419,0.2419184311125478
23420,0.2400796665543508
23421,0.2368272031316166
23422,0.241934528063143
23423,0.2469640575777602
23424,0.244641419593486
23425,0.244913927904562
23426,0.2445715803255847
23427,0.2576925287423047
23428,0.2438098671727289
23429,0.2468902769640645
23430,0.2364598211789013
23431,0.2448572623307672
23432,0.2393163954042011
23433,0.2442034038620927
23434,0.2449449051684443
23435,0.2477027679948917
23436,0.2460764768697536
23437,0.2415050549208255
23438,0.2433156109468317
23439,0.2417329961142655
23440,0.2439164419276702
23441,0.2364330108819189
23442,0.2471817148100823
23443,0.2443600260092553
23444,0.2503773955528752
23445,0.2432392007359504
23446,0.2421519603172909
23447,0.2456408394475156
23448,0.2386129435839614
23449,0.2473010084561916
23450,0.2357727032923097
23451,0.2294102434591583
23452,0.2377779708315551
23453,0.2378694132953755
23454,0.2435779057396701
23455,0.2483491934087412
23456,0.2467440905506028
23457,0.239692474175616
23458,0.2372088660631737
23459,0.2462560906329286
23460,0.2405604419665969
23461,0.2387251815070189
23462,0.2369310098454452
23463,0.237970290336654
23464,0.2391275806403769
23465,0.2376814703255936
23466,0.2430233216048197
23467,0.2473527902619491
23468,0.2411207052973167
23469,0.2455698584662506
23470,0.2487654418282038
23471,0.2407702881314039
23472,0.2375377248187707
23473,0.250750969964543
23474,0.238983123595279
23475,0.2392471662946667
23476,0.2347762486344899
23477,0.2505076338947605
23478,0.2446225502091213
23479,0.2371319472419235
23480,0.2427592604905895
23481,0.248275113954571
23482,0.2469592396896276
23483,0.2434829733045275
23484,0.2469758296798592
23485,0.2425134320116024
23486,0.2393746975311581
23487,0.2537254150524033
23488,0.2440347001970646
23489,0.2420420596096197
23490,0.2366621046768453
23491,0.2391900586951827
23492,0.2494150377087095
23493,0.251427010194447
23494,0.2365910197691732
23495,0.2514811904469231
23496,0.2449288036466483
23497,0.2353259457046529
23498,0.2459899367273433
23499,0.2449045252619732
23500,0.2360064674384524
23501,0.2423981099023455
23502,0.2501574949493074
23503,0.2397246489952709
23504,0.2448462464617948
23505,0.240918722993502
23506,0.2500742101424777
23507,0.2436240142871477
23508,0.2457129870056608
23509,0.2394597910854373
23510,0.2430568318417452
23511,0.2365505292641015
23512,0.2389816432900287
23513,0.2377894373263781
23514,0.242037412287604
23515,0.2373416592401684
23516,0.2460743738425437
23517,0.242747602534684
23518,0.2333230458085756
23519,0.2436788743241938
23520,0.2392781501831016
23521,0.2420777188993703
23522,0.2446091237761894
23523,0.2437780800549915
23524,0.2555531538861019
23525,0.2476241093320669
23526,0.2487668431643164
23527,0.2467813485260605
23528,0.2405833422317933
23529,0.2331860492686664
23530,0.2441053277569458
23531,0.2402182206898707
23532,0.2476422927178234
23533,0.2439092161918995
23534,0.2385167468740031
23535,0.2361242617102308
23536,0.2374889165519683
23537,0.2370574446321511
23538,0.2511887008088601
23539,0.2522814966612143
23540,0.2482015585590176
23541,0.2346379073012334
23542,0.2448572468601672
23543,0.241476439704281
23544,0.2503700662511391
23545,0.2452625054396786
23546,0.248130735348269
23547,0.2508621221102151
23548,0.2473004351158895
23549,0.2457759275162645
23550,0.2428056443577512
23551,0.234807579377157
23552,0.2449312030334706
23553,0.2393018211163752
23554,0.2427708548818324
23555,0.244729488371396
23556,0.2463603339025029
23557,0.2432709571328042
23558,0.2387476640248461
23559,0.2373705043598079
23560,0.2375419969944004
23561,0.2469463125937261
23562,0.2408583008885139
23563,0.2396317494296946
23564,0.2428387167422608
23565,0.2476716051053859
23566,0.2485086614669882
23567,0.2415554382003356
23568,0.2450447247405169
23569,0.2435004003567723
23570,0.2428964752076546
23571,0.243268269557714
23572,0.2424685452540906
23573,0.2529292447091416
23574,0.2421838183973561
23575,0.2401183816310829
23576,0.2368918655431867
23577,0.2377487476159022
23578,0.2378355247489253
23579,0.2482290697954544
23580,0.2404370040327885
23581,0.252477606596887
23582,0.2428033347583444
23583,0.2491685532165397
23584,0.2424806612971526
23585,0.2361803332691874
23586,0.2381343758018617
23587,0.2429738149834912
23588,0.2428587772592471
23589,0.2305779733898615
23590,0.2395047587975443
23591,0.2411649971752513
23592,0.250735679667708
23593,0.2438596878482098
23594,0.2421432136921511
23595,0.2468655762088497
23596,0.2409586686833119
23597,0.2461877481428115
23598,0.247790471957807
23599,0.2406434833098802
23600,0.2345339880778189
23601,0.246106299506286
23602,0.2445844939280481
23603,0.2407842629127194
23604,0.2480644715504431
23605,0.2438925139126846
23606,0.2452336482106124
23607,0.2518402479161077
23608,0.2456997066942602
23609,0.2501446193591002
23610,0.2431394426290532
23611,0.2445233273559708
23612,0.2424724635434608
23613,0.2351466030106712
23614,0.2452654696061491
23615,0.2523768146164912
23616,0.23094125816029
23617,0.2440472785739771
23618,0.2425581967409232
23619,0.2433910865087965
23620,0.2352950421237613
23621,0.2406230046993074
23622,0.2403438346632033
23623,0.2449219774202898
23624,0.2386960636900972
23625,0.2499192316856117
23626,0.2461462650631399
23627,0.23731550684332
23628,0.2385402962367186
23629,0.251752415586967
23630,0.2472897775391408
23631,0.2487073490280125
23632,0.2377104001222728
23633,0.2371683163667766
23634,0.242180855378243
23635,0.2416831874452956
23636,0.245677606886403
23637,0.2510362616534715
23638,0.2427858671563963
23639,0.2412582217574401
23640,0.2433454177487458
23641,0.2332412350276615
23642,0.2364303217637748
23643,0.2330661804158579
23644,0.2417277955375794
23645,0.2429467861984212
23646,0.2336326588539437
23647,0.2425765671760749
23648,0.2369073357946099
23649,0.2404924444229677
23650,0.2366104785532488
23651,0.2359708206541859
23652,0.2357761531309751
23653,0.2473053192828122
23654,0.2420280584913385
23655,0.242007841263722
23656,0.2428860100037367
23657,0.2374739872137587
23658,0.241265505015224
23659,0.2431501211240159
23660,0.235672906791012
23661,0.2347918655340778
23662,0.2387247701683223
23663,0.2410261111895847
23664,0.2463634087252264
23665,0.2399363146954106
23666,0.2470588018208139
23667,0.2385308201269963
23668,0.2439454929392907
23669,0.2425674654190709
23670,0.2426598682768154
23671,0.2420347514842606
23672,0.2482372563750222
23673,0.2517078639917015
23674,0.2410365163466064
23675,0.2450247618207272
23676,0.2435299461136981
23677,0.2492825372580316
23678,0.2356852079870321
23679,0.2342105152084075
23680,0.2315717674868816
23681,0.2446643791749328
23682,0.2454194304155701
23683,0.2325891792810826
23684,0.2357680670382237
23685,0.2350985744312208
23686,0.2380226491041158
23687,0.2362270584912281
23688,0.2378441435476028
23689,0.2319299466312684
23690,0.2343627856664885
23691,0.2359821595011065
23692,0.2380702908208939
23693,0.2381845144319174
23694,0.2440721112528784
23695,0.2482057084978114
23696,0.2400882466063583
23697,0.2380918306473942
23698,0.2382085522097654
23699,0.2427332579832887
23700,0.2431784253615343
23701,0.2478264270805907
23702,0.2437110521261591
23703,0.2457921703275315
23704,0.2409349141469365
23705,0.2447194270314287
23706,0.2429189926248194
23707,0.2413366219109499
23708,0.2399624819671362
23709,0.2473522157795155
23710,0.2397203745937438
23711,0.2478965526826733
23712,0.2425123689137825
23713,0.2368016211999618
23714,0.2413448310329571
23715,0.2575175228420819
23716,0.2509414590294215
23717,0.2459700434416358
23718,0.2526711013764242
23719,0.2478605106927754
23720,0.2451839421481366
23721,0.2401730818862804
23722,0.2452551237057134
23723,0.2396682756467407
23724,0.2374505245563146
23725,0.2403429788787852
23726,0.2437541408452342
23727,0.2351224285231556
23728,0.2459806817052089
23729,0.2466598939961264
23730,0.2401867820126942
23731,0.2470766715620702
23732,0.2457961304781256
23733,0.2435530926643412
23734,0.2425128097571915
23735,0.2419311705881158
23736,0.2424362805083762
23737,0.2371294918151547
23738,0.2425640625111875
23739,0.2380234197778147
23740,0.2401457888563107
23741,0.2351323092538759
23742,0.2422407032572438
23743,0.2400844612107592
23744,0.2346013993589363
23745,0.2329673349670128
23746,0.2403164583812957
23747,0.2461468276036077
23748,0.2390137941621436
23749,0.2369664382408828
23750,0.2401558138711499
23751,0.2453587061360537
23752,0.2403674246171361
23753,0.2352985280913208
23754,0.2351467184309236
23755,0.2463294933991172
23756,0.2460775084667688
23757,0.24447805960835
23758,0.2402821643240376
23759,0.24005817278113
23760,0.2354261754153258
23761,0.2425864189048729
23762,0.2407461980201581
23763,0.2501723599359128
23764,0.2363447995831003
23765,0.2442089520118101
23766,0.2471958748931795
23767,0.2472390281161397
23768,0.2460488345660473
23769,0.2346916796239878
23770,0.2426909842672195
23771,0.2450489832838244
23772,0.2482962067684527
23773,0.2425641592901765
23774,0.2446726521548836
23775,0.2373318243681047
23776,0.241481979127842
23777,0.2374430620479608
23778,0.2488221964116033
23779,0.2436678608975867
23780,0.2400599914248344
23781,0.245523573884003
23782,0.2374764105831194
23783,0.2378748887989339
23784,0.2439490128084372
23785,0.2452906422951168
23786,0.241666649253368
23787,0.2532030322296821
23788,0.2446827521806333
23789,0.2451328947734304
23790,0.2446163169991229
23791,0.2462665873231214
23792,0.2434586817842759
23793,0.2364407872195695
23794,0.2496591671314359
23795,0.2431946299221455
23796,0.2458140724886405
23797,0.2476145320919046
23798,0.2429074204154975
23799,0.2407043895931453
23800,0.2467997122813923
23801,0.2447228963939476
23802,0.2338557148876823
23803,0.248104290827807
23804,0.2487261698852475
23805,0.2394171604018838
23806,0.2350039760489242
23807,0.2402403309236772
23808,0.2422752585912799
23809,0.2416527177762138
23810,0.2514699451747393
23811,0.2406388647775452
23812,0.2377700933744486
23813,0.2477346326094336
23814,0.2444765781052176
23815,0.2454505633335414
23816,0.2469800526343062
23817,0.2465132189136056
23818,0.2399379038324053
23819,0.2416416535514246
23820,0.2425544215230929
23821,0.2393660052859079
23822,0.2482552098407675
23823,0.2537833712960323
23824,0.2439729106557238
23825,0.2483068073690223
23826,0.2451726348713503
23827,0.2444624176485282
23828,0.2400438134107216
23829,0.2455344784699944
23830,0.2331553939930247
23831,0.2324945760890585
23832,0.231859428245073
23833,0.2469793333934207
23834,0.2433586426610736
23835,0.2476158867781833
23836,0.2407197992024364
23837,0.23875179566354
23838,0.2348146733838687
23839,0.2328843042461156
23840,0.2284169499269831
23841,0.2470958727707882
23842,0.2419900015508339
23843,0.2489593071139102
23844,0.2341961941947573
23845,0.2344966140933513
23846,0.2394686341100467
23847,0.2393825055557171
23848,0.2434283817026122
23849,0.2325794200255365
23850,0.2390693902003709
23851,0.2406228634371777
23852,0.2390400106823269
23853,0.2486168226769738
23854,0.2526867905791246
23855,0.2409158099523053
23856,0.2397535335338647
23857,0.2452570733755772
23858,0.2480148707434715
23859,0.235303158210928
23860,0.2373209475418326
23861,0.2392629842618425
23862,0.2394529473150341
23863,0.2486747029783377
23864,0.2488379354714068
23865,0.2441397973109088
23866,0.2362090959383936
23867,0.250369330751631
23868,0.2520053888988982
23869,0.2429341708597985
23870,0.2472874895832374
23871,0.2347905167936773
23872,0.2358467239093271
23873,0.2422997930330722
23874,0.2436602014066662
23875,0.2399690483147977
23876,0.2433739251876469
23877,0.243182541918694
23878,0.2373451604937574
23879,0.2465684120213249
23880,0.2372259454587563
23881,0.2430927100911034
23882,0.2492819068972144
23883,0.2500270488134478
23884,0.2440247621561615
23885,0.2368925839931506
23886,0.2491623416137589
23887,0.2526594570503975
23888,0.2459794837320108
23889,0.2360053397780137
23890,0.2414093552635156
23891,0.2400792389768791
23892,0.2374506784234153
23893,0.2470524111151928
23894,0.2398374263978109
23895,0.2420748522414674
23896,0.2380050782423246
23897,0.2370143303187073
23898,0.2394810978149406
23899,0.2480022354788872
23900,0.2469944266640556
23901,0.2334511347697458
23902,0.2450009492229053
23903,0.2481318279332944
23904,0.2365625397580767
23905,0.2378005858513677
23906,0.2466332712992832
23907,0.2402826100814628
23908,0.2482227990102007
23909,0.2395587626981416
23910,0.242079362326254
23911,0.248024740046892
23912,0.2403286041971619
23913,0.2295380251770471
23914,0.2427464992766092
23915,0.2462489078883536
23916,0.2440122248306323
23917,0.2459683691416553
23918,0.2469881807504611
23919,0.247773453479501
23920,0.238706522732802
23921,0.2484856608699909
23922,0.2390395733107231
23923,0.2409283866432135
23924,0.2354839129914019
23925,0.2431474910023939
23926,0.2341019171829706
23927,0.2400975112702965
23928,0.2425010729032831
23929,0.242042084120758
23930,0.2425168085670625
23931,0.2491305344447716
23932,0.2434607300015169
23933,0.2448107447879174
23934,0.2394969895248047
23935,0.2370189471362367
23936,0.237919075167612
23937,0.2413635501188342
23938,0.2470484462684427
23939,0.2476388093237489
23940,0.2369775759693371
23941,0.2454065770644794
23942,0.2387868198745126
23943,0.2383586266977049
23944,0.2378646926212077
23945,0.2404823252274758
23946,0.2304935740500749
23947,0.242445850513929
23948,0.232835850395242
23949,0.2410917859593546
23950,0.2496947136567229
23951,0.2519395747742362
23952,0.252343825889719
23953,0.2456888695931324
23954,0.2411226453347859
23955,0.2483627285365191
23956,0.2497106255825728
23957,0.2472124143356104
23958,0.2492591344382324
23959,0.243773707075802
23960,0.2448956324452693
23961,0.2316568678610747
23962,0.2300884546752066
23963,0.2367479667522387
23964,0.2437435280714165
23965,0.2455812887923034
23966,0.2482716293192117
23967,0.2315071359476813
23968,0.2369735185547119
23969,0.2340215525969423
23970,0.240722470041156
23971,0.2346361191741615
23972,0.2431813853902155
23973,0.2459643175526633
23974,0.2441567049519734
23975,0.2369564710763559
23976,0.2375080743157609
23977,0.2353028680562006
23978,0.2371745062058296
23979,0.2442584182608283
23980,0.2450021925747895
23981,0.2343375903484997
23982,0.2411155745656271
23983,0.2438656887475118
23984,0.2468330968692299
23985,0.2377068518539534
23986,0.2397897977976108
23987,0.2389522325093706
23988,0.2377158961489809
23989,0.2449560864522108
23990,0.2408945560794191
23991,0.2389985843492599
23992,0.2390369587217093
23993,0.2398710450828206
23994,0.2286476151304232
23995,0.2394159883527467
23996,0.2346698691397513
23997,0.2347154819204061
23998,0.2419051126411453
23999,0.2419871844221448
24000,0.246727995452637
24001,0.2369905000841269
24002,0.2414903554082547
24003,0.2387490248754903
24004,0.2482203883734063
24005,0.239137177597148
24006,0.2348436754666532
24007,0.2485422227434408
24008,0.2422562137729653
24009,0.2449663151220868
24010,0.2477561653184794
24011,0.2495469128870623
24012,0.2415423654495604
24013,0.2418553462557185
24014,0.2435648442594504
24015,0.2406613869148669
24016,0.2424130593047476
24017,0.2470330615589831
24018,0.2409134613426609
24019,0.2352770452666513
24020,0.2399125290345358
24021,0.2450631868407042
24022,0.2375764008032865
24023,0.2527473081347304
24024,0.2443279674208833
24025,0.2402310547967193
24026,0.2485149271262632
24027,0.2516104532336854
24028,0.2388295680521482
24029,0.246035466463292
24030,0.2474855854020809
24031,0.2494838575337462
24032,0.2594755289245004
24033,0.2499763495147851
24034,0.2385162608980153
24035,0.2402050303727128
24036,0.2448583284749287
24037,0.2423852517739769
24038,0.2503146303119108
24039,0.2368263733188093
24040,0.2281369348565481
24041,0.2350464232934389
24042,0.2484501914057521
24043,0.2368012742862607
24044,0.2410516499417155
24045,0.2395894078471789
24046,0.2459741227997082
24047,0.2534725853445361
24048,0.2495591409584463
24049,0.233975462909426
24050,0.2412037711951346
24051,0.2475663674070653
24052,0.2389637181471516
24053,0.2422467743432753
24054,0.2423899386490844
24055,0.2368828693698025
24056,0.2396727458801655
24057,0.2471739556394752
24058,0.2353182931822204
24059,0.2479936552896489
24060,0.2337947806705967
24061,0.2382585948727301
24062,0.2386849399810437
24063,0.2373928942913488
24064,0.2446757011341647
24065,0.2535504734913215
24066,0.2406751087125976
24067,0.2450858155151765
24068,0.2377420418744602
24069,0.2414026354010345
24070,0.2475171822743444
24071,0.2429203116379795
24072,0.2393297529518053
24073,0.2420288713001143
24074,0.2323273126655561
24075,0.2480091453432775
24076,0.2433832974563581
24077,0.2433689328693461
24078,0.2409574208949075
24079,0.2418367940575904
24080,0.2462131640925257
24081,0.2415238303013779
24082,0.2422251694228677
24083,0.2369209133208662
24084,0.2447613695853349
24085,0.2432790997069144
24086,0.2392024238474728
24087,0.2300880150739863
24088,0.2401536681749646
24089,0.2376332914943502
24090,0.2421930351150353
24091,0.2430899911769368
24092,0.2337094691024999
24093,0.2432424894754791
24094,0.247849281667858
24095,0.2434158530465419
24096,0.2433119162196503
24097,0.2438834886976588
24098,0.2434556905403856
24099,0.2447755212826961
24100,0.2355308674819831
24101,0.2315784310073109
24102,0.2394269454659082
24103,0.2367684463478751
24104,0.2431871834555797
24105,0.2397425991721139
24106,0.2438398357550123
24107,0.2423636701704975
24108,0.243051318119828
24109,0.2407633851265412
24110,0.2433839977723153
24111,0.2380535468260604
24112,0.245077348182588
24113,0.2401893942248267
24114,0.2388634467844859
24115,0.2425052300366103
24116,0.2400855643883012
24117,0.2405944174465297
24118,0.2419665887508944
24119,0.2480969436017437
24120,0.2468798436343892
24121,0.2443314523999074
24122,0.2414451967065343
24123,0.2374291863130683
24124,0.2395829930624191
24125,0.2349980936922361
24126,0.2361215226816636
24127,0.2497200474203944
24128,0.235034630508442
24129,0.2379544334043611
24130,0.2420013626424385
24131,0.2460202653944478
24132,0.2499012203310135
24133,0.2502403513507164
24134,0.2407320202773636
24135,0.2416075929816724
24136,0.2352747099553011
24137,0.2538875809049146
24138,0.2426014088093969
24139,0.2383536308465104
24140,0.241926969285412
24141,0.2455594930306154
24142,0.2332281404648865
24143,0.2424230758142862
24144,0.2493451010251308
24145,0.2417918598289848
24146,0.2382328995366221
24147,0.2321541816043991
24148,0.24005275138475
24149,0.2408943815202061
24150,0.2415023101379787
24151,0.2423250422871232
24152,0.2356561827507126
24153,0.236757880002236
24154,0.2432466593427726
24155,0.2428599372157455
24156,0.2385136757486257
24157,0.2348743771010204
24158,0.2417954517027314
24159,0.2448676024575913
24160,0.2360229866494187
24161,0.2342438298621165
24162,0.2365335755877226
24163,0.2364464455594831
24164,0.2386846472709337
24165,0.2343813672044818
24166,0.2365476519384307
24167,0.2325670728708309
24168,0.2411009537547787
24169,0.2428432359253692
24170,0.243331616445323
24171,0.2409138401361756
24172,0.2352610414751951
24173,0.2385114730265718
24174,0.2339875301233416
24175,0.2458460637082357
24176,0.2380001809077468
24177,0.2363203000690964
24178,0.2368594130536624
24179,0.2459349342800899
24180,0.2433775854273032
24181,0.2425756698187217
24182,0.2449886231455415
24183,0.250963539889865
24184,0.2455716440285559
24185,0.2435417924688389
24186,0.2465453905896273
24187,0.237516657901185
24188,0.2331351100029351
24189,0.2496804748228034
24190,0.252945949094391
24191,0.2425455627988856
24192,0.2445528392169021
24193,0.2446433918948755
24194,0.2468938567652445
24195,0.2386248382075403
24196,0.248017709819037
24197,0.2370175329949633
24198,0.2356831183172307
24199,0.2382275528281028
24200,0.2348379684068021
24201,0.2421178013595074
24202,0.250545675781483
24203,0.2381339153573533
24204,0.2443903814080277
24205,0.247882078617144
24206,0.2496035168250965
24207,0.2487514797797839
24208,0.2486860354031863
24209,0.2361895984235246
24210,0.236699312562115
24211,0.2364391092841375
24212,0.2472145866103209
24213,0.2426002851047723
24214,0.2388534786773138
24215,0.2321274592797323
24216,0.2353069105292004
24217,0.2434949558369703
24218,0.2357300878199052
24219,0.2451978557569132
24220,0.2532962139699025
24221,0.2391244130278512
24222,0.2358521748499808
24223,0.2396512247752185
24224,0.2434709391139656
24225,0.2417823308570392
24226,0.2392760179539379
24227,0.2419373970566379
24228,0.237870174929095
24229,0.2410064885785194
24230,0.2356740618087663
24231,0.2312071672797032
24232,0.2332814144524051
24233,0.241006594204049
24234,0.2397662496663895
24235,0.2378157112093113
24236,0.241492569963318
24237,0.2371884293818831
24238,0.2399571596785663
24239,0.2376909675620773
24240,0.2402488663525283
24241,0.2284336092834359
24242,0.2315551019435077
24243,0.2341936318088494
24244,0.2310226655507908
24245,0.2358881264716147
24246,0.2354141585907695
24247,0.230800584972085
24248,0.2275367081871067
24249,0.2353088276738941
24250,0.240954276907295
24251,0.2379015606744109
24252,0.2458237674115413
24253,0.2251602595611389
24254,0.2397979335456056
24255,0.2397519639705764
24256,0.2462264836460363
24257,0.2388541686330573
24258,0.2470936635120745
24259,0.2371526623729058
24260,0.2382817509858983
24261,0.2530344740960312
24262,0.2474185639463752
24263,0.2401800149104722
24264,0.2416288460970036
24265,0.2376600087892935
24266,0.2441308634147038
24267,0.2404167558933693
24268,0.2418307244851754
24269,0.2446032575571653
24270,0.235962522227015
24271,0.2405905894510233
24272,0.2497285662080182
24273,0.2459181454376392
24274,0.2363659398157831
24275,0.2423734096517488
24276,0.241213097463818
24277,0.2367160211093389
24278,0.2449734661542626
24279,0.2371883162185333
24280,0.2500792713929239
24281,0.2395114421838718
24282,0.2420196950282425
24283,0.2402617509183585
24284,0.236488245283454
24285,0.2431358091685387
24286,0.2508579638730636
24287,0.2453670081236629
24288,0.2405129825085269
24289,0.2373984811967719
24290,0.2412469221457074
24291,0.2384422204110182
24292,0.2402596727592388
24293,0.2364268636768446
24294,0.2478063876693784
24295,0.2449916483450293
24296,0.2378744727640833
24297,0.238312311041504
24298,0.2294078354603893
24299,0.2277704882453526
24300,0.232514325548182
24301,0.2401743239393984
24302,0.2432923539563765
24303,0.2423151103090895
24304,0.2502967885838096
24305,0.239326782325858
24306,0.2461906221051089
24307,0.2423614285413397
24308,0.2375749236909689
24309,0.239470247210892
24310,0.2426192286970822
24311,0.2368659072733095
24312,0.2420412227537665
24313,0.2365143770289566
24314,0.2379846450933848
24315,0.2373125797571447
24316,0.2407146554045479
24317,0.2322215103855569
24318,0.2309561335258438
24319,0.2323934071957438
24320,0.2380144602569128
24321,0.2360168426502272
24322,0.2473256411666258
24323,0.2406751251051807
24324,0.2510494379990061
24325,0.2451496520205028
24326,0.238214559452808
24327,0.2366772248810005
24328,0.2451840639783438
24329,0.2424566662797138
24330,0.2468029344443188
24331,0.2414913947693922
24332,0.2472446679271623
24333,0.2398424182888626
24334,0.2421432816255358
24335,0.2437215730596512
24336,0.2398976223126835
24337,0.2411798705774758
24338,0.2382145781099022
24339,0.2444864388690288
24340,0.2448741258385483
24341,0.2389479402443558
24342,0.2400140313517852
24343,0.240311664101801
24344,0.2392436911487017
24345,0.2447936697966998
24346,0.2305366573378062
24347,0.227482910233428
24348,0.2376710785417284
24349,0.2442223720718451
24350,0.2413385366618289
24351,0.2521924592248301
24352,0.2441642485207265
24353,0.2423940424723881
24354,0.2391960199267871
24355,0.2347509151445888
24356,0.2379511551348312
24357,0.2468065933101809
24358,0.23982108464484
24359,0.2412254545363304
24360,0.2364119429007331
24361,0.2438706814397448
24362,0.2410442479534729
24363,0.2429558970013871
24364,0.2356102223451392
24365,0.2419849965943578
24366,0.2412677507516413
24367,0.236265259762354
24368,0.2436009112757972
24369,0.2405448433121671
24370,0.2385656333530642
24371,0.2336202162199295
24372,0.2381530260558798
24373,0.2458810447141592
24374,0.2349361511976968
24375,0.2329944817560149
24376,0.2331272868162469
24377,0.242789465758535
24378,0.2365781588739476
24379,0.2377576399869878
24380,0.2473031534502013
24381,0.2371476995754296
24382,0.2336518375327329
24383,0.2377601282205578
24384,0.2339751251027638
24385,0.237256629542655
24386,0.2323932624916559
24387,0.2321366702657574
24388,0.2395751753491791
24389,0.2452151918814155
24390,0.2349987231997505
24391,0.2392939330367824
24392,0.2373733677086099
24393,0.2316711495262018
24394,0.2372182783520291
24395,0.232986333048464
24396,0.2334109723623748
24397,0.2343412605412584
24398,0.234286003997663
24399,0.2443676680573454
24400,0.231321321174003
24401,0.2446474850163466
24402,0.2452046993961735
24403,0.247624257255877
24404,0.2332451074415788
24405,0.2335397216132282
24406,0.2274298303307697
24407,0.2345502548185709
24408,0.2388895503425217
24409,0.2402970614137255
24410,0.2414176580073217
24411,0.240625884162465
24412,0.2393308134744533
24413,0.2440592540642042
24414,0.2309251517446271
24415,0.240145745225841
24416,0.2504617726850247
24417,0.2397332407752626
24418,0.2437888536978034
24419,0.2333505447548647
24420,0.2368256990902264
24421,0.2374688225279812
24422,0.2386593273782397
24423,0.2437226478813281
24424,0.2395116491593878
24425,0.2310323785481178
24426,0.2359085355897307
24427,0.2378128896478631
24428,0.2430056613553005
24429,0.2522806099738153
24430,0.2450782684529257
24431,0.2421434681102796
24432,0.2492578970145222
24433,0.2323155666543445
24434,0.2445789995307172
24435,0.2424014662543188
24436,0.2384069948336688
24437,0.2321274778274014
24438,0.2300061173832294
24439,0.2345061594914416
24440,0.2353011568347231
24441,0.2423428525698095
24442,0.2375892105429268
24443,0.2448501123305901
24444,0.2378362983609379
24445,0.2322149203536536
24446,0.2435606485911563
24447,0.2364952427914556
24448,0.2332254823990876
24449,0.2410407010476986
24450,0.2368755269638374
24451,0.2321445815508519
24452,0.2385977397510937
24453,0.2370382389253997
24454,0.2295817595625651
24455,0.2311126659933763
24456,0.2317676121922031
24457,0.2368344616034529
24458,0.2404380321084056
24459,0.2424334321777001
24460,0.2403683081463376
24461,0.2392408231121774
24462,0.231669333945712
24463,0.2363033777383266
24464,0.2342968723168003
24465,0.2436805486548939
24466,0.2349245343148636
24467,0.2385373116155049
24468,0.2460793806614181
24469,0.2374592533645066
24470,0.2313201808139912
24471,0.2423046905545614
24472,0.2376281119340372
24473,0.2348444839133886
24474,0.2341624270704891
24475,0.2329095466649906
24476,0.230884104095237
24477,0.2332224746079085
24478,0.2361972197821441
24479,0.2329130560863026
24480,0.2354669294911322
24481,0.2315341559514199
24482,0.2428052479556784
24483,0.2392962881787809
24484,0.2423990575795865
24485,0.2402554902403936
24486,0.2434494964647577
24487,0.238712648858404
24488,0.2407223490464605
24489,0.2371424401418456
24490,0.246731992051403
24491,0.2320921488797506
24492,0.2419765659086746
24493,0.2467166537723109
24494,0.2328918847644078
24495,0.2427146646691035
24496,0.2381857460266905
24497,0.2337140319934033
24498,0.2236402187872098
24499,0.2260524275986148
24500,0.2308721945666733
24501,0.2322322200756573
24502,0.2377378773439129
24503,0.23323873332436
24504,0.2401869803210193
24505,0.2323056151012426
24506,0.2308578810877064
24507,0.2423821324416891
24508,0.2365753384446496
24509,0.2438405825202932
24510,0.237252661729999
24511,0.2464098396121748
24512,0.2339184022399951
24513,0.2431739644181303
24514,0.2353367644617226
24515,0.2365986419646211
24516,0.2481598283699299
24517,0.2387319663436403
24518,0.2396942689682261
24519,0.2403155607081925
24520,0.2349190452133145
24521,0.2397846353598188
24522,0.2510201253812785
24523,0.2443073124929153
24524,0.2418615050130765
24525,0.2456393467768628
24526,0.2469992853898663
24527,0.2462485188557096
24528,0.2382642816820073
24529,0.2357473070700893
24530,0.2399521139884935
24531,0.2381476910170148
24532,0.2355341749883812
24533,0.2389481053989051
24534,0.2372245885866952
24535,0.2466043415243376
24536,0.2460529025468594
24537,0.2403192953536478
24538,0.2352908883481531
24539,0.2460918517069127
24540,0.2415019656577142
24541,0.241737631317995
24542,0.2312868205486308
24543,0.2266332212543083
24544,0.2299195185774339
24545,0.240608339168332
24546,0.2475174485463454
24547,0.2368121102089142
24548,0.2432989756037599
24549,0.2391619323050048
24550,0.2495587091046754
24551,0.232142186886306
24552,0.2309844034154721
24553,0.2458393654701654
24554,0.2328272949587421
24555,0.2335413648537652
24556,0.2365901344836236
24557,0.2412577292140657
24558,0.2305961339122347
24559,0.235538431108518
24560,0.2428291340843789
24561,0.2324196385955248
24562,0.2388279248172413
24563,0.2306221320628315
24564,0.2309215158455177
24565,0.2387391448609129
24566,0.2444417295588115
24567,0.2423788400308185
24568,0.246191304666531
24569,0.2488882723206071
24570,0.244456473178225
24571,0.2429633443991475
24572,0.2337838738990021
24573,0.2419610055146231
24574,0.2488259146809027
24575,0.2389417048754831
24576,0.2382765051876797
24577,0.2409181854597614
24578,0.2385052169074157
24579,0.240701778299203
24580,0.2473536199418639
24581,0.246182499694254
24582,0.2430242416486182
24583,0.2438614486797179
24584,0.2426824962745194
24585,0.2392424864041736
24586,0.2424746839849591
24587,0.2454164671324996
24588,0.2495491569996505
24589,0.2444932533315013
24590,0.2382541864882572
24591,0.2396528267398921
24592,0.2366978013956578
24593,0.2368347744499201
24594,0.2374136267498642
24595,0.2413013670424596
24596,0.2376507938106649
24597,0.2457430052242505
24598,0.2313097558157057
24599,0.2377236990630191
24600,0.2373167340135008
24601,0.2398455236753394
24602,0.2450151528868537
24603,0.2459017374074788
24604,0.2334111626163467
24605,0.2464330981041484
24606,0.2428122668815571
24607,0.2487770325413379
24608,0.2388281728591394
24609,0.238053362014857
24610,0.2392107181225464
24611,0.2425966245598994
24612,0.2467252463053245
24613,0.2481471804569558
24614,0.240842733181451
24615,0.2468497723555978
24616,0.2504954439653908
24617,0.2398069124892613
24618,0.2402851509064405
24619,0.2258440104465036
24620,0.2405936391939057
24621,0.2383462307590564
24622,0.2316889308843702
24623,0.2352666280374892
24624,0.2368807313925063
24625,0.2502222474713445
24626,0.2419264644328247
24627,0.2326335587486613
24628,0.235453766167818
24629,0.2414230907593378
24630,0.2352037161636301
24631,0.2463440807903324
24632,0.2348352035619898
24633,0.239986701548958
24634,0.2351376885800735
24635,0.2345566134846048
24636,0.2362289638661275
24637,0.2317643001315852
24638,0.2283440856275343
24639,0.243743959195314
24640,0.2315901619772331
24641,0.2429038722405607
24642,0.2370149416646799
24643,0.2438708140178373
24644,0.2377676828581894
24645,0.2414555932448505
24646,0.235062709878936
24647,0.2279365624985894
24648,0.2356851982781592
24649,0.2421796738274622
24650,0.2435826977232348
24651,0.2271395200049091
24652,0.2333646460079137
24653,0.2313600567865805
24654,0.2403793996385439
24655,0.22679727864708
24656,0.2337137644018647
24657,0.2389807620586735
24658,0.2428343979992891
24659,0.2429139543861954
24660,0.2400127804358554
24661,0.2352220874167638
24662,0.2354121054659639
24663,0.2412523675729918
24664,0.2426569389645361
24665,0.2329747252564823
24666,0.2339932771289815
24667,0.2384468415718978
24668,0.2371510664755856
24669,0.2349304344089793
24670,0.2362572425640736
24671,0.228124238831677
24672,0.2396900932436299
24673,0.2346367993469068
24674,0.2315938600083165
24675,0.2355212424501265
24676,0.2382912201115344
24677,0.2425076417474063
24678,0.2362229214725886
24679,0.237594178040905
24680,0.2323402261788778
24681,0.2490279578083271
24682,0.2265559143469641
24683,0.2404107416444155
24684,0.2339638501466981
24685,0.2334009687451603
24686,0.2418682253988513
24687,0.2471642060436759
24688,0.2311081305596036
24689,0.2370720611896873
24690,0.2327097934772747
24691,0.2277837767290923
24692,0.2356242400164475
24693,0.2435668344863596
24694,0.2368283662093437
24695,0.2387938773580613
24696,0.2436610932730197
24697,0.2340691137790062
24698,0.2334684635272788
24699,0.2337887265097873
24700,0.2327616661699681
24701,0.2349762900559367
24702,0.2233519684842798
24703,0.2307513979030439
24704,0.2383933456489696
24705,0.229231354258158
24706,0.2392580972318751
24707,0.2291529859288409
24708,0.2271342489516854
24709,0.2383816935127937
24710,0.2342672452522174
24711,0.2320413308864609
24712,0.229294903113249
24713,0.2343853275127105
24714,0.2420482637573676
24715,0.2324318031854971
24716,0.2356271503301279
24717,0.2390040922045672
24718,0.2271173778369311
24719,0.2337618721024976
24720,0.2339815592155471
24721,0.2332248116390899
24722,0.2372541200598021
24723,0.2335710797413464
24724,0.2405013986449348
24725,0.2278331631012527
24726,0.2384516660239768
24727,0.231039989607277
24728,0.2283087382104074
24729,0.2344164497880575
24730,0.245454791652224
24731,0.2402408129109797
24732,0.2362174248906731
24733,0.2302589099097588
24734,0.2312954785575182
24735,0.2395303026689603
24736,0.2344986573625614
24737,0.2320730355943562
24738,0.2313678909586622
24739,0.2385133985772019
24740,0.2317403190751848
24741,0.2308631338627788
24742,0.2286329484963703
24743,0.2374279255459598
24744,0.2368855179673126
24745,0.2354575690882041
24746,0.2379968474365452
24747,0.2355527704358584
24748,0.2325738114201068
24749,0.2291252896372667
24750,0.2371862422743089
24751,0.2367198766128923
24752,0.2327507025114781
24753,0.241162300880791
24754,0.2384264859799337
24755,0.2335860816124474
24756,0.242079235271991
24757,0.2371155328110046
24758,0.2377440279896268
24759,0.2364356806685751
24760,0.2279362025653508
24761,0.2295275133845118
24762,0.2318352356721958
24763,0.2374831193380928
24764,0.2272052621340634
24765,0.2357942692890695
24766,0.2321594183237576
24767,0.2276646260079133
24768,0.2271058164110147
24769,0.2315447547407176
24770,0.2361679121191274
24771,0.2381248070817175
24772,0.2386383616140565
24773,0.2349408173724632
24774,0.2317723271467139
24775,0.2345747409381514
24776,0.2364110457220143
24777,0.2361685094232345
24778,0.2454309980648721
24779,0.240292755387059
24780,0.2387908210692219
24781,0.2444511853669423
24782,0.243823442779576
24783,0.2425065331631882
24784,0.2320349073010531
24785,0.239062365007444
24786,0.2444221363370225
24787,0.2377314682493991
24788,0.2351575628277078
24789,0.2393861898395155
24790,0.2342440453138941
24791,0.2440827229904115
24792,0.2394539350683282
24793,0.2345257132867488
24794,0.2369584369296253
24795,0.2420600730747151
24796,0.2403059780871369
24797,0.2396486612765514
24798,0.2394059887891295
24799,0.245013466859481
24800,0.2343169970188522
24801,0.2311262268261295
24802,0.2363721545576459
24803,0.2320834137529214
24804,0.2462883330061009
24805,0.2453612210527435
24806,0.2357394923429449
24807,0.2410459992001268
24808,0.2385013195079749
24809,0.2461509565092036
24810,0.2341259734171203
24811,0.2331768931181464
24812,0.2338145644338727
24813,0.2327179370235242
24814,0.2407343157566273
24815,0.2479216729141514
24816,0.2419493500925231
24817,0.2395413589587327
24818,0.2323570079708432
24819,0.2292093653736009
24820,0.2432220032621936
24821,0.2344679329034433
24822,0.2351785891793191
24823,0.2398548202464702
24824,0.2440083823848526
24825,0.2374837889418416
24826,0.2364698699089587
24827,0.2446539940144248
24828,0.2327102533632634
24829,0.2487539983688888
24830,0.2414751819672098
24831,0.2423771189467157
24832,0.238743905494215
24833,0.2413434696030245
24834,0.2392274577983628
24835,0.2435817267519761
24836,0.2335544651341485
24837,0.2344080204609466
24838,0.2392252871795891
24839,0.2425572624865123
24840,0.2307854098702787
24841,0.2389936321147867
24842,0.2434496701554206
24843,0.2340319819643652
24844,0.2376933996401012
24845,0.2408191364185541
24846,0.2307036225076948
24847,0.2284279862824537
24848,0.2365174020964346
24849,0.2362436261541931
24850,0.244682253631493
24851,0.239518652279879
24852,0.2351819175754069
24853,0.2417298417366113
24854,0.2468170884116184
24855,0.2432152021200733
24856,0.2353674041611245
24857,0.2360999048284447
24858,0.2379508520834734
24859,0.2419282055146973
24860,0.2267648658522111
24861,0.2294907394867603
24862,0.2327581840728284
24863,0.2428370238522436
24864,0.2357228729978651
24865,0.2270147493013342
24866,0.2332694592132154
24867,0.2391717675885448
24868,0.2380293220044327
24869,0.2368708945204656
24870,0.2396157158138783
24871,0.2354140547671479
24872,0.2326087986535534
24873,0.231393993607329
24874,0.2356257669620032
24875,0.2474622133606961
24876,0.2351567700571928
24877,0.2425487831175684
24878,0.2375544424465109
24879,0.2340419041086837
24880,0.2381583721209472
24881,0.2369120446231715
24882,0.2382447665148473
24883,0.2350175031968532
24884,0.2379789919592216
24885,0.232442806823012
24886,0.238325684226715
24887,0.2350725826994034
24888,0.2358249297805907
24889,0.2356145235730329
24890,0.2355398947859396
24891,0.2392375295905321
24892,0.2441153907054145
24893,0.2418474871176814
24894,0.2329771761801005
24895,0.2273768658724359
24896,0.2425448268471388
24897,0.2411331324080688
24898,0.2331333750491666
24899,0.2335575423147657
24900,0.2320038084537059
24901,0.2296056090226707
24902,0.2371238092249361
24903,0.2390226177252565
24904,0.238372226683473
24905,0.2292642054932231
24906,0.2342976155950717
24907,0.2242854206302056
24908,0.2258974355571351
24909,0.2290127623779376
24910,0.2351653588342726
24911,0.2307645190825553
24912,0.2318291155717674
24913,0.2404192526186051
24914,0.2330835583739721
24915,0.2364803346720654
24916,0.2338782287135724
24917,0.2359768181433315
24918,0.2364008128009061
24919,0.2471963310578912
24920,0.2380082013505467
24921,0.2367017823735262
24922,0.2396959683391887
24923,0.23931673548052
24924,0.2360976437210968
24925,0.2356414505661183
24926,0.2290436612825264
24927,0.2328508517540337
24928,0.2250557940378149
24929,0.2353006006485612
24930,0.2348163418194905
24931,0.2371227247669816
24932,0.239731381856571
24933,0.229804451027116
24934,0.2308424945479444
24935,0.2367812596016555
24936,0.2386748785412769
24937,0.2420474499862074
24938,0.2443808421810482
24939,0.2346372689799636
24940,0.2306498095091811
24941,0.2376839734699597
24942,0.2415549516122822
24943,0.2368121470078216
24944,0.2372078566552947
24945,0.2463772358568687
24946,0.2407745480211809
24947,0.2368364689482221
24948,0.2346703128196149
24949,0.237742653070403
24950,0.2409184548040251
24951,0.243669435466914
24952,0.2354884058517322
24953,0.2301336661411142
24954,0.2363809459953477
24955,0.2424178579462296
24956,0.2344312060000504
24957,0.2352610944104184
24958,0.2347712464365019
24959,0.2409249196200929
24960,0.2320418630141637
24961,0.231295346034067
24962,0.2353989615249902
24963,0.228841376641729
24964,0.23965649563306
24965,0.2351588891404427
24966,0.2343353974790301
24967,0.2312051663747326
24968,0.2425402071217695
24969,0.2368271085137364
24970,0.238765507084233
24971,0.2369043480966629
24972,0.2439267208505546
24973,0.2387612928983055
24974,0.2319953931476798
24975,0.2274032413277899
24976,0.2444204812166709
24977,0.2388235073918476
24978,0.2339237822684994
24979,0.2415337018085821
24980,0.2380993074700029
24981,0.2437742354164774
24982,0.2284636977440458
24983,0.2301532604266341
24984,0.2295096045242408
24985,0.2354788146440218
24986,0.2339040770280877
24987,0.2227561969272034
24988,0.2293823677243925
24989,0.2275311236489861
24990,0.2219136136612232
24991,0.2337681410364293
24992,0.2333906343999917
24993,0.233339643976854
24994,0.2345901918313047
24995,0.2275182844911551
24996,0.2265985762719773
24997,0.2267335596741909
24998,0.2329608246046367
24999,0.2421595637485681
25000,0.2386345827498297
25001,0.2312105410275236
25002,0.2383805663674209
25003,0.2297953749075475
25004,0.2349039897261632
25005,0.2466660966107182
25006,0.2326390425142989
25007,0.2391174836491801
25008,0.2303147776215687
25009,0.2367952828227714
25010,0.2442233442511093
25011,0.2424242709406221
25012,0.2386221462102162
25013,0.2403273164186753
25014,0.2498870365648125
25015,0.2450501876705694
25016,0.2390241013265393
25017,0.2417629513339964
25018,0.2305490514857223
25019,0.2299681630651114
25020,0.2364131870088845
25021,0.2312664329057442
25022,0.2312335087281365
25023,0.2351560584691512
25024,0.2237048157452748
25025,0.2429711094942301
25026,0.2394749862558375
25027,0.2317807358366207
25028,0.2314163037858367
25029,0.2283840201699624
25030,0.2386695967308792
25031,0.237427758872815
25032,0.2435323780145898
25033,0.225476422692453
25034,0.2379776006306021
25035,0.2293146124019157
25036,0.2334826724599319
25037,0.2335023859941776
25038,0.2346534396302225
25039,0.2340835465828097
25040,0.2416785762604217
25041,0.2383901364996068
25042,0.2331851873825982
25043,0.2377170988806842
25044,0.2383649905610166
25045,0.2372750482330191
25046,0.2358579959282605
25047,0.2389560468430018
25048,0.2366018495399744
25049,0.2428937863763298
25050,0.2479545963339688
25051,0.231113324876612
25052,0.2420532139509469
25053,0.2408164195739822
25054,0.2335050383805701
25055,0.230254958855824
25056,0.2290989818434211
25057,0.2219383858302286
25058,0.2245762269279964
25059,0.2433587397940678
25060,0.2388810599648363
25061,0.2398757565962917
25062,0.233189036347963
25063,0.2290888596472119
25064,0.2390389458986969
25065,0.2343078506227928
25066,0.2339367189556347
25067,0.2311596411681843
25068,0.2310125191809839
25069,0.2334354892900123
25070,0.2376853232641811
25071,0.2298635233374368
25072,0.2324858418754777
25073,0.2348298079204701
25074,0.2495431274321942
25075,0.2345253923485301
25076,0.2283270334672857
25077,0.2355485903802047
25078,0.235539540263058
25079,0.2311366488455442
25080,0.231275404936288
25081,0.2392028282511969
25082,0.2178982359426951
25083,0.2283259943038512
25084,0.2299998636446067
25085,0.228334913243893
25086,0.2253781439779978
25087,0.2219829176530769
25088,0.2352824268755178
25089,0.2414115038761347
25090,0.232839446167381
25091,0.2344909339346325
25092,0.2350076906293444
25093,0.2292919728602647
25094,0.233409488224457
25095,0.2370174219577072
25096,0.2402976823856706
25097,0.2397519012504381
25098,0.2443006940231965
25099,0.2351688539106719
25100,0.2344548253294161
25101,0.2301237421811806
25102,0.2367165993945431
25103,0.2285457908420789
25104,0.2266146222779237
25105,0.2269582889051334
25106,0.240026947957989
25107,0.2366210439486961
25108,0.2341285504070068
25109,0.229875577924406
25110,0.2328931791803968
25111,0.2359128148595771
25112,0.2355677478347326
25113,0.2389168314680243
25114,0.2344614748789543
25115,0.2264865208498487
25116,0.2289203136572044
25117,0.2298385883439676
25118,0.232094554879268
25119,0.2317514010907846
25120,0.2345027190875982
25121,0.2269763432059553
25122,0.2264011755802167
25123,0.237681549931499
25124,0.2302401576039795
25125,0.2376322079711227
25126,0.2385046393198463
25127,0.2379405504614626
25128,0.2311377115019771
25129,0.2296206300011637
25130,0.2339294389290188
25131,0.2337456119459799
25132,0.2336204806510265
25133,0.2327103952491031
25134,0.2383381666829014
25135,0.2402606779714639
25136,0.2355753150346364
25137,0.2390971128217035
25138,0.2318560222140636
25139,0.2378583936703111
25140,0.2367088660679666
25141,0.2318204613964045
25142,0.235447967025177
25143,0.2264949979197598
25144,0.2470812470942236
25145,0.2277046096278905
25146,0.2342578286217009
25147,0.2356757831684771
25148,0.2309125251237762
25149,0.2282674778312808
25150,0.2336632598873951
25151,0.2383207294660471
25152,0.2336567250069151
25153,0.2398255211131505
25154,0.2358109784710751
25155,0.2342375960878792
25156,0.2365178358101586
25157,0.224659370617213
25158,0.2266661348967116
25159,0.2257091618529111
25160,0.2321272036602202
25161,0.2318187444937609
25162,0.2341129491640129
25163,0.2242566830404784
25164,0.2270855427865018
25165,0.2318818154041314
25166,0.2310969713784542
25167,0.23351679490409
25168,0.2422343836715097
25169,0.2338826641298687
25170,0.2385645891094013
25171,0.2284347111848684
25172,0.2319317379520925
25173,0.2330461011171072
25174,0.2294687249901408
25175,0.2313751015478465
25176,0.2223098702882124
25177,0.2312684845627333
25178,0.2258836611486991
25179,0.2308854342224349
25180,0.2288830669174577
25181,0.2297264741842152
25182,0.2318105951076748
25183,0.2261021525430847
25184,0.2319272559561998
25185,0.2284691555865335
25186,0.220069434683964
25187,0.2267010451163767
25188,0.2257381562400762
25189,0.2315590589075124
25190,0.2325298631900488
25191,0.235021398787493
25192,0.2343392573246713
25193,0.2332078884791045
25194,0.2341243070915493
25195,0.2279960511348872
25196,0.245198586682135
25197,0.2290679219964136
25198,0.2422925326763574
25199,0.2333653034364709
25200,0.2379465835728283
25201,0.2367619725115082
25202,0.2326252854548798
25203,0.2325046209445726
25204,0.2332531491193455
25205,0.2317298033992523
25206,0.2344943436018522
25207,0.2286967447663923
25208,0.2336408985863162
25209,0.2286460341051895
25210,0.2370721946395634
25211,0.2315324785063762
25212,0.2265369885794027
25213,0.2325737889408319
25214,0.2282047728944437
25215,0.2241433752393694
25216,0.2368008461532574
25217,0.2385388905458032
25218,0.2298811606393496
25219,0.2378656275990442
25220,0.2364744832228231
25221,0.2347928168913309
25222,0.2369036687238116
25223,0.2239076780006679
25224,0.2294689340425619
25225,0.2339699326512433
25226,0.2245169382542686
25227,0.2367343110850864
25228,0.2285339737111286
25229,0.2269355343106155
25230,0.2312114252200162
25231,0.2337413619309291
25232,0.2272911638818363
25233,0.2266620699253426
25234,0.2352195568717798
25235,0.233534433902136
25236,0.2304536516072849
25237,0.2377399111914074
25238,0.2251493241071489
25239,0.2340122131563802
25240,0.2279806772482064
25241,0.2258002621192407
25242,0.2368090794994744
25243,0.2240435789017013
25244,0.2343477438181156
25245,0.23897998365908
25246,0.2325773263800496
25247,0.2412336299841247
25248,0.2264838072182173
25249,0.2465190076620158
25250,0.237368030665419
25251,0.2312280778749327
25252,0.2285011611608934
25253,0.2255044013591906
25254,0.2281069560773962
25255,0.2267981475737193
25256,0.2271828367557525
25257,0.2381507488795411
25258,0.2279717974375083
25259,0.2342853379464654
25260,0.2272655981837152
25261,0.2216533429677044
25262,0.2367907624481832
25263,0.2264536648533466
25264,0.2237654625749182
25265,0.2331406815250636
25266,0.2301419323819921
25267,0.2327050714231032
25268,0.231201369401825
25269,0.2309744146369304
25270,0.2359569850767822
25271,0.2222313927999081
25272,0.2343503381886406
25273,0.2220209949639552
25274,0.2337124199086751
25275,0.2211508943221774
25276,0.2237929757513241
25277,0.230594989170414
25278,0.2315194572888056
25279,0.2258943988419526
25280,0.2364263836086109
25281,0.228566050977008
25282,0.225051901247759
25283,0.2245369947836894
25284,0.2351241648334736
25285,0.2327653826408954
25286,0.2361123469540591
25287,0.2341243253190762
25288,0.2368102028369013
25289,0.2305870954690499
25290,0.2302410546690403
25291,0.2303044849609759
25292,0.223097496638176
25293,0.2250249732377001
25294,0.2330943734892074
25295,0.2343934694398057
25296,0.2323042287409015
25297,0.2255323211727977
25298,0.2326490503005234
25299,0.2209182205046399
25300,0.2309502476452896
25301,0.2281072532349744
25302,0.2382507005287683
25303,0.2289960903811928
25304,0.2288329755735054
25305,0.2329726807378473
25306,0.2305196763663825
25307,0.2310854220892363
25308,0.2334438307802025
25309,0.2245162732485664
25310,0.2290015892731558
25311,0.2254217753698245
25312,0.2269913581607594
25313,0.2256970551693657
25314,0.2375035410793479
25315,0.2270037991865472
25316,0.2330274442539265
25317,0.2338526391867189
25318,0.2211051469135713
25319,0.2346035285841476
25320,0.2263011693043466
25321,0.2294006651312819
25322,0.224705768344333
25323,0.2283724182526414
25324,0.2223420367340849
25325,0.2245516680139964
25326,0.2287944506197249
25327,0.2356177874684747
25328,0.2317986722307864
25329,0.2418014878382088
25330,0.2321827462902594
25331,0.2372812908518246
25332,0.2317268705047878
25333,0.2280202431555374
25334,0.2304649522594421
25335,0.2262425303538129
25336,0.2268192292132877
25337,0.2298838309827199
25338,0.2331116386044011
25339,0.2278969647515166
25340,0.2252489295582451
25341,0.2270737719604303
25342,0.2233219177091759
25343,0.2294734329481303
25344,0.2306278119318899
25345,0.2214558467834997
25346,0.2281706707768144
25347,0.2299322074168834
25348,0.2347538132039719
25349,0.229893918619928
25350,0.2229465004287656
25351,0.2346111200557127
25352,0.2246806768422258
25353,0.2310503021523286
25354,0.2233477905750068
25355,0.2206699697595459
25356,0.23295215081095
25357,0.2222804121276488
25358,0.2368510882934365
25359,0.2208229946919133
25360,0.2327158536389664
25361,0.2259479865125715
25362,0.2251465039110455
25363,0.2300598046149794
25364,0.2287808440594251
25365,0.2284297512902113
25366,0.2222940092536326
25367,0.2323638612647346
25368,0.2306684631422969
25369,0.2331466346907084
25370,0.2232112112663841
25371,0.2322335863742813
25372,0.2361147615666153
25373,0.2318411636629463
25374,0.2361433280469495
25375,0.2353372167667612
25376,0.2227967501150526
25377,0.2347559925532966
25378,0.2254841424325964
25379,0.2293982689268201
25380,0.2335590588178881
25381,0.2406238956906433
25382,0.226879496611634
25383,0.2217606094107098
25384,0.2296099192821362
25385,0.2307059881722442
25386,0.2340305346253068
25387,0.2341292947292145
25388,0.2361401403382842
25389,0.2343315084566054
25390,0.2276086365413132
25391,0.2325508846853729
25392,0.2310518360995164
25393,0.2374262943078527
25394,0.2243777873068825
25395,0.2312167702893917
25396,0.2217083634027232
25397,0.2269266091242936
25398,0.2350322606162833
25399,0.223536692890984
25400,0.2369617065271069
25401,0.2301506327268659
25402,0.2365851741083297
25403,0.2291055990604409
25404,0.2273623908017248
25405,0.2403461282056859
25406,0.2289294821524797
25407,0.2327815104664592
25408,0.2304664346222474
25409,0.2269410075236721
25410,0.2310996997181696
25411,0.2294501449228768
25412,0.233502851464707
25413,0.2255140309879829
25414,0.2243361228296511
25415,0.2296066131486226
25416,0.2202645928170818
25417,0.2300907006997863
25418,0.2229901974005537
25419,0.2328106793437372
25420,0.2330422671515173
25421,0.2290199489130557
25422,0.2340084028548838
25423,0.2329469779372594
25424,0.2361398100445319
25425,0.2295508189708861
25426,0.2317518590229013
25427,0.2292732991022769
25428,0.2274089731672771
25429,0.2251876215756751
25430,0.226458848660473
25431,0.2258807864916482
25432,0.2369393530110609
25433,0.227526977114883
25434,0.2290868615683824
25435,0.2320577170859147
25436,0.2281602609799178
25437,0.2263978536609761
25438,0.2267564463476725
25439,0.21901444798819
25440,0.2274997512267152
25441,0.2292487149481227
25442,0.2332470657359446
25443,0.2300598701800706
25444,0.233646659139713
25445,0.235258900281318
25446,0.2318491781183363
25447,0.2243768284193391
25448,0.230124553823403
25449,0.2365953501090065
25450,0.2358372852291976
25451,0.2280036428699432
25452,0.2365575679464915
25453,0.2286383768374996
25454,0.236126495587306
25455,0.2373285158814787
25456,0.2316770409537218
25457,0.2376125898422533
25458,0.2383079252448866
25459,0.2373253822606625
25460,0.2280898055690652
25461,0.2399638653154553
25462,0.2422250160684779
25463,0.2296318856271078
25464,0.2271417985271468
25465,0.2217068846586791
25466,0.227684901630697
25467,0.2229619714037109
25468,0.2317596603520026
25469,0.2351381398551192
25470,0.2310671025519524
25471,0.2304102344133799
25472,0.2307042062408018
25473,0.2224726671328025
25474,0.2321223050481912
25475,0.2339945009698062
25476,0.2385919014500431
25477,0.2346663405920328
25478,0.2390965719261068
25479,0.2365169475482929
25480,0.2399147968723836
25481,0.2273890128372771
25482,0.2366469280720856
25483,0.2353571881793406
25484,0.2338361530680354
25485,0.2277341471034715
25486,0.2254440941965857
25487,0.2188150912641621
25488,0.2319357439528752
25489,0.2274328368793202
25490,0.2431609163241921
25491,0.2319249267329075
25492,0.2363155264234085
25493,0.2384015602812747
25494,0.2326561208257835
25495,0.2334947073137996
25496,0.2323731467514167
25497,0.2251472301093475
25498,0.2319007953416346
25499,0.2330274551900869
25500,0.2287153355629499
25501,0.2334669475006874
25502,0.2348059976154146
25503,0.2397946687409795
25504,0.2371774027177599
25505,0.2282431943779055
25506,0.2214476135371027
25507,0.2358686946956577
25508,0.2448397494247268
25509,0.2382398948180166
25510,0.2386645009539819
25511,0.2298165699578054
25512,0.2365013450771316
25513,0.2370995402252776
25514,0.2364010968823043
25515,0.239322127980148
25516,0.2346929723763552
25517,0.2324863122630115
25518,0.2411657130560979
25519,0.2360807302068611
25520,0.2325486450207002
25521,0.2257416163052674
25522,0.2307238880972932
25523,0.2336652497307816
25524,0.2381695404054044
25525,0.2290297376960422
25526,0.2307204646774893
25527,0.2380683029262957
25528,0.2311593098420317
25529,0.2300640463790575
25530,0.2336487345410024
25531,0.236085354666129
25532,0.2439863807583163
25533,0.2303611131996065
25534,0.2275793558204919
25535,0.2289841871180468
25536,0.2316594484200455
25537,0.2435694354872498
25538,0.2347856580398144
25539,0.2323306693441354
25540,0.2372980264514387
25541,0.2278802753271154
25542,0.2315837487863574
25543,0.2357080241591294
25544,0.2393430961448559
25545,0.2380065428402399
25546,0.2406844748645207
25547,0.2340947738847094
25548,0.2317257715982656
25549,0.2357753938155093
25550,0.2289142417609961
25551,0.2264806198028277
25552,0.2336427414669341
25553,0.2388361705606987
25554,0.2339344197278243
25555,0.2280596329496278
25556,0.2290420901800798
25557,0.2346345311981935
25558,0.2359486361533377
25559,0.2337286552576676
25560,0.2290502017213845
25561,0.2348411015789808
25562,0.2230821186280655
25563,0.2260041965273504
25564,0.23342973509366
25565,0.2247503984828207
25566,0.2418533447094942
25567,0.2324318249918372
25568,0.2244844567578987
25569,0.221603798164701
25570,0.2338184021811014
25571,0.2310912631312604
25572,0.2399889628882773
25573,0.2316043219081487
25574,0.2388622561795189
25575,0.2354137720942083
25576,0.2346562483266421
25577,0.2348231430042583
25578,0.2293237893559258
25579,0.2291207426682563
25580,0.2404691936343264
25581,0.242292766191584
25582,0.2303231519388655
25583,0.2323344602664009
25584,0.2319028021389134
25585,0.241383823676284
25586,0.2384322885685278
25587,0.2275712688307862
25588,0.2328552763448161
25589,0.2292641378330802
25590,0.2304555374501032
25591,0.2299181947380049
25592,0.2300980441692114
25593,0.2302128392607762
25594,0.2291905242489601
25595,0.2198977116131275
25596,0.2196032204973902
25597,0.232900366898576
25598,0.2303286153767342
25599,0.2267069248673877
25600,0.2320107366912502
25601,0.2197580849113503
25602,0.2237397579089084
25603,0.2245718084628239
25604,0.2364534654694709
25605,0.2314308167029529
25606,0.2318942591216169
25607,0.2319216282779872
25608,0.2278746670730177
25609,0.2257827038050233
25610,0.2266114415689339
25611,0.2371563762055418
25612,0.2311287029131643
25613,0.2291689024631416
25614,0.2176088980840078
25615,0.2285742592081483
25616,0.2319434077086264
25617,0.2249655121372434
25618,0.2257903698446251
25619,0.2287062365645821
25620,0.2268247985135816
25621,0.2257956212769431
25622,0.2332649841368217
25623,0.2221721171079708
25624,0.2273432753706666
25625,0.227254884848489
25626,0.2320383736196669
25627,0.2264660285770816
25628,0.2281737853393688
25629,0.23019296667239
25630,0.2269590911025139
25631,0.2300971318227593
25632,0.2295498557079698
25633,0.2363967314435491
25634,0.2268812674003756
25635,0.2327973035883898
25636,0.2357571907162649
25637,0.222112808802173
25638,0.230121720959104
25639,0.2246594538191604
25640,0.2333605903595928
25641,0.2264045755099089
25642,0.2275902035645432
25643,0.228214895327431
25644,0.2278733578776132
25645,0.2350323147549645
25646,0.2346656470051568
25647,0.2303750429303005
25648,0.2221181907774171
25649,0.2278369030442722
25650,0.2273078659721696
25651,0.2284896046640018
25652,0.2218821753654866
25653,0.2323055256435756
25654,0.2251191604441226
25655,0.2243538557588565
25656,0.2276774724020585
25657,0.2264596017021151
25658,0.2267915156056399
25659,0.224953151382361
25660,0.2339796196755682
25661,0.2324403356171574
25662,0.2317244446517706
25663,0.2292932199245053
25664,0.2269589369990755
25665,0.2250010385937187
25666,0.2262527749483521
25667,0.2248785793571104
25668,0.2259610590737849
25669,0.2311440759328905
25670,0.2302519359071349
25671,0.2348213926390632
25672,0.2240676047011614
25673,0.2276304898026096
25674,0.2240067243065193
25675,0.232327108028877
25676,0.2292548385776231
25677,0.2299169310335682
25678,0.2371310292613228
25679,0.2298120344112725
25680,0.2266071735700406
25681,0.2278036579585465
25682,0.2268983468768835
25683,0.239025857981748
25684,0.233573056888644
25685,0.235136179644151
25686,0.2256431413106513
25687,0.2368839049593612
25688,0.2175527345517909
25689,0.2213238345967522
25690,0.2245629333737945
25691,0.2291611489473982
25692,0.2261799823381049
25693,0.2221231943312723
25694,0.2305387130398037
25695,0.2255751089012213
25696,0.2283531179381937
25697,0.2289524174122381
25698,0.2360574029256412
25699,0.2427050361827584
25700,0.234513347897815
25701,0.2247793120042366
25702,0.2337991059244397
25703,0.2341025713858034
25704,0.2320291406645443
25705,0.2326120364354017
25706,0.2318049059363318
25707,0.2346141256947604
25708,0.2348858167442321
25709,0.2270761434602569
25710,0.2315436676583586
25711,0.2285817189120992
25712,0.223442324737494
25713,0.2237224536065495
25714,0.2290690163192986
25715,0.2305513950197456
25716,0.2320082586773537
25717,0.2295472504889433
25718,0.2394488244246938
25719,0.222677579637651
25720,0.2282764431376268
25721,0.2395189641972249
25722,0.232238733781541
25723,0.2371064216792
25724,0.2349403080918437
25725,0.2240707186812725
25726,0.2232447977845799
25727,0.2317099642992618
25728,0.2309030244068333
25729,0.2327114872121765
25730,0.2315043789010929
25731,0.2297450492382002
25732,0.2181803543449736
25733,0.2417088113133897
25734,0.2221203159887959
25735,0.2262691195162268
25736,0.2325599513285899
25737,0.2276547241782378
25738,0.2296497670585627
25739,0.2342774945916689
25740,0.2259378391587954
25741,0.2246219162531189
25742,0.2165977184059259
25743,0.2273763487555991
25744,0.2420117171556347
25745,0.2248890658611556
25746,0.2206241486941255
25747,0.2241972668150027
25748,0.2304721887287719
25749,0.225094363728
25750,0.2328452693716794
25751,0.2288281141755997
25752,0.2337505420670856
25753,0.2190339538834901
25754,0.2282987638804089
25755,0.2212870040598769
25756,0.2303937907913812
25757,0.2363242074551313
25758,0.229117405617874
25759,0.2361920054213448
25760,0.231008290951371
25761,0.2286707531306676
25762,0.2424216602685927
25763,0.2343807687620206
25764,0.2289763477382006
25765,0.223336219582471
25766,0.2171507794996709
25767,0.2264353390973595
25768,0.2214128400965602
25769,0.2298868547615824
25770,0.2295244560448123
25771,0.2318520891212063
25772,0.2224850877427175
25773,0.2252244796479017
25774,0.2302502625140966
25775,0.2263370885442489
25776,0.2313553104688473
25777,0.2257454687577305
25778,0.2297396912682377
25779,0.2281951794885658
25780,0.2282650274457274
25781,0.222450543130585
25782,0.2219930483903154
25783,0.2236568323697109
25784,0.2184000033077557
25785,0.2240260281419183
25786,0.2325768668299409
25787,0.2268426249874773
25788,0.2339571804388371
25789,0.2271884846840278
25790,0.2247906036812469
25791,0.2294465540699608
25792,0.2257487415811681
25793,0.2259506010853231
25794,0.2250137446506794
25795,0.2244027021338211
25796,0.2325004091067409
25797,0.2374897990373232
25798,0.2308693811088807
25799,0.2370165810752539
25800,0.2280094103880174
25801,0.2353305267840786
25802,0.233565144899927
25803,0.2181392948419998
25804,0.2342051909529394
25805,0.2282104591645662
25806,0.2274290057038557
25807,0.2325192124312553
25808,0.2256878525937527
25809,0.2247673446374747
25810,0.2308899693746105
25811,0.2333492121918631
25812,0.230763724243096
25813,0.228602310346895
25814,0.2284351863210298
25815,0.2212781585697982
25816,0.2275268855825954
25817,0.2252985318425666
25818,0.2268778661433208
25819,0.2211772306705551
25820,0.229979392952575
25821,0.2267051355116768
25822,0.2362009759129859
25823,0.2321381742303474
25824,0.2290373460355489
25825,0.2241308630865186
25826,0.2242204969033537
25827,0.2325037598768154
25828,0.2287867913983949
25829,0.2307769080507416
25830,0.2240842170871246
25831,0.2267880544422405
25832,0.2252721496946858
25833,0.2208106553762669
25834,0.2219202218327459
25835,0.2201042135065601
25836,0.2254875047769684
25837,0.2173587843746704
25838,0.2200612997694633
25839,0.2351337765941053
25840,0.2321072844913817
25841,0.2300078171483288
25842,0.2377789399393469
25843,0.2347623755768719
25844,0.2190388181307422
25845,0.2228878812508264
25846,0.2340774521894262
25847,0.2317655922603665
25848,0.2255440248029146
25849,0.2236109488370454
25850,0.2252380753249854
25851,0.2206686301960407
25852,0.2209890949965036
25853,0.2352788552087493
25854,0.225273101032251
25855,0.2277188770818498
25856,0.2316830535558673
25857,0.2314453510844965
25858,0.218278329910061
25859,0.2247958495903401
25860,0.2282033427134365
25861,0.2304539526782497
25862,0.2310694376383018
25863,0.2253387839956347
25864,0.2323860170811087
25865,0.2294790072388867
25866,0.2264349307357366
25867,0.2299817323049711
25868,0.2252777029726668
25869,0.2235397123469798
25870,0.2220510506330621
25871,0.2315913319538733
25872,0.2290025821103649
25873,0.2263196287076668
25874,0.2309574871642548
25875,0.2300437688204384
25876,0.2282367081691434
25877,0.2227702170189855
25878,0.2360893144037837
25879,0.2334494066631728
25880,0.2277792982834475
25881,0.2189433951951977
25882,0.2249484450833988
25883,0.2245399227513355
25884,0.2334563524935651
25885,0.2256987718043585
25886,0.2311013785649613
25887,0.231316203257127
25888,0.2263972261835339
25889,0.2210253729530457
25890,0.2187970400616735
25891,0.2311031304551404
25892,0.2266942590920824
25893,0.2223162841072559
25894,0.2302408749905607
25895,0.2215347492248585
25896,0.2191478084698074
25897,0.2220318396958151
25898,0.2114058772992309
25899,0.210906691783474
25900,0.2255045800756079
25901,0.225347989169237
25902,0.2227890188082169
25903,0.229747918709406
25904,0.215000570951196
25905,0.2227954984389432
25906,0.2204251211008907
25907,0.2258225303094701
25908,0.2222067194888201
25909,0.2205391245674378
25910,0.2216635900246307
25911,0.2231274598151596
25912,0.2202741035301861
25913,0.2205346043605467
25914,0.2239521211640992
25915,0.2230773380193846
25916,0.2204186131147047
25917,0.2235202723194823
25918,0.2287456193261759
25919,0.2327020389317086
25920,0.2291565707434973
25921,0.2291021864766638
25922,0.223688878153281
25923,0.238589557591615
25924,0.2274916751402322
25925,0.2287766855432455
25926,0.2284674065585749
25927,0.2244936310553577
25928,0.2251819026379809
25929,0.2279505374568728
25930,0.2319374514198257
25931,0.2293165194268291
25932,0.2277979103315065
25933,0.2345042975824252
25934,0.228914241905787
25935,0.2220339994099313
25936,0.2233316801986219
25937,0.232114824178349
25938,0.2279347411148347
25939,0.2266492264623728
25940,0.2345768025890408
25941,0.2227097804045577
25942,0.230993438822731
25943,0.2307148668156332
25944,0.2271974462969834
25945,0.2340453853707826
25946,0.2291455495865289
25947,0.2228546676812818
25948,0.2244194678634482
25949,0.2319471360035162
25950,0.2274638060405171
25951,0.2268220073061686
25952,0.2299987739897803
25953,0.2295345889690999
25954,0.2229062751504497
25955,0.2230280996631908
25956,0.2268967060700498
25957,0.2309028982776012
25958,0.2262159226123977
25959,0.22590856867905
25960,0.2320643304097661
25961,0.2298951412583562
25962,0.2240622121016381
25963,0.226153315822245
25964,0.2243797564491194
25965,0.2274575396770416
25966,0.2272537078559655
25967,0.2251331714847868
25968,0.2218737206118254
25969,0.224342022235665
25970,0.2313217520035104
25971,0.2259482197499702
25972,0.2271483662892216
25973,0.2288690062227748
25974,0.2319124845459823
25975,0.224876072309711
25976,0.2216250265453876
25977,0.2263921985862985
25978,0.2230275856666794
25979,0.2238173996397884
25980,0.2282208337499862
25981,0.2328172745852708
25982,0.2258688706362654
25983,0.226333149662176
25984,0.2249136602292833
25985,0.2232895827221995
25986,0.2199108286322419
25987,0.2185536039126437
25988,0.22178204068203
25989,0.2278538602938035
25990,0.220782113742357
25991,0.2232843362185509
25992,0.2269510849654475
25993,0.2250370171591995
25994,0.2243334079420667
25995,0.2173008323588353
25996,0.2292718985698212
25997,0.2233256584376091
25998,0.226773665679781
25999,0.2189942415084959
26000,0.2323334302940102
26001,0.2376558479280454
26002,0.2281101583882903
26003,0.2257388193372376
26004,0.2384733919714469
26005,0.2243197994775706
26006,0.2208645205477558
26007,0.2276696761896491
26008,0.2343324795788969
26009,0.237753749925781
26010,0.2342866113115786
26011,0.2295695925018389
26012,0.230139024053227
26013,0.224454859168396
26014,0.2290496963742596
26015,0.2262857510925791
26016,0.2200874504673369
26017,0.2232611258681546
26018,0.2244635190316041
26019,0.2257809756483957
26020,0.2294015140412765
26021,0.2285567290588889
26022,0.2269460909888883
26023,0.2208212369433406
26024,0.2201606944161047
26025,0.2293365172969069
26026,0.2264262758038065
26027,0.233196243679375
26028,0.2235401718940974
26029,0.2268142057886731
26030,0.2204336987708874
26031,0.2212583405625006
26032,0.216765572492899
26033,0.2203725185196687
26034,0.2242674834122272
26035,0.2286200779779048
26036,0.223616228485387
26037,0.2304615289090278
26038,0.2210068240801411
26039,0.2187506526990042
26040,0.227439593284405
26041,0.2180962329866338
26042,0.2301326542091661
26043,0.2244885142167384
26044,0.2293494189038565
26045,0.2307186598418484
26046,0.2297579530093732
26047,0.2305814741735632
26048,0.2263473968914886
26049,0.2219981256551968
26050,0.231883700452997
26051,0.2265323921647015
26052,0.2276005186137382
26053,0.2266986470263854
26054,0.2292232380570079
26055,0.2194692287484576
26056,0.2185800571400158
26057,0.2248129922939181
26058,0.2247455673377655
26059,0.2185530279203345
26060,0.2217089112694815
26061,0.2285707064075863
26062,0.224506456906161
26063,0.2173622780811127
26064,0.225198250645325
26065,0.2284483517338072
26066,0.2265854362536027
26067,0.2260799459976483
26068,0.220906059939677
26069,0.2327750299040902
26070,0.2278247687503541
26071,0.2174020226912288
26072,0.2143987919417355
26073,0.2116352370930918
26074,0.2236252718395656
26075,0.2185431452043817
26076,0.2321456535732304
26077,0.2328326408934444
26078,0.2296422881069438
26079,0.227126690897632
26080,0.2273368219676879
26081,0.2155287747521064
26082,0.2267196690707242
26083,0.2269996029897273
26084,0.2202773314947654
26085,0.2237865726682677
26086,0.2244249035281153
26087,0.2270414364328356
26088,0.2237712513047027
26089,0.2268007717433164
26090,0.2346425468169979
26091,0.227655527688436
26092,0.2176365292165855
26093,0.2218927694722672
26094,0.2263178752514632
26095,0.2282517120628676
26096,0.2266583711326327
26097,0.235602697127015
26098,0.2256511623500697
26099,0.2171355414113911
26100,0.2204619760172725
26101,0.2312137898585024
26102,0.233538113194527
26103,0.2214846310719799
26104,0.2223523304956147
26105,0.2277600593673388
26106,0.2241360008055021
26107,0.2258918099762189
26108,0.2280102408536252
26109,0.2256887629160493
26110,0.2194680397233673
26111,0.2234138930777165
26112,0.2236795753064251
26113,0.2283737271294773
26114,0.2278088107308172
26115,0.2260138373708961
26116,0.228913104995192
26117,0.2253582936620899
26118,0.2257799689091927
26119,0.2314869065917888
26120,0.2183503331996371
26121,0.2315703444546927
26122,0.227773144208621
26123,0.2322461728690223
26124,0.2257856483058335
26125,0.2343537951504755
26126,0.2335602475297972
26127,0.2376062889497689
26128,0.2291445859629351
26129,0.22915176278705
26130,0.2212155156105149
26131,0.2324278235190778
26132,0.2266595036422704
26133,0.2333503949948565
26134,0.2324894021939331
26135,0.2297848542559381
26136,0.2305102504371566
26137,0.2287231234416582
26138,0.2321282579386816
26139,0.226517387568669
26140,0.2273983547998327
26141,0.2218272527082553
26142,0.2348333999280544
26143,0.2326257950655608
26144,0.230923936547311
26145,0.2193191610754221
26146,0.223843277010003
26147,0.2222383364405915
26148,0.2345390802367192
26149,0.233230134710111
26150,0.2276414916381141
26151,0.225877543236724
26152,0.2250976718110891
26153,0.2206833928760876
26154,0.2253328752526875
26155,0.2323061190121539
26156,0.2305242005439273
26157,0.2306395426038452
26158,0.2244121754443299
26159,0.2259844451748416
26160,0.2306430030845113
26161,0.2275253082666953
26162,0.2327118841123867
26163,0.2398461456114318
26164,0.2310828336519594
26165,0.2212735658900707
26166,0.238305606933959
26167,0.2298173679584978
26168,0.2283614817120056
26169,0.2242119481570152
26170,0.2275827453349889
26171,0.2270257203163461
26172,0.2276964292765566
26173,0.2319739997765751
26174,0.2323080774120493
26175,0.2363687805484607
26176,0.2266033987131218
26177,0.2265767381304838
26178,0.2287845831630688
26179,0.2282619855069592
26180,0.2317477568396945
26181,0.2280227535639965
26182,0.2204224690514513
26183,0.2325741226493545
26184,0.2157261942758147
26185,0.2264016620442596
26186,0.2367047967686574
26187,0.2288123111346543
26188,0.2292808437104537
26189,0.2194983159554295
26190,0.2344234257477879
26191,0.2337582220288127
26192,0.2237378587786291
26193,0.2288259776578286
26194,0.2323548431305705
26195,0.2305240108521785
26196,0.2457164224745558
26197,0.2340399236686836
26198,0.226635783290197
26199,0.2286712717409742
26200,0.225553847019846
26201,0.2266915356940974
26202,0.2313399032552538
26203,0.2265675893417962
26204,0.2253238624991014
26205,0.2206750009966048
26206,0.225612242511539
26207,0.2354483071821821
26208,0.2282576058581536
26209,0.2262596970228567
26210,0.2359380369529419
26211,0.2260454224576663
26212,0.2259062758164016
26213,0.2281697928802772
26214,0.219893373624893
26215,0.2195670152542258
26216,0.225452394276386
26217,0.2188047256666022
26218,0.2283154896674361
26219,0.2290469900120934
26220,0.2170707377255177
26221,0.2265932417857661
26222,0.2360834751579458
26223,0.2313244171869997
26224,0.2301592952568426
26225,0.2266749822897986
26226,0.2307623762617039
26227,0.231790849856955
26228,0.2286813020509914
26229,0.2358360037179251
26230,0.2251931177227975
26231,0.2297382597196774
26232,0.2341027876004148
26233,0.224000342478516
26234,0.2262789321501138
26235,0.2271817328025623
26236,0.2387517156808089
26237,0.228994271963965
26238,0.2350571124313121
26239,0.2273517045332512
26240,0.22759567369397
26241,0.2226375475062479
26242,0.222428436492986
26243,0.229022543039058
26244,0.2272412907146004
26245,0.2229807696596234
26246,0.2289363856310472
26247,0.2189424427743597
26248,0.226749096361444
26249,0.2226887648107277
26250,0.2259811525009001
26251,0.2238541507538764
26252,0.2314277472345923
26253,0.2242281007803452
26254,0.2122518107244601
26255,0.2280227370326922
26256,0.22350841541822
26257,0.2297537091065366
26258,0.2254618238194869
26259,0.2324520202623516
26260,0.2263184269354245
26261,0.2210733643538265
26262,0.227445341949278
26263,0.2265631968241791
26264,0.2214953609605923
26265,0.230621703174252
26266,0.2279247891759003
26267,0.2202580777612806
26268,0.2344042750919187
26269,0.2301534583741942
26270,0.2319052165187118
26271,0.2276855922247653
26272,0.2258191127222684
26273,0.2273837462916676
26274,0.2304097805414307
26275,0.219350464594937
26276,0.2304312008875075
26277,0.237984510045915
26278,0.2357641558685905
26279,0.2355753188353382
26280,0.2331624709904751
26281,0.2300999080061938
26282,0.2368446053319145
26283,0.2355437152280372
26284,0.2274278280319679
26285,0.219170879736381
26286,0.2216800983999599
26287,0.2301487790917507
26288,0.226261146267392
26289,0.2319410821128925
26290,0.2171192526659827
26291,0.2290592414570627
26292,0.2156187358558388
26293,0.2188246576620099
26294,0.2208906998755597
26295,0.2289186982291783
26296,0.2233857108546655
26297,0.2196077414067142
26298,0.2251587704184755
26299,0.2344306198892631
26300,0.2306829377450394
26301,0.2278178093718097
26302,0.2331686301645273
26303,0.2306685624628243
26304,0.230162777489879
26305,0.2255214830223716
26306,0.2276792587229404
26307,0.2302064134485651
26308,0.2236406921859468
26309,0.2241394240014524
26310,0.2292255225001287
26311,0.2285760417032549
26312,0.2325797925641492
26313,0.2304779939658129
26314,0.2227855796027666
26315,0.2210983755857125
26316,0.2272159716182882
26317,0.2260017651203908
26318,0.2216021006844719
26319,0.2263154623307806
26320,0.2185551615805808
26321,0.2287349925219341
26322,0.2328895983075327
26323,0.2228463663532125
26324,0.2235896874286255
26325,0.2188026211749837
26326,0.2234496918222717
26327,0.2324071413788591
26328,0.2314796080446101
26329,0.2236846283171589
26330,0.2196513543194261
26331,0.2257722816529147
26332,0.2193816458419134
26333,0.2286041048439974
26334,0.2301055360513148
26335,0.2319004356653645
26336,0.2329718470159052
26337,0.2257580110228437
26338,0.2298914378676437
26339,0.2286345208049225
26340,0.2198766685519467
26341,0.2301256546389204
26342,0.237023555563536
26343,0.2249077403902528
26344,0.2256501187502416
26345,0.2347738750550969
26346,0.231673407564577
26347,0.2222114858121393
26348,0.2294583112451717
26349,0.2230516846389106
26350,0.2199131059797667
26351,0.2195045063903457
26352,0.2307827071009288
26353,0.230269048368567
26354,0.2308007514181159
26355,0.2261059547774128
26356,0.2254584586647941
26357,0.2215610615320418
26358,0.2209388763289851
26359,0.224995870127495
26360,0.2228246407664579
26361,0.2202448242283418
26362,0.2273115533521829
26363,0.2281494936367629
26364,0.2155951669109213
26365,0.2282881931720164
26366,0.2254277971258418
26367,0.221596644816881
26368,0.2210932424160106
26369,0.2177013383552077
26370,0.2153157299578138
26371,0.2220421865777195
26372,0.2252126900668143
26373,0.2365071328012435
26374,0.2201273290748047
26375,0.2262274198240236
26376,0.2237875657853222
26377,0.2211800054457664
26378,0.2197264909559304
26379,0.2260150295543415
26380,0.2411051413837173
26381,0.2178342510612952
26382,0.2253490124104916
26383,0.2283170473189318
26384,0.2343158683273979
26385,0.2177870547601205
26386,0.2192243849441106
26387,0.2240563418509572
26388,0.2223318913977542
26389,0.2292311169908638
26390,0.226929871101178
26391,0.2243071790800728
26392,0.2263675785973326
26393,0.2259000528514042
26394,0.2339126191391463
26395,0.2312710485372897
26396,0.2363226145415936
26397,0.2304299524291015
26398,0.2209478438647078
26399,0.2323179038068001
26400,0.2396541477648696
26401,0.240313597109131
26402,0.2321067577952542
26403,0.2297410180454261
26404,0.2292336550116056
26405,0.2267750984353924
26406,0.2286520278441138
26407,0.221289591394579
26408,0.2364594453205575
26409,0.2221641688215027
26410,0.2311308095245592
26411,0.2267963907914128
26412,0.2270492373814126
26413,0.2301920008813802
26414,0.2209839864083387
26415,0.2291067909024692
26416,0.235905373768789
26417,0.2341661853504716
26418,0.2356924166106985
26419,0.2306274678028901
26420,0.2256719074466513
26421,0.2264233167616396
26422,0.2213650206392894
26423,0.2272846835689072
26424,0.2174422896509804
26425,0.2272109100839619
26426,0.226568220968907
26427,0.2196091779466767
26428,0.2263387088466807
26429,0.2248282935639763
26430,0.2252955426889661
26431,0.2200197288795258
26432,0.2245760998929336
26433,0.2294820125916517
26434,0.2214886337130849
26435,0.2321514456922877
26436,0.2260829605465621
26437,0.2269345214738971
26438,0.2202484792540129
26439,0.2274514589894546
26440,0.2228874577367167
26441,0.2206602387846338
26442,0.2302561191874002
26443,0.2323035690050641
26444,0.2306552795651034
26445,0.2191408867388797
26446,0.2308844991355272
26447,0.2329938359238114
26448,0.2225892409589607
26449,0.2327727883246276
26450,0.2435193036958221
26451,0.2243790819067052
26452,0.2321819075452263
26453,0.2232226590979829
26454,0.2295064725654179
26455,0.2313133577209198
26456,0.2231273880625902
26457,0.2321453092800829
26458,0.224712334231288
26459,0.2278676314550449
26460,0.2260643693041852
26461,0.2207017961993877
26462,0.2245938975761174
26463,0.2217958279921843
26464,0.2301333224418758
26465,0.2299438136281584
26466,0.2198023144293329
26467,0.2209371911930796
26468,0.2249686638722084
26469,0.2279224537743332
26470,0.2181153458524893
26471,0.2288798269727986
26472,0.2265577211874923
26473,0.2212022321495424
26474,0.2302392838057052
26475,0.2293610658286255
26476,0.2284771771709201
26477,0.2210329899014852
26478,0.2317749783427683
26479,0.2247340646336717
26480,0.2276939422795691
26481,0.2325869194361873
26482,0.2203027378765594
26483,0.2201385373822677
26484,0.2261741306665723
26485,0.219997683434041
26486,0.2192608828560408
26487,0.2260757049148688
26488,0.2219966819000652
26489,0.2190620139300524
26490,0.212743216681685
26491,0.2228044263859913
26492,0.2276010783799632
26493,0.2238621222954484
26494,0.2275937309151796
26495,0.2333982966417151
26496,0.2205423402083095
26497,0.2354667894385314
26498,0.2321073036613884
26499,0.2334905546552387
26500,0.229860541354941
26501,0.2195018379852117
26502,0.2210314729607009
26503,0.2205534338226898
26504,0.2227187647276623
26505,0.22393356464434
26506,0.2194079521769094
26507,0.2174856529282343
26508,0.2196812778575462
26509,0.2258335415051079
26510,0.2197996762955628
26511,0.2198763936804106
26512,0.2203096234674278
26513,0.2222821783633176
26514,0.2236279466602098
26515,0.2211308144600344
26516,0.21898358240545
26517,0.226527747325901
26518,0.2287031635851686
26519,0.2244112630878754
26520,0.2314791807937727
26521,0.2238861604413098
26522,0.2234065866184154
26523,0.2246680535140942
26524,0.2307583997516473
26525,0.218828398576252
26526,0.2301804924428969
26527,0.221255443730321
26528,0.2241234091817434
26529,0.2245344234855532
26530,0.2291258011025037
26531,0.2203436552972028
26532,0.2268427455407926
26533,0.2224350398533689
26534,0.2219684689665277
26535,0.2351950295520582
26536,0.2264537116954642
26537,0.2200041548644261
26538,0.2227635375341506
26539,0.2315209555170701
26540,0.2254205598049231
26541,0.2260653007742518
26542,0.225490298611148
26543,0.2289598395901709
26544,0.2201977425738519
26545,0.2273140401836257
26546,0.2219862590419762
26547,0.2299311960961699
26548,0.2273625513522984
26549,0.2234785620687602
26550,0.2209595703051357
26551,0.2173518936065334
26552,0.2249799510341982
26553,0.2286645891730304
26554,0.223756011656029
26555,0.2229115316717273
26556,0.2191142078467424
26557,0.2283670622451855
26558,0.2250335474932508
26559,0.2286976651021633
26560,0.231862536163709
26561,0.2251813393893168
26562,0.230318785254191
26563,0.2295189443247124
26564,0.231363836354672
26565,0.2314993346618461
26566,0.2342389443053152
26567,0.229639983283658
26568,0.2244870214120788
26569,0.2218798346399796
26570,0.2243107337618409
26571,0.2241468438392389
26572,0.226700390829574
26573,0.228445256794501
26574,0.2202523034914783
26575,0.2228268993194506
26576,0.2250863039736432
26577,0.2376119065904233
26578,0.2328264118432753
26579,0.2315553776765472
26580,0.2273098443217747
26581,0.2250588776539963
26582,0.2225944731955003
26583,0.2191472212437365
26584,0.2315625583434784
26585,0.220423298811065
26586,0.2288796620866601
26587,0.2308879601673177
26588,0.2185312047973604
26589,0.2229868374375021
26590,0.2291463691730297
26591,0.2276016010901183
26592,0.2203119137101499
26593,0.2260532643099797
26594,0.225559790263686
26595,0.2326938700747833
26596,0.2338019451334224
26597,0.2242466787048765
26598,0.2276342049040792
26599,0.2235698660700392
26600,0.2216133155058205
26601,0.2305362362163925
26602,0.2263119040102393
26603,0.2217185307422958
26604,0.2291077053800862
26605,0.2190634271961681
26606,0.2319175149830039
26607,0.2262838656167758
26608,0.2304946675266303
26609,0.2244622940053992
26610,0.2226607945281153
26611,0.2237864824746886
26612,0.21856015121993
26613,0.2204359465505362
26614,0.2212513687573268
26615,0.2258620590079596
26616,0.2298825279910203
26617,0.2299534961792682
26618,0.225871466057156
26619,0.2273563440538873
26620,0.2181666622702462
26621,0.2329886836441319
26622,0.2279307494586372
26623,0.2221634795866508
26624,0.2262293648287476
26625,0.2256199648341293
26626,0.2266049809673379
26627,0.2276659726314163
26628,0.2195599286120887
26629,0.2300998658094216
26630,0.2292703621132436
26631,0.2303236622157907
26632,0.2210095146083965
26633,0.2184543965534579
26634,0.2298013565838477
26635,0.22872597569329
26636,0.229086776380233
26637,0.2239618391140581
26638,0.2233800320725047
26639,0.2363972567925227
26640,0.2249364251468193
26641,0.2269140748749588
26642,0.2287497030799812
26643,0.2259203862356912
26644,0.2257482313512831
26645,0.2325426943337269
26646,0.232108098592129
26647,0.223484312047236
26648,0.2271127900532981
26649,0.2296734434103115
26650,0.2141035863800403
26651,0.223318625249572
26652,0.2239624564875942
26653,0.2260338995601826
26654,0.2248707331308296
26655,0.219413920329434
26656,0.2328926468361592
26657,0.2258766769824418
26658,0.2204900176230046
26659,0.2185593200502971
26660,0.2289818459561613
26661,0.2247534974361779
26662,0.2240307280607604
26663,0.2281583101048059
26664,0.2229093863282285
26665,0.2221605758550442
26666,0.2257479215941962
26667,0.225692044926295
26668,0.2224703971942462
26669,0.2253178840043307
26670,0.2249228715926159
26671,0.2237795923471452
26672,0.2255092046761364
26673,0.2267881435926033
26674,0.2306364362412007
26675,0.2200575808866537
26676,0.2238978532898472
26677,0.2168647160733484
26678,0.2252032837077777
26679,0.2293361929887518
26680,0.2224651910818638
26681,0.2259897653286087
26682,0.2195922327519433
26683,0.2264531935429133
26684,0.229026979047064
26685,0.2280988256323193
26686,0.2322139885804733
26687,0.2247762781470718
26688,0.2301391408673541
26689,0.2218043370040298
26690,0.2258814420528803
26691,0.2290466676785043
26692,0.2191540779355153
26693,0.2256922184096742
26694,0.2250230415216789
26695,0.2299723137474633
26696,0.2231092066451935
26697,0.2228979566295965
26698,0.223194887469367
26699,0.2190158558074899
26700,0.2326684844541164
26701,0.2312081652165029
26702,0.2276006393374416
26703,0.2202032050104809
26704,0.2238977623286941
26705,0.2210249276446485
26706,0.2265420619490558
26707,0.2301677627797115
26708,0.2213613165572035
26709,0.2238566649336994
26710,0.2260386421931545
26711,0.2264893025325788
26712,0.2268185958301934
26713,0.2232398688113601
26714,0.2250502608912019
26715,0.2242244199484377
26716,0.2206950089897711
26717,0.235751894190851
26718,0.2295898974830484
26719,0.2207755788378788
26720,0.2305783610946903
26721,0.2232276177156657
26722,0.2176903653128988
26723,0.2255719528847624
26724,0.2237346259707554
26725,0.2161360502100199
26726,0.2264165838495593
26727,0.2196332647491213
26728,0.2216732407342713
26729,0.216929307752356
26730,0.223559899346466
26731,0.2281048661260722
26732,0.230410393771761
26733,0.2205946339742387
26734,0.2176334642245161
26735,0.2201903586791309
26736,0.2212596866520259
26737,0.228296169374665
26738,0.218970310098351
26739,0.222781687666222
26740,0.2192611967735311
26741,0.2191595515629836
26742,0.2223776283733867
26743,0.2275129437397518
26744,0.221685805494527
26745,0.2251478529236507
26746,0.2226707704471665
26747,0.228116055028643
26748,0.2230731862175475
26749,0.2239899385095215
26750,0.2252130614669404
26751,0.2229875441337035
26752,0.2187849617094447
26753,0.220326067143363
26754,0.2212121312684326
26755,0.2276090958687176
26756,0.2239287127129735
26757,0.2285500800083674
26758,0.2254771240859584
26759,0.2226445685389937
26760,0.2263144896426492
26761,0.2220021610018655
26762,0.2346955171888827
26763,0.226317525739098
26764,0.2282475683716436
26765,0.2228772244682593
26766,0.2296820142419545
26767,0.2189466895003493
26768,0.2267205769424543
26769,0.221265128613253
26770,0.2240615618924305
26771,0.2256821128898835
26772,0.2316140945137355
26773,0.2276326693568097
26774,0.2229449181830461
26775,0.2242922686817406
26776,0.2218283078848001
26777,0.2286779362292805
26778,0.2263884927371811
26779,0.2305726723422156
26780,0.2349851277715003
26781,0.2292077064914075
26782,0.2269342468894217
26783,0.2258883369740606
26784,0.2203659825172901
26785,0.2215825248940256
26786,0.2223546662195614
26787,0.2263056187873701
26788,0.2145108874940056
26789,0.222777703176483
26790,0.2189946311159962
26791,0.2216397243145379
26792,0.2217964859983324
26793,0.2268761195755837
26794,0.2214389019041282
26795,0.2216350427924416
26796,0.2272638602939876
26797,0.2243924688201466
26798,0.2256683891580362
26799,0.2253736726614756
26800,0.2199064983881159
26801,0.2219975984176525
26802,0.2229096686155077
26803,0.2242893961135685
26804,0.2200862003556243
26805,0.2218720739453664
26806,0.2177869397965266
26807,0.2205878523809128
26808,0.2223345333182717
26809,0.219080359932864
26810,0.2258885550467914
26811,0.2256982066374948
26812,0.2135290402248502
26813,0.2214484984573826
26814,0.2246163831111465
26815,0.2250877962990915
26816,0.2276469174193648
26817,0.2262311281836674
26818,0.2277382236128807
26819,0.2273004061314892
26820,0.2326940790983761
26821,0.2356531308564108
26822,0.2281595366198506
26823,0.2174661362622086
26824,0.2247250757311276
26825,0.2246615856662423
26826,0.2191023855344537
26827,0.2203843563550084
26828,0.2230507486586685
26829,0.2179785261090771
26830,0.2254467817394642
26831,0.2150496163921401
26832,0.2183095507665711
26833,0.2292610575425969
26834,0.2178785133626009
26835,0.2249450226402859
26836,0.212063931269728
26837,0.2178484786412928
26838,0.2204345204691855
26839,0.223799975409127
26840,0.2195144966895317
26841,0.2191444986923192
26842,0.2272843055743473
26843,0.2187557179753932
26844,0.222317528704593
26845,0.22597445961085
26846,0.2216300035132075
26847,0.2281723496177669
26848,0.2211148808724064
26849,0.2233317663662995
26850,0.2207706154067789
26851,0.2244546930290937
26852,0.2197581363547287
26853,0.2258075534662237
26854,0.2283291342222705
26855,0.2297145111893035
26856,0.2246873322418388
26857,0.2273168258182976
26858,0.2262728892049777
26859,0.2199377450140562
26860,0.2187173779954099
26861,0.2176827955185776
26862,0.2308433757656281
26863,0.228309291554115
26864,0.2255050364250276
26865,0.2192960278671235
26866,0.225305774268421
26867,0.2196807154518057
26868,0.222124661530686
26869,0.2235314030901752
26870,0.2193599618304085
26871,0.2261925583828863
26872,0.2168602222578774
26873,0.2232285008731832
26874,0.2202512089445819
26875,0.212530851575741
26876,0.2164019723081479
26877,0.2201973408035466
26878,0.2225627859887405
26879,0.2284267586099201
26880,0.2164856020352664
26881,0.2306213102734901
26882,0.2174421634699084
26883,0.2132027208780724
26884,0.2202556248811351
26885,0.2268136484496618
26886,0.2222643103089616
26887,0.2203136127341254
26888,0.2263731060736873
26889,0.2279678955187181
26890,0.2314542679361097
26891,0.2256037238300109
26892,0.2241097887630024
26893,0.226944110331044
26894,0.2161346230891855
26895,0.2274103681952554
26896,0.2310342219218906
26897,0.2256115984353729
26898,0.2228433693423557
26899,0.2213464771504857
26900,0.2334570346309206
26901,0.2262834467830059
26902,0.2245693009730249
26903,0.2298746063036653
26904,0.2251421831135001
26905,0.225293522341966
26906,0.2213100550081085
26907,0.2230911131597241
26908,0.2237030771296927
26909,0.2265154642188586
26910,0.2247246093567198
26911,0.2232682969856191
26912,0.2175928297899927
26913,0.2165425021720896
26914,0.2222331723903784
26915,0.2180151313407272
26916,0.2257503640959452
26917,0.219135632366676
26918,0.2166373199531454
26919,0.2104413148204747
26920,0.2188626880538462
26921,0.2157852739872745
26922,0.2193684969839163
26923,0.2176917178636631
26924,0.2199968693227706
26925,0.2207495972431464
26926,0.2181666705581282
26927,0.2240920356765996
26928,0.223077904343478
26929,0.2177824436469785
26930,0.2185844317839469
26931,0.2198993034349059
26932,0.2173866443713015
26933,0.2248534109457024
26934,0.2190102360538639
26935,0.2161378593736766
26936,0.225629808974295
26937,0.2306247656984482
26938,0.2301714335555539
26939,0.2272088373885702
26940,0.218870788258071
26941,0.2245719506929674
26942,0.2323033523868072
26943,0.226324792470938
26944,0.2261808866705223
26945,0.2182399891647258
26946,0.2230720144212558
26947,0.2247422923455028
26948,0.2238008555136522
26949,0.2279906862369743
26950,0.2195748183429692
26951,0.2150513934202241
26952,0.2210013169920422
26953,0.2261816056914283
26954,0.2189691253403539
26955,0.2324445875664798
26956,0.2266680480415214
26957,0.2176479757335511
26958,0.2192345400539144
26959,0.2184992119189035
26960,0.2329802670553651
26961,0.2157793647968993
26962,0.2250832377953845
26963,0.222422797921794
26964,0.2177088779987216
26965,0.2212195018833757
26966,0.2195604630273203
26967,0.2241282649956215
26968,0.2205742693032442
26969,0.2227189347012725
26970,0.2263455161170977
26971,0.2298485702178637
26972,0.2280212205479887
26973,0.2251248182126835
26974,0.2263586421616859
26975,0.2197495327084588
26976,0.2231606200614522
26977,0.2270210471232494
26978,0.217720154393292
26979,0.2223929618258111
26980,0.2287217905958213
26981,0.2328263736805493
26982,0.2286149072461715
26983,0.2189673423614228
26984,0.2204011776094826
26985,0.2162651948294786
26986,0.2256756667971069
26987,0.2191446195941311
26988,0.2176398056125663
26989,0.2243343046644955
26990,0.2249964645336183
26991,0.2188870755930323
26992,0.217392102386099
26993,0.2191942165872301
26994,0.2270003452846335
26995,0.229778993207236
26996,0.2217229360940818
26997,0.2223492392710431
26998,0.2268196775405725
26999,0.2196093230916442
27000,0.2182699304932859
27001,0.2329338244704162
27002,0.2357394245627539
27003,0.2236897740207643
27004,0.22055092066202
27005,0.2300486903204532
27006,0.2320268628231291
27007,0.2176457542273921
27008,0.2210820906824132
27009,0.2270725539956704
27010,0.2232348703294744
27011,0.2248984627747304
27012,0.2161329886667344
27013,0.216980123038342
27014,0.2215840947111132
27015,0.2272409234047453
27016,0.2233158150443538
27017,0.2165919689006279
27018,0.2174899917351078
27019,0.2152300650594236
27020,0.2110404137527562
27021,0.2284174419607233
27022,0.2288951499772949
27023,0.2189179015130009
27024,0.2205123135516733
27025,0.2166487601379589
27026,0.2234303462434366
27027,0.2181961464265753
27028,0.222674963923888
27029,0.2246760191439491
27030,0.2280090804426541
27031,0.2148530738195292
27032,0.2225174563641897
27033,0.2170632718312036
27034,0.2204025077007921
27035,0.2230236514570159
27036,0.2185877752452586
27037,0.2177009859179853
27038,0.2245149627069063
27039,0.220128445217362
27040,0.2182171437197659
27041,0.2219180826678729
27042,0.2234539222917856
27043,0.2170924357276977
27044,0.2269412227965332
27045,0.2163233987696137
27046,0.2168656140225463
27047,0.2180518011913113
27048,0.2206139099279716
27049,0.2176584839845747
27050,0.2151860616962297
27051,0.2223579476887576
27052,0.2289674282451015
27053,0.2274943684236359
27054,0.2287196802592951
27055,0.2242375326020252
27056,0.2221397874952762
27057,0.2221851634593173
27058,0.2204075266563627
27059,0.2226500180656786
27060,0.2154028681567832
27061,0.2154430739513534
27062,0.2246937529391723
27063,0.2252098771659005
27064,0.219170326303007
27065,0.2199736691369572
27066,0.2281957945499169
27067,0.2229559058633168
27068,0.216959457424694
27069,0.2275153436518625
27070,0.2245903713785482
27071,0.2226202881621657
27072,0.2185955587287394
27073,0.2192102386485562
27074,0.2230223625423684
27075,0.2180900249593192
27076,0.2164326813619336
27077,0.2146831115654406
27078,0.2234591574898649
27079,0.2304658307093227
27080,0.2291293906480535
27081,0.2177065909841827
27082,0.2170835060120352
27083,0.2221805391291061
27084,0.2249969755110682
27085,0.2254985679232523
27086,0.2267928045767554
27087,0.2237988896943494
27088,0.2212378437989968
27089,0.2249802753679061
27090,0.2208031492559131
27091,0.2196774043434354
27092,0.2218462644077132
27093,0.2225263231874594
27094,0.2162710200724801
27095,0.2157373746228841
27096,0.2189590537298417
27097,0.2144722503027264
27098,0.2255832120801771
27099,0.2245169475584199
27100,0.2236397487732595
27101,0.2205722223930335
27102,0.2294812950399613
27103,0.2186225290265066
27104,0.2293925425214925
27105,0.2291308721872337
27106,0.2248328899015898
27107,0.2188484168692254
27108,0.2232565368437754
27109,0.2220926797413392
27110,0.2187906362997108
27111,0.2096063178410949
27112,0.2177485826712115
27113,0.2155793583350504
27114,0.217318940283977
27115,0.2191356604446164
27116,0.2127525316567935
27117,0.2327423433162441
27118,0.2185908687701608
27119,0.2235542134429317
27120,0.2166170509228192
27121,0.21334111628887
27122,0.2164413107185785
27123,0.2193558395482071
27124,0.2214764574067928
27125,0.2281837871713715
27126,0.2210991710881342
27127,0.2150986951882687
27128,0.2232870714280674
27129,0.2324587126702894
27130,0.2199630302160197
27131,0.2210590931876518
27132,0.2180723008176666
27133,0.2258108249640967
27134,0.2234680474234458
27135,0.2195886609811966
27136,0.223562976761453
27137,0.230644187401158
27138,0.223128989730904
27139,0.223710419966754
27140,0.2227315361629267
27141,0.2241071080888826
27142,0.2225110495436295
27143,0.2185381635867522
27144,0.2232708133111613
27145,0.2248237103565138
27146,0.223579121657476
27147,0.2094455646887214
27148,0.2124535088722662
27149,0.2271532810439644
27150,0.2323984060377958
27151,0.2176265960528836
27152,0.2272073774826568
27153,0.2262620603655409
27154,0.2203347738568457
27155,0.2199905823278958
27156,0.21517771979084
27157,0.2153526272880097
27158,0.2237009069874827
27159,0.2194963474361144
27160,0.2240727510040041
27161,0.2209632516799042
27162,0.2147793442595923
27163,0.2197278316105936
27164,0.219248254916094
27165,0.2159694751864101
27166,0.2216099607734344
27167,0.222742769205166
27168,0.2237747291819841
27169,0.2242073911643077
27170,0.2257435691631724
27171,0.2177802312113302
27172,0.2227356804313035
27173,0.2293061858085717
27174,0.2250373926342678
27175,0.2224635412223218
27176,0.2197533753634588
27177,0.2140028182638493
27178,0.2096805491963215
27179,0.218455074008664
27180,0.221094682015013
27181,0.2262121960469376
27182,0.2178396915096801
27183,0.2224844470521064
27184,0.2147007330314188
27185,0.2294380031962154
27186,0.2248577165375939
27187,0.2269407608466138
27188,0.2210525476772339
27189,0.2190443300136223
27190,0.2217520534614476
27191,0.2191716030613461
27192,0.2169014035645923
27193,0.2157515213644515
27194,0.2216935802819046
27195,0.2182806170402463
27196,0.2164505592906658
27197,0.2163863535131667
27198,0.2224817710830181
27199,0.2163194498713886
27200,0.2107671379717405
27201,0.2204623086977943
27202,0.2253494462615713
27203,0.2170381439983784
27204,0.225758689702909
27205,0.2152238161444417
27206,0.2296458220453393
27207,0.2150492152035601
27208,0.2165976569257323
27209,0.2213048076810607
27210,0.227228467346832
27211,0.2219228933256609
27212,0.2243650598477328
27213,0.2240902909485769
27214,0.2208837059610885
27215,0.2282431854028706
27216,0.2161154045654495
27217,0.218200750608916
27218,0.2187402176550913
27219,0.2156959702926588
27220,0.2175422484638705
27221,0.2184712946996446
27222,0.219623937112031
27223,0.2230648941774188
27224,0.2176416626823507
27225,0.2222452764789521
27226,0.2202815660773323
27227,0.218835090615802
27228,0.2171016820959506
27229,0.2198624371737863
27230,0.2256349258415203
27231,0.2269146792815648
27232,0.2256950926729393
27233,0.2237233496068496
27234,0.2264988115778725
27235,0.2267795897473581
27236,0.2248015418831053
27237,0.2203553065775814
27238,0.2202505174168271
27239,0.2125246970195201
27240,0.2188389319035909
27241,0.2176607605318761
27242,0.2190534288098061
27243,0.2199588381318518
27244,0.2163249655101522
27245,0.2161347963669216
27246,0.2136543192184874
27247,0.2245413051049703
27248,0.2197740437367836
27249,0.2184559420608606
27250,0.2222877475769848
27251,0.2171676257922973
27252,0.2141192038634796
27253,0.2242335350058175
27254,0.2304310136443609
27255,0.2224884837239937
27256,0.2220203899807742
27257,0.216954183954955
27258,0.2230781903217104
27259,0.2223696769095258
27260,0.2230830678495397
27261,0.2249342697579456
27262,0.2161222366622487
27263,0.2211447308141056
27264,0.2220681425376069
27265,0.231525350330291
27266,0.2198439763108888
27267,0.2160148360317356
27268,0.2243490468189093
27269,0.2168369346336008
27270,0.2173710939737609
27271,0.2270630478809784
27272,0.2272193329463628
27273,0.2369457544301117
27274,0.2259678223136421
27275,0.2158788117401569
27276,0.2202956748394996
27277,0.2296538248393837
27278,0.2163559510640723
27279,0.217017581338685
27280,0.2197779853526485
27281,0.226529298989161
27282,0.225238113484017
27283,0.2306981369900584
27284,0.2199123137855359
27285,0.2231223352191233
27286,0.2253835113934799
27287,0.2320081917995388
27288,0.2255159896838401
27289,0.2263808406128345
27290,0.2241533248582152
27291,0.2232166831697138
27292,0.2152238387806381
27293,0.217657200288918
27294,0.2311310182417871
27295,0.2199736998550637
27296,0.2259262931189277
27297,0.2214232448386644
27298,0.2138111556574474
27299,0.2244009489494631
27300,0.2136853319426715
27301,0.2205742815100673
27302,0.2297284170148606
27303,0.2208464713469562
27304,0.2220823036074963
27305,0.2107221758109896
27306,0.213252254819975
27307,0.2305859440450486
27308,0.2234294255455275
27309,0.2153401103419834
27310,0.2241620727693774
27311,0.219857412384283
27312,0.2242193107495688
27313,0.2239062021247113
27314,0.223564215356702
27315,0.2203015121940772
27316,0.2159527665437288
27317,0.2246998154536097
27318,0.2120111588461586
27319,0.2124022459359181
27320,0.2195747127768771
27321,0.2213217835239586
27322,0.2175299197984852
27323,0.2293487191310107
27324,0.2268437575720539
27325,0.2261778670956311
27326,0.2144946648674771
27327,0.2211657286082367
27328,0.2196509578742359
27329,0.2109407917230396
27330,0.2190761313629425
27331,0.2210185388944265
27332,0.217687539577422
27333,0.2250301450427921
27334,0.2252865962221126
27335,0.224278487014788
27336,0.2170173364766863
27337,0.2137670855029065
27338,0.2225263210211304
27339,0.2223609279214401
27340,0.2146133675555088
27341,0.2168860105610519
27342,0.214600351895897
27343,0.2119556372278216
27344,0.2126684040762587
27345,0.2172022466757912
27346,0.2222625095876708
27347,0.2186762953465267
27348,0.2135084503986609
27349,0.2156218371472264
27350,0.2139866301650293
27351,0.2127162719622888
27352,0.2258288805738622
27353,0.2242165003556467
27354,0.2143416145580546
27355,0.2164731246099311
27356,0.2158180086421166
27357,0.2214659564098084
27358,0.212748657931114
27359,0.2198797387001236
27360,0.2158451932408733
27361,0.2241807361381587
27362,0.2185652083323215
27363,0.2268791452998813
27364,0.224272567737626
27365,0.2157493802961863
27366,0.2196744295899822
27367,0.2195627347541892
27368,0.2186160538281295
27369,0.2267105423969092
27370,0.2194762096190838
27371,0.2178135514783916
27372,0.2186887266546535
27373,0.2152892066940967
27374,0.2119291449768175
27375,0.2194805379830914
27376,0.2242901683167687
27377,0.2221262767965408
27378,0.2160281433018938
27379,0.2192133758721147
27380,0.2213601062415184
27381,0.2226411495889545
27382,0.2147257374328098
27383,0.2148939902951602
27384,0.2157285555395332
27385,0.2168117765026274
27386,0.218319332300273
27387,0.2211274870956664
27388,0.2179550313332833
27389,0.2218635740943569
27390,0.2229147417240763
27391,0.2177356095587669
27392,0.2205287432966989
27393,0.2251343851573931
27394,0.2172385621338152
27395,0.2216331060288287
27396,0.2251920909384291
27397,0.224512321447782
27398,0.2172606139201512
27399,0.2191924265681763
27400,0.2219721370877773
27401,0.2265399006522394
27402,0.2175034442871926
27403,0.225132239676417
27404,0.2258158489767055
27405,0.2215468708107494
27406,0.2189686499390586
27407,0.2197495126930306
27408,0.2196842660961812
27409,0.2191409936605195
27410,0.2158544040622692
27411,0.2193486593215676
27412,0.2221444599574414
27413,0.2265041823147946
27414,0.2169862670504543
27415,0.2109668233723919
27416,0.2185135065227167
27417,0.2173578902633723
27418,0.2170231233755138
27419,0.2292569499096737
27420,0.2191574644769337
27421,0.22161987853818
27422,0.2154070901996268
27423,0.2169944066736447
27424,0.220993175638718
27425,0.227056367130493
27426,0.2130045856305104
27427,0.2193858848035678
27428,0.2088139506260511
27429,0.2215435682518757
27430,0.22021662366736
27431,0.225314963385818
27432,0.2222364716598201
27433,0.2155065148089242
27434,0.2173728835085148
27435,0.2159263200662545
27436,0.2101525784480681
27437,0.2174554088248907
27438,0.2265856979803206
27439,0.2207252261282639
27440,0.2195995841509875
27441,0.220797019004252
27442,0.2171419397549275
27443,0.2135285154934531
27444,0.2141911743869994
27445,0.2137168370407559
27446,0.2216539859107422
27447,0.2172387034819945
27448,0.2111584821161896
27449,0.2096637527110657
27450,0.2181707270616604
27451,0.2159402090699713
27452,0.215454332768285
27453,0.2183851186982183
27454,0.219212319866335
27455,0.2119269107258993
27456,0.2138483530265458
27457,0.2200451625671655
27458,0.2253788684709369
27459,0.2168072067231461
27460,0.2178890590368888
27461,0.2241368850359332
27462,0.2162004770324703
27463,0.2276264891322127
27464,0.2212741953414281
27465,0.2183407344567045
27466,0.2276174348005974
27467,0.2197039606617984
27468,0.2197348343975904
27469,0.226667701240644
27470,0.2196066276871842
27471,0.2258228678216866
27472,0.2167512070782178
27473,0.2181501011827574
27474,0.2204162128781892
27475,0.2196426630949757
27476,0.224189571391227
27477,0.2176722607223946
27478,0.2192013130478951
27479,0.2117271376466965
27480,0.2150210177413999
27481,0.2147055304278656
27482,0.2162541380455987
27483,0.2153097029201627
27484,0.2192365580636925
27485,0.2187400813898629
27486,0.2240308167638972
27487,0.2181201280635342
27488,0.2212757066123394
27489,0.2130964003022002
27490,0.2124947701872947
27491,0.2187691559816523
27492,0.2189248655376483
27493,0.2144328207986209
27494,0.2167994345067619
27495,0.2119357907432262
27496,0.2209389236832162
27497,0.2201036015865695
27498,0.2176997007580076
27499,0.2175835234341931
27500,0.2187820051247132
27501,0.2310671347930467
27502,0.2201582099088709
27503,0.2214570583925314
27504,0.2118256707284641
27505,0.2209726440791922
27506,0.2165154275879695
27507,0.214051943539321
27508,0.2131014277788027
27509,0.2131336041907326
27510,0.220235748874335
27511,0.2064278645378393
27512,0.2183063179976399
27513,0.2243977416212294
27514,0.2268985709655521
27515,0.222561647101307
27516,0.2121409960865896
27517,0.2230464561047028
27518,0.2174775554266882
27519,0.2172324552600576
27520,0.2147446201784568
27521,0.2244659030550786
27522,0.2093226159582762
27523,0.2194911545297708
27524,0.2170489749040866
27525,0.2128285657343897
27526,0.2133060563968815
27527,0.218577957248291
27528,0.2223798608153901
27529,0.2173780447807594
27530,0.2164155834366113
27531,0.2183064921689156
27532,0.2176894267349503
27533,0.2167541485006005
27534,0.2126964902822145
27535,0.2092022082596131
27536,0.2123571689302612
27537,0.2173420472405572
27538,0.2155319005392712
27539,0.2232680217093804
27540,0.226773743533412
27541,0.2224609863939687
27542,0.2187780256598052
27543,0.2138246114191283
27544,0.2128818680358591
27545,0.2161602719606798
27546,0.2119917576816198
27547,0.2172808494019821
27548,0.2189710812527961
27549,0.2197710616050292
27550,0.2210327411496952
27551,0.2238800110456513
27552,0.2111008605446762
27553,0.2122453887770093
27554,0.2189300373297777
27555,0.2221822972749146
27556,0.215307684688662
27557,0.2149088010901901
27558,0.2135866148852224
27559,0.2139008395348027
27560,0.2103799629447935
27561,0.2159062464599233
27562,0.2128318859037688
27563,0.2189777595783945
27564,0.2086487940118346
27565,0.2134281466385318
27566,0.2150893483824163
27567,0.2169220015497305
27568,0.2181213639488282
27569,0.2148103987602391
27570,0.213977079387393
27571,0.2235012606304301
27572,0.2163479933595126
27573,0.2232447962874707
27574,0.2189964863731344
27575,0.2165216289252757
27576,0.2194360628643691
27577,0.2211769895947296
27578,0.2215396787656791
27579,0.2173839564695659
27580,0.2175443079129224
27581,0.2166943918889987
27582,0.2122485872581845
27583,0.2112126849709766
27584,0.2145331233248669
27585,0.224905262951631
27586,0.2147879720800057
27587,0.2154288172037286
27588,0.2191138313712959
27589,0.2221244413581853
27590,0.2090877732430463
27591,0.2170536065123322
27592,0.2225528116131311
27593,0.222281837643788
27594,0.2194347598960177
27595,0.2322880149689597
27596,0.2075011746530083
27597,0.2190813173340496
27598,0.2202442891704982
27599,0.2219943795532577
27600,0.2225170882206836
27601,0.2165142535930587
27602,0.2228928679326277
27603,0.217334092430365
27604,0.2277817674954812
27605,0.2176148455490134
27606,0.2187632387748568
27607,0.2147150973455843
27608,0.2185634490891786
27609,0.2209595316686794
27610,0.215008653020386
27611,0.2096837026595443
27612,0.2153949669025527
27613,0.2166809773881841
27614,0.2108672608400691
27615,0.2116234426286123
27616,0.2188420241607356
27617,0.216896419609096
27618,0.2190880862880924
27619,0.2187640307239118
27620,0.2247807881955324
27621,0.219306749280936
27622,0.2207881378890561
27623,0.2173965451097369
27624,0.2217958247686785
27625,0.2111498601705287
27626,0.2222181786166228
27627,0.2168467796546615
27628,0.225431198336469
27629,0.2150154845915706
27630,0.2166966617385121
27631,0.2199513283716829
27632,0.2182583192024146
27633,0.2178120488126733
27634,0.2245144130139172
27635,0.2207640276796616
27636,0.2143438603251834
27637,0.2216351108754941
27638,0.2260874387405625
27639,0.2171207464759691
27640,0.2118788528479436
27641,0.2106679553609691
27642,0.216930767118241
27643,0.2181719297156608
27644,0.2268199695516893
27645,0.222118383708178
27646,0.2221466486792977
27647,0.2255810311488691
27648,0.2183308791046838
27649,0.2186177886737297
27650,0.2203017932845561
27651,0.2207505991328837
27652,0.222105926861055
27653,0.2189221217658079
27654,0.2088828110880865
27655,0.2242573680942192
27656,0.2235508061324478
27657,0.2155416538043884
27658,0.2185421019434849
27659,0.2166043193673981
27660,0.2205136154043815
27661,0.2139122178181925
27662,0.2108587285662125
27663,0.2115523607355476
27664,0.216834171242935
27665,0.221913170383923
27666,0.2154850315059808
27667,0.2186737336275108
27668,0.2185584524924238
27669,0.2100346183844474
27670,0.2159549769668163
27671,0.2162355809346983
27672,0.2063550968173269
27673,0.2090273501487295
27674,0.2194483438132848
27675,0.2153757954489119
27676,0.2110513276658374
27677,0.216320931462764
27678,0.2159476746032411
27679,0.211318262775848
27680,0.2168117227018333
27681,0.2188656584049864
27682,0.2170027736010684
27683,0.2173705562148341
27684,0.2169598476468976
27685,0.2159109853114115
27686,0.2272187701422917
27687,0.2240363550283486
27688,0.225123324169001
27689,0.2146202857902171
27690,0.2159181493314338
27691,0.2117301428130567
27692,0.2216539627907917
27693,0.2177778071800509
27694,0.2182816715450906
27695,0.2259541747177999
27696,0.2171033188163839
27697,0.2208350608846215
27698,0.2161956344065223
27699,0.2191144156497295
27700,0.2225647476439026
27701,0.2202382777374824
27702,0.212446466952722
27703,0.2227031169307718
27704,0.2229803394415267
27705,0.2238251244938741
27706,0.2162673145132601
27707,0.2254638649890644
27708,0.2221009500172969
27709,0.2246531820780674
27710,0.2265362074177458
27711,0.2301248704443158
27712,0.2223626814705678
27713,0.2219081387978724
27714,0.2199770347048318
27715,0.220292776398717
27716,0.2194856749369998
27717,0.2218340575308169
27718,0.2241599900272119
27719,0.2168432672911614
27720,0.2219782810299403
27721,0.2282740426157133
27722,0.224612516217712
27723,0.2217028404608024
27724,0.2310132674820773
27725,0.2250001096693407
27726,0.2240516740567214
27727,0.2243123953890788
27728,0.2355725879969827
27729,0.2264872468731266
27730,0.2269408409873568
27731,0.2252111661213586
27732,0.2184470985197965
27733,0.2227578897706189
27734,0.2189203179155933
27735,0.2199018010928141
27736,0.2253288082683611
27737,0.2173918904964726
27738,0.2240025563163212
27739,0.2313098773551577
27740,0.2136728516935628
27741,0.2210600161901501
27742,0.2157175890619195
27743,0.2229326755656727
27744,0.2257197287613659
27745,0.2230196207931779
27746,0.2219989286066878
27747,0.2207437174494062
27748,0.2129215162091342
27749,0.2227693185197806
27750,0.2189845089310122
27751,0.2125287718816405
27752,0.2171334810929575
27753,0.2284293862519095
27754,0.2228566490756522
27755,0.220295330858592
27756,0.2190091587948823
27757,0.2124723819616797
27758,0.2081469742989744
27759,0.2122486887990722
27760,0.2155532964270182
27761,0.2147094399340582
27762,0.2180825097116174
27763,0.2182431725965655
27764,0.2263086416740451
27765,0.2116582981313873
27766,0.2170557780648151
27767,0.2174302817288983
27768,0.2160276646883222
27769,0.2197999976373475
27770,0.2219632713440464
27771,0.2146046584649124
27772,0.2174064235367018
27773,0.2196790739827423
27774,0.2222766640993014
27775,0.2226525446787477
27776,0.2121393332368849
27777,0.2170872572432704
27778,0.2097046048724866
27779,0.2187537214970847
27780,0.2173730593266023
27781,0.2104359324688945
27782,0.2135262784145711
27783,0.2238023767346131
27784,0.2202768581562535
27785,0.2128256953331762
27786,0.2161521941085013
27787,0.2226996964291552
27788,0.2261678202622467
27789,0.2228032654480449
27790,0.2195892135024222
27791,0.2210288364710731
27792,0.2286285415699749
27793,0.2248996175910868
27794,0.2157613780927243
27795,0.2192770480890379
27796,0.2209563916043891
27797,0.2287410173051626
27798,0.2196100174947286
27799,0.2265592677391461
27800,0.2124346537065637
27801,0.2115359836274383
27802,0.211751659529134
27803,0.2178875425427498
27804,0.2134560363479865
27805,0.213225107888549
27806,0.2174335043931829
27807,0.2150117486055934
27808,0.2101138158572268
27809,0.2134973196491024
27810,0.2115231994396723
27811,0.2143227814741623
27812,0.216081651261248
27813,0.2141282962644878
27814,0.2138004378180462
27815,0.2176897921595076
27816,0.2185240166478741
27817,0.2143624253208091
27818,0.2199099188547717
27819,0.2118101787655701
27820,0.2193424503352663
27821,0.2137789897867585
27822,0.2091450482014014
27823,0.2170224227955815
27824,0.2175224560738616
27825,0.2205921947993809
27826,0.2193140859512024
27827,0.2180432578883805
27828,0.2063596283138958
27829,0.216728970352734
27830,0.2241640955488165
27831,0.2127978504367051
27832,0.2250289604419255
27833,0.2142787012390585
27834,0.2175323758832763
27835,0.2184819848316375
27836,0.2162040459017665
27837,0.2109392320106151
27838,0.2185788824497709
27839,0.2093422583836449
27840,0.2248507822563427
27841,0.211565933244301
27842,0.2127001451475778
27843,0.2116322034917266
27844,0.2161016331668126
27845,0.2181614520881129
27846,0.2142507306597854
27847,0.21852556048144
27848,0.2225637312115294
27849,0.2233043752073483
27850,0.2182043852068718
27851,0.2229080344942934
27852,0.2162495043222006
27853,0.2224028220597927
27854,0.2181671102935375
27855,0.2177030981149539
27856,0.2138034412664476
27857,0.2098738305726543
27858,0.2199450535199674
27859,0.2169934033366956
27860,0.2254134492480284
27861,0.2119618054443122
27862,0.2201094323303645
27863,0.217414513528598
27864,0.2208831961662126
27865,0.2207627613276465
27866,0.2186702017350027
27867,0.2178777199977398
27868,0.2208614248448876
27869,0.2176782579517097
27870,0.2202557470179967
27871,0.221725552018329
27872,0.2258873875431981
27873,0.2169688869783183
27874,0.2212555367452662
27875,0.2247397244102291
27876,0.2161959277622636
27877,0.2134475058765817
27878,0.2158831635133881
27879,0.214872326678206
27880,0.2125834935949707
27881,0.2191419039185275
27882,0.2155534163520558
27883,0.214258964629057
27884,0.223611833549782
27885,0.2156903080091457
27886,0.2161088739573742
27887,0.216090222787045
27888,0.2121018732069374
27889,0.2072085038418006
27890,0.2264999915583976
27891,0.2146834141879655
27892,0.2219037359614147
27893,0.2247252838959489
27894,0.2178454496010642
27895,0.2209617680791782
27896,0.2187285533406167
27897,0.211619307337572
27898,0.2169773518740541
27899,0.2158396416806036
27900,0.2189211917805984
27901,0.2278240877373283
27902,0.2176352467942738
27903,0.2132964175046457
27904,0.2113704578126423
27905,0.2202692485936351
27906,0.2272067858890359
27907,0.2178653772742206
27908,0.2151400762446514
27909,0.2171521004725993
27910,0.216526270795946
27911,0.2194601521300249
27912,0.2154706060736492
27913,0.2187087501224222
27914,0.2215400538056797
27915,0.2211308750334271
27916,0.2177831638346709
27917,0.2135344841394618
27918,0.2215982767821795
27919,0.2146975654668931
27920,0.2211115387298619
27921,0.2137258216822227
27922,0.2162811575592464
27923,0.2154839158952292
27924,0.208057359017858
27925,0.2082541434892307
27926,0.2154164888374137
27927,0.2214425105061392
27928,0.213077486657549
27929,0.2087524283027289
27930,0.213631096899954
27931,0.213406153460602
27932,0.2093189615442668
27933,0.2039221771643476
27934,0.2204367829511075
27935,0.2130311886759846
27936,0.2166705775061267
27937,0.2217250441051796
27938,0.2228345246100445
27939,0.2126536711171405
27940,0.2159295186033417
27941,0.2184344555650115
27942,0.215535558950596
27943,0.2134890666683984
27944,0.2138248661015786
27945,0.2173418055070446
27946,0.2219034273176226
27947,0.2244321849227228
27948,0.2180696962738607
27949,0.2188823175089178
27950,0.2215575580769654
27951,0.2154662474069281
27952,0.218234549134285
27953,0.2122484216808588
27954,0.2092274651947479
27955,0.213335740920527
27956,0.2148715748377554
27957,0.217959753714636
27958,0.2182733764441795
27959,0.2181524406358763
27960,0.2221041469193895
27961,0.2181365379155034
27962,0.2132237623162146
27963,0.2158282563421095
27964,0.2118856268400193
27965,0.2182204836516048
27966,0.2208624193363309
27967,0.2090188824613887
27968,0.2168287579072271
27969,0.2189662547616442
27970,0.221005516467872
27971,0.2157912555226074
27972,0.2245973904246761
27973,0.2179766840955691
27974,0.2151210306367875
27975,0.2079464044158296
27976,0.2222222126723786
27977,0.219428728220995
27978,0.2158548007831899
27979,0.2109674588743892
27980,0.2153422165921141
27981,0.21280688238699
27982,0.2157429655073489
27983,0.2199032092464439
27984,0.211028726930411
27985,0.2202955875372437
27986,0.2121473104673046
27987,0.2103772039527709
27988,0.2116090746004192
27989,0.2171247046248543
27990,0.2206268242977812
27991,0.2167554760959215
27992,0.213644213909359
27993,0.2170098657678258
27994,0.2186558915828023
27995,0.2158299960597506
27996,0.2273287460332588
27997,0.2238721633090423
27998,0.2171494414971445
27999,0.2216957443410058
28000,0.2187469705343262
28001,0.2230170057615811
28002,0.2206041640611282
28003,0.215269110392489
28004,0.2242672987398219
28005,0.2187994994491904
28006,0.2216970660756104
28007,0.214073744922829
28008,0.2171437789631264
28009,0.2138524379043515
28010,0.2147439283904136
28011,0.2197450149523882
28012,0.2158433440865065
28013,0.2128899221071684
28014,0.2238126423557279
28015,0.2181640681610429
28016,0.2227617502656277
28017,0.2202051999353379
28018,0.2143098870751129
28019,0.2220741092682578
28020,0.2142140362493491
28021,0.222731918293273
28022,0.2124810573193799
28023,0.2153791310583832
28024,0.2182496638819492
28025,0.2118378253285499
28026,0.2221815124610986
28027,0.224766270608435
28028,0.2072340418293737
28029,0.2091588273986502
28030,0.2065880774841554
28031,0.2158328212232134
28032,0.2174796219445831
28033,0.217133963471241
28034,0.2132880309887556
28035,0.2105041627008976
28036,0.2164017570587888
28037,0.215671366764777
28038,0.2208433785454638
28039,0.2229091996229266
28040,0.2142421504484569
28041,0.2231871574835106
28042,0.2103674912395042
28043,0.2241917965668257
28044,0.2235157517190097
28045,0.2177683867088341
28046,0.2171822214230604
28047,0.2237169374184746
28048,0.2222190079921895
28049,0.2199466940752881
28050,0.2279144804680797
28051,0.2239994916068484
28052,0.2149879717521766
28053,0.214200930579092
28054,0.211531974221554
28055,0.2162227823075925
28056,0.2148282601853161
28057,0.2144049201743154
28058,0.2208235576308385
28059,0.2193336619844212
28060,0.223990851615926
28061,0.2278816302160403
28062,0.2142244586319669
28063,0.2167366671403557
28064,0.2238339352221681
28065,0.2181243666062814
28066,0.2181279916034865
28067,0.2207609929138319
28068,0.2100785784705844
28069,0.2165602097067265
28070,0.2240071318989548
28071,0.2175665485383954
28072,0.2154533117841673
28073,0.2210212884921044
28074,0.2211302211908174
28075,0.2214506102717892
28076,0.2222698686898701
28077,0.2167250330602593
28078,0.2166850306625086
28079,0.222952475806203
28080,0.2207556941551804
28081,0.2169489178833863
28082,0.2232319330568971
28083,0.2162956043102292
28084,0.2198415721486757
28085,0.2225379355943688
28086,0.2146539572420593
28087,0.2216740354128882
28088,0.2195394762604954
28089,0.2202520553968839
28090,0.2192865709895983
28091,0.2220548534685148
28092,0.2195916586296661
28093,0.2202273397051802
28094,0.2152514058882507
28095,0.2179726465614474
28096,0.2250636595961039
28097,0.2186207359213914
28098,0.2190445575486005
28099,0.2170360688101757
28100,0.21331363133232
28101,0.2219391138659583
28102,0.2168550146608428
28103,0.218031073538417
28104,0.2115031578236589
28105,0.215904061379899
28106,0.2121347545930471
28107,0.213702807529711
28108,0.221593528672338
28109,0.2321905882321791
28110,0.2176888917581257
28111,0.2233567874797043
28112,0.2230577388545729
28113,0.2192870629623584
28114,0.2169631300707195
28115,0.2123356115774022
28116,0.2049739808546895
28117,0.2159986657533612
28118,0.2250155919373848
28119,0.2158107556217288
28120,0.2192172154761648
28121,0.2195523332706346
28122,0.2166458532998233
28123,0.2134937221043476
28124,0.2195817352526857
28125,0.2207008069040889
28126,0.2162952925600487
28127,0.2160091808872444
28128,0.2177814566697398
28129,0.2122469260400949
28130,0.2175010940887028
28131,0.2184994549005003
28132,0.2123795204420224
28133,0.2144420682641633
28134,0.2171628578979133
28135,0.2110986233906165
28136,0.2144962979552494
28137,0.2146072083617231
28138,0.2194683596264901
28139,0.2175860874507969
28140,0.2130109207213469
28141,0.2207075744245233
28142,0.2086105209499659
28143,0.2115791712895815
28144,0.2111883640503317
28145,0.2117987808974521
28146,0.2182988618916503
28147,0.2148589575228309
28148,0.2150575090389896
28149,0.2166537315254535
28150,0.210063304957121
28151,0.213468476972582
28152,0.2142507451207772
28153,0.2147570735428802
28154,0.2203757818939866
28155,0.2121653715131978
28156,0.2107095557773982
28157,0.2208530042346131
28158,0.2189320310657859
28159,0.2134946004631797
28160,0.2153584654231951
28161,0.2221416362184993
28162,0.2229328974193178
28163,0.2159186515558765
28164,0.2132304266016494
28165,0.2186246004879061
28166,0.2122530721973582
28167,0.2123741572360257
28168,0.2153272138907395
28169,0.2141887676655788
28170,0.2127358123511863
28171,0.2109011843868621
28172,0.2221567512730352
28173,0.2152000666125096
28174,0.2194380871670973
28175,0.2190311323606191
28176,0.2206342320234095
28177,0.2213092895589475
28178,0.2209823877475168
28179,0.216451113628284
28180,0.2190489696019598
28181,0.222325156482486
28182,0.2201886533480898
28183,0.2205911813677241
28184,0.216568081165789
28185,0.2196647149953093
28186,0.2138731405595585
28187,0.21973806955546
28188,0.2197086084763013
28189,0.2211699579950466
28190,0.2259269109901601
28191,0.2132984604729417
28192,0.2070729696346598
28193,0.2177772830228365
28194,0.2176760350275434
28195,0.2094186457176111
28196,0.2084011155808203
28197,0.213711741113397
28198,0.2166139991048202
28199,0.2163678425740973
28200,0.2159894203169928
28201,0.2194245035265921
28202,0.2171755555577457
28203,0.218122236434554
28204,0.2214871877294482
28205,0.22120646416226
28206,0.222184511558638
28207,0.2160022761908044
28208,0.2221097765339771
28209,0.2123993809319039
28210,0.2087120883825727
28211,0.2153121815132506
28212,0.2122886229319476
28213,0.2168978175522945
28214,0.202723869899658
28215,0.2190753786279777
28216,0.2170373326246437
28217,0.2132577767596838
28218,0.2148865517421669
28219,0.218059945559428
28220,0.2141611059273483
28221,0.2168956636943103
28222,0.2194320592460543
28223,0.2121142239944511
28224,0.2075486089321329
28225,0.2167692767133227
28226,0.218784597244845
28227,0.2174728136591908
28228,0.2208539174024322
28229,0.2047021919021729
28230,0.2140982880697606
28231,0.2180237474210018
28232,0.2049219162673356
28233,0.2148189315300445
28234,0.2153329992067657
28235,0.2194363702258253
28236,0.2198061196936619
28237,0.2137384885914191
28238,0.2089992400399889
28239,0.2144562596914745
28240,0.2164657200190193
28241,0.2102785444529606
28242,0.2069713585048219
28243,0.2195928095984585
28244,0.214558060802956
28245,0.214680601685417
28246,0.2150733592233371
28247,0.2127631371351219
28248,0.206431144225079
28249,0.216030948148234
28250,0.2136242812807159
28251,0.2155622284477301
28252,0.2219566326326333
28253,0.2141911769151964
28254,0.2142750424530584
28255,0.2199561225993796
28256,0.2129615041683525
28257,0.2195862836436305
28258,0.2096532221145645
28259,0.2124689775063551
28260,0.211035072013657
28261,0.2096318840916484
28262,0.2129558931689514
28263,0.2102805057001924
28264,0.2184241453956487
28265,0.2125476925526274
28266,0.2173102453434909
28267,0.2178538221746815
28268,0.2153842750330653
28269,0.2152337888015112
28270,0.2116800438169255
28271,0.2056429719879716
28272,0.2224046945274278
28273,0.2128832358612913
28274,0.212563130953394
28275,0.2232140176652501
28276,0.2197858185298898
28277,0.2151010970042198
28278,0.2124071084357658
28279,0.214572433143722
28280,0.2132221235005835
28281,0.2090824634265247
28282,0.2126408630843038
28283,0.2119789195057105
28284,0.2186628604351568
28285,0.2215908795238435
28286,0.2211654169671986
28287,0.209745326792484
28288,0.2181206327755694
28289,0.2237667261221942
28290,0.2127294775746687
28291,0.2189130338450208
28292,0.215865165423908
28293,0.2239125650523674
28294,0.2164627227512038
28295,0.2275409932390028
28296,0.2169086181012585
28297,0.2175633446238482
28298,0.2103458460925019
28299,0.2139591588719508
28300,0.218721036343246
28301,0.2062143715902003
28302,0.221450887581788
28303,0.2128568609560199
28304,0.2067597144957122
28305,0.2178757843287888
28306,0.2097173954261137
28307,0.2128379630059396
28308,0.2207006265690613
28309,0.2225819711164063
28310,0.2118959346094314
28311,0.2197545183635216
28312,0.2199410011487514
28313,0.2202147872162529
28314,0.2125558014064562
28315,0.2131277431104729
28316,0.2086182909054974
28317,0.219069275483644
28318,0.2154656693915538
28319,0.2098545316871949
28320,0.2173467817531333
28321,0.2131371908705164
28322,0.2163434294074252
28323,0.2192519286718165
28324,0.2137799186067155
28325,0.2193186350827573
28326,0.2124533377272974
28327,0.2253966702359971
28328,0.2103003545814808
28329,0.2165033051540938
28330,0.2217470390054624
28331,0.2180851137377033
28332,0.2131823307783574
28333,0.2177344509588078
28334,0.2107920791009058
28335,0.2227121802144491
28336,0.2105647765397118
28337,0.216858882002714
28338,0.212094146467799
28339,0.2102668476554672
28340,0.2134151833621154
28341,0.2146585382664645
28342,0.2135335040331385
28343,0.2056607049009822
28344,0.2131196471048768
28345,0.2118789904763656
28346,0.2158850465847029
28347,0.2177380522469105
28348,0.2176147349090834
28349,0.2180678664939101
28350,0.2106738160015047
28351,0.2179315256440998
28352,0.2177338535320989
28353,0.2147022089990403
28354,0.2265011759342556
28355,0.222000068204264
28356,0.2174297582702077
28357,0.2154658531598806
28358,0.2114618872671655
28359,0.2175665208125964
28360,0.2115744141002613
28361,0.223613647915085
28362,0.2184572462902203
28363,0.2200057671286897
28364,0.2203390605652908
28365,0.2140275901114817
28366,0.2119784179789279
28367,0.2173085208391569
28368,0.2137671294162562
28369,0.2123037622017638
28370,0.2152940532107072
28371,0.2138753378797786
28372,0.2107638464120661
28373,0.2102561957756802
28374,0.2095688019464321
28375,0.2189306997104839
28376,0.2091455622683332
28377,0.2156112204141025
28378,0.2132172326295772
28379,0.2146476949698111
28380,0.2199354628479766
28381,0.2137787775671344
28382,0.2150257210763548
28383,0.2134359255483568
28384,0.2104687136716338
28385,0.2182429650516612
28386,0.2188273128295942
28387,0.2197038465226352
28388,0.2134873603712207
28389,0.2166688281266198
28390,0.215928952412475
28391,0.2166994508761824
28392,0.2196687836514602
28393,0.2255583053878958
28394,0.2105823348852756
28395,0.2124562388758989
28396,0.2145499226289051
28397,0.2117608705512176
28398,0.2088327871991539
28399,0.2140678640241198
28400,0.2201905823297665
28401,0.2147218830006285
28402,0.2179940035953624
28403,0.2187076541684308
28404,0.2112757501254971
28405,0.2207155650253245
28406,0.2124480164539017
28407,0.2183236284132438
28408,0.2116945738287581
28409,0.2160822798878183
28410,0.2130714177504253
28411,0.2095697688582392
28412,0.2173570578728019
28413,0.2168776772775883
28414,0.2214202822434532
28415,0.215633706133605
28416,0.219066807834665
28417,0.2120137659158157
28418,0.2121177048190264
28419,0.2185399545660518
28420,0.2128428162087317
28421,0.2159055334349868
28422,0.2141268793112803
28423,0.2112176422482188
28424,0.2114115783237337
28425,0.2205975607359274
28426,0.2091711276894947
28427,0.2215009881078569
28428,0.2086424345491475
28429,0.2125310502388856
28430,0.2141952757448149
28431,0.2221283517961662
28432,0.2192554686200582
28433,0.2144304223142898
28434,0.2105647763356274
28435,0.216522641531728
28436,0.2151881961470202
28437,0.2137519544886285
28438,0.217531491484292
28439,0.2186455124416786
28440,0.212551599017432
28441,0.2095336426121452
28442,0.2177967046205946
28443,0.2124682630942863
28444,0.2166204197822475
28445,0.214878013079128
28446,0.2203003747813535
28447,0.2142548407242505
28448,0.2092528308820493
28449,0.2179671449269539
28450,0.2239015802981814
28451,0.2192583576339897
28452,0.2146157100082499
28453,0.2200924615949249
28454,0.2161846973768874
28455,0.2177682482038953
28456,0.2277076528043686
28457,0.2194908912896034
28458,0.2189202757386018
28459,0.2201276737668323
28460,0.2227792974411926
28461,0.2223171379682861
28462,0.216102572240644
28463,0.2197256157563853
28464,0.2088308435068138
28465,0.2109426420340204
28466,0.2201514298661074
28467,0.2162533927190187
28468,0.2192395248329698
28469,0.2155932068943331
28470,0.2147391514520798
28471,0.2096010565115479
28472,0.2107919948692854
28473,0.2149793531081701
28474,0.2077222295844633
28475,0.2140454426963866
28476,0.2170992289066819
28477,0.214733576887929
28478,0.2098277706407524
28479,0.2088870460906761
28480,0.2175195566476803
28481,0.2084155315787433
28482,0.2154347643776603
28483,0.2179224954534362
28484,0.2156997591051942
28485,0.2138974320710199
28486,0.2226249876889571
28487,0.2144100022024421
28488,0.2163379660770034
28489,0.2166646054266229
28490,0.2199729510630254
28491,0.2118225502541927
28492,0.215680609139007
28493,0.2141448684297213
28494,0.2137179394184762
28495,0.2129725698549062
28496,0.2116114512211264
28497,0.2123168399402721
28498,0.2122105000676408
28499,0.2157521466810869
28500,0.2190196221258305
28501,0.2138752031757886
28502,0.21775898572329
28503,0.2177700682839959
28504,0.2160821935655158
28505,0.2190678217476337
28506,0.2180109705829989
28507,0.2136896220418929
28508,0.2154550426044871
28509,0.2131473545754817
28510,0.2240465705204946
28511,0.217803115214022
28512,0.2195333878580427
28513,0.2144131592179635
28514,0.2159792182980025
28515,0.2215283526571588
28516,0.227032854195841
28517,0.2134683148428186
28518,0.2239146365503261
28519,0.2167100517833329
28520,0.2137309778064458
28521,0.207908393083487
28522,0.2214876284958256
28523,0.2180970969811647
28524,0.2136866053355583
28525,0.214757534637997
28526,0.2089859250375683
28527,0.2237457146364585
28528,0.1997837769010108
28529,0.214471106663742
28530,0.2155715209305814
28531,0.2143913658474748
28532,0.2171857889312219
28533,0.2221807132198477
28534,0.2062500204184367
28535,0.2208623809554936
28536,0.2197522580701753
28537,0.2131736903215898
28538,0.2186459482154952
28539,0.204195065673141
28540,0.2229034330565647
28541,0.21907759843948
28542,0.2073638159156332
28543,0.2138922697778751
28544,0.2073494738802303
28545,0.2148463315016923
28546,0.2118688379308078
28547,0.2155396513530112
28548,0.2069520513700856
28549,0.2191372954825313
28550,0.2164547965471298
28551,0.2148285093504659
28552,0.2094533346780044
28553,0.2145020414272425
28554,0.2098720812641749
28555,0.2143074148318429
28556,0.2203377650210282
28557,0.2132101828443501
28558,0.2101315701014446
28559,0.2143785452690252
28560,0.2089682561758754
28561,0.2125292233856922
28562,0.2246699043362391
28563,0.2165126117803934
28564,0.2127909724648091
28565,0.2110274009582716
28566,0.2160755832452719
28567,0.2169996194667205
28568,0.2171408760455233
28569,0.2186438934444028
28570,0.2168286145152085
28571,0.2162387339535128
28572,0.2160939859981273
28573,0.2125945721444647
28574,0.2151628653391992
28575,0.2149802091106799
28576,0.2199023365511662
28577,0.2107354099586627
28578,0.2135551906299058
28579,0.2129183975223438
28580,0.2096317788979965
28581,0.2219446704812523
28582,0.2130159761091364
28583,0.2155997234925961
28584,0.2178277649894391
28585,0.2077556436810087
28586,0.2078296700454843
28587,0.2169721676985403
28588,0.2127876386533356
28589,0.2213649335987851
28590,0.2103256305536989
28591,0.2098353088140469
28592,0.2138707679924401
28593,0.2133224867111674
28594,0.2131825249422121
28595,0.2120175007745876
28596,0.2138080500186809
28597,0.2115585430363576
28598,0.2172036269343286
28599,0.2209413145193978
28600,0.212188220734451
28601,0.21940358074406
28602,0.2190108567279678
28603,0.2202735249695465
28604,0.2232342328960985
28605,0.211092709104932
28606,0.2152697801395479
28607,0.207559684116466
28608,0.2195579969460884
28609,0.2152023010248988
28610,0.2106968713886603
28611,0.214510882642731
28612,0.217872880477236
28613,0.209886537978813
28614,0.210944612523349
28615,0.2042448320067617
28616,0.2080160561999613
28617,0.2132893090209048
28618,0.2097587517495198
28619,0.217183212761686
28620,0.2186471632691523
28621,0.2212834300376585
28622,0.2187878212809381
28623,0.2100977031872929
28624,0.2220541019267182
28625,0.2192920853054135
28626,0.2124291161222982
28627,0.2159146267708892
28628,0.2133343387908872
28629,0.2103294324565599
28630,0.2209052663290422
28631,0.21948129382242
28632,0.214933935297202
28633,0.2109472944284138
28634,0.2084946091967999
28635,0.2180519469643363
28636,0.2184159057313723
28637,0.217769553943625
28638,0.2109449410411325
28639,0.2096713719453604
28640,0.2065095073437876
28641,0.2051288195852882
28642,0.2133679040174174
28643,0.2148278513685776
28644,0.209097973338487
28645,0.2147268720416515
28646,0.2171785904593722
28647,0.2112114570157978
28648,0.2110382669530405
28649,0.2118592077964277
28650,0.2058934045064629
28651,0.2078080646975123
28652,0.2104895282158493
28653,0.2010709754540875
28654,0.2118673353470004
28655,0.2123244324677109
28656,0.209096103703338
28657,0.2105354536197938
28658,0.2162749004317873
28659,0.2213256955870198
28660,0.2228450053757327
28661,0.2067028421302981
28662,0.2064398620820918
28663,0.2163079765202344
28664,0.2180504094700746
28665,0.2166094040666656
28666,0.2055153297878353
28667,0.2117194989477697
28668,0.2161405821414897
28669,0.2074636361627219
28670,0.2107242256279861
28671,0.2174757738360235
28672,0.2071938778319225
28673,0.2137449859414905
28674,0.2122763220732159
28675,0.2225948119523725
28676,0.2116373596582425
28677,0.2131593295287735
28678,0.2081676445265014
28679,0.2196079200941891
28680,0.2185611887025413
28681,0.2104806294672404
28682,0.2116702090477845
28683,0.2083149498615399
28684,0.2175270610558404
28685,0.2123620202990708
28686,0.2127294029203542
28687,0.2105634541090673
28688,0.2175929650281879
28689,0.2141925429824196
28690,0.2152144223489728
28691,0.209977038895167
28692,0.2149680001517526
28693,0.2113939952004559
28694,0.2110316549090344
28695,0.2132039580279563
28696,0.2168662138933817
28697,0.2230183988424196
28698,0.2236897187232644
28699,0.2158240809526067
28700,0.2075439230810526
28701,0.2140857128358663
28702,0.2088915042948922
28703,0.2102224163819855
28704,0.2157044677536146
28705,0.2170126379261387
28706,0.2194513608821675
28707,0.2131455906432086
28708,0.2081284123078258
28709,0.2211797639964481
28710,0.2117178568886447
28711,0.2142382240873098
28712,0.2068945273449907
28713,0.2161564778507642
28714,0.2198618528382601
28715,0.2196111439293074
28716,0.221015018385788
28717,0.2156654265241496
28718,0.2099516594546489
28719,0.2145105435820527
28720,0.2204201513168621
28721,0.2115103550051893
28722,0.208208939594279
28723,0.2207569712078208
28724,0.2181309429650686
28725,0.2098632186893095
28726,0.212338396724923
28727,0.2148447329442515
28728,0.2170091326132875
28729,0.2145255148971601
28730,0.2110641642375614
28731,0.2231653094168133
28732,0.2127731806317509
28733,0.2052586615174721
28734,0.2173859030106686
28735,0.2194213874388199
28736,0.2203934003814642
28737,0.2179396491420981
28738,0.2217177877883961
28739,0.2106571313327905
28740,0.2187906943085482
28741,0.2132153694542505
28742,0.2132687103572745
28743,0.2158045643479482
28744,0.2189682562361902
28745,0.2125946088576781
28746,0.2105085792707357
28747,0.2137028171270797
28748,0.2114206262756464
28749,0.216274969328001
28750,0.2165063382380899
28751,0.2113521693894052
28752,0.2124186463439757
28753,0.2139416267272494
28754,0.2091115906651247
28755,0.2172016011832405
28756,0.2141405572437275
28757,0.2055563902383058
28758,0.2150932476511187
28759,0.2152353757358554
28760,0.211674408607144
28761,0.2170463694397044
28762,0.2062319798353087
28763,0.2102197410931408
28764,0.2169050439992046
28765,0.2095024166795073
28766,0.2184865613484936
28767,0.2198658819809233
28768,0.216583084824311
28769,0.2265703278686641
28770,0.2210248169292778
28771,0.2052903946740497
28772,0.2100999798051345
28773,0.2108246581085555
28774,0.2107113312116603
28775,0.2145039307953256
28776,0.2196006109189849
28777,0.2170296493913344
28778,0.2172365169135762
28779,0.2085098922294559
28780,0.2034940552049731
28781,0.214397415146882
28782,0.2121273085167336
28783,0.2109175567583915
28784,0.2128632931180538
28785,0.2169622839000606
28786,0.2221189609746547
28787,0.2191359041755886
28788,0.2180424449743687
28789,0.2077439733920235
28790,0.2176742593121375
28791,0.2189910761511896
28792,0.2154647505835161
28793,0.2054391031593381
28794,0.2034194783963139
28795,0.2240443052367689
28796,0.2114361639949302
28797,0.2197074888234958
28798,0.2146629199773001
28799,0.2212378133133063
28800,0.2174776090871003
28801,0.2205108492003408
28802,0.2086934384101833
28803,0.2209459514966066
28804,0.2173999485874915
28805,0.2223158255696621
28806,0.2135612296912115
28807,0.2133366359939944
28808,0.2177586895424748
28809,0.2221399902418634
28810,0.2116782022737947
28811,0.2097601825657625
28812,0.2127401187713379
28813,0.2137237183999584
28814,0.2154322971941129
28815,0.2171565645049911
28816,0.2197657086390919
28817,0.218481760111447
28818,0.2157755042432294
28819,0.2108934678413451
28820,0.2260202876140239
28821,0.2074813944672799
28822,0.2123739618818021
28823,0.2129866260791746
28824,0.214990099512103
28825,0.2199274576538763
28826,0.2044660841551089
28827,0.2134569214899922
28828,0.2252610324844728
28829,0.2114071098939318
28830,0.2167925057767943
28831,0.2125517335250293
28832,0.2107149136222487
28833,0.2185883711758961
28834,0.2144968988796536
28835,0.2125552246646645
28836,0.216802964125766
28837,0.2106420842369528
28838,0.2183719255426288
28839,0.217010524628228
28840,0.2163766588267088
28841,0.2036020456602524
28842,0.2152918067258794
28843,0.2164156468139162
28844,0.2102038111755255
28845,0.2243356072880192
28846,0.2198811174300876
28847,0.2147921910210447
28848,0.2145528372905856
28849,0.2059816042247197
28850,0.2125218086408825
28851,0.215646621569147
28852,0.2176016909938265
28853,0.2167423480525356
28854,0.2151731096439326
28855,0.2137813846137073
28856,0.2093938923104732
28857,0.2080085993914777
28858,0.2152949662600014
28859,0.2134531252132893
28860,0.2168311610446219
28861,0.2217539720986937
28862,0.2158727876755418
28863,0.2113427882812052
28864,0.2141232365603158
28865,0.2203159299679132
28866,0.2128392240305926
28867,0.2105708147759202
28868,0.2141438901240136
28869,0.2118985053610808
28870,0.2130140601737704
28871,0.2107637426681448
28872,0.2150384686904202
28873,0.2168682899976738
28874,0.2091458847992088
28875,0.2193207061195463
28876,0.224502640987545
28877,0.216617982464006
28878,0.2123994454939775
28879,0.217490008743632
28880,0.2173029973106047
28881,0.212118354179919
28882,0.2182844838592674
28883,0.2044823644939783
28884,0.2170076323927847
28885,0.2118817826872248
28886,0.2143394637328396
28887,0.2124789141289829
28888,0.2237631048136973
28889,0.213951959223484
28890,0.2116637130995786
28891,0.2115043466005237
28892,0.2089061525589237
28893,0.2220331047018059
28894,0.2124614576642591
28895,0.2150338255401024
28896,0.2219789951381131
28897,0.2105547833641171
28898,0.2110387080276821
28899,0.2197955027967903
28900,0.2254812099941797
28901,0.2179082318584239
28902,0.2143056308557152
28903,0.2151847078029873
28904,0.217104771481813
28905,0.2112351452410216
28906,0.2198968067923752
28907,0.2145465859385001
28908,0.2166486227966127
28909,0.2133568686220044
28910,0.2121964594961541
28911,0.2125845526816901
28912,0.2135414303687899
28913,0.2096370090543687
28914,0.2079347228458402
28915,0.2047589404258505
28916,0.2112778801378788
28917,0.2231212714176184
28918,0.2217198942706889
28919,0.2115945107328407
28920,0.210378072878042
28921,0.2216550079772944
28922,0.2166655101787169
28923,0.2072764881262566
28924,0.2106742963433457
28925,0.2089290720896693
28926,0.2145635078271853
28927,0.2195318314118377
28928,0.2151193341432556
28929,0.2115304621673159
28930,0.2087272442717156
28931,0.2202510442942592
28932,0.21362957513585
28933,0.2146538662638989
28934,0.2164535338456328
28935,0.2101681961946735
28936,0.2099634701826767
28937,0.2085415542726314
28938,0.2022077912001502
28939,0.2142586803006984
28940,0.2088693606390619
28941,0.2101950529050785
28942,0.207703621804225
28943,0.2098879374487822
28944,0.2192790591244152
28945,0.2145976211283192
28946,0.212600691205621
28947,0.2121291902948268
28948,0.2131210002973335
28949,0.2131838545152947
28950,0.2111989442572101
28951,0.208354608870934
28952,0.2153403664591628
28953,0.2178305582325799
28954,0.2153413931466914
28955,0.2066752752484113
28956,0.2090288638963776
28957,0.2129705740236911
28958,0.2092098616323339
28959,0.2168859103427033
28960,0.2178604242638148
28961,0.2097614945194374
28962,0.2134798481427698
28963,0.2120872826965134
28964,0.211734357786563
28965,0.2173681450176528
28966,0.2150301969081212
28967,0.2119623075579433
28968,0.2096280284086268
28969,0.2066534278282202
28970,0.2161931693013008
28971,0.2135383737813622
28972,0.2119670778653787
28973,0.2139851019888519
28974,0.2140261526780312
28975,0.2181025273388713
28976,0.2155288015348407
28977,0.2213609731697059
28978,0.2115244339633851
28979,0.2190827497248053
28980,0.2133590672701417
28981,0.2130034974472356
28982,0.2177421292628117
28983,0.2107376123754878
28984,0.2126143090837535
28985,0.2124696089102893
28986,0.2124787891967869
28987,0.2168899095462204
28988,0.2178302929645428
28989,0.2159240809135388
28990,0.2126109268406655
28991,0.2212239143074759
28992,0.2114720479995494
28993,0.2153440738599928
28994,0.2130024553300729
28995,0.2174723149508137
28996,0.2116861930882586
28997,0.2055347198948159
28998,0.2097859223497601
28999,0.2142921723804048
29000,0.2152339664955204
29001,0.2123844918798459
29002,0.2108744364946806
29003,0.2127827477965226
29004,0.2163707199520378
29005,0.21718335179451
29006,0.2129361398603769
29007,0.2235713758741613
29008,0.2196970219815643
29009,0.2109142089451052
29010,0.210210718753721
29011,0.207764789809849
29012,0.2156068637028224
29013,0.2112566729421113
29014,0.2068355891133704
29015,0.204724045926578
29016,0.2170112944877619
29017,0.2108041122486933
29018,0.2096659964634374
29019,0.2088193020195907
29020,0.2138609165416523
29021,0.2104285269460079
29022,0.206939216451354
29023,0.2113900319322285
29024,0.2181863904116063
29025,0.2055260687066731
29026,0.2107302493719411
29027,0.2108305626006948
29028,0.2106871172303706
29029,0.2143936654428687
29030,0.2199089677776535
29031,0.214900019409164
29032,0.2176891870920541
29033,0.211235271811677
29034,0.2206024182858229
29035,0.2157932594663014
29036,0.2143756892613433
29037,0.213930037851341
29038,0.2074280090898063
29039,0.217407135433422
29040,0.2213051931345559
29041,0.2150582760776809
29042,0.216389988101649
29043,0.2163737556372267
29044,0.210202467147065
29045,0.2013343464893131
29046,0.2085284628848443
29047,0.2139856172244301
29048,0.2122826148719142
29049,0.2187093061927777
29050,0.21275005033069
29051,0.2099964841170859
29052,0.2147886207156478
29053,0.2187029913587034
29054,0.2124090414519578
29055,0.213099971300567
29056,0.2115731907251661
29057,0.2121943362682066
29058,0.2148742337444531
29059,0.2178888433383342
29060,0.2146561651637888
29061,0.2150899694483553
29062,0.2175185073265584
29063,0.2168621248155221
29064,0.2104728721347261
29065,0.2158835620379045
29066,0.2161694226314852
29067,0.2167372289490402
29068,0.2114787251145457
29069,0.2076578534273123
29070,0.2117610984318522
29071,0.2051349552874642
29072,0.2157791778901149
29073,0.208234105516388
29074,0.2153971012347564
29075,0.2023089036276942
29076,0.209124200982071
29077,0.2109755548395648
29078,0.2093766093435466
29079,0.2158616603499705
29080,0.2050838705898737
29081,0.201068195489237
29082,0.2058911855675391
29083,0.2092641100791811
29084,0.217280269729424
29085,0.2100165538010203
29086,0.2117209196857426
29087,0.2056795026640134
29088,0.2098647414165292
29089,0.2125625878733334
29090,0.2101048532331386
29091,0.2139194934607795
29092,0.2175289013424677
29093,0.2211055200021535
29094,0.2146569208149232
29095,0.2211631890860163
29096,0.2146993189419894
29097,0.2130454343966376
29098,0.2173714456938838
29099,0.2119962157241209
29100,0.2102528987578249
29101,0.2225413695460267
29102,0.2057560275222575
29103,0.2086074229800528
29104,0.2098419092443246
29105,0.2059491171103752
29106,0.2141875370394105
29107,0.2114514145113482
29108,0.2094434829676384
29109,0.2078665780590598
29110,0.2030714558146879
29111,0.217860874589935
29112,0.2080438088009114
29113,0.212607825617737
29114,0.2066254131416876
29115,0.21967978281566
29116,0.2191207896235996
29117,0.2189902743549907
29118,0.2228512864459767
29119,0.2165950265272272
29120,0.2114014510756058
29121,0.2208509926364879
29122,0.2180987592897728
29123,0.2065928703801669
29124,0.2141213123996934
29125,0.2192895774790229
29126,0.2097643560147075
29127,0.217707807021085
29128,0.2126261187791316
29129,0.2033988142141756
29130,0.2184993839875244
29131,0.2128367085711289
29132,0.2150788356068952
29133,0.2145587739964789
29134,0.2089181239301517
29135,0.2107729316702472
29136,0.2146512444461529
29137,0.2112389339091895
29138,0.2091032310705609
29139,0.2074130778435237
29140,0.2092800599513739
29141,0.2164414728221226
29142,0.213376720133416
29143,0.2043518491585631
29144,0.2087469680514372
29145,0.2045268781095949
29146,0.207615095549715
29147,0.2106604183127844
29148,0.2158043633463228
29149,0.2141281896890229
29150,0.2192492850032986
29151,0.2108398754429588
29152,0.2153363006751279
29153,0.2181057742758742
29154,0.2152800348405568
29155,0.2141768707361998
29156,0.2124568590838717
29157,0.2069095723090443
29158,0.2127565808142275
29159,0.2105673689974289
29160,0.2159803483691494
29161,0.2058830439304385
29162,0.205231223579816
29163,0.2128849911059504
29164,0.2177745136728244
29165,0.2043460480035329
29166,0.2145333727001447
29167,0.2119166226482673
29168,0.2119584232971774
29169,0.2171138334191515
29170,0.2050794917214185
29171,0.2114240719502315
29172,0.2084931133354979
29173,0.2088629638369806
29174,0.2062893218163036
29175,0.2133073321040439
29176,0.2200588563936618
29177,0.2156485406204346
29178,0.2182972374585434
29179,0.2126939748620484
29180,0.2225779062878557
29181,0.2169791119098031
29182,0.2117360244358067
29183,0.2226654389489991
29184,0.223857966780696
29185,0.2172708329808629
29186,0.2118458188168814
29187,0.2159304310235726
29188,0.2202221585784146
29189,0.2138369139835094
29190,0.2052087417655144
29191,0.2071738959670433
29192,0.2210046781619955
29193,0.2169348843923917
29194,0.2167025076272826
29195,0.213709524424327
29196,0.2112574952929198
29197,0.2127783704384436
29198,0.2135464050838033
29199,0.215301532378321
29200,0.2216826015564243
29201,0.2105202835307963
29202,0.1997399887242874
29203,0.2113017267918155
29204,0.2128371364390722
29205,0.2091253429163367
29206,0.2095255595960219
29207,0.2157197798325577
29208,0.2124192307243286
29209,0.2173690428759694
29210,0.2180986717542752
29211,0.2193856881894347
29212,0.2051435903425993
29213,0.2163061409654367
29214,0.2225255706482666
29215,0.223120699734254
29216,0.2157598603226896
29217,0.2129661462884736
29218,0.2133680090334529
29219,0.2128590572650186
29220,0.2109286452475041
29221,0.2075719709796039
29222,0.2201967143913898
29223,0.2057016695872909
29224,0.1982514482799036
29225,0.2153991870919575
29226,0.2105573334869053
29227,0.2126887928325363
29228,0.2094750466482981
29229,0.2243787695358055
29230,0.2099498560810683
29231,0.2148520953285896
29232,0.2158021993961199
29233,0.2100262682017087
29234,0.2164180468682462
29235,0.2149513248609052
29236,0.210916495141234
29237,0.2125998080764249
29238,0.2214849705881124
29239,0.2205398521099264
29240,0.2166994634293587
29241,0.2140546005489915
29242,0.2056045764323827
29243,0.2128723153419581
29244,0.2120713381345147
29245,0.2122792079500336
29246,0.2089811800380386
29247,0.2078666598606976
29248,0.2061814051543584
29249,0.2063469573070071
29250,0.2142910414876501
29251,0.2136876584184938
29252,0.206167220705398
29253,0.216552564370554
29254,0.2113325193892251
29255,0.2168985470815128
29256,0.2170142371330348
29257,0.205261453499323
29258,0.2081844563739457
29259,0.2083191779416813
29260,0.2111031616362162
29261,0.2006218724597455
29262,0.2060317579830779
29263,0.2094772973382345
29264,0.2088023383086234
29265,0.2138607292605162
29266,0.2158752829177308
29267,0.2155337871839248
29268,0.211283350575256
29269,0.2075480180467546
29270,0.2054178034724905
29271,0.2063518744697211
29272,0.2040166957434133
29273,0.2123854661894273
29274,0.2117966726048011
29275,0.224610271030009
29276,0.2149344231277361
29277,0.208666607209389
29278,0.2065284656851983
29279,0.2042223443748995
29280,0.2033491271763238
29281,0.2101943106543131
29282,0.2129686166664123
29283,0.2134782945042202
29284,0.2175953602488572
29285,0.2018335805129575
29286,0.2061066854261516
29287,0.2139475456030084
29288,0.2033094724890538
29289,0.1973189324163825
29290,0.20569333728278
29291,0.2096791163090262
29292,0.205916679696554
29293,0.2162419980248415
29294,0.2149423870029518
29295,0.2133565074766122
29296,0.216375602651161
29297,0.2067921411665333
29298,0.2104877899217419
29299,0.2092496910316522
29300,0.2134229694895552
29301,0.2153079496950509
29302,0.2152536679382094
29303,0.2147263024033281
29304,0.2039631953527588
29305,0.2150964009746777
29306,0.2152771205301469
29307,0.2050397510666891
29308,0.2116141816919118
29309,0.2112328773952334
29310,0.2134532907150215
29311,0.2090417265657189
29312,0.2163360562370047
29313,0.2174506635125971
29314,0.2017661698740648
29315,0.198742118634311
29316,0.2118639910774719
29317,0.2080653017976582
29318,0.2116794521080396
29319,0.2089819665599454
29320,0.2027760792942768
29321,0.2168549918448814
29322,0.20587968775637
29323,0.2132217470997099
29324,0.2168101569381302
29325,0.2080346540255646
29326,0.212293988989054
29327,0.2069472993491762
29328,0.2065920938583917
29329,0.2060488239316425
29330,0.2056417319184892
29331,0.2024135722126014
29332,0.2000198940337827
29333,0.2103782704848046
29334,0.2082636011657015
29335,0.2095630148680694
29336,0.210872318193957
29337,0.2173752935389215
29338,0.2162478827449126
29339,0.2185808821819691
29340,0.2059265921825246
29341,0.2073314731450552
29342,0.2111342684016695
29343,0.212304235501075
29344,0.2123576110497351
29345,0.2179631261400523
29346,0.2163861579657527
29347,0.2069832265924345
29348,0.2052676901450497
29349,0.2122633691405661
29350,0.2111330022859879
29351,0.2161385797689203
29352,0.2097053115680336
29353,0.2166517190665691
29354,0.2122709827491618
29355,0.2171317080617673
29356,0.207630050170428
29357,0.2161702670255414
29358,0.2056308224255288
29359,0.2154809450051258
29360,0.2155494402879245
29361,0.2132532240966632
29362,0.2106955449407108
29363,0.2079409899882518
29364,0.2113853972391737
29365,0.2100873585871483
29366,0.2078737912613994
29367,0.2108610165657907
29368,0.2038425880343393
29369,0.2098304586369893
29370,0.2129343410408044
29371,0.2098296846398468
29372,0.2116476546251539
29373,0.2217333780683402
29374,0.2123844368533221
29375,0.2167948672152301
29376,0.2046608681734138
29377,0.212939423887924
29378,0.2086125583877992
29379,0.2089259974804256
29380,0.2185916157395048
29381,0.2117925072640027
29382,0.2116881368818718
29383,0.2132691142788239
29384,0.2093489154426768
29385,0.2164478202165327
29386,0.2119103443163706
29387,0.2111593746325734
29388,0.2062945773677088
29389,0.2128201329787578
29390,0.2073802849684519
29391,0.2094152009180856
29392,0.2044017641759521
29393,0.2127507505624988
29394,0.2123599300604517
29395,0.2144112288037585
29396,0.2150395964172046
29397,0.213577004527237
29398,0.2073269056181639
29399,0.2172280744235168
29400,0.2207244232421302
29401,0.2098573275059299
29402,0.2128260252853996
29403,0.2167906571417034
29404,0.2122459615655357
29405,0.2119952150628435
29406,0.2114620132233204
29407,0.2113828654114466
29408,0.2196856467240479
29409,0.2143398495056365
29410,0.2082296673076132
29411,0.2188423685511382
29412,0.2180587954607007
29413,0.2131400102226902
29414,0.2191348432766016
29415,0.2137822422790126
29416,0.2121730531142539
29417,0.210478496627844
29418,0.2179788166367575
29419,0.211282621435233
29420,0.2163089283681541
29421,0.219357921295878
29422,0.2149946324922471
29423,0.2204119577709176
29424,0.2090165416069088
29425,0.2149164146937489
29426,0.2214246397063583
29427,0.2090471299162872
29428,0.2042691102341699
29429,0.2048476632719453
29430,0.2224843641212786
29431,0.2194466064693434
29432,0.2148619267133566
29433,0.209854421483454
29434,0.2215698279004301
29435,0.2090681373059885
29436,0.2140774565057075
29437,0.2079974661880683
29438,0.2211247358293582
29439,0.2081574167955598
29440,0.210073411388312
29441,0.2120735494168629
29442,0.2046058253962099
29443,0.208346524232394
29444,0.2149109320111302
29445,0.2101758922642734
29446,0.2082656714007783
29447,0.2055589573334423
29448,0.2048489787474339
29449,0.2033305123199155
29450,0.2061622428269724
29451,0.2089046035161872
29452,0.2091517789253837
29453,0.2004209196466906
29454,0.2094647622891103
29455,0.2140955992347333
29456,0.2120472889991803
29457,0.211339336373755
29458,0.2106328444680552
29459,0.2100810950862267
29460,0.2058984219032719
29461,0.2119743238279429
29462,0.2179040239305518
29463,0.2146699358275967
29464,0.2066227028233933
29465,0.2146835462766695
29466,0.2072793886366533
29467,0.2074863636126368
29468,0.2076077637827479
29469,0.2149914001625824
29470,0.207746401269539
29471,0.2096217057097388
29472,0.2155810961977128
29473,0.2153408480984456
29474,0.2167189726120957
29475,0.2121787671783777
29476,0.2108014473984385
29477,0.2169659511433165
29478,0.2057242786153222
29479,0.2116571620785542
29480,0.2142694871296309
29481,0.210055002403837
29482,0.2190317131086747
29483,0.2126722563498643
29484,0.2150943471826436
29485,0.2090028076189474
29486,0.2125044855423992
29487,0.2098753481782803
29488,0.2127699009677488
29489,0.2064871149806176
29490,0.2151817518814701
29491,0.2195935642908714
29492,0.2147870226915227
29493,0.2046122216072345
29494,0.2090637351006001
29495,0.2058145717446256
29496,0.2151563167869152
29497,0.2112451185869528
29498,0.2136048731720647
29499,0.2172410407282693
29500,0.2097047008088005
29501,0.2112500465347228
29502,0.2122964629987887
29503,0.2185032543709374
29504,0.2180051760122434
29505,0.2131262101565786
29506,0.2069144511413282
29507,0.2107499210842893
29508,0.2204849233781871
29509,0.2192050896126033
29510,0.2070750561447788
29511,0.2075471112546
29512,0.2171366146703238
29513,0.2024664686782404
29514,0.2020345895541881
29515,0.211024616073185
29516,0.2039246480549961
29517,0.2124175400376955
29518,0.2094912202622122
29519,0.2025888132179338
29520,0.2073401779018039
29521,0.2052935183269623
29522,0.2119199003638067
29523,0.2012960859830505
29524,0.2086942323463716
29525,0.2138773752969659
29526,0.2072801322189918
29527,0.2021439554121748
29528,0.2079159695731753
29529,0.2076373939408999
29530,0.2071378101068694
29531,0.2049551521814165
29532,0.2136048982274856
29533,0.2081203635773481
29534,0.2170113133902107
29535,0.2188539426779892
29536,0.2161084351184311
29537,0.2152010948008319
29538,0.2011893496996211
29539,0.2126255867324606
29540,0.2102442377960286
29541,0.214650073597758
29542,0.2074959419088442
29543,0.2097026684927795
29544,0.2140882172961248
29545,0.2156522941138146
29546,0.2175827343861287
29547,0.2120994497135362
29548,0.2158340902699077
29549,0.2174594070036487
29550,0.2114099011518637
29551,0.2078387208743962
29552,0.2015899897670429
29553,0.2072073274604548
29554,0.2045355038825134
29555,0.2040749018774823
29556,0.201977963335815
29557,0.2112516101324319
29558,0.2109593922444639
29559,0.2096533333654638
29560,0.2170558844342248
29561,0.2123822750614988
29562,0.21089467297307
29563,0.2104633746626981
29564,0.2130075169888734
29565,0.2145166847960588
29566,0.2183537066845963
29567,0.2112694350916427
29568,0.2139138632339256
29569,0.2193065727729844
29570,0.2153611104338044
29571,0.2053994659102112
29572,0.2104677191483648
29573,0.2053795188159669
29574,0.2071561827958901
29575,0.2136700949841942
29576,0.2106399503442806
29577,0.2104094969406016
29578,0.2069489853058325
29579,0.2104161219764729
29580,0.2114680173618948
29581,0.2100954948359151
29582,0.2102355033639094
29583,0.209608307481779
29584,0.2128066206444676
29585,0.2129317171501581
29586,0.2096722092730207
29587,0.2082622031188695
29588,0.2163590536710467
29589,0.2132624386563932
29590,0.2137167234613921
29591,0.2114431794944321
29592,0.206572339292813
29593,0.2079300060424193
29594,0.2166103566649421
29595,0.2085567137847781
29596,0.21129147904497
29597,0.21410699303991
29598,0.2035895244502519
29599,0.2086960630822129
29600,0.214414237706967
29601,0.2146141000387378
29602,0.215110509221977
29603,0.2167511705085095
29604,0.2133442904568103
29605,0.2162142748528157
29606,0.220563107398179
29607,0.2115398423001028
29608,0.2096759079888127
29609,0.2102178322340148
29610,0.2044118642866779
29611,0.2154524408063473
29612,0.202981593391007
29613,0.2086632971439674
29614,0.2124604445448519
29615,0.2101627155029955
29616,0.2065776929475657
29617,0.2180341269290023
29618,0.211466077418578
29619,0.2112375094703353
29620,0.2027207336830357
29621,0.2051271420273275
29622,0.2110676926549933
29623,0.2178713178368001
29624,0.2030655594321171
29625,0.2100691662637514
29626,0.2113734871929409
29627,0.2039244613484852
29628,0.2072807530623494
29629,0.2064047937148282
29630,0.2091538925677376
29631,0.2066526431639846
29632,0.2053747073568213
29633,0.2130560860253676
29634,0.2137783153604998
29635,0.2061166263373776
29636,0.216839330931818
29637,0.2163501624764978
29638,0.2255128429181059
29639,0.2124752024185356
29640,0.2138275701422682
29641,0.2124261260434498
29642,0.2149304835518069
29643,0.2185977991769354
29644,0.2058478560870761
29645,0.2155551560865338
29646,0.2131582357719602
29647,0.205771466158259
29648,0.2116289970703994
29649,0.2119302285187741
29650,0.2132955628106103
29651,0.2086496139600748
29652,0.2090134985036752
29653,0.2123976063801022
29654,0.2072488115710528
29655,0.2085204607629891
29656,0.2061802472472513
29657,0.2046704140274872
29658,0.2126242747387594
29659,0.2052531369509546
29660,0.2113310503866947
29661,0.2094033737073269
29662,0.2036885665369496
29663,0.2077262276912644
29664,0.2099901560595243
29665,0.2130519927112673
29666,0.219056016324055
29667,0.2114234095843599
29668,0.2173737067155223
29669,0.2148310238718074
29670,0.2102206634540342
29671,0.213252735303949
29672,0.2183227971356241
29673,0.2159633778514141
29674,0.218163387131276
29675,0.2166065654840858
29676,0.2177932139857262
29677,0.2149870563602367
29678,0.2146940558120729
29679,0.2110541942831614
29680,0.2117449790012781
29681,0.2128339028573025
29682,0.2104979309932565
29683,0.21127333738339
29684,0.2109667435606714
29685,0.212832008537189
29686,0.2094862151749089
29687,0.2090507700334752
29688,0.2208273755219098
29689,0.2165488414093979
29690,0.2069129596886702
29691,0.2125826915703567
29692,0.2215798686156014
29693,0.2180522033288149
29694,0.2101524469531142
29695,0.2112808943681457
29696,0.2132255443496902
29697,0.2127532832168916
29698,0.2077500935164866
29699,0.2089619125930041
29700,0.2050098941005764
29701,0.2043999099070472
29702,0.2092996610667362
29703,0.2068591744834308
29704,0.2090681252535053
29705,0.2145409756280225
29706,0.20332021925288
29707,0.2137227046603859
29708,0.2087789343405396
29709,0.210806550772069
29710,0.2088209053631783
29711,0.2060238283257152
29712,0.2099857353847644
29713,0.2054701867588501
29714,0.2122557678861499
29715,0.215121303709897
29716,0.2074819910353928
29717,0.2158963996260033
29718,0.1995575556203177
29719,0.2059175678438863
29720,0.2147993000137188
29721,0.2075101082727551
29722,0.2123915933993268
29723,0.2073001626681792
29724,0.2089335793614984
29725,0.2093041115607377
29726,0.2167428167619693
29727,0.2135835630803317
29728,0.2177204826527971
29729,0.2176474372631975
29730,0.2047174848922031
29731,0.2088005341272753
29732,0.2122708218077846
29733,0.2033341508443927
29734,0.2054008043286079
29735,0.202108834123236
29736,0.2157310971811318
29737,0.2160583142393748
29738,0.2147765389205995
29739,0.2057707200533807
29740,0.2090741571038872
29741,0.2032412323673605
29742,0.2124023544441177
29743,0.2023883812197993
29744,0.2064186857261127
29745,0.2075229331151835
29746,0.2158350669934534
29747,0.2099967064334747
29748,0.2056562459543296
29749,0.2151916390974251
29750,0.2146020121051638
29751,0.2122295569345008
29752,0.2100915540252967
29753,0.21276808758384
29754,0.2168796962001343
29755,0.208115369638889
29756,0.2040846493130618
29757,0.2090013315103543
29758,0.2000875064937163
29759,0.2029126709577084
29760,0.2134276503399224
29761,0.2112759464724792
29762,0.2126089671041237
29763,0.2116816199697748
29764,0.2169316945128254
29765,0.2077421430732735
29766,0.206929361077367
29767,0.2147891966174315
29768,0.210843756516079
29769,0.2103860794848841
29770,0.2029569497336167
29771,0.2132954492802685
29772,0.216516989132935
29773,0.2144778274695984
29774,0.2142066525957568
29775,0.2145759029921909
29776,0.2095305108670926
29777,0.2143407390412236
29778,0.2092204981311458
29779,0.2131367416621533
29780,0.2018734115934885
29781,0.2154025171773493
29782,0.2137510613017147
29783,0.2100103233584817
29784,0.2164035043008324
29785,0.2110544233439924
29786,0.2128027414884159
29787,0.2157637707252628
29788,0.2126455595893688
29789,0.2074351054137446
29790,0.2174287557884184
29791,0.2123603710540146
29792,0.2168301922636341
29793,0.2116309475318886
29794,0.2125022092831989
29795,0.2126994871082467
29796,0.2057524299950124
29797,0.2051938831267833
29798,0.2052505733396241
29799,0.2033171155615387
29800,0.2137917454906791
29801,0.2040280169106086
29802,0.2108468294829048
29803,0.2119480136812596
29804,0.2081939166701158
29805,0.220034687680387
29806,0.2073327892373111
29807,0.2071194816344055
29808,0.2111914044588422
29809,0.2154145201985533
29810,0.2099587043205461
29811,0.2049340003230336
29812,0.2110049337348724
29813,0.2061248031170212
29814,0.2065345469846199
29815,0.2127987797925194
29816,0.2129585931130115
29817,0.2045414879629098
29818,0.2041772420114522
29819,0.2057139805958443
29820,0.204877165602607
29821,0.2095307133713949
29822,0.2145763583005586
29823,0.2107424380886865
29824,0.2042750738446647
29825,0.2012512296114743
29826,0.2053137652171973
29827,0.1997159518316273
29828,0.1987212430624935
29829,0.2039344371422855
29830,0.2094431511505927
29831,0.2085330003976739
29832,0.2034063706037267
29833,0.203953475170661
29834,0.2126763883747493
29835,0.1924086332560282
29836,0.2018392058867807
29837,0.2075648884660672
29838,0.2060241775115194
29839,0.2113408001356086
29840,0.2129522718029743
29841,0.2073462555678429
29842,0.2135006778866334
29843,0.207503078093619
29844,0.2065235011691528
29845,0.1973269411891047
29846,0.2089911099820869
29847,0.2030124006275331
29848,0.2048768702280395
29849,0.2026299592461778
29850,0.209194422842552
29851,0.2085988849685062
29852,0.207732374599287
29853,0.2065167716039836
29854,0.2038802834941319
29855,0.2111149037264515
29856,0.2123736050070047
29857,0.2081017561644538
29858,0.214839997969319
29859,0.2072117369219499
29860,0.2128743506486673
29861,0.2061381554213276
29862,0.2080459873651911
29863,0.2088825972076455
29864,0.2105458198506076
29865,0.2159072845723771
29866,0.2112485797305361
29867,0.2129995952021239
29868,0.2114321212815158
29869,0.2068367206740773
29870,0.2025908868460978
29871,0.2066140809855112
29872,0.2067818068086118
29873,0.2115082159890559
29874,0.2064827438525489
29875,0.2100443074233464
29876,0.2086046800738342
29877,0.2100230414860293
29878,0.2129155879266895
29879,0.2089027409094648
29880,0.2047953170251892
29881,0.2069821369641005
29882,0.207781054098688
29883,0.2151550729597292
29884,0.2140746493762018
29885,0.2131348686254479
29886,0.2130275224261389
29887,0.2079828202374258
29888,0.2122678540630103
29889,0.1985065011513927
29890,0.2084028081226969
29891,0.213184886921865
29892,0.2097562995637566
29893,0.2169344152793981
29894,0.2227901726375578
29895,0.2105881291758955
29896,0.2127387379956982
29897,0.2133964846662011
29898,0.2130394976749966
29899,0.2099194542156484
29900,0.2130568397181962
29901,0.2127709772171833
29902,0.2080532292826361
29903,0.2175623069996029
29904,0.2098724080255053
29905,0.2156030112272933
29906,0.2040492702212084
29907,0.206806026933861
29908,0.2109543936693123
29909,0.2133911978045244
29910,0.2136933166168009
29911,0.2006557862543224
29912,0.2075131968218937
29913,0.217068230081916
29914,0.2114074971940977
29915,0.2038252074101401
29916,0.2046551537923057
29917,0.2078208420909281
29918,0.2120486836605591
29919,0.2052650947451524
29920,0.2080222365467024
29921,0.2105017537217089
29922,0.2087463415295627
29923,0.2080833872372089
29924,0.2093394568475761
29925,0.2050506287994732
29926,0.2063972163410684
29927,0.2132788305805411
29928,0.1993699419073516
29929,0.214812662530506
29930,0.2109495634271946
29931,0.2109589877986289
29932,0.2087376677047135
29933,0.2084485118481228
29934,0.2034234221368891
29935,0.2063830067728392
29936,0.2101584000406776
29937,0.2109197004196051
29938,0.209404985596214
29939,0.2050367172965227
29940,0.2088428564192834
29941,0.2102951097804742
29942,0.2075816247113339
29943,0.2023470600518898
29944,0.2111943663543898
29945,0.2044912506297964
29946,0.2057544755814123
29947,0.2157787180729807
29948,0.2146172074565946
29949,0.2158117761395585
29950,0.2052145677893816
29951,0.2073261175923332
29952,0.2132402345045941
29953,0.2124165822718324
29954,0.20445600841367
29955,0.2119030681851803
29956,0.208555055647578
29957,0.213308976260285
29958,0.2013861246073069
29959,0.2050460771081994
29960,0.1995515648679096
29961,0.2107194759729737
29962,0.2071222674480847
29963,0.2122346777361854
29964,0.205134038387124
29965,0.1997827313451546
29966,0.2091077095928774
29967,0.2077711700151286
29968,0.2103898036630111
29969,0.2092904547660308
29970,0.2102352973159813
29971,0.2074062745544015
29972,0.206312455059104
29973,0.21698511177569
29974,0.2093107541107138
29975,0.212687832272608
29976,0.2109454333749146
29977,0.2104391797416853
29978,0.2167191541664787
29979,0.2102014363522547
29980,0.2099531268803111
29981,0.2055239543658816
29982,0.2163580528828318
29983,0.1969928536177261
29984,0.2077833844589076
29985,0.2145315799457634
29986,0.2091854373652751
29987,0.2049149763639711
29988,0.2132787760744345
29989,0.2060641111354488
29990,0.2184148344559173
29991,0.2106925886699401
29992,0.2138014971422503
29993,0.212203143074813
29994,0.2100043596306491
29995,0.2071706442294306
29996,0.2081030652636268
29997,0.2067525121214433
29998,0.2071788186693499
29999,0.2109552468454828
30000,0.2028816094694522
30001,0.2137629023514819
30002,0.2060876315822725
30003,0.2085233526262939
30004,0.2039491603484089
30005,0.2009580507498516
30006,0.2088690517985003
30007,0.2040784406348511
30008,0.2042324287386845
30009,0.2168914923641154
30010,0.2101736027191292
30011,0.2045131771167153
30012,0.2139714874963899
30013,0.2118182388923094
30014,0.2082005218037467
30015,0.2093376431294402
30016,0.2090662880316831
30017,0.2041380457005992
30018,0.2071982761348646
30019,0.2106125611349142
30020,0.2104984840120498
30021,0.2084931089766475
30022,0.2123511625669184
30023,0.2078056433101893
30024,0.2086543181892318
30025,0.2049740990948127
30026,0.211057915109253
30027,0.2163498702100227
30028,0.2126704812011817
30029,0.2194605156186563
30030,0.209638577407628
30031,0.210688213270341
30032,0.2058067317021828
30033,0.2193344947519465
30034,0.2129964010521875
30035,0.2030351032561078
30036,0.2129145048093506
30037,0.2039399420501898
30038,0.2126023622328012
30039,0.2172348933375989
30040,0.2186219076012407
30041,0.2110389225141612
30042,0.2119520922291339
30043,0.2127963673458195
30044,0.2088215395652155
30045,0.2125488477303007
30046,0.2153744740278853
30047,0.2088207418723571
30048,0.2114053456256545
30049,0.2115549144358229
30050,0.2064959767842574
30051,0.207315334413168
30052,0.2018691257691496
30053,0.2110440150952353
30054,0.2103840410200054
30055,0.2040781496090586
30056,0.2124725898054461
30057,0.2145041798156568
30058,0.2084924431698041
30059,0.2184407564950048
30060,0.2022985546276958
30061,0.2081503289658508
30062,0.2086194271396433
30063,0.2089069066900422
30064,0.1997658736883003
30065,0.2080150507021162
30066,0.2043283268537518
30067,0.2083251481872447
30068,0.2058481151670932
30069,0.2087720067293397
30070,0.208237066798106
30071,0.2143184513271655
30072,0.2193896131316109
30073,0.2169104427131806
30074,0.2100107370922233
30075,0.2099698436640823
30076,0.2124371173174873
30077,0.211821946104658
30078,0.2146681285184503
30079,0.2183060077925969
30080,0.2148751925281678
30081,0.2126772338546551
30082,0.212440185800418
30083,0.2095245601082533
30084,0.2078628698686227
30085,0.2099916971633545
30086,0.2099038788554762
30087,0.2069692558067357
30088,0.2068007889871903
30089,0.2147792610442403
30090,0.2048012987212229
30091,0.2159081802488615
30092,0.217747510260008
30093,0.2125755205655322
30094,0.2124346762672309
30095,0.2142131487593548
30096,0.204659673741646
30097,0.2094013642687098
30098,0.2171316724443152
30099,0.2184986146773436
30100,0.2141623482618579
30101,0.2083638251543364
30102,0.212585731257162
30103,0.2034346710343759
30104,0.2092446449344334
30105,0.2081506877705951
30106,0.2128036758818415
30107,0.2151673037546784
30108,0.2054565354650021
30109,0.2083709251360898
30110,0.2081346054771652
30111,0.2091317037271496
30112,0.2063231018970968
30113,0.2062401139131318
30114,0.2053949011829983
30115,0.2096647996366659
30116,0.2111938582906503
30117,0.2037600662119705
30118,0.2122468222853786
30119,0.2032934405862768
30120,0.2014326426212302
30121,0.2060421068319797
30122,0.2134535738316472
30123,0.2100789734580318
30124,0.2083811804494341
30125,0.210377625806936
30126,0.2045971177239127
30127,0.2003912389020377
30128,0.2008177324088167
30129,0.2077824361256617
30130,0.2085725013451729
30131,0.2059426802433404
30132,0.1983253296093446
30133,0.215849725883314
30134,0.2146003356059061
30135,0.2093836989745443
30136,0.2097407539480788
30137,0.2151758828926117
30138,0.2106396166731432
30139,0.2087561601922839
30140,0.212307343381187
30141,0.2164038309603381
30142,0.206651992201279
30143,0.2138080165104482
30144,0.2038791307405715
30145,0.208452659876048
30146,0.2070710767315589
30147,0.2049493861361453
30148,0.2196963342773413
30149,0.2172057081715544
30150,0.2061230440417268
30151,0.2087060916488983
30152,0.2054803527608142
30153,0.2151109327740286
30154,0.204782472481525
30155,0.1949619083053592
30156,0.1999494606819114
30157,0.2019600346264587
30158,0.205165371201564
30159,0.2025984209234934
30160,0.2020323064944853
30161,0.2094671410503331
30162,0.207809161223669
30163,0.2065918201217755
30164,0.2031825044838981
30165,0.2061165009379246
30166,0.2067738989191664
30167,0.2141295444261492
30168,0.2151763261183836
30169,0.2123303560650962
30170,0.2024809929267204
30171,0.2138136131037969
30172,0.2133711709062662
30173,0.2092886537659155
30174,0.215180192088359
30175,0.2161855818605329
30176,0.2165655428196055
30177,0.2106294329488961
30178,0.2128433614902685
30179,0.214765715849776
30180,0.2111629573078513
30181,0.2113497840571424
30182,0.2159701503243081
30183,0.2151526978316578
30184,0.2119941876514635
30185,0.2026384644572771
30186,0.2043893844713472
30187,0.2102956535880935
30188,0.2153671047016942
30189,0.2155600328046329
30190,0.2143337040331794
30191,0.2040068978813253
30192,0.2161475929295172
30193,0.2074634515915933
30194,0.2053620088021024
30195,0.2104045136180084
30196,0.2121767656079197
30197,0.2197311522843517
30198,0.2069806605896861
30199,0.2046454561813248
30200,0.2000097913375513
30201,0.2101824928058147
30202,0.2139628674801075
30203,0.2039970983086306
30204,0.2043777163949201
30205,0.2054348478405241
30206,0.1993029536945066
30207,0.2052534711371432
30208,0.205487555228582
30209,0.206781540347302
30210,0.209510510482669
30211,0.2117272696067395
30212,0.2198254842192203
30213,0.2086486301501799
30214,0.2132965985593766
30215,0.2027296212591952
30216,0.2057089827402381
30217,0.2094013324314682
30218,0.2125772192565529
30219,0.2148704288524875
30220,0.2116432267810125
30221,0.2094772575275174
30222,0.2076875575207165
30223,0.2143309771939235
30224,0.205621345152246
30225,0.21129528733186
30226,0.2074869725496522
30227,0.2113854037335658
30228,0.2130243986856881
30229,0.2082007614576468
30230,0.2097267273953472
30231,0.2131625350684428
30232,0.2160243527433347
30233,0.2114719465250135
30234,0.2124133847307172
30235,0.2052358952135172
30236,0.2153044999546786
30237,0.2137246324602371
30238,0.2085724066216172
30239,0.2111580583438364
30240,0.2051986695795392
30241,0.20683128984065
30242,0.2153193339217298
30243,0.2098436338439554
30244,0.2176474579026351
30245,0.2186736341859839
30246,0.2140941586636462
30247,0.2173756965217589
30248,0.2156421078109736
30249,0.2168328468919914
30250,0.2131124555568686
30251,0.2092823573796685
30252,0.2048291397282619
30253,0.2064381743642815
30254,0.2141837650701579
30255,0.2095162826604925
30256,0.2121895119030291
30257,0.2125654943065814
30258,0.2148772473023842
30259,0.2188772800977427
30260,0.2137720823880548
30261,0.2135821979883355
30262,0.2085528774597697
30263,0.2121276754161148
30264,0.2092563567717642
30265,0.2100444805078283
30266,0.2061634038528888
30267,0.2074801616132044
30268,0.2089108081005821
30269,0.2093170634837798
30270,0.2029482734133969
30271,0.2111654105189362
30272,0.2095452625651132
30273,0.2050031339349318
30274,0.204653680959309
30275,0.2019288135199382
30276,0.2157287217963838
30277,0.210616242240165
30278,0.2040993790921263
30279,0.2118117783434957
30280,0.2099515659008452
30281,0.205846851553705
30282,0.2078079643771021
30283,0.2111562880541796
30284,0.2027813162376067
30285,0.2053970587937303
30286,0.2154586871439628
30287,0.2140702943488232
30288,0.216286205911531
30289,0.2141708851030492
30290,0.208988456061847
30291,0.2082018229647819
30292,0.2090062450171737
30293,0.211435213381264
30294,0.2165275864569378
30295,0.2114239914212884
30296,0.2121168999725532
30297,0.211624780511284
30298,0.2132939568191273
30299,0.2090245216069259
30300,0.2132352688419259
30301,0.2104397314507491
30302,0.2185312124364708
30303,0.2102631886824773
30304,0.208400396861879
30305,0.2159813361490216
30306,0.2166570427799095
30307,0.2126592114357805
30308,0.2182312863843166
30309,0.2115690305808124
30310,0.2108355933174841
30311,0.2042240121252234
30312,0.2079221177085536
30313,0.2097879299656943
30314,0.2062942742117395
30315,0.2130107834453389
30316,0.2055053412397035
30317,0.2008426057525932
30318,0.2141845666696133
30319,0.2107142644052334
30320,0.2053338931998715
30321,0.207987524112921
30322,0.2039925631578781
30323,0.2083734915633079
30324,0.2115196285526583
30325,0.2104499191165546
30326,0.2166021724224721
30327,0.2129797666132245
30328,0.2165702746391868
30329,0.2045665669609659
30330,0.2127769079888402
30331,0.2066907421390612
30332,0.2146958076726045
30333,0.205686526952725
30334,0.2134750817042004
30335,0.2140608177504259
30336,0.2101587781289199
30337,0.2047557862073084
30338,0.2063755049344463
30339,0.205707696429579
30340,0.2136555677490753
30341,0.2039690984783855
30342,0.2082639667177285
30343,0.1997276456656377
30344,0.212998944211117
30345,0.2040286623265741
30346,0.209474698819243
30347,0.2106370931601053
30348,0.2078487404001087
30349,0.2059218609929663
30350,0.2082036228197138
30351,0.2106896292321876
30352,0.2081227271672374
30353,0.2091285915679846
30354,0.2042064950407666
30355,0.2045613779832241
30356,0.2150787822071541
30357,0.2098051960617712
30358,0.2083559178178851
30359,0.2013696909537553
30360,0.2133048564415176
30361,0.2085594367972939
30362,0.2103019299854147
30363,0.2131200939468031
30364,0.208847010100063
30365,0.204583362044244
30366,0.2078625439839828
30367,0.2073618300561035
30368,0.2059657338355177
30369,0.2070874034390467
30370,0.208273918919786
30371,0.2005182467724316
30372,0.2035914017290486
30373,0.2025494566854575
30374,0.199845410194255
30375,0.2111873902759435
30376,0.2058623983201362
30377,0.2146640077505954
30378,0.2092088985520143
30379,0.2111936858103061
30380,0.2047832342765712
30381,0.2055648979682634
30382,0.2054605314044236
30383,0.2112843589447317
30384,0.2046249038210282
30385,0.2066190174605991
30386,0.2070900524878853
30387,0.2037972528262735
30388,0.2086899755059457
30389,0.215892758953694
30390,0.2075690433508048
30391,0.2103641197695253
30392,0.2075307262241991
30393,0.212341213503525
30394,0.2044879095424495
30395,0.2065972043321748
30396,0.2033127237089593
30397,0.208885889025954
30398,0.2045597568756754
30399,0.2091483939895293
30400,0.2053781644881892
30401,0.1987014106020077
30402,0.2121180104248797
30403,0.2082915609127779
30404,0.2098508736676904
30405,0.211446665005195
30406,0.2100595332955402
30407,0.2163319812489518
30408,0.2102217605599754
30409,0.2134655415337707
30410,0.2074719538077713
30411,0.2152090448749802
30412,0.2073569908060328
30413,0.213289751322498
30414,0.2177954719990297
30415,0.2143029101730882
30416,0.2088298868905267
30417,0.2080136807288599
30418,0.2084277570313954
30419,0.2030865468384488
30420,0.2113232991532997
30421,0.2110180968516347
30422,0.2035306520658407
30423,0.2082713216027863
30424,0.2066977171871555
30425,0.2079945289488898
30426,0.2029665029274737
30427,0.2091167852734335
30428,0.2126708558190894
30429,0.205257722214905
30430,0.2049157323670483
30431,0.2000666065354292
30432,0.2096795904357724
30433,0.2101083157732151
30434,0.2062233667523597
30435,0.201957437097067
30436,0.2034119388772734
30437,0.206893482334313
30438,0.2113691597971983
30439,0.2114050300027175
30440,0.2095040334233075
30441,0.2018989413227583
30442,0.2072597403107101
30443,0.2066618107344112
30444,0.2129965723227389
30445,0.2128613939127586
30446,0.2087019261423082
30447,0.2022146239819688
30448,0.2102897108257689
30449,0.2115810148807879
30450,0.2121258060334609
30451,0.2134769223046679
30452,0.2074137727639832
30453,0.2060775068943442
30454,0.2089254038583848
30455,0.2089887070071285
30456,0.2094947630644341
30457,0.2068042990146608
30458,0.2074071155674281
30459,0.211802591186485
30460,0.2045357049559957
30461,0.2063976127952821
30462,0.2122272140705135
30463,0.2068099430991721
30464,0.2066149858517345
30465,0.211709889848871
30466,0.2125837221573558
30467,0.2106856605286259
30468,0.2039904043094959
30469,0.2064742193159504
30470,0.2145590884956169
30471,0.2091038493562434
30472,0.2071643848152543
30473,0.2090411142403537
30474,0.2035750573792552
30475,0.2187073966331888
30476,0.2101581791765847
30477,0.2140129960662013
30478,0.2072415436016306
30479,0.2027068646943832
30480,0.2006287675709354
30481,0.1968972518950449
30482,0.2032561648545382
30483,0.2061953118205538
30484,0.2011432633591911
30485,0.1975571275561027
30486,0.2012755054322281
30487,0.2016692153287361
30488,0.208204076833173
30489,0.2086044926912557
30490,0.208748228078953
30491,0.198700700353914
30492,0.2004517612070303
30493,0.2106951670919507
30494,0.2025489539923337
30495,0.2013318834217799
30496,0.2063006275086894
30497,0.2070529269462617
30498,0.2063772409013357
30499,0.2118942380841376
30500,0.2102781134902762
30501,0.2044705075665458
30502,0.2183166276468
30503,0.2147026547917798
30504,0.2057778413966918
30505,0.2070570111422663
30506,0.2116108992846929
30507,0.2150420856935135
30508,0.2070801133394267
30509,0.2080209885494039
30510,0.2110866516760944
30511,0.20230337248245
30512,0.2140195847291617
30513,0.2109818891643401
30514,0.2071051099075713
30515,0.205895744595929
30516,0.2128534487973332
30517,0.2118348099711146
30518,0.2074422150040428
30519,0.2064305098359592
30520,0.1976763485247255
30521,0.2030884513088055
30522,0.206971100678698
30523,0.2056603964713454
30524,0.2097927872007023
30525,0.2129405914502489
30526,0.208093835899527
30527,0.2169827105424612
30528,0.204108772626061
30529,0.2068479363658103
30530,0.2107096548783687
30531,0.2117378809262343
30532,0.2103892891393231
30533,0.2047002555193014
30534,0.2053946005919175
30535,0.2082844385644141
30536,0.2051652349899635
30537,0.2106734410310792
30538,0.2147013482372309
30539,0.216071274992287
30540,0.2082622394136727
30541,0.2139233826689769
30542,0.2146125105016106
30543,0.2094531365181782
30544,0.2149802620044448
30545,0.2094066572219798
30546,0.2168795009648375
30547,0.201786411424163
30548,0.2123570044909241
30549,0.2082033489413436
30550,0.2053920467283252
30551,0.2173097759857637
30552,0.2154858101405137
30553,0.2142882887752885
30554,0.2070066626182167
30555,0.2167465486820048
30556,0.215610848092658
30557,0.2145886206589226
30558,0.2127005218581503
30559,0.2080493665491131
30560,0.2073088188352261
30561,0.2098422119575014
30562,0.2125310613349146
30563,0.2190937020054018
30564,0.2180295062575629
30565,0.2067822083027974
30566,0.2133854477601158
30567,0.2107159210294468
30568,0.2146153922025042
30569,0.2075103036162039
30570,0.2060890683904383
30571,0.2075367344265971
30572,0.2098409053872751
30573,0.2066721829861582
30574,0.2093658847005033
30575,0.2136959025566031
30576,0.2156382148126873
30577,0.2101312729613605
30578,0.2081168693300639
30579,0.209963146121351
30580,0.2119850012996225
30581,0.2056185236671858
30582,0.2033710788313965
30583,0.2030770465715242
30584,0.2059945906403688
30585,0.2048878406026428
30586,0.2049711183262043
30587,0.2017046997135133
30588,0.2088292242791206
30589,0.2079048329918787
30590,0.2104985237613803
30591,0.205490472723131
30592,0.2056682349064347
30593,0.2131429063200419
30594,0.2079962825078548
30595,0.2086456569181109
30596,0.2076283196346377
30597,0.2050939300015412
30598,0.211921672314019
30599,0.2056934270335258
30600,0.210333610334153
30601,0.2080230341896711
30602,0.213506336206587
30603,0.213566658025484
30604,0.2165408808226303
30605,0.2186980609501944
30606,0.2225903746150519
30607,0.2122390544685269
30608,0.2094193989204071
30609,0.2108478370783919
30610,0.2147765503746425
30611,0.2137493574389503
30612,0.21812396027264
30613,0.2096826490727181
30614,0.2096899343484091
30615,0.2040267211266634
30616,0.2057832323973155
30617,0.2101085558312806
30618,0.2102910049391599
30619,0.2117598331805906
30620,0.2080188763740546
30621,0.2182291197778555
30622,0.2230520057065772
30623,0.2194090045278877
30624,0.2119893366741853
30625,0.1978332722382566
30626,0.2086168831504192
30627,0.200154250362545
30628,0.2010051797621464
30629,0.2096628721912976
30630,0.2080149502029607
30631,0.2049367830463987
30632,0.2008342589720063
30633,0.2104699216037822
30634,0.2111541084065528
30635,0.2023963468183736
30636,0.2109545253209025
30637,0.209693634204449
30638,0.203577221644696
30639,0.2087126603621039
30640,0.2056631901928295
30641,0.211825806154537
30642,0.2107732984373281
30643,0.2112355073336538
30644,0.2157676186852695
30645,0.2111116697913716
30646,0.2122814055997324
30647,0.1961112012667456
30648,0.2029191134149514
30649,0.2194104187959211
30650,0.2121989477420317
30651,0.2187880317096207
30652,0.2036177709994346
30653,0.2082532448918187
30654,0.2094395834938965
30655,0.2007150149294178
30656,0.2041307562941109
30657,0.2061286944482576
30658,0.2032678039405676
30659,0.2031133593353813
30660,0.2042983419624203
30661,0.2105990807328102
30662,0.2066441607773795
30663,0.2091716063646297
30664,0.2036712045380468
30665,0.2085385081466566
30666,0.2055392911312228
30667,0.2048041539970209
30668,0.202310161202263
30669,0.2081548380917787
30670,0.2032229432448148
30671,0.2013107318234059
30672,0.2044176659010018
30673,0.1984167832256344
30674,0.2028946173250182
30675,0.2130158105120192
30676,0.2102883349706784
30677,0.2148411650861396
30678,0.2096407729389705
30679,0.2120569323835011
30680,0.2091397169712702
30681,0.2159467726131226
30682,0.2234761017059094
30683,0.209145459782171
30684,0.2079520260373008
30685,0.2083080878942048
30686,0.2111167258961728
30687,0.2131370255344333
30688,0.1988984703172794
30689,0.2090905955585552
30690,0.2094847860378834
30691,0.2047686512151299
30692,0.1992384358189722
30693,0.196089880965236
30694,0.2026183064135333
30695,0.2072103275400651
30696,0.1975815007686928
30697,0.2087719975401886
30698,0.2151821462870116
30699,0.2113689825403384
30700,0.2092380406923195
30701,0.2106155991810817
30702,0.2159313787923013
30703,0.2082051900239582
30704,0.2060026845248899
30705,0.2113975908742555
30706,0.2051434096438041
30707,0.2036303053455833
30708,0.2018311603138594
30709,0.2010892734077405
30710,0.2036453999259971
30711,0.2032985623219581
30712,0.2110745105881551
30713,0.2030436617645689
30714,0.2098564981949326
30715,0.2056504384702631
30716,0.2069731381432779
30717,0.2119613530304304
30718,0.2056186681055675
30719,0.2100327466743869
30720,0.2090039508599028
30721,0.2087122676778233
30722,0.2110527428550482
30723,0.2072223358055777
30724,0.2016057371639668
30725,0.2146065285489625
30726,0.2089826767643308
30727,0.2044814999569237
30728,0.214804201865954
30729,0.2037289758273831
30730,0.2130600074016077
30731,0.2085891461773392
30732,0.2162578137865876
30733,0.2065920710842619
30734,0.2047320042089336
30735,0.212674805950975
30736,0.2163639346822451
30737,0.2090469680507881
30738,0.215067539556204
30739,0.213016651768178
30740,0.2054983725149411
30741,0.2024948560361387
30742,0.2068598980529537
30743,0.2133877679997297
30744,0.2142635326058797
30745,0.2053814246825238
30746,0.2035186013427578
30747,0.2113321394895909
30748,0.2158291294747777
30749,0.2102513731421499
30750,0.2102397060804876
30751,0.2062021098049383
30752,0.2002331937072747
30753,0.2092125581813446
30754,0.2054354101092018
30755,0.2080459301077242
30756,0.2044774296964795
30757,0.2116776185015104
30758,0.2113852190942385
30759,0.2098481414823225
30760,0.2120860481263247
30761,0.2041329041848982
30762,0.2107250643069617
30763,0.214936522617812
30764,0.2147444314117708
30765,0.2099828500355734
30766,0.2042773044673937
30767,0.2119456013335951
30768,0.2008370624104422
30769,0.2049116185731448
30770,0.2088107826515931
30771,0.2083828722993506
30772,0.2063030261118648
30773,0.2050433998310377
30774,0.2080626189931728
30775,0.2077486629102064
30776,0.21050019801695
30777,0.205439984209612
30778,0.2140379893704795
30779,0.2080166047136931
30780,0.2162775205338802
30781,0.2085038908847602
30782,0.2025793181611313
30783,0.2082711538815997
30784,0.2073068374996206
30785,0.2011756244631592
30786,0.198212717518822
30787,0.2126743324744755
30788,0.2038970079895796
30789,0.2024216629813658
30790,0.2008589110484011
30791,0.2150468388271429
30792,0.2124353009160938
30793,0.2118371785030516
30794,0.2134209840163726
30795,0.2114370870319039
30796,0.2012328773436507
30797,0.2009973406527373
30798,0.2110844071569902
30799,0.2099801865184551
30800,0.204860272880934
30801,0.2123038909153288
30802,0.2083869225217071
30803,0.2101019387884191
30804,0.2165215421230288
30805,0.2100866042070837
30806,0.2084222226604265
30807,0.2122647063076523
30808,0.2105900331905243
30809,0.2103479714212588
30810,0.2079971971817487
30811,0.2000530732661039
30812,0.2053000917391921
30813,0.2058428386821738
30814,0.2138628589023641
30815,0.2054248352616111
30816,0.2069309050580835
30817,0.2130122951677624
30818,0.2083605921976512
30819,0.2060840237986294
30820,0.2048941512074428
30821,0.1978754941227342
30822,0.2072551284802815
30823,0.2138841648231946
30824,0.2079196665297719
30825,0.2092106890536279
30826,0.2028867341931412
30827,0.2135997841570997
30828,0.203549301963805
30829,0.2128371633986663
30830,0.206476404762658
30831,0.2049017036242241
30832,0.201527706402289
30833,0.205441564282181
30834,0.2039351040093704
30835,0.2110092333233315
30836,0.1997165474134807
30837,0.2104745469261852
30838,0.207230999384837
30839,0.2022493768863877
30840,0.2104768743027057
30841,0.2083215269409321
30842,0.2031605875166161
30843,0.2027016986051532
30844,0.2024345190756517
30845,0.2084624848772092
30846,0.207715566782397
30847,0.2183244189095777
30848,0.2087508687603263
30849,0.2160204716565387
30850,0.2028682267684945
30851,0.200753218320656
30852,0.2096245600631323
30853,0.2083996841308717
30854,0.2093534523932653
30855,0.2122741162211401
30856,0.2127106345418004
30857,0.2123662036691232
30858,0.2089547403404897
30859,0.2038230770923303
30860,0.2105654816248997
30861,0.2072327857195763
30862,0.207048673395463
30863,0.2093391339780975
30864,0.2034662602960718
30865,0.2035725668773551
30866,0.208881985602053
30867,0.2063880645705651
30868,0.2016870403996841
30869,0.2046886915619671
30870,0.2082145869037435
30871,0.2106011214488136
30872,0.2123805304755416
30873,0.205247073300551
30874,0.2076081336516989
30875,0.200794817383009
30876,0.2048697402089604
30877,0.2108082424052731
30878,0.2011684709574204
30879,0.2047444746760006
30880,0.2058999386155063
30881,0.201131650253565
30882,0.2146419369811528
30883,0.2069275645071131
30884,0.2096555367622234
30885,0.2082301514961367
30886,0.2190648423047713
30887,0.2080923356859308
30888,0.2077792203565178
30889,0.2044554673546779
30890,0.2050842875583428
30891,0.2118348986062918
30892,0.2018397350214372
30893,0.2002282447950563
30894,0.1992675055830127
30895,0.2014572975438409
30896,0.2151383877811672
30897,0.2114826955428927
30898,0.2106251456313335
30899,0.2002030375485474
30900,0.2054276956432101
30901,0.2011770018959771
30902,0.2032508732081246
30903,0.2006919213356492
30904,0.2034452014983367
30905,0.1983017493314828
30906,0.2059988437595737
30907,0.2051928179895806
30908,0.2082283756621341
30909,0.2157443854520991
30910,0.2124127118250527
30911,0.2037547064364537
30912,0.2072577575184833
30913,0.206570907233948
30914,0.2108172647938589
30915,0.2077321550389002
30916,0.2086112233890058
30917,0.20720520814433
30918,0.2111080592623562
30919,0.2029971823546723
30920,0.2068610305671098
30921,0.2104077249202477
30922,0.1954322073222031
30923,0.2094756923637942
30924,0.2089772928458492
30925,0.2078063410897306
30926,0.2094419079664842
30927,0.2068061315431641
30928,0.208682815133134
30929,0.214012866511852
30930,0.2082426376544756
30931,0.2110024399452328
30932,0.1994078795720185
30933,0.2058676712972274
30934,0.2054958767105031
30935,0.2083999805194282
30936,0.2079766852633785
30937,0.1985421302382163
30938,0.2032807043269644
30939,0.2052128895947219
30940,0.2052431500475781
30941,0.2071222686131675
30942,0.2095498019988665
30943,0.1997247623061628
30944,0.2067452522322389
30945,0.2059521794935633
30946,0.2112936711225556
30947,0.2010533483813798
30948,0.2049984004604367
30949,0.2040434799157318
30950,0.2049332018046786
30951,0.1948877182129367
30952,0.19952810200603
30953,0.2032935629038073
30954,0.2061562158764953
30955,0.1995269817833188
30956,0.2089204304574183
30957,0.2065787524461786
30958,0.2017636901794672
30959,0.2013867454537859
30960,0.2092712723806922
30961,0.2050247469080366
30962,0.2013670720778265
30963,0.2077169742353851
30964,0.1931066954511436
30965,0.2081754788290674
30966,0.2023764827052801
30967,0.201150600647239
30968,0.2083291091019115
30969,0.2070496128312532
30970,0.2075134174140491
30971,0.215686654160639
30972,0.206099715718188
30973,0.2146105225863957
30974,0.206609439708843
30975,0.2063860152353962
30976,0.209425668119691
30977,0.2133138596597033
30978,0.2036447502879421
30979,0.1990044405414271
30980,0.2028437467200397
30981,0.1980968558610659
30982,0.1992756914898669
30983,0.2043653699417397
30984,0.2019251434203102
30985,0.203433408752262
30986,0.2133373526941273
30987,0.2097228647046317
30988,0.2040413891177708
30989,0.1997743430765618
30990,0.2064294847602531
30991,0.2050335360218155
30992,0.2064724788949896
30993,0.2041952504907827
30994,0.2078234738702777
30995,0.2055901050331319
30996,0.2037550063793888
30997,0.211741547833357
30998,0.2126088368194596
30999,0.2036703716441451
31000,0.211741462170021
31001,0.2042582959812489
31002,0.2057778327391412
31003,0.2067471503332758
31004,0.2068392356913305
31005,0.2033965884018918
31006,0.2087989424801861
31007,0.2101577108611075
31008,0.2095531775741127
31009,0.2086988638719423
31010,0.2022687044380839
31011,0.2006205078859563
31012,0.2045590708590303
31013,0.2091195433303393
31014,0.2108126736061803
31015,0.2040978524855903
31016,0.2131928968687589
31017,0.2109992620583039
31018,0.2146278737045097
31019,0.2183981709667493
31020,0.2079087653152951
31021,0.2126757890578053
31022,0.2077412504444342
31023,0.2122567145228581
31024,0.2077692378523892
31025,0.2068794248409509
31026,0.2167941009210231
31027,0.2130466546222106
31028,0.2057911275350423
31029,0.1959161639985132
31030,0.2060484173821813
31031,0.1955485174021074
31032,0.1981065792428508
31033,0.2089016496962689
31034,0.2038509728013759
31035,0.2054436006347144
31036,0.2116768841312266
31037,0.1958207619222874
31038,0.2006843688885953
31039,0.2049773806562076
31040,0.1983110192562177
31041,0.2082813142184597
31042,0.2082392329187032
31043,0.2092662746730178
31044,0.2124600652711234
31045,0.2106509413412242
31046,0.2056529321110264
31047,0.205754508300989
31048,0.2087241031468191
31049,0.2041243015428124
31050,0.2125531807494033
31051,0.2034607114500352
31052,0.2052842595177662
31053,0.2069130037883195
31054,0.2003965496434686
31055,0.2094299726180706
31056,0.2006374577220751
31057,0.2020653532698511
31058,0.2095187097338851
31059,0.2033173716890654
31060,0.2038017454534717
31061,0.2058638942201839
31062,0.2090077094459766
31063,0.201486605670194
31064,0.2119963454197581
31065,0.2046631000148449
31066,0.1944767458000976
31067,0.2063759026009826
31068,0.2089387756076775
31069,0.2033020579280646
31070,0.2136111040533486
31071,0.2107359937460936
31072,0.2080453474136737
31073,0.2017097138101954
31074,0.204005317420739
31075,0.2093828167611675
31076,0.2006104568096658
31077,0.2025506876860617
31078,0.2105659569696718
31079,0.201755564073016
31080,0.2102766234391237
31081,0.2076900944575274
31082,0.2179001367106427
31083,0.2002691717054242
31084,0.200848811126164
31085,0.2088934067241643
31086,0.2017914174883567
31087,0.198102348457113
31088,0.2120095952198394
31089,0.2006018894173491
31090,0.2080410676641446
31091,0.2081834808594658
31092,0.2088863446419067
31093,0.2053933828885331
31094,0.2095761495546966
31095,0.2020757734661817
31096,0.2080488558524978
31097,0.2094358638547273
31098,0.2092314013356081
31099,0.2034021513165508
31100,0.2060687437446249
31101,0.2106552024442439
31102,0.2053234564127924
31103,0.2097116858670742
31104,0.2041066375137327
31105,0.2046282026304987
31106,0.2096443415484531
31107,0.2110599849941547
31108,0.2135649800538371
31109,0.2094990762842863
31110,0.2078990218105302
31111,0.2129928927129459
31112,0.2165932593641061
31113,0.2036166937806308
31114,0.2035269710209314
31115,0.1985306581117597
31116,0.2066220522878174
31117,0.2067576649628174
31118,0.2110220493311731
31119,0.2089607623270904
31120,0.2053991984183249
31121,0.2043223731664682
31122,0.2118530744100812
31123,0.2088975308589699
31124,0.2059766530278978
31125,0.20528852197472
31126,0.2079289562212705
31127,0.2088041035417738
31128,0.2127874222165335
31129,0.2077946159366369
31130,0.2080970734953698
31131,0.2126100728622257
31132,0.2053661084245375
31133,0.2093020822199469
31134,0.2095351296670416
31135,0.2040462888417557
31136,0.2071964505195096
31137,0.2082962170320507
31138,0.2053201758558049
31139,0.2130226831549031
31140,0.2185359158878535
31141,0.2056546234361954
31142,0.2109513282257134
31143,0.2099667663306069
31144,0.2057102435404339
31145,0.2048566735432759
31146,0.2082085142015153
31147,0.2092746608443804
31148,0.2107225954623845
31149,0.2049902812887916
31150,0.2102257276671739
31151,0.2047374995846938
31152,0.2076899596330131
31153,0.2066782068958778
31154,0.1987375185954279
31155,0.2057607232328633
31156,0.205928782402522
31157,0.2048189515934454
31158,0.2073966140349325
31159,0.2111472481626965
31160,0.2091608673402506
31161,0.2113559780413925
31162,0.209706822186303
31163,0.2096596722214192
31164,0.2093595746854775
31165,0.2082759643865982
31166,0.2049623778051806
31167,0.2087528353183803
31168,0.204010765816191
31169,0.206903611120147
31170,0.2000247636306607
31171,0.2097582183975573
31172,0.2043353909341572
31173,0.2106320831341555
31174,0.2122095887096205
31175,0.2097626371514531
31176,0.2075252181407406
31177,0.2082649807268117
31178,0.2078144704867724
31179,0.2076594448682431
31180,0.2149720397800213
31181,0.1998536907396511
31182,0.2071255779961998
31183,0.2143971115515008
31184,0.2036989051200214
31185,0.2068300002443083
31186,0.2097837859503754
31187,0.2111908860466719
31188,0.2077912945504813
31189,0.2069645007142515
31190,0.2028785683252629
31191,0.2011105534151067
31192,0.2159708299932357
31193,0.209451317535025
31194,0.2087244091889267
31195,0.210410475743896
31196,0.215250761021228
31197,0.2066219640539104
31198,0.1979599180816394
31199,0.2105673564724839
31200,0.2151781637249144
31201,0.209135133320645
31202,0.2115295228863851
31203,0.2095611136450979
31204,0.2059716901052718
31205,0.20792617475582
31206,0.2157709639704015
31207,0.2020506679141048
31208,0.2022623875294057
31209,0.2180622377198179
31210,0.2096371554030748
31211,0.2151813934547368
31212,0.1988724748258303
31213,0.2017754691483441
31214,0.2030046588924163
31215,0.2076013626060719
31216,0.207728453669552
31217,0.2006075794458884
31218,0.1990191901423518
31219,0.2064122803644869
31220,0.2028195080150515
31221,0.2060846735434508
31222,0.2052821936997183
31223,0.2012182960612007
31224,0.2118845910994684
31225,0.2099556991866505
31226,0.2137140009892615
31227,0.2086234368828703
31228,0.2127999561852322
31229,0.208887792956307
31230,0.2061584199813639
31231,0.2020765894320651
31232,0.2056510679438485
31233,0.2025225700378619
31234,0.2040845537355575
31235,0.1997941467351985
31236,0.2063048154341538
31237,0.2043082221087987
31238,0.2116638258599036
31239,0.2051488697635233
31240,0.2110726001863991
31241,0.2133585820815691
31242,0.2049823959111176
31243,0.2007336959437799
31244,0.2066951937074148
31245,0.2019523932971542
31246,0.2131341027811384
31247,0.2035946666806583
31248,0.2049420248584409
31249,0.2166286913684091
31250,0.2055403406007437
31251,0.2087515630600426
31252,0.2086486017353126
31253,0.2115873091224671
31254,0.213128148309501
31255,0.2020310833544034
31256,0.21231408267141
31257,0.2204604257995834
31258,0.2084160328835452
31259,0.214647996647407
31260,0.206152476040805
31261,0.2126843189107767
31262,0.2063497744713845
31263,0.2120593777864657
31264,0.2075119225908733
31265,0.2075438413848044
31266,0.2066334943331713
31267,0.2067242974277522
31268,0.2074622046639143
31269,0.2094828255603954
31270,0.2049313007759511
31271,0.200835262973803
31272,0.2082553310630489
31273,0.2073879283738408
31274,0.2107809344026651
31275,0.2017311901179324
31276,0.2031568786334942
31277,0.2058197371167837
31278,0.2027468223516752
31279,0.2078843847615632
31280,0.2047522794206604
31281,0.2114844951740167
31282,0.2005807748499666
31283,0.211501458704271
31284,0.2107335747200911
31285,0.207083749351162
31286,0.2153431490838411
31287,0.2149386402302904
31288,0.2119992256725087
31289,0.2070975215466298
31290,0.2013431806059622
31291,0.1984979537564274
31292,0.2020635911543224
31293,0.2036577461445643
31294,0.2054653213822
31295,0.2039942533785579
31296,0.2101805492133028
31297,0.2048653020252009
31298,0.2122959669362791
31299,0.206058722403432
31300,0.2048095761745322
31301,0.2099778558970578
31302,0.2141488259455198
31303,0.2105231336148509
31304,0.2075519348168764
31305,0.2160094258308213
31306,0.2139322993873068
31307,0.2161055496378201
31308,0.2080424066629592
31309,0.201423055779033
31310,0.2016657013617772
31311,0.2014651946069089
31312,0.2058271790146497
31313,0.2131120681905924
31314,0.2000154006474923
31315,0.2009040546394489
31316,0.2080792978156257
31317,0.2001018022994075
31318,0.1986379719476973
31319,0.1996105725182123
31320,0.1922134665262237
31321,0.1963670353776588
31322,0.210170747896753
31323,0.2138016696065904
31324,0.2060128647540122
31325,0.2017309541044926
31326,0.200513813215524
31327,0.2086355466092364
31328,0.2078592391042573
31329,0.2012483661589243
31330,0.2087596748650684
31331,0.2120103076828192
31332,0.2089285106596643
31333,0.2098597758360495
31334,0.2090756914157127
31335,0.2131934751355048
31336,0.2127416777233927
31337,0.2093116829199919
31338,0.2025434079593212
31339,0.2141589765106276
31340,0.2188851461538168
31341,0.206958182963912
31342,0.2076424618985394
31343,0.2098374247919868
31344,0.211944520723077
31345,0.2064152499760553
31346,0.2040655660272777
31347,0.2097622489956589
31348,0.2098474322362648
31349,0.1986901663958585
31350,0.2145357775328197
31351,0.2098620248683937
31352,0.2127228590251442
31353,0.2037425451410995
31354,0.2021521936648072
31355,0.2027884905524273
31356,0.2064162904583811
31357,0.2073047766964061
31358,0.2027924783956818
31359,0.1981860358464236
31360,0.2076818435126856
31361,0.2108743063180811
31362,0.2045883813332459
31363,0.208311086849792
31364,0.207507449052024
31365,0.2040054269074444
31366,0.2054755309385781
31367,0.2060665178518728
31368,0.2141907350912864
31369,0.2068008625645621
31370,0.2058827149233229
31371,0.1995536272892095
31372,0.2072051316372481
31373,0.1996882793416053
31374,0.200896270528309
31375,0.2035680861174156
31376,0.20560097503401
31377,0.1996374086944084
31378,0.1987894699981482
31379,0.2073081985795445
31380,0.1978098786720492
31381,0.1976227137273234
31382,0.2026105777808551
31383,0.2050243374911361
31384,0.1970479918093141
31385,0.2056107962803789
31386,0.1973343830004912
31387,0.1968815895580351
31388,0.204195869554543
31389,0.1970911621833088
31390,0.1970193538885812
31391,0.198968925150719
31392,0.2036159436963094
31393,0.2080768537927848
31394,0.1976502033008091
31395,0.2000711551854547
31396,0.2059466071825456
31397,0.2026309539399732
31398,0.2069594277276338
31399,0.2050134941321575
31400,0.201812891637809
31401,0.1978671276311545
31402,0.2047098530657872
31403,0.2051976174151767
31404,0.2057600080447256
31405,0.2060427440957
31406,0.1988276612197989
31407,0.2016792733573639
31408,0.2065748591901603
31409,0.2101408357221465
31410,0.2002045104831781
31411,0.2062180310983419
31412,0.1996061854497112
31413,0.2032081019559094
31414,0.2141858976339837
31415,0.2034145301545327
31416,0.2015301464010019
31417,0.1990342035862619
31418,0.2030286509970939
31419,0.2001881257407887
31420,0.2035315877209639
31421,0.2052073381585206
31422,0.2119267853624443
31423,0.2038373655859096
31424,0.1999992932064458
31425,0.2029384680173767
31426,0.2004839255115503
31427,0.2014399949927629
31428,0.2000955783559108
31429,0.2009437907357542
31430,0.2017253469267602
31431,0.2034872321879784
31432,0.2083828493615968
31433,0.2067536140718102
31434,0.2116650790529806
31435,0.2084224264437145
31436,0.2080270334073389
31437,0.2027336418438616
31438,0.2081596502404615
31439,0.2066003746242738
31440,0.2074502258770251
31441,0.2022633189676872
31442,0.2077739771510933
31443,0.204782803233898
31444,0.2105714159235476
31445,0.2108838413962591
31446,0.1995275876024611
31447,0.2031197895582892
31448,0.1989424564866735
31449,0.2027952108155371
31450,0.2038945405977756
31451,0.2019171174310993
31452,0.20776569448867
31453,0.2042948827836866
31454,0.2061280939891016
31455,0.1979334217716904
31456,0.2012009030962596
31457,0.1943935813831244
31458,0.2035582642021154
31459,0.2021261992962386
31460,0.1960670188854054
31461,0.2020229190674012
31462,0.1998507223672257
31463,0.2023221359356726
31464,0.1960863479274372
31465,0.2093671148837594
31466,0.2085130110871638
31467,0.2070664135914689
31468,0.2087297245256103
31469,0.2080649091535254
31470,0.2054423157740749
31471,0.1969590633940931
31472,0.1977434366949838
31473,0.2079073083389586
31474,0.205794099410817
31475,0.2065804890558837
31476,0.2086052976420556
31477,0.2169563271068772
31478,0.2067919766445153
31479,0.208326178886115
31480,0.2082371856761873
31481,0.2104709681277558
31482,0.2043003784849774
31483,0.2083027037642712
31484,0.2008671740735362
31485,0.2047216027441626
31486,0.2087991900217533
31487,0.2141546592421755
31488,0.2074135756812648
31489,0.2058851186025571
31490,0.208878611092828
31491,0.2043533717019783
31492,0.1985835870230006
31493,0.2033364610315309
31494,0.2082202249362628
31495,0.2061728461822323
31496,0.2041539842385616
31497,0.1982676404842722
31498,0.1952944516769055
31499,0.1977036693194389
31500,0.1987435775724632
31501,0.2020474310209624
31502,0.1996030092824544
31503,0.2085235973554478
31504,0.2039300729566309
31505,0.205770551710089
31506,0.2111636076505142
31507,0.1975033057345719
31508,0.2015937029511989
31509,0.2020765630887397
31510,0.2020610081554444
31511,0.2051987859338724
31512,0.2023763492064419
31513,0.2042426715109515
31514,0.2004143525933612
31515,0.2029950259818377
31516,0.2049582702039036
31517,0.1971154738882188
31518,0.2019580302160769
31519,0.1991492689912551
31520,0.2017776839000009
31521,0.2000895859455014
31522,0.1993853518974131
31523,0.2067442519397981
31524,0.197938862896229
31525,0.1974081211521063
31526,0.1969851000243864
31527,0.2043459904731142
31528,0.2011298900702225
31529,0.2007886825783421
31530,0.2027918693448781
31531,0.2016364523808151
31532,0.1994491964101386
31533,0.212365670898834
31534,0.2038319483495471
31535,0.2042830218789059
31536,0.2017099561474553
31537,0.1992712801255752
31538,0.201775666444547
31539,0.205518145769889
31540,0.2010304467932557
31541,0.2020051326106645
31542,0.2068182780169274
31543,0.1990869512430116
31544,0.2072387941837847
31545,0.1955854147195864
31546,0.2014202643523987
31547,0.202674890653784
31548,0.2046779314632102
31549,0.2019002327970575
31550,0.1969368734495901
31551,0.2059308023885801
31552,0.204682371970422
31553,0.1962104389327681
31554,0.1940219469672321
31555,0.1964339008262484
31556,0.2021428521645156
31557,0.2090347422324809
31558,0.1949761234982999
31559,0.1985820095797506
31560,0.2005293583026692
31561,0.201970050468921
31562,0.2065507772386141
31563,0.1989044125389528
31564,0.2026419869000898
31565,0.2000093152072178
31566,0.2054721594362362
31567,0.2047591654223935
31568,0.2035323822144503
31569,0.2060027180189473
31570,0.2003255514944575
31571,0.1929711054604161
31572,0.2002105866839379
31573,0.1947614721584456
31574,0.1910396586317697
31575,0.2043166899099639
31576,0.201472944850514
31577,0.1984813193726786
31578,0.2008860597694622
31579,0.2089622230057628
31580,0.2008515419295675
31581,0.2026649561451418
31582,0.1985790451544706
31583,0.1999803296711136
31584,0.1954707134204547
31585,0.2027566860362301
31586,0.2092479854879121
31587,0.2015175275190993
31588,0.195969411476913
31589,0.1995672446539216
31590,0.2072475553202591
31591,0.201411511584853
31592,0.2024410247657367
31593,0.2008058541663553
31594,0.2009943464498099
31595,0.2036750707255302
31596,0.1953651167076364
31597,0.2013431691207441
31598,0.2041010349612913
31599,0.2047913187206713
31600,0.2091741608604952
31601,0.2059734008068809
31602,0.2093355947212076
31603,0.2062844723044159
31604,0.2101139795180957
31605,0.2052094543945836
31606,0.2046455941939729
31607,0.2159843227586194
31608,0.1978482082989748
31609,0.2053026044551123
31610,0.2102673649036543
31611,0.2083261879775128
31612,0.2026390032829577
31613,0.2024126131142919
31614,0.2045420465840129
31615,0.1985593127218437
31616,0.202487892864232
31617,0.1962138620409131
31618,0.1970129954949044
31619,0.2005495422708402
31620,0.2008320128582718
31621,0.2067380760835812
31622,0.1990941668709224
31623,0.2016955999245534
31624,0.2022027631906391
31625,0.2077462089660225
31626,0.1979202869769063
31627,0.2052879982784266
31628,0.2020544738481066
31629,0.2016184022355577
31630,0.1995571281712673
31631,0.2030295285655733
31632,0.2081616453843574
31633,0.205246502361705
31634,0.2000610096012607
31635,0.2123835756858692
31636,0.2034639111168653
31637,0.2034845327736319
31638,0.2056897761331012
31639,0.2040238130622857
31640,0.2012143858564563
31641,0.2008921724191379
31642,0.1957242630132868
31643,0.2061806072857804
31644,0.2010880967750193
31645,0.2016696894771855
31646,0.2073973215517164
31647,0.2059423321026936
31648,0.2077320771831868
31649,0.1984322920505277
31650,0.2009751811365795
31651,0.20678862717984
31652,0.2054007614365943
31653,0.2027750563988987
31654,0.1969238511463409
31655,0.2056934692474256
31656,0.2060518725771294
31657,0.2112086572712106
31658,0.2035276273663344
31659,0.2081260290148887
31660,0.2028873078932763
31661,0.2052871652359929
31662,0.1993470809532405
31663,0.2119730374121591
31664,0.2010509293565147
31665,0.2011409324118313
31666,0.2002359255648734
31667,0.1927686661572757
31668,0.2033825539903978
31669,0.1980682410285648
31670,0.2025502156679113
31671,0.2169298988724235
31672,0.2045301582499926
31673,0.2054567118364903
31674,0.1985260691247233
31675,0.2014469896174839
31676,0.204535346269406
31677,0.1966085059638211
31678,0.1970025727730649
31679,0.1973122282096609
31680,0.2048033542333277
31681,0.200542737159187
31682,0.1965206324846371
31683,0.1973019052017686
31684,0.195091085748633
31685,0.1935585209287387
31686,0.1935016072230516
31687,0.2021775691664163
31688,0.1951733910297337
31689,0.1974702724930548
31690,0.2043113712021605
31691,0.1968373839271361
31692,0.2024591800589958
31693,0.1982840945325654
31694,0.1921072573876188
31695,0.1990784546578934
31696,0.1997064899457059
31697,0.1984352426288394
31698,0.2024651238747039
31699,0.209188001083338
31700,0.2081207442972404
31701,0.2019949415762628
31702,0.2024251946884918
31703,0.2000411718271927
31704,0.2011572488651031
31705,0.2033660275496757
31706,0.1977965713387699
31707,0.1952709171937185
31708,0.1962617751267617
31709,0.2020790021480631
31710,0.1979126675705238
31711,0.1965431428784838
31712,0.2062972304853932
31713,0.1935760837293809
31714,0.1994080813877476
31715,0.1995181203331716
31716,0.210432898684689
31717,0.2028427136616875
31718,0.199718252485871
31719,0.202467772933435
31720,0.2038837153541553
31721,0.2014837302969714
31722,0.1998130791345033
31723,0.2045134996731948
31724,0.1963746609378748
31725,0.202469191697728
31726,0.198591212967159
31727,0.1993703653133675
31728,0.1999238419567367
31729,0.2036555329973093
31730,0.2004426166818169
31731,0.2025385638413861
31732,0.208507094400968
31733,0.2072388080670512
31734,0.2063020553155665
31735,0.1984364233276819
31736,0.2021676536072509
31737,0.1997251750029698
31738,0.2128185328412719
31739,0.2045904527004275
31740,0.2055735642317746
31741,0.1978671877269383
31742,0.1996250067497577
31743,0.2028770648752872
31744,0.2044982610268537
31745,0.2069465286710771
31746,0.199821682861926
31747,0.1977216556701987
31748,0.2026533696126992
31749,0.1976196116816347
31750,0.2024266681173463
31751,0.1998872666101865
31752,0.2032693508506124
31753,0.201624823247579
31754,0.2076596715341073
31755,0.1973298481771626
31756,0.2014096966325055
31757,0.2077892757645607
31758,0.2034522095613843
31759,0.2053890868370741
31760,0.2039987774106288
31761,0.2032641423402161
31762,0.2033350441748069
31763,0.1950069706535125
31764,0.2023986808602218
31765,0.2068182142256865
31766,0.1961254429633698
31767,0.2050360414085913
31768,0.1954972086890582
31769,0.1992093564969918
31770,0.2020188225977177
31771,0.2024831449431404
31772,0.2073730003937905
31773,0.1976848231941962
31774,0.1990757697157687
31775,0.2002529984956632
31776,0.2037223984289128
31777,0.2123259213011586
31778,0.2017443173342597
31779,0.1969462455467924
31780,0.1952364298787425
31781,0.1958778556531628
31782,0.2089203876639485
31783,0.2046648213467555
31784,0.2033683337388325
31785,0.2000124506475769
31786,0.2037388152753527
31787,0.2040447406853384
31788,0.2046097778421176
31789,0.1984102312936933
31790,0.203084373780223
31791,0.2042076372793635
31792,0.1942803880255497
31793,0.1950681586169314
31794,0.2011966722003431
31795,0.1885453912742792
31796,0.1964378810067818
31797,0.195848658024152
31798,0.2105770703316078
31799,0.203232756720224
31800,0.2088355386098539
31801,0.1983618860327429
31802,0.1970797795511278
31803,0.1988652580112152
31804,0.201687476529322
31805,0.1985807536399862
31806,0.1980801068761382
31807,0.1986837732176426
31808,0.2002307868718955
31809,0.203724772391779
31810,0.1971732641229742
31811,0.1981742431236917
31812,0.1976084143425659
31813,0.2002232970002425
31814,0.2068246389462632
31815,0.198856697541702
31816,0.1951976261975238
31817,0.1914365086590362
31818,0.2016251044012607
31819,0.1925750012798827
31820,0.2063202463606571
31821,0.2095376411481872
31822,0.2055441309682762
31823,0.1991283887260407
31824,0.2033062357291852
31825,0.2040561320467209
31826,0.2056790087952529
31827,0.2036532266603922
31828,0.193590905942707
31829,0.2041406269480154
31830,0.1982142539842448
31831,0.2048777082551671
31832,0.2153745528987745
31833,0.2075371146789538
31834,0.2028123383221228
31835,0.2087288121654921
31836,0.1976257948490167
31837,0.2028007483690452
31838,0.2035621926296379
31839,0.2041969800684536
31840,0.2053320143885651
31841,0.1987278387866364
31842,0.1970027122073359
31843,0.197796451920876
31844,0.2056976161071988
31845,0.2021574331443415
31846,0.1961788305400632
31847,0.2071609970619397
31848,0.1996243735761174
31849,0.2027078033968061
31850,0.2021289388261303
31851,0.1921694614207216
31852,0.2062693928925226
31853,0.2077582406906931
31854,0.2048450290341674
31855,0.1995712542512843
31856,0.2044485600531877
31857,0.1933819472905287
31858,0.2015209075466785
31859,0.2047173741127444
31860,0.202986087715159
31861,0.1927430417859085
31862,0.2038011647243551
31863,0.2002673714326293
31864,0.2056078406508497
31865,0.2059332068357295
31866,0.2076875361650189
31867,0.2074327802946136
31868,0.2094823916240783
31869,0.1936259114305779
31870,0.2036237512946324
31871,0.2038912838571869
31872,0.1959145996017528
31873,0.205638216486967
31874,0.2020195094709048
31875,0.2024288405616298
31876,0.2002148746695274
31877,0.1956725661880854
31878,0.2074722586120829
31879,0.2093374288806256
31880,0.2021535865249437
31881,0.2014951888799486
31882,0.2018488972194253
31883,0.2013797112623417
31884,0.1990679358907213
31885,0.2042389022791816
31886,0.2125915129060233
31887,0.1954825887496666
31888,0.1951983154801576
31889,0.2015645862594599
31890,0.197594100974718
31891,0.19914984109442
31892,0.1876807517403586
31893,0.2039399954091979
31894,0.1967573741542104
31895,0.2005935322873999
31896,0.2011101906128898
31897,0.1934841469107729
31898,0.1964570134671135
31899,0.197344635484946
31900,0.2005382454116555
31901,0.2016503757811361
31902,0.1968007984552657
31903,0.2012438153692455
31904,0.1984015113645069
31905,0.2009478766942987
31906,0.1964317303294635
31907,0.1933021339928983
31908,0.1997581545463014
31909,0.2076338421301344
31910,0.2075873744678373
31911,0.199396143177393
31912,0.196802321445608
31913,0.2053293499267749
31914,0.1935711455881741
31915,0.1979579699659632
31916,0.2067284784180824
31917,0.2014205323721057
31918,0.1994909621985566
31919,0.1967426235459569
31920,0.1915120490969883
31921,0.2083881197756123
31922,0.2005300649168636
31923,0.1964844230017659
31924,0.2020218339744498
31925,0.2014706111868235
31926,0.2121337254648183
31927,0.2093986719721105
31928,0.2004188969927584
31929,0.1979711616179435
31930,0.2123884638376568
31931,0.2036472965027686
31932,0.2059366442733697
31933,0.2016871544221901
31934,0.2075509738750639
31935,0.1995842933931359
31936,0.2030529554526593
31937,0.1934574869005312
31938,0.1972049585563322
31939,0.1995716751557092
31940,0.2031740639280227
31941,0.2023964863890226
31942,0.1940875714953683
31943,0.1951740654086995
31944,0.2059196577497297
31945,0.1990010916597402
31946,0.2043225126989597
31947,0.1942528950155819
31948,0.2015611356036594
31949,0.2010512072729698
31950,0.2071995903662198
31951,0.2111179173306239
31952,0.2005097419241562
31953,0.1989220974037931
31954,0.2009918817101068
31955,0.2056027769762717
31956,0.2107221474261162
31957,0.2016512724614833
31958,0.1990309278079252
31959,0.1968572035738881
31960,0.2007431325219671
31961,0.1952030558351959
31962,0.1942359140087814
31963,0.2152607383640271
31964,0.1997966803687333
31965,0.1964108519614405
31966,0.2114400221445452
31967,0.2060668583143484
31968,0.2028459437825811
31969,0.2037828460239735
31970,0.202967709483985
31971,0.1982435365027328
31972,0.1926754287206339
31973,0.1942564700839459
31974,0.2032314347885073
31975,0.1937613100854909
31976,0.2033201689563828
31977,0.2024797874757029
31978,0.2048895876934557
31979,0.2076574507963502
31980,0.2092623025666105
31981,0.2033451308232064
31982,0.2040248253090123
31983,0.2038051274937089
31984,0.2086765457618829
31985,0.1992021564942737
31986,0.1939834221966732
31987,0.2021945063510125
31988,0.2057273591765242
31989,0.1942489568106846
31990,0.1983636535795573
31991,0.1999696516414719
31992,0.2009505582675081
31993,0.2008803544248343
31994,0.2074393835395545
31995,0.2094049367664696
31996,0.2113881601901469
31997,0.2027068492210966
31998,0.1973822352053021
31999,0.2060644191430082
32000,0.2030316273402591
32001,0.1940715070183419
32002,0.1945794723247886
32003,0.2003433055633391
32004,0.2028975189794307
32005,0.1999154639190038
32006,0.2031265428830534
32007,0.1983775555963264
32008,0.2051901783398829
32009,0.2069071628380183
32010,0.2149526459753965
32011,0.2054597280391234
32012,0.1952053094722572
32013,0.2008959011751606
32014,0.1998230936082398
32015,0.2044126329707633
32016,0.2016971034765554
32017,0.2019946806957699
32018,0.2021036105836492
32019,0.1996254409509023
32020,0.1972840107660337
32021,0.1911478425408118
32022,0.1991156223645095
32023,0.199270864315386
32024,0.1963721609158482
32025,0.1999504883903728
32026,0.1905619578125846
32027,0.2053597443957552
32028,0.2030362243151932
32029,0.1969071843979475
32030,0.1964501958335662
32031,0.1952919858460229
32032,0.2002670160887693
32033,0.1970013464678788
32034,0.1985071751285879
32035,0.2064033114316028
32036,0.2054361668877556
32037,0.1969960028521688
32038,0.1921360073755529
32039,0.2055241298781699
32040,0.1993239548393034
32041,0.192855218523095
32042,0.1997610656056901
32043,0.1987144349500016
32044,0.203684609445904
32045,0.1940569350153289
32046,0.1975409852512914
32047,0.1894988606326298
32048,0.1942093506953438
32049,0.1963560794958285
32050,0.198984712531963
32051,0.2004228934596122
32052,0.2096967996201929
32053,0.1952474485386924
32054,0.2031138050249157
32055,0.2002546421676833
32056,0.1932347969127763
32057,0.195796803871751
32058,0.1957415410578721
32059,0.2002521485081333
32060,0.2006631380817987
32061,0.1934658597708323
32062,0.1952105205621727
32063,0.1978843221844533
32064,0.1984730420073529
32065,0.1949553990744141
32066,0.2085808884927094
32067,0.2010419147384329
32068,0.1976181117843606
32069,0.1906487491951415
32070,0.1946160357349499
32071,0.1983922310792304
32072,0.1881279463599336
32073,0.1952087654427635
32074,0.1951032526712066
32075,0.1972577392697636
32076,0.191370264605639
32077,0.1990289239595958
32078,0.1969023224318268
32079,0.2025764185744236
32080,0.2052138078639417
32081,0.1977614195975906
32082,0.1967664198173501
32083,0.1939389556416264
32084,0.1982916974302753
32085,0.1939266196898306
32086,0.1943841373199941
32087,0.1995765489349994
32088,0.1921822759722181
32089,0.193513563494338
32090,0.2069211055176302
32091,0.1940017617216138
32092,0.198937111720587
32093,0.1991841568246536
32094,0.1993784940058595
32095,0.1983426855884464
32096,0.2076490328994817
32097,0.202910005191234
32098,0.195007426639935
32099,0.2021304199676803
32100,0.2052469331569911
32101,0.1993336318341506
32102,0.2038951969354833
32103,0.2016177442367465
32104,0.1990994020164308
32105,0.2082282560754557
32106,0.202298367060091
32107,0.2002216480556487
32108,0.2090031276458692
32109,0.2033734869884175
32110,0.2069719663187765
32111,0.1980409796285253
32112,0.2007657067147031
32113,0.1962894404196385
32114,0.2016196311776483
32115,0.1938807522377182
32116,0.1947826965764603
32117,0.2006090624899821
32118,0.2030490698522523
32119,0.1966955909679389
32120,0.1983562071872837
32121,0.2002148218877799
32122,0.2007891136541983
32123,0.1971514258369391
32124,0.2045073179528152
32125,0.2035358319030797
32126,0.2020131445827627
32127,0.2033225629062852
32128,0.2025686494419266
32129,0.2031757072176444
32130,0.2105648372658814
32131,0.2007540396120123
32132,0.2001940438395263
32133,0.1890565995026975
32134,0.2016351403415248
32135,0.1947362764912452
32136,0.1994323274818012
32137,0.2021424925259625
32138,0.1996806484245571
32139,0.2033427121594497
32140,0.2026562489451525
32141,0.1991466999105211
32142,0.1983904910493926
32143,0.1931551692412407
32144,0.1958535943202919
32145,0.2031292814611686
32146,0.1973966221455318
32147,0.2016631271233399
32148,0.191613201609811
32149,0.1935351276397749
32150,0.1959741462193204
32151,0.1992002836826408
32152,0.1996674487704051
32153,0.1922730667694734
32154,0.1935732115427722
32155,0.1987130928320571
32156,0.1960536398994565
32157,0.1995713986687931
32158,0.2028426366566293
32159,0.2046570274227006
32160,0.1918738979158778
32161,0.1931416230548975
32162,0.1959552065921677
32163,0.2004090841302453
32164,0.1994680663748007
32165,0.2026926361558657
32166,0.2005426616148445
32167,0.1961315559956897
32168,0.2071601379985952
32169,0.2030419395290601
32170,0.1956330648612454
32171,0.1962525957311609
32172,0.1931149341976869
32173,0.2017622005471801
32174,0.2048489760992424
32175,0.2021470119085763
32176,0.2101391603523865
32177,0.1957076100468945
32178,0.2021424888343844
32179,0.199507347148878
32180,0.1997821514314885
32181,0.1970573410918106
32182,0.1951877386514945
32183,0.2025868077655457
32184,0.1936773451836485
32185,0.1975611464969558
32186,0.2007589059529535
32187,0.1991243548967272
32188,0.1934227512317829
32189,0.1975527380701413
32190,0.1903063970004196
32191,0.192208591995106
32192,0.1936461096273977
32193,0.1956722999136689
32194,0.1989239647414503
32195,0.1963279857011743
32196,0.1971827378984416
32197,0.1975285349659349
32198,0.1931574012525942
32199,0.2024073797350301
32200,0.1995973093558965
32201,0.1971745086799569
32202,0.1961217942133688
32203,0.2000614526579377
32204,0.1954865780570341
32205,0.1978719117956461
32206,0.202745028712109
32207,0.1941078772267944
32208,0.2045772551278352
32209,0.2027126922153328
32210,0.1971790860397262
32211,0.1982019012662497
32212,0.2022261885184892
32213,0.1974984856203398
32214,0.1954357971574229
32215,0.1983923849997463
32216,0.1972390277282468
32217,0.2009954121875793
32218,0.2011324098336256
32219,0.1954559446445815
32220,0.1923892472895147
32221,0.2017686652231352
32222,0.1962477333872758
32223,0.2059717741385536
32224,0.2021162050176422
32225,0.2069843164435667
32226,0.2074630385501627
32227,0.2009631666484375
32228,0.2031442833422823
32229,0.1916102851255571
32230,0.1971167051256105
32231,0.1972832141967008
32232,0.1973451676327066
32233,0.2018716114478529
32234,0.195338137558391
32235,0.1954956669420155
32236,0.206644759208271
32237,0.2026798064229007
32238,0.203699624649399
32239,0.2005102243982687
32240,0.206415641947858
32241,0.1964716747149627
32242,0.1951191923064921
32243,0.1964078473744588
32244,0.2015097963311395
32245,0.2023149022438473
32246,0.1950142360347815
32247,0.1942845786350157
32248,0.2079110801837438
32249,0.2077293161727056
32250,0.2017826365510515
32251,0.2053264140452348
32252,0.1997702353061757
32253,0.205098594682731
32254,0.1938953334386265
32255,0.2002707426265587
32256,0.196846804228497
32257,0.2106332288592011
32258,0.2007048409021461
32259,0.206349278817909
32260,0.2067217078033168
32261,0.1994608724414754
32262,0.1967937944228296
32263,0.1984385241404676
32264,0.2021799753687843
32265,0.1968135116384542
32266,0.2000267422936548
32267,0.2065846751900401
32268,0.2052496332830327
32269,0.198391774170162
32270,0.1997556029239496
32271,0.2007027221660517
32272,0.2063846534037041
32273,0.2000269771344681
32274,0.2006214057366436
32275,0.1983771546418228
32276,0.2000169566305505
32277,0.2021171261424776
32278,0.2039044288621914
32279,0.2024446083607448
32280,0.1918719347427879
32281,0.1923777295833266
32282,0.1963385066670324
32283,0.2020512993483519
32284,0.2016187214625078
32285,0.2015433415411659
32286,0.1995756260992495
32287,0.1989063388438221
32288,0.2009420534779539
32289,0.1953704714584165
32290,0.2027468285725663
32291,0.2032596486403417
32292,0.2046566345015635
32293,0.1951152058539675
32294,0.194747648439305
32295,0.1987469373869053
32296,0.1981580725452884
32297,0.1978065572854666
32298,0.2056626835334634
32299,0.1965499111245395
32300,0.1992404628146956
32301,0.1966181697737046
32302,0.1976814428078389
32303,0.1992565620624209
32304,0.2002752209413569
32305,0.2052046397247419
32306,0.1986849275424007
32307,0.2020360947309166
32308,0.2010069918301128
32309,0.2029355414801226
32310,0.2058773459677724
32311,0.2051103566716202
32312,0.2018577696406416
32313,0.1982062264582055
32314,0.2094124697079742
32315,0.203344769984674
32316,0.2023492356033048
32317,0.1983119980701878
32318,0.1963094292301576
32319,0.1959985098305511
32320,0.2035778337541052
32321,0.2027726516291325
32322,0.1988339823776794
32323,0.2023805946379622
32324,0.1982146609114982
32325,0.2036736695940816
32326,0.2085630401959081
32327,0.2005821760684415
32328,0.1941341625793236
32329,0.2086962758856596
32330,0.1916836394886922
32331,0.2054607059355319
32332,0.1957273018864337
32333,0.2029569202537325
32334,0.2046197725374316
32335,0.2042889060918488
32336,0.1974502586111269
32337,0.1889619990179014
32338,0.1967114524493678
32339,0.2109180147048507
32340,0.1978055971712117
32341,0.1956267081148771
32342,0.1956062396961106
32343,0.1979917800735022
32344,0.1956070524361954
32345,0.1956836099585552
32346,0.1992547870662967
32347,0.2002517176977628
32348,0.1937689321694782
32349,0.196813540933377
32350,0.201350146561448
32351,0.2015850454113032
32352,0.2014904581266585
32353,0.206126650236456
32354,0.2041993667202958
32355,0.1998416061479688
32356,0.201753676561126
32357,0.2092262124973063
32358,0.1985965172455821
32359,0.1969196574866177
32360,0.1953098034090243
32361,0.1927665790901702
32362,0.1959608628835965
32363,0.1985199614515542
32364,0.1933202146993068
32365,0.2037899122735983
32366,0.194227970433101
32367,0.1980047841800436
32368,0.1954827111901267
32369,0.1965197520089172
32370,0.1974740887803114
32371,0.1949962992034547
32372,0.1973377404646992
32373,0.1994467730365807
32374,0.1945241237209208
32375,0.2041959291509085
32376,0.1979119336661074
32377,0.2001732761240152
32378,0.2002190045323321
32379,0.1990469187598811
32380,0.1990506149497952
32381,0.1954108682560895
32382,0.1981733268986495
32383,0.1944023591503602
32384,0.1971468600110651
32385,0.2037775891963284
32386,0.1931548994289489
32387,0.188435923742297
32388,0.1980717154399789
32389,0.1971910584469778
32390,0.1930727233588839
32391,0.193287917431602
32392,0.1968949527539546
32393,0.1870468910374411
32394,0.1962115397234154
32395,0.1958716655395811
32396,0.2002582834198668
32397,0.1973662754822895
32398,0.1989293434244816
32399,0.2025956170031678
32400,0.2038900059144813
32401,0.2024689855234648
32402,0.1998233405387212
32403,0.1985343384151014
32404,0.2023059928252989
32405,0.1978082056793503
32406,0.1987124471743147
32407,0.205505307166673
32408,0.1961318480402137
32409,0.2023096849134578
32410,0.2021064117554894
32411,0.1962282171958314
32412,0.2046122727865456
32413,0.1999872356623693
32414,0.2046509996889765
32415,0.1971465050607981
32416,0.199791878038044
32417,0.2032382161237476
32418,0.2030742675542741
32419,0.1975614290892697
32420,0.1981948438567349
32421,0.1920233277052322
32422,0.1946993323814085
32423,0.1886612096873398
32424,0.1930314951943518
32425,0.1924864019428818
32426,0.1979647419046161
32427,0.1971139481997089
32428,0.1960703186955
32429,0.205391722226497
32430,0.2000016404351507
32431,0.2048942002179517
32432,0.2012829005088534
32433,0.2046729124314447
32434,0.1981210187264303
32435,0.1971891454734701
32436,0.1996867245235733
32437,0.2046552647715348
32438,0.1961125825162268
32439,0.1977682020865881
32440,0.2001967734217452
32441,0.2083691649575531
32442,0.199005508956743
32443,0.1996891699424677
32444,0.1920501228086876
32445,0.1951112362250987
32446,0.1962140228218066
32447,0.1989073629671441
32448,0.1908965105320966
32449,0.1915604626322539
32450,0.1981565316134182
32451,0.1954033522560707
32452,0.1953399604570378
32453,0.1926637802967356
32454,0.1971981370693874
32455,0.1998757293745544
32456,0.203384134291023
32457,0.2006713060771182
32458,0.1995766822400121
32459,0.1968044128522226
32460,0.2001692367048626
32461,0.199807868490688
32462,0.1838428317897744
32463,0.1883054897164799
32464,0.1908777235746961
32465,0.1922582540146037
32466,0.1985115852835152
32467,0.1939895049554773
32468,0.2011986942168169
32469,0.2017939928461822
32470,0.1969025735488901
32471,0.1981475193974938
32472,0.1942731277803958
32473,0.1993712274536456
32474,0.2080325923512346
32475,0.1952727145660867
32476,0.1942635632788074
32477,0.1941043345460714
32478,0.1924283685181324
32479,0.1951672309113352
32480,0.1963449404742295
32481,0.1974148538382203
32482,0.1940173890232815
32483,0.1948615615780232
32484,0.190659077636552
32485,0.1936665723669601
32486,0.193361441490217
32487,0.189586586619322
32488,0.1949698122298212
32489,0.1972549588127445
32490,0.1940357117890284
32491,0.2060684609418009
32492,0.1957855010346315
32493,0.2057588624163663
32494,0.2030652719793116
32495,0.1848373511017975
32496,0.1941936852754609
32497,0.2039286959151024
32498,0.196979258385464
32499,0.1972534420419962
32500,0.1920689641348087
32501,0.1928913267353854
32502,0.1947870438148075
32503,0.1914329029017087
32504,0.19953122274138
32505,0.1977039232937328
32506,0.1933223328620749
32507,0.1963742810295824
32508,0.2009463313344372
32509,0.1968082752066504
32510,0.1887043215194592
32511,0.1938819087906912
32512,0.1977011957085686
32513,0.1939981920523695
32514,0.1980673775490827
32515,0.2031209662791206
32516,0.1956424867982718
32517,0.1973162635500354
32518,0.1991279482076663
32519,0.2015391887615496
32520,0.2065947986627616
32521,0.2019660890878591
32522,0.1890624239133528
32523,0.1983187009268502
32524,0.2003597569494336
32525,0.201904744339766
32526,0.1971705986837084
32527,0.1925903175289653
32528,0.1997739723200757
32529,0.1967973178692762
32530,0.1951279930237094
32531,0.1898013696908696
32532,0.1906305640996393
32533,0.1958382465407217
32534,0.1888837051489907
32535,0.1902960086730154
32536,0.1887444866080423
32537,0.1943864057506729
32538,0.1963821415352357
32539,0.1946155949863465
32540,0.1918040185976275
32541,0.1925747372234607
32542,0.1918571544562642
32543,0.190668788668799
32544,0.1966982324505858
32545,0.2045871130053872
32546,0.1959372378537397
32547,0.1914975661698541
32548,0.1958740069058133
32549,0.1956221040453228
32550,0.1925446791349051
32551,0.1972917020110506
32552,0.1904155714577258
32553,0.1960828912071643
32554,0.1940082952377824
32555,0.1999985911518515
32556,0.1916048967460426
32557,0.1904201928764152
32558,0.1901358942492496
32559,0.197578178929867
32560,0.1980296971644117
32561,0.2009183974769491
32562,0.2000342619454709
32563,0.1992898200059078
32564,0.1951296015900134
32565,0.1978991714032936
32566,0.1987248121600394
32567,0.1989947816433123
32568,0.1998852143878502
32569,0.1962637079311609
32570,0.1975174357575955
32571,0.1988587450676226
32572,0.199840051341085
32573,0.1956164859731336
32574,0.1985814745892259
32575,0.190466217643601
32576,0.1963688683413076
32577,0.1936009018481358
32578,0.2039825972277501
32579,0.2004676467056478
32580,0.1986838617691222
32581,0.1988069191389473
32582,0.1952264942716196
32583,0.193522391143676
32584,0.1937651327510988
32585,0.1915181703719836
32586,0.1951407064014412
32587,0.1904785219177473
32588,0.1989444858162443
32589,0.1935220139956222
32590,0.1975071643442888
32591,0.1994765086740338
32592,0.198570316119657
32593,0.1941249604714524
32594,0.1956786019728185
32595,0.198006243187341
32596,0.2068554733315295
32597,0.1935972807464422
32598,0.1974929239825096
32599,0.1945374099646814
32600,0.2057190695107561
32601,0.1994792624855128
32602,0.2016002887667829
32603,0.1885497952424145
32604,0.1948178860729684
32605,0.1958551761169422
32606,0.1987466757426644
32607,0.2026706534062937
32608,0.1980479299103236
32609,0.2014617203350407
32610,0.2005278293497375
32611,0.1961246749416694
32612,0.1879562905887267
32613,0.2069073752299794
32614,0.1939056726142704
32615,0.1950458519780769
32616,0.2045480021602157
32617,0.1961998057911076
32618,0.1909501311103886
32619,0.1942426339856626
32620,0.1941252593202812
32621,0.1999586143211172
32622,0.2050760359344504
32623,0.1978130105409909
32624,0.2032301923634826
32625,0.2007789924019533
32626,0.1997225485814354
32627,0.1969046424583863
32628,0.2035408313511623
32629,0.1939220888411065
32630,0.1926878053971361
32631,0.189923937462697
32632,0.1904381780821983
32633,0.1873899128090601
32634,0.2046562451407275
32635,0.1963009322181044
32636,0.1955696259433315
32637,0.1878199101228474
32638,0.1962413626849394
32639,0.1947482226041664
32640,0.1986838425407686
32641,0.202930652175515
32642,0.1905875876617821
32643,0.1953602040102081
32644,0.1987200489333614
32645,0.1911570661978392
32646,0.1953969278307256
32647,0.1972964319214657
32648,0.1873115329813498
32649,0.2008323536581641
32650,0.1907130444015583
32651,0.1948747220419963
32652,0.1925179588447326
32653,0.199988543484852
32654,0.2024714000173924
32655,0.1913758807951202
32656,0.1948797779706466
32657,0.1937419785168248
32658,0.1897307378197949
32659,0.1937602689594275
32660,0.2093905842058852
32661,0.2000230799280736
32662,0.1945802283648797
32663,0.1974383503593574
32664,0.1990447876812043
32665,0.1933528742305052
32666,0.1998923255062491
32667,0.1961270629566775
32668,0.2009543915464669
32669,0.1907254727170896
32670,0.1987902353214871
32671,0.1980093025006071
32672,0.1910706800639037
32673,0.1899413009369841
32674,0.1878652779053538
32675,0.1873772640373548
32676,0.1945749288003872
32677,0.1992944524229535
32678,0.1991164141976579
32679,0.1939507771249502
32680,0.1940684421604725
32681,0.193696905439081
32682,0.1958146536240658
32683,0.1906412112480457
32684,0.1957264291598316
32685,0.1952793946986908
32686,0.1915692573785128
32687,0.190316147462754
32688,0.1941839216904892
32689,0.1979115567180619
32690,0.1924492458660212
32691,0.193862890052644
32692,0.1870227136134302
32693,0.1996978637623435
32694,0.1866622113922749
32695,0.1911315816760385
32696,0.1976320862339393
32697,0.1942683287945784
32698,0.2017548742442868
32699,0.1998130593027346
32700,0.1991028532135081
32701,0.1919855624976319
32702,0.1905587289244599
32703,0.1933532612439684
32704,0.1914019791856014
32705,0.1882746356990195
32706,0.1894829062085593
32707,0.192105101602979
32708,0.1903519379379064
32709,0.1911299055515883
32710,0.1934661192387878
32711,0.1933363981438293
32712,0.1972137221026062
32713,0.1933585532346352
32714,0.1880443416695567
32715,0.187126485202792
32716,0.192521858341046
32717,0.1950326199037093
32718,0.1919949384803748
32719,0.1951625252916315
32720,0.1913760016151481
32721,0.1977349776176261
32722,0.1940494259402566
32723,0.1848390090658698
32724,0.1888897028035673
32725,0.1941086747188173
32726,0.1907649220236568
32727,0.1986441908298747
32728,0.1921067390642324
32729,0.1995709942008215
32730,0.2008571470924323
32731,0.1963524293267688
32732,0.2086262396457451
32733,0.1972348450798488
32734,0.2002553457085887
32735,0.1937231038905066
32736,0.2012450061572989
32737,0.2064718066293878
32738,0.1981732362790935
32739,0.1987962665596383
32740,0.1987728910980631
32741,0.1955380099782625
32742,0.198791285141728
32743,0.1980396126948166
32744,0.1993166692816685
32745,0.1965371321960557
32746,0.1986679349074069
32747,0.1940342919340377
32748,0.1947817271744971
32749,0.1943456041690787
32750,0.194035551350482
32751,0.1976888653744211
32752,0.1900442108577433
32753,0.1960521906096284
32754,0.1958814487699766
32755,0.1992128044835642
32756,0.1888674889962411
32757,0.1937658372318839
32758,0.1868538133104187
32759,0.1992201997408536
32760,0.2001491596412323
32761,0.2031198797188387
32762,0.191191394879401
32763,0.1944942558875655
32764,0.1967023782705788
32765,0.1950492732207641
32766,0.1943515138926602
32767,0.1944523708587835
32768,0.2003532912048944
32769,0.1972741024235328
32770,0.1989908982509889
32771,0.1950001134316082
32772,0.2030420981463456
32773,0.1929464278918032
32774,0.2022531000782337
32775,0.1957594617907145
32776,0.1942046488421205
32777,0.1964831284052398
32778,0.1953526456552776
32779,0.1995735411908256
32780,0.1969347928723624
32781,0.1962902425454011
32782,0.1988021899910718
32783,0.2003875537788048
32784,0.1971494871849953
32785,0.193652142862687
32786,0.1956957849339037
32787,0.1965655284998906
32788,0.1948871564556999
32789,0.1994869020168868
32790,0.1947001599555208
32791,0.1923535630282615
32792,0.194526246179319
32793,0.1978163698401608
32794,0.2032575549602075
32795,0.2017245575438317
32796,0.1959073217227076
32797,0.2007333004905094
32798,0.1926453124980965
32799,0.1965384591131266
32800,0.1923422280981382
32801,0.1963779130623746
32802,0.1974348739567015
32803,0.1983505816828929
32804,0.1925204849389058
32805,0.1926135723937213
32806,0.1942316315472407
32807,0.1925230557496934
32808,0.1958342143597364
32809,0.1945752111518506
32810,0.1998741693909129
32811,0.197555759307179
32812,0.195666301276008
32813,0.1995300513481754
32814,0.1931462246990975
32815,0.1929081953476505
32816,0.1959108992746367
32817,0.1941876766917779
32818,0.1895862806028511
32819,0.2019656840374699
32820,0.1888610266518088
32821,0.1921214497440196
32822,0.1931958620907718
32823,0.1900010813382582
32824,0.1945882995202036
32825,0.1979758836708695
32826,0.1953556435925317
32827,0.1995001410899734
32828,0.1992192722976698
32829,0.2003591827811788
32830,0.2005487736924195
32831,0.1995932007008076
32832,0.1985506929070107
32833,0.1913676212908833
32834,0.2012772239911659
32835,0.1981427926105499
32836,0.194846682368325
32837,0.1963923787974483
32838,0.2007912282113674
32839,0.1946835960815992
32840,0.2013373747706425
32841,0.1992250964715451
32842,0.1902578484183072
32843,0.1993511658388814
32844,0.2009480653394607
32845,0.1983658884639509
32846,0.1945491159450463
32847,0.2058411019562309
32848,0.1977874810667114
32849,0.191413677813021
32850,0.1929831111524745
32851,0.1898291870525369
32852,0.19767834280333
32853,0.1952005868524375
32854,0.1972768655010282
32855,0.1970458075410669
32856,0.1969813382659453
32857,0.1879242438820479
32858,0.1920872763722351
32859,0.2024695593828492
32860,0.2024419915522652
32861,0.1872389336432584
32862,0.2025922606109332
32863,0.1965475130525189
32864,0.1909961581992656
32865,0.2034187156783162
32866,0.1939017720747247
32867,0.1907049806768295
32868,0.1986597207442644
32869,0.1855733846164777
32870,0.2005507001114279
32871,0.196217694846676
32872,0.1920646724893142
32873,0.1946441389644174
32874,0.1956606077344053
32875,0.1900703683415215
32876,0.2007466347623855
32877,0.2028934354470564
32878,0.191768271464378
32879,0.2006559751703004
32880,0.1973466659394242
32881,0.1918779246580713
32882,0.1905298958376003
32883,0.2074941100836762
32884,0.197232609856678
32885,0.2004299133811821
32886,0.1993686140771488
32887,0.1967953065452897
32888,0.1935415152837277
32889,0.1966048184626257
32890,0.1914605371507782
32891,0.1915229631931672
32892,0.1929738702245532
32893,0.197694025879993
32894,0.1996846106979639
32895,0.2028182420788765
32896,0.1909456891016653
32897,0.1900750765393022
32898,0.1918937463109684
32899,0.1971575983486638
32900,0.1979731859779396
32901,0.1925015106466961
32902,0.1943998644444638
32903,0.1961090923614485
32904,0.2003410524759874
32905,0.2009701890147206
32906,0.1953033166657019
32907,0.1920919231889543
32908,0.1976135024276697
32909,0.1959992299706959
32910,0.1945270889167311
32911,0.1897745360690167
32912,0.1919628517075687
32913,0.1916156500307747
32914,0.1903677067423773
32915,0.1975662023160926
32916,0.1951783524255494
32917,0.2021719310002858
32918,0.196125945346252
32919,0.1888254320085669
32920,0.1963715291893357
32921,0.2012864088410174
32922,0.1971525839760766
32923,0.1972341875131313
32924,0.1976176044396581
32925,0.1896627046335947
32926,0.1985372643158659
32927,0.1933000049687754
32928,0.195832740441668
32929,0.1934543390049953
32930,0.1883661641895985
32931,0.1933852953461108
32932,0.1924340470509662
32933,0.1945251108307105
32934,0.1935258023613429
32935,0.1966356009436189
32936,0.1893371700845768
32937,0.1850901346397259
32938,0.1959043558799764
32939,0.1951409754430895
32940,0.1912376367790582
32941,0.2019118774431398
32942,0.1937747448605732
32943,0.1998620293679106
32944,0.1928410375857581
32945,0.190969639910302
32946,0.2030706944846824
32947,0.2034018106705655
32948,0.1939099084304085
32949,0.1947550808973977
32950,0.1960635961667681
32951,0.1952627550385271
32952,0.1910785207528274
32953,0.194551735919142
32954,0.2031160978929125
32955,0.1885561219538817
32956,0.1916875867002362
32957,0.1932820199671857
32958,0.1918897402244109
32959,0.1936710106797037
32960,0.1983543155094333
32961,0.1908647276434584
32962,0.194379100244526
32963,0.1932950824402449
32964,0.2023791702885132
32965,0.1893414467059894
32966,0.1891948859892755
32967,0.1964370589941058
32968,0.195982087824736
32969,0.1953090859600236
32970,0.1895511051380919
32971,0.1991622481948024
32972,0.1927254468283214
32973,0.2006387980884619
32974,0.1988034695628085
32975,0.1931898406640598
32976,0.1888029612593086
32977,0.196487551474865
32978,0.1971812101407557
32979,0.2080345796909496
32980,0.1999398776379978
32981,0.1978642298905674
32982,0.19374946308979
32983,0.1893071709141146
32984,0.1914800340904943
32985,0.1941705903510801
32986,0.197383699125636
32987,0.1991505767957992
32988,0.1969158227122642
32989,0.2001988345220212
32990,0.201465735364383
32991,0.2014054248169505
32992,0.2026285158515757
32993,0.1951020477689578
32994,0.1950860177494831
32995,0.1926708365066318
32996,0.1950496247589871
32997,0.1920874616849171
32998,0.189588904381722
32999,0.1946147530385495
33000,0.1900966847527218
33001,0.1949277509998205
33002,0.1956738828547427
33003,0.1911503345587583
33004,0.1864334041450153
33005,0.1856186772882237
33006,0.1938939309424399
33007,0.1892886116933868
33008,0.1907683791986922
33009,0.1842644903465203
33010,0.1878109734835898
33011,0.1948297546901408
33012,0.1970092238402289
33013,0.1847119116842736
33014,0.1912401315495886
33015,0.1945138984145465
33016,0.1957038538381769
33017,0.1972293508708608
33018,0.2055191426594061
33019,0.2024230800502546
33020,0.1924098997382483
33021,0.1946122038893817
33022,0.195704585731133
33023,0.1848680653972168
33024,0.1907239179396986
33025,0.1918132686777031
33026,0.1926472914070891
33027,0.1949416680486023
33028,0.1936015393084694
33029,0.1901191493418382
33030,0.1941315280280651
33031,0.2014703236334947
33032,0.1998700174120977
33033,0.1796697846160987
33034,0.1922250749403952
33035,0.1865307751243976
33036,0.1971185803110627
33037,0.2021044727025909
33038,0.1965002014029081
33039,0.197834004322882
33040,0.1929728548276914
33041,0.1862806535719952
33042,0.1997763480444319
33043,0.1990302112913106
33044,0.196802164491703
33045,0.1967515240681314
33046,0.1960441960784753
33047,0.1875551927038892
33048,0.1959857328537036
33049,0.1932867843769919
33050,0.1869360151229411
33051,0.194145176796326
33052,0.2033271011949239
33053,0.1948867769752808
33054,0.1889220237741615
33055,0.1919493294488045
33056,0.1968903965381259
33057,0.1895635853066485
33058,0.1949393259624333
33059,0.1981575163090271
33060,0.1957002704562595
33061,0.1982023691089248
33062,0.201013123610559
33063,0.1896025113473512
33064,0.1953902968150584
33065,0.1978542114879612
33066,0.1983769796174788
33067,0.1938880062932884
33068,0.1904038511293904
33069,0.1924248621179629
33070,0.194611870274369
33071,0.1904203996739305
33072,0.1961771480650448
33073,0.1901549092321827
33074,0.1935840579232815
33075,0.1951622664104025
33076,0.1899020126908313
33077,0.1921212520246554
33078,0.1893141539650528
33079,0.1932429217825576
33080,0.1927872340678224
33081,0.195777347704673
33082,0.2023465290582438
33083,0.1956908140953649
33084,0.1967659294094025
33085,0.1971576614224675
33086,0.1935260019000086
33087,0.1949436242811271
33088,0.1996639643421058
33089,0.1929846877251279
33090,0.1985790431167036
33091,0.1985175820288597
33092,0.1933606790503904
33093,0.200120609523081
33094,0.1981212063688147
33095,0.2021046810847366
33096,0.1948232353586908
33097,0.1846388890120202
33098,0.1950665401495504
33099,0.201788732906935
33100,0.1910929095285365
33101,0.1938237647971794
33102,0.1993337019873144
33103,0.1946951579165939
33104,0.1947311093429763
33105,0.184706451504288
33106,0.1994616416574716
33107,0.1940641745284851
33108,0.1962552001017642
33109,0.2003636576245718
33110,0.1859113691499278
33111,0.1917063198695718
33112,0.1945489651704369
33113,0.1978258419008366
33114,0.1957800847208674
33115,0.2003612306110809
33116,0.19658691543766
33117,0.204141229542254
33118,0.2018265348651059
33119,0.2011634291766425
33120,0.1895978945875103
33121,0.1986991529804719
33122,0.1887469680564217
33123,0.2047593703962552
33124,0.1880185903820769
33125,0.1898295143299961
33126,0.2007228182254986
33127,0.202591725011989
33128,0.198536981719145
33129,0.2011845457331229
33130,0.1981095588640214
33131,0.2019141139492738
33132,0.1991391854610697
33133,0.2037399515354985
33134,0.1979589111328654
33135,0.1950852591442328
33136,0.1961968598821568
33137,0.1900201375610836
33138,0.1897320043968287
33139,0.1978235887959658
33140,0.1906471736395514
33141,0.194593047591121
33142,0.1918630039047157
33143,0.1945335680591571
33144,0.1932182460015126
33145,0.1917637198139444
33146,0.2015718784300452
33147,0.197785669546524
33148,0.200185665756105
33149,0.1977492168731315
33150,0.190642494825156
33151,0.1947145329134931
33152,0.1998664166528792
33153,0.198300220072474
33154,0.1878194635958078
33155,0.1879207410444672
33156,0.1938881505482745
33157,0.2016614554132251
33158,0.1988226102584288
33159,0.1938824404394482
33160,0.1954692501646668
33161,0.1936587349167322
33162,0.1951143386636395
33163,0.1951969961583643
33164,0.1909445270702227
33165,0.1932577692478416
33166,0.2020528389793086
33167,0.1969027496386181
33168,0.1956163348059175
33169,0.1902308584190407
33170,0.1956211838783692
33171,0.197608077280839
33172,0.1954950372198027
33173,0.1948180222275611
33174,0.1943320017351874
33175,0.1932840366454426
33176,0.1913567345435352
33177,0.1905291624180352
33178,0.1950300689029758
33179,0.1901102422758353
33180,0.1952526240840744
33181,0.1963666698875291
33182,0.1945267387316478
33183,0.1894086338321959
33184,0.1948342766236286
33185,0.1959002659963555
33186,0.1930094579241548
33187,0.1952405058286356
33188,0.2006010628281715
33189,0.195468232992606
33190,0.1970311040907153
33191,0.1912691429185831
33192,0.1926452440819849
33193,0.1911417701720194
33194,0.1947219850643564
33195,0.1942840913634523
33196,0.197762286330786
33197,0.199619732062046
33198,0.1944547803901924
33199,0.19291872438043
33200,0.2003623640481669
33201,0.1971595992037226
33202,0.194788264504409
33203,0.1904600967719835
33204,0.186546389585536
33205,0.1938705462766383
33206,0.2022129586371582
33207,0.1978211713054703
33208,0.1887087465279244
33209,0.1885241520429353
33210,0.1913481650286018
33211,0.1933542900436936
33212,0.1904638346391791
33213,0.201255232802463
33214,0.1960668578010698
33215,0.1880976677559938
33216,0.1922862636231147
33217,0.195091913174434
33218,0.1963767128917169
33219,0.1969884342368081
33220,0.1961643358114644
33221,0.1915265368386133
33222,0.1934534178315531
33223,0.1999484107422925
33224,0.1968731419435843
33225,0.1950279594076395
33226,0.1969340244067084
33227,0.1959540637951062
33228,0.1899960930472646
33229,0.1955070791322519
33230,0.1965890611515997
33231,0.1940462974763931
33232,0.1980326458350696
33233,0.1976645811172224
33234,0.1930869716773017
33235,0.1995173976529169
33236,0.1980166141918279
33237,0.197639027448964
33238,0.1923908385615971
33239,0.2005852678256555
33240,0.1942902719985961
33241,0.1941383372085991
33242,0.2068179549510162
33243,0.1963052725380997
33244,0.1874762021093044
33245,0.1903659325448076
33246,0.1983179765308527
33247,0.1959028359470931
33248,0.1974426158904146
33249,0.2048463137877347
33250,0.2043903273174356
33251,0.2007124954868685
33252,0.2007159258358994
33253,0.1982919096295723
33254,0.1961770094179636
33255,0.1922548445678529
33256,0.2015201610893528
33257,0.1928157633573521
33258,0.1913502050215399
33259,0.1907260464682593
33260,0.2003768367313483
33261,0.1891626343656245
33262,0.1969140367139246
33263,0.1956058397999993
33264,0.2008749299610117
33265,0.1984686994993352
33266,0.1997081498998347
33267,0.2030643766536337
33268,0.1940522841027622
33269,0.1937771608458938
33270,0.196818218344366
33271,0.1946087377949889
33272,0.2012333373998366
33273,0.1965139143172688
33274,0.189789206504508
33275,0.1920865961986897
33276,0.1876648938169479
33277,0.1954970902822572
33278,0.1904798597456474
33279,0.1983934065276353
33280,0.1990434149951199
33281,0.1965352538241326
33282,0.1988481524183746
33283,0.2029493762859152
33284,0.1982603617255062
33285,0.1965996780414638
33286,0.1964956223059608
33287,0.1975535479660521
33288,0.1901856590462703
33289,0.2050160936818254
33290,0.1941787499593983
33291,0.1958669923693883
33292,0.1985740847591971
33293,0.1963892937933258
33294,0.198196780873495
33295,0.2036108528416542
33296,0.2047598627785374
33297,0.194809828160111
33298,0.196348113904197
33299,0.1974973277402912
33300,0.1952836862416827
33301,0.1974559365616859
33302,0.1996471874814843
33303,0.1921104732812439
33304,0.1952621106549594
33305,0.1926958562273255
33306,0.1918419825281219
33307,0.1959191211647911
33308,0.1973829868047963
33309,0.1965421589426054
33310,0.1978486092542194
33311,0.1941218686004902
33312,0.1983204047904381
33313,0.1879836364935967
33314,0.1948331855085328
33315,0.1877551976993065
33316,0.1977956288098901
33317,0.1981942507698942
33318,0.1890136763227169
33319,0.1932115611551183
33320,0.1961902536008006
33321,0.1965809003918601
33322,0.2002089057218505
33323,0.1944905708679525
33324,0.1979129088884802
33325,0.1973023343010822
33326,0.1932383195704217
33327,0.198715871028441
33328,0.2027725653192606
33329,0.2122670954643035
33330,0.1896322226588816
33331,0.1944059883163908
33332,0.1951683181373689
33333,0.1920031367462719
33334,0.1958982341382475
33335,0.2010639834184463
33336,0.2025530305041229
33337,0.2023207534867608
33338,0.2042023945248657
33339,0.2014747696833579
33340,0.1988297687416618
33341,0.2042037203076946
33342,0.1896726661569361
33343,0.1898333889068074
33344,0.195898847798516
33345,0.1968390370373862
33346,0.1943029072566419
33347,0.1949603502806276
33348,0.1936184836270102
33349,0.1923438953157042
33350,0.2041312112018035
33351,0.1961452242536633
33352,0.1953772521347257
33353,0.1884396998698431
33354,0.1902176427635756
33355,0.1989009429053972
33356,0.1967882285435337
33357,0.1912310076183975
33358,0.1945213050762461
33359,0.1905476866860759
33360,0.1940396980380463
33361,0.1939259233584493
33362,0.194351588837804
33363,0.1879456233134207
33364,0.190832169477429
33365,0.1871111550337821
33366,0.1910553173997548
33367,0.1894919093344819
33368,0.1908097951596974
33369,0.1947439159685549
33370,0.1888174477790812
33371,0.1884388950346968
33372,0.1977025087971604
33373,0.1973513254126994
33374,0.1878208591412748
33375,0.1929483219687763
33376,0.1923073746062873
33377,0.1891846728582455
33378,0.1928347399759339
33379,0.1909303790952912
33380,0.1973908082619756
33381,0.1948453290089128
33382,0.1941800279768809
33383,0.1930417116418212
33384,0.1955526548755254
33385,0.1941479840369327
33386,0.1876284210805549
33387,0.2034645642910403
33388,0.1946190583761426
33389,0.1942893806274701
33390,0.1971106192154957
33391,0.1963122773954848
33392,0.2016706757955456
33393,0.1979361771469681
33394,0.1922023308978676
33395,0.1871264104731242
33396,0.192968794555247
33397,0.1949344061258359
33398,0.1973166400790675
33399,0.1942824836004488
33400,0.1976307950069671
33401,0.1969138704838503
33402,0.1924328088546156
33403,0.2014788426204555
33404,0.1980238011839282
33405,0.19031603771267
33406,0.1966341894193182
33407,0.1822962851900707
33408,0.1961521309664383
33409,0.1890134141112816
33410,0.1902628827895869
33411,0.1943698046994443
33412,0.1927261359884486
33413,0.1899227907033893
33414,0.1871907941811332
33415,0.1901389593025916
33416,0.1903053306853896
33417,0.1903880214548024
33418,0.1905452978520509
33419,0.1875865228742081
33420,0.1916715488179086
33421,0.1941744940220662
33422,0.1898834636640967
33423,0.1890668236381047
33424,0.1936929437026852
33425,0.1882370175574913
33426,0.1910799735943068
33427,0.1978066512616698
33428,0.1926633231569277
33429,0.1896588405229295
33430,0.1872874877717312
33431,0.191827458301226
33432,0.1911450308741226
33433,0.1902075795564243
33434,0.1924659523300212
33435,0.1929318444150854
33436,0.1950700753237771
33437,0.1887835451860012
33438,0.1945779845854419
33439,0.1980892640465196
33440,0.1944237240119711
33441,0.1939153452169801
33442,0.1932982904539893
33443,0.1954322996998867
33444,0.1983174343964249
33445,0.1949792277639455
33446,0.1885321496121782
33447,0.1948379404242488
33448,0.189758150026778
33449,0.1890984758484113
33450,0.1899920692023945
33451,0.186839917327578
33452,0.1865562987476056
33453,0.1882807348761762
33454,0.1939391018618939
33455,0.1916195606937911
33456,0.1909554812541991
33457,0.1880010863381984
33458,0.1952367483148465
33459,0.1951076765132051
33460,0.1920761565225038
33461,0.1871664468566615
33462,0.196705783105172
33463,0.1967313004488388
33464,0.1928317042800943
33465,0.1969767218812717
33466,0.1878794689515264
33467,0.1908072150929241
33468,0.1856779606472978
33469,0.186125138843593
33470,0.188729642554008
33471,0.1926468502748593
33472,0.1989880507095573
33473,0.1984797914990343
33474,0.1954981008982583
33475,0.1914519424126689
33476,0.2007453059862927
33477,0.1984694759209324
33478,0.1942622749020855
33479,0.1935476287600603
33480,0.1890128093746829
33481,0.1926055686691581
33482,0.1935221665062814
33483,0.1901415241311968
33484,0.191716621885822
33485,0.1921228440900043
33486,0.1962445851809049
33487,0.1927171672973393
33488,0.1892148842763827
33489,0.191452446722437
33490,0.1935897033638209
33491,0.1919259442082189
33492,0.1905902551003243
33493,0.1847972077296639
33494,0.1899216182293758
33495,0.1872378981303334
33496,0.1923334218225176
33497,0.1870818998047268
33498,0.1900218344492471
33499,0.1922200627978716
33500,0.1911554754846955
33501,0.1904578233671499
33502,0.1897096283561703
33503,0.1903299546373897
33504,0.198528929183785
33505,0.1924667560017548
33506,0.1910092543283953
33507,0.1813535280152255
33508,0.1905000668186473
33509,0.1935890263070495
33510,0.193166031490939
33511,0.1882741580595394
33512,0.1910052029369864
33513,0.1914591011779545
33514,0.1856107896853094
33515,0.1883521007376695
33516,0.1877682229327293
33517,0.1923796079266502
33518,0.1899070964714605
33519,0.1846024878056306
33520,0.1902643745293231
33521,0.1872055232011228
33522,0.1904897262138969
33523,0.1947321378512447
33524,0.1901179416418855
33525,0.1873606259663724
33526,0.1991352073404961
33527,0.1935560492158773
33528,0.1866188353335119
33529,0.1917556173361877
33530,0.1858742822728742
33531,0.1893956807405856
33532,0.188641499808032
33533,0.1931103200824109
33534,0.1972934567101269
33535,0.1931174807857991
33536,0.1965591508511043
33537,0.1907878826439244
33538,0.1931871548730402
33539,0.2057750362112142
33540,0.1956350121500271
33541,0.197117817244887
33542,0.1888741802382196
33543,0.1898094417053793
33544,0.1938050015572097
33545,0.1959589487107712
33546,0.1938632127220962
33547,0.1932841352021931
33548,0.1925260891347226
33549,0.1952893650634176
33550,0.1990529040356268
33551,0.1914568122429865
33552,0.1908037281720828
33553,0.1891525018834281
33554,0.1916870873523895
33555,0.1943643484914433
33556,0.194428215915645
33557,0.19148907251822
33558,0.1825237098049967
33559,0.1893688240562372
33560,0.1924306757155386
33561,0.1967210928940213
33562,0.1913137078216592
33563,0.1954962810235807
33564,0.1873186860819346
33565,0.189654531728569
33566,0.1856015299862816
33567,0.1891809286373771
33568,0.1901658263541514
33569,0.1946215802572945
33570,0.1978050300016794
33571,0.1874571854331626
33572,0.1957560844340916
33573,0.1861158777297434
33574,0.1907526208302264
33575,0.1964569328274694
33576,0.1923973947214191
33577,0.1993683702230041
33578,0.194452711217741
33579,0.1921812886245117
33580,0.1908667551765437
33581,0.1945520829898948
33582,0.1927197799744999
33583,0.1894910138311096
33584,0.1991003811568495
33585,0.1953790617489915
33586,0.1977949796107807
33587,0.1903051046442971
33588,0.1973143694780074
33589,0.19326349718639
33590,0.1932984758940318
33591,0.2017321503624955
33592,0.1977662373082707
33593,0.1983563101418698
33594,0.1857917039158541
33595,0.1982459862095298
33596,0.1958263751773431
33597,0.1928824924635299
33598,0.1897674979070791
33599,0.1925609417171591
33600,0.1959098238867707
33601,0.1924138861777999
33602,0.1929467939545282
33603,0.1897888597628231
33604,0.1883668403064449
33605,0.1923765047528407
33606,0.1854210695201598
33607,0.2003925508968024
33608,0.2018344786675087
33609,0.1981719415496761
33610,0.1905783398256855
33611,0.1936024278531568
33612,0.1961211561960159
33613,0.1904490412298239
33614,0.1900600560081063
33615,0.2007514168849123
33616,0.203478512307976
33617,0.1956128484064994
33618,0.1976825981793133
33619,0.1970830341206741
33620,0.1889542428976853
33621,0.1892497358065986
33622,0.191617738145682
33623,0.1928908699736955
33624,0.1964860210658595
33625,0.1853807449436578
33626,0.189957959553734
33627,0.1947727784868022
33628,0.1949838299664053
33629,0.1944839692076425
33630,0.1918654038504793
33631,0.1980635558306081
33632,0.2018734974256236
33633,0.1936401280247021
33634,0.1883823908399778
33635,0.204184348248661
33636,0.1958284954049356
33637,0.1916959343102277
33638,0.1946960885773568
33639,0.1977525906484429
33640,0.1905796314678046
33641,0.1927572772087689
33642,0.1987009224369396
33643,0.196441856024198
33644,0.1965392378093125
33645,0.1958454580715597
33646,0.1965039558223413
33647,0.195799718090639
33648,0.1942786987817255
33649,0.1903020231420845
33650,0.200512961787664
33651,0.2039412771479788
33652,0.1971895805216567
33653,0.192532283193282
33654,0.2021410989216128
33655,0.2026002212735196
33656,0.1953549857410378
33657,0.1969443001401359
33658,0.1885001429974936
33659,0.1898351675142587
33660,0.1930519906992696
33661,0.187767441781779
33662,0.1930443974371049
33663,0.197759624265338
33664,0.19319799594195
33665,0.1982283099667253
33666,0.1951178043042657
33667,0.1911972469623143
33668,0.1935778647348791
33669,0.1977644953899116
33670,0.1882535918985454
33671,0.1961480563244224
33672,0.1939123559930114
33673,0.1947268737384128
33674,0.2003617598732069
33675,0.1891713991742217
33676,0.1942466922598677
33677,0.1961553736700049
33678,0.1843718317969517
33679,0.1920259926335167
33680,0.1899056296960543
33681,0.1929027814551608
33682,0.1902653490353716
33683,0.185543784079753
33684,0.1947517280409235
33685,0.1863458367241867
33686,0.1862088826453837
33687,0.1938569740275565
33688,0.1900785635673325
33689,0.1886463511986678
33690,0.1937947682020318
33691,0.1842603607497727
33692,0.1859807297937179
33693,0.1919166149273537
33694,0.186221032428199
33695,0.1880440567347111
33696,0.186462535487929
33697,0.1907802376238402
33698,0.1858592909470165
33699,0.1876214129021616
33700,0.1931466989942918
33701,0.1875916488180967
33702,0.1894143161273518
33703,0.1951266939248924
33704,0.1905007255523805
33705,0.1976803591565417
33706,0.1848045881050508
33707,0.1868407015856443
33708,0.1889425783334239
33709,0.1964150490227801
33710,0.1885996839393454
33711,0.1938854256591605
33712,0.1912903806257009
33713,0.1887366281851558
33714,0.1947440855360447
33715,0.1902314627735537
33716,0.1919300922282993
33717,0.1927168993167974
33718,0.2037543148620137
33719,0.1895441680896798
33720,0.2043379809398083
33721,0.192531763760228
33722,0.1839926718664501
33723,0.1932358814222023
33724,0.1884889514943896
33725,0.1977751924346041
33726,0.196753781573718
33727,0.2025848826567987
33728,0.191675334252158
33729,0.190634812581811
33730,0.1936892313752452
33731,0.1937455866567618
33732,0.1937122636940488
33733,0.1914641315770109
33734,0.1896352854730701
33735,0.20054445471218
33736,0.1895558778702956
33737,0.1927570960338692
33738,0.1966887349402916
33739,0.191664778484902
33740,0.1868917269340702
33741,0.190204047795401
33742,0.193288465885274
33743,0.1948097373804858
33744,0.193446337618253
33745,0.1883399609512705
33746,0.1877617928010485
33747,0.1936522262815369
33748,0.2001676541608725
33749,0.1944563934956207
33750,0.2026240584760449
33751,0.1936505840903397
33752,0.1915820355316837
33753,0.1898342172900061
33754,0.1901492733610658
33755,0.1905363458119072
33756,0.19262453888433
33757,0.202059769133316
33758,0.1975297696971401
33759,0.1902321798703667
33760,0.1910107597259094
33761,0.2021374413290783
33762,0.1954979078953002
33763,0.1882571906675983
33764,0.1829342491247754
33765,0.1915116330131415
33766,0.1882881302290695
33767,0.1996829143170608
33768,0.1869268821765329
33769,0.1893798656117665
33770,0.1828462148222794
33771,0.1933698206618035
33772,0.1881045278389858
33773,0.1932421291603382
33774,0.1949741812941381
33775,0.1945466702650409
33776,0.1903852121411703
33777,0.1855509662307299
33778,0.1933138692535374
33779,0.1866219916029448
33780,0.1949222928193313
33781,0.1926965146298967
33782,0.1910210548527916
33783,0.1905761816476837
33784,0.1896939835843223
33785,0.1902336905988437
33786,0.1995454812231998
33787,0.1874291291238689
33788,0.1910775390372489
33789,0.188365447741225
33790,0.1919373915842751
33791,0.1879740767396656
33792,0.1882578066655003
33793,0.1989866483872225
33794,0.1919173673993538
33795,0.1905128840796434
33796,0.1912565081354249
33797,0.1988131690307293
33798,0.1954665160245855
33799,0.1849381630488928
33800,0.1951193234663503
33801,0.1861118656483098
33802,0.1961998398184105
33803,0.1859195153343802
33804,0.1900296814349172
33805,0.1967376900102513
33806,0.198134151606778
33807,0.1941372402554214
33808,0.1968966135330048
33809,0.1938347778986681
33810,0.1953838346583897
33811,0.1928882985047993
33812,0.1868879867038016
33813,0.1911305385961
33814,0.1917300576112219
33815,0.1877092332000938
33816,0.1964492513659135
33817,0.1923098200417828
33818,0.1894796990620644
33819,0.1995678233556181
33820,0.1942074113310105
33821,0.1980377792676639
33822,0.1931349927088592
33823,0.192923684994724
33824,0.1946813258374224
33825,0.1943082268017567
33826,0.1973027615676204
33827,0.1963612092718467
33828,0.1928961907674353
33829,0.1908658531645461
33830,0.1917126280666846
33831,0.1970656860228578
33832,0.1993485010618692
33833,0.1960826971775544
33834,0.2018019303692585
33835,0.1948042008316513
33836,0.1922824300852297
33837,0.190564377010277
33838,0.1946049970510688
33839,0.1881686705635277
33840,0.1973422490280104
33841,0.1960840887653255
33842,0.1982656028888166
33843,0.1966587518044047
33844,0.1872595678769529
33845,0.187325909587741
33846,0.1888392098962361
33847,0.1964639810807316
33848,0.1885473478252494
33849,0.1967045175143769
33850,0.1907455600943109
33851,0.1948281982817094
33852,0.1941653287332839
33853,0.1974831031662399
33854,0.1951414901772646
33855,0.1904878945693791
33856,0.1904342536095328
33857,0.1832283130536055
33858,0.1877687931454555
33859,0.1881989696199508
33860,0.1900131963538646
33861,0.1939344054278316
33862,0.1860893877809911
33863,0.1859408627763193
33864,0.1938039984141355
33865,0.1951259854516612
33866,0.1862437277727304
33867,0.1910076115860592
33868,0.1828032317076293
33869,0.193570883215197
33870,0.1910299371847357
33871,0.1849360514399881
33872,0.1910775176631508
33873,0.1881389554152654
33874,0.1850426568051294
33875,0.1907230545038835
33876,0.1872185058689851
33877,0.189427774640893
33878,0.1922840208904536
33879,0.1971637834893044
33880,0.2063214761382251
33881,0.2030703040393919
33882,0.1866087811987073
33883,0.1901170834661378
33884,0.1925558799840635
33885,0.1969466179805431
33886,0.1954464076733559
33887,0.1977540335260718
33888,0.197047139665963
33889,0.1948966946796305
33890,0.1949272166702987
33891,0.1992462904868821
33892,0.1919214401623635
33893,0.1977842971177328
33894,0.2019105309111184
33895,0.1963301046628971
33896,0.198247340256628
33897,0.2016112141154906
33898,0.195327928054532
33899,0.1937721952346769
33900,0.1936346788414111
33901,0.1997722646591101
33902,0.1997170582557909
33903,0.1975438318877932
33904,0.1938097916445915
33905,0.1897008854056077
33906,0.1973361458330146
33907,0.1976224688447209
33908,0.1963821759828863
33909,0.197185891058021
33910,0.2027997556402858
33911,0.1965191388347666
33912,0.1965977613251611
33913,0.1974730725724491
33914,0.195824048636674
33915,0.1853097354445887
33916,0.1935116833100242
33917,0.1918769489143938
33918,0.19352456706237
33919,0.1904521455784473
33920,0.1902557787199278
33921,0.1932650079266689
33922,0.1907385936602894
33923,0.1991243395248809
33924,0.1929718870801455
33925,0.201771131198714
33926,0.1965141975198261
33927,0.1912264847812183
33928,0.1915219069827992
33929,0.1904237131494684
33930,0.1948804440158162
33931,0.1938751246647611
33932,0.1966710559319537
33933,0.1896475729247031
33934,0.1940905445119518
33935,0.1888852981754802
33936,0.1918171251317871
33937,0.1980957764170614
33938,0.1925388165655825
33939,0.1920524121746158
33940,0.1950763913808044
33941,0.1954083062831884
33942,0.1981680756548886
33943,0.1967992863667085
33944,0.1886024314958741
33945,0.1926677383377754
33946,0.192669050279106
33947,0.1946229998383632
33948,0.1942073259107977
33949,0.1954276115420608
33950,0.1930702737695692
33951,0.1942720849949048
33952,0.1935535918768758
33953,0.1945211532114075
33954,0.1977868797054677
33955,0.1934106795839185
33956,0.1948970043673569
33957,0.1883065881232061
33958,0.194095128276308
33959,0.1965050364774198
33960,0.1902170621572791
33961,0.1916673557933463
33962,0.187248886744602
33963,0.1905494566775694
33964,0.1949799554759801
33965,0.1923783982616446
33966,0.192413183056949
33967,0.1971679091074986
33968,0.1955847372307518
33969,0.1897949899670805
33970,0.1895709337948141
33971,0.1872198581015408
33972,0.1887952939737889
33973,0.1959479766464935
33974,0.1980157318223772
33975,0.199015368896111
33976,0.190305486894589
33977,0.1905288890515865
33978,0.1969059835757613
33979,0.190444433992156
33980,0.1918440585080397
33981,0.2022601589116781
33982,0.1938713044142669
33983,0.1942404897425466
33984,0.1968671809279201
33985,0.1874917677781742
33986,0.1888896390908168
33987,0.1927224729218193
33988,0.1882568903199419
33989,0.1907746822551058
33990,0.1844401283860217
33991,0.1979688715826127
33992,0.1898466333080599
33993,0.1952557618120891
33994,0.1908559768615901
33995,0.192267687456773
33996,0.1884741593707967
33997,0.1869614032458574
33998,0.1832032124051139
33999,0.1816969841717995
34000,0.188549486989329
34001,0.1847909036123377
34002,0.1930997200567152
34003,0.1888251938162702
34004,0.1844220169412584
34005,0.1862040578895618
34006,0.1901923765209292
34007,0.191615065964505
34008,0.1913114642544421
34009,0.1879037651527644
34010,0.1897752206299965
34011,0.1932618176685279
34012,0.1894370627493063
34013,0.1913635066231681
34014,0.189799460824786
34015,0.185840987181903
34016,0.1881724530558185
34017,0.185912321855044
34018,0.1902893862683179
34019,0.1859482120953018
34020,0.1863809093260845
34021,0.1842067890331849
34022,0.1925983872879313
34023,0.1931214094926988
34024,0.1940026774832481
34025,0.1908376638902157
34026,0.192583711809217
34027,0.1913276433425468
34028,0.2026643217876203
34029,0.1906477279591826
34030,0.192533307667267
34031,0.1888488172530709
34032,0.1910424224115297
34033,0.1922729826206182
34034,0.1904623870617103
34035,0.1914522847552532
34036,0.1871289529069929
34037,0.1931147851124663
34038,0.1840208774562705
34039,0.1848731674920254
34040,0.1944747834344716
34041,0.1919009344819353
34042,0.1977632805918031
34043,0.1890384098186295
34044,0.2004072782146778
34045,0.1851981865563914
34046,0.1867342169162687
34047,0.1909639295222629
34048,0.1931526978404428
34049,0.1928933319591691
34050,0.1977677128123986
34051,0.1960553049962868
34052,0.1900550447778798
34053,0.1938484239436388
34054,0.1926883760963165
34055,0.1893565476004602
34056,0.1864928501807338
34057,0.1905388531192288
34058,0.1896951579252051
34059,0.1915882223436325
34060,0.1922608139108367
34061,0.1875787292421478
34062,0.1892216578824003
34063,0.1898350643477843
34064,0.1925546904646623
34065,0.188238689058435
34066,0.1896033394910777
34067,0.1993414448552513
34068,0.1941584514013411
34069,0.1958503643130247
34070,0.1893931812125509
34071,0.1943375855067347
34072,0.1958712852974705
34073,0.1951856142411571
34074,0.1928866497947608
34075,0.1941812805261638
34076,0.1946925695191618
34077,0.1866802847280662
34078,0.1922557523988602
34079,0.18472838999788
34080,0.1895745446638636
34081,0.1921620222205898
34082,0.1964017111668048
34083,0.1900981784592719
34084,0.19703195154237
34085,0.1999393587817811
34086,0.2008522969902604
34087,0.1977371197032345
34088,0.1886815273254916
34089,0.1949218681853558
34090,0.1929773576813986
34091,0.189695493179326
34092,0.1984910553423734
34093,0.1913970433477729
34094,0.1899323919896838
34095,0.1947065050168276
34096,0.1988292287626251
34097,0.1976659262107882
34098,0.1937122088296253
34099,0.1954027409316879
34100,0.1946128660593227
34101,0.1892013368556548
34102,0.1946816434525536
34103,0.1928070132059588
34104,0.1922614942581874
34105,0.1933484883050669
34106,0.1940320644965979
34107,0.1926669561526608
34108,0.1893338701842468
34109,0.179416742025874
34110,0.1914280221702332
34111,0.1926222058754614
34112,0.1849469802180399
34113,0.1861350477981872
34114,0.1962075256386989
34115,0.2008728595150972
34116,0.1888210058059324
34117,0.1889299205381416
34118,0.1928480791057618
34119,0.1949809528111798
34120,0.1927533915041154
34121,0.1946630057580924
34122,0.1910581172249203
34123,0.18336320573408
34124,0.1899736407061996
34125,0.1851748107822332
34126,0.1964912086066922
34127,0.1877669831315997
34128,0.188158777384559
34129,0.1959570972514899
34130,0.1846116769918958
34131,0.1980623638650864
34132,0.195836521407286
34133,0.1871271326175131
34134,0.1913476451482959
34135,0.1858236174540324
34136,0.1889647123260738
34137,0.198010852585088
34138,0.1917286102443657
34139,0.1944957474641175
34140,0.1905043849006413
34141,0.1928875398177069
34142,0.1911945526635691
34143,0.1923199385393694
34144,0.1969424032572316
34145,0.1897636273609091
34146,0.2030814628565901
34147,0.1945691477327431
34148,0.1936716191823183
34149,0.1966384980807225
34150,0.1945218656207931
34151,0.1964690900134392
34152,0.1925229526259113
34153,0.1932712119280695
34154,0.1947611036681127
34155,0.1955706946874691
34156,0.1957703733876239
34157,0.2015676513725352
34158,0.1963811930249689
34159,0.1948198615210996
34160,0.1933994545009989
34161,0.1994253060647662
34162,0.1934478272008005
34163,0.1932727164015055
34164,0.185623412517888
34165,0.1916461400801632
34166,0.1930802165515178
34167,0.1996066474568695
34168,0.1948603691838961
34169,0.1936388786748486
34170,0.1916304770203705
34171,0.1929365877373333
34172,0.1988239456296411
34173,0.1953396570534214
34174,0.1949386756148757
34175,0.1951261464134385
34176,0.196943332466547
34177,0.1916526749615684
34178,0.1950576334778482
34179,0.20453262498193
34180,0.1990699167546612
34181,0.2002211204521691
34182,0.1938709759484168
34183,0.1960028915755579
34184,0.2013916643924249
34185,0.1887419794938344
34186,0.1953920225345066
34187,0.1953149451418998
34188,0.1929880153483554
34189,0.1900326422523957
34190,0.2023799834213314
34191,0.1975949040751157
34192,0.1975521566445709
34193,0.2025331005499354
34194,0.1904349787334552
34195,0.1914828624039947
34196,0.1912280811710688
34197,0.1891623995532864
34198,0.1987903853720998
34199,0.1961768044996142
34200,0.191811833598312
34201,0.1892721174605188
34202,0.1947341908249141
34203,0.186746221071485
34204,0.1914659397135323
34205,0.1842541503758403
34206,0.1960362025975324
34207,0.1980570006408557
34208,0.1952918394341817
34209,0.1965665611232823
34210,0.1891146677779982
34211,0.1892311860538431
34212,0.1852295968136674
34213,0.1861898831477569
34214,0.1927311374494904
34215,0.1892576263990326
34216,0.1917477690330807
34217,0.1943022672171138
34218,0.1820131795352345
34219,0.1951377405305377
34220,0.1864471120555866
34221,0.192017695361172
34222,0.1948403030833691
34223,0.1928603447318983
34224,0.1914879033200713
34225,0.1883255473443547
34226,0.1971371208134487
34227,0.1930947203224109
34228,0.1901382196522461
34229,0.1917870916889927
34230,0.1877843302030957
34231,0.1930566620962016
34232,0.200669388478611
34233,0.1951036570726831
34234,0.1917475970956341
34235,0.1915665542571047
34236,0.1893484738431574
34237,0.1847797771109688
34238,0.1933814227191359
34239,0.1972689798103629
34240,0.1885478523494934
34241,0.1911021956420388
34242,0.1879402936721369
34243,0.1889655421967127
34244,0.1979360912008425
34245,0.1977886760922827
34246,0.197233669644846
34247,0.1961451492877284
34248,0.1884642897127819
34249,0.1886828898606835
34250,0.1916195123363556
34251,0.1912967748909693
34252,0.1920220129778684
34253,0.1951203938864121
34254,0.1964380289388118
34255,0.2006120594114874
34256,0.1940476493090896
34257,0.1922764416149856
34258,0.1934371158640309
34259,0.1964404392394551
34260,0.1948712004892115
34261,0.1931843938732288
34262,0.1904662451220006
34263,0.1923248158489632
34264,0.1964932585613912
34265,0.201375494659308
34266,0.1951516995236742
34267,0.1920885110611762
34268,0.1933706725481223
34269,0.1923607220292766
34270,0.193174018168549
34271,0.1914367083078489
34272,0.1873902401190098
34273,0.1889667177480543
34274,0.1882519671961852
34275,0.186455497457577
34276,0.1936748160005147
34277,0.1882261754716397
34278,0.1908624031846323
34279,0.1812485810243348
34280,0.1866618447999965
34281,0.1887319277669022
34282,0.1881288042007843
34283,0.1919462981878686
34284,0.1911199309021717
34285,0.1988436593396075
34286,0.1919254126702362
34287,0.1916117392683636
34288,0.1883864045000901
34289,0.1935172405957791
34290,0.1943462886159365
34291,0.1856653336853297
34292,0.1943313857410134
34293,0.1931931334521788
34294,0.1968086516216822
34295,0.197771878412462
34296,0.1998264477863696
34297,0.1851384313252562
34298,0.1855339262246743
34299,0.1963396566352989
34300,0.1896961065224298
34301,0.1886001887073304
34302,0.186175574919284
34303,0.1961500265700071
34304,0.19678196790193
34305,0.189775914011687
34306,0.1928961014862397
34307,0.19597508719958
34308,0.1933462728311547
34309,0.1942352406372941
34310,0.2008202121937301
34311,0.1974447856906894
34312,0.195468257000402
34313,0.1858232687129434
34314,0.1927797144004325
34315,0.1918554994438649
34316,0.1857045889217565
34317,0.1950905327344442
34318,0.1930017800752968
34319,0.1822000852992933
34320,0.1904786046952175
34321,0.1910194077955624
34322,0.1884860085714773
34323,0.1855498800475826
34324,0.1913657708704562
34325,0.1851724532748112
34326,0.1890274883081388
34327,0.1917372949403394
34328,0.1936932080842468
34329,0.1919312214854013
34330,0.19641171639534
34331,0.1970690627951661
34332,0.1942573885581234
34333,0.1952431797471001
34334,0.1946513334496884
34335,0.1899686103995273
34336,0.1936614843375835
34337,0.1914134079326074
34338,0.2002754272992898
34339,0.1925801233626782
34340,0.1863466263683351
34341,0.1860534976698545
34342,0.1875515697712257
34343,0.1894476613950648
34344,0.1905894658889361
34345,0.1937265453527874
34346,0.1878292283693058
34347,0.190313679126869
34348,0.1851391838693213
34349,0.1910249114302736
34350,0.1856089068926986
34351,0.1880882458029366
34352,0.1959809473045085
34353,0.1968834297503091
34354,0.1879190599022963
34355,0.1903560873240159
34356,0.1906379530021415
34357,0.1881263340458314
34358,0.1911997915446526
34359,0.2013954024907747
34360,0.19826804305202
34361,0.1896571273726769
34362,0.1905810508191588
34363,0.1855946390023582
34364,0.1873879663405088
34365,0.1874968864199696
34366,0.1988205002194609
34367,0.1977792260474209
34368,0.1940772419246459
34369,0.1865073682396342
34370,0.1935595460658692
34371,0.1943350926729235
34372,0.193664051315815
34373,0.1859195504086228
34374,0.1883199458109799
34375,0.195069079488822
34376,0.191035593986355
34377,0.1946408055131064
34378,0.1904363150012478
34379,0.1912301078285337
34380,0.1919279518590068
34381,0.1873860947573973
34382,0.1898095904437549
34383,0.1907611053149916
34384,0.1827353027170722
34385,0.1925326187716129
34386,0.1924923425692175
34387,0.1916425157459904
34388,0.1932257143379759
34389,0.193135695121409
34390,0.1905638451991506
34391,0.1929598848320012
34392,0.1903089444146043
34393,0.189691208694032
34394,0.1952249400210427
34395,0.194887013318212
34396,0.1977282363254632
34397,0.1963222341469338
34398,0.1932486325733693
34399,0.194316953668013
34400,0.1917481292216737
34401,0.1888080559742666
34402,0.1914050600360941
34403,0.1848192892923276
34404,0.1859832674941348
34405,0.1838712002341423
34406,0.1850485897063145
34407,0.1941099172169202
34408,0.1934074940553261
34409,0.1879856635352611
34410,0.185250748210008
34411,0.1927973957658049
34412,0.1822657320982819
34413,0.1848796629022128
34414,0.1934325217993608
34415,0.1934112208396586
34416,0.1896603123630053
34417,0.1917675138090692
34418,0.1904176790595146
34419,0.1911704350317897
34420,0.1933508739951324
34421,0.1922793149618107
34422,0.1945691224444247
34423,0.1940672146712117
34424,0.1870623577136461
34425,0.1881704646550272
34426,0.1792735295593913
34427,0.1823919951830916
34428,0.1833699124547482
34429,0.1841894407857528
34430,0.1897748500592987
34431,0.1914301734610131
34432,0.1931223681271875
34433,0.1940910792360252
34434,0.1916393076898973
34435,0.189007046408357
34436,0.1888246482464214
34437,0.1940600650867228
34438,0.1867210729122685
34439,0.1899310449025328
34440,0.1900322886357052
34441,0.1921560192098232
34442,0.1909565544296565
34443,0.1898949603842994
34444,0.1877902073428308
34445,0.1917204711577012
34446,0.1886145368541882
34447,0.1893159263056706
34448,0.1854336821780814
34449,0.1861373947428291
34450,0.1937553016053662
34451,0.1865364197166973
34452,0.1933618097732157
34453,0.1929777761690166
34454,0.1916358611931826
34455,0.1904741692863303
34456,0.1926363377285377
34457,0.1872599973574114
34458,0.1914753283777615
34459,0.1910325200893481
34460,0.185439952745812
34461,0.1905847177546855
34462,0.1915102821131102
34463,0.1902250900646652
34464,0.1883231907694099
34465,0.1866241131967973
34466,0.1854591877877869
34467,0.1956883711620997
34468,0.1900257639006373
34469,0.1899743870037231
34470,0.1930734023542624
34471,0.1915963690436914
34472,0.1861268309732466
34473,0.1837284200758611
34474,0.1892417361812388
34475,0.1872977401617289
34476,0.1907280240567869
34477,0.185967800039444
34478,0.1859746727973379
34479,0.189870692070011
34480,0.1891316342856013
34481,0.1974185327633466
34482,0.1909555771005394
34483,0.1915198064159825
34484,0.1878958377549386
34485,0.1893063799899356
34486,0.1864479496238222
34487,0.1899675049071036
34488,0.1857816390919625
34489,0.1898166039873643
34490,0.1970236137211021
34491,0.1911419274743401
34492,0.1873766361142381
34493,0.1902417303239766
34494,0.1953627263902728
34495,0.1954184352757373
34496,0.1899754017927502
34497,0.1923508257436338
34498,0.1924206960700621
34499,0.1861150287280582
34500,0.188490642278518
34501,0.1906881736888568
34502,0.1905313183910008
34503,0.1883791686472744
34504,0.1802438519121965
34505,0.189815156572156
34506,0.1892180459120999
34507,0.187969499679675
34508,0.1921689503091691
34509,0.1834984369175482
34510,0.1878830757598531
34511,0.1913727685225476
34512,0.1913460174482644
34513,0.1926240840000189
34514,0.1931782895930338
34515,0.1894713157321285
34516,0.1902138843350639
34517,0.1857634770889324
34518,0.1861957827017942
34519,0.1935560589950783
34520,0.1907840170923016
34521,0.1845134937551813
34522,0.2007083691096688
34523,0.1888359675185437
34524,0.1880785340008298
34525,0.1844459988377303
34526,0.1885118201426229
34527,0.1984115261650942
34528,0.1923627799750622
34529,0.1919450926654925
34530,0.1920406039692315
34531,0.1968525012789474
34532,0.1898980669406393
34533,0.1898772849944689
34534,0.1988408334507575
34535,0.1940552659115834
34536,0.1943908322787376
34537,0.1936939941390278
34538,0.1903270375980692
34539,0.2013685654871699
34540,0.199131537875528
34541,0.1889005842853242
34542,0.2004420320901975
34543,0.1988289958279402
34544,0.1973294038476047
34545,0.1925506437320622
34546,0.1912044827287393
34547,0.1887675000905561
34548,0.1896346124478408
34549,0.1875646098254559
34550,0.189425603447857
34551,0.1947249403252444
34552,0.1884237681048173
34553,0.1866525031245099
34554,0.1946371730837577
34555,0.1952086488363015
34556,0.1915955661905439
34557,0.1862450782426011
34558,0.1838850417007411
34559,0.1858931882128091
34560,0.1846017138708514
34561,0.1877098919143478
34562,0.1891006328885056
34563,0.1918431591425892
34564,0.1890506781722202
34565,0.1857047264160501
34566,0.1847259001842291
34567,0.1893521412380431
34568,0.1909604902431492
34569,0.1868784690176964
34570,0.1907051180633321
34571,0.1918324188778864
34572,0.1887341242639459
34573,0.1885832508980469
34574,0.1909531678864991
34575,0.1924793475721771
34576,0.1888473042749153
34577,0.1916392932567115
34578,0.1912705422249956
34579,0.1912765929732633
34580,0.1915303718875346
34581,0.1883064049127243
34582,0.1952258341254625
34583,0.1851143442185191
34584,0.1936774051503293
34585,0.1909664098311262
34586,0.1889534582807215
34587,0.190875611615793
34588,0.1893573477377197
34589,0.1910478999966161
34590,0.1923912124654046
34591,0.1879814392108511
34592,0.1907910280017421
34593,0.1928643345444723
34594,0.188582716722237
34595,0.1951391520874293
34596,0.1941066436870847
34597,0.1904159536411165
34598,0.1908952297676491
34599,0.1974520832029509
34600,0.1950994180200645
34601,0.1884625835100802
34602,0.1928738564641848
34603,0.1978569488339176
34604,0.1905320842152884
34605,0.1929150177191655
34606,0.1890312226094452
34607,0.1872493282703914
34608,0.1882249536108224
34609,0.1912868162185235
34610,0.1900407956829956
34611,0.191180538621284
34612,0.186975948921337
34613,0.1892439104585536
34614,0.1880007955503221
34615,0.1926120702180967
34616,0.1913044009837522
34617,0.1850232035680117
34618,0.1957879517405505
34619,0.1898916073576913
34620,0.1891837269258
34621,0.1950648587201116
34622,0.19214811261024
34623,0.1896670352168661
34624,0.1927618126585662
34625,0.1955854589516808
34626,0.1933982797584219
34627,0.1893101533009551
34628,0.1931772785017242
34629,0.198483801819231
34630,0.1917681478259702
34631,0.1929257974165217
34632,0.1923329466200107
34633,0.1836333071373454
34634,0.1892999845052562
34635,0.1904314063035623
34636,0.1897331643117092
34637,0.1933737523337179
34638,0.1954908054480423
34639,0.2000289680047279
34640,0.1960382465791143
34641,0.1895752892745064
34642,0.1939265866481246
34643,0.1908668416310207
34644,0.1887135945654586
34645,0.1861514197072121
34646,0.1913891003073697
34647,0.1939192467620331
34648,0.1834730364060376
34649,0.1873059208080404
34650,0.1896293699212135
34651,0.1909601764048462
34652,0.194499822214413
34653,0.191673327314195
34654,0.1897857715168101
34655,0.1851347955417815
34656,0.190128325177679
34657,0.1858999067656739
34658,0.1798550540209195
34659,0.185537754282493
34660,0.1891921682936126
34661,0.1938913872193031
34662,0.1921478931313085
34663,0.1854872950035244
34664,0.1894028223843743
34665,0.1889764025442877
34666,0.1885018135493272
34667,0.1831124897039126
34668,0.1824167826080569
34669,0.1898671806001877
34670,0.1884288478389153
34671,0.1894227081491107
34672,0.1872222002005072
34673,0.1901250825193993
34674,0.191691786261884
34675,0.1939147789658316
34676,0.1907513320794277
34677,0.1879594918791904
34678,0.1868737784799035
34679,0.1898050411372575
34680,0.1847972169696897
34681,0.1975192063486995
34682,0.1898360366463913
34683,0.1867323183433394
34684,0.1875614385386421
34685,0.1902684961858551
34686,0.1921717923928907
34687,0.1968327915147924
34688,0.1834898711752322
34689,0.1842777869903418
34690,0.1899027691487627
34691,0.1921984548417172
34692,0.1946502806130245
34693,0.1907518486291284
34694,0.1847827712261792
34695,0.1969835980539012
34696,0.1871743843352927
34697,0.1842209868887285
34698,0.1951650323497775
34699,0.1942693436141425
34700,0.1976994457653219
34701,0.1924487704976332
34702,0.1823139763585641
34703,0.1918037573540382
34704,0.1923991068456527
34705,0.1849911391169759
34706,0.1852503013625143
34707,0.1905905083882752
34708,0.1961171983048772
34709,0.1861482369260083
34710,0.1859765715561852
34711,0.1865750070362724
34712,0.1848093114563467
34713,0.1812494982365786
34714,0.191773378296308
34715,0.186539256618023
34716,0.1840408126111159
34717,0.1939945581157764
34718,0.1903313209185978
34719,0.193544024811059
34720,0.1911833085767402
34721,0.1940096586526355
34722,0.1867104497872396
34723,0.1833498866178147
34724,0.1911149960199353
34725,0.1897645340874313
34726,0.1881237352306976
34727,0.1829012233595114
34728,0.1893131394714687
34729,0.1906965210776162
34730,0.1842168080703916
34731,0.1876936460972623
34732,0.1855186639560386
34733,0.1866311429442489
34734,0.1855261254750205
34735,0.185654700832467
34736,0.1856536726048975
34737,0.1856643816910623
34738,0.1846569528513518
34739,0.1876648551480761
34740,0.1855632565192751
34741,0.1873133349145634
34742,0.1884831027152103
34743,0.1853340673948292
34744,0.1835364163589414
34745,0.1869166639109901
34746,0.1934316370798164
34747,0.1795916300403599
34748,0.1811564771449338
34749,0.1874024065553794
34750,0.1892664822935733
34751,0.1852252648980691
34752,0.1802261177269904
34753,0.1837994663694965
34754,0.1868855198271047
34755,0.1868137851294704
34756,0.1867716101285313
34757,0.1922526530632194
34758,0.1810288082785678
34759,0.1866862992353769
34760,0.1847079404996826
34761,0.1912791064782773
34762,0.1854618593256287
34763,0.1956327323871229
34764,0.1868162181609658
34765,0.1864917589660407
34766,0.1890496073590362
34767,0.1879293264965686
34768,0.1948117484711205
34769,0.1904194005007039
34770,0.1915949543283
34771,0.2007910090221362
34772,0.1876995026309502
34773,0.1963691290448956
34774,0.1936094766721251
34775,0.1910055929258693
34776,0.1826076987658041
34777,0.188715099157008
34778,0.1894609860483177
34779,0.1948056264884328
34780,0.1895885403789915
34781,0.1943793687065316
34782,0.1863461117897483
34783,0.1930438677896104
34784,0.1930301661173113
34785,0.1914446638074289
34786,0.1959138605524295
34787,0.1848411481432036
34788,0.1921115673558559
34789,0.1940918011659507
34790,0.187705602792769
34791,0.1839213987715707
34792,0.1909693085021669
34793,0.1953291749976672
34794,0.2038805378973569
34795,0.192484099980287
34796,0.1904991794602516
34797,0.1952318596420481
34798,0.1960102658096268
34799,0.1883220060676406
34800,0.1983700628110032
34801,0.1915199811602373
34802,0.1907053857099724
34803,0.1795315304553975
34804,0.1884049525057448
34805,0.1920853235763868
34806,0.1971465215164323
34807,0.1871600017318688
34808,0.1920713862688924
34809,0.1928135621240494
34810,0.1936077103707441
34811,0.182664286323824
34812,0.1958051128949707
34813,0.186558453459772
34814,0.19224487204195
34815,0.1929332205015335
34816,0.194170658586908
34817,0.1910076295721602
34818,0.185757059644525
34819,0.1921119299617556
34820,0.1874925953837499
34821,0.1927159233669328
34822,0.1893721657269828
34823,0.192229769631416
34824,0.1958394016972096
34825,0.1979783645308215
34826,0.196085967975249
34827,0.198209640012423
34828,0.2030206440177216
34829,0.1935650240899295
34830,0.1892398276867892
34831,0.1891749048989886
34832,0.1853114881606794
34833,0.1923957359199674
34834,0.1972917389628104
34835,0.1905111690205628
34836,0.1970736299555858
34837,0.2006211182837656
34838,0.1900995820080612
34839,0.1858130771793867
34840,0.1973798806952861
34841,0.1922835279353906
34842,0.1887949641077721
34843,0.1941607397430863
34844,0.1999959496984809
34845,0.195811707439432
34846,0.1925225188794178
34847,0.1954421274199934
34848,0.1974271696035769
34849,0.1978544779119854
34850,0.1893872267187727
34851,0.187907520977753
34852,0.1874251308996513
34853,0.1852841299061918
34854,0.1853274540055463
34855,0.184722497733498
34856,0.1846189782567309
34857,0.1871228638257233
34858,0.1864950752430472
34859,0.1890090356259718
34860,0.1903200440688935
34861,0.1804074881483001
34862,0.1889049396435261
34863,0.1891128302042456
34864,0.1779417041894399
34865,0.1811341214262748
34866,0.1835240845570866
34867,0.181716791820626
34868,0.182601386753154
34869,0.1879639231326799
34870,0.1830720450874196
34871,0.1863840448550603
34872,0.1814554479781254
34873,0.186470713210569
34874,0.1869621258524586
34875,0.179919257942289
34876,0.1875201276858752
34877,0.1799364549985549
34878,0.1819567787895431
34879,0.186107247902607
34880,0.1901657291455817
34881,0.187501502095928
34882,0.1858613804750312
34883,0.1897493385890122
34884,0.1812028804103178
34885,0.1850669840533607
34886,0.1801676805348633
34887,0.1787486127171424
34888,0.1841695782984061
34889,0.1869018947927095
34890,0.185574425419065
34891,0.1872742494631842
34892,0.184211405316267
34893,0.1875309688849067
34894,0.1900383746159457
34895,0.1832977786636771
34896,0.1900331825847075
34897,0.1886748572318814
34898,0.1913421699838815
34899,0.1816357644911941
34900,0.1886154157349609
34901,0.1928220545832811
34902,0.1918651652076789
34903,0.1890931926504219
34904,0.180009462757395
34905,0.1824614882458644
34906,0.1845323268373876
34907,0.1844153090718645
34908,0.185777079449411
34909,0.1959796899520488
34910,0.1943977574393293
34911,0.1913274091722102
34912,0.1822346776736583
34913,0.1868666251523786
34914,0.1905298898423677
34915,0.1857066151055996
34916,0.1893176989689231
34917,0.1905126176776161
34918,0.188949128662453
34919,0.1918810490507321
34920,0.1890184187684565
34921,0.1850900657450388
34922,0.1850224806902106
34923,0.1834160928475016
34924,0.1815150415408979
34925,0.1823285689010031
34926,0.1917552784344357
34927,0.1938211552860895
34928,0.1913887475763983
34929,0.1872118471879822
34930,0.191384548201606
34931,0.1834730909286123
34932,0.1879940603955675
34933,0.1898158304320972
34934,0.1855216854578311
34935,0.1876579000688803
34936,0.1953081865898417
34937,0.1973336231025569
34938,0.1904304731804171
34939,0.1932539873550016
34940,0.1876073563357938
34941,0.1877936160420971
34942,0.1874202191296023
34943,0.1843783053050255
34944,0.1943604047749761
34945,0.1864358832521607
34946,0.189888124158314
34947,0.1889855492985287
34948,0.1901135266525699
34949,0.1956889905265365
34950,0.1848223205245633
34951,0.1881721285220969
34952,0.1926954321981124
34953,0.1942231369330274
34954,0.1905240538009354
34955,0.1894406238017423
34956,0.1828561073607316
34957,0.1860707030488324
34958,0.1919906183761904
34959,0.1903903981833771
34960,0.1869378100661177
34961,0.186416866313105
34962,0.1894726266471498
34963,0.1870073618926087
34964,0.1928356051870865
34965,0.1915553959520539
34966,0.1881331936133552
34967,0.1889482605225442
34968,0.1918755183281399
34969,0.1898275819772816
34970,0.1827480050708477
34971,0.1885049554145462
34972,0.1902116419666223
34973,0.1932950737042784
34974,0.1859224264236737
34975,0.1844442412944037
34976,0.1900573145364277
34977,0.1937566880433839
34978,0.1864759659687811
34979,0.1921059763605238
34980,0.1848844836959586
34981,0.1990646630070444
34982,0.192988416181566
34983,0.1886470874772647
34984,0.1864349687567329
34985,0.1924634257146587
34986,0.1866555935528866
34987,0.1911679280145587
34988,0.1893284297890747
34989,0.1850202929502507
34990,0.1891824992017434
34991,0.1883672646972763
34992,0.1870114280213506
34993,0.1889563602221173
34994,0.1855346002399499
34995,0.1843828559753146
34996,0.1861598238325024
34997,0.1883771649928181
34998,0.1907170036576745
34999,0.1873186148956248
35000,0.1918261172897504
35001,0.1879352384628167
35002,0.1855680971754556
35003,0.1861270160009498
35004,0.1867355392640225
35005,0.185855292974224
35006,0.1808172310788784
35007,0.181369125591704
35008,0.1842619837029209
35009,0.1864674784200552
35010,0.1839643237278016
35011,0.1910526725848109
35012,0.1874720979454524
35013,0.1889720841256877
35014,0.1879841859726535
35015,0.1873700472100277
35016,0.1853837194908442
35017,0.1818560170065495
35018,0.1884748930288743
35019,0.1851821839965662
35020,0.1838154307675307
35021,0.1840216194348682
35022,0.185597130770691
35023,0.1907208663648035
35024,0.1910533213312364
35025,0.1894868191488153
35026,0.1785132070394438
35027,0.1933948123927054
35028,0.187195378899028
35029,0.1900598037880829
35030,0.1812953966925865
35031,0.1876364596269158
35032,0.1871549249559606
35033,0.1871607675885258
35034,0.1862352973971803
35035,0.1917837097866736
35036,0.1855694270075818
35037,0.1919257727694592
35038,0.181877058318139
35039,0.1906365344547958
35040,0.1935774683601378
35041,0.1883039040318686
35042,0.1829580701417411
35043,0.190983989250874
35044,0.187546456591152
35045,0.1823432226274983
35046,0.187758485624562
35047,0.1890625338417608
35048,0.1846817165377089
35049,0.1952707713919519
35050,0.1880974369089329
35051,0.1890127126464386
35052,0.1938429736340489
35053,0.1931854100060397
35054,0.1924279289033992
35055,0.1859052897451374
35056,0.1886630515574448
35057,0.1903076564318618
35058,0.1920142451516984
35059,0.1858390285975816
35060,0.1897021768622215
35061,0.1965814487494662
35062,0.1907475204534326
35063,0.1892965425971924
35064,0.1919321908310121
35065,0.1968086582333983
35066,0.1886920582171658
35067,0.1900086382252172
35068,0.1840777365384973
35069,0.1927161673860788
35070,0.188903913133882
35071,0.1884795133982704
35072,0.1887047784673485
35073,0.1943690258317428
35074,0.1928799509582688
35075,0.1914626657022446
35076,0.1827972449507751
35077,0.1922108339389927
35078,0.1855570495678722
35079,0.1899510681522871
35080,0.1935291991741628
35081,0.1873118109763693
35082,0.1852100970850847
35083,0.1851740114590735
35084,0.1842966906748722
35085,0.1856486711693403
35086,0.1887517008103248
35087,0.1839654355401952
35088,0.1813015259887818
35089,0.1903460594484465
35090,0.1916191382257532
35091,0.1855673623358027
35092,0.1818908923823451
35093,0.1799500561960722
35094,0.1870891747997175
35095,0.1887471498091649
35096,0.188885967099902
35097,0.1894125057866726
35098,0.1916634837863018
35099,0.1925729777380108
35100,0.1953754728448196
35101,0.1902708437621131
35102,0.1876175998988635
35103,0.1853953768815943
35104,0.192401728253079
35105,0.1874628311968231
35106,0.195013187442049
35107,0.1886626993891564
35108,0.18603572209952
35109,0.189993010255928
35110,0.1894643238957271
35111,0.1907525177591625
35112,0.1912217223696003
35113,0.1874209640972209
35114,0.1970412194676039
35115,0.1930878564663248
35116,0.1955203346986065
35117,0.1923573488541365
35118,0.1885903680176007
35119,0.1945468615701488
35120,0.1951347376954591
35121,0.1895912468117218
35122,0.1905055048869774
35123,0.1912886049133454
35124,0.1895103181633117
35125,0.1851306611849336
35126,0.1894180941135298
35127,0.1858085478352906
35128,0.1902561782263141
35129,0.1898223720103247
35130,0.1906914112638503
35131,0.192110559207924
35132,0.1836227084044598
35133,0.1849417061930439
35134,0.1915337962188268
35135,0.1901463286592912
35136,0.1879970083445304
35137,0.1873752336989943
35138,0.1871934014022096
35139,0.1861908109253517
35140,0.1911950305543117
35141,0.1914979636725642
35142,0.1881581673374608
35143,0.1837426921014281
35144,0.1925544985491993
35145,0.1932148339003921
35146,0.191736156462058
35147,0.1925171070124987
35148,0.1898025322565424
35149,0.1860454294618436
35150,0.1837653402874029
35151,0.1844807139628947
35152,0.1844305798275156
35153,0.1879988603455176
35154,0.1882228015096432
35155,0.1978000989836887
35156,0.189557284078569
35157,0.1901147514472196
35158,0.1847665745114795
35159,0.1893212617178594
35160,0.184724163538827
35161,0.1858895666364724
35162,0.1880612087961788
35163,0.1946243520824429
35164,0.1867904813986429
35165,0.1904331995145468
35166,0.1862801914550764
35167,0.1916387136138565
35168,0.1894793803700867
35169,0.1893494885535848
35170,0.1940985086180239
35171,0.1856186382696695
35172,0.187528661866362
35173,0.1867935064832002
35174,0.1889961385396056
35175,0.1943799835372147
35176,0.1885932196270402
35177,0.1971032604563626
35178,0.1949364438307678
35179,0.1801313633710974
35180,0.1807691906747442
35181,0.1871711717933832
35182,0.1861902562534403
35183,0.1923699837214214
35184,0.1955332809370119
35185,0.1831877144963981
35186,0.1981954792051106
35187,0.1840111938199879
35188,0.1967421096967234
35189,0.1919757215804861
35190,0.1934545374494223
35191,0.1852623063677244
35192,0.1935952967900989
35193,0.1876760161800426
35194,0.1863249794090331
35195,0.1918463447806899
35196,0.1952635361984808
35197,0.1926964634305062
35198,0.192694960133075
35199,0.1925795925325853
35200,0.1969316319385471
35201,0.1901847048888544
35202,0.1824373629264953
35203,0.1916050110562595
35204,0.1918077784019302
35205,0.1873404147129847
35206,0.189716422811321
35207,0.1945952681398732
35208,0.1882304110411119
35209,0.1886278269115449
35210,0.1934926119856513
35211,0.1930955886688582
35212,0.1984041576823671
35213,0.1932821365991139
35214,0.1939599047526162
35215,0.2004977771064686
35216,0.1867115555960976
35217,0.18690700474688
35218,0.1918957102120498
35219,0.191214411645198
35220,0.1904511097451789
35221,0.183695040885356
35222,0.1881589245243383
35223,0.1864160249290603
35224,0.1939114938372233
35225,0.1958062837815992
35226,0.1984418288520663
35227,0.1943090091777048
35228,0.1935968855490616
35229,0.1935460905831965
35230,0.1930886121747787
35231,0.1930959808028209
35232,0.1923978968652609
35233,0.1925641261361343
35234,0.19157735387878
35235,0.1896741936748807
35236,0.1878657867701497
35237,0.1921899718285402
35238,0.190635996632158
35239,0.1933024586741425
35240,0.184433610704164
35241,0.1935643580727868
35242,0.1845852119401158
35243,0.1902389040722484
35244,0.1926843821999135
35245,0.1823014014662247
35246,0.1840451144847091
35247,0.1761986543443331
35248,0.1835574841391054
35249,0.1835675322660293
35250,0.1847704492371296
35251,0.1820812885933867
35252,0.1881689609579347
35253,0.1926122906968998
35254,0.189688595246227
35255,0.1874460513639324
35256,0.1915081057284793
35257,0.1867829639972963
35258,0.1819807378319403
35259,0.1893377918717161
35260,0.1891327186468475
35261,0.1868359597985371
35262,0.185924156347285
35263,0.1911359889758027
35264,0.1874840426104602
35265,0.1859465903734495
35266,0.1806887443070993
35267,0.1869863432698062
35268,0.1885590393319107
35269,0.1876475612165755
35270,0.1918310475761985
35271,0.1884721939504661
35272,0.1858177944396353
35273,0.1926643352516699
35274,0.1847195040255143
35275,0.1807715632665848
35276,0.1878054864569079
35277,0.1863359919958657
35278,0.1938366712008373
35279,0.1862843931503904
35280,0.1913601228674336
35281,0.1880592994295091
35282,0.1827397791969131
35283,0.1824352480408783
35284,0.1879937536955466
35285,0.1899598955056377
35286,0.1813248664236087
35287,0.1857356083715316
35288,0.1902830383583701
35289,0.1929543835642882
35290,0.1858676503626332
35291,0.1876332761925044
35292,0.1854512823168792
35293,0.1894454192350611
35294,0.1867058920435702
35295,0.1888348328437447
35296,0.190532196544977
35297,0.1963673888460811
35298,0.1918719408205008
35299,0.1905347719169791
35300,0.1895554084451971
35301,0.1928140256289388
35302,0.192081868644434
35303,0.18558853113832
35304,0.1882492285539378
35305,0.1848410505081355
35306,0.190127049882703
35307,0.1932404320172182
35308,0.1794329083113994
35309,0.1849367625840488
35310,0.1873428738248587
35311,0.1928066017006228
35312,0.1770629214532018
35313,0.1942565289479141
35314,0.1886630435160834
35315,0.1852969715116263
35316,0.1881539621652302
35317,0.1909155673237081
35318,0.1860297595663519
35319,0.187473046695794
35320,0.184725345140113
35321,0.1829242367264661
35322,0.1816107210184491
35323,0.1890638807564256
35324,0.189691107285033
35325,0.1915152692163668
35326,0.1887333873468333
35327,0.1883874493090026
35328,0.1877819641255039
35329,0.1826270913254005
35330,0.181211567714688
35331,0.1857793583461589
35332,0.1780264493717433
35333,0.1876806394853935
35334,0.1886357619001357
35335,0.1875567775886789
35336,0.184228819169836
35337,0.1826332988324481
35338,0.1805981801523222
35339,0.182557246482447
35340,0.1880562697736051
35341,0.1824936143636091
35342,0.1835205728847992
35343,0.1857726595367195
35344,0.1859407152276244
35345,0.1856155157744678
35346,0.1839799264502454
35347,0.191207059826253
35348,0.1931076262063461
35349,0.1780457784787434
35350,0.185351360263569
35351,0.1811889120344101
35352,0.1837917729390261
35353,0.1849126207480395
35354,0.1884623728964802
35355,0.1885467956057997
35356,0.1845798493089999
35357,0.1856021096902265
35358,0.1798516024527171
35359,0.1872960864816491
35360,0.1870629405183126
35361,0.1828851789057635
35362,0.1887851715424445
35363,0.1922673263456186
35364,0.1804011539211609
35365,0.1801246939393179
35366,0.1830206977051659
35367,0.1796729006001021
35368,0.1807477904080275
35369,0.1880603515997834
35370,0.1772809560865298
35371,0.1869135769758668
35372,0.1852038505611994
35373,0.1814783062473707
35374,0.1886058592572396
35375,0.1869253268077957
35376,0.1837468025343461
35377,0.184449021256311
35378,0.1940923899215428
35379,0.1832158834083318
35380,0.1851203380686083
35381,0.1835855118180546
35382,0.1898759572066772
35383,0.1800314668681669
35384,0.1804728007547429
35385,0.1844700488643746
35386,0.1844820216684282
35387,0.1836473823354062
35388,0.1855493819033078
35389,0.1826081899173359
35390,0.1871636581209871
35391,0.187711079695426
35392,0.1872876599808822
35393,0.1878525368008097
35394,0.1884134412183822
35395,0.1901432990753597
35396,0.1869831152983231
35397,0.1874254731138582
35398,0.1880819776260925
35399,0.1835737551534716
35400,0.1858537882048956
35401,0.1783059245188875
35402,0.1849351916275955
35403,0.1887972768810255
35404,0.1769491035074993
35405,0.1862415641216758
35406,0.1720007334083064
35407,0.1814894142850346
35408,0.1788069685413383
35409,0.1823733177460418
35410,0.1798711361117012
35411,0.1830441327357542
35412,0.1777129219998667
35413,0.181526147697606
35414,0.1843579224222908
35415,0.1867721363747153
35416,0.186245631791977
35417,0.1850340785428981
35418,0.1762368644862624
35419,0.1797698782002968
35420,0.1790854582091329
35421,0.1760421692354778
35422,0.1914856328308935
35423,0.1802150890526149
35424,0.1853215269515193
35425,0.1820551679742954
35426,0.1807857164796199
35427,0.1830261422399702
35428,0.1848886511403508
35429,0.1844855509585974
35430,0.1890732826708248
35431,0.1854482443763671
35432,0.1821104315415415
35433,0.1808165959719531
35434,0.1858582254929876
35435,0.1789465766030873
35436,0.1908662994958288
35437,0.1793392558791532
35438,0.1787792511089469
35439,0.1857098119246146
35440,0.1836770132579324
35441,0.1843935264207068
35442,0.1860604152736044
35443,0.1904466946672084
35444,0.1851641348631698
35445,0.1932333913215144
35446,0.1839537486241166
35447,0.1822783780079091
35448,0.1897394037095386
35449,0.1865917874690118
35450,0.1855140942106697
35451,0.1914342211584277
35452,0.1851385750098611
35453,0.1819371788049219
35454,0.1778406306433487
35455,0.1820657177239124
35456,0.1807660238593429
35457,0.182193339764746
35458,0.1785566001928253
35459,0.183601407612795
35460,0.1795144889030203
35461,0.1856340294022471
35462,0.1864418850137672
35463,0.191686563013849
35464,0.1817678558806176
35465,0.1818516604483258
35466,0.1857284225063999
35467,0.1854536949114325
35468,0.1836313917333714
35469,0.1841406375221605
35470,0.1818957283839941
35471,0.1862801863143695
35472,0.1875519041801721
35473,0.1898004485083091
35474,0.1917379799173609
35475,0.1844919938663487
35476,0.1810210216790471
35477,0.1899410362437998
35478,0.1893979923453206
35479,0.1852725236804132
35480,0.1928514479000972
35481,0.1895117222745501
35482,0.1908421404775611
35483,0.1902988931217213
35484,0.1906493431227884
35485,0.1845238091240188
35486,0.1929769921393304
35487,0.1897286227870873
35488,0.1877283924036103
35489,0.1867410179957932
35490,0.1899839172271441
35491,0.1896732273901093
35492,0.1911180458647909
35493,0.1899657288293704
35494,0.1931954104232132
35495,0.1909027654610881
35496,0.1880963859707132
35497,0.1884412279139494
35498,0.1828970927654679
35499,0.1873175193605908
35500,0.1917494939224509
35501,0.188733219023733
35502,0.1809032523725612
35503,0.1881276483107733
35504,0.1873701191473915
35505,0.1841803775855189
35506,0.1853084899314862
35507,0.1859516808387132
35508,0.1885071306195918
35509,0.1906037604002851
35510,0.186183841803178
35511,0.1811545729249815
35512,0.1869132493585142
35513,0.1912228472514404
35514,0.1868157389184244
35515,0.1866511353515514
35516,0.1950442042726268
35517,0.1905152691270402
35518,0.194751169754989
35519,0.1884794337269111
35520,0.1808095507331881
35521,0.1875848324198366
35522,0.178094355169586
35523,0.1813449709089313
35524,0.1867991351706564
35525,0.1884724847894612
35526,0.1864833508997358
35527,0.1857659026755696
35528,0.1894010272276716
35529,0.1829277827123073
35530,0.1853882455836459
35531,0.1867494922800804
35532,0.1912826513292527
35533,0.1945927226708673
35534,0.1909622697104407
35535,0.1892390040499313
35536,0.1877932304820371
35537,0.1857015630419058
35538,0.1923835419450209
35539,0.1856248016851515
35540,0.188401765736857
35541,0.1886737660686784
35542,0.184352538026001
35543,0.1814417241482982
35544,0.1846259993582095
35545,0.1795434117464152
35546,0.1808407514953865
35547,0.1832627187780497
35548,0.179925926588682
35549,0.1839236931529229
35550,0.1841076224316521
35551,0.1835558822100825
35552,0.1872938371343933
35553,0.1804946706089141
35554,0.195672965874969
35555,0.1931822831808349
35556,0.1996264683707571
35557,0.1950733550230501
35558,0.1859873206497103
35559,0.1915124837909642
35560,0.1882026605026121
35561,0.1812446484873021
35562,0.1827605641014605
35563,0.1845817334753615
35564,0.1844208466902806
35565,0.1872130826055145
35566,0.1849999594483757
35567,0.1846861083272032
35568,0.1887241291209899
35569,0.1893091351936583
35570,0.1857569338249336
35571,0.1843790788042463
35572,0.1843173605356279
35573,0.1829478784477294
35574,0.1809433881672128
35575,0.1882752962857966
35576,0.1924602861442861
35577,0.1896091249639622
35578,0.183713057364423
35579,0.1902988528258674
35580,0.1922887937887615
35581,0.1931213480541614
35582,0.1907212188810938
35583,0.1858901762000424
35584,0.1903266754211904
35585,0.1803935741245926
35586,0.187544564652027
35587,0.1908511884333885
35588,0.182545358879503
35589,0.1817306634208673
35590,0.1776642339833988
35591,0.1854982505187751
35592,0.1830258651710283
35593,0.181556245779646
35594,0.1856016393840361
35595,0.1896049693361943
35596,0.1875468008877068
35597,0.191199057874295
35598,0.1852921575272029
35599,0.1922238407128475
35600,0.1932012558850208
35601,0.1898051094452679
35602,0.1845572468424512
35603,0.1853021756951506
35604,0.1874366863164752
35605,0.1873228943062042
35606,0.1851520256595921
35607,0.1877356583254411
35608,0.1835803824456253
35609,0.1877771955474408
35610,0.1805568079724839
35611,0.1789461317749287
35612,0.1813046303857503
35613,0.1803205175299802
35614,0.1850754276306749
35615,0.1891878159861327
35616,0.1891326894836457
35617,0.183282584264055
35618,0.1820547115819476
35619,0.1805309991729434
35620,0.1837064320752585
35621,0.1897133622791317
35622,0.1935740729969277
35623,0.1974856111586874
35624,0.1895379993084463
35625,0.1788882919082693
35626,0.1879919639661217
35627,0.1934220677978542
35628,0.1869340834647001
35629,0.1864352687111068
35630,0.1855277312089191
35631,0.1823004043070563
35632,0.1805425760108784
35633,0.1787905899134698
35634,0.1849696570520869
35635,0.1821906209595819
35636,0.1924615660926969
35637,0.1903376605419222
35638,0.2006284442991547
35639,0.192027788549411
35640,0.1895378886198027
35641,0.1835049184652939
35642,0.1884749818097797
35643,0.1907956008799963
35644,0.1871207266635127
35645,0.1912422359308121
35646,0.1851559681478615
35647,0.1883422756322859
35648,0.1969936827344057
35649,0.1854960841891547
35650,0.1913991782914774
35651,0.1881953424586495
35652,0.1893139073799461
35653,0.1887812756773136
35654,0.1827863562366088
35655,0.1859744661145584
35656,0.1863000246490655
35657,0.1923115049635331
35658,0.1818248773640975
35659,0.1880180115681087
35660,0.1854156246963841
35661,0.1846441931874501
35662,0.1871194632416259
35663,0.1806056090313577
35664,0.1872463018905621
35665,0.1872988117653493
35666,0.1853906383264322
35667,0.1876377544072401
35668,0.1878536823561883
35669,0.1839091199866234
35670,0.1931399060291874
35671,0.1861025743916199
35672,0.1853948675286756
35673,0.1787980972705702
35674,0.1785739890722363
35675,0.1832697666840535
35676,0.1805379681214158
35677,0.1849943651323829
35678,0.1786408920539251
35679,0.1863919141075031
35680,0.1793710513551814
35681,0.1777606331396001
35682,0.1849471769207465
35683,0.1846214929954636
35684,0.1813613947199212
35685,0.1774671205455091
35686,0.1899932663143892
35687,0.1911749618324579
35688,0.186135271685655
35689,0.1861535237287034
35690,0.1863541867882083
35691,0.1960737770318625
35692,0.1813245433488394
35693,0.1854161829058198
35694,0.1869111372667348
35695,0.1922645168334067
35696,0.1849470061153994
35697,0.1890297340789971
35698,0.1862492827715904
35699,0.1909186654877054
35700,0.1844345128919046
35701,0.1930475398068429
35702,0.1887073319529019
35703,0.1905215408300052
35704,0.1875110949201019
35705,0.189434118917294
35706,0.1932221850892763
35707,0.1928335803725025
35708,0.1901577127785244
35709,0.1876107901815419
35710,0.1865093099560672
35711,0.197073924248096
35712,0.1909174272145927
35713,0.1959098096590312
35714,0.1874448022601265
35715,0.183921655838868
35716,0.1827086493735254
35717,0.1852054081095439
35718,0.1833475424733576
35719,0.1863629007135512
35720,0.1838898284146408
35721,0.1775495929781932
35722,0.1853440742014078
35723,0.1833795844414405
35724,0.1850024869477226
35725,0.190868073502918
35726,0.1829654747566353
35727,0.1798034603416356
35728,0.1811670854598662
35729,0.1788493104850923
35730,0.1813374166642778
35731,0.1858102688641898
35732,0.1840479961849757
35733,0.1855105510714562
35734,0.1811446073919662
35735,0.1870819802198696
35736,0.1836072135213193
35737,0.1839720089904115
35738,0.1898512558249366
35739,0.1822307925422018
35740,0.1830635437837937
35741,0.1825345502053816
35742,0.1815984573782145
35743,0.1817540591817053
35744,0.1888873544656943
35745,0.1855586480586712
35746,0.1867658043700359
35747,0.1878759764828368
35748,0.1901634625726549
35749,0.1850547849141574
35750,0.1835570928719404
35751,0.1888369719211421
35752,0.1848037827773675
35753,0.1869243126223438
35754,0.1773836879097116
35755,0.1825076273284907
35756,0.1809078962964221
35757,0.1849912212439147
35758,0.1896844789996137
35759,0.1868853936400851
35760,0.1857292764848321
35761,0.1915492674842922
35762,0.1840538456631796
35763,0.1843275485619114
35764,0.1880220144287745
35765,0.1907010994716732
35766,0.1871520074174577
35767,0.1893142525019372
35768,0.1823266654277492
35769,0.1831405623869
35770,0.1851208346807791
35771,0.1834650579091166
35772,0.190973343862462
35773,0.1781794570487421
35774,0.1834568252995177
35775,0.1852385137417228
35776,0.1857180510042793
35777,0.1856770930775721
35778,0.1890278103490331
35779,0.1857818630089041
35780,0.1871257222778593
35781,0.185010964801905
35782,0.1799819523086153
35783,0.1839960238603572
35784,0.1750801606381705
35785,0.1896828579294377
35786,0.1881671849257654
35787,0.1834002212359186
35788,0.1870203293198791
35789,0.1908550065118526
35790,0.1962457473233215
35791,0.1867346687487125
35792,0.1859674114980477
35793,0.1966404996266443
35794,0.1931136270294485
35795,0.1875276322126309
35796,0.1876002938319452
35797,0.18443837215876
35798,0.1804117023145957
35799,0.1847624511712898
35800,0.1901003653036244
35801,0.1896401372566497
35802,0.1819367036543624
35803,0.1848971979541742
35804,0.1806548841728732
35805,0.1821220863064578
35806,0.1841084000348634
35807,0.1873352343863458
35808,0.1830574604243069
35809,0.187383446654603
35810,0.1893509760157304
35811,0.1856487928125358
35812,0.1917191421579188
35813,0.186334956482278
35814,0.1845486145533844
35815,0.1918605588363557
35816,0.1889532853721585
35817,0.1851116875391944
35818,0.1882864946145397
35819,0.1852911419460553
35820,0.1909841563706363
35821,0.1826656782865345
35822,0.1789414533579195
35823,0.1823072422847003
35824,0.1869402516157192
35825,0.1984217573781742
35826,0.1909471736294788
35827,0.1852349723721225
35828,0.1857827897184038
35829,0.1898168775441839
35830,0.1947268813783461
35831,0.1869713316611474
35832,0.1829962265425229
35833,0.1861822576835986
35834,0.1852269337536933
35835,0.1842570282476829
35836,0.1811112056154856
35837,0.184960451024309
35838,0.1836090916435266
35839,0.1904235327954322
35840,0.1847286671192132
35841,0.1808120471901857
35842,0.18335819458532
35843,0.1837618429034599
35844,0.1821007842287264
35845,0.1866473202392846
35846,0.1925092473446561
35847,0.1844994087021429
35848,0.1908969911447794
35849,0.1814630252309263
35850,0.188233282721659
35851,0.1866600864823765
35852,0.1847749693181957
35853,0.179610054279192
35854,0.1826825253832945
35855,0.1812573364976035
35856,0.1866602017356258
35857,0.1811182398362374
35858,0.1907760714496648
35859,0.1807220526925518
35860,0.180879959961328
35861,0.1801163027532175
35862,0.188569803030315
35863,0.1803959543463892
35864,0.1809899493525791
35865,0.1888445665587906
35866,0.1842738409527866
35867,0.1787807650333273
35868,0.180735408219213
35869,0.188164225200535
35870,0.1872932197694211
35871,0.185347525794914
35872,0.1812255904086726
35873,0.1875023223444054
35874,0.1931467317727412
35875,0.1887015943794057
35876,0.1846086490520363
35877,0.188529284167951
35878,0.184605311673787
35879,0.1819870232451245
35880,0.1826537249580093
35881,0.1811180122764554
35882,0.1836516987411346
35883,0.1836644251182029
35884,0.1864772556434958
35885,0.1764909490504373
35886,0.1902468005717842
35887,0.1839587893085247
35888,0.1812500914935738
35889,0.1808734829700666
35890,0.1862225818734361
35891,0.1823724667813222
35892,0.1844293749784428
35893,0.1855625830197908
35894,0.1864329215454981
35895,0.1835373437864736
35896,0.1821417928755437
35897,0.1853084839897763
35898,0.184341795980021
35899,0.1878779899149096
35900,0.1819368019465968
35901,0.1828603332636431
35902,0.1841214394999427
35903,0.1873239697966364
35904,0.1882914992158479
35905,0.1759476833441341
35906,0.1792497471229665
35907,0.1816089106183655
35908,0.1860128288335567
35909,0.1815835702608512
35910,0.1802670618203582
35911,0.1799322549122002
35912,0.1811380949927273
35913,0.1806276756546891
35914,0.1834694721484157
35915,0.1808325289223074
35916,0.1795187258915144
35917,0.1822779677837259
35918,0.1802286603478523
35919,0.1815908528620369
35920,0.1856978988228157
35921,0.1800797245087136
35922,0.1805160324945268
35923,0.1796073072688002
35924,0.1795020245287862
35925,0.1881104590597618
35926,0.187981134403337
35927,0.1880416810467835
35928,0.1830170203071441
35929,0.1877947159781783
35930,0.1843571651948431
35931,0.1875682472177648
35932,0.1872770468909652
35933,0.183549297792605
35934,0.1911586459159651
35935,0.1843707020641564
35936,0.181507499489621
35937,0.1872285157066579
35938,0.1844449320273029
35939,0.1870285660845044
35940,0.1871906217099666
35941,0.1827788563443757
35942,0.1854120133753765
35943,0.18626696687344
35944,0.187341900840438
35945,0.1880205644410688
35946,0.1868559368769054
35947,0.1854151087430364
35948,0.1857068205319568
35949,0.1828527095088718
35950,0.1922982851579271
35951,0.1905978748326806
35952,0.1854180090230753
35953,0.1827893740010175
35954,0.1930823579046292
35955,0.1903061886615557
35956,0.1799888253532598
35957,0.1819938347322208
35958,0.1843320311347235
35959,0.1848291215004413
35960,0.1872578595141147
35961,0.1849678031580026
35962,0.1874068488323619
35963,0.1910864082585055
35964,0.1891819107971287
35965,0.1903409994643112
35966,0.1858391035099115
35967,0.1853056079770264
35968,0.1907248087415241
35969,0.1810034727481902
35970,0.186253671707066
35971,0.1794688860414021
35972,0.1836037843116386
35973,0.1851543645384508
35974,0.1847891793564775
35975,0.1882525801262149
35976,0.1869167689352109
35977,0.1837931525428651
35978,0.1891931776401599
35979,0.1878562633780679
35980,0.1926307458477839
35981,0.1946776449530074
35982,0.1843913428906151
35983,0.1819838626434381
35984,0.1787040372736047
35985,0.1812403919156575
35986,0.1907702928070379
35987,0.1869416970796847
35988,0.1827835038117939
35989,0.1820142665674831
35990,0.1878484067447851
35991,0.186753081505208
35992,0.1852869445549112
35993,0.1770437946705254
35994,0.1804504097775544
35995,0.1823786294829655
35996,0.186175505503028
35997,0.1779163989511268
35998,0.1834002931291357
35999,0.1858562689700663
36000,0.1891307653472246
36001,0.1818471468557692
36002,0.1781294702141824
36003,0.1728629095372964
36004,0.1836651200361949
36005,0.1827743954341339
36006,0.180157053692062
36007,0.1769176075240685
36008,0.1786537629070764
36009,0.1739676469454961
36010,0.1797057989460501
36011,0.191002593817864
36012,0.1847785839797442
36013,0.1865484690470431
36014,0.1850470081902882
36015,0.1816299218166797
36016,0.1830205177397881
36017,0.1809468250892726
36018,0.1791699623211922
36019,0.1812913285474461
36020,0.1857368819362281
36021,0.1865451817561014
36022,0.1841335107768153
36023,0.182657369249699
36024,0.1865365782066434
36025,0.179643087343564
36026,0.1845733773416999
36027,0.1852496328198999
36028,0.1816681199261773
36029,0.1859877516892361
36030,0.1895160117879002
36031,0.1811714441702503
36032,0.1808141901021071
36033,0.1813247703302636
36034,0.1847371944048284
36035,0.1773284560082228
36036,0.1859044789260619
36037,0.1842090979698095
36038,0.1845817910164658
36039,0.184472514833989
36040,0.1800288167811209
36041,0.1862502244782894
36042,0.1884356549563994
36043,0.1860584051672934
36044,0.1804642539384232
36045,0.1867491326399311
36046,0.1899328445761423
36047,0.1879777042974436
36048,0.1836307989862927
36049,0.1870901525017832
36050,0.1893042315104077
36051,0.1937301236549837
36052,0.1883531327926266
36053,0.1827994212530175
36054,0.1804972162018195
36055,0.1815187824217719
36056,0.1831680300869973
36057,0.1885590461701976
36058,0.1880204417273087
36059,0.1898132898506909
36060,0.1826971436537121
36061,0.1840041583165219
36062,0.1857753475631593
36063,0.1849948206389675
36064,0.1796279297448379
36065,0.1863430322289208
36066,0.1809343421918298
36067,0.1825504182329925
36068,0.1814100480119421
36069,0.1895389899691738
36070,0.1852553222729146
36071,0.182867799973445
36072,0.177874573973065
36073,0.1805203128239179
36074,0.180035621485616
36075,0.1815067332199623
36076,0.18313861682246
36077,0.1835729067482011
36078,0.1829822847648728
36079,0.1843081409542411
36080,0.1809638507704677
36081,0.1798441094578452
36082,0.1790827035561524
36083,0.1852416362659284
36084,0.1787870515126778
36085,0.1825769126138922
36086,0.1801803237966558
36087,0.1854627833331768
36088,0.1838718833177322
36089,0.1817429943752589
36090,0.1832481160572647
36091,0.1835666504051442
36092,0.1846165310000958
36093,0.1862034870900664
36094,0.1788437626964366
36095,0.1873146590761645
36096,0.1882411966548057
36097,0.1858424500668821
36098,0.1806427663560465
36099,0.1825251629607071
36100,0.1816280896726586
36101,0.179162090505786
36102,0.1790419916889858
36103,0.1860191588269466
36104,0.1782323122778204
36105,0.1764134824473723
36106,0.1886658210152585
36107,0.1792333627628101
36108,0.1889849531247676
36109,0.1811171091533789
36110,0.1790390727223259
36111,0.1838541519490987
36112,0.1824147249456997
36113,0.1846914669628786
36114,0.1869786420615845
36115,0.1790104726007282
36116,0.1835792454621211
36117,0.1829718753422121
36118,0.1803364441760697
36119,0.1836678830994732
36120,0.1796864125239304
36121,0.1850335035243728
36122,0.18290373225166
36123,0.1831401993002019
36124,0.1873916600940535
36125,0.1833534025302066
36126,0.18559414779879
36127,0.1903454240523847
36128,0.1827054034486226
36129,0.1823612699545344
36130,0.1830967196451359
36131,0.1869674724655172
36132,0.1788620601367929
36133,0.1747583595277295
36134,0.1811461711386117
36135,0.1811916493554099
36136,0.1850345393801683
36137,0.1800152172059876
36138,0.1842048618054823
36139,0.1798022452672344
36140,0.1824268307573499
36141,0.183383916941218
36142,0.1817407928524346
36143,0.181351319091483
36144,0.1810789219989428
36145,0.1825912842653077
36146,0.1908143974051819
36147,0.183665624618739
36148,0.1830316347921841
36149,0.1791428216283139
36150,0.1865799781965959
36151,0.1846015537946877
36152,0.189344331645208
36153,0.1830995280680042
36154,0.1857342816085024
36155,0.1864701627646321
36156,0.1847009715076491
36157,0.187870940359374
36158,0.1825717603454918
36159,0.1867779716931902
36160,0.1849748218033709
36161,0.1830550604091855
36162,0.1812622861701236
36163,0.1845951808542238
36164,0.189269323379421
36165,0.183506222844722
36166,0.184900869071824
36167,0.1888917237951655
36168,0.1862995970431107
36169,0.1890008523215005
36170,0.1804544929673127
36171,0.1789101682279132
36172,0.1793160846811915
36173,0.1838371433580399
36174,0.1827569847489353
36175,0.1833494724393467
36176,0.1840734120047621
36177,0.1832622655359817
36178,0.1924459206929634
36179,0.1918098804937353
36180,0.1827793692182232
36181,0.1862103267901377
36182,0.1850495844818569
36183,0.1873866524198995
36184,0.1844005353160623
36185,0.1815319927200386
36186,0.1831732529618785
36187,0.1850236097238099
36188,0.1833381287693272
36189,0.1823194133138172
36190,0.186599749712915
36191,0.1864976390486622
36192,0.1792342750947528
36193,0.1833508424226382
36194,0.1863366147331344
36195,0.1805043586810339
36196,0.1878520948045899
36197,0.1837755490906809
36198,0.1840407016776442
36199,0.1844964408781521
36200,0.1937321354647641
36201,0.1888139937141861
36202,0.1821472882325971
36203,0.1819005155596324
36204,0.1884115743847094
36205,0.1836237185334223
36206,0.177769814223422
36207,0.1861423030756013
36208,0.1869288244149519
36209,0.1914565740740463
36210,0.1893035953186299
36211,0.1862961455266544
36212,0.1887458128480445
36213,0.1829981419308479
36214,0.186103609599868
36215,0.1853630035070855
36216,0.182788975270998
36217,0.1871641825598815
36218,0.1836307131717657
36219,0.1826057415271256
36220,0.1813340191109041
36221,0.1804618184136801
36222,0.1866908560753316
36223,0.1868369328992951
36224,0.1871917110927819
36225,0.1832184791586351
36226,0.1846007454919503
36227,0.1895140280842712
36228,0.182126782879151
36229,0.1885129953464523
36230,0.1836652386130777
36231,0.1830468825303674
36232,0.1868970799299432
36233,0.1862531427148046
36234,0.1819088882851097
36235,0.1788210075741852
36236,0.1796367427821274
36237,0.1790991005799304
36238,0.180438182669387
36239,0.1848585745452132
36240,0.1833911688041301
36241,0.1793438926664771
36242,0.1812520838529259
36243,0.1769085321760579
36244,0.1794102287858996
36245,0.1827495442794789
36246,0.1809137574689319
36247,0.1834677924040856
36248,0.1852425660916522
36249,0.1817546015941956
36250,0.1853028802902836
36251,0.1899013422481442
36252,0.1905369895023863
36253,0.1861193135201198
36254,0.1844934366920246
36255,0.1850359502374383
36256,0.1838282549192367
36257,0.1888406126032173
36258,0.1854762700001574
36259,0.1917942972802792
36260,0.183465071776715
36261,0.1846303041687149
36262,0.186846134378011
36263,0.1959375118814725
36264,0.1960815521214718
36265,0.1896718311889213
36266,0.1873360055022259
36267,0.1912509564121149
36268,0.1839670360040377
36269,0.1878741460084221
36270,0.1858297242755869
36271,0.1931600422280364
36272,0.1952591318382124
36273,0.1881007101634659
36274,0.188334758123448
36275,0.1908554894167055
36276,0.1837428153169925
36277,0.1849151547285611
36278,0.1808058182712446
36279,0.1859370069156709
36280,0.1829640490061136
36281,0.1845264643642301
36282,0.1854773086058494
36283,0.1856485269543075
36284,0.1898646559849927
36285,0.1903754729298571
36286,0.1863035428469729
36287,0.1808911944706679
36288,0.1822179605702366
36289,0.1851961399438395
36290,0.1796561602073608
36291,0.1799657910429661
36292,0.1809526590825505
36293,0.1808315705697129
36294,0.1829133370998005
36295,0.1755215646862558
36296,0.1810329054629987
36297,0.1814483638751819
36298,0.1798681413859104
36299,0.1803449041710854
36300,0.1800306093462517
36301,0.1797293422525861
36302,0.1903328726145534
36303,0.1796235111338208
36304,0.1821561730507924
36305,0.1805448971214003
