mean_lambda,std_lambda
0.2696597381500191,0.29790007822911196
0.334725500233163,0.30075424801338163
0.3576844393616351,0.2758188743752075
0.3591865277278317,0.24861794095672649
0.35308324194450713,0.25028638532694386
0.36067971769270973,0.23717697163287565
0.3407639391881719,0.2343162880069201
0.3549525859081706,0.22739294594110568
0.3516913492998186,0.22972604850571518
0.3636689398120212,0.22658058512160262
0.34963887473626815,0.22705869981561985
0.3408565904238982,0.23418298686693342
0.33534749904411104,0.23553079558588969
0.33952421513560743,0.23033100414038912
0.33785784033914723,0.2242404584701549
0.34835306389642534,0.23661116469103566
0.3281579844106776,0.24236255503858428
0.34040030456702686,0.2382742271907048
0.3273569690202651,0.22846068038172573
0.33340840933688914,0.2358812673948415
0.33497113948859053,0.22753416259275644
0.3256484648577292,0.23533060226268065
0.33278233695748544,0.23165362597999065
0.3261967330859387,0.2339805054282622
0.3361879088863602,0.22945186588409022
0.3344069818913001,0.23374012444189618
0.33044144709354056,0.23548297368519627
0.32937002994100023,0.23730487740249454
0.33347098033406,0.2257034360593234
0.33963834827776956,0.24215069526632943
0.3329119168865048,0.2296755390716408
0.3267029025661965,0.24395179105881137
0.32565088979713885,0.22962879034264702
0.3202343870175167,0.23648357112921833
0.3298617656388299,0.2275090784178081
0.33846009054224946,0.24047708271644963
0.3251739863463716,0.22937574049673487
0.32008346378030167,0.23878468045083942
0.3324738081021972,0.23535053009364945
0.32700988937692244,0.2301577989422376
0.3187688130099325,0.23815037094150762
0.32618785902391595,0.22869216113340768
0.33007272058471837,0.23952384159845122
0.316685429327663,0.23647259314218474
0.3245003877406075,0.24090179977947157
0.3173796031276408,0.24222640811433696
0.32704474096030106,0.23340170312056113
0.3235977307136879,0.23487385933712296
0.32514140030146216,0.23291780439460158
0.31858468956960695,0.2355221242762102
0.31931088517927514,0.23306435492595515
0.31588164083313786,0.2384765481367853
0.3235975279914485,0.23323459883415112
0.3386755411892678,0.23542849946736868
0.3155396848836722,0.23670179962613003
0.3168435552109355,0.24135249607598097
0.3266641046996098,0.23106634803778867
0.33292095805323846,0.2372348792797481
0.33183097402865364,0.23204019337496795
0.3111630316790181,0.22783919416860243
0.32243713799784635,0.24224458768742385
0.3247006823685398,0.236440945648859
0.323381798036345,0.23794400942305952
0.31901472787331364,0.2366478494465801
0.32223719540977114,0.22509310042042854
0.3321985324125602,0.2273449217585559
0.31597611162160466,0.24025850214720715
0.3306018713514021,0.22715219670870146
0.33223005999114225,0.23762635087669468
0.33712359376812373,0.2360229712277819
0.3352518266170408,0.2309913670080138
0.32725235718104406,0.23042312050843028
0.3289570519786394,0.22607522379238446
0.3334043259076929,0.23222956148007468
0.3196793116159681,0.24031364664470842
0.32638348098151637,0.24041521126203266
0.3166555498590427,0.22899573204945195
0.32919386901234987,0.24637383340895355
0.3220817334559051,0.23581674045617215
0.3157327037264481,0.23477492763314747
0.32947946626082875,0.22811485191278263
0.32305849114422597,0.23257560827998489
0.32682919947880396,0.23934791179389261
0.31929777145408494,0.23400135388186244
0.3340081752561013,0.24030183276032044
0.33474661382429055,0.22836489678126654
0.3326078600746,0.23249249886242848
0.3256013110431838,0.23698587902064971
0.32855672036607186,0.2284348072151705
0.3310426764275828,0.22790161021802266
0.3370887195595976,0.24349482440054881
0.32607717918495394,0.24781839182425502
0.3276291065100696,0.2300722115797194
0.31909577377118453,0.24535056825440213
0.3242234212720272,0.23334426191564184
0.3176630299499157,0.24002852658434629
0.3327197225151409,0.23175097669013117
0.3241790421777326,0.24269645765206715
0.31839642395844936,0.24461671653948971
0.3174706565504297,0.24554672682879128
0.33237744770850425,0.2397240253504058
0.32137151282480125,0.2375779046939172
0.32018358201504377,0.23859180106339964
0.32595159109087696,0.23957943647620045
0.325050951156896,0.25097656882556196
0.32049959347154655,0.239852116312629
0.32677619277686365,0.2285985528953765
0.324530001225259,0.23509410923830096
0.31146742145110107,0.24684498596301552
0.3175546374849142,0.2453718151960387
0.32740634504675115,0.23866172354837076
0.31770627604180923,0.2382353987761242
0.32386328227975514,0.2476696796896495
0.3150135900063749,0.2402630269712108
0.3215530805110383,0.2509707071942733
0.31365119238800276,0.24262820380821346
0.30818321838663126,0.24024701840969723
0.3280098658505664,0.23635675020677324
0.32768553568490183,0.25208367589473946
0.32783910778971603,0.2391749425998849
0.3178702693432591,0.24137016540942322
0.3139767031756616,0.25246105822233833
0.3102523777653815,0.2481509961740196
0.3208694714969688,0.23702725864575988
0.300503481809013,0.25499885432478137
0.3221909656971067,0.24343419909126993
0.33259082242594123,0.2498668536521411
0.32898357090157904,0.24168496751724494
0.3072933150584602,0.23993486083881452
0.31687251748437395,0.23916025464898372
0.32008656620923,0.2550195806315109
0.31992152286434267,0.23569549350146607
0.3224740274392812,0.2389937573646089
0.31769960477390013,0.24765730348127232
0.3382202867688561,0.24444370799830484
0.3104756116388745,0.24857345785558022
0.31409291300256126,0.25175561593348084
0.31300650122869594,0.257753294202986
0.321574049979731,0.2402841169027394
0.30759636701132,0.24892732133188988
0.3089480357877611,0.2426607802206469
0.31343116774072605,0.24545243101068404
0.3149525475899283,0.25350932003320337
0.32449166324144346,0.24594812777113634
0.31844676571506636,0.2543501522835918
0.31264818528780897,0.24439658313702403
0.3212188816677063,0.2493508355669944
0.32012694752916054,0.24712677952438292
0.3059726037288266,0.25330692837069063
0.32170185694029685,0.24149666059343391
0.30500139954841043,0.24960514197949807
0.32984162067816253,0.2532208215311099
0.3170346334337731,0.25466559456160126
0.31931531639929445,0.24763542996495905
0.31306990690288306,0.25514452712988805
0.3139354985928478,0.2512942130816174
0.3172128702327738,0.2493905400176374
0.3063187582240877,0.25852676025466753
0.31327752419928157,0.25187803962194094
0.320981610342291,0.2469340686152992
0.3114231750246063,0.2539946432980454
0.32265626629343885,0.25087236370911925
0.315005999072123,0.251092793589707
0.3071497131587643,0.2579380128142508
0.31222156086782976,0.2581278362150924
0.316495672318083,0.25188488956562294
0.31608867784396427,0.25721168900651753
0.30566298979412115,0.26461771388127364
0.30191585177634445,0.2547331280036571
0.31178337809443474,0.2421674393193598
0.29690392285010575,0.26005416377281765
0.3085412284900793,0.26243179810998607
0.30351829091027965,0.26122844433109893
0.29731767592952996,0.2532419811750799
0.3084402486334645,0.24978904892659037
0.2998662596915047,0.26160359340420813
0.30397831540896514,0.2481282352890168
0.3134706880976903,0.2546628275879143
0.3090087947126624,0.2578356006252614
0.30716909524924807,0.25495011984999766
0.3079399941592928,0.2539513185500192
0.3033629432523869,0.26010033775005387
0.3051466219732946,0.25880140387344586
0.3118407905053092,0.25764703000694184
0.3143654487384275,0.25668655469512636
0.3073340893093597,0.2569261554955424
0.30793586092040554,0.26194354484070853
0.29537805163787373,0.25446587946059523
0.29538611418981275,0.25825630600121613
0.28978144265637334,0.2572729148989782
0.3072109477336971,0.2503765188151102
0.293627051701923,0.2753002017021278
0.2993883494107571,0.24924373014905996
0.29402417934135155,0.26741007731494465
0.30314111140143535,0.2604416084725586
0.30140769430291725,0.26601545752797673
0.3001147951620272,0.25873026413385086
0.29318998254506473,0.2598092223458903
0.3088279808176136,0.2578701000391633
0.30892443944589976,0.26675409831505686
0.30990294141987146,0.25666001922094944
0.3013055984687852,0.2640405570780425
0.30764532569742487,0.2591063269930783
0.28774577548783076,0.26405829954201415
0.3016818524468566,0.2619186942682751
0.29831360381455285,0.2581577605816053
0.3137005232720277,0.2556630987252708
0.30609174626269897,0.26224255341539743
0.3009764495419077,0.2581633549034279
0.2981975523958899,0.26149549832108
0.29907950401460465,0.26049582401020427
0.2923117575511371,0.2666623911771255
0.2971020259500316,0.2648762130234387
0.31138534531291545,0.2597540287125455
0.2990386667508403,0.259379535164258
0.30674400953707803,0.263620813183464
0.3084066808611167,0.2585499886731868
0.3026170606552752,0.2683602189461306
0.29031254323561173,0.26497531697853655
0.31094503269349316,0.26612549718135825
0.30446680633953355,0.2734444191897365
0.3037250986821293,0.2601644332763885
0.29240415739406683,0.2656490044956032
0.3021920411511447,0.27640408284038226
0.2949162993234568,0.26514388376011505
0.29848437127061744,0.2663720581186042
0.29514249951709487,0.26810668532700677
0.28977749236990535,0.2690240756934815
0.3052975484355139,0.2656022861004179
0.2908940335595194,0.2716303440069374
0.3009917016602641,0.26079433346152237
0.29677015312349675,0.27271931913517367
0.2963958768149335,0.2640559274748227
0.2934938945277117,0.267874347547759
0.29839738389334974,0.26861467469926287
0.30521825889049714,0.2695239336422338
0.28903795993652603,0.27407095667619163
0.3001969740134735,0.25872061108015165
0.2819240887967562,0.26979357473999416
0.2977957479509452,0.2690491486727343
0.29501460455499784,0.27432116761490866
0.2879806214384777,0.26522392335088474
0.2996941856350383,0.2675957879218633
0.2892788378458911,0.262883557520634
0.29452693403551,0.2733948795412098
0.29757800607084167,0.27009953592324426
0.2916713642655382,0.2598496540500474
0.2918232720416162,0.2740809789060304
0.31109060849685377,0.2607958744695181
0.3009588743385196,0.25609403465826647
0.2997703929502425,0.2749699263382675
0.2948224710530266,0.2690142861869932
0.30623336685519276,0.2581318854967496
0.28567663582485897,0.27122095792086937
0.2963435074430918,0.2715804586665766
0.2927413583019911,0.27082436656882675
0.2984252536672252,0.27763059339156626
0.28269379772539477,0.27508176880467544
0.27863691633714077,0.2789282878204291
0.28271346642207706,0.2692194401633351
0.2829231739826232,0.2712257669859711
0.2824524471310129,0.2812609142859367
0.2842859877056558,0.2673391444725283
0.2836286296133229,0.27267508602599444
0.2826999787461068,0.2722817171534695
0.29191809400986446,0.28154861741934295
0.2825514404723157,0.2851862965718568
0.29306242100603713,0.2705814898174919
0.29473995841592665,0.27701073178177926
0.2882176181633591,0.27378918207919906
0.2905348077767702,0.2667290127906018
0.29402007831459565,0.26853851587650407
0.2843157904220774,0.27722506814516273
0.28622077204174456,0.2774437044197557
0.28330816298427003,0.2744187181046525
0.28321591833350573,0.2758823853205221
0.2869225028383453,0.2703586095640917
0.28567651215123235,0.27687568901211335
0.28372876543742354,0.27560406819650674
0.28240874529136034,0.2757434688509808
0.2773559280594727,0.273150088114383
0.2843324634005918,0.2831686335664204
0.2795701610451686,0.2732134735500512
0.2852963420319585,0.26458392849373624
0.2762502862208177,0.27405024813734513
0.2825150945170817,0.2747594110925387
0.28487361968162594,0.2659760868857363
0.2807043768512416,0.2711759185325119
0.2793351792599823,0.28521218939673615
0.2692822995645363,0.2788001473585588
0.27262024504703597,0.279450484381915
0.27836181708870733,0.2753655043836165
0.27311960534579394,0.28692385811719157
0.2730719342577848,0.2758258010029467
0.2824291502249282,0.2801101943540417
0.2846634334523908,0.28171183578643355
0.28102709479511323,0.29020576711397394
0.2698172856287592,0.2744774397818216
0.2797328003263604,0.29219711381689695
0.27244079707221325,0.28072974595429684
0.2704604628736159,0.28430118933258974
0.27746031053987225,0.28490984514373313
0.2645762676852776,0.28424680519395046
0.2749514598429016,0.2835485210103259
0.2632755641903223,0.27887941389278254
0.2549958582727864,0.2817325583454966
0.26554263343958484,0.28608406799353836
0.2770328320860674,0.28691638075956205
0.2686048084173969,0.28915121102242874
0.2800845108876278,0.28601450363858355
0.26092778882553264,0.28545941258247265
0.274220612405515,0.28214955179834306
0.2640977514734828,0.2883593800477331
0.26707281634942504,0.2745898950133409
0.2676537374671884,0.28867969553078243
0.2810776365773575,0.28912442352207063
0.25902898685427855,0.28945881666942025
0.26704868794523734,0.2829375862770367
0.26966854485282293,0.28312624897744243
0.25662006825548583,0.2856336492344746
0.26700032047406114,0.28462352345321607
0.2734242354254587,0.2867607945968664
0.26757735946760947,0.29020420437130046
0.26415369954650614,0.2784396316509508
0.25620170190410196,0.2880266185765112
0.2622525563188202,0.30210991867141007
0.2732418631025572,0.28832104496146876
0.270858963129994,0.2856399668353892
0.2602776369240351,0.2856436122743473
0.2624726389392918,0.2895062574374526
0.2569085899517419,0.2832106894734511
0.26834857615893803,0.2872410737062974
0.271054006026092,0.2855464121548612
0.26272710052340265,0.28034181762156823
0.25129048251428754,0.29165919038816224
0.27097625048385193,0.2856635310030594
0.2607900323507014,0.282214131014501
0.26074709772809956,0.2886823269122292
0.2759577887073484,0.286054292171609
0.2672865106344494,0.30553472350546773
0.275486962784657,0.2924434947878872
0.26470575413870023,0.2934978995507413
0.26521245627413836,0.2914025802279849
0.2603063911545545,0.289917495837929
0.26619270601759565,0.30548980570468326
0.26086595876007546,0.2967061630669616
0.2651697828554382,0.300278314392275
0.2578032465718515,0.3046045514711231
0.25833114627043474,0.29816772674207187
0.26431363066997715,0.29490194130703623
0.26127742850817715,0.2951181988217602
0.2581859861361409,0.30833746103972093
0.2752847202905294,0.2879426063328788
0.257444805451049,0.2966484109393345
0.2582166303333874,0.29694906479510463
0.25484010158998793,0.29404023009479435
0.2668838468515744,0.2964602947548811
0.27544168859438267,0.29236086040180975
0.25874897984481726,0.2914703628462455
0.25332657940596653,0.2945315575256826
0.26345657898384733,0.30678753973319445
0.26353185683565916,0.2975142879229499
0.26175235116403317,0.2964629406003172
0.2616183494139628,0.2873219677941825
0.2575756701179143,0.2975087981940542
0.2720073383089062,0.2941051646209386
0.25260095965488794,0.29741011170078996
0.2565911927404422,0.2915006155875125
0.2642050911707186,0.29784137363662505
0.25903423238755535,0.29146857801023124
0.26246038842817393,0.2989381181773956
0.2689741090310892,0.29903792474076907
0.27159120199932313,0.29747140707078135
0.2558321545788419,0.2948917711300426
0.25294416282649645,0.2968480936220305
0.259449939399327,0.301475934267574
0.25505946882137187,0.30156639176455213
0.2495429688734644,0.2951570105401652
0.2478993168884697,0.3007193613062621
0.25811564216700456,0.3068366315942312
0.250831671995995,0.302178161223124
0.2515546119715693,0.29890311701400024
0.25113994259594546,0.2990451332818129
0.2375857545021738,0.299989461290031
0.23833851414472168,0.29798568991949365
0.24874300271819547,0.3016096865322193
0.2445664288286143,0.3039558285240854
0.2385537040942508,0.29585328357147606
0.24812599148462758,0.2954075332204927
0.24082786974625045,0.3021423903819
0.24402608055337502,0.29935088050670405
0.23521748765207964,0.2998635634180468
0.24677215502311736,0.29557879989274705
0.24626702333427755,0.2980397119913854
0.2525194363047746,0.3054931936564239
0.24207464662277214,0.30085083597694207
0.23605738412742638,0.2962718610206763
0.23259366369234435,0.29197735115825457
0.23909985991058158,0.2950173122603198
0.25187051539393523,0.3032589218341823
0.24064289507933836,0.30465327515652624
0.25298249603324563,0.29817031784639575
0.24975154349104875,0.2974402450702539
0.24835580093915138,0.30394161634640954
0.2471641677290487,0.30315067795234873
0.24786476995616294,0.30023217737161256
0.24059441333183743,0.2943237624399414
0.25369287803127033,0.30255674853648074
0.2538741067474605,0.3052554809359208
0.25441307023265,0.3094443867531005
0.2413960035051328,0.30794910368473977
0.2450251192157786,0.3002733078949021
0.2532288729582073,0.30050208753075597
0.24393724497370914,0.29735086313765996
0.24199847738213318,0.29756522369381544
0.24141222688224998,0.2987890863901945
0.23567176217579536,0.30780354862439646
0.24173085656065524,0.3019687852503684
0.24571238027462083,0.31331398554931617
0.27058489890667997,0.3014122781991848
0.25784884012923315,0.31884293841115563
0.24179843657610542,0.3054797002862694
0.23922342584362558,0.30753636879780405
0.250790777680517,0.3046929320176918
0.25120656352436355,0.30950478873414655
0.25281692330088895,0.29530527172665044
0.2455303923016503,0.31987850963340775
0.24595295946085494,0.3038391419458768
0.24517670303821276,0.3004951868984551
0.2409587192871897,0.30410404415069264
0.24571259694817174,0.3105556718552418
0.24128756218629224,0.311480053672335
0.24787672935685262,0.30784910118317105
0.24838343365872742,0.31023496973816944
0.25691570458142193,0.2983003345515124
0.2519466937510765,0.31425792435624966
0.233974138847221,0.2998308437806273
0.23813978790115298,0.3029426103090535
0.2369558829326008,0.30406212525384413
0.23948904658286496,0.3095701346708022
0.23567754602802798,0.30519081391208264
0.22891727924515032,0.3050660036627738
0.23852210604701818,0.300346632474362
0.2367396227018748,0.3119787197367352
0.23968068805631235,0.30753216359892915
0.24322634274769608,0.30026643154909977
0.23758146421332582,0.3064525132923221
0.23852733217416588,0.31650216089650196
0.24424805441369296,0.3046990546213865
0.23942889530533018,0.30825262491063476
0.2466205088389119,0.3167039674831173
0.23161309597707308,0.31978445744940304
0.2348392637448151,0.3129907993887118
0.2349071397957009,0.3107330549855865
0.25697598254383935,0.3189779291230599
0.2346159385020833,0.29483908316025226
0.23797027485374092,0.314207149295517
0.23244133932372762,0.30181344261401194
0.23369294332701956,0.31364563293222764
0.23221064290463309,0.3080004979537728
0.2268626053909488,0.3171396850002867
0.2352007199292269,0.30696513781435936
0.23535393195539173,0.3091100271564332
0.24900894500725368,0.30441874380574335
0.24196662925968496,0.30583408826086167
0.23202685742606652,0.30710887842653245
0.2365681748877048,0.30363918997828254
0.23090080274033012,0.3115936999766621
0.23605472267905472,0.31616068537524245
0.23010149227107926,0.30601106043387877
0.23094689430476745,0.30951306265359585
0.23179519969286708,0.30200735159512726
0.2256596836473781,0.3131786683283104
0.22548793023301508,0.30778351981255375
0.23039898111460308,0.3108668259504533
0.23429997438365702,0.30787021020997185
0.2219197155607037,0.31511367475171687
0.23361724143525153,0.31134914820420556
0.2259633558915011,0.31290774802228
0.22929749169219413,0.30957128752982094
0.23229788123835657,0.31183687107610714
0.22618845140615038,0.3064522704056713
0.2265068920008689,0.3113397796229824
0.24403760940790556,0.30931266890666737
0.2274412992383239,0.3078020866120739
0.2351477810532141,0.31011494085435015
0.2293526551207902,0.30297705357782084
0.22759985225875928,0.3182699902496291
0.23436545993766417,0.3034869093609412
0.22297304363651704,0.3153173685353511
0.221707582208471,0.31515184518166
0.2252215899576109,0.31339315368235043
0.23540992236416985,0.30124647702685986
0.22742720870196068,0.3171451873465803
0.22393427006261776,0.31489131184454616
0.22458488954577382,0.3143912822985418
0.22391451898099118,0.3107293503508918
0.2322533947155908,0.31435475724353285
0.2345896885743307,0.3115241720318043
0.23338533030573325,0.31333116823886636
0.2297635923637769,0.31627179240817094
0.23348060719869781,0.3132465593669233
0.2215233500274792,0.3087586723861325
0.2221450455014406,0.3109890062607895
0.21657355625300315,0.30901877421539886
0.22873622172804922,0.32794163419739697
0.2266180208397966,0.31196171807301365
0.21717347059507608,0.3132603954704297
0.21011242625013635,0.3152342260906899
0.21957367270182876,0.3123646843124544
0.22949956453800424,0.313925775000929
0.21308204765044403,0.3178079751984167
0.21700990687650057,0.31345968426239806
0.2073211393488943,0.3092870695161388
0.22512390419964698,0.3114732837270443
0.21152117354364403,0.3108481957781072
0.22438910824346628,0.3186443135497897
0.21258643957188725,0.32517043803305684
0.22056635466503444,0.30858513001409993
0.221619309893944,0.31791984030676146
0.22146143195712897,0.3139564559940817
0.23482930044745018,0.32014346816001993
0.211617120756424,0.31910381026105933
0.21781802873804795,0.3105862346255156
0.2212230172915765,0.3180859701768146
0.2254182740688122,0.31406957742874314
0.21818550106698983,0.3121074294203476
0.2342307148865973,0.3126788980796423
0.2252240570184853,0.31496011058053863
0.22250274982025528,0.3217728447695285
0.21409115222575936,0.317761146004739
0.20981567274403895,0.31898501587823735
0.21594035570907372,0.31472150976790336
0.21376898489481003,0.32509308957594957
0.22778805713312952,0.3206192596571017
0.2064037651908496,0.3131898100939778
0.21838344637054688,0.31265471154956004
0.22302488472420764,0.3179385081347604
0.21702255273430732,0.31867857280663414
0.2271135985406353,0.3222276676322903
0.21875487793977175,0.3267693064001092
0.21557692479385318,0.31914401649534313
0.2190907803217495,0.32000928525081385
0.2286577247851835,0.30531153770957165
0.20710308682197112,0.3137507283103423
0.2318525061699568,0.3247984094125289
0.2185692294816723,0.3255054731019495
0.21719196479210853,0.31705339130284566
0.23092911931561086,0.31013771716790006
0.22557307898373952,0.3214944282273601
0.21642266010983033,0.3169060555880109
0.2092838662941479,0.32371409706822396
0.21790044879488746,0.31777475873230726
0.20178473827811286,0.32008690393533235
0.21296023808374057,0.32078889280578615
0.2118233255065735,0.3170042893981862
0.20678762102056403,0.3245953232705961
0.2128806656727599,0.3236070457461886
0.21028350466811951,0.3138258930360866
0.2152493210991106,0.32335013455509076
0.22190207885036825,0.32476877666214676
0.2041760032898218,0.3172990534894835
0.2096722328648883,0.31114951663466084
0.20630104209576738,0.3237177065675723
0.21030781684216152,0.3226340153269614
0.20840529859689924,0.32370740980124796
0.21700573397422507,0.3273039272456628
0.22287694803317853,0.32629344138533695
0.21027150244108203,0.3189941814241015
0.2216348798257575,0.3170233185760049
0.22079906554071743,0.3231839331756247
0.2161437038594258,0.3304125711546637
0.21933192115321867,0.3183389083303724
0.2172855040067962,0.3160676704713661
0.21170241341911822,0.32291193445540445
0.2025577610429707,0.32010698781291824
0.20996344391282268,0.3220979097574941
0.20577241214613773,0.32220880086648734
0.2181008801770206,0.31435656290033415
0.20983300968585278,0.3277047233149468
0.213126189705473,0.314842735793462
0.21055040575782105,0.31809260674277096
0.2135697225390023,0.3154470006453619
0.21674775834528848,0.3264240483113443
0.21249856387530094,0.31818150842631543
0.20276537404939127,0.32780995725356615
0.20434521440346062,0.3238365280214734
0.21480577059908884,0.324861559420193
0.20694783836114486,0.3208681153176341
0.217025831920797,0.32366406712303614
0.21190395997673406,0.31771265782987884
0.20305040674016603,0.32476115097435293
0.1939797354698124,0.33194234689880964
0.2091881794790188,0.32519765149373664
0.21557992863779082,0.3331632783163951
0.20034532080846804,0.31961618146241116
0.20148792484156502,0.325650697695061
0.20171619783632572,0.3220783841577757
0.19817461830149857,0.3236766039941188
0.20985498258784052,0.31808868480690683
0.202217932576639,0.3309242224812325
0.2068751343498955,0.3304650544673117
0.21304188196775592,0.32643858649627633
0.20049664636400708,0.32878237253300985
0.20940349173166167,0.3181743110472431
0.20440256117793607,0.3259010955549281
0.1968503206902734,0.3276342390464245
0.2034676480526803,0.32049159101451996
0.20472550600036982,0.31909251205991584
0.19651129383077676,0.3264901956230947
0.20255214939660718,0.32382537904438974
0.1979498170413625,0.33261600235816646
0.2068670248194503,0.31712087925963023
0.2046612321250866,0.3287821009623947
0.20747310694357002,0.32432838724971924
0.19951773234372272,0.3328729364257164
0.19651777465945003,0.32287968597206035
0.20132484785173785,0.31809762640917694
0.20280272568625485,0.33264563089667504
0.20412802197825322,0.32990854399777014
0.20108090992356514,0.3222111858405078
0.20365834624508256,0.3296853738759955
0.20402606926911665,0.3275997073852572
0.20759999032210172,0.32252026192469746
0.19376866731063966,0.3301288950497451
0.19637543438898103,0.33047380310113444
0.195946040921907,0.318370887200536
0.1898087973420232,0.3256494479519358
0.19055117721422934,0.3202672385543189
0.1928832331882776,0.3254626115847737
0.20290702305338756,0.3289239764194116
0.19148744029008044,0.33047994306523454
0.18741923759512763,0.3309300841382225
0.18628144642098393,0.32130861339186245
0.19563179504810527,0.32831971279699423
0.18410024580762802,0.31847247215850644
0.18929015320909548,0.3171314628974252
0.18470785322012,0.32850141540334243
0.19709432111851688,0.33532582146300377
0.1819821658033648,0.3265854840984456
0.20440831298641787,0.3287819961893279
0.19547959930424408,0.3388187866959552
0.18633428080486017,0.3245218775264952
0.18480533540954577,0.31712575608100174
0.18036331826383184,0.3280211612416301
0.18771524212304624,0.3160563727414656
0.19126808364841708,0.3234415522907326
0.191105938423912,0.32493479425457805
0.1883045622884877,0.33419485497717266
0.1970819577445326,0.32737259469921964
0.18932882954283856,0.32955728780363536
0.19491286400292626,0.3386159951333488
0.17960630658839433,0.3264630985779227
0.18378691336001615,0.3227271449070705
0.19077230817140528,0.3416874626508201
0.19718169380198586,0.32658529424550453
0.1862867151555617,0.3343025853436908
0.19241091819269565,0.32594764819082106
0.18522978949248295,0.32238835521554693
0.19415522494404025,0.32148456810171533
0.1839199321577605,0.3239558637116483
0.19080914527994236,0.32644979477372643
0.18188057245593756,0.32675129553991894
0.18772593054012562,0.3278911095148356
0.17305668553002632,0.329560628710284
0.18297910539938736,0.332140358315985
0.1840944811264254,0.3331629751887049
0.18892329365713306,0.3167248579246517
0.18154705018924922,0.3272187305512909
0.18407056859996593,0.33368869789733074
0.17299692947366016,0.328602279378151
0.17655894916899825,0.3330253523788405
0.1957001374594982,0.3310776026436394
0.19528301297918194,0.32607029814021893
0.18735565648803013,0.32247157623879424
0.19010869664941435,0.33671205406769966
0.18342615919497385,0.3302397535102592
0.17605319401457736,0.3281747622767041
0.16964632261776247,0.33338541849023173
0.17609331654954322,0.32593499817854493
0.17648719742262547,0.32728999631580463
0.1735543398556562,0.32688609845839395
0.18406188568022863,0.32376139260840764
0.1850755215664279,0.32141994186166983
0.1684641761748181,0.3414776897553945
0.18898620317656,0.3357748609243518
0.1807373604575033,0.3318538419082588
0.17121493565508406,0.328318235640653
0.1879075103866226,0.3248092926830061
0.1787084834799003,0.336382016682599
0.18259864869667794,0.340283991835996
0.1931851322529273,0.3350280122332654
0.18093572069807223,0.3460316212620833
0.17084499246147186,0.3357336121838886
0.18327734949452779,0.3226430124490659
0.18564705831744396,0.33420605491496513
0.19012885972407792,0.3318943534682095
0.17992669930066868,0.3371529466686758
0.18138286182990696,0.3340875441676945
0.18343102337274522,0.33557956825877
0.1882513882090302,0.3263378419375026
0.17826845305810496,0.3316897847119672
0.17442874504732805,0.3313581308611011
0.18988832187063837,0.33150753059173027
0.17008528801292516,0.33390669787555904
0.18271440969530273,0.3308342536551077
0.17687227726229254,0.3365485383143442
0.18099605102595,0.3304980883211143
0.17180774583534733,0.32190077656168214
0.1767915586791996,0.3374804872408339
0.17877745275810317,0.33535262073841954
0.18487319814818978,0.34513269072577146
0.1819008304756555,0.3378344164833077
0.1756272246374521,0.33512038453181126
0.17287105158076918,0.3275149443977301
0.17108367545333394,0.32732430467953055
0.15902402947211372,0.3382974586956407
0.1768247588041845,0.33593914751864695
0.16586546650625467,0.3302326821252707
0.17052667811121666,0.32408520785424605
0.16871567790979203,0.3331431454744119
0.16553696372065788,0.333927146668562
0.1723155491257209,0.33473446178433935
0.16032149275655372,0.33460104893935305
0.1585316741889483,0.32158588245502945
0.15767904432820337,0.3312707846656388
0.1751982362392111,0.3306514372354844
0.17154963490489694,0.33956041646836344
0.178526463423246,0.33391986080902314
0.16791643940692755,0.340372917985659
0.17183269464574594,0.32905685797247863
0.16427663969054368,0.3402559334350156
0.1718980287997726,0.33978849860106325
0.1774553500685327,0.3365137451938852
0.18661530610942867,0.3382129544754144
0.1789324935732488,0.34178138298142297
0.16238596166706015,0.32712889193356953
0.17792961765956863,0.3354728184961811
0.17314676267749313,0.3369058661696274
0.17522103364208771,0.3280096421610723
0.15897279516241467,0.34402501891957765
0.16491378267194642,0.3404847465926331
0.15724179938819133,0.33306460212357186
0.17010466790618495,0.3250576978778796
0.17025342339325467,0.3330248086217832
0.17029496881972694,0.33493046365424056
0.1686407011530828,0.3294970207455821
0.15591710585629392,0.3448442561146679
0.16792174014857408,0.3375081710768035
0.16521266808039617,0.33289579609187897
0.17573025016800606,0.32948650401373364
0.16678829860374303,0.33933969118435037
0.16516892392889393,0.33480246985729106
0.17191985505807794,0.3413182973125484
0.16264782918640963,0.33147814157219635
0.16684827581882922,0.33697921028580335
0.1791243730916605,0.3357975965598166
0.16688374986408733,0.3347854289029199
0.16622747510050523,0.34498040108828293
0.17816961229492953,0.33953698096751095
0.15596829085343336,0.32678914534120623
0.1654935391077428,0.3366008474008532
0.16446589919302984,0.3332408626536359
0.16432666795014567,0.32394339964363367
0.17194643272899712,0.34407454378957414
0.17196098909737953,0.3306293022127328
0.15810564195947774,0.336630840772044
0.1751197107472978,0.3421127097546651
0.14889682035548502,0.3486132548566037
0.16841885645891252,0.33113518154067356
0.1688071284962163,0.3430746323327958
0.16704801911081507,0.34018950253125585
0.17014109322933504,0.3422516265516901
0.1661976970948453,0.3453475773842809
0.16001063536887455,0.3399272775755327
0.16405770790131932,0.3428794423171304
0.16318769325492566,0.3355836873786452
0.15509632837198054,0.3348534735579313
0.1541317015760667,0.34270717028753467
0.16928411017824596,0.3268213532707618
0.15544067909796477,0.33381604509712304
0.1587667707401129,0.34041089660540047
0.1611971046252339,0.3426025371186357
0.16489705479640862,0.34518338267960413
0.16968017008252667,0.3487159482341241
0.16580132502342612,0.34345433001945885
0.16506948662762422,0.33407911628453607
0.16664454776800777,0.3321918427132868
0.15475144815777847,0.3390998507464424
0.15490367100210503,0.33257990716908337
0.1497968151741072,0.3324960721938273
0.14711966544049734,0.3407499941164068
0.16221299050551963,0.3403365822815251
0.16089257004383375,0.334470243219052
0.16500832156874579,0.34504556377745116
0.16761773140041053,0.34426382216287826
0.167024486180643,0.3473309281557851
0.1665734354849267,0.3319142392699269
0.16491018072852154,0.3492084819244214
0.1551384945525289,0.33843798443194706
0.14757405021482456,0.3302824245331063
0.157412087300168,0.33934768862003367
0.16699302704698102,0.3435133580769138
0.15688858853372906,0.32934172398140715
0.16261733180750584,0.3379172330989393
0.15905159041819558,0.33772376627311756
0.1558243350389713,0.34186816607194537
0.1676691105383748,0.3433336158272286
0.16156598846806722,0.33385033535761605
0.15708984568018364,0.34653252557145925
0.14997348207977776,0.3354240350338578
0.1445062966426725,0.33953599638189624
0.15494345528114464,0.3337561739229006
0.15729524415924512,0.34175073621653596
0.14834855211169093,0.33284344650213227
0.15298162175413307,0.33446579299158335
0.1493628987616242,0.33494121233839513
0.15785320062487926,0.3446365708418447
0.15564350584416642,0.33858671065573787
0.15402425357042393,0.33833514594164027
0.16349164644117448,0.33463114954854023
0.15115032691688857,0.347669295132193
0.16266178385911936,0.34062075317092366
0.15659886672832532,0.3424385654781864
0.15119549226202086,0.342521782302376
0.1578687612142966,0.3469732894711212
0.1621864589764753,0.34300568596856523
0.15924378741171658,0.3367155684164059
0.14376978525535986,0.34647793185205666
0.15140860769091316,0.3405003365081773
0.15007630700013055,0.3444926820385598
0.15140850335525083,0.3375966260315572
0.1475368430527283,0.3396919004510321
0.15525702720389137,0.33717679214497837
0.14865378836727974,0.32731383783480394
0.15213338622579156,0.35074133585256667
0.1490270081666639,0.3374123697400144
0.15182443690963374,0.34445816289375425
0.1532865716427642,0.3415112728317215
0.14329067373902551,0.33923837810170704
0.15276221429917058,0.33743429548219867
0.1558559146673834,0.3303965070322035
0.1486398334608113,0.3463275175635343
0.1429212972638892,0.3392593257021348
0.14417528390560364,0.3383524207603685
0.15298519774381622,0.34206323063737387
0.14320994816312643,0.34544416105485887
0.14971850017574365,0.3473105643620105
0.14760394814697325,0.34281038222899346
0.14624719909354467,0.33787309403946625
0.1505139736152442,0.3503177790701809
0.1459922023560987,0.3456536480289948
0.1414214070491258,0.3406009619426288
0.13929410504724882,0.3337860854658897
0.14425706871914779,0.34718518759859474
0.14840446248465008,0.3308050917058325
0.15752257562618302,0.34003186747501934
0.1445340003810486,0.3545368547259374
0.14253034494347944,0.3527342972312986
0.14623538999636793,0.34015432635634324
0.1458168816044569,0.3336121360466715
0.14362984847826757,0.3397397859590285
0.13924272047653008,0.3378460395869864
0.13261267659922615,0.3300225608251063
0.12965471739761525,0.3347496666198234
0.14231974428530106,0.3461418751022581
0.14735590213660146,0.3381986868427036
0.1487673961392095,0.3388630422199089
0.1488670991257413,0.34609021924736555
0.1513817157182521,0.35452419863983614
0.14684576800455054,0.3481716546856631
0.1393289694549559,0.33968089737509327
0.14272376052607133,0.3423440788624785
0.1402182035783922,0.34539109901446335
0.13190229514215565,0.3400328118749709
0.14064612596827314,0.33979076248841933
0.1459568724901323,0.3368576270256442
0.14702982970015407,0.340759683379678
0.14165877387718573,0.34113989349564977
0.14880496575480384,0.3480032917155998
0.1428925032619692,0.34770642258012063
0.14423839641869238,0.3481665934553102
0.14247004435531518,0.34430272802540063
0.1375527938915188,0.3480836530012648
0.14332870455325575,0.33402458080142927
0.13805657728081172,0.3457340137364082
0.13550528019550806,0.33178501920453485
0.1301725222800475,0.339389996526231
0.13631387447485993,0.3381618133477664
0.14517190971206778,0.334874879478812
0.1368505201899525,0.33795637850476956
0.14042378000135458,0.34967708705785205
0.14487212789110307,0.3422677375486488
0.13561175972360706,0.34256299947359914
0.13838889796231865,0.3446755162982625
0.13588549426099605,0.3392006212586947
0.13741359743912376,0.3352830533946606
0.13967844893515224,0.3429768869956339
0.13400553335375476,0.34858030123843237
0.13617077424942237,0.3303373175583117
0.14193529525665435,0.33860369012488545
0.12854234096868694,0.3480957092647074
0.13500955644408863,0.33858855608050487
0.135791012660489,0.34817206892045827
0.12477274562753253,0.34409401013485086
0.14527896686993316,0.34169414887849325
0.13619705405825117,0.35346871744029995
0.14172250895918617,0.336681374492716
0.13154274117688805,0.34183628906802715
0.12822783155740333,0.33974009114050224
0.13577094949791946,0.3481161677973644
0.13164777576892212,0.3448492824561125
0.13963774776780308,0.35513682145758957
0.13628572620362422,0.34251743590950035
0.1344308912847769,0.35175187335655134
0.12755550319850978,0.340180133911496
0.12719839998692073,0.3466334559988592
0.13634087051668695,0.3412388802300407
0.13258418755063467,0.34364136361511244
0.13599679952246385,0.34784539728839464
0.12984591509141727,0.34498987348867644
0.13415999812594578,0.347371359352445
0.13792107865639566,0.34534918973992756
0.12493665590844309,0.35258754810627946
0.14471487740839195,0.3502776493012253
0.12206686612940136,0.3468987981454171
0.1291434568677048,0.3500467903365876
0.13664139832544303,0.34892965591212655
0.11536005541139083,0.3381869647472253
0.1258806432238501,0.3405103543452059
0.12489113019302668,0.3385308785215573
0.1303162124337031,0.35342805417488354
0.13191380801519012,0.34485192811001847
0.1290629951803253,0.3628600419664218
0.1409502798520337,0.3463442100630428
0.1353862564116077,0.34058059605668445
0.13295164028954667,0.3368999188493842
0.12106449042871213,0.3430741942097448
0.1275578220066839,0.34745923362423614
0.12588981552231857,0.3558407372331136
0.12808241846307938,0.3484678850377591
0.11976506566124549,0.34493559629143067
0.12551312574341655,0.34132543333195203
0.13643458976785924,0.3441228955424782
0.13309230200811176,0.34387082588880796
0.12647535100566135,0.3451211049214354
0.11827757607208957,0.3333288570717486
0.12023623518446235,0.3524315067232213
0.128707834731599,0.3462768504295271
0.11971790423792866,0.3399170708371651
0.12670916501586682,0.3568409837109498
0.11971516426670219,0.3463529099448365
0.12910724661156445,0.3484612779694898
0.12837971185158523,0.34349108253909744
0.13797038928488053,0.34136801237232917
0.12330400219335938,0.34985558213669876
0.12051308866918119,0.3458288983128326
0.13316146538956758,0.34906651504838493
0.1377442442767357,0.345439858072534
0.13283783031615934,0.3434752974805878
0.12599272107385234,0.3496018964477436
0.13287396804551788,0.3366489374703886
0.11570681191951755,0.3430406612674205
0.1218248379486446,0.3479535700750174
0.12565949614528732,0.3436649276450106
0.1235156435262384,0.34259958753712877
0.1362844289653509,0.35405403438501043
0.1286952509217169,0.34690774629267906
0.12373672787376418,0.34650365741300293
0.12553911756882632,0.33619884830395175
0.11986933711530857,0.34324303956702384
0.12041091751479317,0.34713951119672526
0.12011498190752685,0.35182057111518766
0.12592415189280748,0.340924919212364
0.13155571322572734,0.34911649589272614
0.11169213997672263,0.3442061080235624
0.11976697401375862,0.3381544237029103
0.10891800079630665,0.34131704886539294
0.12253438321630696,0.34784025550596065
0.12474467814557165,0.35529557829493846
0.13357182616850696,0.3560683240555748
0.11790948528147652,0.34552206410691383
0.13025873728652607,0.3468822979730927
0.13371064749697745,0.34860831833000616
0.12681557905060079,0.35343192869863965
0.12358683841557191,0.35526337483776527
0.11929974957558179,0.344790815735616
0.12258512933552883,0.35105258984418375
0.12172573206656381,0.3495615015686385
0.12020738205990011,0.34215700913351493
0.1251635258342864,0.35143464446303213
0.11529580837673192,0.3453185649241206
0.12265160211719549,0.3365489253497593
0.1186824876929605,0.35746872108397537
0.1274389863799785,0.35150904684830653
0.11880039566160557,0.3446016493066373
0.10965144968959417,0.34346061752528617
0.12386265828468317,0.3490745905613087
0.12521555999589215,0.3466960141871237
0.11249731123088616,0.3469638663878649
0.12286900147389607,0.3447363953128305
0.11819004517904344,0.34887411710361277
0.11193602139452795,0.3485788407235073
0.11683657373150437,0.34126705278521174
0.11083127587529912,0.3458192225704963
0.1241548689968861,0.34480466068626825
0.12958010946037427,0.35904412255522855
0.13278701759337183,0.35606871029108966
0.11417799817140882,0.3442664698930993
0.11713315557190493,0.34098649650919655
0.11421003518386309,0.3374578337833166
0.11189525122776273,0.34592606904563944
0.10162029133072745,0.3536143555458405
0.12275321677803447,0.3422780914357072
0.11369939771834141,0.3370951409729478
0.11217664321358548,0.34302507830853296
0.11731348316730908,0.3493039840092894
0.10954107271081132,0.34645817859099226
0.11547779655941211,0.35252429977881494
0.11869361364203732,0.3475746516935517
0.12065094434218836,0.34220424842970854
0.11068722500692652,0.35156500189062007
0.10604064239625383,0.34647030038975324
0.1176599420072046,0.3502498080533669
0.11271888689634317,0.34523604488027676
0.11367022666413465,0.3453573131463893
0.10899815248571586,0.35523276804703885
0.11438017860628935,0.3394485688206513
0.11297147934087172,0.3432568734286988
0.12037012589119125,0.3554010378771576
0.10940878481867766,0.3503495777940925
0.1237399979641405,0.3489193793735043
0.12246530541941768,0.35095433517055524
0.11583871462715038,0.347486521949585
0.11438322179776839,0.3515523285545324
0.11467239806326888,0.3424668592793235
0.11505178014786342,0.34738432978862654
0.10172114446710484,0.34366304131156894
0.12590637269734678,0.34963947509795845
0.11407547814373643,0.3424350845840655
0.1101950045900147,0.35066881353807744
0.11991887981606476,0.35041350029207596
0.11130096417296305,0.3547137619122386
0.11143743093286396,0.35760489229347486
0.10333982686506851,0.3419316194187848
0.1094720904796201,0.3454608014538229
0.10324096775206042,0.3394692543351671
0.1041522357114902,0.35269371755988044
0.11708744452742388,0.35241567306050686
0.10205961740516419,0.3515092512391119
0.101674036649367,0.34720003084294077
0.10198470293051966,0.3412221578408201
0.11510900468769038,0.34821995412463586
0.11312909095519808,0.34913622837436237
0.11650309663178204,0.3583845892088054
0.10476838515853056,0.35062532120665074
0.10530176216240808,0.3529699319867819
0.11310344502914173,0.350052832341192
0.09848036435364844,0.35750274674401683
0.11187547507492845,0.36086024176436277
0.11570837223745467,0.36188484450988195
0.1099561297280886,0.35051732959064313
0.10698420850173453,0.3462898740185285
0.10803392703485683,0.3510717435050316
0.10431078344190443,0.35926811495788236
0.11309172065622607,0.36421961332591046
0.11454368158609103,0.35336493718424344
0.09532551926147274,0.34822869685260494
0.10904768466585273,0.34890543056448653
0.09369468209536458,0.3465457066211335
0.10596193546255701,0.34802355110932903
0.09445436987816598,0.3474350673519491
0.10951640064198187,0.3432189186841297
0.11297989109846798,0.3614718463896883
0.09654872021900752,0.35405878650341605
0.10294256180193936,0.3448972678317983
0.1107386063211893,0.3451902977685591
0.0873714630672482,0.3530828247533005
0.11408169589711628,0.3508514279886887
0.10566634368966253,0.3482734076622172
0.11673472115393524,0.35879928515178905
0.09738682348577514,0.34543242488425907
0.10351644960130205,0.35252889481562927
0.10522238027977812,0.3497149337005699
0.10172727805584929,0.3528999394477911
0.09561256406172194,0.34475189234717346
0.10460863888346111,0.34593873552148496
0.09903063583814695,0.3470352656132025
0.10251494551037638,0.34409932636663365
0.10446186129178907,0.3464982098549292
0.10098950363803169,0.3460029357416087
0.09280136273787169,0.3484193876218119
0.09890190570165855,0.3475702311767471
0.09255790080559642,0.3480717982278419
0.09470510503632568,0.33993583469017724
0.10066740402902452,0.3505799915540393
0.09936743825208733,0.35669595185066844
0.09088502997244519,0.33797831542096385
0.09610366027998286,0.34663380003494276
0.09505935157367024,0.3477831960477755
0.10394560519454742,0.3413190417666929
0.09185184380551341,0.348148520458616
0.09608861791880935,0.35449177664221576
0.09210793352995073,0.34572288590820377
0.10608938694461661,0.3515483230539811
0.10263756258104488,0.35172345800171695
0.08721123305160002,0.3492161318578056
0.10987973066656574,0.34933498791262685
0.09622830347626062,0.3553718273304914
0.09943400943716842,0.34946599816749113
0.10235637857081312,0.34782438496466533
0.10188250226190897,0.35797270731042724
0.0959721285291072,0.34279212089284533
0.09075789254403897,0.35109285562305736
0.09070559771977041,0.33315271254312745
0.0932003200358241,0.34242383781416463
0.09219737472694009,0.35540231369587727
0.08936298590712848,0.35412142772438265
0.09225809037930138,0.35501511709435923
0.0977862044558273,0.34873213756736016
0.09268838553387058,0.34642129820152523
0.10408667184890012,0.34477836071885987
0.09934308075632034,0.3618730654793308
0.09866712849147243,0.35410057890621005
0.09635369786197703,0.3460039652513163
0.08918484116472737,0.348548596091096
0.08731561240582683,0.3457240216176055
0.09306750089620554,0.341397601525395
0.09090330897169056,0.3502028945837723
0.08434622044398633,0.3481148456457665
0.09085300849450972,0.3538181690449963
0.09585447811552518,0.3527858353343783
0.08850986279069738,0.35177569397811753
0.09325350759087596,0.35289961810809495
0.08387765764431929,0.35472009106572266
0.07866722796811988,0.33977320792420534
0.09201299479446573,0.35229348293994506
0.08876358099621617,0.35197154730269087
0.0947369773960546,0.34468552166510014
0.0929759229027099,0.3389493707847603
0.09143887566983651,0.3449241727837647
0.1017766537517243,0.3534202548774097
0.08807716088652918,0.34776858996672994
0.0940588912970906,0.34206849168108183
0.09094696045507161,0.35761142635406246
0.0929381272563241,0.3510631129924266
0.09783895924511347,0.3546085351012341
0.08279198751922043,0.35696911785217456
0.0809788417991902,0.34701410746092115
0.08914196709304306,0.34677419273072124
0.08625049635387659,0.344842956732347
0.08759386906620013,0.355559056418265
0.08944898730259249,0.35391073533083156
0.09289503029319435,0.34497691889226484
0.08575647346801013,0.35549882628795154
0.0814996853997229,0.35236228458899993
0.08456082299710262,0.3490426391397108
0.08286456243519597,0.3525207860379888
0.08362929738043495,0.35411995683034414
0.07932480052618011,0.3530505620161779
0.09249307532566556,0.3554180970439318
0.09112201463688013,0.3469400594049155
0.08258600455306808,0.3514200602518122
0.08863011832672633,0.3566847515921495
0.08698906053225591,0.3545826973948952
0.08040022972122213,0.35549018065856614
0.07855591847545917,0.34834697937347914
0.08618615938921796,0.3434697653735853
0.08433283601818195,0.35886214558760987
0.09213726722470911,0.3447736946742712
0.0754169347040079,0.3440774230805238
0.08422631613596546,0.3511334527574073
0.07897940826691924,0.3521472334633469
0.09246006451814562,0.3614192793348091
0.08778151843923318,0.3521110167103928
0.09842599071677322,0.3542304293402979
0.08737811661282063,0.3605302880153174
0.08475187560112891,0.35117581114473717
0.08914077559665413,0.3474821719385624
0.08064073471170449,0.34316232679849645
0.07502356135424833,0.34422597980563596
0.08432496377979237,0.3514215390697669
0.0771335854353606,0.35740723656494716
0.08513439353291638,0.35303138474011403
0.08294852892321956,0.35397955294595
0.08445853595782718,0.3532604546865472
0.07448053285538926,0.3547298851406014
0.08023586067274087,0.34631791068032336
0.07096510630526547,0.3481823775736959
0.08018793263138717,0.34584879423113296
0.07688871167141548,0.3449983933118688
0.09365020739520412,0.3527482466826435
0.08671156523935492,0.3462951343780347
0.08118226594481597,0.34784872212485196
0.07786574903446569,0.35104381179695926
0.0822782471891274,0.33800215031550396
0.08888542300838705,0.35546782697523516
0.08070748974457673,0.350391646185334
0.0811089217988556,0.34921290899757856
0.07848938098313214,0.3498116241551995
0.0804049694571929,0.3481574887481043
0.08017944918501814,0.3531038709396357
0.07697771411295623,0.3537100498784099
0.08026401128362635,0.35136245933793964
0.0678279634643697,0.3457705801689648
0.08934791727653658,0.35020358867931745
0.07655816811209971,0.35473647316073054
0.0753872269997109,0.34861401658430535
0.08034601401450375,0.3492042447072675
0.07308468509299304,0.35114802104921866
0.0729916675525366,0.34665539902392334
0.0727452707212006,0.34467442107162544
0.07520499534159257,0.35110974743107354
0.0755350081999245,0.344124983377259
0.07167019135540952,0.34874736861222466
0.0877198560863733,0.3562635879757308
0.0738326549588694,0.34911064408574716
0.07423586837400287,0.3485779735638387
0.07037556027219005,0.34662788333738775
0.07108461038009911,0.3471224526347533
0.07506227851416301,0.35287248559070195
0.07223398094827374,0.345921480985615
0.07062334537128084,0.3482307749549563
0.07410501902232279,0.3466550377325156
0.0723749013717551,0.34580107719425923
0.08066173609973708,0.3534487359825643
0.08062899874610123,0.34012727058615
0.07409897750921306,0.3515148120823102
0.08145335363920395,0.3489014219723221
0.09766438146830836,0.3567550904979105
0.07838024655485921,0.3593208679738658
0.07708791684335191,0.3475109850331459
0.07614468966343522,0.355155046393092
0.07622541083645137,0.3481540659895103
0.07914296241640296,0.35754874484621124
0.08309438981422343,0.3491777182640089
0.07730771519066788,0.3431575666918434
0.0871925079881006,0.3528971301758589
0.07854302482923411,0.35889510075934283
0.0721694484938193,0.36252789452757356
0.07344195500332235,0.3492618945488538
0.06539076238269104,0.35303338368492876
0.08082015175096528,0.3528794301481388
0.07754791505807594,0.35331265936180106
0.06964480608463265,0.35628888302579464
0.080313516647036,0.3550692372136673
0.06901399267810543,0.3479691083166261
0.07506982524603051,0.3501473899615967
0.06925460261376194,0.35565499934342154
0.08360291767395019,0.3456626636320767
0.07387699769476233,0.35708514427552507
0.0791083294479862,0.356269264680307
0.08100048816895453,0.3501851313609257
0.06832876641984928,0.3462859944105937
0.07002748069287892,0.3586453411135668
0.0775718451928353,0.35689985192181994
0.08104397244510946,0.3535495870920187
0.06734665940399624,0.3475976887685639
0.07718800898464807,0.3539166527512595
0.07808671549213855,0.35562927559693186
0.06894139074203108,0.36226744069601097
0.07832020026626749,0.33883346813605586
0.06570279985063279,0.36595681783564377
0.07524372072368847,0.35555415897486004
0.07313025995585554,0.34583874306428375
0.0702952044958604,0.3509716712673654
0.06746414837203396,0.34582284962421694
0.06996053700800682,0.34976991816525266
0.07529056664465311,0.3631439743988444
0.06570944189643262,0.34890440106148135
0.06584108000935887,0.3514121339726662
0.07539704249617916,0.34764556496906124
0.055917426069222974,0.3486295038254088
0.06753611959834843,0.3573501051046705
0.07200505651346063,0.3468449432276665
0.06868827615804289,0.35380222590441074
0.0699308588884185,0.3404505580363877
0.06291417468857431,0.3544528802269683
0.07023206199786422,0.3553023053700306
0.06125876339766548,0.33617382980967164
0.07386073304967031,0.34678478145520847
0.06924184263419277,0.3601132324820688
0.06353212596165764,0.34340280523284
0.06805125373442103,0.3457157340815931
0.06890515264776063,0.3440660725612845
0.06281937921639287,0.3530092695074482
0.07166690454366716,0.3588269949863021
0.07065632352607319,0.34503465688248686
0.06466279112779005,0.34988677354607745
0.0774323782733389,0.3511565608586914
0.05628812173662187,0.34668749162972506
0.07887571042527142,0.35011977399314714
0.07211261808415113,0.3478474803687694
0.06717278119463606,0.3507439801234854
0.07473884166461867,0.357785567011057
0.0768729077734544,0.36314053268245344
0.06684017047826972,0.35295176495301483
0.062085766810452456,0.34294668994725086
0.0644203452894317,0.3440415813315487
0.07226506403004151,0.35526591250999695
0.07019359676900365,0.34010049714023677
0.06303576075211824,0.3497938295044804
0.05833294959214985,0.34752195262180297
0.07268068050968703,0.34955588167081864
0.06447539478801327,0.35062938581081843
0.06728062628323762,0.349751998537821
0.06757154426269259,0.3506369570065865
0.059832541259269595,0.3531100280910191
0.0653569415382569,0.34025143201110597
0.06095395613146483,0.35085897786434517
0.06616468934389076,0.35173808286803676
0.06396493079167173,0.35474478340889387
0.06991467698220322,0.3488244233661253
0.06136364600560896,0.3548298059749401
0.07228283666222048,0.3454686548050544
0.07665384993197634,0.3532251441320263
0.06237380844469704,0.35988048147499746
0.07352859469096891,0.3509086031364666
0.06128801246583101,0.3553738730835755
0.06595676078049606,0.3414883613332639
0.06069453211642433,0.3489502000370226
0.07345096161015723,0.36341616266917187
0.053711508661441774,0.3574070897714014
0.06409158272072299,0.3407837798621193
0.05246117414261589,0.35171998736949944
0.06253579305340035,0.3324273084284397
0.05217484205037475,0.34688853162043265
0.05244368635352712,0.3386038846177995
0.057241564752064274,0.3452394925309292
0.06050573847548567,0.35026511609341554
0.06976842629195684,0.35350056764593984
0.05788114127954074,0.3459847628224188
0.05828607160362465,0.345667426844069
0.05034500270435509,0.36158693101390355
0.06631034170675167,0.3554187567496997
0.06745215981869566,0.3530044100317064
0.06226057101481221,0.34939658272401497
0.06140052790539453,0.35130292910102884
0.05658493702720633,0.3429201283846295
0.05533041673834677,0.34264010331717026
0.059998536144856084,0.34017942748791036
0.06566651092738579,0.3477286122282655
0.06178552002216183,0.35158668556084965
0.05927015296005064,0.34180057451519347
0.050432608763242084,0.35925357326442386
0.06050626867046991,0.3542424320099227
0.06089761150960781,0.35157949957467405
0.06437927850965447,0.35784383720297736
0.060491864598580664,0.3493619305660867
0.05403274717892483,0.3445997036164978
0.059214261588319037,0.35049992019434945
0.04895736430551778,0.3481629377633118
0.05535328123877192,0.3548101876714895
0.05993575141538086,0.33984507190826624
0.04830380342412147,0.3522939812385167
0.07209962938077798,0.3449036505874849
0.05667328399819224,0.3493735969139957
0.054301604618872096,0.3453842361920695
0.06553437896674921,0.3544699183929307
0.05255162990237055,0.3464462679659946
0.05474991738694899,0.34663600519483906
0.052342306508181995,0.34801156981998405
0.06199871580787589,0.34891626705052436
0.05838067597709786,0.3557034094008474
0.050155565861402525,0.3535035784379239
0.0593402738240184,0.3421685344317658
0.06554424874382034,0.3552215836992404
0.05998902205739231,0.3556882873896612
0.06701926760730748,0.3494513229507358
0.05146902849865397,0.3524875753230588
0.05358859157381368,0.3575768819018108
0.06143218270287541,0.3518257113491222
0.058676571342442356,0.35160482890640116
0.05460408419488502,0.3489212228144222
0.05482246111467505,0.34802847566105705
0.06494116065579057,0.36008816733357735
0.064127569248271,0.34086930808809845
0.054802255249746766,0.35087815491465746
0.04637062874098274,0.3450863046398433
0.050870611065997835,0.3483299345704659
0.06149754545421542,0.35255752239107074
0.05731352572261986,0.3469994305088097
0.06366556364866603,0.3450505614479483
0.0639120999291379,0.35936787369860757
0.07068932077266606,0.3564452459179419
0.06137625863714813,0.35124280088382687
0.05688632415756459,0.35615748277389325
0.0563561032135503,0.35233869108350424
0.057518604610230464,0.35145045019185556
0.05289273855141848,0.34914257277377586
0.0543735140241246,0.3553887080754842
0.053171158833041375,0.34622960742203296
0.0712582816157088,0.34852701574551054
0.0571736426058149,0.3422540436716628
0.06058306745029006,0.356922369873273
0.060209783387997276,0.3479526113126503
0.04889167767616796,0.3476571253956123
0.06313560235897073,0.3533977997804399
0.04374044237188396,0.34940066233074485
0.049023435414612876,0.3463518997341564
0.050867606793852105,0.3527443660052679
0.06474022784864035,0.34778626042241045
0.04327877590922559,0.3445800651488289
0.0449197981567916,0.34258275870018723
0.04842820321361534,0.3512530297436255
0.052879051771690014,0.3492599315140906
0.058273608513522715,0.3458897541020406
0.055509008921558946,0.34911777536262434
0.05372274701529494,0.3487719172582044
0.048526034300104465,0.35416660828199437
0.053698331677737014,0.3509324930747451
0.054612145505209556,0.3489333379851316
0.05417913912611333,0.34679633657172915
0.0604959244099186,0.35517254938617604
0.05728721702089495,0.35250744502794545
0.0704271274905262,0.3579123872164339
0.05316213561097994,0.36009571715629773
0.05614868691974221,0.3528512879681433
0.05864497719055248,0.3551294420833563
0.05476215824481003,0.35774908378197817
0.05615547489305767,0.3523601355999953
0.060080503856634965,0.3530955078232118
0.05290973382854526,0.3549904962501584
0.056180229580201364,0.3504874775764189
0.04049036843274682,0.3466470620825645
0.05682207555556819,0.34936109129943266
0.04514533728734362,0.3590435260852706
0.04684140310210934,0.34317544788273197
0.05167960227566735,0.34596977730315803
0.04661880721246597,0.3520244599149061
0.05262793941373907,0.3497759368011611
0.058962213688710845,0.3522258085862509
0.05230766452589236,0.3583244546006511
0.05884491180019368,0.3515070632207636
0.06463953108908992,0.34683944644859893
0.06966089040903697,0.35762008451418564
0.055998588021459135,0.3608601347444594
0.0447480760690048,0.3508921772783872
0.0531534963352903,0.3643456570673477
0.05415543504562613,0.35221698020981246
0.0502411602996311,0.3478293493521672
0.03988586432059924,0.3566713188306409
0.04462378059131173,0.3511684173436849
0.04456948702840197,0.35109365491988687
0.03918851114729118,0.34240147194015497
0.04862048504647838,0.3568471162315982
0.040760766834188375,0.3523092885980254
0.05057309729083048,0.3401606446738942
0.041213860282606075,0.3418961680116025
0.044600306525028145,0.34638188428944755
0.04442346738096206,0.35351735187454986
0.04902725060356905,0.3442269288863438
0.03312010156120314,0.34976751779368476
0.048510546265843335,0.35175271723236107
0.04416601110460688,0.3461730566616495
0.049679424490756255,0.35024160289357115
0.03809867449144941,0.3339064576390223
0.05084200464716516,0.3529234838677261
0.03095901250584845,0.3470766909501734
0.04564092606406421,0.35129458622196824
0.036854779252631295,0.35276630973305323
0.050665829616988824,0.35630828310471024
0.04778905447279106,0.34715601043209404
0.048537535015862596,0.35520976383852254
0.03825140352767113,0.3521898796521708
0.04944751092924844,0.354418043571782
0.053354716740379844,0.34758751399960985
0.042103240597383754,0.36163769360099857
0.047386642966348674,0.3591868994344643
0.046341309342592556,0.35513034966737084
0.044410471209837134,0.3407052843869437
0.048219974972250064,0.3483961261168343
0.04332430638887381,0.3495200659695602
0.04206121663967453,0.3541947086243036
0.04736257050521817,0.33964776914556283
0.03879884309625414,0.3459560264529374
0.05754189797068456,0.34909080313715585
0.040317027815147045,0.35015899464547856
0.045524843420247506,0.3529405516574714
0.03092601840510408,0.3425236425234424
0.0390043940207677,0.34654790243811323
0.05322567813743818,0.35015333271173743
0.04013496524864125,0.34806616311310806
0.041484059398699806,0.35247272543771385
0.04610732722582461,0.34802268605354536
0.046681183155181424,0.3521920220823915
0.04770281379633617,0.3552086842780911
0.04000795522699571,0.34277263610270786
0.03357592257821082,0.3458032143951611
0.03447209427480843,0.345117870360206
0.039499463143511174,0.35557270069714936
0.046202998171302086,0.3456500721143524
0.04669105910338906,0.35258005183645624
0.03222386689823285,0.3525066552354208
0.029566982600784324,0.34389971929345703
0.05103920742375206,0.3515061172018631
0.04845128323296192,0.35740677484508243
0.04031646898472081,0.35412915797235983
0.04227880736727849,0.34429987449932914
0.03787756191140373,0.3591520970190589
0.03995210880641575,0.346388472208507
0.03877715595907927,0.35932003499495013
0.029896425333087798,0.3436796759068786
0.046658817072342616,0.35434127370092394
0.04843455560508031,0.3495712437820659
0.050573425877229405,0.3488261607402056
0.03633526132124786,0.3524172411301455
0.03764461973719779,0.34913347650098187
0.025096725987276382,0.34630028167388227
0.03419244676988511,0.34193843269320423
0.04409214515051907,0.3454191401910517
0.05078203575426045,0.3495156085868092
0.03996695596669743,0.3669535382354238
0.032286134143550554,0.3485749443186037
0.03060483953273878,0.3470626338779818
0.042570939832285604,0.3532320516252254
0.04947009171480638,0.354843254005894
0.04545269605446216,0.3516388558320526
0.04253014498854326,0.35589707770018175
0.03835884134781018,0.35192090289171424
0.05012977034424729,0.35262615286557003
0.05262874029093285,0.35831927810373637
0.03389116088499725,0.35613280806030856
0.038426962122697424,0.3516382810798887
0.03611099445925535,0.3521878477681024
0.039470377158648005,0.336447698971857
0.039945103097022164,0.35039484262011156
0.03801781051271678,0.3574271095323742
0.04376427971031092,0.3533562483150133
0.046322830252713894,0.34353792902006886
0.03864312181007566,0.35489554034618487
0.028019660801162798,0.35568992860588927
0.04083266278104214,0.35851040938852935
0.04207654754784386,0.34509998851759144
0.03739499770767049,0.3559384342277229
0.03380931794955752,0.3553930239268984
0.0341073965599544,0.3447673438984674
0.044024447235262304,0.34486163203988796
0.04799474933317465,0.3454192426309371
0.03346355017436716,0.3510133757837126
0.030974318211097543,0.34379194196836405
0.03586705921808194,0.3492626627353852
0.03834892419388148,0.3495033125727071
0.039745774780467986,0.35641450694697635
0.04422106904671445,0.35495568661363947
0.04332494424035734,0.35345448266281654
0.03783192537188324,0.3497496946629335
0.03200925207214022,0.35130332269824216
0.03151031924540793,0.3393298419638223
0.035290864980117215,0.3483760867798375
0.028809594914676873,0.3592461711360918
0.037945768943932395,0.34768307943430793
0.031474878604348625,0.35142084371596205
0.03608509155936288,0.35451823063257104
0.03644608706688193,0.36054244919588235
0.02518708601727361,0.351883141026944
0.03986774192579696,0.3507778641684179
0.03339013842740985,0.34453479289058664
0.030816801905487783,0.352944422746376
0.04471170113631342,0.350172779131211
0.03309252579135231,0.35838695336844933
0.0298493948456137,0.34170080941616715
0.042952933532805965,0.3603469312463469
0.02269270367955803,0.3470802033654339
0.05079451493390817,0.3586787128656194
0.03152525389895443,0.35179778454252547
0.03635191519481639,0.35346951849011476
0.04140951082639584,0.34312694385521597
0.03705831213150315,0.3588659253146355
0.03721127998365945,0.3492631025075179
0.0434591047637972,0.35262336301316466
0.03989044555100576,0.35909028292768314
0.025762189584346486,0.3465918873782451
0.02790146904969374,0.3462144979860906
0.02588516603324484,0.34949427920480525
0.038641149615699956,0.3473476747614938
0.03849544009326653,0.3495868487616159
0.03455424176492055,0.34914055411038186
0.026255577426961774,0.3515441074982313
0.02747060195796053,0.35003973254081533
0.028856021924119128,0.35235816228535904
0.019586624167261323,0.3497987518617415
0.033285977223174536,0.34003319212752986
0.021775465170747542,0.34719812380929554
0.04676218396676902,0.3597661653109144
0.020688535759238087,0.353817525343793
0.016514637778549935,0.3480965347821278
0.04515619044081136,0.35503858202747574
0.0327616001803624,0.349616495149213
0.028309992510583595,0.3407654920189142
0.02463035675605216,0.341513309257959
0.024608909163370364,0.3560370284130633
0.03760873451524395,0.3518343789321358
0.03282238092421154,0.3570209686027293
0.028982181177921222,0.3535099840789702
0.02325419076851677,0.3431793057022875
0.023863392625445626,0.35048729250645144
0.03234844967492523,0.35760255950710856
0.020043877152071028,0.34217678736099033
0.02763316126364918,0.3531681204652229
0.0324216202913419,0.3462262854318965
0.017095783094199176,0.3452396826642462
0.03300679717681012,0.34094836031530906
0.013803203021738385,0.3485298786572569
0.026951554203418483,0.34899224857164596
0.03137869705697719,0.3557345654133761
0.03227330569918394,0.347364289210003
0.012661387068771207,0.3513902184854169
0.028677448139532283,0.3547559325190645
0.01697161178297097,0.34797657364406714
0.023098860766979232,0.33817477434940474
0.018877574729272612,0.3428964799574393
0.02237765404153945,0.3448016850157341
0.016963834934880816,0.3488118415165723
0.020545432292914865,0.3459844890656644
0.022772132724717082,0.3371591978326955
0.025868991480906153,0.34978765978859455
0.026856294223684886,0.3580222589865424
0.023048817125195152,0.3580034333606428
0.03230075769515582,0.3512942491948232
0.019920821307900797,0.34287896722220057
0.021194357067284657,0.3475195485689414
0.017117955232884622,0.3616710837370864
0.02931113507118803,0.34398654024501657
0.030175232804772693,0.3510850500738764
0.018690316516785023,0.3499160501808049
0.02510187158975409,0.3367766266257716
0.026732031773744887,0.3451711807762457
0.021943581929779514,0.3419124124030813
0.03254462358348368,0.350516788136442
0.023830716672421315,0.34883943937060163
0.012646348191341977,0.3532086548952781
0.02054979282695698,0.3592070099660893
0.026587842398360286,0.3524631487501034
0.02284649121601809,0.3445228602192855
0.013935814540207099,0.347748267486712
0.02339499304200441,0.3480180184507198
0.022216057786657382,0.3473618061081937
0.018439071855869103,0.3423132993054735
0.01911188123650432,0.3488152923446645
0.008063702630627771,0.3490577206441177
0.02915793107537211,0.3486668280344357
0.03155159326597586,0.3545437125473717
0.01889574020241206,0.3400024299871932
0.017347085700146245,0.3454868774769838
0.030617522765457563,0.3482277312898821
0.024611987396464412,0.3452279175944273
0.023590198452110363,0.34238724373361806
0.015025462274023809,0.3425927224936324
0.01411051896701999,0.34287018817353093
0.014480053323674606,0.3543726789710418
0.017727551883358266,0.3441594103597397
0.026362437266291696,0.33886503948420765
0.013733272311443015,0.3604697835603494
0.02029229741494517,0.3460716824322947
0.02084532506788088,0.3402556198426797
0.01993400468223445,0.3450191306610321
0.008492136937731811,0.3569540129155823
0.011577598647677611,0.3473576145833675
0.030918406976896386,0.3452765388057739
0.024348761549308453,0.34684922138836516
0.019818514594220668,0.3405107127833004
0.01500148369399869,0.351493137180447
0.023032548513397817,0.34708382560107
0.02596734239667213,0.34641289909324335
0.02020195842628173,0.3499686470578087
0.013544305851266052,0.3502757764007714
0.014862955612640517,0.34270815008560607
0.019528952511962044,0.34507454283776934
0.011534270778950697,0.3513480320684834
0.0324840873181127,0.3467679698301621
0.00020775438846413541,0.3535364361055329
0.03043690133214538,0.3471892679444949
0.014657101108252467,0.348045864045634
0.019726825035350625,0.35313622483453533
0.026663005720531617,0.3476650219509646
0.0036796895569609586,0.34091521447393763
0.010788256249132632,0.33986405613720344
0.011793101436467125,0.342445707681861
0.018756376801349294,0.35272897229080863
0.007184560285881841,0.35678828779745747
0.009343263042239838,0.34516809024205797
0.006614194586077942,0.34446713076270935
0.014467561340695436,0.34728271578961495
0.014173054336258836,0.35457390134555244
0.009007348118746795,0.3410150370503726
0.006289444223709397,0.3440794826901571
0.012577917293701932,0.3549842508874548
0.008140128036810274,0.34456544006884093
0.016096357657050062,0.34520204453195946
0.014844902763391107,0.3477890747499926
0.00865725537683778,0.3392179650925633
0.008474335860609474,0.3473658234329732
-0.0035538780844333664,0.3392404937593386
0.011767066236551929,0.3417145703776062
0.0009053408476724716,0.3522317690157708
0.006121864436527084,0.34953375177908225
0.002124095405233278,0.35133926637717955
0.005974434228790387,0.3442579898767907
-0.00043723944521090505,0.33972139583817434
0.010572546247500255,0.33551130584059075
0.0021703996118206223,0.3462706321925627
0.009607183328099032,0.3364165057853631
0.016039602188356726,0.3475650502864262
0.006685500068066774,0.3475047794045785
0.022337311654876325,0.3516437519875179
0.010264954037703543,0.3448582267165583
0.011382184134963494,0.3435923674250512
0.007885633286112961,0.34922293579334546
0.019064286671286654,0.34727335862356895
0.01062051786265626,0.3524259435882894
0.006386667283257314,0.3467065303903761
0.0014601941286398173,0.34318158712846325
0.011204952714592098,0.3351376815780316
0.008257933469547276,0.33990341675595853
0.010634472193220052,0.35461518451074125
0.006876979068973933,0.3443312846986566
-0.0006150604448903042,0.3429559098573814
0.002799841408933436,0.3389840594252263
0.008578751403449898,0.3395194150652746
0.005798310456987787,0.3388242020447662
0.00867042040256256,0.34258295947522477
0.003928654926318919,0.3435120790952792
0.014628055290169688,0.34495410531712456
0.016044582173749024,0.3494385749644812
0.009547970027501528,0.34286094233377107
0.005805701060482017,0.3519331917737077
0.0064464583993977444,0.34748576763974587
0.01003523948529188,0.34742785564792916
-0.0016658728716793538,0.3400649065362569
-0.0029504059241492516,0.33398204823161143
0.004231109461236005,0.33961467052776234
0.006974176186062128,0.3433966786023198
0.0002002597232845252,0.34507385768427523
-0.0013759363521755723,0.34760421813803455
0.002893668451106402,0.34056908248057877
-0.004252686160359163,0.34413229030800296
0.01349075291270526,0.35773773424383126
0.0004381852439503122,0.33814856468242743
0.002410456592785995,0.33958453647701525
-0.006434800764640194,0.3432080232905393
-0.002716324514090451,0.3479214029489598
0.006258172489573323,0.3446359925955767
0.0022261426861049124,0.3524566524912496
-0.003022789595927067,0.3409957487235958
-0.010116653080861893,0.34101203470146646
0.010119825222698046,0.33869856058373815
-0.004376226938212463,0.3468519471825785
-0.000894310640578154,0.347035869231675
0.008032328406093298,0.3511559281515305
-0.011874349094831477,0.352442805178007
0.006383121226129317,0.34355489252934673
0.003336368654090404,0.33837180697746083
0.005095648369527299,0.3559439760932017
0.008526218791583298,0.35361943475935775
0.0031171322981708985,0.35454958277062404
0.00022762358156063378,0.3491163969097292
-9.06818670149315e-05,0.3400595716199531
0.0005580999781382324,0.3368866953126178
-0.0112663579289754,0.3501103917552235
-0.0008890383246432467,0.3519585936168146
-0.0036893106521576464,0.34518453968732576
-0.007101162907690105,0.34066785577713304
0.0003325277613234003,0.34193395814712135
-0.006941846958552318,0.3404899200934894
-0.0012349160111992845,0.34450764022478253
-0.007158253992557863,0.339313375764246
-0.0008660491169882663,0.35338334243267033
-0.007615138804660216,0.3438510934303698
-0.010769713647009719,0.33854649148994914
0.006409141819660865,0.3522821887957986
-0.00018835643598505005,0.34039925599258314
0.0007054189612798282,0.3461179819652631
-0.0011913859483018193,0.3455634485620422
0.005801087408976663,0.3435131247967748
-0.016704213550281264,0.3451194401799293
-0.01808633350866131,0.34026922664253645
-0.007434565720620749,0.3346173383252327
-0.0024664282902616772,0.32905432087355824
-0.010464828669863783,0.33624952901410643
-0.008595082575645193,0.34613613048500275
-0.01178871577101984,0.34326428019668054
-0.011189284470783163,0.3365659565815884
-0.016099533398158294,0.34281273590750777
-0.016696187030977895,0.33676302468566166
-0.01991331964594049,0.3416049638836312
-0.0049723599348512875,0.3382027877709459
-0.00845694506582751,0.34865363120606163
-0.0018132697036833112,0.34695518192697744
-0.007422648051607529,0.34347736867003376
-0.004483696358754769,0.339557783561493
0.0014655319964109966,0.3497306431844114
-0.009249209684990154,0.3432695439482681
-0.004174258823166272,0.34811636895125925
-0.000236977054263119,0.3493791622491727
-0.0007224267492436347,0.33967776340967337
-0.008063997883259613,0.34542212151186336
-0.0017288580103787768,0.34176014542267263
-0.0011895858217432602,0.3450131164816317
-0.0035153860529057077,0.3491499505764086
-0.008093805455980606,0.34833008112977853
-0.0002602302818773898,0.3496663930489954
-0.009847051397006812,0.34681750930615657
-0.007879375643573923,0.3395664868855678
-0.015089128291024996,0.345565627843838
0.00012335776188924946,0.3568053447262002
-0.004795820504259098,0.3442183690631952
-0.012866330898422717,0.3324416806075921
-0.012566921167904152,0.33901228433565345
-0.01645324263612333,0.34259843415327346
-0.016314363145771206,0.34215831491536786
-0.014930970029704789,0.324642842219278
-0.017055056911803073,0.34444891388490567
-0.005583395087306272,0.34887895434921096
-0.012858057606285993,0.3371722134009953
-0.010524618817182209,0.34275013756779393
0.0023397626798340723,0.33768705736210647
-0.010568370960755517,0.33259876234252667
0.00015465579851717368,0.3493916429741536
0.007637316054195398,0.3433963261956261
-0.018330568927980635,0.34568004599907626
-0.011321533518094265,0.3475138045073576
-0.013012019596046535,0.34065670120065544
-0.014622851599761304,0.3350980541395114
-0.008126421715038721,0.33951668694113035
-0.005863649806377135,0.3392708999869982
-0.018823407427127205,0.34187104102316845
-0.009657695652907415,0.3342042336554219
-0.010675035722394179,0.3456180946073864
-0.009059496997879198,0.34064005073676584
-0.0064354102892958814,0.34134397454810095
-0.020062172856096485,0.33471746649300177
-0.0112137644560149,0.3398372813178935
-0.008629612259795728,0.3437295426441517
-0.0060127741279505775,0.34666931034067433
-0.02129361700374195,0.33793521129009746
-0.0047128011109797835,0.34077948418811144
-0.011762588982462735,0.3402637130686178
-0.012567163788876323,0.3353000319529067
-0.01650500886613511,0.3364618480076761
-0.015870510533682346,0.3454101425324443
-0.01272797345130944,0.34517187244768555
-0.02340905867735279,0.3365153701528002
-0.013200770645756867,0.3429458715289632
-0.016140293946048257,0.3507793022214277
-0.006307023062644496,0.3411068800063802
-0.022035423525179627,0.3472477185557179
-0.009449183928942695,0.3416560284030213
-0.010658660219783641,0.34550589799292447
-0.023659302313198773,0.33833366169902274
-0.012392201096039999,0.33945058580995263
-0.012835505710118851,0.3367183484278317
-0.016590619041534468,0.34349181501308546
-0.02355756230611704,0.3449649475884707
-0.015447903567743771,0.3489701004614071
-0.009313412072009208,0.3416277338593528
-0.002276528966340524,0.3414565123679401
-0.0037123386742664924,0.33234048714143793
-0.022446536484201363,0.3339413271787773
-0.014759292108732978,0.34372601429092775
-0.01601399523677333,0.3444548063316611
-0.020494137359510448,0.34044292171174456
-0.014717245554877101,0.334752361529325
-0.013952650645648745,0.3464209418952033
-0.010533370833553176,0.3470875722133583
-0.020843149749540525,0.3368608695112418
-0.027200554923188153,0.3433360192855346
-0.01044495119158803,0.3397649370926446
-0.008413713923909417,0.3353962909339973
-0.012950797135561763,0.3463584021259869
-0.012393089167918815,0.33310997155838296
-0.01627062577475528,0.33939390773873285
-0.025759222973180704,0.34061616401013134
-0.0052919964491370776,0.34197713174521127
-0.01604571855617113,0.3498497333151456
-0.019626956597113516,0.33478670541630307
-0.013286241718258247,0.3480518271442709
-0.02211615909028781,0.33986635207290844
-0.023490666039196452,0.3301811422144221
-0.015193758953877732,0.34180848067817776
-0.010815996290147727,0.3425869172237413
-0.016228050026507925,0.3329250434767087
-0.02211775983201712,0.3420845671060285
-0.016952329277142738,0.3379730538166453
-0.028749835070263217,0.33590221138629367
-0.02003916580772316,0.33016309799105426
-0.014103651811003273,0.3504979412399974
-0.022324301040591153,0.34896938419433815
-0.01451884689018454,0.3314428069402341
-0.02027086182819792,0.33882223110273263
-0.014599801714175997,0.3357351346625325
-0.02978496942537506,0.3284280879745981
-0.02252332070425801,0.35084402576941204
-0.00781891276953907,0.342689828738564
-0.010815654455593286,0.34030250243052984
-0.013705290896062032,0.3401062555893443
-0.020325282069610096,0.34926624690095615
-0.026550746758123956,0.34229059935397055
-0.025457193584221098,0.34413352559807736
-0.027334602193826378,0.3404093448416746
-0.007447584017884444,0.3439549224599471
-0.015459824489620928,0.3336262305376465
-0.00946227792875323,0.3437703580329827
-0.01345037701662959,0.3531687578651333
-0.0070829253865632505,0.3418125173106901
-0.02947556012440796,0.34077553665321547
-0.01177291479168302,0.33719857437488776
-0.02171547440874178,0.33462362877586954
-0.024703841017052836,0.3382059600186708
-0.01567341294303823,0.34830335936450296
-0.011189352571296688,0.3427673440580538
-0.02132047458511557,0.3450375020646301
-0.016188563208975746,0.335817593229033
-0.01589653008411369,0.34969181066540683
-0.023545073361863622,0.33101603525191914
-0.025781686719613985,0.34072463783579593
-0.015421277510297825,0.34340719469876213
-0.016187556842796356,0.34252255092596046
-0.013142821629931975,0.33707507304079093
-0.02300704035815945,0.3472195857783785
-0.012789548001349405,0.3414360948830364
-0.0190003322688175,0.33208770353544237
-0.02137684513420377,0.33329166313716135
-0.02318419840252115,0.33314256021771554
-0.028519789941297315,0.3280150215653157
-0.03287951079828532,0.3413631269182647
-0.020312773176556227,0.33856771092270627
-0.020189185973834428,0.34080219513975846
-0.027344825642906984,0.3401438632188316
-0.016061515435018475,0.34390825050949664
-0.00820907176771491,0.35044685520528995
-0.019331739220764584,0.34599318741829915
-0.011502587204106305,0.341501116012028
-0.03186824128176256,0.3428796765094574
-0.02579547414047477,0.3323460735336787
-0.024013235192430628,0.3404933360256682
-0.019964739796891985,0.33428645645659033
-0.03110007811711131,0.337769227928294
-0.032426195636951205,0.3267141641102296
-0.03484943892959577,0.33546837426416254
-0.01924747656609584,0.3431862340313369
-0.01532171628804131,0.34435122206962004
-0.01855686175019318,0.3365537260707062
-0.03387064463354056,0.33326393864647086
-0.03035503432054526,0.330023500439632
-0.022083777360660452,0.34307242386993664
-0.025527584532340768,0.3398801563461959
-0.015690384947256608,0.3419372278291401
-0.02232185483777891,0.33023919985918687
-0.012321318600457789,0.3490491282534595
-0.028043397631277254,0.3390332350070651
-0.018001375907842152,0.33889609398146664
-0.025021403144348964,0.33441271339007894
-0.014483781341056535,0.3367405688044829
-0.018600383313446333,0.3366782332214127
-0.022013431475046034,0.3404731640192104
-0.02217972364265458,0.34119170712179475
-0.024116424213112674,0.3402605343002029
-0.012766447700851495,0.3476743774324294
-0.02386211948046508,0.34118972973780576
-0.028645403244626513,0.33082554740457304
-0.03381376071531816,0.3373910430849313
-0.023748338636481556,0.3428574064733553
-0.022608562204813033,0.3373267912451209
-0.01837529968272283,0.3343829408829311
-0.020886627084936008,0.3385887840730391
-0.018766727110191964,0.3412525551494468
-0.02940664356084078,0.33510360203397366
-0.024157444492242348,0.3383584416035331
-0.015183618571001785,0.3375710184192849
-0.018399388144125374,0.34322554898910185
-0.02382081000508623,0.3385567776273885
-0.02093908844246499,0.34407794712126016
-0.027640823193632053,0.33885476179620444
-0.02874909436536635,0.33862161200416613
-0.023580321300379386,0.3331332558029562
-0.024799173662866516,0.33177823290156405
-0.03019468703940352,0.34793465865886203
-0.021526611767029483,0.3418216602536378
-0.027307575273526973,0.33324860791671335
-0.032011875319778,0.3402087713685082
-0.036877812505549765,0.3361050693658978
-0.03371039130832434,0.33278572127351214
-0.01491431883603288,0.3396476221468477
-0.028316987623902633,0.33532145160401844
-0.026840652236857478,0.33114504168567266
-0.027270424697215703,0.3383635788490943
-0.025830657136149997,0.3334752456228507
-0.03511029165075992,0.345092557087824
-0.029656624271942603,0.3392698782047843
-0.03159871048203218,0.3392972497575932
-0.024932917650478947,0.3375900846176468
-0.01963248554135698,0.3460681895933308
-0.025088562773215903,0.32790299797377653
-0.02030926922279322,0.3384204608918464
-0.027691595249013243,0.3350980351371992
-0.02786208855223128,0.3379698190777825
-0.023696371959886223,0.33309522338391123
-0.025406246387190135,0.3357040516577164
-0.02604817063201657,0.3295119548599218
-0.03727959903571427,0.3288915455261823
-0.028647419243550864,0.3324676948102179
-0.04693879890414128,0.3344009250948694
-0.026985952459411978,0.33020554973434113
-0.024792501036364798,0.34241481625683207
-0.02741270291457985,0.33538975774228924
-0.027156351400629428,0.34207719679369913
-0.033334782041816044,0.340685585351913
-0.02860851221449909,0.33714147921146137
-0.0368642432419409,0.33632933555705397
-0.028984228838195552,0.34849250888399225
-0.031654350968512414,0.3302531866325422
-0.024636463251479456,0.3349847082138651
-0.03506665168689033,0.3397402088998701
-0.03977984180006932,0.3236397344082727
-0.0319309169973054,0.34354877622678354
-0.03292309607177774,0.335659605945062
-0.03763107742706911,0.33163361694149085
-0.03795319007155048,0.3466476279933912
-0.028752123663334003,0.32848916227110353
-0.034807711833143275,0.32879194163175324
-0.028667142106923917,0.3350346828470676
-0.03838709758314184,0.3419717103868711
-0.024881291601556575,0.344628289692642
-0.03473897015656115,0.33974760474059884
-0.032413145306710175,0.3338239918570884
-0.03074046318683285,0.3359079654806997
-0.032652748096345934,0.33832984925320464
-0.03229459894103577,0.3320595612210485
-0.0314081575498241,0.33274413231423927
-0.03296109555156449,0.33386957729271016
-0.03655831864947089,0.3299360094791729
-0.03847532590929554,0.32814514344971285
-0.028462450627182428,0.33102737918929764
-0.031366720404223454,0.33773258647422316
-0.03297431780816144,0.3479544271075881
-0.0324820832039845,0.3292420424755538
-0.03295692661765949,0.33534488795256223
-0.0391829090620971,0.32874555274232165
-0.03962565143795134,0.3322217543140778
-0.044145717325743204,0.33838315386038376
-0.03125379215232712,0.33749416706130514
-0.029517320103781653,0.3413801070083778
-0.035798648392682195,0.337516513773064
-0.032035774643490264,0.3361855523205947
-0.033651871590552385,0.329218041502508
-0.02769217552769409,0.3396216455781586
-0.0279308228900983,0.34470719010657913
-0.03699229923676419,0.3318789835268209
-0.039491587277870735,0.3381717435694889
-0.032898201685942874,0.34474279228689136
-0.040049687067427356,0.3299474461902156
-0.029015665117869835,0.33398238285661846
-0.04030454394167171,0.3429622788399139
-0.0392135702834403,0.3392030421914469
-0.033533108554026886,0.3308406575937427
-0.04305432915544871,0.3255038283465204
-0.026864371765909396,0.33008719908636736
-0.03290857857786512,0.3415483124982998
-0.0386707184353034,0.33585374164470433
-0.031323296579753156,0.3385122117559952
-0.040408987037339375,0.33220768187317906
-0.030551115357704425,0.33491987982493776
-0.038552756025331196,0.3307735828344999
-0.03153632703051004,0.33339702481697503
-0.03248661865700776,0.33908410728669863
-0.03686945405620626,0.3272509498975973
-0.038438704030638704,0.3422881497426596
-0.03565510545773389,0.3431406100635554
-0.03985333606919542,0.3296136927623502
-0.04665685015928398,0.32180515544965155
-0.040622775445999355,0.33546026370209947
-0.03140382844424923,0.3328686655505158
-0.0358148190595334,0.3382606895351479
-0.03502854001742182,0.3332384407707605
-0.034884169972711265,0.3375163814922359
-0.05276719564271148,0.3317826136240483
-0.04828099245154378,0.3269145391717059
-0.03843854972056307,0.32864878489695837
-0.040540132371274365,0.33844848354953205
-0.04364750896429723,0.3307816872614875
-0.03614287003513533,0.3312609197641799
-0.042972456404344245,0.33085979996036835
-0.03883637240542735,0.3321881768980027
-0.04398010516793796,0.3341788165730364
-0.033825381085684884,0.33470273801891465
-0.038629440454163756,0.32002335931728104
-0.038033274146288154,0.3325190174215423
-0.03456349561227295,0.3326243974170974
-0.044761255377940956,0.3283610579404632
-0.0385648170720823,0.3342170648288964
-0.03954202409379982,0.33279071078872374
-0.03207673632861917,0.3322951823158318
-0.047024398027384146,0.33026093430279907
-0.041109970184435,0.3315060029810983
-0.05368136607412029,0.3263696187874842
-0.04370161697189271,0.34058328969414453
-0.0482788646294814,0.3372076247474711
-0.03361384982890282,0.333229247490407
-0.04077027492354813,0.3292525569457257
-0.040153589241275454,0.33606150816593716
-0.03665967979794106,0.3315742809317086
-0.04668577300132892,0.3366397098820389
-0.038522239670516684,0.33403277981791013
-0.03591698362468281,0.339249566421081
-0.04195307407113535,0.3321068326395357
-0.04286793968245174,0.33986424462846976
-0.04045810079934034,0.33814263846887266
-0.03570934404211339,0.33502517557100797
-0.04482106069927618,0.3377748066284716
-0.038247341533941645,0.34151308929617635
-0.047345885940660005,0.33256641268998566
-0.04858037452745983,0.335531215091253
-0.037444568768204324,0.3339330415564585
-0.03833877369527486,0.3343939450857906
-0.04745728115679147,0.33660430185328316
-0.0445032736289037,0.33249940141170575
-0.042991429015888795,0.34562198472999733
-0.03998667716965283,0.3386109455290382
-0.03006643533722793,0.341404198902127
-0.03808590622023692,0.3325885548977174
-0.0397657202440482,0.34145349753696264
-0.04809787768635385,0.33998254390080573
-0.038363543283619385,0.3408631880871066
-0.040073739631944334,0.3349632903923666
-0.041492392673739574,0.33856688314640604
-0.05466624427227806,0.33014212678415156
-0.04840540935899397,0.32362330528260064
-0.03983616311418456,0.3206464280321341
-0.05105760428004543,0.33770344551353
-0.05273829982805376,0.3265621254196922
-0.04013740870452688,0.33691015448122597
-0.042582259195112555,0.33228844445732936
-0.042500757032275654,0.3290736783299131
-0.04546907003167802,0.3293877721576447
-0.0477677409771564,0.3328261246616568
-0.05345617352490768,0.31967466485253637
-0.034299701583736276,0.33334538461550406
-0.04154404534970763,0.3301062485748891
-0.05036789525888284,0.32947718103650503
-0.04426461932302803,0.32687749491167273
-0.05151009176536966,0.3379383883738894
-0.04760175862010985,0.3369920952940831
-0.043936230767284416,0.333350626042022
-0.04641029593534326,0.33340128142019265
-0.03598770214563439,0.3282693591282321
-0.051787239239379765,0.3249026388502948
-0.04439188037471428,0.3216868464155223
-0.041334465006779564,0.33111991256921464
-0.05145465804901874,0.3271722120841732
-0.05556962613768347,0.3367784437049001
-0.04040259684990386,0.3334080387740296
-0.04354165328393701,0.33514452826056423
-0.03743760057812499,0.3360219464795931
-0.04270223770495593,0.33389150135794654
-0.04028134924346848,0.3427369790381273
-0.033582787234635855,0.33313787992859323
-0.053190133288726286,0.3306040403763378
-0.044248802847046034,0.320043628763173
-0.04691810805414637,0.3332356792090947
-0.03913120167733737,0.34119206082380305
-0.03558633060205975,0.3312818178113673
-0.051553706134659365,0.32644651700149974
-0.045489498726695735,0.3279570219978627
-0.05306120725122622,0.3373755947872528
-0.0411687654905002,0.33180649137389184
-0.04298186795692121,0.33214923932506896
-0.05197996144885133,0.33826442272732826
-0.03417777963596986,0.3321016139548547
-0.04799688058583763,0.33187826769945683
-0.04342105051339638,0.3363628792520417
-0.048608799415394525,0.33584518233003674
-0.05427844443738313,0.3334146455252546
-0.04927796930631012,0.3344487998769074
-0.04574611096419925,0.3196475918839247
-0.04995957200709891,0.32509469709517624
-0.05096186742353398,0.3264073837479675
-0.05276105269934655,0.32830819013291185
-0.03835618518555056,0.33442622718335513
-0.05114895578890542,0.3274386185588872
-0.050122102787326234,0.3299204576297061
-0.056156900827080435,0.32670584154369275
-0.050021224085498674,0.3332935785591644
-0.05080916003703947,0.32858977334455663
-0.043290151129946976,0.3232781806546901
-0.0416112561154471,0.3313647962515967
-0.05807302145761424,0.32944241603390806
-0.04671960736426917,0.3221912942672473
-0.05066990152967078,0.33494437809741734
-0.046071695001723846,0.3388008958399446
-0.04500265732192106,0.3316530409943611
-0.04872041639594369,0.33552239912215504
-0.059600217761561936,0.3308823202193683
-0.04924578867634419,0.31810235330971304
-0.049659983450943024,0.32668490028346886
-0.049604797057594296,0.325000527647497
-0.042492777959608694,0.33187288154290856
-0.05116908098486906,0.33175317141325206
-0.04061344955139274,0.3270072343920922
-0.052480366323016496,0.32817806908789926
-0.04180589197975131,0.32836236447055933
-0.05064825090375946,0.33093878019665424
-0.05774484617629181,0.3206657964779063
-0.04670639454996886,0.32188639987886336
-0.052476587771789505,0.3359078777341585
-0.05460880226518544,0.3344082914282049
-0.04939384718020744,0.33888988777474
-0.04752303821115001,0.32810521831703215
-0.05030471113449449,0.33693454925414285
-0.04818850294302228,0.3294269991916661
-0.0376620220358198,0.32645758328465735
-0.04983091871618848,0.34202674957906565
-0.048555737486691335,0.33647674504794467
-0.0625786928948603,0.3314983953458498
-0.05258572131731501,0.3200036855298209
-0.04733196042741404,0.3306231825570608
-0.044630385166652534,0.3198500889934363
-0.04428121656351133,0.33346747231405943
-0.05455893477399962,0.325918864980677
-0.05122466922392454,0.3271498183508385
-0.0430224484321464,0.33079529128293467
-0.042361194656112405,0.31996172782319104
-0.047439449134933934,0.3425915592730341
-0.05365238428614358,0.33219449681445434
-0.04008054060930758,0.3304754639969723
-0.05351698869262768,0.3337320595783734
-0.052515237343410966,0.3362394492644517
-0.051445291145973335,0.3257355958155801
-0.05100732032314448,0.3280898731481514
-0.037925147459532745,0.335744388623326
-0.04304746160786102,0.3374682876400813
-0.04881419565810844,0.3294273244350769
-0.05600306398488674,0.3358920971364536
-0.06115652277052445,0.3240995967992286
-0.048670872469387255,0.32556675799007506
-0.05146664177854928,0.3283946267306147
-0.050542737006881326,0.3250325065522309
-0.05410702191121633,0.3204248844638757
-0.0504792218843252,0.3246597776642856
-0.06486605119318797,0.3269536148231785
-0.05349061478327826,0.32755683642111055
-0.054120188850956916,0.32754400665127187
-0.05554671223653946,0.32739039885825455
-0.051379914976320315,0.32331926287934554
-0.05541544024023325,0.3243322693694768
-0.05207374697316505,0.3328236793920522
-0.051726276500754224,0.3302594858792377
-0.06511800169799879,0.32396195377817916
-0.056687235788348965,0.3270400687521703
-0.04983346048075048,0.33101929334227304
-0.05470162455466851,0.330019586651215
-0.059323353644172676,0.3227458130858467
-0.05763720359958263,0.32290808328326553
-0.047963691125890016,0.3333268699324966
-0.050291491815248224,0.3246044318003362
-0.05064866783601491,0.3312001243496208
-0.04856964158780902,0.339060154493724
-0.052572411367196856,0.3307546031052411
-0.05420074682967037,0.327674515741544
-0.053118073984859154,0.32693137963165
-0.05074277750703141,0.3161003970783152
-0.054757101646785836,0.3276825358903965
-0.04821645468670899,0.3389129322910987
-0.04891421177195085,0.33713343516135624
-0.05295251332901455,0.32727483090558307
-0.05673358154684503,0.3337329849342351
-0.06000396682320864,0.33123332699551605
-0.0585755863298271,0.3194094218975308
-0.05527103330162762,0.3357464250748259
-0.054391990109097156,0.3276226145837911
-0.05595061326244637,0.3402001764431574
-0.060473496684990934,0.33359940643406244
-0.05571644365157167,0.3351941681082802
-0.052385201918004255,0.32965460228571625
-0.05889911468232534,0.3299626768921713
-0.05262868166336348,0.3242190810406242
-0.053949777451772665,0.33051885641623957
-0.06482148307925949,0.3330377058018147
-0.046902137062449986,0.33278839671830446
-0.05036637920106266,0.323277594967045
-0.0645025863684804,0.3296416852424593
-0.043949596957371426,0.339457342593925
-0.052414325906076246,0.32522961065968986
-0.05525444269659075,0.33138726260252277
-0.06397159947919791,0.3260855954302208
-0.046904344687881884,0.33280685693801165
-0.05708311137868254,0.3269916272396164
-0.06013101673035052,0.3317262196361288
-0.05935214653410916,0.3316724323184124
-0.05074532843267578,0.3377145795235551
-0.05137303925670079,0.33669324288731023
-0.06594890206604458,0.3290070487995429
-0.04821036644606876,0.3175849313774984
-0.05385661620952609,0.3275035715343161
-0.06003709763821665,0.3300335347763415
-0.053517988613783485,0.3241498813876362
-0.05551866270801401,0.3255843964542731
-0.05134580782510963,0.33255741664522714
-0.047169622838229765,0.3251320523845707
-0.06166434733490056,0.33345897335903973
-0.05498839484556195,0.325345643744756
-0.06660489687172146,0.33667472211448296
-0.051486106657984726,0.32965284968144665
-0.06553014805687914,0.3316532387387833
-0.04868751160822176,0.3293656463244581
-0.04754680612101256,0.3313734043249061
-0.05403666720965122,0.32115948337375566
-0.06712945428103965,0.3356096687794244
-0.062046933487514735,0.32625594352437
-0.050426671518231686,0.33269254922711194
-0.05813753729242845,0.3261419588388127
-0.060299432409626326,0.3288803150317794
-0.06153826758437629,0.3180348415997508
-0.06393466116808919,0.3236431400025308
-0.05807676467382929,0.32442973454113666
-0.06282824080857222,0.3277990886446865
-0.062019684968344695,0.3303038161282429
-0.053894807693494036,0.3256965409861303
-0.05710587682326446,0.3316102617319095
-0.05198954648786846,0.3309841003098549
-0.057679317747883346,0.3295188718773675
-0.05654893043525891,0.31995457312431685
-0.060079197656036164,0.3265442070959711
-0.05568311353497773,0.3312881298294187
-0.053274464358763575,0.326863830164615
-0.051785662440198964,0.3275066731436335
-0.06147121817034924,0.3250613831541215
-0.04298163500944048,0.3266451896740234
-0.05783429390466092,0.32749295994724104
-0.06729486486487316,0.33389349398421403
-0.057307034573608466,0.3307457996628545
-0.06936502574679397,0.33000025261596144
-0.07513309133387892,0.318827465826339
-0.05256524208846368,0.3283179476113664
-0.06415512889781223,0.3257552258399605
-0.05380621216519034,0.3268831853834918
-0.05970663465092628,0.3264547879153628
-0.06463816358912094,0.32163449910358893
-0.05487805060276084,0.32341484187649444
-0.06449603849270412,0.31986091674939604
-0.06780978614674905,0.323006795653827
-0.06360484338858326,0.3233661005554592
-0.0665270097814281,0.32097072809920696
-0.06286443806322,0.32275439356349733
-0.04978716895563176,0.320158590993304
-0.06945849242644485,0.3194860720413388
-0.06900821863058183,0.32400747341831254
-0.06964980117112383,0.31780777266080334
-0.06702381866186809,0.32203116566617546
-0.07366151209240944,0.3145647991374218
-0.06078365471210143,0.3207454942045182
-0.0628441444125328,0.322048938097024
-0.06695832244473207,0.3286589364140368
-0.05408585625289264,0.3255742925631799
-0.07036220668663173,0.3141365859210136
-0.06757807127695917,0.31980054793586316
-0.0679950740801968,0.31923971766364095
-0.060979590652752845,0.30879496218126856
-0.0759628258119329,0.32269545954511203
-0.06378603909137469,0.3142074039143144
-0.06568743030645269,0.31526607568384885
-0.06798154619801922,0.3250511934005815
-0.06684447719951853,0.32864618613800683
-0.05879742199777709,0.3362721393570829
-0.06350134427716492,0.3259631655389749
-0.06227501185277078,0.32711171572761943
-0.07013618812471457,0.3277939047627919
-0.05725715919249298,0.31697002880571945
-0.06722128015730812,0.31946790057328645
-0.07089304310832736,0.32070470806844775
-0.07345739027318929,0.32310110271228126
-0.07358869293622068,0.3215510343865551
-0.05983602203431002,0.33124848548059294
-0.06814645988339084,0.3193073499301982
-0.0648116395783519,0.3219064735838106
-0.06492835400920242,0.3230063718749501
-0.0652851884963528,0.33209484317364524
-0.06195021763499271,0.321005321018527
-0.06311693499415934,0.32706479713237113
-0.06490147140536263,0.319149219356806
-0.06502829161111373,0.32727790096010057
-0.05965603170752707,0.33049144096792066
-0.0664023271174698,0.3236125099430395
-0.062035213469386515,0.32592665006193355
-0.06812282311605775,0.3240550617401
-0.07388494211271063,0.3150812883617604
-0.06557504858681175,0.32750639744105
-0.07511865838364323,0.32186043921248125
-0.0680067839393279,0.32493230620941965
-0.06541241954085643,0.31189465106637965
-0.0614064276977323,0.32557271383711567
-0.07035183679043691,0.32474954720336513
-0.06787650693807028,0.32090000578323086
-0.06448936861424766,0.32058171151823817
-0.07051915668767748,0.3151156472510465
-0.06570174399168861,0.31867005726623826
-0.07190678373876597,0.33180969309399627
-0.0707914395979888,0.33079517902914896
-0.06217446338690529,0.334614270830621
-0.06697862997549629,0.32234252320903656
-0.06610155239898689,0.3193929273193788
-0.07204832889932374,0.32802438351057694
-0.0752721507063296,0.3253532734314314
-0.06733601065344784,0.32679543109667425
-0.0650334090579391,0.3244718761868195
-0.06211595553142833,0.3201053528518952
-0.06006601274287691,0.3191346573250459
-0.07499051981378657,0.317787987882867
-0.06726886608033479,0.3285256795166902
-0.0664314579003047,0.3287447137132762
-0.055711204633105346,0.3281585679784108
-0.07308335302427026,0.32918101335122557
-0.07366969104954968,0.32546474876725695
-0.07105657233286893,0.32088651210170976
-0.06315043919136992,0.3306832482823802
-0.06853080443269172,0.3161105420241711
-0.08288885657121692,0.3184383018558091
-0.07744419498829956,0.3313947760181454
-0.06770953337838531,0.32367211326878037
-0.06259845502943512,0.3218050501156794
-0.07518700247901322,0.3203887084697418
-0.07441018318586173,0.3256379168570364
-0.07676002631959768,0.32034511870162025
-0.06739508185052609,0.3230856089223398
-0.07942653431325256,0.3259869473128912
-0.06409086837778881,0.3205294517553417
-0.07258217552952086,0.31766614023326356
-0.06298025921991203,0.3279574415269921
-0.07024659058770598,0.3269314306877499
-0.0656579880246768,0.32124731825186936
-0.06777176116408681,0.3265226659395438
-0.07067194483647027,0.3225079336331924
-0.0749204906883475,0.32307990982009466
-0.06347707533520222,0.32694894224777854
-0.06490654406675364,0.32653574051593015
-0.06565826171556095,0.3152440451962978
-0.07553660826573617,0.3134127898005612
-0.08494815548901863,0.319054861869308
-0.07177943680172588,0.3230093072600126
-0.07399488470493196,0.3180124966387118
-0.07434876431731866,0.3082788433361867
-0.07441522417728134,0.30779717909839166
-0.072751957463358,0.31810026104715494
-0.06751119954130073,0.3253653358721068
-0.06737438822858692,0.32530526182829184
-0.07394419009126564,0.31534209366735816
-0.0756650019252248,0.3129792617367685
-0.06856205118172899,0.30941241177141565
-0.07805240653713426,0.31996591924067536
-0.06868855684994168,0.3172631381274439
-0.08015827226512151,0.322286895555499
-0.07902298727234783,0.3340921020518557
-0.07278882235981159,0.31190480241061636
-0.07848803419821225,0.31068262936185803
-0.08022732417436616,0.3211584751127627
-0.08412537662882004,0.31644242686187574
-0.07918885272870911,0.32037014431741884
-0.0704632120350356,0.33038327079568325
-0.07730000682540404,0.31892721381533173
-0.07740803124937946,0.3188924644312928
-0.06772938136240415,0.32295962717393967
-0.06340199001632543,0.32624447650874816
-0.07128828742300919,0.31942250878308026
-0.07632889967413992,0.3176677348984168
-0.06861481473089871,0.32171343043035794
-0.07703065728223972,0.3230235369951501
-0.0712485572813694,0.32350814567900177
-0.07585229336960478,0.31763722233928543
-0.07887574355529858,0.30974688346479695
-0.08245247789851015,0.3084576114937669
-0.0734653800512339,0.3320590201248141
-0.07666008741626257,0.32183101951385784
-0.07839240507549793,0.3135807081747675
-0.06780912587264513,0.32005789117563443
-0.07843602387756322,0.32178274800458084
-0.07938729550359563,0.3111963350162217
-0.07876952876889108,0.31804590491512685
-0.07434979171086628,0.3191363454579631
-0.08278373807031617,0.3180026050723971
-0.07044799926193425,0.327483914941397
-0.07606621963808832,0.3252474891359433
-0.08191997374495699,0.3153989726893713
-0.07973753126659894,0.3163320423360249
-0.08170219526098224,0.32604552706758055
-0.07794663869235442,0.3116420020428853
-0.08342210707731067,0.31548700095074483
-0.07932571811989801,0.31346321706817126
-0.0774037160759518,0.32863109994439654
-0.08582365287439846,0.3122857974814349
-0.07010732924870984,0.3182702216070808
-0.08359687706074319,0.3182185374590047
-0.08351532797152239,0.31534496725974315
-0.07769954334647058,0.310755906830309
-0.08205681287649175,0.31524302144343125
-0.08460772795445634,0.3075378741871978
-0.08195593192002017,0.3158758381148062
-0.08799701933685322,0.31867355753558924
-0.07279239250487957,0.3184234332343431
-0.09480290712109424,0.31812264320162803
-0.08926330526192423,0.30574587942516257
-0.08119709855644883,0.30726743317165117
-0.07603279401809779,0.30894979005254697
-0.08969028601921107,0.3139289612717874
-0.0851813834221294,0.309717456187669
-0.08921372853135877,0.32162561923014893
-0.07250613526285855,0.322925885261868
-0.083329281146498,0.3199158824920732
-0.078342821298582,0.3132579751873269
-0.08484898176683389,0.3200119175494628
-0.08034241777600151,0.31852658891917734
-0.07923838872738187,0.3160123515652839
-0.08371786926374879,0.3161373800876294
-0.07192846435435045,0.30334968706438614
-0.08340388297916297,0.3114082151910043
-0.08293182855759279,0.31790584194036625
-0.07951881852005978,0.32070267304719763
-0.08794511239577461,0.3285425963213227
-0.08466688883635903,0.32205498121193965
-0.07793027181471679,0.3224844249479488
-0.07897121338820645,0.32224116978670964
-0.08084273894846272,0.31513820032251316
-0.08788668644010512,0.3148007411819494
-0.07693646038236675,0.3157166638582132
-0.09098456953010345,0.3197799513417754
-0.09119287703872911,0.3196188229308834
-0.09266306007731967,0.31395721843065716
-0.07469696559542295,0.32319676726754654
-0.08529481268240996,0.3112451948422401
-0.08794191247976918,0.3231910453789844
-0.08870503767747377,0.32053366893485236
-0.08337876004348038,0.30829832026535675
-0.08639236892937378,0.31781090883902663
-0.08625393456712488,0.3209422252250709
-0.09065928996154729,0.3131581100768077
-0.08321839018166555,0.3151419711098855
-0.07518902677155835,0.31727181188821396
-0.07617595723612217,0.3167099952988256
-0.07790671820858472,0.3128607742900561
-0.08728555568129093,0.3173507809318356
-0.07820880434813288,0.3190890460233396
-0.07923422232131669,0.3210128761229625
-0.07776796712148891,0.324837906822424
-0.09329158408942677,0.3126330197591233
-0.08851037469855697,0.31647134780517827
-0.08601320727671075,0.3100704959747053
-0.08753462184998423,0.31351498394376476
-0.08348370207177525,0.31708441661179293
-0.08088753323060947,0.3240813398385385
-0.07547752309801968,0.33066874911890504
-0.07624050596122971,0.3174429659002627
-0.08196838694183001,0.3303054810802948
-0.08056641575698982,0.31522049046573164
-0.08370557823398427,0.3242102281074124
-0.09174470091059621,0.3167361142740534
-0.08283770197054872,0.30983580274108485
-0.09141982957896691,0.3172900771884061
-0.09461078417044033,0.30917097036387153
-0.09313573686631774,0.31706514781851125
-0.08539457771279638,0.31386247128786454
-0.08772504756397928,0.31081550881950515
-0.09139689858074129,0.3111824704761643
-0.08395882058143074,0.3153918484290167
-0.0856260216160532,0.3153789957069338
-0.08499396831171725,0.32054695362232555
-0.07756934934077246,0.32185083010861554
-0.08744996031475215,0.31539482592795076
-0.08490642869939333,0.3159432686921711
-0.08556826087259224,0.3177886403073308
-0.08516379046623605,0.3185217507935635
-0.0849173738533264,0.3213368399481144
-0.07529104209769395,0.31703241061788257
-0.08967187541433473,0.322676336817855
-0.08800093372626154,0.319521598625311
-0.08322392988135398,0.31863799689147904
-0.09181785122873393,0.31501106570349147
-0.08729815002382071,0.32027779269956747
-0.08245614709799233,0.31064836681799834
-0.09183450922298993,0.3140085855264406
-0.07631767621063074,0.3161970358040739
-0.08386940748745361,0.31505483690978975
-0.09147131200214002,0.31104147786205544
-0.08980650290187943,0.31823384237030083
-0.0913779070307592,0.3134271697435734
-0.09490214192800094,0.3126052337548593
-0.09261105120246568,0.3202133242093477
-0.0948062529741011,0.31053681516477094
-0.08714652045753554,0.307725728077976
-0.08725568375774956,0.30967211471947453
-0.0898935031329127,0.31056737779633037
-0.08736250517187753,0.3053395147517889
-0.09190177908860292,0.3106052647559193
-0.09066587539954558,0.3177953022502055
-0.0868525189718242,0.31444016130091695
-0.09088190171815855,0.3154611665143353
-0.08755305869772698,0.30208096729337497
-0.08547796110986071,0.3205383846808408
-0.09005873125560016,0.3161319517389404
-0.09557003978107319,0.317175101690241
-0.09641592876500933,0.307499583141552
-0.09666294404172507,0.30601383493775625
-0.0930901881437213,0.31206802792403854
-0.09210539642124299,0.30853048222279844
-0.08781544046608868,0.31466588669413376
-0.0923230927824768,0.3151436705163248
-0.09072214569744128,0.323703095325307
-0.07886644310200758,0.302466411046447
-0.09315505525698058,0.31584331710552715
-0.09182506279030843,0.3169738576053616
-0.09454372596772494,0.2989177599765598
-0.0871901299667255,0.31127917998232246
-0.09201162267570236,0.30619023972529014
-0.09163698274050562,0.3146381356166896
-0.09653516395993904,0.32121856600254806
-0.08094004117846071,0.3060236432225926
-0.09481267254468653,0.31049541989241175
-0.0939098903187293,0.3087008872844156
-0.09876373453913928,0.30527405904091054
-0.0872027740449562,0.31546974802132943
-0.08882669767432703,0.315723430432882
-0.09246081462812107,0.3164870302310818
-0.09731631436862681,0.31474745126866405
-0.10016217858541746,0.3025378231769233
-0.09504886915222023,0.3155072874355545
-0.08757414679262757,0.3135269404098462
-0.09219799595739879,0.30257371045226816
-0.09647351767538458,0.31078795308213664
-0.08656310911590653,0.31057431219436515
-0.08897828889564428,0.31130803592107925
-0.09449894371458821,0.31693937059931465
-0.08880772808818595,0.31748498457565555
-0.10012252874670814,0.31418629839540224
-0.09818402250205756,0.3133295291005988
-0.09394398148398261,0.3233000644596233
-0.08691866450714965,0.31749596367052496
-0.09260712358807419,0.3087469050260943
-0.08444078618132814,0.3102064610288715
-0.08744257880171755,0.32028480887290534
-0.09875441709909108,0.31645066510321246
-0.09293631181932557,0.31901528728755
-0.0941873948450197,0.3157444093833035
-0.10063858197140048,0.30369622967230775
-0.09646150463815235,0.307018530381224
-0.09391664768163877,0.3085324899984499
-0.09912720909776025,0.31464598264122107
-0.08525559782098277,0.3112651964736065
-0.0884549559806997,0.30769852906198514
-0.09761681537213629,0.32013930947547614
-0.09545249732247009,0.30620737264288944
-0.08436254406704141,0.3178384936090275
-0.09689962310485441,0.3221617489992032
-0.08288407841136534,0.3138832362273873
-0.09789846352521785,0.31238552078756743
-0.10148904737528869,0.30802061877863923
-0.10640710807827726,0.3082440216825101
-0.1004690002280766,0.30250660155024284
-0.10177181859883662,0.3005547792750905
-0.10367195102865842,0.308142796737313
-0.09611441454606637,0.3168352225277561
-0.09488286426493009,0.31781389500361057
-0.1038724748638683,0.30940687865023764
-0.0853248767167637,0.30614848581024645
-0.094836549177587,0.3068607779357312
-0.0955028445773423,0.30565889991588285
-0.09603428597125115,0.30871007558228664
-0.09294071897099558,0.30910149158194145
-0.09180025169906714,0.31311178007784535
-0.09568185208436311,0.3058570601607465
-0.0968370644187028,0.30856283214553876
-0.09461723627133171,0.3165140041520634
-0.09453764409986913,0.3170742537659597
-0.08953768621049542,0.30991811977567707
-0.08787028628883972,0.30974818827012307
-0.10279637488260523,0.31077766127488166
-0.09087049015576529,0.3128011181686699
-0.1022477270027208,0.30814185606171557
-0.09962257462308671,0.3160055367845616
-0.10256044649054018,0.3045351096774638
-0.09657784734772328,0.30549769034998064
-0.09599465059534333,0.30693541197228486
-0.107883890766848,0.3032421395495051
-0.09311358989178364,0.3031330287972515
-0.09246061329708925,0.3009289335890827
-0.09667662923144578,0.3096991179906633
-0.10958494446711438,0.31042186625377194
-0.09874627341807829,0.30758442674062714
-0.09526991709808089,0.2975791718158852
-0.10467254842370356,0.31195286434010305
-0.09820061150967697,0.29786348481069996
-0.09751022215101926,0.3057758760028944
-0.10135173243624376,0.3079784425203136
-0.09856271716268256,0.30113812744659096
-0.09539925030810642,0.2987045697320479
-0.1051858790777877,0.3005615606626872
-0.10645310731706288,0.3028984603546214
-0.09709814314106983,0.30973396577676854
-0.10146721483893029,0.3026494427108543
-0.11214951300295363,0.31101655200979833
-0.0978681882699405,0.31133844166463986
-0.09549295451237397,0.3055164516139161
-0.09396622067927211,0.30036554738374466
-0.09757503559547757,0.3027999076254726
-0.10914591753133114,0.3047123284538389
-0.1032104653016385,0.3056828575765557
-0.09801875116678757,0.31189182753232575
-0.10106618769763034,0.3036286029388829
-0.1056348797562283,0.30268538683680557
-0.1003300676925881,0.30725414374228976
-0.09459073836765891,0.30707199208821523
-0.09123851983462297,0.31012470616845983
-0.10440142851629258,0.311582183060994
-0.09727081584880588,0.31428800933023626
-0.0992377876626466,0.3129778244944523
-0.10096605282394663,0.3013432443306827
-0.10578234528709171,0.3032155686381804
-0.1042997174884862,0.3076535019776847
-0.10369955367066466,0.3075235551545484
-0.09321133301700191,0.29956903559182785
-0.10271777785002145,0.309344169752579
-0.10212078659214868,0.28852071908751753
-0.09575267448597446,0.31241867200404316
-0.10357831279708128,0.3068943822507569
-0.10296932660086232,0.30497321823267
-0.09392368957853693,0.3137119001309861
-0.10101954903362324,0.3173954836808051
-0.10032215293743085,0.30441932924672405
-0.1033415281941643,0.3070360903444551
-0.10110467346269303,0.31038239326390465
-0.09921314517604114,0.3086933696700111
-0.09096359834453668,0.2953830254124101
-0.10758972279491508,0.3031717491691157
-0.1007542686464669,0.30934171311098135
-0.1088568872672219,0.306290885611504
-0.10394222557648945,0.2999073112256446
-0.0988488123794319,0.3047279347996796
-0.10625589398296015,0.30894135604833894
-0.10501118317789729,0.2974186205129951
-0.10096972605183505,0.31562232617836444
-0.10237467650444905,0.30502645998247735
-0.10304769680109054,0.30005116153851397
-0.10967051310249445,0.2997316489126243
-0.09573744618259289,0.3071096633196218
-0.10970286704611128,0.30426298893672615
-0.09291005483981156,0.3059008904725959
-0.09880085245177313,0.318534919714099
-0.10869374945758288,0.3095779883415388
-0.09615661741540271,0.3080455491306298
-0.09718723543648047,0.3052282428501039
-0.1127807962595807,0.3026580603830792
-0.10244767591554708,0.3096488004342781
-0.10495957714707065,0.3053934792952634
-0.0970135307268449,0.30848094339198956
-0.11360293689208398,0.31198161506406014
-0.09693162591418458,0.3073971138033535
-0.10442365668352024,0.30740665043442345
-0.10400242827062353,0.29846092002871
-0.10621133841241144,0.31277908130550336
-0.10001169635409422,0.3042892356798245
-0.10154570533630483,0.3082889318134013
-0.10813088358270626,0.30119461841198
-0.10323244024109224,0.30318709744928213
-0.10690372208040086,0.30146939113585364
-0.10611009733473752,0.3069940748249788
-0.10462769905892488,0.30611061659709105
-0.10737843124098764,0.3023872548854133
-0.10080991549482704,0.30390404098685647
-0.09913251312769379,0.31028262242390015
-0.10106913919737268,0.3107513131735269
-0.10034940566291224,0.30186224203794215
-0.1070944009441255,0.311395717560472
-0.09989306892102666,0.30967877808116184
-0.104092727998413,0.306513531480932
-0.10936297561936073,0.3044011153382209
-0.10249054040277983,0.3082343403521581
-0.10691957224908152,0.3016889653180555
-0.1006479759490936,0.29540826865167774
-0.10238654118856515,0.29961275345293376
-0.11041734818915386,0.29793695839517115
-0.10771081917977698,0.31396110410284467
-0.10956180769237862,0.3013729390076246
-0.09834904398814699,0.30377805128731866
-0.11647813280776645,0.303091095153364
-0.11568749846778016,0.30146476353830254
-0.10328692629164728,0.29936645313335897
-0.1056153292808334,0.299011753752299
-0.11099954693482209,0.30837457654697076
-0.10897214843441583,0.29359222699145926
-0.11077368272955457,0.29857217499075245
-0.09931252418091202,0.30867540452155134
-0.11942640858871113,0.30749932003568065
-0.10388575993555349,0.3115116248168967
-0.10745993838464893,0.3061458753594356
-0.11551283392395811,0.3033786601724005
-0.11399902971779569,0.2984223885349172
-0.10587020263402876,0.30454732143442415
-0.10116395521025444,0.30035231761686365
-0.1182654341129006,0.2990137587110209
-0.11403392273710013,0.3033897022793134
-0.11501279530190825,0.3102979479188626
-0.10665625396575582,0.2928188577810486
-0.10773831433515012,0.30582364184703076
-0.1053207724918957,0.3007584512513379
-0.10538687358621486,0.3028797152506579
-0.11141249627179128,0.2958788799670052
-0.11150112460376305,0.300773416997469
-0.11067659371228208,0.3051613021959877
-0.10791863069508713,0.3055753636500911
-0.10395559917259563,0.3073620253281656
-0.09936376945790788,0.3065498539743004
-0.10585083844851566,0.3155522605390139
-0.10029740197832346,0.30132905629970635
-0.11110184927578301,0.317526318930235
-0.10135022982458698,0.30977735640251824
-0.10604750907530926,0.30248089656777394
-0.11077584970970958,0.3032382799413748
-0.11045417517895555,0.3052442355481957
-0.11273993615091377,0.3132629192555618
-0.10521447675015644,0.3112585003502618
-0.10367457686546659,0.31347828273488054
-0.1025823951975231,0.3089123769887124
-0.09100629568853034,0.30642100078061246
-0.11097289120083884,0.3021957928222434
-0.11893890102454638,0.3048390173519629
-0.1086505441971935,0.30179515124799433
-0.10343467973785668,0.30341067846146313
-0.09892481930830575,0.307628883330785
-0.10904854832492082,0.3109222075629278
-0.1058191917468141,0.3069519100753906
-0.1074984203591476,0.3019822965599004
-0.11366207560289437,0.29764986530080045
-0.11344333008945967,0.30345699442056434
-0.10357871844740071,0.30747962011268415
-0.11726934923961611,0.2965611337330269
-0.10984776171560502,0.2938368996531351
-0.10738483247349564,0.30009003281799085
-0.11291888374313924,0.30678895708118986
-0.11186248811646898,0.3079838655354672
-0.1194951155455319,0.3044058857849322
-0.10399003964641007,0.3045670227149508
-0.10219503195280105,0.29831386404184773
-0.09995856331355302,0.31017477017109146
-0.11133881621035385,0.3105801099651805
-0.10734802572830494,0.3029274138877989
-0.10369931694461354,0.30260444505886913
-0.11018569023042228,0.3012331814664804
-0.11101118479926671,0.29640543109740475
-0.11412995744698867,0.307471000077843
-0.11601612497285427,0.3049899997594051
-0.10493842975596193,0.3016975781699547
-0.10233575469666789,0.3135178672392949
-0.09978620441996609,0.3084293248779118
-0.10566473132341525,0.3091117154650515
-0.10442189227948759,0.3135601204646057
-0.11254112822846321,0.3018338301744281
-0.10675477711071266,0.2924827851423579
-0.10043920222427727,0.3161940181036589
-0.1046215103704156,0.3087792148596313
-0.10871607779851637,0.31099214156024513
-0.10750137648432259,0.3091439436018001
-0.1070562192770333,0.29790276353342876
-0.11513289808677926,0.2974931371833841
-0.10884216566868521,0.303042896934953
-0.11736234012523776,0.31378768729253004
-0.11749960735360722,0.29714276781444426
-0.11066235427636659,0.29557151783253965
-0.09943843990143672,0.3051810086593136
-0.11098411280117504,0.2959961371314517
-0.11013463010672768,0.3029115473225681
-0.10605710338245199,0.3056239199387053
-0.11825876211881052,0.3001391713481111
-0.10789188363452319,0.2968829612405591
-0.09763559168680504,0.30123817658601154
-0.10555422431944136,0.29769555307901474
-0.1117371247328075,0.3107409113286186
-0.10644405520996837,0.295739595475432
-0.10984192883843293,0.2984081328532836
-0.11240145580414912,0.2974478642288453
-0.11576259235253498,0.29079488419522204
-0.10998084153269558,0.29177517080429327
-0.11613230797560212,0.3049839720025006
-0.10514009179624215,0.29952671588106133
-0.10964887834953474,0.3080551714488905
-0.10529239863418544,0.30392469210066236
-0.10415520015195416,0.3060126331287401
-0.11273868967840524,0.300534720607074
-0.11299012417863734,0.30150326373110703
-0.11257067561105821,0.2918585054641212
-0.12263148442391458,0.2917833779712222
-0.10374061770250019,0.29797003744463185
-0.10994279915265281,0.3069022955509771
-0.10854866479646075,0.2920265365198696
-0.10723070370926507,0.2968883198000652
-0.11132804237684098,0.2967244881052876
-0.11806455588006332,0.30551781983737225
-0.1193246119869862,0.3017410344805684
-0.11263939233154592,0.2930678194413705
-0.1239404892650411,0.2950019582114549
-0.11987310841677258,0.2967744181079493
-0.11592999612696721,0.29388046981795457
-0.11164637897029846,0.3052656814820433
-0.11442628982648531,0.3001556090881428
-0.11426367956365527,0.3009087502594464
-0.11832738335821827,0.2969385417980824
-0.11744490301148627,0.30572239953284724
-0.11447502932382386,0.29675286159857844
-0.11444158106641403,0.2952912400118504
-0.1125860416914589,0.30348498635274845
-0.10976167460118663,0.30558203583221494
-0.1149299056413696,0.2999925978308501
-0.10776516297915109,0.3103848841650572
-0.1135954946352456,0.30360363217254366
-0.11998014316841533,0.29918156577165056
-0.10806608663476867,0.3004331422698462
-0.11116486086465482,0.31332254931959774
-0.10986763759669765,0.3101841586985143
-0.11269607256265923,0.30221102020821417
-0.11267811002016034,0.29906554731562546
-0.11136392499393084,0.29846627341885
-0.1225955258141473,0.29904235301125964
-0.1120358059971709,0.30421232142829324
-0.11944552699427818,0.30004023534756774
-0.11242220252097003,0.30854036976719384
-0.11479922666103146,0.3013658338594075
-0.11520625714176883,0.29396471950784414
-0.11582604581710178,0.2992520735467634
-0.11379632260596817,0.29974153365444856
-0.11771476693450315,0.30376832121464253
-0.11366680345261364,0.3002306106951466
-0.12185853681169138,0.2967453636011045
-0.11439280200505965,0.29481968767844424
-0.11892204105050556,0.30266195734543244
-0.11913630012971278,0.30662030340364405
-0.11746953102913352,0.3013622941049127
-0.1288921504090525,0.29461746756406315
-0.11739605924691317,0.2955448764305128
-0.12444113101707142,0.2946474034787532
-0.11658400816265553,0.29731312946186167
-0.1179656227698298,0.29797396515686814
-0.11106726788111598,0.30445391487150875
-0.11984977069439923,0.2902782665417322
-0.10717581730307267,0.3000613499844863
-0.10961382701135117,0.2950305149816565
-0.12477924498519612,0.2909120930363169
-0.12463591614779831,0.2947245853692185
-0.12064778911643907,0.2900061116175459
-0.1190042969514628,0.2929495694165369
-0.12367817683631681,0.2950893065323108
-0.12359868453078912,0.29818640662957785
-0.12194401181094894,0.2938043058543803
-0.11317400276275066,0.30346060686817666
-0.12701304139097855,0.29986977193138364
-0.12041844627633473,0.28546868854198454
-0.11549371262180917,0.30178617142317754
-0.11741646697240077,0.2926286921541386
-0.11575102198875724,0.2895262167592491
-0.10591915695647684,0.2959045280752389
-0.11276337399512855,0.30514030680914095
-0.12246101141436044,0.2967446050254284
-0.11847779511328607,0.2968237695330987
-0.1229115202252671,0.2974186238174818
-0.11246990529490457,0.29820232126168755
-0.11031926483239635,0.28594227303177217
-0.11872722227872574,0.29818531815191907
-0.1238057122798892,0.30400629436081616
-0.11897139940074687,0.29539034878440507
-0.1203346091286862,0.30233396447691524
-0.11461977083773213,0.3049956868492129
-0.11928321797998848,0.2980090120090663
-0.115582651014057,0.29977450885310153
-0.11699487961120285,0.30725180606188174
-0.11708617971493093,0.29476083580748225
-0.1215869820927212,0.29630732855399483
-0.11314079988346809,0.293540238926749
-0.11414660719086839,0.3073700394605125
-0.11275911243970799,0.304339883770211
-0.12309012078424283,0.29869800101823624
-0.12388044752439605,0.2881236473142804
-0.1289562978045612,0.2946719492370705
-0.12629811920941875,0.30665778032824154
-0.10332306378618843,0.2989786779557203
-0.11960569962081273,0.2993499406066224
-0.10873336393825736,0.296756837749836
-0.11332128212900279,0.3029449036914956
-0.1314327878108579,0.29584864005256156
-0.1183220973179854,0.3068632446563319
-0.11577323263680275,0.29074881865618457
-0.11938858479207655,0.30178158395583926
-0.1151601980945564,0.3005476644305642
-0.11440651154138397,0.30226802194480873
-0.12242208823766368,0.30342348989713297
-0.12476104390486203,0.2899695262449501
-0.12191355281847198,0.295928903214269
-0.11865435074959653,0.29332693768666873
-0.11758329217762176,0.28618368110004916
-0.11711992879312723,0.2948172762935431
-0.12523498424336144,0.3010364476179545
-0.11738290993455375,0.2968645112449652
-0.11615995180215112,0.30288487992618546
-0.11475131204068599,0.3020852018287149
-0.10730326641230314,0.29512228126563816
-0.1277322459759699,0.2876297781834376
-0.1151644209146712,0.29237550216916663
-0.11862266027658731,0.2976794798229442
-0.12425456177067432,0.30001214936124193
-0.1173144146207557,0.2994577456506754
-0.11434910685829096,0.29765002475890473
-0.1204894130586636,0.2918495572299688
-0.11106844620406212,0.2980482700148488
-0.1155249502615264,0.29701634529267346
-0.12366516428492406,0.29753969920860923
-0.11527574802504224,0.3043760727597884
-0.1181782162423682,0.2977754029132025
-0.11965514966709076,0.2970947712701926
-0.1193452463558474,0.29799126979856894
-0.11613563333541342,0.2984005191110225
-0.12173481359684928,0.30267295095250996
-0.10895361511105198,0.30547242423924925
-0.11893354612551338,0.31022692793186385
-0.11789161949319277,0.2935469793723464
-0.1191838955030897,0.31225155396049065
-0.11546784953960641,0.29187289535963856
-0.12168267402554851,0.29917720050043883
-0.11218907622358337,0.29593633018103993
-0.11226271746568352,0.3083681686157669
-0.12038172994147835,0.2995244519392221
-0.12971749251741627,0.2910608943716658
-0.11786778067156897,0.2949321347551993
-0.12373026321468011,0.2999606879567054
-0.11926023032497958,0.29734574028352584
-0.11258430114293427,0.30062919774943025
-0.11323463525419149,0.3002766054093482
-0.12097216006823383,0.29612029216580693
-0.12737736960161028,0.2958142779755292
-0.12300717604717265,0.2897703092931468
-0.11577905993990471,0.29691866664430944
-0.11326713434357238,0.3035332980543195
-0.12333607915110292,0.2931569427384655
-0.12462918216921147,0.28929583583695273
-0.12686211952907003,0.28949981032477473
-0.12744611011927745,0.29510798648240405
-0.1161561560108753,0.29626269564848173
-0.1213115337802844,0.28683821541082644
-0.12544935428939635,0.3028819651517414
-0.11944852242438676,0.2977628918085262
-0.12592357086098527,0.2909801151143534
-0.12071854857041445,0.296541626472017
-0.12193032254205122,0.3016848075279753
-0.12784325465612056,0.2936262998608471
-0.11240436881073472,0.29542232936589274
-0.1153377509533208,0.29491616818274713
-0.11697411549914885,0.30128896600036764
-0.11943808399641268,0.28980642739072904
-0.12075503188279227,0.2931400648778778
-0.12976902919869773,0.2901985214677684
-0.12315079607285312,0.29552076480835054
-0.1201352666677945,0.29681866098688653
-0.11449259954692917,0.30594402477022964
-0.11662441157614326,0.29728397963107783
-0.13304672942784915,0.3003117053973329
-0.12169083276083366,0.29046663033355596
-0.12272512946864558,0.28941398236124843
-0.11302357647636174,0.30557563099685875
-0.11214702481751386,0.2980059491749123
-0.1304141489776191,0.30320013155526027
-0.12470955408642802,0.29175792529341005
-0.12025131435221098,0.296869625457879
-0.12153564956685652,0.29801657893302336
-0.1281665407788169,0.290055424776713
-0.10911249571099073,0.3005246721536019
-0.12718634068091533,0.2930575541924241
-0.1322112185421822,0.2852590745355319
-0.12643576252542207,0.2938679818753165
-0.12653441177535976,0.29275413973422615
-0.13180866831193028,0.29623473028573016
-0.12041962869286964,0.2942258086337964
-0.11231122482847992,0.29702568596927964
-0.12627064188528042,0.29792382931029093
-0.14019344919361013,0.29001810815548756
-0.1326119842645963,0.2886083984290678
-0.13032864752582446,0.28338233300890936
-0.12141745184617422,0.2904614555391438
-0.12854420076109419,0.2922275645057066
-0.1349264446357588,0.285581682579458
-0.12361721585664001,0.2896776363555954
-0.11998842350452504,0.29636779559804555
-0.1211841351623498,0.29398997007522093
-0.11935522910678621,0.2818561184824897
-0.12751416416140318,0.2973583975207318
-0.12712000437297385,0.28821294444025575
-0.12784660065756617,0.2876650689643608
-0.12791443999434282,0.2957444201920068
-0.12407005729305533,0.2977979097575969
-0.11758952929912674,0.2896931678245375
-0.12613450317794453,0.2922943464977537
-0.12371178942606133,0.29201962082079863
-0.128035154178707,0.29846054537954303
-0.1269891035338053,0.2881103311676086
-0.13841510438480886,0.29152622080767016
-0.12544520123644962,0.29683733591411593
-0.12751887549988195,0.2910569347409599
-0.13499379327612435,0.2896955545026939
-0.12684528018106275,0.28223255803372466
-0.1368744996402648,0.2949516646184336
-0.13147577746913267,0.28909579185148926
-0.13676135395881997,0.28571085831430865
-0.12887339339810763,0.28835216388839885
-0.12316441515848228,0.29116254737960295
-0.12506983532450833,0.2932371609770939
-0.13210397376851007,0.29924272639777233
-0.13041874403974446,0.29855373558157094
-0.12367284603520633,0.2987657855890284
-0.12456797193097253,0.2925015103616316
-0.12089609308547508,0.2865637808705964
-0.12773215239756783,0.30011527636961693
-0.1237970108331172,0.2821446511138274
-0.1369448599483613,0.29424744504038436
-0.1274969959919896,0.2895148104509634
-0.1244444626003115,0.29329332603860364
-0.131593052248469,0.2919989136358414
-0.1300953895528102,0.29118347638131814
-0.12089987318657351,0.29642101128921555
-0.13536330903216767,0.2925163792019077
-0.1324528349438623,0.28890361608536014
-0.1285063729216082,0.28508927999647116
-0.13141250749027486,0.29810477186411133
-0.1264860941497166,0.29038983782369154
-0.13334755319868952,0.28993717906164373
-0.13376646311959323,0.28574643140057104
-0.126750324107792,0.28893277995104694
-0.12613919488912878,0.29486934926428665
-0.12814885058408307,0.2843015654234499
-0.12995367297108235,0.2845461668037352
-0.13270482064184194,0.28834455122830016
-0.13311705529819234,0.2757745915662272
-0.13078881131216355,0.28723123676665036
-0.1261654776836979,0.2888359274906442
-0.12597210748735616,0.29096393133751186
-0.13075900902333817,0.28294707286912124
-0.1306333449026911,0.2913673522876144
-0.13157545212643976,0.2907245633578199
-0.12856716914682662,0.2908574648759034
-0.13275226230175355,0.2970163288342826
-0.12363968193535768,0.2890576314921239
-0.1340364167384539,0.28883443964025635
-0.12427256408589901,0.2833336210353201
-0.12067811842091987,0.30123102616832065
-0.136641372774717,0.2813571240261504
-0.12725329368659422,0.2884042639000601
-0.12671184317578746,0.28990540755410377
-0.1286986185685537,0.2974635957318146
-0.1291868995605127,0.2809632298133481
-0.12361429104547388,0.29620234579572374
-0.12907935798233514,0.2936634276918113
-0.13014773718992462,0.29003078936966764
-0.13748186270315124,0.2864707162480227
-0.12459882458654799,0.2942349250666343
-0.1324642002818407,0.28689296515603835
-0.12717355135125577,0.29194352484085073
-0.1330176231015557,0.2881193150203973
-0.1318883461460172,0.2945903310216393
-0.12511173940707015,0.2878275276149643
-0.12225991255624509,0.28411643736040537
-0.12377434528997894,0.30039538548393296
-0.1253617864300951,0.2914026092617022
-0.1297504459574063,0.28258264450491233
-0.13471044251848022,0.2822467268688931
-0.11839320543860188,0.2934425991025383
-0.1235603462874074,0.30264859757477097
-0.12889134595948126,0.2956087991112825
-0.12309123464544153,0.28924393838884893
-0.12456409528104435,0.2968025289165174
-0.13057055924033353,0.2897614644839813
-0.13306048752689015,0.28779090056176754
-0.12474880523320243,0.2944992692912066
-0.12957037252614123,0.28958919630386426
-0.12807515358601335,0.29475024551946766
-0.12061538753314319,0.28263693575314447
-0.12820082360999752,0.3002544317373653
-0.13108044915672964,0.28809420970231603
-0.12801440187640958,0.2944296203526875
-0.13208996515078872,0.2902354806939225
-0.13497786296172212,0.276472997140744
-0.13850809170565354,0.296869172746424
-0.1304986461327737,0.28476872064852005
-0.13659947931175506,0.29387886914341005
-0.1321923898234998,0.2838788302999191
-0.12014060731749455,0.2921160517113415
-0.1256127244451806,0.2829696457892963
-0.1221880887944811,0.28630264323248816
-0.1304045924469389,0.2995015350557386
-0.13281045132543287,0.285805189460179
-0.1256290298621162,0.2893277208043635
-0.14232959166045517,0.29203681471542364
-0.13386980622550607,0.29738149492551164
-0.12936279518745375,0.27626758298935217
-0.13513592578108236,0.28892759043650257
-0.12648656247037712,0.2931848020484445
-0.12264908208415094,0.28860003612226176
-0.13926332100539512,0.2913068433445659
-0.1331145281179536,0.29216843349008675
-0.13451068107471711,0.2834729491059461
-0.12788172764683217,0.28994924831536784
-0.13230513465040222,0.2851500656876504
-0.12454498219336801,0.2885336772208959
-0.13196036522655077,0.2975973761390724
-0.1320797648439113,0.2964731374705796
-0.133733314736391,0.2857704701816012
-0.13370176861054872,0.2878563240713517
-0.13349589649847918,0.28009177297029586
-0.1328499303364186,0.28972216548030577
-0.13896708468922708,0.2863932843470311
-0.13213265823391315,0.284426578981439
-0.12706881879025161,0.29146373878200355
-0.14202596792083277,0.28186169790555976
-0.13324799198921833,0.2920556883768726
-0.13248987239639842,0.28736997720949764
-0.13746031722187915,0.29126662849774765
-0.13602921635841983,0.27768955546239266
-0.13635661724829887,0.2955116974074856
-0.13022254004586725,0.28262476078594084
-0.13603614284044985,0.27562991760532884
-0.13121239453522524,0.283058500449739
-0.12568759132964477,0.2901508280488144
-0.12983783381629124,0.2912275334171885
-0.12772688927829048,0.29584625980291784
-0.13837657417152374,0.2933728220662441
-0.13144974214993016,0.2966364303218575
-0.13158512146610862,0.2949369996726923
-0.13380124949500027,0.2783068565454731
-0.13688446227576886,0.29497843950374747
-0.14034141042427456,0.28487907116831374
-0.13042809626388882,0.2851693515369722
-0.12910868616869584,0.2873434337743317
-0.12831636439413338,0.2920544723857465
-0.13517102959465388,0.28666896326759916
-0.14474963684614015,0.28355471163637075
-0.12302795175425602,0.29306509210074055
-0.1277015315370692,0.29007300607267256
-0.1305765082434915,0.2996770701642774
-0.12756889026903584,0.28720293042235745
-0.13331481738216464,0.28413261916660454
-0.12943100925194492,0.29232031026331473
-0.13310450523850026,0.2942872330055659
-0.1267548269143289,0.288937124387943
-0.1338439136363932,0.30438827218577497
-0.13017133461106928,0.2891798321223176
-0.1341300141436549,0.2816947765366193
-0.13938290203976791,0.28478775763164693
-0.1326945507272531,0.28414963315112796
-0.14408021864375004,0.2903987978117704
-0.13457209483567506,0.2942605938667617
-0.1254241214206922,0.29405117623560906
-0.14248597581368813,0.2956538320319155
-0.13082134075156454,0.27966306123534407
-0.13620859859866294,0.2854783854985945
-0.1376656060119048,0.2969197818044031
-0.12451635476089004,0.291257576027776
-0.12708738588413218,0.2925540334614699
-0.13760204163237028,0.2899252484504107
-0.13404824668715556,0.2798234577240539
-0.141597475822959,0.2871840674234273
-0.1260077138184783,0.27942734363193766
-0.13754164250081286,0.2833844225535934
-0.13496720949664157,0.2775183645709354
-0.13639495058941611,0.2838399894125673
-0.14091423003111544,0.2741155386617026
-0.13488878718004885,0.2792083322368412
-0.13903414923405846,0.29082566780722513
-0.1332627641941669,0.2862951095657043
-0.1421302911360813,0.2860808030881548
-0.1391672402480907,0.28713491798236407
-0.1504458801308955,0.28550266896535864
-0.13743502512903866,0.2793045596653249
-0.14252120893175577,0.2754225218922155
-0.1331507187923494,0.283566972222634
-0.13628282329204022,0.294497251270482
-0.13771161903649926,0.2821949431836514
-0.1393319060993569,0.28170218436085315
-0.1413367891197627,0.28711628648743376
-0.12752612869601573,0.2924903512044172
-0.13182319119193744,0.29886158213028524
-0.13584561795638786,0.2804408837559367
-0.1322428475456158,0.2882958039097234
-0.13065063602842136,0.28068392058952846
-0.13258784868068535,0.28869574373556733
-0.13213346119811087,0.2869106744804152
-0.1344115199815839,0.2870932026348605
-0.14927029024829014,0.28326476453267485
-0.13153000424149505,0.28656229265244254
-0.1335052786317554,0.2892004960807332
-0.13149446136623885,0.2889316866296303
-0.13170707277396562,0.2874476986994677
-0.1397044298312594,0.27288462396168345
-0.1414395881765424,0.28981214295903
-0.14451279823789684,0.27486697360070295
-0.13204425650404175,0.2879948099795432
-0.1445237516622667,0.27996451214709944
-0.13528597187822902,0.2798932836794977
-0.13948435186375355,0.27774609608603074
-0.14166307038535164,0.28115699428239327
-0.143386130855766,0.2802653148704644
-0.1352693111601801,0.2845698103555553
-0.13861396212296379,0.28399441221296784
-0.1391975746812603,0.27839556029628587
-0.1433644864566385,0.27876912177484475
-0.14613661621049037,0.27765525850520506
-0.1535711806021593,0.2773881486304967
-0.1362152999933585,0.27679371268689235
-0.1477234257185584,0.2815403854773897
-0.13741322235359377,0.28861181793682267
-0.14318083931480013,0.27737503314401285
-0.13994261766440466,0.2937892859286478
-0.13809933552410664,0.2805059565438133
-0.13826672244691668,0.28328337887237354
-0.13381029109102774,0.2845986688364465
-0.14823041394348635,0.28884474024134693
-0.14022878000398112,0.27531842522759237
-0.1326895831232625,0.28504138801488554
-0.13317679688102485,0.29034933078910036
-0.14471821959061296,0.285690022298162
-0.13293263339347833,0.288451867322752
-0.1418156087567008,0.28253659797583774
-0.1376172998346534,0.27319651360399705
-0.1375445767814134,0.28014968956343056
-0.1418465395522684,0.2815831962382613
-0.14924234060303285,0.27609011844418796
-0.1397733596050282,0.2838954857583953
-0.13563870197712238,0.2841134699084749
-0.1376749594290178,0.26983458790690557
-0.1443084343954963,0.2872120969185255
-0.1498738389218252,0.27699659339035176
-0.13849451027312837,0.27530251436511927
-0.14453352273721107,0.28634605011512293
-0.1416591009294561,0.28160864556199033
-0.13140846267850728,0.27995842831968687
-0.13414536786116116,0.27913639265358103
-0.13981049866597023,0.28392147648094823
-0.13728345091425126,0.28266619378907865
-0.14879441655490125,0.27769248963976667
-0.13043768934852085,0.2829050819876014
-0.143711386056884,0.2794049768121578
-0.15349445858132904,0.2862980750545181
-0.1573569884965165,0.2790216762336887
-0.13859964788680196,0.2855857521533562
-0.13991245130750712,0.2848431184292322
-0.1323952844139172,0.2829360521972689
-0.14466054405703208,0.28078661591688076
-0.13292775916647787,0.28431659003426757
-0.13427908465423502,0.2794985638166248
-0.1367341329159768,0.2940325170973611
-0.14478275176130032,0.28694741649606875
-0.14252510643535402,0.27769690131681596
-0.1499684929018111,0.27415699230912116
-0.1452759132687,0.27862598756907087
-0.14287945282314007,0.28200209889048844
-0.14505469670069557,0.2834130044065154
-0.13467180667581582,0.2840204799718953
-0.13545908976303248,0.27662802998712677
-0.1382914581015495,0.28351274881185373
-0.14193222376164122,0.28519037043856327
-0.14494772598486752,0.28616684829390543
-0.13587918643689256,0.28676722402050997
-0.13793554678554426,0.28446212703092005
-0.1462729893452974,0.28088566173992274
-0.1411906227739213,0.28603568859100414
-0.13842914430071504,0.2838337598949879
-0.14034543940985314,0.2770515647366264
-0.1424874054982972,0.2797247930392215
-0.14093280000045208,0.28517307005164
-0.14185278296023549,0.2884785295967527
-0.141779824573054,0.28648388712919864
-0.1480409652472774,0.27890049670164063
-0.14475710924285465,0.27818116124124675
-0.13511624455809115,0.2804429274984843
-0.14621067717719088,0.2819187961360434
-0.14429047831263297,0.2722726423918168
-0.13552535562322413,0.28508107863034376
-0.154250186474563,0.2882910508511167
-0.15097978644057758,0.278528791496089
-0.13427469155041855,0.2834762031310378
-0.14058439833669373,0.2766175434972323
-0.1389180666723705,0.2865348265667005
-0.13750059699843623,0.2814745014985492
-0.14369254766759534,0.2825455690911464
-0.14686314317919602,0.2771275012759413
-0.1453480325743479,0.27863998290940767
-0.14052783809838873,0.2791899945939771
-0.15869016360665764,0.2804960507920354
-0.14930243195116802,0.28231340656609316
-0.14813000136238463,0.2826494583244902
-0.1383589568802569,0.281898465199498
-0.14416285496795395,0.281774825487168
-0.1384489964173875,0.28898717533053164
-0.14301214770269785,0.286875283770095
-0.13650318128326455,0.2894770060757576
-0.1524478517097759,0.28232232087097037
-0.1483603780595249,0.2827535025437655
-0.14747003529880437,0.2886708253007608
-0.14104785982544601,0.28117206462395217
-0.1359319001314587,0.27792680602175385
-0.13418765269487268,0.2896012499549832
-0.14153338108498603,0.28759469057851683
-0.15797601889180632,0.2812552688506033
-0.13709224516561397,0.2770624067930943
-0.1491101759440979,0.2787572764399564
-0.145045205065862,0.28064389914289867
-0.14112068563707936,0.289908560147009
-0.14119702980814255,0.2855902042011396
-0.1391913503224016,0.28046590263753296
-0.1371513069974319,0.28497678192845477
-0.13817679187943635,0.28498735354462856
-0.13496369146196072,0.28100139825945375
-0.13783082966823465,0.2830864535298479
-0.13918797425539386,0.28958009583687655
-0.14380662411500658,0.27897857036429774
-0.15396494711508527,0.2790387202300686
-0.14379085955749846,0.27898129159648394
-0.14824454847810997,0.28131569079389923
-0.14514326242958575,0.27843785421449785
-0.1455121273256239,0.2728899389394929
-0.13871894044274322,0.2773497214547544
-0.13958548827289316,0.2841563611252818
-0.1432717779366174,0.2806399590072216
-0.14135783800692758,0.27495949699066374
-0.14644567466748953,0.27880816336197883
-0.13783795136908072,0.290809151665341
-0.14252226560550402,0.2770266167905923
-0.13978922323866375,0.2887190958812728
-0.14355080402412893,0.27329458766015224
-0.15310567145914414,0.2791244876715195
-0.1467271006859048,0.2826636642381861
-0.15437092108608508,0.28411980350839333
-0.14163200675726703,0.2796079353967857
-0.14691372875803166,0.2784145817153817
-0.148179282225593,0.27546122327369255
-0.15226334306904382,0.26913731512783307
-0.1346419098136769,0.27994850334638866
-0.1413604188543317,0.2785294207753624
-0.1491958464799062,0.2814969028983079
-0.15293393846293457,0.28002201200780164
-0.14796216025623585,0.2894216827618204
-0.14519032275925284,0.27793137856332684
-0.13823918965042703,0.28161606523852317
-0.1499100981330636,0.27744290843031194
-0.1414523052941633,0.2733739791607701
-0.14954397746103099,0.27854660578244694
-0.15136216748155593,0.2779078425467188
-0.15306856602968893,0.26763112805538386
-0.15036181792031073,0.2705584904527472
-0.14376437194601815,0.27745143391837973
-0.15768667763729585,0.27397994012619453
-0.15207647771099853,0.28098911866449094
-0.14001329957809402,0.271299217347449
-0.14349201119003388,0.28310649184602715
-0.14897419699882464,0.2784166622586238
-0.15119497606196994,0.2709790800509463
-0.14832655160174987,0.2743803720376164
-0.15810975797137014,0.2903358592001004
-0.14409960972568658,0.27485020113160874
-0.15188967031032694,0.27344574034252234
-0.13995691191980142,0.2791611131088301
-0.14219571458496033,0.2788559414084922
-0.1407899326516231,0.28584788084368074
-0.14328248244260217,0.2772351642609663
-0.14123718175878738,0.2828606868360158
-0.14739377376166538,0.2836243647109612
-0.15202452903672706,0.2760342829307943
-0.13384833647226585,0.28180063212259515
-0.15285328762511335,0.28203394876183957
-0.15511522074016051,0.2659788365932555
-0.15441168316641363,0.28125121140281917
-0.14661329110979235,0.2735387863522656
-0.14493172746006883,0.2697111923137877
-0.14167050050105093,0.2854355904467227
-0.1551449283853672,0.2710057462534717
-0.15033681039932473,0.2750267659496053
-0.1447410895307406,0.2850239324974505
-0.1519413993545849,0.28040643036352714
-0.15527326977079947,0.2736048290780982
-0.14056038878531393,0.2772383159895325
-0.1463132240658953,0.2799131216456334
-0.1465647804728919,0.27966547617839654
-0.1431922268154205,0.2847825643110618
-0.14755057870289565,0.27647344935365
-0.1463549488361089,0.2794174180987331
-0.1453815461837675,0.2756244344884347
-0.14152349174350695,0.26979261826129886
-0.15226410921406686,0.2793638120249753
-0.130663052424231,0.27227587456283453
-0.14654970808728282,0.2797468493248088
-0.1443269876592141,0.2783484445367026
-0.14885682652273344,0.2750037878625081
-0.1313669414025407,0.2771674213084093
-0.1541834256673733,0.28715095087961184
-0.15991769072274614,0.2776352955305637
-0.1440678298424519,0.2742640441954239
-0.13964629673898618,0.26959754238725525
-0.14447623723109973,0.28517255906211175
-0.14954541752142772,0.27633854426231064
-0.1552883608972321,0.2810687239544572
-0.1489063829584343,0.2754217922761568
-0.15186468053593175,0.2651511914049644
-0.1478622072369712,0.27042891201832714
-0.15471183925051812,0.2730674926349957
-0.1461503192927086,0.2771715854274157
-0.13883944525011246,0.27878769855884294
-0.15192060427138507,0.28092862578761096
-0.15316853450139753,0.2916343655589669
-0.15585757186853544,0.27839329832206183
-0.14542249793493672,0.2726360165825505
-0.14210614755742554,0.2781075781069862
-0.14059387157711717,0.2711984986712635
-0.1565655373720508,0.2783278654478345
-0.14979371021751256,0.27265792228199703
-0.14425693856288768,0.264298715930972
-0.14806935819997746,0.2752795927355256
-0.1474936361587622,0.27332204509008245
-0.1472957620526396,0.27651516208508314
-0.15772864642821754,0.27160344559989735
-0.15284117675560863,0.2790565820877539
-0.13402459961762064,0.27487785966132827
-0.13916389427832684,0.2756762520147672
-0.1595870978052097,0.2711417141505992
-0.14587985199420722,0.2768503665823662
-0.15203113384770148,0.27556383658593697
-0.14306135505619766,0.27754967078584303
-0.15790040770424574,0.2801197132398338
-0.14664625874014636,0.2751265025582727
-0.1517203600744117,0.27323230095347323
-0.14637572799874005,0.27451264691308475
-0.15440681579786575,0.2711147485834759
-0.14168604995052989,0.28204094436839966
-0.152801565289717,0.27920250142275793
-0.14383473177650857,0.2788370481256161
-0.14665269972203085,0.2857750302729258
-0.1543778983554976,0.2862568676118636
-0.14649675079707133,0.2791294282605507
-0.1418427211075419,0.27802179799877763
-0.14137754284446913,0.2791738449122465
-0.15643675328002155,0.2762077950999305
-0.1443477572948841,0.2698417046231375
-0.15323605297599244,0.28672194784992977
-0.150359663823169,0.27801761594756585
-0.14625063791909368,0.27441893556354535
-0.1421086458997056,0.26225590273022564
-0.14846554354869246,0.2758847927316389
-0.1553932499866228,0.2743653253873182
-0.14891153125655746,0.27999965973496815
-0.14221012803351474,0.2744602884161368
-0.1490266371084174,0.27763115773721814
-0.14596464117252325,0.2816875521781935
-0.1448008729885348,0.2721952142045862
-0.15169253659411086,0.274393400003851
-0.15454249455192473,0.2769801757279192
-0.14618524849055523,0.2723194074154061
-0.15543526186838905,0.27840367865369875
-0.13951968322952824,0.26622616448491104
-0.14745386716374584,0.27292875687762347
-0.15166015641949585,0.27579647540773283
-0.14772929615221023,0.26638334761062626
-0.15182662178160133,0.27686874926668914
-0.15163463983745842,0.2816261329241164
-0.1453696644937853,0.2795186907944397
-0.15677555349412875,0.27171324631348726
-0.14407433673005599,0.27805971340203794
-0.15293094572106047,0.2758193358102861
-0.1513664218206025,0.27232916851714917
-0.1452773301503927,0.2714839417997612
-0.14520558644244402,0.2724198505093951
-0.15309027247386456,0.2738030323062805
-0.15355856628780815,0.26817293926261954
-0.14407362698119985,0.2757711342692665
-0.14120183523259067,0.2837669643670967
-0.15779698871178366,0.2761276061936083
-0.15138067239163458,0.275521439009146
-0.14884150743860405,0.2798754335911293
-0.14873472046322195,0.27334823153612886
-0.14375569889640893,0.27006928232843996
-0.15136776533219617,0.2753712559067168
-0.14778003903225223,0.27331285862548116
-0.15104050533747182,0.2782794624075658
-0.1582823568687263,0.2765784202427788
-0.1552397578230378,0.2742487894369129
-0.15367756577216682,0.27214054276976535
-0.14605646420678584,0.2797538092894444
-0.1512266481143044,0.27038121871870757
-0.1502932647333052,0.28271408690004224
-0.14118491053112306,0.27316028441507995
-0.15737395749275215,0.265731213652537
-0.14668401523007377,0.26776042954161366
-0.15074377201035133,0.2819539202759756
-0.1450178085514609,0.2754167384887363
-0.14986884663459635,0.2818000139061876
-0.14465830123185963,0.28126322583491625
-0.15663662736378395,0.27960934335826415
-0.1504198192175586,0.27667218370507723
-0.14715181344840142,0.2818428451248657
-0.15808948644076812,0.2673484552988889
-0.1494285119935152,0.2694223695815913
-0.14529924331340513,0.2653240120103864
-0.15134346157812634,0.2736052338468854
-0.1517824413982257,0.2716534981994055
-0.1466540114902574,0.28295770507447887
-0.16265142146432043,0.2617661932617187
-0.1464194994273054,0.2682144860118975
-0.1503669913275663,0.2786707728570691
-0.15259531699357223,0.27567222931329727
-0.14218074967254382,0.28171374331708593
-0.14422144575292353,0.2766210595057647
-0.15066145914615015,0.2858756396771059
-0.14469112900775674,0.27543206867813325
-0.1535008132127654,0.2795577449667299
-0.14949203502881356,0.2748100839001459
-0.16090316449389727,0.2654734777854879
-0.15416399225860775,0.2635166883669942
-0.15405545393810358,0.2761472010468496
-0.15644509140195936,0.26949372943860433
-0.15792142593588138,0.2675502187271268
-0.14562634205281233,0.2680847851472345
-0.1484308362530612,0.2745420543740145
-0.15475026617200052,0.27877084664477897
-0.15366503856886457,0.27562488140468655
-0.14189715290793678,0.27278082411969606
-0.1460648528952257,0.2796755739913786
-0.1532363547659868,0.276926683942184
-0.14679843302819756,0.28151938489749134
-0.15393415619155515,0.2842711827644433
-0.14345448858157417,0.2699336387733867
-0.15923286793116756,0.27526917970086917
-0.15457953499462773,0.26458689656037016
-0.15044717902950416,0.26916417082867655
-0.15932087509359377,0.2709292335498769
-0.14895738948893977,0.27484411120666347
-0.1548071086912041,0.27694276950103275
-0.15929651706957973,0.2714486427481357
-0.15371730654239904,0.2746543751783183
-0.15412262475787517,0.2719361473641151
-0.144813339823306,0.2756516049239276
-0.15592700944970872,0.28029657291114585
-0.1592574379089293,0.26479750538516666
-0.16302143237046235,0.26016956986879763
-0.15056298020528525,0.26127929474670675
-0.1543201087999905,0.2648073111229024
-0.14808654692410905,0.2731435830768841
-0.155530746332881,0.27028159289022274
-0.14942433926260518,0.26757264052271995
-0.1563359001584931,0.2689117670697894
-0.1691584037929846,0.26504961091546936
-0.1566626494948269,0.2721822670448549
-0.14812158549737722,0.2766276645973254
-0.15496496416682487,0.27335412702847234
-0.15845468469448762,0.2699713546685531
-0.15888715899398348,0.2662342142373684
-0.15363246996014168,0.2600857681649644
-0.15796948884047696,0.2677850921307223
-0.15674168829548607,0.27443664081874114
-0.149625887818474,0.28443192924990396
-0.1499318368234189,0.2773851383765434
-0.15579776002611326,0.2746944770357077
-0.15747971293324067,0.27226342906923523
-0.15627844275639305,0.2783321042065696
-0.15504204110308314,0.26438788399940283
-0.15577062226468305,0.27089210715028333
-0.15691607802307483,0.26070418875117873
-0.16182183102243647,0.27072007447792207
-0.1593313493665604,0.2691716231613952
-0.15079124423887758,0.26944194806726596
-0.16082052217141676,0.2702174331197171
-0.154709620887412,0.2685807078740539
-0.16096178561066893,0.274937418702788
-0.15379125144799122,0.27549434575446413
-0.16366721516898727,0.26943666578377856
-0.1457812996455139,0.2712839070994262
-0.1550876963199511,0.27317609061174886
-0.15015473249105285,0.26615240174202925
-0.14809764028916078,0.27507229078333745
-0.1552624669912347,0.27647850772382637
-0.15507043742848195,0.284645526660811
-0.15713788597446193,0.281949426637601
-0.15901550171662132,0.2745423792619093
-0.1490469346569183,0.2756775715817468
-0.1593474170667468,0.26713323942157696
-0.15057260244022083,0.2781771587123846
-0.15940391184168962,0.27464780503224545
-0.15812293597867916,0.26910020068642926
-0.15143043501947,0.27392318524343523
-0.15315857287217696,0.2709556134930252
-0.14796619273300898,0.2759606194422345
-0.16619736859162348,0.2817789527733056
-0.1466061155506933,0.2708169310855975
-0.16284658623549184,0.27212360320289125
-0.15172264412344932,0.2657826874162417
-0.14685655733074646,0.27770922924805114
-0.15479102157263744,0.2709131949812396
-0.1574983700223044,0.26234847217454205
-0.16785389197631187,0.26936687676319804
-0.1493569272675007,0.27039221848124095
-0.15582596670893095,0.26988531752288997
-0.15542189110789598,0.2682723088521441
-0.15568148710109,0.270182555433628
-0.16205731518634403,0.27092467639010553
-0.1529334369827282,0.26795835897874887
-0.16257940739087057,0.27632152826487544
-0.1612279262035682,0.27104730258850007
-0.1570713609385513,0.26483476611353424
-0.15532337437283666,0.26950311392117937
-0.16614723596269407,0.2722679026552213
-0.1579273642445874,0.266022994975731
-0.15911067052824304,0.27650854749620096
-0.1615699665353468,0.2776055432880493
-0.1577913894434413,0.27173068046968
-0.16647761637115943,0.26384661957097666
-0.1508476979809425,0.27389032347686565
-0.13999789087937115,0.2723728634870088
-0.15501729576737064,0.27571129661355237
-0.15479785805812238,0.27411935270192656
-0.1563665328122419,0.2751652523297616
-0.16344694845415353,0.27261546574660345
-0.16075079754320246,0.2716740885801762
-0.15042714714296246,0.27168711078024027
-0.1600522168012848,0.2690985289976403
-0.1630687762779776,0.26555084422583086
-0.15994031545521448,0.276601898364497
-0.16204138144555078,0.2756221335849292
-0.15997313754510972,0.2744607692620385
-0.14954541579653052,0.27171925370537015
-0.14994247285636594,0.27085450289121904
-0.15782243032243454,0.26715975982211854
-0.16235571927832967,0.26621610831150977
-0.15955191067325275,0.2583916157851406
-0.1668919110238958,0.266943452380279
-0.17199816292685577,0.25858995084112796
-0.1603150233802582,0.2679143271101787
-0.15660093415064577,0.2738320760345233
-0.1516210268037592,0.2674401833202212
-0.15855101607076316,0.26901670797430755
-0.15920680929098427,0.26609749968526425
-0.1597834335454656,0.2709662943547392
-0.16135239145378946,0.26373069233857643
-0.17117263765753668,0.26840504999562553
-0.1544463600058327,0.2612565116813982
-0.16813385684607188,0.25351056811670686
-0.16415608058361983,0.25984160045742277
-0.15419897229818474,0.2723408102047365
-0.15004884669581023,0.27272131761356516
-0.16005461810885271,0.27456201494971555
-0.16652946152913364,0.25616054479902756
-0.1559768204952158,0.26436628437168447
-0.15661908021214266,0.26390421893796073
-0.14624837026105694,0.2706800687747457
-0.15300474920871185,0.2760226237492013
-0.14687854129363717,0.27864242433838404
-0.1578486983744394,0.26918955936433286
-0.15833442669323253,0.2730173543245796
-0.1595764320183353,0.27398099930915587
-0.15827637669077715,0.27079248702912617
-0.15368673598801996,0.27269202872628584
-0.16284323199130285,0.26584832224599253
-0.1609356814366701,0.2614443886255679
-0.1509684209410111,0.2668313336643043
-0.15928933345480892,0.2697359213333127
-0.16377926628614647,0.2723224119597869
-0.1635429993121942,0.2668383682471469
-0.15872974644490753,0.26455702685113486
-0.159606952788967,0.2668370279875129
-0.1563944971130881,0.26842129605352877
-0.14784568320601493,0.2744034151722116
-0.162533279890207,0.2645223984000085
-0.15536252220895452,0.2590942284613083
-0.165904022127669,0.27269146732058014
-0.1545883833475371,0.26314735934339506
-0.15522614762604692,0.2688971382272406
-0.16348709188163127,0.26912908904581484
-0.15777427327093438,0.27149463015953745
-0.15566879038758544,0.2652191262947708
-0.16419728861669988,0.2623915565112572
-0.15367591891754342,0.26731353081021697
-0.15780112142673405,0.2751831457471776
-0.15687544773009704,0.2664279527242907
-0.16173284521765466,0.2602265613192899
-0.15857540023945638,0.27242135505390097
-0.16240992273375315,0.2643511443276961
-0.16115828938265905,0.2599932057991113
-0.16210397904898025,0.2743005520921376
-0.16559573589916862,0.2552154974206627
-0.16194604040100077,0.260144975177343
-0.1616654653800959,0.2677206057049996
-0.16350353920614707,0.263340431372936
-0.16883975439698015,0.26237482464881706
-0.1546189022567713,0.2650633279758199
-0.1686180982158612,0.26227585774665335
-0.16579376606396926,0.2607843034607515
-0.1614714472510384,0.26460648782736834
-0.15418145402521363,0.26539966573314155
-0.14899546737684966,0.27413821597805554
-0.15984370807326825,0.2577747415459551
-0.15946969843033784,0.26405117792655225
-0.16000157595307618,0.2727478336041949
-0.15974918438776312,0.2637163222900263
-0.15398210433902565,0.2543080870359808
-0.16764721959082424,0.26356184599537846
-0.16262252857536993,0.2641464719769455
-0.1541311597607596,0.2719908163597269
-0.15636080467883756,0.27330054236899887
-0.1594132782372001,0.2708547811362238
-0.1674613143472185,0.26838854394570183
-0.1634493118933741,0.2722492939277163
-0.1545167763810347,0.2592966215731042
-0.1645016455814503,0.2700846624244438
-0.16758446219375123,0.2634241751568869
-0.1629912758556559,0.26070141963514054
-0.172758344828366,0.26402804391967866
-0.16405947903060208,0.26273996852169873
-0.17102679049523098,0.2640096208545087
-0.16667276405204812,0.2624251354985997
-0.15356470471507747,0.25946639761352275
-0.1604223540081506,0.2683598221403387
-0.15680035522288388,0.26655085680366714
-0.15656669811362733,0.2684688400061332
-0.15413606666163326,0.267836561407822
-0.16379554352523218,0.27299895794952517
-0.16158773026689863,0.2663199355309614
