a_val,intercept,slope
0.73,-0.5037774945597656,-0.010006734785288943
0.72,-0.41785468507503626,-0.02006980172024973
