aval,lambda,lambda_sem
0.6,-0.49748276880622033,NaN
0.7,-0.332197453559277,NaN
0.8,0.422146165014463,NaN
