aval,lambda,lambda_sem
0.5,-0.013505841187667098,0.012705408421201634
0.6,0.17917018400994128,0.03731056857013111
0.8,0.12892769229227147,0.04434580109979974
