aval,lambda,lambda_sem
0.5,-9.62765494138677e-5,0.0004042550784573131
0.6,0.13137251612875056,0.04157888214854954
0.8,0.1567420513370113,0.0727100923653981
