aval,lambda,lambda_sem
0.5,-0.000640290421631348,0.0001618582080896679
0.6,0.089538335433117,0.050774719299339355
0.8,0.26143789913531906,0.038002895630627906
