t_step,value
413,0.24736788414517308
414,0.2650344251141087
415,0.260573713356983
416,0.2504778021875011
417,0.26790503812350613
418,0.2570199119028696
419,0.2580974460666504
420,0.2642680831057965
421,0.2568740926508742
422,0.25548408362036573
423,0.25189554260948155
424,0.2604918527817972
425,0.25791180009934067
426,0.25887614127518305
427,0.2668101808949405
428,0.2545449901669766
429,0.2567554846948524
430,0.2506962131040597
431,0.25633215167336715
432,0.2543051749340476
433,0.2575458148205822
434,0.26316159629929164
435,0.25680678622398023
436,0.2605976681052977
437,0.2643617950422426
438,0.2585073706575544
439,0.2572337521761282
440,0.26025649787110006
441,0.25622734767236294
442,0.26599285531018674
443,0.25735711238813264
444,0.2619751657667857
445,0.2587009765440843
446,0.2573311510678695
447,0.26274455177862116
448,0.26666337258128275
449,0.2651070622098773
450,0.26798192326936965
451,0.26801850917664927
452,0.25923518412917934
453,0.27111888580197296
454,0.2630309383250537
455,0.2635589540707586
456,0.26266948207785934
457,0.2706853149219725
458,0.27038591563935105
459,0.26561360067230744
460,0.2563513337401038
461,0.26533616691957246
462,0.27258020736194116
463,0.26814883082886476
464,0.2678212593330778
465,0.2529501603821975
466,0.2695541197002552
467,0.26645584957933777
468,0.2758191755087319
469,0.26391708506878536
470,0.27548977788479134
471,0.26487745592660344
472,0.26170955000153373
473,0.27451298536872715
474,0.26352037202205075
475,0.2703501951881107
476,0.27381428071397623
477,0.26179988817420935
478,0.26713056779836314
479,0.2646647059454004
480,0.27516894439565903
481,0.270248366917439
482,0.2774537531214832
483,0.25646010237433703
484,0.267077727275866
485,0.26372601873940654
486,0.26104198226259673
487,0.26843714496831755
488,0.26241893029759616
489,0.269080242622011
490,0.26505096396129957
491,0.2720309904783454
492,0.26423365754835015
493,0.2686846340730521
494,0.2682606093865192
495,0.26707262596905007
496,0.26591308577837064
497,0.27493543012794514
498,0.25856941003237227
499,0.2664001773612064
500,0.2648826586909562
501,0.2621205997209781
502,0.2609346234555424
503,0.2723202799328382
504,0.2750784562747653
505,0.26534877220285435
506,0.2692793042102602
507,0.27009439496441406
508,0.2715528745603783
509,0.2689406861506732
510,0.25747718682715787
511,0.26447067223064763
512,0.2743554972472202
513,0.25920916612880185
514,0.27930380034334107
515,0.2662016083020167
516,0.26745339785969185
517,0.2726129421123031
518,0.26705701335429743
519,0.2688277130983867
520,0.26844381623244984
521,0.2761195800279572
522,0.2644316016074303
523,0.2673446830563337
524,0.27989501797009453
525,0.27770891095515554
526,0.2612510426008925
527,0.2744888232392242
528,0.2733944635521932
529,0.2726953789172573
530,0.26547260221155783
531,0.28210366099094364
532,0.26841450743031725
533,0.2653293452928189
534,0.27112582355829884
535,0.27098792003955297
536,0.2789687574161186
537,0.2680593985986418
538,0.27237464464244937
539,0.27468735984156545
540,0.2673194128547434
541,0.2838639257278853
542,0.264718994693152
543,0.27332020142532665
544,0.27939558085135296
545,0.27649050814082426
546,0.2782894346397492
547,0.2615747255927198
548,0.27255297661496886
549,0.2727305018565908
550,0.27414657612438903
551,0.2798465154743389
552,0.2671210830146137
553,0.270748472647456
554,0.27330269759030135
555,0.27050440281154997
556,0.279248044616456
557,0.27545285121990043
558,0.26667279629164653
559,0.2804503953124522
560,0.26429185194532134
561,0.27540554261560246
562,0.2757550548374802
563,0.27868190047509805
564,0.26725943859805856
565,0.2851392054973637
566,0.27166526585493794
567,0.27204712679746873
568,0.2787720081661416
569,0.2788362692903111
570,0.2731893837003221
571,0.2679518434189415
572,0.27442146858017036
573,0.28293624603099526
574,0.2707484055148578
575,0.2798157768579864
576,0.2708388680581368
577,0.27525352589855756
578,0.2860392623671605
579,0.2837037200157625
580,0.2754311684026937
581,0.2758350898856652
582,0.27408837012057113
583,0.2767577773537487
584,0.2724765146762213
585,0.27564069695769833
586,0.27845437528148576
587,0.27442155578497507
588,0.2833212555362443
589,0.27899730853074434
590,0.27728104679689536
591,0.27975371357966866
592,0.2712404511750985
593,0.2810085019434472
594,0.2859124474033264
595,0.27474828538610185
596,0.2757195918006728
597,0.29004303353975397
598,0.286261570522394
599,0.276822286864792
600,0.2824861439789861
601,0.26869643142914645
602,0.28286414905116164
603,0.27695382509379957
604,0.2747992737473486
605,0.2730669315691191
606,0.28545725204670314
607,0.2759497450452795
608,0.2736261383310012
609,0.2742895619058492
610,0.2728526925428744
611,0.280155233197355
612,0.27672839557508505
613,0.2767849442242782
614,0.2737895385265641
615,0.28084867081053305
616,0.2684611829316186
617,0.2846701885786227
618,0.28577658251101307
619,0.2792348737952158
620,0.2768090781899874
621,0.28621497792415407
622,0.2798227325894389
623,0.2806956907082285
624,0.2825672547266599
625,0.27842280508828143
626,0.27558179484521395
627,0.2811260794892334
628,0.2796926618132139
629,0.27600186612053884
630,0.28088232849255523
631,0.28575128235487457
632,0.28289675557320576
633,0.2732857221136606
634,0.28205507367263594
635,0.28104403940538636
636,0.28893315926684837
637,0.2688495212858528
638,0.2809910194195414
639,0.27895554749563467
640,0.2809602318820836
641,0.2822551607563364
642,0.27596287237843126
643,0.2759561388133302
644,0.2830007231001099
645,0.2782778164884826
646,0.27984588105697633
647,0.27308968541868234
648,0.28086722142507753
649,0.280288735978775
650,0.2783677415722705
651,0.28318131160726845
652,0.26983577482717236
653,0.28085643805019717
654,0.2694838631640697
655,0.2883978950000415
656,0.28924995379009943
657,0.27313349030654865
658,0.2766825804693846
659,0.28515191817212754
660,0.2754727524140325
661,0.28948327288808506
662,0.2697131093985205
663,0.28507648142673586
664,0.28115932694025614
665,0.28256654442244555
666,0.2780359579384368
667,0.27678853727486114
668,0.28267507237783035
669,0.2776052321588029
670,0.2841407006089674
671,0.28935717366989383
672,0.27675378599617817
673,0.2856094028951755
674,0.28826815221539137
675,0.2765374720383361
676,0.2934202898371875
677,0.28044602410810826
678,0.3014921417000319
679,0.2804755780413824
680,0.27548914518516454
681,0.27996594299424515
682,0.28629053537162835
683,0.286202852343567
684,0.2878677746998385
685,0.2848521739462559
686,0.28109241306851906
687,0.2813147521963563
688,0.2837588108506294
689,0.29408515511921884
690,0.2829455408020129
691,0.28823462505106234
692,0.2780550602454429
693,0.2757236073994545
694,0.2760030287581426
695,0.2841835822576509
696,0.2780169103479657
697,0.29958547042256356
698,0.2852684982975212
699,0.2829293464237283
700,0.2791341725471775
701,0.2796707894162396
702,0.2824998535642262
703,0.28191938676685346
704,0.2786861278215698
705,0.2828211245671225
706,0.28330988195899215
707,0.28688631888936783
708,0.29627472216146145
709,0.28672501995555366
710,0.29123684399624067
711,0.27849190796193285
712,0.29571464621126853
713,0.2817554132902642
714,0.2842449731252456
715,0.2955424778620432
716,0.28569942814668825
717,0.28308977173660427
718,0.28368639093883274
719,0.2776384069574049
720,0.2895263191037705
721,0.28126670126347025
722,0.2893555735566108
723,0.2897127473094327
724,0.28968707893971213
725,0.2924786490132937
726,0.28836089518078595
727,0.2895281250903637
728,0.28815064678781366
729,0.28415995319546744
730,0.2833960434101038
731,0.286957145700605
732,0.2853946070385139
733,0.2894093014645579
734,0.2936679692805349
735,0.2879370121514308
736,0.2892045470640959
737,0.28753140129630234
738,0.27935816245183565
739,0.28359183281683736
740,0.2922339445529168
741,0.2943923147288946
742,0.2901397314124892
743,0.27681567921569766
744,0.28275103393605017
745,0.28987716279432935
746,0.27770135981028843
747,0.27918328558414185
748,0.28292952347655265
749,0.29510862217523925
750,0.28955546733112836
751,0.28811041066578713
752,0.2848907450591746
753,0.29060016273721695
754,0.2886037119802391
755,0.2823564723486022
756,0.2837626985804546
757,0.28849698409496405
758,0.289158673549554
759,0.29077608300730595
760,0.28829166613792284
761,0.2765852075101784
762,0.28679790293234975
763,0.28219773599217757
764,0.2836452328272868
765,0.29414241155670684
766,0.2821440541666776
767,0.2834501843713543
768,0.2927514651436575
769,0.2842868904624836
770,0.29366188001358023
771,0.284756094698083
772,0.28889271727207266
773,0.29070548704890214
774,0.2856806270540233
775,0.2851305237147502
776,0.2832147687874719
777,0.29200130838076477
778,0.29095594677024755
779,0.2879244421761167
780,0.29315688099839343
781,0.2899173018998254
782,0.29476384702188685
783,0.2874586470971539
784,0.2815063041429342
785,0.2937371562993401
786,0.28758245868694143
787,0.2833822850632513
788,0.2861058117946663
789,0.29069791653383464
790,0.28314998180354944
791,0.298241624982973
792,0.2822360211349743
793,0.28320944493026745
794,0.28500514193405607
795,0.29909767208985116
796,0.2860640406152748
797,0.2868242502365781
798,0.2942144546270031
799,0.28924504511080323
800,0.2904205612404813
801,0.2918162056176087
802,0.2954345653657561
803,0.282311967447858
804,0.29224307860965537
805,0.29530828696700917
806,0.2944788236983307
807,0.29336768440615274
808,0.29799208605333843
809,0.29971673585927683
810,0.3015657219548879
811,0.29739577214792384
812,0.2841986198717552
813,0.28610927193449914
814,0.2949336649219195
815,0.2948841153406939
816,0.28926710218043217
817,0.2881695407454747
818,0.29223294096984165
819,0.2957359855699405
820,0.30711285936653876
821,0.30203582460983386
822,0.2955984155050544
823,0.28594653823406374
824,0.303946577218016
825,0.3010929291866567
826,0.2904432553122847
827,0.2859375619513974
828,0.2855975425582754
829,0.2889799009391372
830,0.3028185357964704
831,0.28688724929842124
832,0.295921541618169
833,0.29362018526286493
834,0.289561703139969
835,0.2952893719818561
836,0.29035530786234776
837,0.2858460202743534
838,0.28436363700686823
839,0.2936927806625978
840,0.29239767245102843
841,0.29616343366181686
842,0.2955746674769347
843,0.29984081449563715
844,0.2996245207412493
845,0.2915357915297546
846,0.28900530088058624
847,0.29583075477623305
848,0.3002458184325379
849,0.2936888209953424
850,0.2805142564340518
851,0.28824014726356534
852,0.29394747281989164
853,0.2974026040985421
854,0.29621164612778716
855,0.2868859041199806
856,0.29131087968930364
857,0.28979968923319105
858,0.3058156475010555
859,0.30211031116164283
860,0.2872249746450112
861,0.29705299890457737
862,0.30461018271919366
863,0.2864614736854418
864,0.28832305062583397
865,0.2954905880957964
866,0.29815056857044303
867,0.2957775283382936
868,0.29315487896285997
869,0.3003000925708548
870,0.29842973555501195
871,0.3001207606254233
872,0.3020231683411749
873,0.29603360690941555
874,0.29606488842262535
875,0.29132107842544747
876,0.296884781980958
877,0.28754754477652056
878,0.30000541026425365
879,0.30313828357083616
880,0.2931411150431229
881,0.2906404182196301
882,0.30667812379165177
883,0.30364465199287954
884,0.30053673083194027
885,0.28809043336383433
886,0.29980002119367655
887,0.29285652941041906
888,0.2912376190478027
889,0.2908921952613039
890,0.2873833907338465
891,0.3026310005146773
892,0.2980906129080769
893,0.3053563555280993
894,0.30028915518761445
895,0.29341281967240973
896,0.29339854690271294
897,0.2982901849434292
898,0.30011504907814185
899,0.290917611087855
900,0.30848234786506695
901,0.2908291272215061
902,0.29430570228740816
903,0.2929700278247244
904,0.296868890099016
905,0.2847134298607967
906,0.30600951223922573
907,0.30029726755176317
908,0.2951903195174883
909,0.29707529924671344
910,0.2977202561348251
911,0.3007537061700146
912,0.2992546461918673
913,0.30278993659476605
914,0.2964524843373267
915,0.29418723289276333
916,0.3007608588628431
917,0.3064759924537561
918,0.29591696640436876
919,0.2925304683020493
920,0.3091595763681705
921,0.29872467565633215
922,0.29448782962897685
923,0.29605007081171286
924,0.3035016342748178
925,0.297917184831586
926,0.2999235193085478
927,0.2970749114373339
928,0.30268446178650216
929,0.3003437174189147
930,0.3039641518550465
931,0.2983063782363889
932,0.3014728758327998
933,0.30531873094072737
934,0.3004801241297853
935,0.3003792698638575
936,0.2988737786197947
937,0.30845636879980254
938,0.30649014941574515
939,0.29704053220381077
940,0.30587443583620205
941,0.3022742074366468
942,0.29625626733364435
943,0.306491320086196
944,0.30757561985663756
945,0.2996992229264203
946,0.3062433250941219
947,0.29909348336379404
948,0.2985421709158063
949,0.30138978121066196
950,0.2950722412707636
951,0.3028121706984355
952,0.2985458827641321
953,0.2986397010608314
954,0.2971015887162016
955,0.29424276492530227
956,0.2939128309190829
957,0.2995312186005419
958,0.3027907004038086
959,0.3091670693559403
960,0.2913318439838844
961,0.29337104275445464
962,0.3120545601878866
963,0.3044926646306312
964,0.29804670981194
965,0.3088843176829099
966,0.3028789771051173
967,0.30262001292637203
968,0.3016678353322306
969,0.30775066577978805
970,0.3083535075311114
971,0.29789376763389314
972,0.29940632108955284
973,0.3000890338273285
974,0.29864312355873934
975,0.30571329276386155
976,0.3067007532455101
977,0.2982563783606069
978,0.2970362878848075
979,0.30050574712670536
980,0.3090742014067381
981,0.30381732264133837
982,0.3006367804446857
983,0.30085746046123324
984,0.29993052964703737
985,0.29340734861533724
986,0.3004069467855771
987,0.3087970422318969
988,0.29818664208722534
989,0.3092753193322119
990,0.30029843129085687
991,0.30259208395540665
992,0.29590704034454746
993,0.3103553672825998
994,0.305779629766624
995,0.2974148094221772
996,0.3063508777362875
997,0.3052388865140783
998,0.29801005660464697
999,0.30976883558929297
1000,0.305554098221739
1001,0.3071332072222121
1002,0.2971393686087874
1003,0.3019177012605736
1004,0.29902502221994115
1005,0.30475875232029204
1006,0.30101219298215165
1007,0.29700958119411613
1008,0.31322271089094395
1009,0.3042948459625161
1010,0.3083469195534039
1011,0.3145491298369999
1012,0.3004633082215628
1013,0.2999074381791735
1014,0.30120412776021793
1015,0.310397274741285
1016,0.3124719011441211
1017,0.30504275963121297
1018,0.3065608728320852
1019,0.31180520868770756
1020,0.30655237421683995
1021,0.297334572776354
1022,0.2999543644652738
1023,0.3074036575048355
1024,0.31124629819390953
1025,0.3038894154699776
1026,0.30296798296959837
1027,0.3007821406766172
1028,0.29977201041203794
1029,0.3115265788630442
1030,0.3060503523720903
1031,0.30668294662361417
1032,0.30315110835205544
1033,0.311380930447935
1034,0.3042260547170766
1035,0.2957915818509435
1036,0.29587110023514285
1037,0.31891322079999634
1038,0.30230535440899875
1039,0.3042867854584858
1040,0.30826978689933854
1041,0.3067280331810786
1042,0.30757749208679935
1043,0.30026130206425977
1044,0.31027942576171436
1045,0.3142323298885166
1046,0.3113785654158953
1047,0.3084283761226532
1048,0.3127628743782391
1049,0.3078714145219034
1050,0.31831041163412327
1051,0.3034347484994066
1052,0.31016182599465847
1053,0.3060520775472759
1054,0.31267638445934864
1055,0.3101647691787304
1056,0.3050827636597246
1057,0.3186003430849465
1058,0.31297422800925345
1059,0.306605505340637
1060,0.3091580961629135
1061,0.3025910987360909
1062,0.30918735037116224
1063,0.3155791111871438
1064,0.3096724946056361
1065,0.3150897328690312
1066,0.3041260774852811
1067,0.31057648124037346
1068,0.3067271256025555
1069,0.3081539070715367
1070,0.31706079489099687
1071,0.30690933231866674
1072,0.309630245504556
1073,0.3110772992148279
1074,0.3122228869710898
1075,0.30628843963171337
1076,0.3065217342756748
1077,0.3146718895836411
1078,0.30350191062655313
1079,0.31995144704247486
1080,0.30569754226140694
1081,0.3123288291754786
1082,0.2976293962460415
1083,0.3018758809681156
1084,0.3107053620691176
1085,0.3128974718969162
1086,0.31083851876873153
1087,0.30662329696842955
1088,0.3123453584654458
1089,0.3166638073758825
1090,0.31070904627979223
1091,0.3155813729660464
1092,0.31833959238421544
1093,0.3131181000070394
1094,0.3061574926097636
1095,0.3140978281671913
1096,0.3101379211155088
1097,0.30793988854266696
1098,0.30972655691068807
1099,0.3091813239838738
1100,0.3135949186057417
1101,0.3203157920162705
1102,0.3194632405977997
1103,0.3075688996985633
1104,0.3115378513379337
1105,0.3050045358940292
1106,0.316092753459075
1107,0.3090486439146217
1108,0.311023203791539
1109,0.30954304464483384
1110,0.3143497738070631
1111,0.3019436278159841
1112,0.3001771148834662
1113,0.31945945669749676
1114,0.3183549064568099
1115,0.311805139153714
1116,0.3169044317569905
1117,0.31547523427340246
1118,0.3135913579533838
1119,0.3071681877267242
1120,0.31014304453318287
1121,0.30900241671082945
1122,0.31197807983514336
1123,0.3066337229327591
1124,0.3122518154820849
1125,0.3015976348334653
1126,0.3127040607748806
1127,0.3202125194233489
1128,0.3128941372095975
1129,0.31364823133362507
1130,0.3131818508618602
1131,0.3097597625311197
1132,0.31497693577760133
1133,0.31019402651237804
1134,0.3086225586750633
1135,0.30908690777772674
1136,0.32009394687180925
1137,0.30805659339454106
1138,0.3084578360434465
1139,0.3217116882954515
1140,0.304238121761083
1141,0.31309095469850123
1142,0.3127464381838807
1143,0.3188805271694177
1144,0.2990475187731011
1145,0.30693900577993416
1146,0.3159074253115418
1147,0.31271524165027514
1148,0.3095598518017072
1149,0.312956289020635
1150,0.3059846087103152
1151,0.312902169600932
1152,0.3158353739300548
1153,0.31676146616172246
1154,0.31840914632387174
1155,0.3151100800297547
1156,0.31694542996246355
1157,0.3111906213507214
1158,0.3159400838549986
1159,0.322275488663812
1160,0.3103451114129886
1161,0.3087402256495829
1162,0.3177151333908145
1163,0.3162946689609083
1164,0.3164563602042044
1165,0.3153408747317738
1166,0.31252832930378655
1167,0.3102532734350992
1168,0.31269591835787847
1169,0.31537663609222805
1170,0.3192153381764402
1171,0.3159132798468749
1172,0.3097496815840729
1173,0.31192599619289063
1174,0.32374961469284946
1175,0.3108766358413121
1176,0.31293294828422896
1177,0.3085319505785389
1178,0.29757022196670624
1179,0.32417799557415333
1180,0.3305327456691918
1181,0.31931536602924615
1182,0.3138919532879423
1183,0.3154077039507142
1184,0.3160201361293525
1185,0.3228829021612983
1186,0.31785845539381025
1187,0.3183861678789104
1188,0.32307434992285805
1189,0.30622965747488506
1190,0.3198912277829648
1191,0.3134482000197872
1192,0.32173764124795945
1193,0.3180699043331451
1194,0.3219271113407638
1195,0.31013754993519843
1196,0.3236562803566838
1197,0.31538965637849486
1198,0.32036638844501863
1199,0.310235123277401
1200,0.3179580518291583
1201,0.30861377610209134
1202,0.3123913196935557
1203,0.30366086608277304
1204,0.30903220376548446
1205,0.3169873918499306
1206,0.3092917182908433
1207,0.3159759535381286
1208,0.31518796701563084
1209,0.3121429392283043
1210,0.3189958271598954
1211,0.3185061768685013
1212,0.3118116782665459
1213,0.3205488933845984
1214,0.3158241676512011
1215,0.3165593230273287
1216,0.3119731575644069
1217,0.3093857905417227
1218,0.3126398043235825
1219,0.31331004640324667
1220,0.3183269086899988
1221,0.32252267365329285
1222,0.31571544135528024
1223,0.3201550674626703
1224,0.31503618141935286
1225,0.32759864934310057
1226,0.31432302331830486
1227,0.32589171644931375
1228,0.31445751184722576
1229,0.3123768397944684
1230,0.3086677622253742
1231,0.31724340153051983
1232,0.30923882475195225
1233,0.3114036976859361
1234,0.3218568963060324
1235,0.3091538469254848
1236,0.31355864983019227
1237,0.30938598154332847
1238,0.3219913482238719
1239,0.3255713975613571
1240,0.3171374190250635
1241,0.3157281750838944
1242,0.3221272422427937
1243,0.3146891790405255
1244,0.32440147743543635
1245,0.31499981466750626
1246,0.3205518487116276
1247,0.3263874909121694
1248,0.3120350790074426
1249,0.31073978442085337
1250,0.3138484870380204
1251,0.3189268878837921
1252,0.31046549423051306
1253,0.31245052258757405
1254,0.3112505766124297
1255,0.3195350781001207
1256,0.3164380236715259
1257,0.31800488279527866
1258,0.3181810944572877
1259,0.3138729109146481
1260,0.322251392790843
1261,0.31858287067460417
1262,0.3235580609743211
1263,0.32177828646392864
1264,0.3177287275204832
1265,0.3102004319207683
1266,0.3231482876630623
1267,0.320342202563882
1268,0.3236414098904425
1269,0.31616669405041453
1270,0.32277210308435783
1271,0.31507568666861113
1272,0.3221499291868967
1273,0.31301006554716454
1274,0.32198681241384464
1275,0.3150351175106066
1276,0.31876603527224745
1277,0.3227682717412841
1278,0.323116820061159
1279,0.32062125183086565
1280,0.3244079762606337
1281,0.31931654709033064
1282,0.31724883163104195
1283,0.3239257001555503
1284,0.3223671008110553
1285,0.3145614392833745
1286,0.32563632597620595
1287,0.3144751400083413
1288,0.3224794325835782
1289,0.315998866137791
1290,0.32504626761882266
1291,0.3141455656342959
1292,0.3217475286096976
1293,0.320015079175595
1294,0.32269374554607855
1295,0.31587372866384267
1296,0.3113045914225947
1297,0.3101377014074029
1298,0.3193265576125375
1299,0.31889555311526596
1300,0.31381680818286983
1301,0.31595756750493253
1302,0.31634972084315843
1303,0.3244078553500679
1304,0.31492662273691846
1305,0.31360613987776564
1306,0.3250140104563769
1307,0.3179194145855194
1308,0.3101434156967462
1309,0.32375429324859567
1310,0.3137990685241599
1311,0.3198170095740051
1312,0.3209935412811615
1313,0.3146240741443338
1314,0.30988520981131606
1315,0.32495655979444743
1316,0.3221830594256852
1317,0.32422086813198525
1318,0.32377762353149275
1319,0.3255990043178443
1320,0.3283545127067943
1321,0.3179841258302845
1322,0.32103375890185754
1323,0.3278856055130579
1324,0.3211756628287263
1325,0.3198696358578982
1326,0.3250978978881213
1327,0.32483189529431744
1328,0.31597222009027004
1329,0.32073186084595273
1330,0.31165415201265423
1331,0.3127752454110531
1332,0.3215140470830554
1333,0.3235222470888641
1334,0.3220850048099371
1335,0.31608998226049445
1336,0.322601285826059
1337,0.32234893284503385
1338,0.3270958402018104
1339,0.3223909729189136
1340,0.3228732546417683
1341,0.3168127428018756
1342,0.3159565178569964
1343,0.31942519445722667
1344,0.31805382225153833
1345,0.3199802053848266
1346,0.31152250926927005
1347,0.31547663091132977
1348,0.32077968850216587
1349,0.3175302761808062
1350,0.3217332682113095
1351,0.3206773037070378
1352,0.3235414391235194
1353,0.3171737712470317
1354,0.32875778994545357
1355,0.3200673476881133
1356,0.3140292815101992
1357,0.32450416044850405
1358,0.32329202148707903
1359,0.32111697709828935
1360,0.30707351487601287
1361,0.3211782838770739
1362,0.3192578265507261
1363,0.32030441504788987
1364,0.3293198207791561
1365,0.3348936043001529
1366,0.32719557259803844
1367,0.31871513201651924
1368,0.3151279839515624
1369,0.311291841537584
1370,0.3203706938734959
1371,0.32122101899995437
1372,0.3245507223564421
1373,0.32636048142427987
1374,0.3264076355384771
1375,0.32575805777561395
1376,0.32475747650581327
1377,0.3318761700826909
1378,0.3266166431660485
1379,0.3263848189490637
1380,0.328247343121104
1381,0.3105881457046175
1382,0.3208551256863153
1383,0.3322303674999685
1384,0.32651322743596006
1385,0.3273241858015341
1386,0.3218173298060335
1387,0.32040999510952783
1388,0.323025995612186
1389,0.3163206750453135
1390,0.3353431536343031
1391,0.31779785511000636
1392,0.32560645107088954
1393,0.3264882281583492
1394,0.3223402533268926
1395,0.32795492991442793
1396,0.3224173874880991
1397,0.3266199649559752
1398,0.31503746764583035
1399,0.31638438667412006
1400,0.3122207162533018
1401,0.3200924402216349
1402,0.33164458923885465
1403,0.32310988916172084
1404,0.31079314521316154
1405,0.31522995288704775
1406,0.31615727203096244
1407,0.31898297119497687
1408,0.32422482765703936
1409,0.3248491400371081
1410,0.32157535780992147
1411,0.32373116651305966
1412,0.3329924299135789
1413,0.3152411803532039
1414,0.3197495799470405
1415,0.3186872400763546
1416,0.32534881884976324
1417,0.3270126934404035
1418,0.3222175355649189
1419,0.32692891292083853
1420,0.31805604260291453
1421,0.326772463363966
1422,0.31678360453112614
1423,0.32071482721460237
1424,0.3229828322197524
1425,0.3207177207235014
1426,0.3257141604831408
1427,0.32307408301664137
1428,0.3233105784284435
1429,0.32516899731891474
1430,0.331916273337955
1431,0.3256806661021109
1432,0.33481015138221615
1433,0.3254523634789054
1434,0.3253230111019217
1435,0.3308845050467243
1436,0.3367136573047048
1437,0.3285914834377043
1438,0.33380458621581666
1439,0.3236910301638278
1440,0.32827039447943174
1441,0.3213755853262252
1442,0.32666345587583845
1443,0.32517214436790215
1444,0.33159050503054865
1445,0.3210819521083429
1446,0.32616159332628
1447,0.32363053277113263
1448,0.3242780905881201
1449,0.3373195501660469
1450,0.32592122524025785
1451,0.32952918374295526
1452,0.3214366668001973
1453,0.3362881769223966
1454,0.3243004777946587
1455,0.3293872268403039
1456,0.3262144054604085
1457,0.3216450763125983
1458,0.32272225143424216
1459,0.33254670906384853
1460,0.32483862527913415
1461,0.3259459912021252
1462,0.32017581054256034
1463,0.32377289454134045
1464,0.32582528274238587
1465,0.3258687250185241
1466,0.32918852492316736
1467,0.31840024458137545
1468,0.3183860708525501
1469,0.3275673919102961
1470,0.31890439741093585
1471,0.3253640997529561
1472,0.3228755903544783
1473,0.3195346408703478
1474,0.3286427045373387
1475,0.32443277208862836
1476,0.31813104511494955
1477,0.328996861321632
1478,0.3215960494477422
1479,0.3355709869367191
1480,0.3243171169861041
1481,0.3193845956190336
1482,0.3202607475542081
1483,0.3206725009870508
1484,0.3179548991784684
1485,0.3253021899858081
1486,0.31747644938287406
1487,0.32323256737660966
1488,0.3212210473929181
1489,0.3259946248465829
1490,0.32485779185217334
1491,0.3238611641922103
1492,0.321879906105239
1493,0.3328175021613878
1494,0.32776400591874666
1495,0.3330292378334014
1496,0.33001580938169567
1497,0.3316387772491425
1498,0.32859777449126293
1499,0.3248540263164174
1500,0.32204218301503745
1501,0.3351905337594006
1502,0.33032179320508814
1503,0.31617705207534674
1504,0.3196236210654556
1505,0.3226845356745747
1506,0.3301196971284464
1507,0.328426410645466
1508,0.3293142632753153
1509,0.32355137259605976
1510,0.31739853794251344
1511,0.32980722067908924
1512,0.32430648599268924
1513,0.3255705949613423
1514,0.3187971097967154
1515,0.3258042089714332
1516,0.3329101924132745
1517,0.31919641733848303
1518,0.3198632791910625
1519,0.32275140268948604
1520,0.32950836985122395
1521,0.3229651028610708
1522,0.3238886143578494
1523,0.3353941595382191
1524,0.32174880072269285
1525,0.3252483405825622
1526,0.3179434981406145
1527,0.3156168411872536
1528,0.32559921998211677
1529,0.3281858840526962
1530,0.323299613251095
1531,0.32915774406052856
1532,0.3261877007481368
1533,0.32221243794175114
1534,0.32517819200639964
1535,0.3200020583042891
1536,0.3262721395863547
1537,0.33040487881733227
1538,0.3227300871139957
1539,0.3279828255199521
1540,0.32383399181980466
1541,0.32767807766148666
1542,0.33039835500335807
1543,0.3192030582758337
1544,0.33286987122022527
1545,0.3266929203791868
1546,0.32773851402827775
1547,0.32151664147248127
1548,0.32587798703908305
1549,0.34220297259994203
1550,0.32241328386683904
1551,0.3221252972712208
1552,0.31754628819466124
1553,0.3296877036819646
1554,0.33197974678475745
1555,0.3320750162576483
1556,0.32842434630948286
1557,0.33285154756646107
1558,0.33432703513036593
1559,0.32383925425758225
1560,0.3186565567502313
1561,0.3159637682613345
1562,0.32355691299354067
1563,0.33004356720819944
1564,0.33673379324158104
1565,0.3224710269218168
1566,0.33003428564933646
1567,0.3325564540722012
1568,0.3279665931246652
1569,0.32388167601851736
1570,0.32107145831299144
1571,0.328141192255823
1572,0.32671909496019974
1573,0.3271356819529069
1574,0.322189234350721
1575,0.32184686901444753
1576,0.32646582064127616
1577,0.33028969859791374
1578,0.3261077968381302
1579,0.3245827801098178
1580,0.32922004619110773
1581,0.32788505980691934
1582,0.32055037654560514
1583,0.3252238467838683
1584,0.3280763099260339
1585,0.33255457128362764
1586,0.32467331482353085
1587,0.3188905772513284
1588,0.33136592113995966
1589,0.3213781040702382
1590,0.3301771243711726
1591,0.32606330239612824
1592,0.33316748660546885
1593,0.3316280852957417
1594,0.3293421072614897
1595,0.3291557394021848
1596,0.33047656326196617
1597,0.3231064139793162
1598,0.3357658592653942
1599,0.32921612215224766
1600,0.32755565525619224
1601,0.3267410410741971
1602,0.33623063627655875
1603,0.3296482942881555
1604,0.3268214723690021
1605,0.3314767373838238
1606,0.32440873851834034
1607,0.32604849901876465
1608,0.32932352866262815
1609,0.33026992399352995
1610,0.31847528973442046
1611,0.3362044051843054
1612,0.32197830975225367
1613,0.33327885305018423
1614,0.3322638111151131
1615,0.3313675689239096
1616,0.32778337584827794
1617,0.32688305967019654
1618,0.33070539588646153
1619,0.3282472465094342
1620,0.3239397320588187
1621,0.32873875164122024
1622,0.3322964380446488
1623,0.32320645287589167
1624,0.3371662316113883
1625,0.32445610484248893
1626,0.32246364844084774
1627,0.3375244853808653
1628,0.33410481129652386
1629,0.32722141551876294
1630,0.32940678380594335
1631,0.3308342010759884
1632,0.32487837937470765
1633,0.33264957520284766
1634,0.323958475194807
1635,0.32546171183686035
1636,0.327121148104911
1637,0.33255041967296434
1638,0.3351892785006422
1639,0.3283416618616287
1640,0.33663943473389096
1641,0.33997845008191957
1642,0.32815809180657823
1643,0.326044725963958
1644,0.3215475104089292
1645,0.32800587944904885
1646,0.33137885936210576
1647,0.3294330788450811
1648,0.3297332830283085
1649,0.3266172011600063
1650,0.3266277305093727
1651,0.3290851846098667
1652,0.3357759785840686
1653,0.3293141124328052
1654,0.3286118540151641
1655,0.3328523267275239
1656,0.3362945538743292
1657,0.32906976979405067
1658,0.3311218215562703
1659,0.33019705289513346
1660,0.33662072093348117
1661,0.3343758705554314
1662,0.3253515670577478
1663,0.3265318849149586
1664,0.3296332153616465
1665,0.340576559192558
1666,0.3385146055297109
1667,0.3338769895209838
1668,0.33210094347249364
1669,0.33497073290116275
1670,0.3311888157537746
1671,0.3242064955214879
1672,0.3375121029232267
1673,0.3350489570179565
1674,0.33350643820032355
1675,0.33144309434582647
1676,0.32888136388943684
1677,0.3307040045332698
1678,0.33352167138365973
1679,0.3315030632213763
1680,0.3339482766198422
1681,0.33323561205800206
1682,0.33026629136061875
1683,0.3245700349439168
1684,0.33629415838380766
1685,0.3301559988610411
1686,0.3314139684986823
1687,0.3303609485552541
1688,0.33685331126041773
1689,0.32564032395922293
1690,0.33565254489231244
1691,0.32906211351564896
1692,0.3352274618374411
1693,0.34741760446036835
1694,0.32903506650685127
1695,0.3304938686365734
1696,0.3191524567422917
1697,0.32986471334264506
1698,0.3339217269943021
1699,0.33272961158319175
1700,0.3317888858117944
1701,0.3293572253589161
1702,0.3341230245320527
1703,0.3288190989781625
1704,0.332708846253679
1705,0.3283864782017725
1706,0.3290566505599157
1707,0.33721189755685826
1708,0.3361777705348852
1709,0.33668553073359286
1710,0.3306698831993324
1711,0.33095262851458435
1712,0.33840892927921556
1713,0.3268524788560529
1714,0.3165902519472413
1715,0.3273017102382063
1716,0.3365528801236014
1717,0.3335217860048818
1718,0.32777563036951746
1719,0.33252976099009607
1720,0.33901892294775116
1721,0.33518747135640753
1722,0.3273402933023928
1723,0.3298508452055805
1724,0.33338215396119775
1725,0.32567165080265353
1726,0.34292801511124654
1727,0.32423968247619667
1728,0.33396299632990256
1729,0.3278500794365933
1730,0.3355501254357455
1731,0.33357361670131386
1732,0.32130651948493516
1733,0.327936850600486
1734,0.3298570799634662
1735,0.3296027705781574
1736,0.33801960763056865
1737,0.340254444161569
1738,0.3371775853317787
1739,0.3342535068130285
1740,0.3367397210089182
1741,0.3298299221262725
1742,0.32157855055815354
1743,0.3311360028179123
1744,0.3363066694873826
1745,0.3224937790983588
1746,0.32652357953784306
1747,0.3316264550737302
1748,0.3346713182868681
1749,0.330511219513652
1750,0.3285267316008974
1751,0.33340569794132274
1752,0.3370097911557363
1753,0.33233242505511124
1754,0.33932699639120845
1755,0.3318787914075278
1756,0.33839818082238804
1757,0.33923682966681085
1758,0.33645253966510863
1759,0.3349802884264874
1760,0.33327274082292313
1761,0.33341544568416487
1762,0.33628329673908025
1763,0.33572445401638285
1764,0.3312646814259361
1765,0.337688227421629
1766,0.3410670128352345
1767,0.3368951676061772
1768,0.33549045152303936
1769,0.32336424273579734
1770,0.33308689948923775
1771,0.33624815647274864
1772,0.33729234203551867
1773,0.3408035329844286
1774,0.3330894017987843
1775,0.3314742751660731
1776,0.3305905643879041
1777,0.33993619704987066
1778,0.3430689668755787
1779,0.32675300791709855
1780,0.3409865033137654
1781,0.33001144837745644
1782,0.3371588211695025
1783,0.3292938503643046
1784,0.34083106797026674
1785,0.33782318174715853
1786,0.3406915491535602
1787,0.3415460526995197
1788,0.3305812852440837
1789,0.3326582441477077
1790,0.33830284877917915
1791,0.3360115157461547
1792,0.3280519241562674
1793,0.33105547453319495
1794,0.3419824099928343
1795,0.33065297501535806
1796,0.33521905526516893
1797,0.3376648412244282
1798,0.3288317160411082
1799,0.3318684894800066
1800,0.3381023686891355
1801,0.343975392796303
1802,0.33426019614662933
1803,0.3483887858792777
1804,0.33215248940124054
1805,0.3419034410963802
1806,0.3415869729853419
1807,0.3376248056010112
1808,0.33135922460010925
1809,0.3325564382279079
1810,0.3476717626842065
1811,0.3326040880942139
1812,0.3374950106081833
1813,0.3242223014539223
1814,0.3343558367518442
1815,0.32936642876347766
1816,0.33554251719639083
1817,0.33709572408235716
1818,0.3431250831756939
1819,0.32789271771073225
1820,0.33194997812637306
1821,0.3316961750497797
1822,0.3304033566112218
1823,0.3344668779706605
1824,0.34107655056823666
1825,0.3341086663093921
1826,0.33712277152486597
1827,0.3365304798202221
1828,0.3451790726979605
1829,0.3224756886509172
1830,0.3425411834986432
1831,0.3371705949459014
1832,0.34170730708225944
1833,0.341835488664708
1834,0.33944070735051374
1835,0.35031298288888957
1836,0.33468838487448765
1837,0.32974196782366655
1838,0.33375407441881244
1839,0.33838348344753777
1840,0.33699808778460855
1841,0.3441249396835591
1842,0.32658140050290707
1843,0.33474987756513414
1844,0.3358366688479075
1845,0.34241143322880435
1846,0.3442533606686024
1847,0.34186575422922094
1848,0.34017557228424417
1849,0.33469632078299716
1850,0.35211816438173604
1851,0.3359244906104934
1852,0.3347242478261048
1853,0.34560501647050257
1854,0.33484813033843575
1855,0.3360155909350379
1856,0.3367444618065233
1857,0.33184284929424585
1858,0.34157861928368466
1859,0.3387267040202741
1860,0.3377937738597084
1861,0.3352111787385582
1862,0.3372019778441558
1863,0.3408664612560168
1864,0.3440725399163006
1865,0.34461853100095297
1866,0.33260591176790993
1867,0.3318452650240616
1868,0.3372260963785779
1869,0.3353467826845317
1870,0.328675171941859
1871,0.3318237695946957
1872,0.32598595389546364
1873,0.33973565477045553
1874,0.3365437865122066
1875,0.33445650967363183
1876,0.3381320219451533
1877,0.3366803227938011
1878,0.3362117854990978
1879,0.33435881484612423
1880,0.33888903492776784
1881,0.33722114526237484
1882,0.33832640377508333
1883,0.33177889864924653
1884,0.3330014445557651
1885,0.33874698941382186
1886,0.348978423587069
1887,0.33409899504086304
1888,0.3366723449097064
1889,0.33560499721976716
1890,0.33548391183619913
1891,0.3431384124230064
1892,0.33933837452811033
1893,0.33690716273116
1894,0.3402414540998465
1895,0.3357078453889036
1896,0.3426431878941568
1897,0.34138903555402883
1898,0.34254782863883154
1899,0.34053991071794454
1900,0.3386565081925488
1901,0.3489216180016127
1902,0.33341761472138814
1903,0.333973621318274
1904,0.3302385355465129
1905,0.3259001217228918
1906,0.3323775386300806
1907,0.3321869386818544
1908,0.3369042321757839
1909,0.32738005277841464
1910,0.34098304384596273
1911,0.3379919892531779
1912,0.33382930539695127
1913,0.33038501554206967
1914,0.3393434806131404
1915,0.3341339395125124
1916,0.338291373783913
1917,0.3342028001785947
1918,0.33931929032200453
1919,0.3380582875391883
1920,0.3516937572857693
1921,0.3376984106443603
1922,0.3375546691658124
1923,0.3349928760250283
1924,0.3460880184427894
1925,0.34069548310115094
1926,0.32792233364505213
1927,0.33993907405256757
1928,0.34515206200239157
1929,0.33602096622881356
1930,0.3332614417355299
1931,0.3397462629287588
1932,0.34223923010092516
1933,0.33012332620408347
1934,0.34630945846213973
1935,0.3416855598883594
1936,0.3326400895967485
1937,0.34362748690065287
1938,0.33699854580289523
1939,0.33748233076055256
1940,0.3428651922419325
1941,0.33589108950758656
1942,0.3332384632197643
1943,0.33696317506009127
1944,0.3393265871893993
1945,0.32433121103386153
1946,0.3372803697146052
1947,0.33429458520228805
1948,0.3441522467424297
1949,0.33712474828737804
1950,0.329754412972225
1951,0.3396544327321904
1952,0.33976506964907266
1953,0.3289051160937733
1954,0.3402409854978593
1955,0.3360908107543056
1956,0.33408524923992283
1957,0.3293312222054008
1958,0.33405721722793086
1959,0.34521799965897554
1960,0.3345548199703517
1961,0.34286320807587484
1962,0.3431402300880006
1963,0.3259242624967832
1964,0.3309352909455223
1965,0.3516908885938641
1966,0.3331180024130595
1967,0.3300372226124106
1968,0.3407079280589571
1969,0.3357879986782749
1970,0.34159986840665624
1971,0.3401544300034024
1972,0.3338460174746262
1973,0.34558816809546916
1974,0.3373665177972601
1975,0.33890680762114866
1976,0.3307208562495298
1977,0.33362640665220233
1978,0.3411335486342477
1979,0.33539737804744074
1980,0.3498022098726551
1981,0.34842812749573365
1982,0.33998713088399246
1983,0.34147577787584105
1984,0.34321396570564117
1985,0.3343649750039542
1986,0.342660759416178
1987,0.3446977052568825
1988,0.3449847387149334
1989,0.3295752436330858
1990,0.3381606147139395
1991,0.3346132768598332
1992,0.33809484293096964
1993,0.32985255454781376
1994,0.34189910069381363
1995,0.3415709011370678
1996,0.3455675091750983
1997,0.3378904220565042
1998,0.3342439117456656
1999,0.346836196275131
2000,0.3372903577117782
2001,0.3335955473518457
2002,0.34047889363073647
2003,0.3422611003193741
2004,0.3273592879596789
2005,0.3392951189038185
2006,0.33962136036106166
2007,0.3278404203755812
2008,0.33286391704495644
2009,0.3360732715006653
2010,0.33321286990570026
2011,0.3413879745198061
2012,0.3373818488739828
2013,0.3431599938935241
2014,0.3321733000426506
2015,0.342007150568539
2016,0.3366802410548335
2017,0.33525378630715164
2018,0.3341724957362066
2019,0.3440816194241947
2020,0.33276786963726696
2021,0.3273943710483945
2022,0.3303100492433668
2023,0.33525233435069435
2024,0.3415678313209829
2025,0.3423373608446632
2026,0.33921039404534487
2027,0.3329827095229621
2028,0.34004988985334794
2029,0.33575588106670673
2030,0.333859445539759
2031,0.33867127576784517
2032,0.3404561009519303
2033,0.33974560461380165
2034,0.3470144061759671
2035,0.3353534760152009
2036,0.3392113169619153
2037,0.34053269271301856
2038,0.34054004610709115
2039,0.3432356457017735
2040,0.3431195423746835
2041,0.33773655137892206
2042,0.3375007706026728
2043,0.334753476889378
2044,0.33847427510054057
2045,0.3371085439577516
2046,0.3419764114478636
2047,0.3375996781430661
2048,0.33967832098095024
2049,0.3405192344335625
2050,0.34383955107983416
2051,0.3323147397734794
2052,0.33616304077603715
2053,0.33134278434653713
2054,0.3342408299339133
2055,0.3464868943543466
2056,0.34354571291698516
2057,0.3330530172224952
2058,0.3412030329478541
2059,0.34488551362259956
2060,0.3399096792771205
2061,0.3475184573146257
2062,0.3399582342783288
2063,0.3379066594943555
2064,0.33943705736386975
2065,0.3371968513207076
2066,0.3471200030927114
2067,0.3361070710840904
2068,0.3441975149363058
2069,0.33974046878509206
2070,0.34277195494169566
2071,0.34148947336290125
2072,0.3493809840759269
2073,0.3430710396496995
2074,0.33318423647064965
2075,0.3412202779714851
2076,0.3349970597110918
2077,0.3445967248415281
2078,0.34650566067788774
2079,0.33204304299749876
2080,0.33701419970366064
2081,0.3415925688708202
2082,0.34343914481933463
2083,0.33726673555485187
2084,0.34194164336597144
2085,0.35440488770207507
2086,0.33853298153867106
2087,0.33731053617482926
2088,0.33655516564623916
2089,0.3449847926168104
2090,0.3329970762547968
2091,0.3454672194775953
2092,0.341984945373002
2093,0.34677990767335043
2094,0.3437108448975482
2095,0.33956435503028537
2096,0.3442619636556018
2097,0.33951553399322787
2098,0.33929308479604836
2099,0.3407952095873755
2100,0.33802536513989023
2101,0.3497869781369968
2102,0.3427797729627482
2103,0.3377669960900205
2104,0.34832754476685107
2105,0.33764725994804534
2106,0.34373694917942776
2107,0.3510828618092832
2108,0.3369580742849391
2109,0.3442535354155612
2110,0.3388750888036338
2111,0.34198695477915353
2112,0.34517673980921504
2113,0.34658238967028265
2114,0.33502586310884447
2115,0.34217562312150623
2116,0.337402339553847
2117,0.3389322102043443
2118,0.3443445871784607
2119,0.34472166911164276
2120,0.34233962266969487
2121,0.34321174376149854
2122,0.34623866524826064
2123,0.3516995688394339
2124,0.33141530065681135
2125,0.34524844617123956
2126,0.3359781039275081
2127,0.34690683231044267
2128,0.33874943792774753
2129,0.3417211170178828
2130,0.3403989565370038
2131,0.3417019587823088
2132,0.34498116989876837
2133,0.3414827446180299
2134,0.34163231983432285
2135,0.3456497558506172
2136,0.33685707413884564
2137,0.3397985454481302
2138,0.3394672395969648
2139,0.3466788610115291
2140,0.35058002067170263
2141,0.34488928863344287
2142,0.3401853923317945
2143,0.3470991493956296
2144,0.34749886196260116
2145,0.34681401083765456
2146,0.3376442445098942
2147,0.3462925315667609
2148,0.3478614186749909
2149,0.34097660584063005
2150,0.34450741782075717
2151,0.3477371562054336
2152,0.3369222926426886
2153,0.33387549071740763
2154,0.35112708940612813
2155,0.3402194990334871
2156,0.3455311241958936
2157,0.34366212539825075
2158,0.3472251764343847
2159,0.3414157338727903
2160,0.351128260180323
2161,0.3437405436606623
2162,0.34851159092668627
2163,0.33028611322469476
2164,0.34236961417918615
2165,0.3359155822659754
2166,0.3441066524410107
2167,0.33339535858756864
2168,0.3375605222246788
2169,0.34411257792361644
2170,0.33863077510181944
2171,0.33855049688152883
2172,0.3472900389010659
2173,0.3386125499960584
2174,0.34305116680311654
2175,0.32878189442006883
2176,0.34931029198264385
2177,0.34624808127804313
2178,0.3482949386409622
2179,0.3480741022793694
2180,0.35262596828404474
2181,0.34476429348406173
2182,0.3440765416964679
2183,0.34080980662593774
2184,0.33020916343396384
2185,0.3532542402563114
2186,0.337481460947017
2187,0.3413294415598517
2188,0.33806341611503754
2189,0.33989243634543315
2190,0.3407684731532872
2191,0.3416282254736744
2192,0.34218548396842685
2193,0.3430243861607039
2194,0.34952437735005065
2195,0.3417448014167787
2196,0.34254159216423036
2197,0.3461075241573388
2198,0.34093100213385924
2199,0.33817223698774196
2200,0.33458776902854215
2201,0.3554083735779506
2202,0.3384805181483947
2203,0.34710448447148523
2204,0.3471442378995862
2205,0.3443670721479564
2206,0.3400991961595449
2207,0.33993606558021144
2208,0.34906611711966345
2209,0.3435966459283027
2210,0.34283471890138584
2211,0.3420175796940322
2212,0.3421509257682804
2213,0.35322890228390036
2214,0.3390083040080788
2215,0.33738034449824195
2216,0.34824670579647987
2217,0.33358012754426386
2218,0.33699312278040416
2219,0.34171708335489537
2220,0.33752438453955375
2221,0.3404085316037893
2222,0.3366502883832271
2223,0.34182095283430886
2224,0.34943824735160006
2225,0.34469917573945236
2226,0.3295828573322884
2227,0.3437216314672657
2228,0.34076425388574244
2229,0.3496466871721568
2230,0.33455949967449766
2231,0.34558141047924096
2232,0.3471994204496861
2233,0.34659407702546674
2234,0.3443058675543713
2235,0.3384457400265089
2236,0.34008060371477067
2237,0.3441306266677139
2238,0.34176898373605263
2239,0.3441080672313542
2240,0.34972886134834047
2241,0.3525200849005263
2242,0.3320321039113922
2243,0.3403847255935531
2244,0.3462325832481578
2245,0.3351115428851485
2246,0.3463654134279529
2247,0.3309693504248878
2248,0.3366711033698819
2249,0.3470341652479236
2250,0.3433960944324413
2251,0.34781551333760924
2252,0.344227306305931
2253,0.3479348123499235
2254,0.3382746286117932
2255,0.3432257027497235
2256,0.34275011449576626
2257,0.35267123886032703
2258,0.3431011818073433
2259,0.3423879870201714
2260,0.3493769284723462
2261,0.34454791918581706
2262,0.34057140127241986
2263,0.33209320381414087
2264,0.33837881854700425
2265,0.341116592346591
2266,0.3433694489389195
2267,0.3419364223837966
2268,0.3421280985236298
2269,0.3486500662676573
2270,0.3508520862366673
2271,0.33993321468603704
2272,0.35723735937821477
2273,0.3410342359975913
2274,0.3430374333835418
2275,0.346125809026713
2276,0.3430542580528536
2277,0.3496211855598732
2278,0.3420420617377352
2279,0.34642730393647825
2280,0.34474348637991437
2281,0.34542790185026256
2282,0.3470948314911985
2283,0.3449156062155732
2284,0.3419147070991901
2285,0.3450233021391893
2286,0.34096914546340606
2287,0.34023045471944746
2288,0.3374231499441557
2289,0.34043771551885293
2290,0.3475321790395774
2291,0.3418167655918418
2292,0.34143132392396125
2293,0.34208175187154366
2294,0.3516296785978521
2295,0.3467837811817604
2296,0.3408564749766808
2297,0.3405286778023262
2298,0.3473436900280736
2299,0.3372984286549228
2300,0.3497000145157137
2301,0.34813354017045156
2302,0.34624441734424927
2303,0.3325735024316351
2304,0.35491230380845645
2305,0.34137893988657386
2306,0.33851540757305687
2307,0.3486934010347749
2308,0.34195023806225644
2309,0.3497043575294289
2310,0.3523073435725228
2311,0.34714057219599453
2312,0.3444157069926027
2313,0.3413707553417786
2314,0.3343626856329288
2315,0.34854618618573197
2316,0.35082702780591757
2317,0.3450763355729221
2318,0.3538437538436595
2319,0.34867474372967033
2320,0.3488098353625359
2321,0.3434062187785113
2322,0.34547014028868134
2323,0.3366011730548351
2324,0.33969253275973127
2325,0.3465884000880052
2326,0.3419787628601623
2327,0.3413722981536285
2328,0.3352034706041845
2329,0.34011962234782517
2330,0.35350976845038745
2331,0.3459092245120544
2332,0.3367958800308053
2333,0.34274977298688697
2334,0.3490570487149461
2335,0.3504164459662764
2336,0.34274050454502064
2337,0.34373457082098174
2338,0.3457125666212631
2339,0.3419006078090702
2340,0.34670597806886194
2341,0.3404162160180467
2342,0.3419642743431216
2343,0.3366649546936871
2344,0.34836349036197867
2345,0.34241921778386336
2346,0.34668215671301267
2347,0.3402629101251865
2348,0.3469958619485192
2349,0.3486863583896706
2350,0.346889443956051
2351,0.33906533007573575
2352,0.34232650484921817
2353,0.3392949337235531
2354,0.3350389943217292
2355,0.3510900224676492
2356,0.3458897995539158
2357,0.34509302196208813
2358,0.3422389803441384
2359,0.35003974025390583
2360,0.34214885528179206
2361,0.3509082863780269
2362,0.3365783297123704
2363,0.3433878681951973
2364,0.3412235573630946
2365,0.3459415040307048
2366,0.3469820487806833
2367,0.34261049118798653
2368,0.3436130639665172
2369,0.33873027439168935
2370,0.34698670102348717
2371,0.3489249551405249
2372,0.3517353532999784
2373,0.34568617019747333
2374,0.3471313582083992
2375,0.3573277159677063
2376,0.34881345086153304
2377,0.3514930826790423
2378,0.33945386148103107
2379,0.3429096366156725
2380,0.3408217064179502
2381,0.34851504656981613
2382,0.3431269890649243
2383,0.34656944251593863
2384,0.34047465285174466
2385,0.34871480128725696
2386,0.3495907704146897
2387,0.34528893918073317
2388,0.3451029551987557
2389,0.3439960769376233
2390,0.3474637143339479
2391,0.34995333767689185
2392,0.35094058564431024
2393,0.34967641205132294
2394,0.34914063161714814
2395,0.34999715039561774
2396,0.3407150509523611
2397,0.3472850671719639
2398,0.35585566630006943
2399,0.34789623814044124
2400,0.337596542492451
2401,0.34891736019251623
2402,0.3493577246571028
2403,0.3475857315958788
2404,0.35112023908563944
2405,0.34121151911785275
2406,0.33945933456200555
2407,0.3516117462533266
2408,0.3525511914435695
2409,0.34686153951894366
2410,0.35188113273279387
2411,0.34528421716761265
2412,0.34835132290995874
2413,0.35134057098068144
2414,0.3484545322410567
2415,0.35315905997740665
2416,0.3488685349383039
2417,0.3421358503770777
2418,0.33829645797472324
2419,0.3501867728319837
2420,0.3513159321520445
2421,0.3542157580165676
2422,0.34665845222441366
2423,0.34414174783411156
2424,0.3556190461892171
2425,0.34570407510521317
2426,0.3462866227576426
2427,0.34365547699294824
2428,0.34603576752067
2429,0.3440638609534612
2430,0.3488121869047385
2431,0.347078173064616
2432,0.34094771034758087
2433,0.337356013354842
2434,0.3471492445714941
2435,0.344664170501685
2436,0.34372153271716327
2437,0.354158436360898
2438,0.34370918467470846
2439,0.3512379461560121
2440,0.34665472198569186
2441,0.34245900471139995
2442,0.3447513892238942
2443,0.33790139033280786
2444,0.34153406537359404
2445,0.3572241979961341
2446,0.34483659916383835
2447,0.3508201943108193
2448,0.3499324659265998
2449,0.349746735579181
2450,0.3474112794692057
2451,0.3488205901388365
2452,0.34397786626007315
2453,0.34043069952759236
2454,0.3431545814458497
2455,0.3440861070163377
2456,0.34540081864847744
2457,0.3470646505708276
2458,0.34679250355478525
2459,0.3453774267913243
2460,0.34245769037458634
2461,0.352727118373285
2462,0.348602907246917
2463,0.35316392696751386
2464,0.3512193409005467
2465,0.3507365555951907
2466,0.35364707250662863
2467,0.3431357976002386
2468,0.34317967314741277
2469,0.3428428999120782
2470,0.3515158633713334
2471,0.3431215579714431
2472,0.3497923671516397
2473,0.34895474024881173
2474,0.34824947061300193
2475,0.35257581945316574
2476,0.3427806765573785
2477,0.3448042509870763
2478,0.34690783051323487
2479,0.3499946531160579
2480,0.3463088911610439
2481,0.3423167707067567
2482,0.34094777084218647
2483,0.35789555443745397
2484,0.3401383969337276
2485,0.3468205102679365
2486,0.34561214386762823
2487,0.34348177769769395
2488,0.34287158553127656
2489,0.34460854525523194
2490,0.3488559892234507
2491,0.3447894933088062
2492,0.34125226057848623
2493,0.34556214998087326
2494,0.3508496883512402
2495,0.3397101916577969
2496,0.3397579278529197
2497,0.3458314064236368
2498,0.34833044183423684
2499,0.34835757216609337
2500,0.3493152264830578
2501,0.3476102068486968
2502,0.345788428920851
2503,0.34696582102258444
2504,0.360160187383252
2505,0.359081631567711
2506,0.3380095523300915
2507,0.3390511916210223
2508,0.3409090574366859
2509,0.34215190645260857
2510,0.34549357042546547
2511,0.3465904774226551
2512,0.35218265299245854
2513,0.3602933212530354
2514,0.35021980668115327
2515,0.3533302715413769
2516,0.34774085063874527
2517,0.3541342504749698
2518,0.34920844251084815
2519,0.34987338465788553
2520,0.34920015276161737
2521,0.35189357545669275
2522,0.3481931593905317
2523,0.3441707224888408
2524,0.3548982275889499
2525,0.35054573210720347
2526,0.3446313935124045
2527,0.3478911214567003
2528,0.3482424048565431
2529,0.3517428171472648
2530,0.34620401794549227
2531,0.350721655916526
2532,0.34818850405231516
2533,0.3510573189863974
2534,0.34069629922036027
2535,0.35497948268137147
2536,0.34738237791771925
2537,0.3404629165055663
2538,0.3450783263835035
2539,0.35536127565922626
2540,0.35058655763872476
2541,0.35782858410273954
2542,0.3396321057236249
2543,0.3594325886263548
2544,0.34722190440874484
2545,0.34214511107221673
2546,0.3495274092427293
2547,0.3440288223648768
2548,0.34376869892892875
2549,0.34660584597400407
2550,0.34670153714332264
2551,0.34772954546391016
2552,0.34291743367146676
2553,0.340361186978209
2554,0.34673909576320683
2555,0.3511709949485333
2556,0.3516117423399517
2557,0.34450299977067456
2558,0.3533825978794032
2559,0.35206379313249747
2560,0.3468897939067057
2561,0.346220531945619
2562,0.34614877082614237
2563,0.33922878154114855
2564,0.34671705863364166
2565,0.3512517910729324
2566,0.34625474684932034
2567,0.35237874584481965
2568,0.34696132859552914
2569,0.34287484685604835
2570,0.3442710650662339
2571,0.35206460212020674
2572,0.35292639245746804
2573,0.3514230191358655
2574,0.34805463797969416
2575,0.3505200461070857
2576,0.35183308393670676
2577,0.3452267499280062
2578,0.33769448609323394
2579,0.3490475779825268
2580,0.3446687377221095
2581,0.3397762975112052
2582,0.3476685502225125
2583,0.34716440871850734
2584,0.34565019771331
2585,0.3539315389242012
2586,0.34207644642085877
2587,0.3470807796579133
2588,0.3516858474174782
2589,0.34898438177236063
2590,0.3412474339702799
2591,0.3494447938335168
2592,0.35693960572519845
2593,0.34931579145931557
2594,0.35141104782387195
2595,0.3462570104270548
2596,0.3528963445432992
2597,0.3522925118984769
2598,0.3482880393351894
2599,0.35120944555778427
2600,0.35710928444266105
2601,0.3422787029256211
2602,0.351879330835868
2603,0.3483722603516904
2604,0.3533335855284194
2605,0.3594758131343791
2606,0.34446538006181193
2607,0.3506880218001765
2608,0.3465008119449509
2609,0.34601677550457416
2610,0.3459120671751137
2611,0.3519220529713141
2612,0.3485714621444716
2613,0.35142579604212537
2614,0.348761740642131
2615,0.34682600910177996
2616,0.34303673084175273
2617,0.3534946767349491
2618,0.3558521275239404
2619,0.36283307152943034
2620,0.35210999262377407
2621,0.3420610260741129
2622,0.3498149450635685
2623,0.34666086470118695
2624,0.35604393457752603
2625,0.3556841100784082
2626,0.3509974882199881
2627,0.3538288489546589
2628,0.35421349696882215
2629,0.35919560896375996
2630,0.3418926673249189
2631,0.34488386502759766
2632,0.35368564823453735
2633,0.34448373918411945
2634,0.3503455261473838
2635,0.3462016838197717
2636,0.343030645588982
2637,0.3498150175043198
2638,0.34755763939384343
2639,0.3556610328207881
2640,0.34778421013750016
2641,0.34674396344478614
2642,0.3454143093465731
2643,0.35239016067592843
2644,0.34638425892619956
2645,0.35269889890383727
2646,0.3511697346615995
2647,0.34947916227378545
2648,0.34286299942648485
2649,0.35859291362550755
2650,0.34937836205919015
2651,0.3531937082232537
2652,0.3495739268578182
2653,0.35801572463483994
2654,0.35463566779593525
2655,0.3481604511385797
2656,0.35166146378020924
2657,0.35178336547065997
2658,0.3505588395685362
2659,0.35331606975970303
2660,0.3562277164428902
2661,0.3538895715610575
2662,0.3440850668502655
2663,0.3536678367767008
2664,0.3412692246418269
2665,0.34852643747027695
2666,0.3440088384124063
2667,0.3524616895115692
2668,0.3520941380490658
2669,0.3529261271452395
2670,0.3530887746665124
2671,0.3470281738869636
2672,0.3459236719582338
2673,0.34791787233584953
2674,0.34802896626483476
2675,0.34947796131581343
2676,0.3470444933527059
2677,0.3438707635976636
2678,0.3514476159762044
2679,0.3510382045415093
2680,0.3518878699508621
2681,0.34241844687509254
2682,0.3495922787711057
2683,0.3519149690114919
2684,0.34155634028006054
2685,0.3644871112790603
2686,0.3457105408123546
2687,0.3570038026854138
2688,0.35400484604490573
2689,0.33621795390582004
2690,0.3488944674601115
2691,0.3482764625432971
2692,0.35683983315848383
2693,0.3606617553634263
2694,0.3469508359870708
2695,0.34957850762852066
2696,0.34812563038818073
2697,0.3457384610452192
2698,0.34599187893795724
2699,0.3487314567334691
2700,0.3481213480705602
2701,0.34240408797553923
2702,0.3557843763095968
2703,0.3549955867252263
2704,0.3503366145018743
2705,0.34535446480841375
2706,0.3342413828190513
2707,0.36047794228343266
2708,0.34263031397666555
2709,0.34519556419645503
2710,0.352241614401001
2711,0.34310837807394146
2712,0.34976024427957053
2713,0.3536643414811491
2714,0.3505274553968375
2715,0.3517635286799916
2716,0.3509836036967488
2717,0.3440285925901292
2718,0.34785661024326364
2719,0.3539889698194572
2720,0.354616071914993
2721,0.34901849564834386
2722,0.34530508643569413
2723,0.35129071805353684
2724,0.3574424835972806
2725,0.35355513140269357
2726,0.3419996808054621
2727,0.3478278193131575
2728,0.34840144400272494
2729,0.3544560990585904
2730,0.3420056797616865
2731,0.34588758986785456
2732,0.34896472490719327
2733,0.3536714299732393
2734,0.35085878060340575
2735,0.3488698666927659
2736,0.34942631147049835
2737,0.3486077592557123
2738,0.3396672390996916
2739,0.34599974174936365
2740,0.35649591477636394
2741,0.35596847851862695
2742,0.3460381882436848
2743,0.33903000485865703
2744,0.3511135531295667
2745,0.3552878191700787
2746,0.3530456341034725
2747,0.34610395662815663
2748,0.3640512724975991
2749,0.3493377900352776
2750,0.34554682923866314
2751,0.3490422012078344
2752,0.3513958258285685
2753,0.34596350199134074
2754,0.3491900825031588
2755,0.354009081923685
2756,0.3556660884176316
2757,0.3538843616271603
2758,0.3458443524624122
2759,0.3503017235567834
2760,0.3496608821623975
2761,0.35340563775413214
2762,0.33524494248951564
2763,0.34718468404712755
2764,0.35051377500453856
2765,0.34946828423588905
2766,0.34495244337436576
2767,0.3480616768236331
2768,0.3504248575234456
2769,0.3488781348155945
2770,0.35873188338537687
2771,0.3445584071074553
2772,0.3513813375401306
2773,0.3522649775400735
2774,0.3451818155816137
2775,0.3444183083686612
2776,0.3436789506766911
2777,0.34421949194254037
2778,0.34880691643002193
2779,0.35110865677885167
2780,0.3418883984678294
2781,0.34319812643205416
2782,0.3575684529532916
2783,0.3444055950735802
2784,0.35384861494139563
2785,0.3442328193035851
2786,0.35404026747248785
2787,0.35571482371746405
2788,0.3585063151087589
2789,0.34354873705335215
2790,0.34922841851970854
2791,0.35191296378943066
2792,0.35358751511207454
2793,0.35161615447204003
2794,0.34940363382565187
2795,0.3537149859552613
2796,0.3574929223434302
2797,0.3409265275869043
2798,0.34084583068368285
2799,0.35129152488460924
2800,0.35338448791222565
2801,0.34772522441628523
2802,0.3515457076005233
2803,0.34720267133307237
2804,0.3564546342930005
2805,0.35194327896310584
2806,0.3530921609594553
2807,0.35735962212209416
2808,0.342304097267063
2809,0.3542127229589755
2810,0.3450595737891048
2811,0.3495949274300994
2812,0.3491188935774772
2813,0.35460645364010934
2814,0.3432472758465752
2815,0.34739432716589513
2816,0.351809133189438
2817,0.35166535198254556
2818,0.3553846414334655
2819,0.35453921198033106
2820,0.3467031322658435
2821,0.34392390616563506
2822,0.3433634912334491
2823,0.3466964340987468
2824,0.35946702014516924
2825,0.3457164903958135
2826,0.361262537985653
2827,0.35198225441873887
2828,0.3418190170153085
2829,0.35843427551312146
2830,0.34793955732428306
2831,0.3535761131042185
2832,0.34725420207029545
2833,0.35489574038041766
2834,0.34247208908638027
2835,0.3356670762538614
2836,0.34888531934917644
2837,0.3374378815670413
2838,0.3517768663751797
2839,0.35634751092661693
2840,0.3548823534612515
2841,0.3467774473247632
2842,0.35094119381968664
2843,0.3439153416235631
2844,0.34828732667666845
2845,0.35713260610277053
2846,0.35620212247699223
2847,0.3471945458978449
2848,0.348907488311753
2849,0.35910681704450753
2850,0.3605203782666752
2851,0.35260968918020347
2852,0.341382094115912
2853,0.35090318737656234
2854,0.3485479316393565
2855,0.35178040456845333
2856,0.3472775654412319
2857,0.34990830597377826
2858,0.3548959996100241
2859,0.3529033554956662
2860,0.3530351611487832
2861,0.35840518291319046
2862,0.3466604958446756
2863,0.34169629533608975
2864,0.34939969413129596
2865,0.3516765143787502
2866,0.3582351758393023
2867,0.3495596361054004
2868,0.35289242759223166
2869,0.36079822326228045
2870,0.3526425948257677
2871,0.3461814948719653
2872,0.349796485414195
2873,0.3603733240608587
2874,0.3568723882530775
2875,0.34842804316455517
2876,0.34955213758394293
2877,0.3460333155186053
2878,0.3466856677841395
2879,0.348633115241243
2880,0.34866042900295774
2881,0.35724578139851315
2882,0.3524485044850403
2883,0.3516629399834981
2884,0.3453677651790431
2885,0.34977733840082487
2886,0.35089026008644053
2887,0.34664210126092
2888,0.3561213642863595
2889,0.34935247348049214
2890,0.3473818690495472
2891,0.34584131271185037
2892,0.34430512840996375
2893,0.35407941232032325
2894,0.35806398809534024
2895,0.3486551596782633
2896,0.35340495787700066
2897,0.3410514470394524
2898,0.34775926155555376
2899,0.341050265812638
2900,0.35367914805476386
2901,0.3570424851556102
2902,0.3616027394372641
2903,0.3538711009806528
2904,0.35444396204173445
2905,0.3396854220239672
2906,0.34926736696286753
2907,0.35270659364868073
2908,0.35398944505718744
2909,0.34641108547759647
2910,0.3594630987651419
2911,0.353043394613152
2912,0.34205662740163517
2913,0.35497305914659066
2914,0.35553609521382656
2915,0.33737260715816747
2916,0.35467628900246634
2917,0.3545788872197743
2918,0.35246762828002065
2919,0.3543592925429394
2920,0.34851078208364483
2921,0.3404150456845984
2922,0.34557653295123036
2923,0.34721962212214724
2924,0.3500671973474356
2925,0.3583078600512421
2926,0.3432577560775037
2927,0.3406193467359374
2928,0.35376378292369126
2929,0.35103824338277073
2930,0.35253030113541567
2931,0.351225702465136
2932,0.347509280858535
2933,0.35514877851783433
2934,0.34593846061240835
2935,0.34828046787796196
2936,0.35935771782709786
2937,0.3474238228833229
2938,0.34997058888455607
2939,0.3410661052037872
2940,0.34889361125765783
2941,0.35587794397459543
2942,0.34950953328712653
2943,0.35718611222561514
2944,0.3525757178178097
2945,0.3474781752499162
2946,0.34762511622078984
2947,0.3527540094838677
2948,0.3483177053839638
2949,0.35014161662481574
2950,0.3665616216906081
2951,0.34693733289194656
2952,0.3522797696800248
2953,0.3480232934597157
2954,0.347838879630202
2955,0.3480224188927695
2956,0.3501558985806362
2957,0.34734986330887446
2958,0.3489310803624953
2959,0.34648495890559544
2960,0.340326602786574
2961,0.34968736486140023
2962,0.35741019838889165
2963,0.35022566065156113
2964,0.3498615349100034
2965,0.34984572369047356
2966,0.35146925174310034
2967,0.35006169091948275
2968,0.349236911946364
2969,0.3492728124940501
2970,0.3602346197465155
2971,0.35321647676858753
2972,0.353468160948166
2973,0.3538252096954592
2974,0.3558531249124013
2975,0.353805707011493
2976,0.35550592099727124
2977,0.3547467323617242
2978,0.3471421702820143
2979,0.3493711190744336
2980,0.3524538602447242
2981,0.3532784411158418
2982,0.3560842720219736
2983,0.3496981777058964
2984,0.349012225701028
2985,0.3466379571747815
2986,0.34628520612772046
2987,0.350936671051349
2988,0.3388919589419352
2989,0.3571650858207163
2990,0.3501620384825558
2991,0.34829776395751527
2992,0.35192826154036894
2993,0.3433355207037706
2994,0.3588265020986736
2995,0.3558561846009466
2996,0.34471796897534907
2997,0.36737045097001936
2998,0.3541748357026423
2999,0.3625214571535333
3000,0.3518182201365376
3001,0.34602734564566906
3002,0.3510754676891756
3003,0.35519791411101015
3004,0.3500654929834322
3005,0.35359447459002685
3006,0.3468190813243437
3007,0.35138593595571954
3008,0.3427665176593744
3009,0.35055623695640803
3010,0.3574246623665745
3011,0.343766897081338
3012,0.34410829867881626
3013,0.3474459584790359
3014,0.3467839922324742
3015,0.3409145465177092
3016,0.3423856964338253
3017,0.3545145383067552
3018,0.3603548623176927
3019,0.3518489531420989
3020,0.3437745748754134
3021,0.34210301265686216
3022,0.35353021879755003
3023,0.3501949264221368
3024,0.3542948853747099
3025,0.35140104142360373
3026,0.3540644402485793
3027,0.3597079545184002
3028,0.3567023680991951
3029,0.3540309686060764
3030,0.350890006465501
3031,0.3364206079529272
3032,0.3543148391681562
3033,0.3431333644853757
3034,0.35020422902937665
3035,0.354784810095106
3036,0.3435482076008599
3037,0.36064827557843177
3038,0.35160769264705166
3039,0.3584729574076187
3040,0.34746255368911194
3041,0.35234609486633717
3042,0.35310069668865474
3043,0.34828041406279375
3044,0.34058475490486173
3045,0.346396355247012
3046,0.3468733927055015
3047,0.34505019292951666
3048,0.3501966108128959
3049,0.34446066143186127
3050,0.3500994588999032
3051,0.3380457009365197
3052,0.35222926765418555
3053,0.360701454702548
3054,0.35886784360540536
3055,0.3613157662785779
3056,0.3534085240542354
3057,0.3379575376976433
3058,0.3507116845522352
3059,0.3534542211315737
3060,0.3498735504370166
3061,0.35314316792635175
3062,0.35866735659149446
3063,0.35684282245361015
3064,0.3636351857849358
3065,0.3478728789298207
3066,0.3432992997779212
3067,0.3440350449321197
3068,0.3516914671526072
3069,0.3450759675358663
3070,0.3408204722190445
3071,0.3601135084465458
3072,0.34401859132667173
3073,0.35439908619575067
3074,0.3483676384318866
3075,0.3504817659773139
3076,0.34849044018490877
3077,0.3527495786656639
3078,0.34837210715281736
3079,0.34747778666416584
3080,0.35332127526170426
3081,0.3580257046205982
3082,0.34688179259289226
3083,0.34684651671116623
3084,0.3582617887112221
3085,0.34574608505401566
3086,0.35216758097281914
3087,0.3582896880217509
3088,0.36710655005819093
3089,0.3484035687092461
3090,0.348334917357871
3091,0.3526727051280582
3092,0.35113609824753167
3093,0.3464430707446698
3094,0.3551524563058573
3095,0.3612982316025111
3096,0.3513890828947665
3097,0.3484357042458302
3098,0.34890881507885263
3099,0.35524199120455285
3100,0.35766327804448805
3101,0.3496959346133558
3102,0.3370719165765813
3103,0.34846899324782477
3104,0.3528121216798447
3105,0.3522126483430858
3106,0.35304601929989293
3107,0.3442949405921846
3108,0.3441847099719467
3109,0.3534820476471195
3110,0.3490500623021784
3111,0.3510035396757865
3112,0.35186285334760325
3113,0.3525228019787016
3114,0.35135615096037637
3115,0.34093060005682907
3116,0.355216241692924
3117,0.34893529464930545
3118,0.3443991871500244
3119,0.35828585800488355
3120,0.35514935958882893
3121,0.3408046128235094
3122,0.3504878558555555
3123,0.35227096939696445
3124,0.3458132407754521
3125,0.34842322778333273
3126,0.3421322402396493
3127,0.35126588772615386
3128,0.34260240460144425
3129,0.35329976891694675
3130,0.35184395291100334
3131,0.34880791142588746
3132,0.34633106109989187
3133,0.35073294208558137
3134,0.34741614058796594
3135,0.34346758513554815
3136,0.35568244882194877
3137,0.33924995912724315
3138,0.3511521224353404
3139,0.3458785652521521
3140,0.34892728491783054
3141,0.3588671526796384
3142,0.3524329011911587
3143,0.35755886185077035
3144,0.344209359575393
3145,0.3525970287642496
3146,0.3557558979230398
3147,0.34883911712456206
3148,0.35476961113562644
3149,0.3529490984711671
3150,0.3535878449352781
3151,0.34394076584358496
3152,0.34887257804201377
3153,0.35543060380948305
3154,0.35327287928008855
3155,0.34928311447726745
3156,0.34111391771235133
3157,0.351800338522767
3158,0.3465118835783472
3159,0.3507351073051505
3160,0.3511769857511895
3161,0.3524628886578632
3162,0.35175765028214917
3163,0.3395328279914853
3164,0.34928537431163614
3165,0.3579026049568637
3166,0.3494749451715736
3167,0.34991247542034987
3168,0.35847156919395384
3169,0.3562650616746571
3170,0.35058078401398857
3171,0.3458452478455468
3172,0.35108779136754387
3173,0.3567054827252718
3174,0.3449512608355766
3175,0.3637926345159253
3176,0.34911939674105336
3177,0.3459874209911528
3178,0.35132565881020283
3179,0.33887895605159385
3180,0.356157811361331
3181,0.3513769260063521
3182,0.3493737654773888
3183,0.3523455489434338
3184,0.34847692559452587
3185,0.35308175834987937
3186,0.3444249032922755
3187,0.35308040244567473
3188,0.35246549749041656
3189,0.35557212201059496
3190,0.3607467616061739
3191,0.35238943148759705
3192,0.34839688035778704
3193,0.347111605990792
3194,0.34815032567206844
3195,0.3453107874688587
3196,0.350545603913888
3197,0.3486840969810716
3198,0.3545250839349362
3199,0.35656449365056125
3200,0.3561985410220739
3201,0.3486261765815626
3202,0.35873993619193106
3203,0.3536590261266404
3204,0.352959314752266
3205,0.3618466089882837
3206,0.3505161669904172
3207,0.34686232863103905
3208,0.3465131782900453
3209,0.34214203189677383
3210,0.34785359492793166
3211,0.3610769553781154
3212,0.3546729403529238
3213,0.3536294472084298
3214,0.35600242387497116
3215,0.3435945672338015
3216,0.3473306840638494
3217,0.3407266615138324
3218,0.3533679629060673
3219,0.3526838885903807
3220,0.3490254025538003
3221,0.3535644268678908
3222,0.3469043747009883
3223,0.35749487300795457
3224,0.3488247073003162
3225,0.3546694884115712
3226,0.3480814125626016
3227,0.3439059400740834
3228,0.3478009931314684
3229,0.34831447993287284
3230,0.34452067323936103
3231,0.3483298945840554
3232,0.3511982352567263
3233,0.35067675010717636
3234,0.3441870142461336
3235,0.34983740117855616
3236,0.3493278106424988
3237,0.3535277506545516
3238,0.3493756164605918
3239,0.3560821061789016
3240,0.3501710627953126
3241,0.34062381617321785
3242,0.35512555659536227
3243,0.3631754838158047
3244,0.35039884684716377
3245,0.35710028399296767
3246,0.35157383112773194
3247,0.34801047860849965
3248,0.34807160559175515
3249,0.351090304324094
3250,0.3488103073671421
3251,0.35397660866941133
3252,0.3514850938198184
3253,0.351215474156464
3254,0.3433945328483972
3255,0.3491290244007779
3256,0.34419700893219557
3257,0.34488017932056514
3258,0.34950058290436803
3259,0.35363064597961813
3260,0.3381086158960369
3261,0.3457015316021022
3262,0.3494760705215372
3263,0.35175891241708734
3264,0.3521414924048652
3265,0.3484120906941609
3266,0.34779087103773754
3267,0.34419099768409367
3268,0.35342015924640807
3269,0.3506815857159168
3270,0.3592947872341902
3271,0.35748741978391935
3272,0.3498843707009748
3273,0.3511031485269371
3274,0.35343308357639686
3275,0.358780602216112
3276,0.3428324904543882
3277,0.3434740729548854
3278,0.35076501073397715
3279,0.341512551719857
3280,0.3489754228374901
3281,0.351274894678442
3282,0.35421739059114066
3283,0.35360705382400154
3284,0.34512860038207555
3285,0.3553316804811359
3286,0.3473793358856778
3287,0.35164048534758313
3288,0.3431094745661991
3289,0.3500912019246705
3290,0.3518549635834414
3291,0.3553697860858441
3292,0.34372029653929687
3293,0.3456911988031621
3294,0.35539831726123056
3295,0.35255931568562804
3296,0.3571332389662246
3297,0.3501995943670424
3298,0.3399123113635396
3299,0.35073079383608957
3300,0.3448000041765916
3301,0.3513059392426147
3302,0.34450988238642555
3303,0.3526328824593967
3304,0.355406405447964
3305,0.3513726510163323
3306,0.3493537003758227
3307,0.3615583052259768
3308,0.3492029189244204
3309,0.35405104545120303
3310,0.34751779762126156
3311,0.3417215871380139
3312,0.351809398805475
3313,0.35388592714461886
3314,0.3467740790279453
3315,0.3597644768957386
3316,0.3598542025944476
3317,0.34894151160152503
3318,0.3415598540169354
3319,0.3538889167939696
3320,0.3492886509516728
3321,0.354697755226575
3322,0.35307658076025056
3323,0.34751122357070896
3324,0.3486956932933462
3325,0.3473914900080243
3326,0.34401491299952824
3327,0.3474497330826569
3328,0.34833734000004457
3329,0.3452950038319829
3330,0.3523711188413733
3331,0.3414134641861974
3332,0.36158667270825406
3333,0.36359961168554483
3334,0.34917895026572227
3335,0.34361856341663216
3336,0.3467497098964546
3337,0.3523326975710189
3338,0.35078825218746423
3339,0.354093752317968
3340,0.34776360093289377
3341,0.3449821107728979
3342,0.3487238201158008
3343,0.3452069097526503
3344,0.3529150059914217
3345,0.34996401647306324
3346,0.34527363378707404
3347,0.35094194130532025
3348,0.35435359423752016
3349,0.35588603067932467
3350,0.3458222089052051
3351,0.3437385594532001
3352,0.35755356902341784
3353,0.35630065772006636
3354,0.34982093148144505
3355,0.355774503001434
3356,0.35659170180392563
3357,0.3509474055855743
3358,0.3477739007432121
3359,0.34454789763307014
3360,0.3542522592165115
3361,0.3515005630919502
3362,0.35293958608407466
3363,0.3512687482840064
3364,0.3487777398584653
3365,0.34630607382466916
3366,0.3386912989907491
3367,0.3586056469303869
3368,0.35072144507747016
3369,0.3488300492109906
3370,0.35182732522801025
3371,0.34627804161204534
3372,0.3452754572473884
3373,0.3505245490832719
3374,0.35158063758517055
3375,0.3564303154194897
3376,0.3575702808195319
3377,0.3491503021459906
3378,0.3395907559218729
3379,0.3564580813979633
3380,0.3531876166330783
3381,0.3500394563894749
3382,0.35091053880332984
3383,0.35018983329534986
3384,0.35340429512294247
3385,0.3528521996360732
3386,0.3542809269479967
3387,0.3590636147085776
3388,0.352506186602438
3389,0.3599429082183267
3390,0.3518203109683959
3391,0.351171059176952
3392,0.34924448805375063
3393,0.3477206981997153
3394,0.35468983423763517
3395,0.34750136115365143
3396,0.35081527427027304
3397,0.3589691408182605
3398,0.3412887619340984
3399,0.34740934286331693
3400,0.35170798289882255
3401,0.34759055450185355
3402,0.3535924724890457
3403,0.3417353572892319
3404,0.3505251315514528
3405,0.35485826240144247
3406,0.3546825368710183
3407,0.3531797948715318
3408,0.34918637982123857
3409,0.3461953163652469
3410,0.3494322083391754
3411,0.34810659153532353
3412,0.33828958668098463
3413,0.3467134424975244
3414,0.35308846898822827
3415,0.3554164113452604
3416,0.34591531511019685
3417,0.3489626405374914
3418,0.3454431375233756
3419,0.3512885819677116
3420,0.34821610666490904
3421,0.3535007836538094
3422,0.35357902349982656
3423,0.3437129349171576
3424,0.3472735665262111
3425,0.35042541963993823
3426,0.34919871903642175
3427,0.34832743705962566
3428,0.34924596015754433
3429,0.3623907257600601
3430,0.3418691991943766
3431,0.34775433852878473
3432,0.34581761497982333
3433,0.354282314850969
3434,0.34339741034567717
3435,0.3435251634131464
3436,0.34346846447143364
3437,0.3504850096788482
3438,0.35935577989491724
3439,0.35384197729520894
3440,0.3492188543682757
3441,0.35245218047637633
3442,0.3418317895485197
3443,0.34541678985874646
3444,0.3510865800750439
3445,0.34598831481774484
3446,0.34327820280464494
3447,0.3446770756841994
3448,0.3537534490951848
3449,0.34774930813435545
3450,0.3440244895185284
3451,0.34139319967009224
3452,0.3557629450477823
3453,0.35485092046195915
3454,0.34266850866518433
3455,0.34695255573787515
3456,0.34957066085637145
3457,0.3485221923405801
3458,0.3522924095100041
3459,0.3597903698179868
3460,0.3569853193587732
3461,0.3426815273936763
3462,0.3482920094586356
3463,0.3441045805008813
3464,0.34595450867794353
3465,0.3467561443691314
3466,0.3464870919530735
3467,0.35231275081608415
3468,0.35928402874529186
3469,0.35127191010145514
3470,0.35762989135739126
3471,0.3562438015353723
3472,0.3586499152820989
3473,0.35556689178095774
3474,0.35262596778582106
3475,0.34481959378811733
3476,0.35454365577692876
3477,0.34492739737660316
3478,0.3422426065896251
3479,0.35207159182524667
3480,0.34468197702677905
3481,0.34650441865720105
3482,0.35213239834361737
3483,0.34784129369861594
3484,0.34527610922333085
3485,0.3451475923960114
3486,0.3567397377680796
3487,0.35526333347591477
3488,0.35025644250500143
3489,0.3492190665048896
3490,0.347183654719302
3491,0.3476367807751125
3492,0.3544721249121498
3493,0.34665466040353604
3494,0.3458206545144617
3495,0.34787135167660627
3496,0.34142987502963545
3497,0.348893638024138
3498,0.34961266703255683
3499,0.35973130253539026
3500,0.35386366577259104
3501,0.3505146923993294
3502,0.3512274431967315
3503,0.351529545258891
3504,0.3462739335042358
3505,0.35431716094968724
3506,0.34177676765905596
3507,0.35406036587834877
3508,0.349079956864617
3509,0.34794676634877075
3510,0.3477716288686323
3511,0.3543286102392193
3512,0.34592921663557963
3513,0.3577877346211154
3514,0.3607476926392981
3515,0.34995283033796776
3516,0.35290505065860744
3517,0.35531978641742284
3518,0.35116236545496554
3519,0.35698019742234016
3520,0.34362973421617454
3521,0.34620358507680093
3522,0.34114474623639096
3523,0.3477598047475678
3524,0.3470568279752526
3525,0.3603669568316529
3526,0.3508668096075314
3527,0.3508709295886015
3528,0.3494096139900141
3529,0.3489988096593291
3530,0.3398318690770802
3531,0.34289354118738147
3532,0.34529299567497396
3533,0.34484220995472187
3534,0.3616082297499093
3535,0.3507460326036325
3536,0.3478936594994789
3537,0.349149176417609
3538,0.3457600013288571
3539,0.3424867288172564
3540,0.3407771114258983
3541,0.3478280286628027
3542,0.34045289395462314
3543,0.3455133187784897
3544,0.34812296399722115
3545,0.34891385537803493
3546,0.35183336534392706
3547,0.36161372947103126
3548,0.3464886439144109
3549,0.3494694423676154
3550,0.34417369015580457
3551,0.35061814861715634
3552,0.35146281714101285
3553,0.35338164426828444
3554,0.34832515531867253
3555,0.358000395558014
3556,0.3465013736172047
3557,0.34854482777499507
3558,0.3498069873270275
3559,0.3484559512548059
3560,0.3520722899485624
3561,0.34701801559676926
3562,0.3426420464448881
3563,0.3522717800352319
3564,0.3381865604793223
3565,0.3529190747445121
3566,0.34408021216220436
3567,0.34752743598357233
3568,0.34652943449795526
3569,0.3564142879722138
3570,0.3480579851619696
3571,0.34731344579345774
3572,0.35198055934990763
3573,0.34592174850702984
3574,0.352464431246572
3575,0.357175834464547
3576,0.3391897011114725
3577,0.3501249954471382
3578,0.3513906486328357
3579,0.3402699689851237
3580,0.34630029309197835
3581,0.35325344920141527
3582,0.3491805711843323
3583,0.3438141737297517
3584,0.3521580676535964
3585,0.35297332633965234
3586,0.3475251947865002
3587,0.35387789690959615
3588,0.35199549031735033
3589,0.34889776036790626
3590,0.3407605150681688
3591,0.3395222771189612
3592,0.3511832265922506
3593,0.35243174708597397
3594,0.3587871722550721
3595,0.36365774210163265
3596,0.3553157841311107
3597,0.34572616093635067
3598,0.3470569021593488
3599,0.3475026179413935
3600,0.34589270029696617
3601,0.3460576004980748
3602,0.3503715662968581
3603,0.34481370664379174
3604,0.35233179112060586
3605,0.36460707257612307
3606,0.3528174171747355
3607,0.35929007714625516
3608,0.35681131175476405
3609,0.3485179480113029
3610,0.3456848083913717
3611,0.35260046648945437
3612,0.3538912568309693
3613,0.3392593212241576
3614,0.3536578709820703
3615,0.3529351484295719
3616,0.35528885990938974
3617,0.3506689202115345
3618,0.3461168606721086
3619,0.3514382379213479
3620,0.34697098419815925
3621,0.34998386679206306
3622,0.3450277549459576
3623,0.35030631371064597
3624,0.35405711567914305
3625,0.34672751828917087
3626,0.3541749279204953
3627,0.34802501110793765
3628,0.3523909494442551
3629,0.3580602217817761
3630,0.3464108728440615
3631,0.35605593584456363
3632,0.34395961355565396
3633,0.355103679646831
3634,0.34865822124720636
3635,0.34583368356397703
3636,0.3558075922577094
3637,0.35595556011733265
3638,0.3476141390841453
3639,0.3458250918831216
3640,0.352279129886986
3641,0.3509965242391979
3642,0.3506209269036124
3643,0.3470306932104884
3644,0.3599409146662095
3645,0.3504521898386399
3646,0.34689585021664354
3647,0.34878409845822833
3648,0.3499981320703678
3649,0.35888597783451986
3650,0.34528719713950173
3651,0.34248385961218125
3652,0.3540711016796971
3653,0.34787283591671064
3654,0.3597297601961152
3655,0.35223176865447964
3656,0.3494367538839535
3657,0.35717364474530533
3658,0.3598438566816993
3659,0.3403277974268677
3660,0.34383342197195677
3661,0.35049762573196147
3662,0.34611727167027395
3663,0.3459506750783864
3664,0.35569822942527274
3665,0.35035066080664873
3666,0.3544524382527708
3667,0.35227379286916083
3668,0.3522364865682205
3669,0.3531767506156252
3670,0.3549934170213332
3671,0.34370822510159765
3672,0.35189996436185317
3673,0.35043431291679755
3674,0.34203148452334176
3675,0.34674155868999235
3676,0.35616270341078077
3677,0.35577403485146764
3678,0.34940889301411343
3679,0.3469119841022859
3680,0.34733346981695656
3681,0.349303459743548
3682,0.34276932953793715
3683,0.3430777082946731
3684,0.343952193516456
3685,0.3477808070963809
3686,0.34441771426686413
3687,0.3571657173475704
3688,0.3576242170619809
3689,0.34818117143522825
3690,0.3525281514206469
3691,0.3489479907276031
3692,0.3421170001940887
3693,0.3549411565642264
3694,0.3393602100932497
3695,0.3519264328885785
3696,0.3475105546959806
3697,0.35211982324540575
3698,0.34822421200455145
3699,0.35849873481348693
3700,0.342048485091708
3701,0.3589323116313197
3702,0.3512290795483626
3703,0.3461561282425971
3704,0.3559222610228231
3705,0.3486478898114885
3706,0.3462363437832755
3707,0.34778570513971285
3708,0.3421392705492304
3709,0.3441207453359424
3710,0.3468350286505828
3711,0.3448434835653385
3712,0.34875053716674387
3713,0.34891069946570963
3714,0.33238518574037834
3715,0.34440446010949877
3716,0.3451094020374107
3717,0.3489607216938927
3718,0.35018511814075637
3719,0.34252973366394535
3720,0.34366418578776603
3721,0.35226977539701115
3722,0.35709857734831896
3723,0.34795200703175866
3724,0.3467930115951463
3725,0.3431322357673187
3726,0.349877700348651
3727,0.34186173293023064
3728,0.34671799478253146
3729,0.3482006319181675
3730,0.33721884841637584
3731,0.35872705420953377
3732,0.3546745775637916
3733,0.33889121262826444
3734,0.34922733756430496
3735,0.358358025975953
3736,0.3448477854494318
3737,0.35342768694658006
3738,0.34772624757025467
3739,0.343107620564529
3740,0.35634384172954614
3741,0.34521831670453684
3742,0.35404766476198724
3743,0.3513118230782818
3744,0.3631213189009715
3745,0.35601397540905927
3746,0.3457799575400368
3747,0.3489565202814243
3748,0.3500238750317115
3749,0.3463684893046708
3750,0.348410943926115
3751,0.33840450662668453
3752,0.34755470781056735
3753,0.35028456685401815
3754,0.3518631703487338
3755,0.3524190938684855
3756,0.34137893893502236
3757,0.3519867356353453
3758,0.3393668996223227
3759,0.34425236938814624
3760,0.35050626056938955
3761,0.36195089288816634
3762,0.35032570329851054
3763,0.34998949718453903
3764,0.3434294071325715
3765,0.35668222986458303
3766,0.34788082853388647
3767,0.34287541580151915
3768,0.34572458471794226
3769,0.35480058386791036
3770,0.3529629717967515
3771,0.34158567882344876
3772,0.3400894052237229
3773,0.3430770326006256
3774,0.33753689016596045
3775,0.34949341061847217
3776,0.351230219028843
3777,0.3486980034697175
3778,0.345130802889814
3779,0.34703762261497345
3780,0.35034229544970497
3781,0.3414213680606756
3782,0.34710669420082735
3783,0.3513254890881896
3784,0.3536105941968437
3785,0.3441105511472107
3786,0.35646043478712786
3787,0.3477206080135108
3788,0.34989792175810874
3789,0.3481949046246843
3790,0.34455148828763094
3791,0.3424026862973465
3792,0.349341103981738
3793,0.34174633050147
3794,0.3483450442636045
3795,0.35011303557613205
3796,0.35123588442312687
3797,0.3520643922899268
3798,0.3469053286789055
3799,0.3537097505383458
3800,0.35396062628951197
3801,0.3438957765579657
3802,0.3472504812891632
3803,0.3409106510324362
3804,0.34693773984702353
3805,0.34940329373821244
3806,0.3559405876480894
3807,0.3429556605407929
3808,0.3453177148376101
3809,0.35100995369700255
3810,0.34981674724013007
3811,0.3570624379773969
3812,0.34668058366775467
3813,0.35020207734799474
3814,0.34763495313923376
3815,0.3548629787084337
3816,0.3564833380490435
3817,0.34208760994403636
3818,0.34370883894424586
3819,0.36091951510834175
3820,0.34237253071734935
3821,0.35343842928946007
3822,0.3478185614328155
3823,0.3477645365833072
3824,0.35354321009393924
3825,0.33902319637150075
3826,0.3464242502339859
3827,0.34366462477943344
3828,0.342652854277911
3829,0.3420950356170458
3830,0.3379525384606229
3831,0.34671269271592126
3832,0.3576535450518286
3833,0.3483886664870788
3834,0.35002026734512776
3835,0.3479038083485171
3836,0.34278171078360387
3837,0.35443767247970276
3838,0.34317013511070066
3839,0.3448528242212082
3840,0.3449931089299216
3841,0.3435314132752271
3842,0.35252800964338576
3843,0.3383000158800354
3844,0.34261178986994667
3845,0.3453917227652062
3846,0.347578229490858
3847,0.345084707018205
3848,0.34106419888007994
3849,0.3486259764781148
3850,0.35031884862730955
3851,0.3402993320468664
3852,0.3555976793124541
3853,0.34482914430595485
3854,0.35296838813697395
3855,0.3469628266358975
3856,0.35235705875372003
3857,0.3478338771333183
3858,0.34743373934599325
3859,0.343194347814549
3860,0.35214937531423673
3861,0.35074478249355995
3862,0.34791148110961073
3863,0.35516938576161106
3864,0.3495938700822063
3865,0.336910299088585
3866,0.33129422025903105
3867,0.3509692775914349
3868,0.3562659154150305
3869,0.34302746995779854
3870,0.34756356027121654
3871,0.3558058281824869
3872,0.344905692836421
3873,0.3503578748995285
3874,0.3532969244275632
3875,0.3486057780597288
3876,0.3560092395545202
3877,0.3496040675468313
3878,0.3463329365526828
3879,0.34516882407339944
3880,0.34733205074033996
3881,0.35039245973750616
3882,0.3515808123184689
3883,0.3401691290912633
3884,0.35390373519644497
3885,0.3441996047286092
3886,0.3472908284814065
3887,0.339923334106749
3888,0.34503111832814487
3889,0.3537398424778615
3890,0.34848415303401137
3891,0.3559784837110772
3892,0.3399060037508087
3893,0.34875132217889343
3894,0.3471826789186794
3895,0.3514340992795974
3896,0.3531678996135143
3897,0.3493300906184274
3898,0.3480724148976065
3899,0.353360302753513
3900,0.3503017629053969
3901,0.34312577198302957
3902,0.35169437186283714
3903,0.3457440270081583
3904,0.346695485574104
3905,0.3471845364682418
3906,0.3521701237577112
3907,0.3469468791240453
3908,0.35229960607262145
3909,0.34609592329833977
3910,0.34457744874082397
3911,0.35257128367542584
3912,0.34419445473700366
3913,0.3419715193620111
3914,0.3514435456304986
3915,0.3454452717531866
3916,0.3482473013844302
3917,0.3510952536989092
3918,0.3534479794349611
3919,0.3496889814104501
3920,0.35220338943073476
3921,0.34494306762473065
3922,0.34515114096945304
3923,0.34642333613916515
3924,0.3512397877150567
3925,0.3503170126188908
3926,0.3396892672516592
3927,0.3565030676557822
3928,0.3489829723567068
3929,0.35277480948999596
3930,0.3438615615099637
3931,0.34778524464249644
3932,0.34762270930920836
3933,0.3507760426248445
3934,0.3463257056971025
3935,0.3440973152707294
3936,0.3443721761104125
3937,0.3555359317883967
3938,0.34671679717846665
3939,0.36047838793615034
3940,0.34702579893570157
3941,0.3369056674560866
3942,0.34456674252439295
3943,0.3419699726340303
3944,0.3379397917336252
3945,0.34792223020278246
3946,0.35195403523828594
3947,0.3509013306327524
3948,0.34840429583167626
3949,0.3566987662372286
3950,0.34672764167870324
3951,0.3415229175346515
3952,0.3413516078392536
3953,0.3424698494509009
3954,0.3461116436539599
3955,0.34387991683855795
3956,0.3418161571133814
3957,0.33821505219648507
3958,0.33873276960389764
3959,0.34405864625780713
3960,0.35269797872463465
3961,0.35236765679434506
3962,0.3464268336854114
3963,0.3385753666997284
3964,0.3467386119550506
3965,0.3450904458799628
3966,0.34766186475198624
3967,0.343381291634619
3968,0.3484051875949089
3969,0.3501168869275049
3970,0.35431695838766936
3971,0.34571518552519864
3972,0.3438579775149676
3973,0.3565361422310406
3974,0.3427651396434329
3975,0.3421835321902288
3976,0.34132773780709386
3977,0.34183695416965454
3978,0.3477480878111375
3979,0.3373792243884865
3980,0.34733352452121763
3981,0.34770165120046587
3982,0.34638530157998215
3983,0.3517141199858308
3984,0.35981668064790767
3985,0.35135805882022986
3986,0.34476787958699084
3987,0.35075241229637527
3988,0.3457990313571426
3989,0.33837840906213046
3990,0.3512085007005872
3991,0.3402364940980142
3992,0.351898257436311
3993,0.3526753205302692
3994,0.35304293050602376
3995,0.34191018281074154
3996,0.3488727542917945
3997,0.3458160623610616
3998,0.3580914924169619
3999,0.3497614933887229
4000,0.34772225233526993
4001,0.3484055476235805
4002,0.3479858139781944
4003,0.3503800530794395
4004,0.3475746869505053
4005,0.3511497244471759
4006,0.3516552305104834
4007,0.3501870798235468
4008,0.346057404466382
4009,0.3395607431888832
4010,0.3481130499126336
4011,0.36091133561614164
4012,0.35105545224029727
4013,0.33650442282799536
4014,0.34761156537964893
4015,0.3489008277636464
4016,0.34774545750155866
4017,0.34317407765841523
4018,0.34901580237712987
4019,0.3469595821742929
4020,0.3393220661123684
4021,0.34502661294065273
4022,0.3405659375251921
4023,0.3491257091525749
4024,0.3406500671587992
4025,0.3500069791043402
4026,0.3476935128447175
4027,0.34828131475640606
4028,0.33750405414809304
4029,0.3462124242542237
4030,0.34391903299851473
4031,0.3464027754707579
4032,0.34120551547974715
4033,0.34019462482886215
4034,0.34507809138605255
4035,0.33820570512119774
4036,0.34178208551341677
4037,0.34094107683021674
4038,0.34688362516473603
4039,0.3436073525463699
4040,0.35164113642856426
4041,0.34661320408072555
4042,0.3443901067334798
4043,0.354612813346778
4044,0.34087400786929495
4045,0.3473091305662972
4046,0.33959048214642007
4047,0.3406711955552165
4048,0.3435949089375931
4049,0.352166015318335
4050,0.342414220416909
4051,0.34966093654227537
4052,0.33985296527670045
4053,0.3488655674212202
4054,0.3490967010792201
4055,0.34949067129132333
4056,0.3459693428081038
4057,0.34759890725234555
4058,0.3418366865813019
4059,0.35164774605572324
4060,0.34681818047386803
4061,0.3425215254135683
4062,0.3419862297618025
4063,0.33146350779557215
4064,0.3446140310747646
4065,0.35071052345399223
4066,0.3490990697257174
4067,0.3471734843121778
4068,0.3466897654323891
4069,0.35346556843697596
4070,0.3495177144701284
4071,0.3426600369955585
4072,0.339339758293521
4073,0.34712841613104584
4074,0.33512338929062074
4075,0.34416388526521013
4076,0.34543888728964245
4077,0.3408110198260337
4078,0.3423597254591148
4079,0.3519304075318582
4080,0.34162935634247377
4081,0.35845889787594726
4082,0.3424516212032177
4083,0.3455679573134719
4084,0.3456499036846051
4085,0.35333637771987947
4086,0.34575113594143897
4087,0.3455304658172319
4088,0.35103950616511076
4089,0.3554054913968651
4090,0.35421393651220645
4091,0.349438613295871
4092,0.34891392593667636
4093,0.3477579734871674
4094,0.35020101431750356
4095,0.3454877370827728
4096,0.3407509814720672
4097,0.3354081622466906
4098,0.3456027564523532
4099,0.3416527308148325
4100,0.3439403334201626
4101,0.33321148210146917
4102,0.34310052360613574
4103,0.3427784852687586
4104,0.35201677099584483
4105,0.3461354061168762
4106,0.3466360986456509
4107,0.3561426256967019
4108,0.33977129757299457
4109,0.3428913799195216
4110,0.33835355958698754
4111,0.3494346002562085
4112,0.35276689459456684
4113,0.33264836265774494
4114,0.3471840710164276
4115,0.3546740210629189
4116,0.3422179240788127
4117,0.3427687356154311
4118,0.3372743977660126
4119,0.3397468742611476
4120,0.34638047572168806
4121,0.3430001096306187
4122,0.3436166606777489
4123,0.3405310898033472
4124,0.3463454572609439
4125,0.34951345615168145
4126,0.3451196029801245
4127,0.33450277466465206
4128,0.3499903659518419
4129,0.3379513731820467
4130,0.3436971029823304
4131,0.3501930446845096
4132,0.346895175321139
4133,0.3451591421464791
4134,0.3514557951668715
4135,0.33794841500039824
4136,0.3451641584766739
4137,0.33993264736207957
4138,0.33725219224747793
4139,0.3427449155634351
4140,0.3486286576487736
4141,0.34981139524081156
4142,0.33718392849185835
4143,0.3425655998682134
4144,0.35529991840987046
4145,0.341844520460625
4146,0.347503219785053
4147,0.34719982829046764
4148,0.33865211048242794
4149,0.34612707678121196
4150,0.3456287125316587
4151,0.34204701416720784
4152,0.34592474564553155
4153,0.34895090899672243
4154,0.33985771474845744
4155,0.34356416542037516
4156,0.33810534481951926
4157,0.3477193850151912
4158,0.3439419408321228
4159,0.34637083183630585
4160,0.33638844231531556
4161,0.3436879097510171
4162,0.34324676511499963
4163,0.3434557384208671
4164,0.34712909415877913
4165,0.3439731132471906
4166,0.3447759337442773
4167,0.34788489806405587
4168,0.3426164642492112
4169,0.34412177801769006
4170,0.3446635073880244
4171,0.3537193794782661
4172,0.3362348737083581
4173,0.3471568889812764
4174,0.34614195599602504
4175,0.3542941743968536
4176,0.3429403213246776
4177,0.3466063002144617
4178,0.34792890741884486
4179,0.3474182315555943
4180,0.33633430251460283
4181,0.3437496835577347
4182,0.3508808433797809
4183,0.3459228786481521
4184,0.34729806251360723
4185,0.34138658893637874
4186,0.34277993971024506
4187,0.34822753597997963
4188,0.3418349762989051
4189,0.34991128343798705
4190,0.34474995882558884
4191,0.34037664780912485
4192,0.34462734726138555
4193,0.33960558921868583
4194,0.3422573755180081
4195,0.34233389923862834
4196,0.35200703639525777
4197,0.34530003082343175
4198,0.34426056446367664
4199,0.3534522026132601
4200,0.33942966216151205
4201,0.344239931919266
4202,0.3467861879944099
4203,0.3368851232277442
4204,0.34804222524022793
4205,0.33982356069791386
4206,0.34502350921062125
4207,0.34439666826473864
4208,0.3433977738076232
4209,0.3516273866961237
4210,0.33268536714768643
4211,0.3458486851870693
4212,0.3451436241685493
4213,0.3515654303412918
4214,0.3444296859493129
4215,0.3414535545143089
4216,0.331244432085624
4217,0.33436616734592745
4218,0.3364536951634924
4219,0.3410627059353595
4220,0.3430764520988448
4221,0.3418291121952587
4222,0.3443410391601358
4223,0.34598669255674275
4224,0.3421108318866113
4225,0.3428390801713225
4226,0.34447720526615744
4227,0.3415607880768962
4228,0.33966449212902333
4229,0.3484688053594396
4230,0.3378062741087254
4231,0.35092902503498036
4232,0.3478238769065971
4233,0.3518950567281701
4234,0.331080850209296
4235,0.35398853313061784
4236,0.33512858462106976
4237,0.3362123143264376
4238,0.3473911555142705
4239,0.34544333113488934
4240,0.3476435679924248
4241,0.3414569461165258
4242,0.33322401213857744
4243,0.34718700142226333
4244,0.3254536875411663
4245,0.34434984809621716
4246,0.34430682751380065
4247,0.3432944794381707
4248,0.3516243649113069
4249,0.33584490412823764
4250,0.34468065308748846
4251,0.33993015148014055
4252,0.34160648397388194
4253,0.3367992757854372
4254,0.34227078658677124
4255,0.3478737744460224
4256,0.3382394084871462
4257,0.3350530916409951
4258,0.3416946163893958
4259,0.34499089111948306
4260,0.33511571733915635
4261,0.3431706458111236
4262,0.3301708524844653
4263,0.342616393198373
4264,0.3395008289715321
4265,0.33952700992483725
4266,0.3572058332454944
4267,0.35108541473513405
4268,0.3374867067228423
4269,0.34418614976920975
4270,0.3382649738492498
4271,0.33143012011554607
4272,0.35678175934641204
4273,0.3400100551092449
4274,0.3352780163146077
4275,0.3328805797489319
4276,0.35810076141071856
4277,0.332530081825056
4278,0.3519963838036652
4279,0.3395560188568569
4280,0.332330961572798
4281,0.3469272545845163
4282,0.34010884918860845
4283,0.3370058524391142
4284,0.3444894327150854
4285,0.34233663201345077
4286,0.33621475033832887
4287,0.33665564850743634
4288,0.34773830597704414
4289,0.3424002875128529
4290,0.35204562893117547
4291,0.3440970049671244
4292,0.34434595505415805
4293,0.34432888817445234
4294,0.34085808486469565
4295,0.35703053183580097
4296,0.3483966786444598
4297,0.3422361860232311
4298,0.3387658662822076
4299,0.34378714012914807
4300,0.34289779710916446
4301,0.33874724943418083
4302,0.3468904759984172
4303,0.3291785996741314
4304,0.3416387673935903
4305,0.34252226770221017
4306,0.3443238775294424
4307,0.338249149305118
4308,0.32442395273534674
4309,0.3384393501169015
4310,0.33756483704957874
4311,0.34305204841935094
4312,0.3444650275446732
4313,0.341963709318466
4314,0.34871441745430043
4315,0.33107341384241923
4316,0.336691611792672
4317,0.3404502091288966
4318,0.335968188393572
4319,0.3373672406420839
4320,0.3384705021421333
4321,0.34057748249177405
4322,0.34208451677448914
4323,0.348508216225578
4324,0.33514884696754527
4325,0.3373567452054685
4326,0.3447567565340384
4327,0.3416682034438999
4328,0.34673087349617976
4329,0.3429034149842025
4330,0.3342230106773078
4331,0.34215305323413076
4332,0.3318612448074031
4333,0.3357732824698806
4334,0.33048750129938687
4335,0.35037610438738137
4336,0.3521243022339791
4337,0.3441691970157045
4338,0.3334405122521524
4339,0.3392552227891996
4340,0.3381865451329408
4341,0.342916691237653
4342,0.33480179921173014
4343,0.3408189847055833
4344,0.34250851944690963
4345,0.3390537654142708
4346,0.3363392692654005
4347,0.3256153128876857
4348,0.33437292900736004
4349,0.33296097932402713
4350,0.34317416180988874
4351,0.3362615811550122
4352,0.33331968174075033
4353,0.330584549961469
4354,0.3498219767919832
4355,0.34194834269276275
4356,0.3443931931150342
4357,0.3353537806940342
4358,0.33846551781539236
4359,0.3380096837416568
4360,0.34812069613838503
4361,0.3474517213647806
4362,0.34115474236186993
4363,0.3289565374706221
4364,0.34551547288920725
4365,0.34424097545737414
4366,0.3376658603721604
4367,0.33927520039995623
4368,0.3464470991748406
4369,0.34438132304879415
4370,0.3445177833308195
4371,0.3513216922948734
4372,0.33540427890260516
4373,0.3474211267873619
4374,0.3417053142675154
4375,0.3437798310824785
4376,0.34503115710071053
4377,0.3384939349077002
4378,0.3475041648294181
4379,0.3527399305960234
4380,0.3342201407078918
4381,0.34404213147518076
4382,0.3553529950936344
4383,0.34849976920440096
4384,0.3364615924709951
4385,0.34505348228886323
4386,0.3362689555773415
4387,0.3391562617645244
4388,0.3416371311316609
4389,0.3450572647723109
4390,0.3458687439174686
4391,0.3378980990042909
4392,0.33994370246845035
4393,0.3382748656507074
4394,0.3373638128765361
4395,0.33701398534869587
4396,0.3304029009424597
4397,0.34183342414728307
4398,0.3462274727322349
4399,0.33681556790981226
4400,0.33831077436644386
4401,0.33628279662225474
4402,0.34854614782083904
4403,0.3519572834861635
4404,0.33653408742753665
4405,0.34216883903331535
4406,0.33574965433268245
4407,0.3445125718217254
4408,0.33724271117102494
4409,0.35023067791771834
4410,0.33686586596119694
4411,0.34140646853435674
4412,0.3475319535126456
4413,0.3423387520990465
4414,0.3411279346899599
4415,0.3321272002956361
4416,0.3269070262276723
4417,0.3387539441896687
4418,0.3462706185161866
4419,0.3430148560049026
4420,0.3429801575383347
4421,0.33161999369136547
4422,0.3306206561571287
4423,0.33684214183517897
4424,0.33566077232015196
4425,0.33280831158972735
4426,0.33878053153050663
4427,0.333540258884213
4428,0.33870743777070034
4429,0.34498647113026404
4430,0.3346264911564077
4431,0.3522540519715378
4432,0.3417442863055563
4433,0.3364559784972036
4434,0.3396083769007969
4435,0.32765029611089946
4436,0.34001200367611606
4437,0.3306492200859505
4438,0.33224265902874367
4439,0.3460494454410613
4440,0.33958801774704866
4441,0.3372122142564529
4442,0.3342001439322424
4443,0.3406909035952941
4444,0.336440463945589
4445,0.3378310046960485
4446,0.3352429469366471
4447,0.3402527879691733
4448,0.3343595584679244
4449,0.34852617946787506
4450,0.33314143059201823
4451,0.33562272410409405
4452,0.3401640675072513
4453,0.3420836265588731
4454,0.3442596209341743
4455,0.3331223354386324
4456,0.3369478907147257
4457,0.344694941948462
4458,0.35270472205182984
4459,0.3417307121154474
4460,0.34465060198502717
4461,0.3394565100147799
4462,0.3396795555213243
4463,0.33978171998266116
4464,0.3361910309160218
4465,0.3360828841898048
4466,0.34225558305150344
4467,0.3426164785763768
4468,0.34055835620094294
4469,0.3383522383900073
4470,0.3404511475020065
4471,0.33716876863137785
4472,0.34566486892643256
4473,0.3463918524682002
4474,0.33807375438866455
4475,0.337922727793829
4476,0.3299629534458374
4477,0.34067423263941704
4478,0.3456364867384811
4479,0.34387899716872145
4480,0.3416347217803094
4481,0.3385327532910131
4482,0.33406270100425
4483,0.3343037919455242
4484,0.33979338113457797
4485,0.33655654112775546
4486,0.342592392895527
4487,0.33917028695435436
4488,0.3378821139843853
4489,0.344344060884759
4490,0.34144855284565834
4491,0.34196189476476696
4492,0.34282558988680045
4493,0.3389988262611008
4494,0.3377994344607968
4495,0.3412964338602547
4496,0.3515608752183332
4497,0.3444068920204596
4498,0.3370906962822428
4499,0.3404390196317439
4500,0.3350385081545409
4501,0.34330146884096324
4502,0.3342301897179859
4503,0.3332075857479484
4504,0.33841748211810335
4505,0.3469702250359609
4506,0.34409120115926084
4507,0.3387578567148676
4508,0.3458904874067516
4509,0.34430511861095064
4510,0.341609037654264
4511,0.3422110105463284
4512,0.3422115549943863
4513,0.3459003738764095
4514,0.3463113247482538
4515,0.3336626336097965
4516,0.34605795942198136
4517,0.3368828782988558
4518,0.3400650516027273
4519,0.33460063824533964
4520,0.34092353113236457
4521,0.34434921170467103
4522,0.338692342720477
4523,0.33397370790297326
4524,0.3461745691132521
4525,0.3377752783301273
4526,0.34162512349244367
4527,0.33984906839996276
4528,0.3490045348125214
4529,0.34973668081708803
4530,0.34062784017216746
4531,0.3415760626166759
4532,0.33571814323335775
4533,0.34451502843517834
4534,0.34060971221831543
4535,0.3417822557785361
4536,0.34538414285074454
4537,0.3360917916487217
4538,0.34143888920171356
4539,0.3433540433734464
4540,0.33800538098513566
4541,0.33600501940510874
4542,0.34037529149206114
4543,0.34185531689730086
4544,0.33529410352020744
4545,0.3436016667806138
4546,0.3403510555974001
4547,0.3318671003341059
4548,0.339180051696954
4549,0.34703528522589655
4550,0.34740372188565355
4551,0.330504296668436
4552,0.34280340538673704
4553,0.3409690236611559
4554,0.33051244756864745
4555,0.3402666166710043
4556,0.34385667876403375
4557,0.3399306868223709
4558,0.33384367690866396
4559,0.3374714167275335
4560,0.33240144311518965
4561,0.3413525062742277
4562,0.33428292923827907
4563,0.33474299797225276
4564,0.33830337211886324
4565,0.33039563624093327
4566,0.339898955679747
4567,0.3443972212493702
4568,0.34190116533266324
4569,0.3293972566146705
4570,0.33787678105559676
4571,0.342932523890809
4572,0.3475050531697423
4573,0.347000188809018
4574,0.3435217292070308
4575,0.3406941853627911
4576,0.3416755141381196
4577,0.3401816174089047
4578,0.3332395952511681
4579,0.33552383739614994
4580,0.34554179362624116
4581,0.34513447956403875
4582,0.34191725238683024
4583,0.33797616537238745
4584,0.3454257914658195
4585,0.34940525284693347
4586,0.340416730365672
4587,0.34152773634296685
4588,0.343046082249714
4589,0.34141355828035674
4590,0.3479202451534131
4591,0.34475415881300453
4592,0.34195666777546985
4593,0.3383948827556722
4594,0.3413841526458225
4595,0.3411189929503434
4596,0.341578565704141
4597,0.3405530242574787
4598,0.3412416829383017
4599,0.3342022145750745
4600,0.3430998945469816
4601,0.34046186733749645
4602,0.3565552881044531
4603,0.3332274870140396
4604,0.3506534925915031
4605,0.3409463649821038
4606,0.33712600196457393
4607,0.34318832944869654
4608,0.34069813514325226
4609,0.3383338891466275
4610,0.34481649254617447
4611,0.33615595963546024
4612,0.3310779120636137
4613,0.34879168673159033
4614,0.3390892927121584
4615,0.33336663699317487
4616,0.3431141450194023
4617,0.3406063748899411
4618,0.33969325107118414
4619,0.3363923109813756
4620,0.3354095021604935
4621,0.3448783962760079
4622,0.33564614484495076
4623,0.33974294256036003
4624,0.33452137444097046
4625,0.3383560040625007
4626,0.34228111301009806
4627,0.3432135520522007
4628,0.33684115926290614
4629,0.3345936400410291
4630,0.3413836489555116
4631,0.34011341002835993
4632,0.3458453758584446
4633,0.33626928007886914
4634,0.342634705301849
4635,0.34223858455159933
4636,0.33756912096844954
4637,0.3295003081439872
4638,0.3429047049082353
4639,0.34361569028909417
4640,0.3445135806294429
4641,0.3341645730451859
4642,0.3312090950634064
4643,0.33700178021498467
4644,0.33914805988306873
4645,0.338274688024224
4646,0.33760318147018104
4647,0.3382926541691328
4648,0.34322507272053204
4649,0.3460514139859787
4650,0.3436959880530284
4651,0.3305500514992592
4652,0.3354266751867372
4653,0.3417132663700986
4654,0.33869646273187
4655,0.3340792228493538
4656,0.3439707408976119
4657,0.3407179994704629
4658,0.34642776007956455
4659,0.33782495795325396
4660,0.33911936820547867
4661,0.33473939469894165
4662,0.3436243552202137
4663,0.33520979126664635
4664,0.3306354549971059
4665,0.3371376067166017
4666,0.3341036504528803
4667,0.33365711227027395
4668,0.34054425363184304
4669,0.3419553355259236
4670,0.3316206173149116
4671,0.3371544884819016
4672,0.3327911337775798
4673,0.33258583504090455
4674,0.33933507304106897
4675,0.3299068696446222
4676,0.33347049901916787
4677,0.336237622644875
4678,0.3350879488945839
4679,0.33145066624347835
4680,0.3372811939254874
4681,0.342216242553547
4682,0.3513781752635678
4683,0.3459909098289667
4684,0.34265287498650376
4685,0.34142310239615065
4686,0.33618548481571714
4687,0.3390540881062597
4688,0.3412415490950911
4689,0.33840018205944444
4690,0.3351896610787553
4691,0.3398297099057906
4692,0.3421479011427572
4693,0.3302720080875867
4694,0.3338181595230757
4695,0.3438800966744207
4696,0.3414641681628335
4697,0.3418255204450713
4698,0.3370397698121571
4699,0.3405474716765376
4700,0.3394118685354783
4701,0.33633905630894484
4702,0.33756176164324203
4703,0.344248602257137
4704,0.3447472658992063
4705,0.33529909482122944
4706,0.34436791420025775
4707,0.3315641770454135
4708,0.33059971913316655
4709,0.3397902517090575
4710,0.33839272874018994
4711,0.3495116421438868
4712,0.3391978202710314
4713,0.3474448725155711
4714,0.33749494680653025
4715,0.32979760666758196
4716,0.3289244194259914
4717,0.33172382987569954
4718,0.3330245192063733
4719,0.3416637179478273
4720,0.3377915737122032
4721,0.338636032139717
4722,0.3434178163484886
4723,0.33108658416569275
4724,0.33924544075261026
4725,0.3327505348405724
4726,0.33610962840750974
4727,0.33340053550655874
4728,0.3439354784309479
4729,0.3290643622550627
4730,0.34290674593991105
4731,0.3337574795752539
4732,0.341699295791866
4733,0.33857907690375033
4734,0.33435382963885196
4735,0.3366060915965705
4736,0.3469150769098132
4737,0.34217605607458496
4738,0.3382527277258763
4739,0.3313130282589718
4740,0.33763438707289206
4741,0.32902441631630336
4742,0.3377409448446754
4743,0.33163641023021184
4744,0.32581233708885243
4745,0.3406610060847524
4746,0.33331499132058023
4747,0.34204846418666757
4748,0.3364339716910184
4749,0.34284168627399286
4750,0.34854329419802565
4751,0.3289924345570796
4752,0.3333239501526801
4753,0.32538634309728875
4754,0.33342138565845997
4755,0.3348989775458371
4756,0.34091018328273925
4757,0.3463339154797793
4758,0.3364567642128484
4759,0.3329270718609355
4760,0.3393521082147175
4761,0.336358298888919
4762,0.3412711718607035
4763,0.3390519776655121
4764,0.330600108188988
4765,0.3363736036249203
4766,0.33058624277457177
4767,0.33860770579420774
4768,0.3376308101028302
4769,0.34086722965780347
4770,0.3427198569366833
4771,0.3380144815349993
4772,0.3416208130599976
4773,0.3391269597870276
4774,0.33232926427282017
4775,0.34187292134346253
4776,0.3391474659526894
4777,0.33975286973530383
4778,0.32930717200725357
4779,0.3381855471314619
4780,0.3420918269710755
4781,0.33271195408187737
4782,0.33961512330296034
4783,0.3309344084495568
4784,0.33607553108410154
4785,0.3383367109896171
4786,0.34238948338574415
4787,0.3265401544769543
4788,0.3348843522145216
4789,0.33382182593584336
4790,0.33098894105638754
4791,0.3273889152855212
4792,0.3382069107467558
4793,0.343852808631237
4794,0.33770577633419535
4795,0.33650211713260536
4796,0.33219616950762293
4797,0.33053616630695787
4798,0.3317600111018691
4799,0.3348314464032454
4800,0.34252989387048544
4801,0.33731676070687155
4802,0.3339327330636664
4803,0.34512526196632204
4804,0.3400286269543902
4805,0.3428662142251665
4806,0.33471196520301894
4807,0.328950270188232
4808,0.335802979328936
4809,0.33668760174273304
4810,0.34256598486096196
4811,0.34503968904563886
4812,0.33641836048466917
4813,0.3336245271353722
4814,0.33527515412051684
4815,0.3325186384613034
4816,0.331738845785783
4817,0.32743970333874706
4818,0.33193583045452324
4819,0.3251957973505399
4820,0.33656793606261654
4821,0.33365310609101767
4822,0.34008671744168995
4823,0.3335027036563454
4824,0.34424403826003397
4825,0.34046232606520355
4826,0.34440735943558304
4827,0.34367590231845435
4828,0.34132371732287825
4829,0.3392475513653319
4830,0.34410093369873884
4831,0.34136279557726396
4832,0.335487941800096
4833,0.33285855063353903
4834,0.33559266206590854
4835,0.3280877351981109
4836,0.32772527214483166
4837,0.3420825369530221
4838,0.34073768074796124
4839,0.3309611785051603
4840,0.33049952186080694
4841,0.3362512747005292
4842,0.33200977680618654
4843,0.33595860766311775
4844,0.33614583218956334
4845,0.33982044925240645
4846,0.3405508829708391
4847,0.33090779519277086
4848,0.33885668047152673
4849,0.3406188804407196
4850,0.33533763289903834
4851,0.33707438445326265
4852,0.3389257071582547
4853,0.3313561780195872
4854,0.32762901101653774
4855,0.3346883415488666
4856,0.333052658589373
4857,0.3345655079869445
4858,0.3372842350679537
4859,0.33129587789543397
4860,0.33464548315820586
4861,0.3290184097236959
4862,0.3421823709209823
4863,0.3472936004468811
4864,0.3365845698868454
4865,0.33474580879635024
4866,0.3358323607606335
4867,0.3491929535231018
4868,0.34402919139928867
4869,0.3326767764997044
4870,0.34204037912663093
4871,0.3418828221157453
4872,0.3324572485230003
4873,0.33467109551532154
4874,0.3364397961176545
4875,0.3396057317644305
4876,0.3431798713687482
4877,0.34363856408636456
4878,0.34488710217107865
4879,0.3357439283269139
4880,0.3385301021667156
4881,0.3375987245527477
4882,0.3347792502797862
4883,0.34550516132582176
4884,0.33988064803686396
4885,0.33244552394984006
4886,0.33756291105430597
4887,0.33653486710501035
4888,0.3378392575778979
4889,0.33997472021757685
4890,0.3321436358481599
4891,0.338716761081723
4892,0.3308074076545057
4893,0.3327570680496665
4894,0.334371754262971
4895,0.34239531909235343
4896,0.3330965563017168
4897,0.3391858104064821
4898,0.3325952789597301
4899,0.3343327279931127
4900,0.3297068325582775
4901,0.3355478726042674
4902,0.32852872368634134
4903,0.3268874960761299
4904,0.33858461385662186
4905,0.33732121579075586
4906,0.3370878794903114
4907,0.3338291945946465
4908,0.33828927798456115
4909,0.33636822712295555
4910,0.3350994261059372
4911,0.33742752420592736
4912,0.33544790969054106
4913,0.34242524648633477
4914,0.3213394975571335
4915,0.33979783293861276
4916,0.3491552942757227
4917,0.3404599973401083
4918,0.3315720915754503
4919,0.3361220156978644
4920,0.335925554515481
4921,0.33066300045698244
4922,0.32692785649029016
4923,0.3335294309869945
4924,0.335467958682246
4925,0.33534574609142126
4926,0.33349065842246506
4927,0.33305752962861856
4928,0.32371551611508814
4929,0.32933244514325055
4930,0.33520876803529415
4931,0.3470681924061503
4932,0.3341142880917155
4933,0.33909832171671817
4934,0.33150445719675137
4935,0.3288013722669546
4936,0.3321876205994319
4937,0.32926196425898746
4938,0.3299946462632935
4939,0.3302761767050536
4940,0.33235209428074886
4941,0.3394310807562526
4942,0.31993183100305406
4943,0.34355552072169226
4944,0.33344916510348815
4945,0.3252183927611025
4946,0.3296601907525267
4947,0.3275119114507512
4948,0.33578539045766465
4949,0.3341412558174708
4950,0.33037928052608706
4951,0.33892825274185545
4952,0.33330477022131055
4953,0.3344417010025521
4954,0.34083437022443663
4955,0.3503634910643658
4956,0.3319061900274883
4957,0.3368947336197685
4958,0.33441260116785554
4959,0.33661597157097434
4960,0.327107507047283
4961,0.34290675178731195
4962,0.34182917592190176
4963,0.3407635340579899
4964,0.34196747348303813
4965,0.3354966957749793
4966,0.346406373056851
4967,0.34215605769985413
4968,0.3289743590451868
4969,0.3319669151674446
4970,0.34566187726842895
4971,0.32644460528514546
4972,0.3285884077499931
4973,0.34866846448873756
4974,0.3358785303817678
4975,0.3364497596440808
4976,0.33899329744694934
4977,0.34057583508283995
4978,0.34306366332753035
4979,0.3337436497226765
4980,0.3344920097215948
4981,0.3336883433858901
4982,0.34313332864406526
4983,0.3322539273800342
4984,0.33826071004554653
4985,0.32721390352117946
4986,0.3392025098281996
4987,0.33205166024582167
4988,0.3282141492554834
4989,0.3316096946423992
4990,0.3311946374496184
4991,0.33479535938187244
4992,0.34035893976209886
4993,0.3403146930013824
4994,0.33096325499668555
4995,0.34310518030480286
4996,0.34049483395977626
4997,0.3352500198214108
4998,0.33120526382300014
4999,0.3345418978745389
5000,0.3364256600494082
5001,0.3422822735159208
5002,0.33853824326377785
5003,0.33473044461272683
5004,0.339551443439895
5005,0.3381452736273146
5006,0.336518530014511
5007,0.3211635852514775
5008,0.32922001272898993
5009,0.3436594251115654
5010,0.332644749837301
5011,0.3404133822614264
5012,0.3354964522721295
5013,0.3468738253605391
5014,0.3322215831442529
5015,0.3370502281550706
5016,0.33442402580731795
5017,0.32391881375156345
5018,0.3345543372429115
5019,0.3238303608203062
5020,0.33589764789952153
5021,0.3246721961151924
5022,0.32799504466543444
5023,0.3340521918807993
5024,0.3275700314153917
5025,0.33252455814252063
5026,0.33633888718534793
5027,0.3267698311149742
5028,0.33288689703442526
5029,0.3286746288459807
5030,0.3368373851623334
5031,0.33308162414321674
5032,0.33372322078504213
5033,0.3348202645477184
5034,0.33588397345701787
5035,0.33617921602331685
5036,0.3300292241950875
5037,0.33572741281160307
5038,0.33232603732189536
5039,0.3258118152516563
5040,0.33819475646247027
5041,0.329061082809385
5042,0.3310799520588989
5043,0.335625702720514
5044,0.3401567784559805
5045,0.33573738665361386
5046,0.33968632325840625
5047,0.34664110278643107
5048,0.33503600838010344
5049,0.3352701851659986
5050,0.3328423403379973
5051,0.33436540906099743
5052,0.33879293182529485
5053,0.3384378674083929
5054,0.3295275440713985
5055,0.3417342743467596
5056,0.3294162001091822
5057,0.333238868102699
5058,0.3348189342659818
5059,0.3392417560856283
5060,0.33224665351921306
5061,0.327497785890821
5062,0.329118717771516
5063,0.33114380501688745
5064,0.33174052672048926
5065,0.3339462737572991
5066,0.3408149291286519
5067,0.33822708103618876
5068,0.3426030236557806
5069,0.3460466682863585
5070,0.33786518127731874
5071,0.3338720986442514
5072,0.3293873193892522
5073,0.3273630715339596
5074,0.328285426395667
5075,0.33689711012833534
5076,0.33871167675340785
5077,0.33842504128187967
5078,0.3322287257963779
5079,0.3283116296511778
5080,0.34002547207461875
5081,0.335404168851037
5082,0.33545887792582835
5083,0.3464545714348657
5084,0.3364333685278177
5085,0.33028943392029375
5086,0.3367799653578737
5087,0.33249806393185316
5088,0.3350651501550066
5089,0.3339682254226057
5090,0.3345104997551169
5091,0.3289139276399635
5092,0.33932131044195957
5093,0.33741279400602336
5094,0.3318865170272274
5095,0.3363418753821026
5096,0.3383566822509345
5097,0.34293736917006146
5098,0.33583919282121283
5099,0.3443600854130807
5100,0.33269914528458516
5101,0.3408389705020861
5102,0.33305491713237684
5103,0.33874022336471155
5104,0.31840145018746324
5105,0.31874295381467216
5106,0.32617310819163464
5107,0.3375974925455174
5108,0.3438980362509554
5109,0.33712677671775443
5110,0.3383700744034689
5111,0.33219898214390564
5112,0.3362083189883206
5113,0.3291634329429636
5114,0.330416660679656
5115,0.3329381857836205
5116,0.3306555692065579
5117,0.3368525493765622
5118,0.32679870047993453
5119,0.33720796656809726
5120,0.3384407720878838
5121,0.3297120885599863
5122,0.3300610465039593
5123,0.3240497973999267
5124,0.32572472186375234
5125,0.3247765516918357
5126,0.3258102694498876
5127,0.33066086748253165
5128,0.3295047214738822
5129,0.3314916545351964
5130,0.3256979107309595
5131,0.32836006007190927
5132,0.33643976712056994
5133,0.3304183448419718
5134,0.33566621273759084
5135,0.34078932415838115
5136,0.3430292406869045
5137,0.33744477105939824
5138,0.3336895976177733
5139,0.3259863954700691
5140,0.33606122062916693
5141,0.32884545361070466
5142,0.33897265746604327
5143,0.3331979159764369
5144,0.3302526230691621
5145,0.33114345658246774
5146,0.3362007437846805
5147,0.33462495691613825
5148,0.3351708431984815
5149,0.3297876452330842
5150,0.33682981995134026
5151,0.32371327464222355
5152,0.33070353915957795
5153,0.33908534787648514
5154,0.3365139027815395
5155,0.3227287860193311
5156,0.34186671813109876
5157,0.3187261264378085
5158,0.32994628908374346
5159,0.34103431251773536
5160,0.3314406938289701
5161,0.3381255118914864
5162,0.3310399771451633
5163,0.32949431452641936
5164,0.3245511223770982
5165,0.326235687249688
5166,0.3302388160794535
5167,0.3417416010542859
5168,0.32922781855001454
5169,0.33029303142010014
5170,0.32598543000133673
5171,0.3348099651953894
5172,0.32448890861170565
5173,0.32664342610303565
5174,0.3224409020643248
5175,0.3441251522283747
5176,0.331421813205823
5177,0.33475613973392765
5178,0.34317784803185364
5179,0.33304748657683597
5180,0.3323596197038572
5181,0.3256801750667995
5182,0.33299650552462123
5183,0.33667215940164974
5184,0.33485198902529434
5185,0.3280070415776722
5186,0.33334900144029134
5187,0.34043006163164363
5188,0.33276704198128737
5189,0.3330175744065262
5190,0.337969765145975
5191,0.33113363536077806
5192,0.33987741016136247
5193,0.3265472610399945
5194,0.32798551682526217
5195,0.3312653124731944
5196,0.32584356585019886
5197,0.3263620336380662
5198,0.34096343823658537
5199,0.328758967177557
5200,0.33529895550924765
5201,0.33615279609606313
5202,0.32700576899474776
5203,0.32114547194133947
5204,0.3328806273155886
5205,0.33841782085619165
5206,0.33229670054690374
5207,0.33452093760230905
5208,0.3282712342867381
5209,0.32572070428154987
5210,0.32817830106882745
5211,0.3344286713214507
5212,0.3334222851745569
5213,0.33673805630788023
5214,0.3378124726330641
5215,0.3325288848312023
5216,0.3334825544815716
5217,0.3433121972071229
5218,0.3328739476716793
5219,0.3298381239052413
5220,0.3312965208501687
5221,0.32972430990919366
5222,0.33413999104980857
5223,0.3327989175388256
5224,0.3312578218192694
5225,0.3336061658057728
5226,0.33155751405440465
5227,0.34262133206115
5228,0.33257078609670265
5229,0.333445714221112
5230,0.3334660838219562
5231,0.33719694337040335
5232,0.32683187407892733
5233,0.3316100111388541
5234,0.3283331936073604
5235,0.33335051427473145
5236,0.3338592815905011
5237,0.33414730177847435
5238,0.33059605404315634
5239,0.3300519482592601
5240,0.32938553002817184
5241,0.32905166178328243
5242,0.33495816491242325
5243,0.3380981108105956
5244,0.3379023935155171
5245,0.32744301031684936
5246,0.3261973855192503
5247,0.32972154917352664
5248,0.3327047398449024
5249,0.3346250327001342
5250,0.32706440860265007
5251,0.34071720184840787
5252,0.32460278562384026
5253,0.32349755438193745
5254,0.3318846481625975
5255,0.33251074346900755
5256,0.3356254879161431
5257,0.3318767282359135
5258,0.3247403189791585
5259,0.32898125202153905
5260,0.33709097802341886
5261,0.3293812821653369
5262,0.33107385414237095
5263,0.3296605159698487
5264,0.33179579294763495
5265,0.32897299500168453
5266,0.34013904231001874
5267,0.3233177437497781
5268,0.31879601350844483
5269,0.32917340382568433
5270,0.323544640058731
5271,0.3201271633297077
5272,0.3277811089232878
5273,0.320238787347105
5274,0.32890610235698114
5275,0.33566651342367015
5276,0.3399144035638525
5277,0.32563108643524413
5278,0.3298650954653044
5279,0.33429020531321185
5280,0.33971905194069313
5281,0.33690462669466487
5282,0.3329701922536084
5283,0.32766218720392337
5284,0.32038901315914764
5285,0.33210216623332056
5286,0.32824650983740955
5287,0.340811394561826
5288,0.3337575635568944
5289,0.33107447403171847
5290,0.31527424412757205
5291,0.3235215776390087
5292,0.33039649152650324
5293,0.32605969286195546
5294,0.32908509542698194
5295,0.33898141528848036
5296,0.3270610065740417
5297,0.3377253125235079
5298,0.328586615277848
5299,0.32668703331023663
5300,0.33511739302424587
5301,0.33571040945089636
5302,0.3294274159624899
5303,0.3331516019079262
5304,0.3265625074969795
5305,0.334927416759864
5306,0.32540138885896447
5307,0.3255912861176265
5308,0.3280408078564624
5309,0.3444413353353592
5310,0.3344056900465238
5311,0.31845122625860495
5312,0.3241343135977668
5313,0.3271362395599804
5314,0.33299222903564035
5315,0.31586189463040515
5316,0.32716378496964177
5317,0.3321416294149462
5318,0.32807521819079477
5319,0.32609360621667904
5320,0.3231430434391932
5321,0.32831875420049184
5322,0.3369392780265004
5323,0.3299243792982386
5324,0.3249657469557083
5325,0.33955163265944605
5326,0.3363541856434447
5327,0.32669817131683704
5328,0.3255235703854433
5329,0.3379486369450928
5330,0.32799720822404904
5331,0.3220614904761913
5332,0.32909318047084646
5333,0.32283202892778823
5334,0.33354707102046977
5335,0.34478652677991467
5336,0.3344438756852489
5337,0.33969608417257585
5338,0.32948352666049435
5339,0.3307753374891433
5340,0.34174754744942404
5341,0.33528535921451363
5342,0.33218702632154706
5343,0.32749292529249535
5344,0.3265832507828066
5345,0.32809725263890005
5346,0.33570564558853716
5347,0.32068480711725605
5348,0.3302003637363063
5349,0.32768338433036004
5350,0.3276289767789928
5351,0.32179299438743847
5352,0.3211978148306481
5353,0.3292173609951806
5354,0.33300180433683757
5355,0.3257761935566137
5356,0.3239253513343565
5357,0.3252219742504578
5358,0.3231027683434055
5359,0.331061949715623
5360,0.34649918568888477
5361,0.3370060461368724
5362,0.32882699278374233
5363,0.3282795382325985
5364,0.32757941502462323
5365,0.3296074221263179
5366,0.3285739946775795
5367,0.328717959269582
5368,0.3252078508063163
5369,0.33704598827366383
5370,0.33383446640918885
5371,0.32966960156152053
5372,0.32646971331485974
5373,0.3288491999001674
5374,0.3220688536468333
5375,0.32721549707034164
5376,0.3215627658552766
5377,0.3216478227249684
5378,0.3246328199368356
5379,0.3204489427519715
5380,0.31763577165319684
5381,0.3312369237833403
5382,0.31677705945617984
5383,0.32556807473107147
5384,0.32952453448580665
5385,0.3445059708977647
5386,0.3431717505339481
5387,0.3274913273518153
5388,0.33643591370662834
5389,0.3246968699837162
5390,0.32600606277588934
5391,0.3328002008877779
5392,0.3218553485547414
5393,0.3141668555951531
5394,0.3233358285509181
5395,0.3283384622703892
5396,0.3306782438122577
5397,0.33024948056257375
5398,0.32407476761763615
5399,0.325046192143623
5400,0.32617163388141424
5401,0.3261380921810315
5402,0.3275076193072294
5403,0.32862030568172984
5404,0.3318822833542004
5405,0.3286271672466861
5406,0.32993322322520263
5407,0.327140688049578
5408,0.3323911996853849
5409,0.32341553823340247
5410,0.3350514038688036
5411,0.3315989463994497
5412,0.3221725828948402
5413,0.33012511519084214
5414,0.32761202685777563
5415,0.34003761700654533
5416,0.32888868419787387
5417,0.3225145360515567
5418,0.32598087713540075
5419,0.33481227968036875
5420,0.3314995255948384
5421,0.32204676516879116
5422,0.323636153836268
5423,0.324087440411212
5424,0.33141547962276385
5425,0.3288298553088631
5426,0.3428943674413766
5427,0.33371403509796377
5428,0.3258532960989381
5429,0.3262241840852713
5430,0.3270424723904162
5431,0.3234213698257721
5432,0.32287241451536397
5433,0.3172599199884384
5434,0.32909495137401873
5435,0.3265954403329052
5436,0.32857427863674993
5437,0.3387366744746869
5438,0.33315416021610006
5439,0.33027550423762003
5440,0.3238690546164938
5441,0.33948650934431324
5442,0.3374316829368907
5443,0.3112973699285453
5444,0.3263773356237082
5445,0.32458619392616683
5446,0.31806232307346616
5447,0.32772918826790287
5448,0.3293969048604147
5449,0.33609991662019223
5450,0.3320416343069879
5451,0.3241014883973043
5452,0.3265871342856025
5453,0.3267857284404971
5454,0.33079473123227116
5455,0.3230155311954746
5456,0.32578170538296813
5457,0.3338183659500815
5458,0.33662504427515944
5459,0.33121053329486183
5460,0.3292238633971189
5461,0.3227869566695344
5462,0.32021104060139205
5463,0.3270038047571328
5464,0.3384754927783052
5465,0.32439883758143634
5466,0.3328340361691809
5467,0.3305661657418268
5468,0.3273609949477231
5469,0.32470825386361035
5470,0.3226434973423141
5471,0.3278164712306209
5472,0.3307761789805521
5473,0.3301887790944019
5474,0.31879514080134647
5475,0.3316158264738274
5476,0.33934237129867656
5477,0.3278600923699372
5478,0.33446033957891536
5479,0.332838409697312
5480,0.32745651721310554
5481,0.32984875800325947
5482,0.3280023799528173
5483,0.32825736968469343
5484,0.32130184642690346
5485,0.3259843778366058
5486,0.33363171372139094
5487,0.33775288568773454
5488,0.3233222624540861
5489,0.3248304645659964
5490,0.323665976164314
5491,0.325563981506947
5492,0.32339815322007937
5493,0.3332059735721466
5494,0.3285685712912296
5495,0.3312052524846441
5496,0.3227377942808236
5497,0.3407989093711247
5498,0.3302218672234062
5499,0.3292497210099497
5500,0.32110355997222556
5501,0.32363879870485185
5502,0.32402697346229814
5503,0.3234854598535009
5504,0.33136560088356387
5505,0.3335534972786249
5506,0.32657837643541526
5507,0.3185273132022787
5508,0.3285382249874394
5509,0.3230863385887441
5510,0.315961316927361
5511,0.33047419198923605
5512,0.3225819717000612
5513,0.32478898562850567
5514,0.32490961526394724
5515,0.32820651599788037
5516,0.3253080536383355
5517,0.32247821865556037
5518,0.327592947305285
5519,0.3363237820916173
5520,0.327375088258854
5521,0.3200563123139363
5522,0.3188581810728965
5523,0.31506061120940365
5524,0.33085655550891496
5525,0.3259698700883514
5526,0.3239415427831268
5527,0.3262089764538327
5528,0.3250153381308697
5529,0.3302701284416121
5530,0.32943896548728774
5531,0.3193024714012157
5532,0.3344226925958805
5533,0.3269279518410106
5534,0.32360193599869896
5535,0.331058856123797
5536,0.31500299330763437
5537,0.32898039457981115
5538,0.3183730701500609
5539,0.31746323939132004
5540,0.32290375912377606
5541,0.3253545227157224
5542,0.32205442273414764
5543,0.3268188461852302
5544,0.3266788648597649
5545,0.3272122605857792
5546,0.32075382634258054
5547,0.32614051611063216
5548,0.3245274181709728
5549,0.32958719786953417
5550,0.32581285052710685
5551,0.32955368944070007
5552,0.32958368611724437
5553,0.32730762175065115
5554,0.3340033616979085
5555,0.3279886154152775
5556,0.31321080246335853
5557,0.3277193012010764
5558,0.32609247162776156
5559,0.32613437545412427
5560,0.32193447612351733
5561,0.32727450145949205
5562,0.3309976735945338
5563,0.32227673933263623
5564,0.32405080936903
5565,0.3301874867804315
5566,0.3329799537700882
5567,0.3185470394906416
5568,0.3250858066425216
5569,0.32325903927463107
5570,0.3272781246446668
5571,0.3270326718750911
5572,0.3238336734130043
5573,0.32154891985875295
5574,0.3234386694463921
5575,0.32157973719217314
5576,0.32524333686205137
5577,0.32261066785973713
5578,0.32633850187096447
5579,0.325956526433076
5580,0.318629183840529
5581,0.3234087254713012
5582,0.3244537131351295
5583,0.3170913493626637
5584,0.33217310434343855
5585,0.3307814588250811
5586,0.3240109488500626
5587,0.32307063824144766
5588,0.32384673257878993
5589,0.3174549959510099
5590,0.32924101381643545
5591,0.3229083683769407
5592,0.31978588377156186
5593,0.3339161421644088
5594,0.32942986583735817
5595,0.3223176707958845
5596,0.32432601060049493
5597,0.3260039269572682
5598,0.3248624109075155
5599,0.33368708543989883
5600,0.33406844845523487
5601,0.33790154161177216
5602,0.32878305303127053
5603,0.32436686309719664
5604,0.3334130994977146
5605,0.32389201560467423
5606,0.3263628760187435
5607,0.33237232668983774
5608,0.33144666931059774
5609,0.3232513236509641
5610,0.32746704713530245
5611,0.3246788212481683
5612,0.32570869752925585
5613,0.33227482337138
5614,0.3297691966122804
5615,0.3305797399163466
5616,0.33035873048600056
5617,0.32051941705714854
5618,0.3227060809884458
5619,0.32960782521347864
5620,0.32020811887837614
5621,0.3273118304260364
5622,0.3258745316819942
5623,0.328722469478145
5624,0.32280388517049374
5625,0.3252511334310054
5626,0.32469378009829664
5627,0.33320270780194666
5628,0.3200543973601942
5629,0.32704934200908514
5630,0.3262910694058795
5631,0.31237001082755844
5632,0.3176719778155147
5633,0.3156236590827068
5634,0.327852429873474
5635,0.33158048411975616
5636,0.32788200104956855
5637,0.3138480682023239
5638,0.33107990300635737
5639,0.33117693913755547
5640,0.3283823099836886
5641,0.3254776613249574
5642,0.327463309621696
5643,0.3212807790612921
5644,0.3257148412270892
5645,0.32757583828248793
5646,0.32710834384191817
5647,0.32789242251536477
5648,0.3055168582712848
5649,0.32034802173977767
5650,0.3177045360353012
5651,0.3116481527277357
5652,0.3300567190323425
5653,0.31589432285139785
5654,0.3256803188770359
5655,0.32945616072301814
5656,0.324708837248327
5657,0.3346525919484626
5658,0.31918344787890846
5659,0.32544425105977814
5660,0.3190943907277185
5661,0.3205467134711091
5662,0.3223038470491891
5663,0.32794166617886367
5664,0.3256586666637856
5665,0.3252009961664935
5666,0.3151325313780943
5667,0.3278063468283507
5668,0.3259121226807472
5669,0.32529411225662724
5670,0.3190553891913768
5671,0.3205494727925211
5672,0.32453509957459586
5673,0.32221411096520697
5674,0.33777805896722213
5675,0.32211402012030244
5676,0.3223223047804604
5677,0.32905415638399454
5678,0.32488434827008145
5679,0.3259155480832085
5680,0.33088720680662437
5681,0.3270242557076802
5682,0.3253276708163948
5683,0.33119001141134535
5684,0.32854236487192173
5685,0.322674722663849
5686,0.31569872547843064
5687,0.3279066435774001
5688,0.3262207461113957
5689,0.32440434580487787
5690,0.32767210022846344
5691,0.3325379212565857
5692,0.32250727892174524
5693,0.3267587492775195
5694,0.3315107315256784
5695,0.3201628909343807
5696,0.3224458032678325
5697,0.32201097495381553
5698,0.3252211536412105
5699,0.32849306590445776
5700,0.32414917452878833
5701,0.3310026272179294
5702,0.32340358991472573
5703,0.3271697176647478
5704,0.31957279551006446
5705,0.3256898605120609
5706,0.32928616281636036
5707,0.3253301871335739
5708,0.32021483399293427
5709,0.328603068330846
5710,0.3310140823665121
5711,0.323080190394908
5712,0.3177344351275394
5713,0.32553642681097117
5714,0.33517086003552377
5715,0.3259928883205052
5716,0.3267911829519271
5717,0.33489940627148174
5718,0.32915430398658996
5719,0.32373983877900203
5720,0.33094226727875686
5721,0.33360816772916907
5722,0.3229541516700758
5723,0.31720271845963854
5724,0.32101204224045804
5725,0.31744246202056237
5726,0.33463041571878815
5727,0.3290149348676931
5728,0.3366436659711473
5729,0.33285094941123156
5730,0.3268685925556919
5731,0.32557201825597337
5732,0.33200010294607585
5733,0.32093633475676614
5734,0.3251564314277954
5735,0.31385882600607173
5736,0.3254699396232305
5737,0.3171491941828805
5738,0.3235342734678809
5739,0.3248722472201102
5740,0.3185599599267013
5741,0.32952730159345206
5742,0.32143086435247376
5743,0.32195138401448004
5744,0.3243542475697465
5745,0.3260520890816198
5746,0.32478543903152435
5747,0.3278444094989082
5748,0.3223578461204896
5749,0.3190345649053031
5750,0.3286830935621423
5751,0.3306394093936037
5752,0.3197611809432031
5753,0.32675359877027144
5754,0.32146494564410066
5755,0.32915107371081886
5756,0.326375272643618
5757,0.32157199089895977
5758,0.3286955919341413
5759,0.31696108234526976
5760,0.3250284170629014
5761,0.3318624713850377
5762,0.3255061831671051
5763,0.32890703647398656
5764,0.328200622387033
5765,0.3267112328272863
5766,0.3232260562191616
5767,0.3182440870807425
5768,0.328473341482064
5769,0.33500060751269567
5770,0.32668410904332573
5771,0.31319524884583094
5772,0.3169854093551427
5773,0.33165261678879254
5774,0.32755638799370124
5775,0.3340688238316075
5776,0.32618328688116055
5777,0.32519914419046486
5778,0.3196287554363815
5779,0.3221894772443998
5780,0.31311863442969706
5781,0.32123934476217414
5782,0.31482034311437385
5783,0.32336820951099216
5784,0.3154070807244458
5785,0.3122844334740426
5786,0.3316166973732564
5787,0.3167606343775104
5788,0.30971288410540343
5789,0.3147321463273813
5790,0.3184215831416734
5791,0.3261937579636331
5792,0.31481657107042427
5793,0.3303845778127001
5794,0.3279895795964733
5795,0.3186727676547818
5796,0.3307060757273423
5797,0.32210955860817847
5798,0.32405403009715056
5799,0.3261419837445332
5800,0.32626596867140917
5801,0.31527460613803976
5802,0.31795156589704887
5803,0.32055416967397726
5804,0.3277186167528069
5805,0.31593062782277065
5806,0.3196361425523472
5807,0.3184415420820499
5808,0.3131560650330427
5809,0.3224449016237308
5810,0.3111712634465948
5811,0.32199271925152523
5812,0.3289850387852222
5813,0.3314532109660908
5814,0.32479343756456464
5815,0.3172677850332999
5816,0.3246029662752441
5817,0.3258543986286275
5818,0.3248979120903898
5819,0.3192576797406465
5820,0.33214066501518114
5821,0.32938117163100256
5822,0.33213210743998156
5823,0.32014626248035355
5824,0.3253839539922499
5825,0.32641229121482135
5826,0.3290213512772476
5827,0.3333808698304082
5828,0.3232149654478107
5829,0.3203312395714372
5830,0.3088619944651823
5831,0.3165725381021591
5832,0.3194416526103348
5833,0.31527843177811166
5834,0.3330205582598194
5835,0.31988851429326515
5836,0.3262492833613609
5837,0.316794398399067
5838,0.3167753106562877
5839,0.32043570076682026
5840,0.32224942748561214
5841,0.31372155048724326
5842,0.3176951585821835
5843,0.3134929025413756
5844,0.32270975540501734
5845,0.31928714387158924
5846,0.32579201351724396
5847,0.32743235236292906
5848,0.32226333413340397
5849,0.31087820605651884
5850,0.31718816005618855
5851,0.31772573536714305
5852,0.3188295176073086
5853,0.313695710002027
5854,0.32056321615136313
5855,0.3228520930431225
5856,0.3181295725272051
5857,0.32618295970497724
5858,0.3304968181283398
5859,0.3266217275959525
5860,0.32218678593621164
5861,0.3231282421854969
5862,0.31777115721278654
5863,0.32647806188028416
5864,0.3329000872424931
5865,0.31797661558971546
5866,0.31475615290719544
5867,0.3165988958188129
5868,0.3216875389343317
5869,0.3125708792816136
5870,0.3174405835881564
5871,0.32398024721830354
5872,0.319636370234091
5873,0.3138511385878215
5874,0.31755245480523925
5875,0.3239696564873375
5876,0.31819279303328457
5877,0.31049541082093285
5878,0.3258277973886534
5879,0.3275748959343049
5880,0.3359330498114219
5881,0.33214060348387586
5882,0.32149089493397776
5883,0.3064145847894951
5884,0.3278398374303443
5885,0.3189874753032978
5886,0.3178564824052757
5887,0.318396041296321
5888,0.32201042579557787
5889,0.3271507255821824
5890,0.3258523064099393
5891,0.3178371212162827
5892,0.33201852562680456
5893,0.3313267065260742
5894,0.3180060233072433
5895,0.3246993148099424
5896,0.32679806212783225
5897,0.32050951816082596
5898,0.32562704161228706
5899,0.31204305036400365
5900,0.3196524189017123
5901,0.3211331926466704
5902,0.3205945633715175
5903,0.3252702477671799
5904,0.31052421296407406
5905,0.3210506652249126
5906,0.319308674973134
5907,0.32187985025522897
5908,0.3213542704520298
5909,0.33360836528667465
5910,0.31800096246755766
5911,0.3211965288203199
5912,0.31912541073227013
5913,0.3241208299617903
5914,0.32492350160416433
5915,0.33319454915543767
5916,0.31624373976759845
5917,0.3139449303966956
5918,0.3212699986662698
5919,0.3213014748486752
5920,0.3309408558095989
5921,0.3146866103253578
5922,0.32074597593673704
5923,0.3152580504192562
5924,0.3201670048961493
5925,0.3210196025968265
5926,0.324862702513512
5927,0.31654719575442947
5928,0.3228586486563945
5929,0.32450377183279366
5930,0.3244347447509745
5931,0.32099127789652854
5932,0.3205775263064042
5933,0.3186275503475733
5934,0.3159594212408426
5935,0.318007039344663
5936,0.32955597832159406
5937,0.3292113601433304
5938,0.32744870160431094
5939,0.3207336991127462
5940,0.3180300108895622
5941,0.31268854435945936
5942,0.32604720355983424
5943,0.32172527240191984
5944,0.3256752235363286
5945,0.32001142873325933
5946,0.3248282099342685
5947,0.330589610123358
5948,0.31931843255107756
5949,0.32040934394101594
5950,0.3199645446791382
5951,0.3131341864049308
5952,0.318369943652236
5953,0.3219189142511806
5954,0.31623010916567157
5955,0.3254108439800382
5956,0.32788172961203066
5957,0.31532861485560554
5958,0.31601793851463755
5959,0.3125253403873622
5960,0.32484678750919166
5961,0.31438090441468863
5962,0.32143180496504486
5963,0.31785211616597625
5964,0.3254121042481544
5965,0.31568032393609624
5966,0.3195329967672303
5967,0.3212018940841638
5968,0.32842674448905945
5969,0.32192089852625677
5970,0.31633943489125
5971,0.32880815716206097
5972,0.30983702572444655
5973,0.320418284212949
5974,0.32190655399683343
5975,0.31834241346726017
5976,0.3169685234449557
5977,0.31677158348568735
5978,0.3229861498483102
5979,0.3127054786477851
5980,0.3232441411087383
5981,0.31691225736181494
5982,0.32124964597360767
5983,0.3269674214760636
5984,0.3231062007035313
5985,0.31544009378930393
5986,0.3152838827693093
5987,0.328457949396809
5988,0.32603908362341866
5989,0.32110786548187253
5990,0.31158111466054234
5991,0.31548212452816116
5992,0.32393789948539403
5993,0.3098433793192238
5994,0.317537569354126
5995,0.31793599909577736
5996,0.31930114916634605
5997,0.31203305530076775
5998,0.3087922096909638
5999,0.3335995186707487
6000,0.3196211924134928
6001,0.32018015641897746
6002,0.3183135655811484
6003,0.3201515201039103
6004,0.31835216201760336
6005,0.32201001082267583
6006,0.32184477018146945
6007,0.315203000335114
6008,0.31715407976998994
6009,0.3172639744352197
6010,0.32279262708147566
6011,0.3213376052926948
6012,0.3218952881513262
6013,0.32093839649224326
6014,0.3239918634829179
6015,0.31815229299832204
6016,0.32142219619926654
6017,0.3189858787707085
6018,0.3226398027677207
6019,0.32559352637740147
6020,0.31482352061943836
6021,0.3086089470212378
6022,0.31743958183936927
6023,0.32214053660806047
6024,0.3278524601229798
6025,0.3199144977745719
6026,0.3257196540811991
6027,0.3187138868469972
6028,0.31293628850428223
6029,0.31926763454165297
6030,0.32386376076243323
6031,0.3190739446426624
6032,0.31754887415508953
6033,0.32516310684968946
6034,0.3184383242657493
6035,0.31541402925417766
6036,0.3212624009960336
6037,0.31901633098574705
6038,0.3185963575248108
6039,0.320592044815749
6040,0.318660176470706
6041,0.32559137223663315
6042,0.3142530262984008
6043,0.31660805669185077
6044,0.3182871375436908
6045,0.31219309619769714
6046,0.3222388525310713
6047,0.3227554368898514
6048,0.3125215422243935
6049,0.311103076253428
6050,0.31159574068887047
6051,0.315025707237636
6052,0.31992504436948305
6053,0.32331005817838493
6054,0.3223740049334653
6055,0.31872764078171784
6056,0.32035263345108667
6057,0.32862728240239364
6058,0.31766011967356367
6059,0.3112089075538028
6060,0.3188483001959129
6061,0.3227729557092298
6062,0.31724759013057674
6063,0.3232210605914062
6064,0.3243241357157719
6065,0.3146485510778985
6066,0.3205544015654771
6067,0.3242213122369031
6068,0.3146970193512009
6069,0.3218858509970195
6070,0.3166861065494465
6071,0.3304892373721373
6072,0.31490833100449966
6073,0.3251428916163346
6074,0.31478139996416454
6075,0.31015487331696384
6076,0.3312854367681511
6077,0.31596154279836847
6078,0.3194737219026755
6079,0.3131915786142731
6080,0.3210993734621927
6081,0.32186108340134434
6082,0.3215467935300333
6083,0.3068591078841861
6084,0.321762738348542
6085,0.31830306346647574
6086,0.3253972241647647
6087,0.3150671547036892
6088,0.3197394121172954
6089,0.3125123892518854
6090,0.30669092935750325
6091,0.3192148383786645
6092,0.32635428451521004
6093,0.31874740012526315
6094,0.3186020908350506
6095,0.3078081118449184
6096,0.32102067112938654
6097,0.3180440400430507
6098,0.32848125533128636
6099,0.3238162274370199
6100,0.320466752953947
6101,0.31898094435516716
6102,0.323041860440664
6103,0.3126946978949641
6104,0.3039817632757447
6105,0.3096261797447029
6106,0.3224564039397268
6107,0.3117011008600282
6108,0.3225792363885851
6109,0.32377002503018365
6110,0.3234266376896431
6111,0.3201728100332234
6112,0.32289118906987185
6113,0.32193405956100635
6114,0.3133315040863647
6115,0.29852912870295945
6116,0.31574933770923475
6117,0.3210016376043688
6118,0.31098269766437486
6119,0.32305113405628777
6120,0.3206529389199853
6121,0.31869858928275396
6122,0.3240522409533337
6123,0.3224941377998866
6124,0.3238554252501876
6125,0.313669347101709
6126,0.3203200926500031
6127,0.3230166356125437
6128,0.33057492737646654
6129,0.3250911493893612
6130,0.32243404454534375
6131,0.315505412980638
6132,0.32702613532552793
6133,0.31462290796773473
6134,0.3316237593297971
6135,0.3120767243701412
6136,0.31792514730829846
6137,0.32887231232136493
6138,0.3297956775632327
6139,0.3234122644368008
6140,0.32102483394482945
6141,0.32949042727558797
6142,0.3231118872720889
6143,0.3186156409127371
6144,0.3158475015639594
6145,0.30990544173528883
6146,0.3117378262371499
6147,0.3122912797894982
6148,0.3238313211093833
6149,0.31500748324690864
6150,0.32280444141190145
6151,0.32261709054278775
6152,0.3185368780632744
6153,0.3159689345067278
6154,0.3089322123930885
6155,0.31673831928743656
6156,0.3100102350612899
6157,0.3122211606596638
6158,0.3100110113419002
6159,0.31686693242975966
6160,0.32272208977489264
6161,0.3218949567680899
6162,0.31155201545074224
6163,0.31799962909928803
6164,0.3177217945563514
6165,0.3209966501492821
6166,0.32758446924139994
6167,0.32829616724520044
6168,0.31715109327930063
6169,0.311035843501455
6170,0.32014024077646785
6171,0.3156785729699352
6172,0.3218228985534369
6173,0.32221854056843513
6174,0.31208134342492905
6175,0.31019071639528456
6176,0.3233975061377027
6177,0.30880586459528375
6178,0.3117104730961964
6179,0.31933680833582095
6180,0.31750241107274213
6181,0.3186280250659907
6182,0.31339290626421656
6183,0.3119302656345451
6184,0.313566289385818
6185,0.3128543211799744
6186,0.32296746669192145
6187,0.31009339169761946
6188,0.32055570247769083
6189,0.3235610335436153
6190,0.32051380379953665
6191,0.3231652977657308
6192,0.3028155316651724
6193,0.30392650630281387
6194,0.3096622851078332
6195,0.3191249673714149
6196,0.32484587646107904
6197,0.32041936275265714
6198,0.3144711877859758
6199,0.31511190895279945
6200,0.3107364400224228
6201,0.32366670162234956
6202,0.31866842413155655
6203,0.32075580421579414
6204,0.32023425447032366
6205,0.3218891570658885
6206,0.3191374045547741
6207,0.31872645849806613
6208,0.3205016536037971
6209,0.3156149447507541
6210,0.3170467888358974
6211,0.31378420000323654
6212,0.3168738112866265
6213,0.3159302970236623
6214,0.31412909631468444
6215,0.31824332829495955
6216,0.32113517361662003
6217,0.3177882555702756
6218,0.31021348370612584
6219,0.32125552866497525
6220,0.3150146231549993
6221,0.3166968242490555
6222,0.32249552803725284
6223,0.32474373449313937
6224,0.30599303076289636
6225,0.31326504460273386
6226,0.31750956029145094
6227,0.316581969211015
6228,0.31789268560240574
6229,0.31225042694430055
6230,0.31693475231846846
6231,0.3241330796925794
6232,0.3174788202617174
6233,0.3124236278681327
6234,0.315501863449998
6235,0.32126458202675695
6236,0.3219815393326236
6237,0.3169922171337228
6238,0.3135670176489851
6239,0.3220127319902827
6240,0.327056955135764
6241,0.3210589709842034
6242,0.31987127095214163
6243,0.3148673335410378
6244,0.3242847633087255
6245,0.32099933421027343
6246,0.31641580868605357
6247,0.3164685358236062
6248,0.31612211807002666
6249,0.31130269738819316
6250,0.30825930956151515
6251,0.31554319167989
6252,0.3150780137668073
6253,0.30969699886614116
6254,0.3091093846494245
6255,0.31940514336420245
6256,0.30493273488578776
6257,0.3119002430428731
6258,0.3207037591187072
6259,0.32605468707660823
6260,0.3137741381186238
6261,0.30909415352227443
6262,0.31190376707241974
6263,0.31497311675413386
6264,0.3057340154677572
6265,0.3243791347673735
6266,0.30511807291475257
6267,0.31925272100999275
6268,0.31323295182075284
6269,0.30650818257864276
6270,0.3027323424519703
6271,0.312184401693558
6272,0.31539186849117357
6273,0.32096305910096495
6274,0.3173306920266451
6275,0.3126244694384061
6276,0.31855236095384565
6277,0.3165495562310296
6278,0.31220999079219175
6279,0.30146723082226395
6280,0.31545186623285354
6281,0.3110337235062489
6282,0.316536148021612
6283,0.3140801173416345
6284,0.312344539485224
6285,0.31029627574199764
6286,0.30748490932329947
6287,0.3209671494420446
6288,0.3114805264114967
6289,0.30740847908043745
6290,0.31729821355049903
6291,0.3221499931436105
6292,0.31174123220826333
6293,0.3146079237379782
6294,0.311174289313198
6295,0.31448418545226103
6296,0.304735610976655
6297,0.3106530298433288
6298,0.3197295345304389
6299,0.3142655565340301
6300,0.3209098009555388
6301,0.3219171890596012
6302,0.318227276507951
6303,0.31269747499649503
6304,0.30746832260575874
6305,0.3107494228646477
6306,0.31439188449621874
6307,0.3112026469391169
6308,0.30818936420268445
6309,0.31469899946524443
6310,0.3123019136750238
6311,0.3154721348092147
6312,0.3113474929334212
6313,0.31404251871456695
6314,0.31344454274022737
6315,0.32213225529451056
6316,0.3170426398556472
6317,0.31170783853781503
6318,0.3172662028311295
6319,0.3262626258057192
6320,0.32176698175262697
6321,0.3198542835353868
6322,0.3108025293459434
6323,0.319455671999549
6324,0.31458159488617016
6325,0.3220916151591305
6326,0.3181322017758083
6327,0.31059835095053134
6328,0.3151134469174939
6329,0.31214112074681855
6330,0.3118520125285803
6331,0.3128603970945919
6332,0.31837444302408147
6333,0.3129126218161017
6334,0.31838801296654007
6335,0.3184935696311437
6336,0.32114854243561225
6337,0.3076576147930403
6338,0.32426370418337835
6339,0.3084925242773702
6340,0.31416864915674597
6341,0.32192269998644507
6342,0.31311356954665326
6343,0.3141953461379534
6344,0.3155291108460373
6345,0.3192217835844408
6346,0.31119921231417264
6347,0.30865486305430695
6348,0.31400084883912704
6349,0.3121649460363587
6350,0.3166438392622368
6351,0.313648661512969
6352,0.3139741146162169
6353,0.3067669621653978
6354,0.3114017779486359
6355,0.3072672677609625
6356,0.3127596210129353
6357,0.30811913516347583
6358,0.3057853451445492
6359,0.3178143436804558
6360,0.30210331444365174
6361,0.30915026233891607
6362,0.2994991755416676
6363,0.30572187361149944
6364,0.3152487787190188
6365,0.3216004742281765
6366,0.30374912618196276
6367,0.310777317841244
6368,0.3139363876840453
6369,0.3153708663242652
6370,0.3133737273587272
6371,0.3136023828760933
6372,0.3198251481487291
6373,0.31436726397375236
6374,0.31418654423829334
6375,0.3113637293449083
6376,0.3138834270252678
6377,0.3163943367308439
6378,0.30825283213034055
6379,0.3045783555971071
6380,0.3120338347626536
6381,0.31188764855490464
6382,0.31847354676090694
6383,0.31303130656473743
6384,0.3063457795261539
6385,0.30952029672486003
6386,0.3168490608621712
6387,0.30616173479400777
6388,0.3280169768859573
6389,0.31763025666152905
6390,0.30740759340700363
6391,0.3153203821586601
6392,0.3152556449789169
6393,0.311456820714302
6394,0.31286550033680205
6395,0.3106375129465161
6396,0.3178903660129931
6397,0.3146987951601007
6398,0.3115293020744076
6399,0.3103515197923447
6400,0.30556346157203573
6401,0.30627966945628377
6402,0.3144353644027507
6403,0.3144816889000054
6404,0.30185531095551604
6405,0.3147226713779837
6406,0.316451887035208
6407,0.3177839625287908
6408,0.31010372784911494
6409,0.3079306515560522
6410,0.3214333477814281
6411,0.31594771634899643
6412,0.306859108680167
6413,0.30934014552422273
6414,0.3180977740865526
6415,0.3116526490651205
6416,0.3084965220927467
6417,0.31557356551578536
6418,0.3140202009756249
6419,0.31052196745773714
6420,0.3124790592078076
6421,0.3240833882894088
6422,0.3163256169470961
6423,0.3150283437229897
6424,0.3116682065478747
6425,0.31275080902089536
6426,0.31740414220204
6427,0.3185996562949879
6428,0.30546658234590857
6429,0.31102107924887934
6430,0.3071542681126029
6431,0.31021837101217187
6432,0.3177262650413979
6433,0.31535051949669207
6434,0.32224990828279226
6435,0.3114639063721416
6436,0.3149171588993569
6437,0.31625216698138403
6438,0.3169318712942753
6439,0.3121731158346913
6440,0.30275171392671996
6441,0.3100155920642812
6442,0.31090926303171745
6443,0.3099118940472633
6444,0.30331975589857785
6445,0.30967682699897875
6446,0.3028160663197841
6447,0.3114267677111818
6448,0.31357448322409753
6449,0.3049338994873206
6450,0.3052017634932961
6451,0.30840193919967057
6452,0.3013880151806669
6453,0.316249864829881
6454,0.3085983998456036
6455,0.31270393032558097
6456,0.31219549660705836
6457,0.30970096900703464
6458,0.32020357567200086
6459,0.323271837777891
6460,0.31565992856288383
6461,0.311356992613849
6462,0.31257184324010334
6463,0.3133028601561933
6464,0.30914097355788484
6465,0.3012106301881067
6466,0.3101323501152569
6467,0.30493104699377965
6468,0.3145970515828182
6469,0.3113145808402023
6470,0.3191825630594319
6471,0.3022545977669963
6472,0.30910760828059625
6473,0.30963584353472984
6474,0.32007483113339796
6475,0.31370568983344027
6476,0.31354970405977695
6477,0.30979888904015573
6478,0.3163347095638057
6479,0.3072587569160538
6480,0.30686492436206536
6481,0.3134958800895132
6482,0.3065234503605267
6483,0.3125242477555326
6484,0.3122340578448651
6485,0.30506476070881916
6486,0.303080604799782
6487,0.30538784899369664
6488,0.3072221326435967
6489,0.3193694505753182
6490,0.30305801386270337
6491,0.3143185462390308
6492,0.30463181781449405
6493,0.31006066424746026
6494,0.31495394555011613
6495,0.3055004252833886
6496,0.3086322747073942
6497,0.31609215802649737
6498,0.31534958629587534
6499,0.2988552775663008
6500,0.306358177705077
6501,0.2984236228851915
6502,0.3026653332673797
6503,0.3084772750003196
6504,0.31292155953280826
6505,0.3157352248156675
6506,0.31041944788192316
6507,0.30020230493891537
6508,0.30389750411743804
6509,0.31065543572395343
6510,0.31459012481255755
6511,0.30606465997599125
6512,0.31527287734669174
6513,0.31624748189980945
6514,0.31995275279956553
6515,0.31636781939583364
6516,0.30517953317210134
6517,0.31254195925323897
6518,0.31028595189123015
6519,0.3091658941720851
6520,0.31438921065304576
6521,0.30403124263969783
6522,0.3100983066636925
6523,0.30252041630531257
6524,0.3049800679159844
6525,0.3027724284097353
6526,0.30839108486817435
6527,0.3072829479236228
6528,0.30852504020292804
6529,0.3108737417893804
6530,0.31750671700193606
6531,0.31407042810940666
6532,0.31087757653992726
6533,0.3155460308533369
6534,0.3104045885478122
6535,0.297442977339046
6536,0.3128367678125346
6537,0.3150117473721992
6538,0.3073842750104612
6539,0.3098266090700063
6540,0.31232881427645237
6541,0.31438405377985945
6542,0.3172978496878738
6543,0.31761896900298026
6544,0.31310067119760365
6545,0.31585858446029225
6546,0.3223537119006925
6547,0.3200776515377498
6548,0.3075731495911541
6549,0.3124520856743407
6550,0.3092923578736954
6551,0.31581452180679825
6552,0.30664841427828265
6553,0.3224802300648721
6554,0.31226591905836654
6555,0.305521067578439
6556,0.31002420743897224
6557,0.3041319813977235
6558,0.3028178569058163
6559,0.30454516998615944
6560,0.3024034066686643
6561,0.3064289748358802
6562,0.30503149153294074
6563,0.2966130343001613
6564,0.30389193539405457
6565,0.3085939466904653
6566,0.3064637957770192
6567,0.3027256346094582
6568,0.30423454141488865
6569,0.306140979540895
6570,0.30303585973248925
6571,0.312351966269124
6572,0.302838815313306
6573,0.30500174769093846
6574,0.3002217394070968
6575,0.29735095554153834
6576,0.302093709850646
6577,0.31329135814597653
6578,0.3069648741253761
6579,0.3136041557546397
6580,0.2999790907459544
6581,0.3110222305396986
6582,0.3055440272256166
6583,0.31062459732073444
6584,0.3082899104680162
6585,0.3059888631525902
6586,0.3090300742879621
6587,0.31253181928972273
6588,0.3081604658837793
6589,0.3102786464693897
6590,0.3090303960825663
6591,0.31081706272923265
6592,0.31520280533364153
6593,0.3082570420763739
6594,0.3100574847083937
6595,0.3001326482105973
6596,0.3090076781014302
6597,0.3162465826227765
6598,0.3130101165000979
6599,0.3114628257041731
6600,0.31650335154013204
6601,0.3145827585283067
6602,0.30762101339234554
6603,0.30503074403156466
6604,0.300328365825394
6605,0.30997404544281226
6606,0.300565962738922
6607,0.30803019602811704
6608,0.3119482574419113
6609,0.3123138929625398
6610,0.30334611256783317
6611,0.3047368164028218
6612,0.2928867584439122
6613,0.3092300927640238
6614,0.30783340939042053
6615,0.3074732150388623
6616,0.3082738915367618
6617,0.30836007158879214
6618,0.30499413860440033
6619,0.303919345031058
6620,0.316795889922052
6621,0.3126864400759724
6622,0.31443512120657335
6623,0.3079909798699328
6624,0.3028141952898523
6625,0.3092914402707403
6626,0.3175127360123518
6627,0.30938522541985275
6628,0.3060242801428393
6629,0.3085070962157674
6630,0.3067233112656178
6631,0.31165632103728985
6632,0.3083653826526138
6633,0.3074018696175741
6634,0.3016514100517613
6635,0.310567703062077
6636,0.30293481387889837
6637,0.3133370518915724
6638,0.314264862870715
6639,0.3146989895792324
6640,0.30669719273949675
6641,0.315558142828643
6642,0.3172080824232928
6643,0.30312254183369175
6644,0.30525971565306703
6645,0.31194630592051587
6646,0.3126182940542802
6647,0.3079477554215087
6648,0.29688729355578414
6649,0.30666461230151276
6650,0.3040164340119988
6651,0.3091238686199705
6652,0.2991818457930383
6653,0.3083123181328159
6654,0.31180100449736253
6655,0.2991356174603325
6656,0.31417044366429375
6657,0.31051905029214616
6658,0.30741225213591283
6659,0.3067509475536829
6660,0.29308068648228247
6661,0.309917273309482
6662,0.30416893761936065
6663,0.30258795284591256
6664,0.30236882727915904
6665,0.30509710507773613
6666,0.3104362407426474
6667,0.2989488632845335
6668,0.31344158028367375
6669,0.30012207254091555
6670,0.30749924824436287
6671,0.30636766408929467
6672,0.31285774510385306
6673,0.3045079399318519
6674,0.3084025658051168
6675,0.3019454023085958
6676,0.3031351419272462
6677,0.3001647601082526
6678,0.2930557284458576
6679,0.3034340485012225
6680,0.306155064378959
6681,0.30685798733147757
6682,0.3037397344990256
6683,0.3138125467666377
6684,0.30201136167636505
6685,0.30258310667618843
6686,0.3055562173114442
6687,0.2994831123769263
6688,0.30647207769861806
6689,0.30894647592416463
6690,0.30487152641230325
6691,0.30311064213415884
6692,0.2953518168885764
6693,0.30455503687381524
6694,0.3038050075472234
6695,0.30303487418966607
6696,0.29851934140408964
6697,0.3052379565352988
6698,0.30857080991948027
6699,0.3136136061468405
6700,0.3077178691405681
6701,0.29905583080938025
6702,0.3030226670871465
6703,0.3040873795942374
6704,0.30010771056188096
6705,0.3070958322254459
6706,0.3053590208554549
6707,0.30633447821829113
6708,0.3096688306038877
6709,0.30251741240360147
6710,0.31121532929027673
6711,0.3040102335670688
6712,0.2956684741408346
6713,0.3075151813839772
6714,0.30277468392485246
6715,0.29840517352747514
6716,0.3098751409111525
6717,0.3030902695381808
6718,0.3018575831094216
6719,0.30883720954453664
6720,0.3120397305519291
6721,0.3206647988498702
6722,0.30988749417558176
6723,0.3062927935807891
6724,0.3037400388079138
6725,0.3119582282164741
6726,0.30748752752361
6727,0.30455990804058897
6728,0.30999047230249044
6729,0.30894980906627173
6730,0.30944659066148905
6731,0.3077618285787346
6732,0.3121760461853923
6733,0.30764834833521343
6734,0.3087583769593419
6735,0.2997268012644237
6736,0.3090545635185814
6737,0.30982803288007904
6738,0.3119614044997603
6739,0.3118921145878042
6740,0.30638073412330386
6741,0.30632724208006534
6742,0.3054079532574057
6743,0.3077894640664355
6744,0.30486159152702746
6745,0.31690479313398834
6746,0.3066831584188847
6747,0.3110035958791087
6748,0.3126147611619069
6749,0.3100541318889215
6750,0.3036405333569847
6751,0.2993409507674591
6752,0.30478432927463517
6753,0.30460710299599764
6754,0.30275347084889664
6755,0.305492320523563
6756,0.3042773634790557
6757,0.3055950452380732
6758,0.3089254987085554
6759,0.3106479995795583
6760,0.30694153446697947
6761,0.30077150184908535
6762,0.3109212118933546
6763,0.29790428124159646
6764,0.3040149304615852
6765,0.31473599153524573
6766,0.3060148652335104
6767,0.31282635043683676
6768,0.3021819836017718
6769,0.310272700868649
6770,0.31471670934936
6771,0.31228690479158594
6772,0.31459140393291646
6773,0.31440158436418464
6774,0.30249491655442573
6775,0.30070941209835245
6776,0.298349717708597
6777,0.3030760671574931
6778,0.30228799990089167
6779,0.30915769861772124
6780,0.3099232519333284
6781,0.31537223214711696
6782,0.3147744615950006
6783,0.3010176340495572
6784,0.3069527479054604
6785,0.30427315928895254
6786,0.30799279874233065
6787,0.3051632527746521
6788,0.3147956963637921
6789,0.3055788243547987
6790,0.30988638630919413
6791,0.3055898014588302
6792,0.30456646295886064
6793,0.30840933355420025
6794,0.29846128117743187
6795,0.304147116728444
6796,0.30717241938026296
6797,0.3111066785786192
6798,0.306496848931533
6799,0.3048379393631553
6800,0.30440305929978834
6801,0.3059034341156414
6802,0.30524080560315886
6803,0.3040540481554392
6804,0.30930886261942697
6805,0.305183451394886
6806,0.3027387973562233
6807,0.3008521338113025
6808,0.2967528240862566
6809,0.30329989108253835
6810,0.3060080896708546
6811,0.3116400291813076
6812,0.3104847527375352
6813,0.3067522391445031
6814,0.3075882423364289
6815,0.31985274424410154
6816,0.3081466727004386
6817,0.3152152775286807
6818,0.3012485357933512
6819,0.30344166883376816
6820,0.30546312266755954
6821,0.3089656202912532
6822,0.3023746643494139
6823,0.3087088643654816
6824,0.30406053703877123
6825,0.30194564598437634
6826,0.3015747818027724
6827,0.3118916804875789
6828,0.31311994489418277
6829,0.30806336127186157
6830,0.31676899507345874
6831,0.30693093217797185
6832,0.3054429079841335
6833,0.3024729463463014
6834,0.3014607655377316
6835,0.3011621196288362
6836,0.3021997399423307
6837,0.3089901999347339
6838,0.30470223713123096
6839,0.3053155494318158
6840,0.2982456771430138
6841,0.2988560139766785
6842,0.30414731723943167
6843,0.2960822897965723
6844,0.29481380761187914
6845,0.30979961142574153
6846,0.29721398413359645
6847,0.2938180620295791
6848,0.3058590800753822
6849,0.30141941590822996
6850,0.30222996513698436
6851,0.3040612157194939
6852,0.31181075445223255
6853,0.3082474846434103
6854,0.30120906072461523
6855,0.3079718267378843
6856,0.3094361601996457
6857,0.30914062264039166
6858,0.2969691955441534
6859,0.3007977923586613
6860,0.2999351291844897
6861,0.3044843176053794
6862,0.2995737169012278
6863,0.2917904352906608
6864,0.29252162282707356
6865,0.3106991747004122
6866,0.29935428690879035
6867,0.2897217103576234
6868,0.30634523809864317
6869,0.30792959143524445
6870,0.3077800036230914
6871,0.31086900072274487
6872,0.3002918119193783
6873,0.30288395511713734
6874,0.29484519878953386
6875,0.3027747993127795
6876,0.30848632678815624
6877,0.29904262042048335
6878,0.3034017208459338
6879,0.30967642726767164
6880,0.29517399442851977
6881,0.3100583378430335
6882,0.3064421533488258
6883,0.3016469101002095
6884,0.3052686115727507
6885,0.2999462000394952
6886,0.3101969971131518
6887,0.2976479135794753
6888,0.29985631902822873
6889,0.30308079261238274
6890,0.30535954221952727
6891,0.303553216937658
6892,0.30153952425889746
6893,0.31112529038065156
6894,0.30025773595889765
6895,0.2978057331806299
6896,0.2976980136851259
6897,0.30057218146014725
6898,0.3026991114768664
6899,0.30075359720178696
6900,0.3006938151620354
6901,0.3081429742499079
6902,0.3039100937313871
6903,0.3003015833473358
6904,0.30263655104779086
6905,0.31480690940846534
6906,0.3019210240020328
6907,0.29994666024055205
6908,0.30082448244989785
6909,0.2942591698947245
6910,0.30207607101364553
6911,0.2971014583861659
6912,0.3120242778313819
6913,0.3045491485428261
6914,0.2888300645490128
6915,0.3053665101953346
6916,0.302442920393619
6917,0.2950631607836879
6918,0.29708518822075264
6919,0.30346888190816645
6920,0.31525178239360896
6921,0.30186071250986857
6922,0.288237465370251
6923,0.3023602955941503
6924,0.3019900987833456
6925,0.3022968239124915
6926,0.3080075485321174
6927,0.2999034714211208
6928,0.30678835508592306
6929,0.30362286437497404
6930,0.2952946929046981
6931,0.3035415945485746
6932,0.30141708241998355
6933,0.30766899001636244
6934,0.30013043692407937
6935,0.30022362714713874
6936,0.2959361533188721
6937,0.3082130039572517
6938,0.30212911741460186
6939,0.29248060156485944
6940,0.30738773898634
6941,0.29647249408663745
6942,0.29579698263844845
6943,0.2927882626313255
6944,0.30867225677582955
6945,0.30588760441895474
6946,0.30483942992140417
6947,0.3112210690085366
6948,0.30214363473085565
6949,0.2947807087420224
6950,0.2995689201539719
6951,0.30528996632192756
6952,0.29751992785410236
6953,0.2950216230111302
6954,0.29781062012632614
6955,0.3032281985243557
6956,0.30291769901011134
6957,0.29976344277151873
6958,0.3012996303999362
6959,0.3059891698211949
6960,0.2911345204571872
6961,0.2974243486835096
6962,0.31019806252104426
6963,0.2967792650125064
6964,0.29946277244091124
6965,0.3038353821030002
6966,0.3090827175280829
6967,0.3070550985424791
6968,0.29933602151968813
6969,0.30282502176135684
6970,0.29248542328219573
6971,0.30446085602418577
6972,0.30780112019589345
6973,0.30209698616852293
6974,0.30615287544734987
6975,0.3079262684562076
6976,0.3027936474069985
6977,0.3026725062076932
6978,0.2858170775585293
6979,0.3027701352377821
6980,0.3061230678693393
6981,0.30838042172498226
6982,0.3055116630905869
6983,0.2999244801341472
6984,0.2966816864173137
6985,0.2929673299233006
6986,0.3012163670892534
6987,0.28330609578937804
6988,0.28745010078365896
6989,0.29934497653419256
6990,0.2984374203324453
6991,0.3002219893420327
6992,0.2896425758098511
6993,0.29389215580964406
6994,0.30240059010367504
6995,0.3093716876374929
6996,0.299518221095011
6997,0.3029629630853631
6998,0.3000816507078401
6999,0.30551965945448806
7000,0.29090745516131533
7001,0.2966718496744641
7002,0.3044854346410683
7003,0.29392857001161626
7004,0.30312719599842175
7005,0.2956807240967172
7006,0.301579378114922
7007,0.3021037820212574
7008,0.30295102418489106
7009,0.29892247096768976
7010,0.3027158307189677
7011,0.30373996178970025
7012,0.2916951548185854
7013,0.3032027531958013
7014,0.2928185780301819
7015,0.3037103927772679
7016,0.3082973102071857
7017,0.29870864326694685
7018,0.2924306715789902
7019,0.29357109541946197
7020,0.3018936099851244
7021,0.30333232933519355
7022,0.3026267473648173
7023,0.2928439854982543
7024,0.2902974181486227
7025,0.30857292021371774
7026,0.303100262288824
7027,0.29932958999534603
7028,0.29228470161194814
7029,0.30216090575198484
7030,0.29756880906867317
7031,0.2996615506986694
7032,0.2966021537790515
7033,0.305052036022363
7034,0.3047097595548686
7035,0.2985842991374162
7036,0.29965311499396285
7037,0.2985846785861121
7038,0.2949719460237751
7039,0.3101952227607226
7040,0.3103158751220821
7041,0.3034398995749319
7042,0.29689167955826007
7043,0.2953900830106539
7044,0.2998784754379634
7045,0.3050132717037882
7046,0.2973082866558608
7047,0.29949286692854343
7048,0.29686811375596667
7049,0.30096460562887023
7050,0.30871423998439473
7051,0.2981137919639342
7052,0.3032463740130491
7053,0.2981936716474251
7054,0.30549435617914683
7055,0.3122302853134756
7056,0.3020921356527179
7057,0.30399351478717185
7058,0.29746251815809205
7059,0.2977092706795458
7060,0.29149680582743853
7061,0.2983728858989714
7062,0.3034288788530749
7063,0.29549529501920824
7064,0.29733826029617705
7065,0.2974231439270073
7066,0.2977801305115994
7067,0.29863816108557867
7068,0.30451479346513644
7069,0.30426605855252226
7070,0.2970110789469763
7071,0.2977954655205845
7072,0.3092066699839827
7073,0.30470705530845676
7074,0.30133712852659056
7075,0.3084173384724718
7076,0.3056051076384895
7077,0.30497126724393525
7078,0.2973028329480408
7079,0.3061618051790863
7080,0.3019010512882491
7081,0.29577472998730453
7082,0.3007344001385638
7083,0.2972160344032296
7084,0.29185679680970755
7085,0.2989264759235067
7086,0.2992786715507551
7087,0.30076379108682655
7088,0.3005982056768907
7089,0.29966036778999733
7090,0.30000659419650594
7091,0.30320589295402556
7092,0.29750073893548296
7093,0.2991018423086114
7094,0.30767770074421147
7095,0.30208551292895697
7096,0.2956660147802999
7097,0.3142752462957475
7098,0.3063977155125452
7099,0.3015469475911024
7100,0.3024113599304074
7101,0.3002339667273254
7102,0.3002606461495895
7103,0.296251632936936
7104,0.30726896624775674
7105,0.292017514069917
7106,0.3003094974929155
7107,0.30141164765183737
7108,0.2958742229289083
7109,0.3084083664775582
7110,0.30595428892388893
7111,0.3106010947668138
7112,0.30049046016846276
7113,0.2906558888985484
7114,0.2966976794706671
7115,0.29961893976072024
7116,0.29936008144527154
7117,0.2904838579710272
7118,0.3049245022910664
7119,0.29342445714532883
7120,0.3103377960815625
7121,0.30405771831402695
7122,0.2962003099701422
7123,0.2948904874475004
7124,0.29245028771976156
7125,0.3027737767380559
7126,0.30670105666925335
7127,0.2906328074066311
7128,0.30413316838685706
7129,0.29446684677084906
7130,0.30360243045333035
7131,0.2993603861671894
7132,0.2971292885030698
7133,0.3110253251815978
7134,0.30225736298547196
7135,0.3047353628509152
7136,0.30665599169513985
7137,0.3036205143227674
7138,0.29730948897178594
7139,0.2977450793658485
7140,0.2984643157952146
7141,0.2999095513882331
7142,0.3034877387246466
7143,0.2980150718870248
7144,0.3021454990420286
7145,0.30085659014876776
7146,0.30893190853471064
7147,0.3041063113797545
7148,0.31004602102784035
7149,0.30433916412802337
7150,0.30264803609865065
7151,0.2953278185082788
7152,0.301014670143393
7153,0.2915906163552121
7154,0.30614988694813067
7155,0.2934196921767764
7156,0.29928415831686805
7157,0.2980630041569193
7158,0.2922567010063738
7159,0.29346805423586586
7160,0.3030898973320168
7161,0.294741680158285
7162,0.2967391672490138
7163,0.29691318212317236
7164,0.2995553631629529
7165,0.3007101752440697
7166,0.2991341378852981
7167,0.29394328215397597
7168,0.2993756345290898
7169,0.294846265930475
7170,0.2957613854715578
7171,0.30174466309482784
7172,0.2897881430584436
7173,0.2987763863901819
7174,0.3011273337953345
7175,0.2966188163172541
7176,0.2976647365618351
7177,0.30300296689926665
7178,0.2958187929372341
7179,0.3052437605266914
7180,0.29486282653674467
7181,0.3017593534169128
7182,0.29855097700549965
7183,0.3031530753579249
7184,0.2904486935102734
7185,0.2986068149287227
7186,0.29743463687245647
7187,0.30434312474851566
7188,0.2912498987095083
7189,0.3011285313172405
7190,0.29647688922945925
7191,0.2927542256955289
7192,0.2973471076798534
7193,0.3006463316821399
7194,0.3009450180265163
7195,0.3045391262301878
7196,0.2970176898640065
7197,0.3059632453412565
7198,0.29332064027538945
7199,0.3059593369249855
7200,0.3074549430993085
7201,0.29984761868978144
7202,0.2954938948990043
7203,0.301264794739403
7204,0.2985956408546831
7205,0.31016152115333934
7206,0.30307552829232604
7207,0.3012254872223012
7208,0.29945662447421734
7209,0.29599614538175323
7210,0.3006387485723202
7211,0.2954360374240493
7212,0.2943680970614824
7213,0.2967922395795057
7214,0.29399728383586105
7215,0.2958928834910952
7216,0.2962018816452282
7217,0.2926818618748249
7218,0.3029186755464173
7219,0.29989368106791814
7220,0.3076313198423183
7221,0.29192508838229814
7222,0.3020890127828746
7223,0.2912389372963028
7224,0.2959755542580524
7225,0.294882075039328
7226,0.30005259512641524
7227,0.2984385950503789
7228,0.2993795426806919
7229,0.2953758117695426
7230,0.2971925505064384
7231,0.3028821396327897
7232,0.29715017350956335
7233,0.2976068373253551
7234,0.2979597314178211
7235,0.30522541758668836
7236,0.2853472453419624
7237,0.29636511789180875
7238,0.2919436199199456
7239,0.29667354668188534
7240,0.3017743128805025
7241,0.29874299589313885
7242,0.28913716260055355
7243,0.304097053563595
7244,0.30742613207838
7245,0.29008002975702313
7246,0.28571549254898687
7247,0.2943384031627867
7248,0.2937099563496276
7249,0.2815814960022
7250,0.30106472254993344
7251,0.29192900355349904
7252,0.2961014243551445
7253,0.29630624058822636
7254,0.2901039388167095
7255,0.29552561782677594
7256,0.29636702432187967
7257,0.30466642692617046
7258,0.2981071763054136
7259,0.3040838588614481
7260,0.29970067522152566
7261,0.29082163486040785
7262,0.28837511719352354
7263,0.29855880517034683
7264,0.30883787933437457
7265,0.2975847725544007
7266,0.3106893388367261
7267,0.292859257851736
7268,0.30180295875821017
7269,0.2943644881973687
7270,0.29007963548357263
7271,0.3060231911009855
7272,0.30728789815132423
7273,0.2910000174306312
7274,0.2974877914737235
7275,0.2957510871591178
7276,0.29706403729144637
7277,0.2969743069166523
7278,0.30247472768502226
7279,0.29258145630293714
7280,0.2930533827993876
7281,0.2968805303041951
7282,0.29522616682526437
7283,0.3000174904429417
7284,0.3032362943799384
7285,0.30153234017414
7286,0.29805007145139467
7287,0.30168754925602026
7288,0.3021465737198696
7289,0.3038295216380706
7290,0.3041467705622481
7291,0.29955940760875616
7292,0.3019645459225383
7293,0.29510762097328846
7294,0.28922868152761916
7295,0.30082009742753396
7296,0.29289445111399004
7297,0.30620443646617873
7298,0.2908635153126363
7299,0.291763338436016
7300,0.29720868953038826
7301,0.2964932236564434
7302,0.30561986684269254
7303,0.3041219347451161
7304,0.2847010304901135
7305,0.29770944965513024
7306,0.28986430257628004
7307,0.2937137295101401
7308,0.29481954148941736
7309,0.29558758437735344
7310,0.2916678562215691
7311,0.297726324011478
7312,0.30096793774914227
7313,0.2956671262983593
7314,0.3006746429754378
7315,0.29040460712497496
7316,0.29774654730454536
7317,0.3009333984040933
7318,0.30667774533762554
7319,0.30618846379346304
7320,0.29636854739312435
7321,0.3052917635120783
7322,0.29764363264075067
7323,0.2938191073591601
7324,0.30425476374611415
7325,0.297990120017614
7326,0.297577256970282
7327,0.29794452963295665
7328,0.2885232217226184
7329,0.2898547143976135
7330,0.2950312583775575
7331,0.2989789817339779
7332,0.3009090466272909
7333,0.2944509422461903
7334,0.29147184104576607
7335,0.29103831569694344
7336,0.2966262510853848
7337,0.2942163707188126
7338,0.2898868695377856
7339,0.3012187699867556
7340,0.2998331477030026
7341,0.30024445277237255
7342,0.28284815467598773
7343,0.3011066756342221
7344,0.28748787092252254
7345,0.2974034056144945
7346,0.30642462103135193
7347,0.29465848269107314
7348,0.2972476985807613
7349,0.2926900540846397
7350,0.285005622719767
7351,0.28790295884861583
7352,0.2933885741236611
7353,0.2965611501436928
7354,0.28710869545672635
7355,0.2978644844101735
7356,0.29145304454208926
7357,0.298288140504225
7358,0.2881186708040865
7359,0.2943797800577931
7360,0.29331219930013636
7361,0.2859551413488487
7362,0.2972615945070852
7363,0.30407472053413304
7364,0.296515644824234
7365,0.2962032920810819
7366,0.29070298494559227
7367,0.29510839072194156
7368,0.2957934543960673
7369,0.2872224053868336
7370,0.2983283728198051
7371,0.295229758215882
7372,0.2913870266335856
7373,0.28802737441265447
7374,0.291647611146518
7375,0.29147074915025256
7376,0.29382691619337786
7377,0.2894227353355543
7378,0.28745441723402376
7379,0.2892089998089579
7380,0.294943280660952
7381,0.2913271737574121
7382,0.2895664608538114
7383,0.29998034035415033
7384,0.29517604219253685
7385,0.29545586120296
7386,0.300734465271018
7387,0.30150870913400313
7388,0.30396029604600755
7389,0.2937444801312766
7390,0.29621676607089503
7391,0.2954669694108807
7392,0.30315434583868944
7393,0.2865096283397072
7394,0.2919194269462869
7395,0.2875485505857769
7396,0.2963794147686991
7397,0.2916623339624546
7398,0.29424188587579136
7399,0.2895666113111999
7400,0.2824985173575107
7401,0.2978463650844342
7402,0.2886880954777423
7403,0.2951822036428161
7404,0.28205512694194673
7405,0.29814998033847223
7406,0.2860646748822804
7407,0.2860163405507693
7408,0.2945043955871172
7409,0.28931130738668825
7410,0.2909175083506565
7411,0.2870597063957461
7412,0.27697622134023786
7413,0.28405974732643846
7414,0.29640900911901114
7415,0.2852664635379085
7416,0.2875841469407374
7417,0.29573029649415555
7418,0.29226578323059055
7419,0.291022199240625
7420,0.28801164247842415
7421,0.2924061430281523
7422,0.2950963471443972
7423,0.3003217868468275
7424,0.2896807656416156
7425,0.28878499667345264
7426,0.28105054335587343
7427,0.28764295174934595
7428,0.29252744077210174
7429,0.2940276402664839
7430,0.28382456535176986
7431,0.3033418586097055
7432,0.29832130853578404
7433,0.28329272308981523
7434,0.28977309983429306
7435,0.29839230521470694
7436,0.2922767980612781
7437,0.29333833896870304
7438,0.28492644993611105
7439,0.28982555034050267
7440,0.2885427212741896
7441,0.3020102722531542
7442,0.2871956064089543
7443,0.29732229833117735
7444,0.29528607346121455
7445,0.29126289400153993
7446,0.2949306734791886
7447,0.2961755418624524
7448,0.29749472000686666
7449,0.2895073951017495
7450,0.2997051749127242
7451,0.2781142416586347
7452,0.29129958747356755
7453,0.29810129063221663
7454,0.2918383996045801
7455,0.29793756215901845
7456,0.2990034813378878
7457,0.2923300500572213
7458,0.2870271169731204
7459,0.29518071640647897
7460,0.29116927778822893
7461,0.2888010299708681
7462,0.2975161815431194
7463,0.2865972261874121
7464,0.2931900289205721
7465,0.28753214324317744
7466,0.30033326851544156
7467,0.2878705965610901
7468,0.29585658118556013
7469,0.3004633753451036
7470,0.29213099714913393
7471,0.29181423988543026
7472,0.29542968420444377
7473,0.30164053671540453
7474,0.2962216888576568
7475,0.29208514938373803
7476,0.2835152901469535
7477,0.2846188370742832
7478,0.29585369824536073
7479,0.28020865370055087
7480,0.28723767700765623
7481,0.29601353240609385
7482,0.2914834907814853
7483,0.292095289936127
7484,0.30595074708952286
7485,0.30303435708901083
7486,0.30036866588727423
7487,0.2947475221983331
7488,0.29055063229992156
7489,0.29197420061667745
7490,0.2993210562015971
7491,0.2926260796552963
7492,0.2893496895589251
7493,0.2948309518442213
7494,0.29366483981831826
7495,0.2903676307000295
7496,0.2884647059099813
7497,0.2940774666748271
7498,0.2948367991737285
7499,0.30180279442161734
7500,0.2896693786074979
7501,0.2947510064988146
7502,0.2889120704650669
7503,0.29307974755892213
7504,0.29318221016471335
7505,0.29230273334537615
7506,0.2935913807935601
7507,0.2892008572242947
7508,0.28407891718222233
7509,0.2865444236600619
7510,0.2938187628295899
7511,0.29670328617434516
7512,0.2870543834302516
7513,0.29531443721399847
7514,0.28739194589312494
7515,0.2896890025605345
7516,0.28931870888305794
7517,0.2923531246001527
7518,0.3000228290744362
7519,0.2924717529700541
7520,0.2835239534659934
7521,0.29019683327098583
7522,0.2838866537897049
7523,0.29100118987697504
7524,0.28817428207143775
7525,0.28613169259975657
7526,0.2919215807063897
7527,0.2935983473749491
7528,0.27698609649027767
7529,0.291310868094515
7530,0.2965119568171217
7531,0.28883237944212725
7532,0.29052288632190704
7533,0.2944352647161833
7534,0.292535363054459
7535,0.29221394109722115
7536,0.30003103033720496
7537,0.29160790593935293
7538,0.28854893921087615
7539,0.2931575485235173
7540,0.28856979210199496
7541,0.29407260122658696
7542,0.2923229311780697
7543,0.29187475153235737
7544,0.28570894699512694
7545,0.29880830857415147
7546,0.2976579571709624
7547,0.2957310232957296
7548,0.2884450642003952
7549,0.28481605384744363
7550,0.28965976730378445
7551,0.3014281397013946
7552,0.29228017860201955
7553,0.2947486230746489
7554,0.28949416874705886
7555,0.30196113056238916
7556,0.28706118579905887
7557,0.2945373912809881
7558,0.2966459923488467
7559,0.2914045507328186
7560,0.2965366555943362
7561,0.2996693597714355
7562,0.292212400374483
7563,0.2941441912874462
7564,0.2933300231383055
7565,0.28706307304442336
7566,0.29178369527870784
7567,0.2913537252731791
7568,0.29962910318522384
7569,0.29369472163895827
7570,0.29193064582747935
7571,0.29424365806970365
7572,0.296339133238253
7573,0.2924373635664539
7574,0.2852873656245914
7575,0.2953796693051608
7576,0.292261214606058
7577,0.2978604320995597
7578,0.2885804818169478
7579,0.29055603293159266
7580,0.2928422271625592
7581,0.2915270467878718
7582,0.28218513667353917
7583,0.2909576964724675
7584,0.29679791842407716
7585,0.2874933602575681
7586,0.3011581771986612
7587,0.2923594816448703
7588,0.2934790481600515
7589,0.28747951612682077
7590,0.28729838726594215
7591,0.28872896278529675
7592,0.2959662800896493
7593,0.2972880722013954
7594,0.2905834731858594
7595,0.29658257613768185
7596,0.28939360731573005
7597,0.28492475243456133
7598,0.27406472342834015
7599,0.28657597842967353
7600,0.29918142374601114
7601,0.29331533109843494
7602,0.28431023207462874
7603,0.2782858882685743
7604,0.2842738802152936
7605,0.30017517263566623
7606,0.2888141423150944
7607,0.2839404720753843
7608,0.2898536671382065
7609,0.2939646875976652
7610,0.28296125233920777
7611,0.286028351300468
7612,0.2869638290277194
7613,0.29103350803676065
7614,0.29622594827287996
7615,0.29697861669766856
7616,0.291636168236332
7617,0.2802624349408553
7618,0.29032773889014696
7619,0.2907279591823367
7620,0.2842986151064845
7621,0.2817128899554382
7622,0.28637991345229113
7623,0.28860949958423315
7624,0.29210776933607735
7625,0.27985844621150874
7626,0.2882514290682543
7627,0.29483062650231984
7628,0.2866917743906075
7629,0.2953252276696146
7630,0.30100727452488396
7631,0.29356362746439923
7632,0.2886252354581107
7633,0.2868823753616535
7634,0.28367788537639393
7635,0.2957922157449195
7636,0.29644490971690163
7637,0.28179896456985526
7638,0.28850292295598406
7639,0.2863816074124931
7640,0.29381991988416767
7641,0.30206477310220503
7642,0.29425137168340626
7643,0.29275995846686553
7644,0.29591421321797035
7645,0.29511933094557746
7646,0.29291640288670234
7647,0.28411742721528166
7648,0.2836635702611074
7649,0.2866589369580312
7650,0.2936278105532164
7651,0.29123936533957656
7652,0.2930743946059704
7653,0.29603110729801413
7654,0.2892469174968405
7655,0.28793665214673986
7656,0.2892236995336612
7657,0.2939353472602759
7658,0.30177167654521586
7659,0.27991135464751327
7660,0.29396319447336305
7661,0.2931294354200946
7662,0.2889253408388726
7663,0.29066099050216676
7664,0.29297565469246206
7665,0.29695579648038173
7666,0.28843451304465195
7667,0.2916821356467765
7668,0.2899762782801796
7669,0.29607447099982176
7670,0.2840420127120841
7671,0.2881204573288711
7672,0.29088137459354174
7673,0.2891528062020612
7674,0.2916719493951366
7675,0.2898623796590953
7676,0.28886899028155666
7677,0.2923096217304206
7678,0.29510785576233917
7679,0.2909695868453488
7680,0.28657714671021534
7681,0.29955879132862145
7682,0.28460732275893075
7683,0.29707220982633714
7684,0.287913981071506
7685,0.295781924060403
7686,0.2969772469584094
7687,0.28612498595942887
7688,0.29116385808941525
7689,0.2900096271823609
7690,0.2804267497722904
7691,0.2817285232320587
7692,0.27629743343336155
7693,0.28105114796500585
7694,0.2809454193190553
7695,0.2865181915476423
7696,0.2880592384452155
7697,0.28746801685657347
7698,0.29326642634615835
7699,0.2811308100589692
7700,0.2850039892999861
7701,0.28901791076592565
7702,0.28661740980356826
7703,0.28724576435807053
7704,0.29063561650269626
7705,0.27871861088388233
7706,0.2955838399055624
7707,0.28598269045243513
7708,0.2874509251772619
7709,0.290545503233762
7710,0.30134465870162136
7711,0.28745254702822304
7712,0.2926992566149041
7713,0.2864750119419144
7714,0.28088838593898563
7715,0.2913504167176192
7716,0.2887915623160359
7717,0.28414608911731687
7718,0.2796673094440719
7719,0.28798290810034566
7720,0.29013110613170584
7721,0.2891769380590334
7722,0.2824811011999324
7723,0.2789640382268097
7724,0.2862635420615757
7725,0.2977583813778021
7726,0.29531260269656556
7727,0.2824776175789853
7728,0.28511313426309554
7729,0.28081693957596443
7730,0.2915302445935584
7731,0.27939996160191355
7732,0.28240376519181054
7733,0.28932315083001564
7734,0.2837370675021666
7735,0.28486091218958903
7736,0.2793352010111298
7737,0.2921718698456555
7738,0.2786235527578385
7739,0.29185151273810905
7740,0.28402731588347013
7741,0.2902817926465345
7742,0.2866866455608968
7743,0.29217385326248807
7744,0.2802671312334329
7745,0.28706818399875556
7746,0.285163619034034
7747,0.2849296332845694
7748,0.2905018292419259
7749,0.2897673537949541
7750,0.300530639720629
7751,0.2779722136587423
7752,0.2950369193782901
7753,0.2829400583019352
7754,0.2907807387458184
7755,0.28994846777006106
7756,0.2831356522199189
7757,0.2879925274862866
7758,0.2859596313066083
7759,0.290860601610222
7760,0.2808721275025843
7761,0.28373906134137433
7762,0.2913939921119868
7763,0.2879228629981338
7764,0.28956927791951514
7765,0.28741056341570687
7766,0.28781751543858725
7767,0.2887512143673153
7768,0.2772971514320727
7769,0.2915172703245771
7770,0.2903889839870525
7771,0.2845547871901498
7772,0.28753926738929175
7773,0.27947645003744676
7774,0.27909196697430705
7775,0.2840194994255929
7776,0.2958484223766315
7777,0.28816803861201107
7778,0.2902044086175168
7779,0.27947678707667434
7780,0.2851981014613344
7781,0.2914928346331936
7782,0.2891419224213894
7783,0.27737448624939753
7784,0.29569504016579873
7785,0.2925730405244522
7786,0.2901860064331005
7787,0.29653406211338756
7788,0.28550202040230194
7789,0.27760592637907483
7790,0.283417155330173
7791,0.2863053043123732
7792,0.28696276533103043
7793,0.2782248153178694
7794,0.27409471705571126
7795,0.2890975820561476
7796,0.2862485842809516
7797,0.28772312228103936
7798,0.28459303666330027
7799,0.2851096648829825
7800,0.28333986980719766
7801,0.29096882596898116
7802,0.29036558750119845
7803,0.28181401057943123
7804,0.2885135685127841
7805,0.28290194268942737
7806,0.29108995735606363
7807,0.28207605168268274
7808,0.28771110193564575
7809,0.294351650783964
7810,0.28101789927776544
7811,0.2802265765519655
7812,0.2900402627042607
7813,0.28313237745993824
7814,0.27887086141807355
7815,0.2888687947173459
7816,0.2856247001170851
7817,0.290016410749865
7818,0.2783118617605206
7819,0.2805550508305254
7820,0.28640520469444064
7821,0.2912005726324385
7822,0.28083407363780877
7823,0.28536345836780763
7824,0.28306861947846546
7825,0.29353049016225025
7826,0.29661117516389796
7827,0.2904000282370912
7828,0.28381348785437815
7829,0.2915372102762043
7830,0.2816902921991529
7831,0.2853808692237061
7832,0.2877805795445385
7833,0.28213014397767955
7834,0.28010881478080735
7835,0.2866467251536144
7836,0.2799050431728984
7837,0.2848032926648525
7838,0.2829910243533934
7839,0.2775007273833723
7840,0.2866224373583236
7841,0.2864977573396131
7842,0.2850038580679809
7843,0.2857341385439201
7844,0.2856954627591352
7845,0.27078855108864547
7846,0.2889469449670748
7847,0.28189372154340764
7848,0.28716895936834935
7849,0.28635079023663634
7850,0.2760290228602076
7851,0.28362452032760493
7852,0.27484711519338195
7853,0.2835771898795869
7854,0.28807932392827756
7855,0.28065346922847534
7856,0.28823665019886047
7857,0.2804452237729074
7858,0.27954030041585326
7859,0.2814108973485456
7860,0.27384562995687806
7861,0.28022821796179903
7862,0.27573799493064344
7863,0.28188861290430156
7864,0.28112236564579146
7865,0.2867529021923015
7866,0.27582303278839293
7867,0.27937989690786025
7868,0.28104429805142944
7869,0.2854073887582072
7870,0.2694347998208848
7871,0.2825632894953932
7872,0.2762527394693956
7873,0.28452723847127326
7874,0.2779774326919295
7875,0.2868331194287221
7876,0.286821695013866
7877,0.2866587496812816
7878,0.28353919075621653
7879,0.2888717854257991
7880,0.27912996337655666
7881,0.2728838099294522
7882,0.27759934447008155
7883,0.27588724804539494
7884,0.2857451230061122
7885,0.2828953292718263
7886,0.2820432518727324
7887,0.27643823133796425
7888,0.27872329711109883
7889,0.2746884695747167
7890,0.281227090449348
7891,0.2884254082306661
7892,0.2797370250180582
7893,0.2853523447125809
7894,0.2798162102437577
7895,0.2762846631540239
7896,0.27302477630914906
7897,0.2697378981330545
7898,0.2888117732132413
7899,0.28748242375206706
7900,0.2795105248141727
7901,0.28485776518122446
7902,0.28925616216377814
7903,0.28341758977760123
7904,0.269642601967077
7905,0.27497384434342204
7906,0.27835219875823375
7907,0.273081035517924
7908,0.29512944731578444
7909,0.28776699207432493
7910,0.2757396592178476
7911,0.28460151739549655
7912,0.2866756844413965
7913,0.2848234279228329
7914,0.2767584257938135
7915,0.2811202023346083
7916,0.28087862435921634
7917,0.2927678210827442
7918,0.29253321672905047
7919,0.2832069908333004
7920,0.2675138539920696
7921,0.2825852738627418
7922,0.27731705697996045
7923,0.27683397583507074
7924,0.2817414899204406
7925,0.28715487138324486
7926,0.28441640205783825
7927,0.28528161859981027
7928,0.2814789055203885
7929,0.2841993229667542
7930,0.28754121140570604
7931,0.2769292402146176
7932,0.2841810410545692
7933,0.2723489539125315
7934,0.27764932674301596
7935,0.27989536993059566
7936,0.29215804842509174
7937,0.27760579504783106
7938,0.2862457170454629
7939,0.2805486327108052
7940,0.30117244170530216
7941,0.28508308432262286
7942,0.28103627497469774
7943,0.2809295246599994
7944,0.2841923136252763
7945,0.2863627389980087
7946,0.28017292378463465
7947,0.28485694652026533
7948,0.2795363690261678
7949,0.2831151833989318
7950,0.28965427979296493
7951,0.2667411882605657
7952,0.2706276639669531
7953,0.28536836252795966
7954,0.27845003911436955
7955,0.27864878913077323
7956,0.2800745713423804
7957,0.2809622831410424
7958,0.2817461419961053
7959,0.27990213133853326
7960,0.2878818769738556
7961,0.28217592465766295
7962,0.28046863785664633
7963,0.27927943919584763
7964,0.2793817832294837
7965,0.2814884879663848
7966,0.27498633354194063
7967,0.2765780743594087
7968,0.28228657464997586
7969,0.2758639280538236
7970,0.27598378235607823
7971,0.280543279436389
7972,0.2772048727366239
7973,0.2763288046194447
7974,0.27463169002924664
7975,0.28379091572805953
7976,0.2825380149017779
7977,0.2711717707995041
7978,0.2726860549593241
7979,0.2778358383404478
7980,0.2775832226917656
7981,0.2856415020111163
7982,0.28851236797787144
7983,0.2828270658543552
7984,0.2799189468927798
7985,0.27884742874752433
7986,0.27752464957751605
7987,0.2800269664112094
7988,0.28278171008631675
7989,0.27771798683212795
7990,0.2833635584712529
7991,0.28172217876832195
7992,0.27661522940169275
7993,0.28347327080827156
7994,0.270898792208986
7995,0.2720222689989954
7996,0.2764994701756121
7997,0.2867978560377058
7998,0.2784928580905168
7999,0.2739912352450193
8000,0.28015821433232835
8001,0.276876328479545
8002,0.2676412853553982
8003,0.2859537700817827
8004,0.2735027782497071
8005,0.2842726059393336
8006,0.285572733495916
8007,0.27756298602936863
8008,0.2769952041030903
8009,0.28363079089419035
8010,0.27869555327715695
8011,0.28239208554998635
8012,0.2778852478889169
8013,0.2765959324964093
8014,0.2770753966029266
8015,0.2730221508196127
8016,0.2736207156831903
8017,0.27713122998687206
8018,0.28312832850909286
8019,0.28346047410827674
8020,0.2833058939864194
8021,0.2835988751327922
8022,0.28588220668675335
8023,0.2740112891499259
8024,0.281731059986385
8025,0.27755377132986137
8026,0.2837210953910541
8027,0.27813910845178985
8028,0.28057288527655005
8029,0.2894862338876772
8030,0.2810908245286763
8031,0.2699138566499053
8032,0.2741440361026846
8033,0.28479630782013754
8034,0.27890387091434277
8035,0.2745700298029542
8036,0.27920541117110664
8037,0.2836242220260911
8038,0.2812757086511737
8039,0.27513559822405925
8040,0.2796421149468512
8041,0.2699888735948497
8042,0.28236218670964236
8043,0.2829779108284607
8044,0.2856152119874546
8045,0.2808274068513742
8046,0.27023020299907397
8047,0.2818230726702751
8048,0.28338914252967956
8049,0.28972581899354616
8050,0.2747785146660333
8051,0.2729924293870299
8052,0.2818794247546986
8053,0.27918149471221443
8054,0.2705613436192864
8055,0.27690840262366345
8056,0.2817402371144141
8057,0.28423280476437535
8058,0.27046893553356577
8059,0.2909761345105231
8060,0.27906092509636304
8061,0.28180736603106177
8062,0.2768286841058398
8063,0.277615041146581
8064,0.2740651002947376
8065,0.2709573257073398
8066,0.27461247065598166
8067,0.2719254928722007
8068,0.2764458057743317
8069,0.28144046735408107
8070,0.28348455920747795
8071,0.27288481699417944
8072,0.2748284644079062
8073,0.2719498147993278
8074,0.2819636766700887
8075,0.26646664338165843
8076,0.27981695638944326
8077,0.27324838721312616
8078,0.27073467163872234
8079,0.27249495651262423
8080,0.2732021811586311
8081,0.26427963180342645
8082,0.27378554569482194
8083,0.272738618264243
8084,0.2755454773490023
8085,0.2782090456770411
8086,0.2764629252918184
8087,0.27048682554163894
8088,0.2736636587125782
8089,0.27620520656622816
8090,0.2742167575945947
8091,0.27320601648069426
8092,0.2760883700898002
8093,0.2756651556255147
8094,0.2784454842326226
8095,0.2793467199855321
8096,0.27595512324625715
8097,0.2746368972098624
8098,0.27342986180837114
8099,0.2691378543380051
8100,0.27303501847371064
8101,0.2725198599721134
8102,0.2726467761610338
8103,0.27964563844526014
8104,0.28349593377261517
8105,0.2727827118497894
8106,0.2729481595904067
8107,0.2706582244246567
8108,0.2719026163893405
8109,0.27299517216581254
8110,0.2799422986313816
8111,0.27404895159114256
8112,0.27983609440077223
8113,0.2782921224176588
8114,0.28433945675486183
8115,0.275824971928316
8116,0.277655776158081
8117,0.2763697824472693
8118,0.282446298154571
8119,0.2709158617176922
8120,0.27399848693908263
8121,0.27750116818141796
8122,0.2795966146566075
8123,0.26931304544082424
8124,0.27696578967263435
8125,0.2689708188623203
8126,0.2726395260909242
8127,0.2829493233702097
8128,0.2691672023852874
8129,0.2746522462471457
8130,0.27828155603991866
8131,0.2715845433622252
8132,0.2810602648309529
8133,0.2728243213125805
8134,0.2688576234490943
8135,0.273721436804224
8136,0.27821060605308845
8137,0.27497060550145536
8138,0.27865354204390336
8139,0.2702307885650557
8140,0.28108632042642473
8141,0.27998931844072183
8142,0.27857176588107796
8143,0.27424925054142485
8144,0.2722520206927049
8145,0.28305549043106404
8146,0.2665064907851185
8147,0.27607612338976645
8148,0.28070103459022117
8149,0.2748665997571421
8150,0.2770358503999506
8151,0.28308412732540006
8152,0.27651682568308683
8153,0.27165874161703635
8154,0.27000031923429624
8155,0.2725800756224703
8156,0.27605080297877954
8157,0.27980687169175184
8158,0.28058396865511515
8159,0.2723550137829276
8160,0.2693973488227482
8161,0.2763950492925434
8162,0.2824235270707412
8163,0.2801406546795018
8164,0.27967200158510647
8165,0.2784119741113898
8166,0.2819238358521951
8167,0.27111407530892284
8168,0.27253202076854643
8169,0.28096933093820275
8170,0.2678582264542324
8171,0.2751871790082916
8172,0.27648823679990686
8173,0.2749561246487771
8174,0.2720866353879063
8175,0.26754559380009496
8176,0.274044419438562
8177,0.27326009379907484
8178,0.2764614183063321
8179,0.2642407211323954
8180,0.2663270855450487
8181,0.2708209565479295
8182,0.2808757875713947
8183,0.2752405333879504
8184,0.2743373910848984
8185,0.2788869397185792
8186,0.2779334518382672
8187,0.2765102778643985
8188,0.29058515401718327
8189,0.2758273225583796
8190,0.26701112961421253
8191,0.27525319667313014
8192,0.26537169334150773
8193,0.2771278796548764
8194,0.27481787826859694
8195,0.2790507454902465
8196,0.27283759782432515
8197,0.28158956781007327
8198,0.27061405996403126
8199,0.271440973074492
8200,0.2769086525256284
8201,0.273517729874281
8202,0.27238773111745235
8203,0.26583150840553826
8204,0.276586088360806
8205,0.27291219767168096
8206,0.27933634134558594
8207,0.2687235340183662
8208,0.2772413313462589
8209,0.2759844549964623
8210,0.2818643214995564
8211,0.26877785096225715
8212,0.2744659951124969
8213,0.2735096341369426
8214,0.2882680273024459
8215,0.27203863908025827
8216,0.28585389130855643
8217,0.27970018701721694
8218,0.27752130637748834
8219,0.2836105709309335
8220,0.2752738510040409
8221,0.27387582405494376
8222,0.27609934611192605
8223,0.2776494039532978
8224,0.2702239527752644
8225,0.2748067411959002
8226,0.28085766522990907
8227,0.28037971160245717
8228,0.2687157139917609
8229,0.2772860713813027
8230,0.2793172290846742
8231,0.2782348496040738
8232,0.27864716780988025
8233,0.2730842156360966
8234,0.27035564470618256
8235,0.26771071528633095
8236,0.2719743557858183
8237,0.26861124747248694
8238,0.27639727987299983
8239,0.28861526326555165
8240,0.2682389883045539
8241,0.2745352743697067
8242,0.2779957396762571
8243,0.26996970719106156
8244,0.2622361868669456
8245,0.27150067218604645
8246,0.26878576165495643
8247,0.2687719504196934
8248,0.2841768335047754
8249,0.26965758615311614
8250,0.2758934340899876
8251,0.2639555895268049
8252,0.2743691940115445
8253,0.275826144945426
8254,0.2791019006070667
8255,0.271643068572484
8256,0.2791363671713547
8257,0.2750658440036287
8258,0.2686905796306424
8259,0.2760928143747951
8260,0.2774128092145273
8261,0.27434612834057365
8262,0.27197686979394875
8263,0.2741462748306222
8264,0.2776899581337908
8265,0.2725460978198008
8266,0.28607094997829036
8267,0.26818140338560886
8268,0.2669233833939697
8269,0.27850915928166603
8270,0.27436913872745106
8271,0.27884452261455406
8272,0.2787914427694236
8273,0.27570475971861497
8274,0.27152564658433803
8275,0.2756280855771162
8276,0.2734264053719877
8277,0.27622170325340256
8278,0.26949289222803197
8279,0.2756161414461913
8280,0.2799489958807481
8281,0.283941012102384
8282,0.2668872545940892
8283,0.27467634534890495
8284,0.2734013166253407
8285,0.27271621974753174
8286,0.262846432847569
8287,0.27428155841529306
8288,0.26777325311162875
8289,0.2755894197011574
8290,0.2699052874140588
8291,0.274707559354374
8292,0.2696747486363302
8293,0.2729200367599437
8294,0.2679928373474603
8295,0.2625985937634297
8296,0.27413756622835095
8297,0.2670971421437398
8298,0.26697145417141616
8299,0.2808058484506883
8300,0.27396668672096414
8301,0.2700619679921208
8302,0.2708031349294911
8303,0.26894938725818185
8304,0.2657179988795874
8305,0.27298642679006185
8306,0.266102753705278
8307,0.2609244555544991
8308,0.27429797524844274
8309,0.265520073657075
8310,0.27417347333382336
8311,0.2728817512272444
8312,0.2692341320467874
8313,0.2835360279212572
8314,0.28327512583243136
8315,0.2634318236501657
8316,0.27022191395499945
8317,0.27973169702544987
8318,0.2727822050441852
8319,0.2698716677321582
8320,0.268880622925626
8321,0.27337420912751004
8322,0.2752927067760654
8323,0.2672410498690894
8324,0.26620948881504175
8325,0.2704709614194031
8326,0.27776956627386307
8327,0.2794389855719154
8328,0.27810759404738955
8329,0.2715220028753228
8330,0.2733755584336829
8331,0.2736984835968593
8332,0.279078153359731
8333,0.26537073673629435
8334,0.26763741237444744
8335,0.26899015529168735
8336,0.27500644288695664
8337,0.26793546571295995
8338,0.26783029442726125
8339,0.2675222191081133
8340,0.28365495675320124
8341,0.26815910597418796
8342,0.2776598218860666
8343,0.2768035299907094
8344,0.2769112329997493
8345,0.27789003108984084
8346,0.2802448123014729
8347,0.27646265780934876
8348,0.27025277376611956
8349,0.2752040058678948
8350,0.2695349312845736
8351,0.2708141149575345
8352,0.28038772176641635
8353,0.27461755233838503
8354,0.26592389986169174
8355,0.27554898405488987
8356,0.27288119765634433
8357,0.26910132683477705
8358,0.26866234685333235
8359,0.2694965500944719
8360,0.26564219843445713
8361,0.2700013083625
8362,0.2790738166583896
8363,0.28282631914357736
8364,0.2785449301717133
8365,0.27920855724170374
8366,0.2726701931287797
8367,0.26922211322746425
8368,0.27796246968832067
8369,0.2702070671419509
8370,0.27536846894240946
8371,0.27780960022481
8372,0.276884119450495
8373,0.2726200263008349
8374,0.27713527289651546
8375,0.2708118474788208
8376,0.269612676167838
8377,0.27242428243889993
8378,0.26870671313227257
8379,0.2733432096867472
8380,0.2605778798217075
8381,0.2693622789444403
8382,0.26640985440887305
8383,0.2785559852383004
8384,0.2725672129458714
8385,0.2777730776185048
8386,0.2629282506018546
8387,0.2660277803007736
8388,0.2711119819568457
8389,0.26596470227161356
8390,0.2676101009613057
8391,0.27288948926617346
8392,0.2680195501073376
8393,0.2661111872626459
8394,0.271131320761543
8395,0.28076270079760435
8396,0.2713761682084742
8397,0.270418038542707
8398,0.27188731832541846
8399,0.27484647768085535
8400,0.28146059791875927
8401,0.2738498422908539
8402,0.27370549943941763
8403,0.27984958863228243
8404,0.2804053085458631
8405,0.2724374182582594
8406,0.2689299778983299
8407,0.27018046847138355
8408,0.27133758578231165
8409,0.2784878766943356
8410,0.2716405681161589
8411,0.2625098214896137
8412,0.27655654751348563
8413,0.2656502486641908
8414,0.26601019450221147
8415,0.2625478026056055
8416,0.2711042677173414
8417,0.2768449835240385
8418,0.27413137927005027
8419,0.26493598342837205
8420,0.26628572813958395
8421,0.27644759961380516
8422,0.26921568198453116
8423,0.27418367719212383
8424,0.26930487988419366
8425,0.27396261206368977
8426,0.2762398001841045
8427,0.27408138371844054
8428,0.2714477790400959
8429,0.2676954106522359
8430,0.2712704402224526
8431,0.2698217887528825
8432,0.2681716137034895
8433,0.28256768984935243
8434,0.27340656696687654
8435,0.2731163781743982
8436,0.2747142783681024
8437,0.2780759460038604
8438,0.2747866236626519
8439,0.2710737112778659
8440,0.2766690024025949
8441,0.27838026687893974
8442,0.28116513055472514
8443,0.2650055858772823
8444,0.2679915053024788
8445,0.26790743220653573
8446,0.2672375216272375
8447,0.2675721224205865
8448,0.27154360087122054
8449,0.2667467492106473
8450,0.27304993585612763
8451,0.2632125034035877
8452,0.26182926186012506
8453,0.2636044746708332
8454,0.2604818937720191
8455,0.26843468512488133
8456,0.26568189269132175
8457,0.25997380449158236
8458,0.26487741752092775
8459,0.26930981016312433
8460,0.2637074289589098
8461,0.26259273953935686
8462,0.26525332219604225
8463,0.26187125989541415
8464,0.2729434943235714
8465,0.2729705430819416
8466,0.25969504956619976
8467,0.2685782653947392
8468,0.2566893300184246
8469,0.27022403503458176
8470,0.2715116923236867
8471,0.26116353641051465
8472,0.2651705072462599
8473,0.2711541419827426
8474,0.26190215271846606
8475,0.2730186425506724
8476,0.27353416925558
8477,0.26693136616868623
8478,0.2592294784251715
8479,0.26677262208996244
8480,0.2736898178096375
8481,0.27514746096322595
8482,0.2720830405141089
8483,0.26905678673555117
8484,0.2745043771260813
8485,0.2677704220160456
8486,0.2628052341262627
8487,0.26146288305409227
8488,0.2677664881048832
8489,0.26263250811332023
8490,0.2597040003699013
8491,0.26541553944024276
8492,0.27408411956506185
8493,0.2713534215434553
8494,0.26739777280741095
8495,0.2637756029052966
8496,0.26690388508395857
8497,0.270214025573806
8498,0.2656974057785944
8499,0.2660056525905044
8500,0.2642978085204946
8501,0.26370541727502994
8502,0.2640659938303449
8503,0.27091935697393693
8504,0.2799836670328102
8505,0.26600920138748785
8506,0.25954230873772105
8507,0.27242603420507966
8508,0.2594044470605667
8509,0.2661340110182709
8510,0.2611300687430493
8511,0.2747436140818028
8512,0.2720544074674837
8513,0.2677897585670099
8514,0.26474334127195415
8515,0.27431397073165925
8516,0.253186051105245
8517,0.2686314729492607
8518,0.27777786633466955
8519,0.2711911363814091
8520,0.26860468411313926
8521,0.2632310856993529
8522,0.26739968162030153
8523,0.2739193328647217
8524,0.2693748557716806
8525,0.258869831427946
8526,0.267005414798669
8527,0.25360353670882413
8528,0.2611859746605524
8529,0.262105780052213
8530,0.26653230964030067
8531,0.27168138313183404
8532,0.26328469337904054
8533,0.2778890310232848
8534,0.26427132252292135
8535,0.27592653306367054
8536,0.26049956399660085
8537,0.27341573461456864
8538,0.26810056938630245
8539,0.2701220930519077
8540,0.2690157097479522
8541,0.2586281803584
8542,0.26739775929401133
8543,0.259755101367168
8544,0.2606605277159497
8545,0.25834970505422994
8546,0.26719807136943735
8547,0.26478318522654526
8548,0.25530213676424884
8549,0.27117709895765907
8550,0.26464271158798075
8551,0.26308238901416675
8552,0.2597905398672744
8553,0.2561047224697901
8554,0.2665966957290582
8555,0.2723711385787841
8556,0.26852196565935044
8557,0.26816878722623083
8558,0.2652773097337598
8559,0.2619440887017103
8560,0.2732892575518177
8561,0.26491467471633473
8562,0.26074880947622164
8563,0.26454097020589795
8564,0.27193449108448053
8565,0.2615997909777797
8566,0.26945515898068645
8567,0.26699095605538536
8568,0.2630060619184855
8569,0.2629363051799466
8570,0.26124948381680746
8571,0.25691373043031634
8572,0.2594689789766694
8573,0.2643174149914859
8574,0.2742533732320784
8575,0.26684181024855286
8576,0.2644226042532208
8577,0.25811163709420126
8578,0.26732891508823287
8579,0.2653448476795576
8580,0.2731437696252552
8581,0.2625224096453302
8582,0.263135441649213
8583,0.26459803399122467
8584,0.2708151914825687
8585,0.2694292514006807
8586,0.25937527229896534
8587,0.26849709120027926
8588,0.26911153710290736
8589,0.26742280504531357
8590,0.2560373530442167
8591,0.2636299273603021
8592,0.2576042032029418
8593,0.2606705535841432
8594,0.2683785503309236
8595,0.26815725616561265
8596,0.2690903585469801
8597,0.26190472428175643
8598,0.2736236386256286
8599,0.2642267136710992
8600,0.2648866140892226
8601,0.264443176962393
8602,0.2585934653141384
8603,0.2608448467449225
8604,0.2676097719106135
8605,0.2751593847860723
8606,0.25786388038750074
8607,0.2548937614579649
8608,0.26721478140693267
8609,0.26118169331119434
8610,0.2682574079127498
8611,0.2608618452639499
8612,0.2600359765970316
8613,0.2530935302269451
8614,0.2612092323164051
8615,0.2658284207770041
8616,0.25855787539849223
8617,0.26396270208193795
8618,0.2652133715930047
8619,0.25760182059571646
8620,0.26531402165661283
8621,0.24957020414585665
8622,0.2556441810492639
8623,0.2597290584173622
8624,0.2634682498154046
8625,0.26313378492955003
8626,0.26496547109028934
8627,0.2670960723262226
8628,0.2700240282279352
8629,0.2691067096194101
8630,0.2688039120504282
8631,0.26400016831584716
8632,0.2700173429305302
8633,0.26749179764404785
8634,0.27854734818543453
8635,0.27046464356518624
8636,0.2748196920586804
8637,0.26214436163549726
8638,0.26781940273952576
8639,0.27030455840281215
8640,0.26381728734572707
8641,0.2695028998799004
8642,0.26148396025094806
8643,0.26250533011380234
8644,0.26485548378797946
8645,0.25976954295700844
8646,0.2663393622526435
8647,0.2635283545023575
8648,0.2724972808535216
8649,0.2639153359276177
8650,0.2575617968408261
8651,0.273051012081739
8652,0.2623697762719056
8653,0.2671280318257309
8654,0.26284972637300175
8655,0.2666023432874752
8656,0.26006215284696466
8657,0.2617346881552756
8658,0.267126442019988
8659,0.26658687851347496
8660,0.2683697030773019
8661,0.26870196425693604
8662,0.2728091115826006
8663,0.27012513148746115
8664,0.2680565029031029
8665,0.2694924741338498
8666,0.27053361536076265
8667,0.26756864248188583
8668,0.25825314002573896
8669,0.260868157003424
8670,0.2584576409414175
8671,0.2611883143249781
8672,0.26178847046923065
8673,0.25244294598531397
8674,0.26052287922402034
8675,0.27315937746513974
8676,0.2698262866329973
8677,0.277635549587579
8678,0.26916235862430254
8679,0.2675871977585291
8680,0.2657066981334242
8681,0.2726510213103565
8682,0.27306667491950043
8683,0.26633844667986145
8684,0.25958130528437234
8685,0.270380421902529
8686,0.26490379959645916
8687,0.26665303465708085
8688,0.25581479225625137
8689,0.2683916150144557
8690,0.2667809695607067
8691,0.26514223959908373
8692,0.262703899066749
8693,0.2648888023017848
8694,0.2654965774471888
8695,0.2638885345713058
8696,0.2709790651686209
8697,0.27590017918929927
8698,0.26780488454343476
8699,0.26876706725927996
8700,0.27411209644231227
8701,0.2674755140504461
8702,0.2705369198110041
8703,0.2625788940368263
8704,0.26294714496088595
8705,0.25828317822030705
8706,0.26149198733335455
8707,0.2637150321848219
8708,0.260070636418728
8709,0.25957935158686674
8710,0.2706355714228836
8711,0.26864301052670786
8712,0.26496402302956373
8713,0.27852315348540446
8714,0.27256930812019053
8715,0.26411535993101687
8716,0.2633588266180366
8717,0.2642832110105566
8718,0.2630323277776723
8719,0.25780262837588597
8720,0.2724449764611613
8721,0.2692696914209017
8722,0.2581846279220809
8723,0.2561339826138133
8724,0.25288267375068674
8725,0.2651644303642037
8726,0.264528358958371
8727,0.2707856977274377
8728,0.26844423819118474
8729,0.2609102442590136
8730,0.2628953215110295
8731,0.2577215282412431
8732,0.2582633344356561
8733,0.2719276410140601
8734,0.2563853914882957
8735,0.2586366681353703
8736,0.26925719006727594
8737,0.2633108703439347
8738,0.26505924886210946
8739,0.260295560668246
8740,0.26644740443472753
8741,0.2639522578610892
8742,0.2678813588975176
8743,0.26422858929275234
8744,0.2653242099864019
8745,0.2684953254529812
8746,0.2574172618198623
8747,0.2674837252653714
8748,0.2655006388311931
8749,0.26528953515622555
8750,0.2606918178608353
8751,0.26326625433733186
8752,0.25980581234811806
8753,0.253232130269088
8754,0.2667643652138873
8755,0.2568412924508219
8756,0.2575489288919872
8757,0.2663235137027893
8758,0.26613826874090574
8759,0.26395996807904615
8760,0.2562294382008202
8761,0.27088121993956094
8762,0.2631532515839194
8763,0.26048309688490173
8764,0.26269729165802386
8765,0.26234327966080323
8766,0.2676454625972816
8767,0.2710985816802594
8768,0.26701755375645253
8769,0.2678558666025777
8770,0.265484531883962
8771,0.26984647827971453
8772,0.25975153086534086
8773,0.2630818952011566
8774,0.2700192579459696
8775,0.26983932121433873
8776,0.27222990440555345
8777,0.25792707934499637
8778,0.26694916523398127
8779,0.2709548067554597
8780,0.27196478384420064
8781,0.2578902296770542
8782,0.2677740597492533
8783,0.26169433024627836
8784,0.26232346395149053
8785,0.26259142313524786
8786,0.25743394283455334
8787,0.2593389985917328
8788,0.2582671720539078
8789,0.25382275042200725
8790,0.2581276187669827
8791,0.2648104260798909
8792,0.26955002384708726
8793,0.26655298109617104
8794,0.26453313827035707
8795,0.26950866353936676
8796,0.2573995342634725
8797,0.25876071253736926
8798,0.26561961695835523
8799,0.2617129257874754
8800,0.26044531614219874
8801,0.26451797390164317
8802,0.2611035235132025
8803,0.263656222621561
8804,0.25987458622400245
8805,0.26500801953874853
8806,0.26386075256064706
8807,0.2624897908651415
8808,0.2588794158276278
8809,0.261964530640759
8810,0.2634026186884383
8811,0.2513800206415487
8812,0.2598530232061122
8813,0.2626456539945945
8814,0.2635113210984589
8815,0.2620504575813757
8816,0.26110827138932025
8817,0.2551359263673037
8818,0.26511516554346193
8819,0.2695680667882812
8820,0.2578527873460635
8821,0.2606293330511237
8822,0.2611059038259436
8823,0.2611925082683419
8824,0.26147442662977877
8825,0.263208164799344
8826,0.25971836520867103
8827,0.25742445626728844
8828,0.2630899439966063
8829,0.2595703594092717
8830,0.25924576359935253
8831,0.2660808046547516
8832,0.2613920901430421
8833,0.25824394455186334
8834,0.26708594028425087
8835,0.2554076591065243
8836,0.256313821572923
8837,0.2658428178420915
8838,0.25635561939431256
8839,0.26042889919414447
8840,0.2597133487664137
8841,0.25147368010670373
8842,0.2609461762528592
8843,0.2635214464828877
8844,0.2703315479907027
8845,0.25638599283163915
8846,0.26180688320113293
8847,0.2707745887343164
8848,0.25674246676280094
8849,0.2547742065718404
8850,0.2612031826790325
8851,0.2604565474344994
8852,0.2478832701080843
8853,0.25939369865454326
8854,0.255651698459213
8855,0.2598318731878565
8856,0.25572804077682126
8857,0.2571762448409038
8858,0.2565499691349572
8859,0.26282899596462467
8860,0.25056058763020767
8861,0.25607545665728476
8862,0.2586832386802208
8863,0.27340001007050185
8864,0.26196512967189217
8865,0.2597756036618958
8866,0.2513639277980905
8867,0.26316425770017415
8868,0.2697167544771882
8869,0.25831087131028074
8870,0.2477988643583629
8871,0.2653237342405736
8872,0.26768187040836433
8873,0.26081310539389846
8874,0.25978241343532693
8875,0.25607392590051004
8876,0.269775279126317
8877,0.25770641008675577
8878,0.2592528063882983
8879,0.25917409866676533
8880,0.26198443071229544
8881,0.25060405754108506
8882,0.2587958028128688
8883,0.2628624765545057
8884,0.2599308807393201
8885,0.2613000628096465
8886,0.2561191304378388
8887,0.25199813719078734
8888,0.26290356326618064
8889,0.2602017854143907
8890,0.25046709874066175
8891,0.2639677341754809
8892,0.2588152483317614
8893,0.2602402676214699
8894,0.2591044311283566
8895,0.25990903660329356
8896,0.25931546073511835
8897,0.2601916363891458
8898,0.2528079004540484
8899,0.24852823566183074
8900,0.262483564047516
8901,0.26575866419988053
8902,0.2565157571776118
8903,0.24720338810658712
8904,0.25968436576708903
8905,0.2611434555331259
8906,0.26101056343690415
8907,0.26039840641662404
8908,0.2596238616319214
8909,0.2617202307926486
8910,0.264228004066235
8911,0.26762988037664037
8912,0.2562875975624401
8913,0.2527740306999355
8914,0.2596156429633965
8915,0.2609490703720359
8916,0.25846500757386504
8917,0.2566307506643113
8918,0.2603638439098924
8919,0.26630662102726904
8920,0.2567488395393074
8921,0.26342384699318816
8922,0.26338818955914317
8923,0.24918871701681683
8924,0.2543366645275797
8925,0.25648963084401916
8926,0.26622593436638026
8927,0.2702086869875547
8928,0.2680869352431889
8929,0.25929735770460427
8930,0.2601319771368666
8931,0.2614302960003505
8932,0.25874089723216465
8933,0.2640740734150606
8934,0.26317602426250325
8935,0.26022341646673314
8936,0.26288766189898927
8937,0.2566606103901812
8938,0.26646490226496794
8939,0.26847685204054633
8940,0.270202051334495
8941,0.2543684029931003
8942,0.268561938778433
8943,0.2586040876555125
8944,0.25879969294604993
8945,0.2631740330267447
8946,0.2619606267223093
8947,0.25193690407084063
8948,0.2660728735658797
8949,0.2594198518894533
8950,0.2595384472513577
8951,0.26539993846525883
8952,0.2622411837665494
8953,0.2614176101184797
8954,0.25472164533341807
8955,0.26421802177402925
8956,0.26240260279604466
8957,0.2537499568759426
8958,0.26607305695028205
8959,0.2644121702320135
8960,0.2617002469577613
8961,0.26116787215663556
8962,0.26532833371211967
8963,0.2664191504636279
8964,0.2667649998535836
8965,0.2694008629398184
8966,0.26263663500692547
8967,0.26623311836330676
8968,0.26297789804311944
8969,0.2545261490949506
8970,0.26300887625087627
8971,0.2522170922272338
8972,0.25674475076485614
8973,0.2551975375312861
8974,0.2551470005126254
8975,0.2598007797716893
8976,0.26065124939284223
8977,0.2588110807729252
8978,0.2605899857759528
8979,0.26470207057869477
8980,0.25481515188443554
8981,0.257869618875073
8982,0.2572224303104315
8983,0.26396556274396893
8984,0.2580187098311711
8985,0.27112018349138073
8986,0.2606818487036421
8987,0.2690849128342864
8988,0.2547186194320502
8989,0.2529365060989414
8990,0.25256359394115224
8991,0.2581000528725504
8992,0.2529660425607471
8993,0.2564320586975186
8994,0.2519038447661413
8995,0.25285135936631914
8996,0.26275039780767495
8997,0.26287537784636605
8998,0.2571059806609295
8999,0.26880174675306673
9000,0.26629020445935575
9001,0.25520781248546454
9002,0.2687871633705561
9003,0.27027880077279864
9004,0.25801219283291216
9005,0.25643462335957995
9006,0.26167178419516446
9007,0.26227074886369056
9008,0.26311674172119404
9009,0.26042360596788894
9010,0.2534527825946993
9011,0.26170925942064327
9012,0.2692716233649523
9013,0.2616690205777699
9014,0.2534832077306116
9015,0.2496419304320983
9016,0.2575539162251077
9017,0.258996754509256
9018,0.25647945937877575
9019,0.2628751886090127
9020,0.2595959951088903
9021,0.2622431572527514
9022,0.2701862477333544
9023,0.2666822456850661
9024,0.25792639630259045
9025,0.25804816713809064
9026,0.2564028188401831
9027,0.2576704059852509
9028,0.2624514305251401
9029,0.2529038825773144
9030,0.2550097846923612
9031,0.2584041809013593
9032,0.2552491525735024
9033,0.2567760091836406
9034,0.25861169880555845
9035,0.26371037563440813
9036,0.25907540453203953
9037,0.26082741585714214
9038,0.260401848455544
9039,0.2548038914247354
9040,0.24944221196195476
9041,0.25912585497727
9042,0.24659275485289028
9043,0.25138126326980326
9044,0.24969352667461184
9045,0.25718456572109005
9046,0.2491040782539837
9047,0.25488220476954376
9048,0.2536744348875391
9049,0.25437815945653225
9050,0.2592285195650977
9051,0.26165902059070073
9052,0.2623146203753871
9053,0.2508916576573481
9054,0.2579100094453796
9055,0.2544393190923639
9056,0.2592295384742401
9057,0.2530461646521146
9058,0.2530498124502563
9059,0.25784206484630817
9060,0.2640475873341702
9061,0.2563282134392025
9062,0.25937925890063845
9063,0.24913531938861136
9064,0.269365316034185
9065,0.2569943674454146
9066,0.26751252937835635
9067,0.2708290636859645
9068,0.263019753643891
9069,0.2614787492429749
9070,0.2580832818731894
9071,0.25769411089311944
9072,0.2528849363199828
9073,0.2649217340923028
9074,0.2522183796903739
9075,0.2618055878290244
9076,0.2537088838400751
9077,0.26449783213656036
9078,0.25583850279369563
9079,0.2501403106923166
9080,0.26676262921600624
9081,0.26392976966395676
9082,0.26222008436417926
9083,0.2557485138460937
9084,0.2578730996236769
9085,0.2619043412977982
9086,0.25757117843605304
9087,0.2526569747779204
9088,0.26027235592432724
9089,0.24954220808883032
9090,0.25787614739465164
9091,0.25858631439413354
9092,0.2557757801370432
9093,0.25596878443713006
9094,0.25677305317082144
9095,0.26437280644314454
9096,0.25463098270300755
9097,0.24236048884062364
9098,0.2533373718789313
9099,0.24775246308571366
9100,0.25816321530144565
9101,0.2644190564024653
9102,0.2580203014475814
9103,0.2575297568607902
9104,0.24660099391898865
9105,0.2543548843053178
9106,0.2584969244923707
9107,0.25535688640469195
9108,0.24745402347007367
9109,0.2609606002268445
9110,0.2476391995069105
9111,0.25114614072919617
9112,0.25353440578059383
9113,0.2485284011783583
9114,0.24706779732891815
9115,0.2596688502511331
9116,0.25972384411340355
9117,0.252727242083489
9118,0.2492223814798848
9119,0.26411029093385524
9120,0.2546895477958631
9121,0.2548567824091
9122,0.2562110231903623
9123,0.25549698622310346
9124,0.25508974819931096
9125,0.25269751166193255
9126,0.2593864840390865
9127,0.262000649297476
9128,0.24887294472028376
9129,0.25360686003903815
9130,0.2566680763327007
9131,0.2592810851819963
9132,0.2547093656863858
9133,0.2442716904824184
9134,0.2554328118161668
9135,0.24926006514232352
9136,0.24629791262807735
9137,0.2547920792513789
9138,0.2539013373922221
9139,0.26115976123243984
9140,0.2627319814980789
9141,0.2663598595702657
9142,0.25720971767563716
9143,0.24988389975723108
9144,0.258305398702483
9145,0.26315402926102793
9146,0.2612433855366184
9147,0.2589187795025773
9148,0.2546363737946028
9149,0.24892530970171353
9150,0.2545124544823467
9151,0.25768296305004657
9152,0.25901229588795005
9153,0.25960344106154043
9154,0.2531884803619374
9155,0.25074035219770807
9156,0.2644224103390446
9157,0.2647988137942566
9158,0.25791258419768703
9159,0.25854328261100706
9160,0.2533736915431244
9161,0.2578064681779714
9162,0.2588878265929704
9163,0.2616757864337297
9164,0.25519593650516853
9165,0.2599723009166172
9166,0.2553746134829525
9167,0.25137643998344134
9168,0.25243075072276644
9169,0.25929814401834594
9170,0.25448272743882605
9171,0.25821011866284377
9172,0.25092513896286295
9173,0.25259311887685454
9174,0.2455643435929
9175,0.25157458333228633
9176,0.25553540902009
9177,0.25605807430402355
9178,0.25032306660220127
9179,0.24987094058450474
9180,0.26390309748978197
9181,0.254912743287114
9182,0.25982713974300975
9183,0.2568545476155637
9184,0.25528742960713674
9185,0.25109698246978923
9186,0.25217569879312096
9187,0.2540578114038274
9188,0.2437161597043801
9189,0.257968749863713
9190,0.25250239079146014
9191,0.24912702387456778
9192,0.255309235748523
9193,0.25606802359207115
9194,0.2531498390391081
9195,0.25915792240650193
9196,0.2608407251372994
9197,0.25249146959575514
9198,0.2511382196834483
9199,0.2530758606017033
9200,0.2611516661364789
9201,0.2553841186205089
9202,0.2581726710888155
9203,0.2590614068248681
9204,0.2498215888186884
9205,0.25657302162764944
9206,0.25484745361000366
9207,0.26041638658085003
9208,0.25916796462265007
9209,0.257458318604715
9210,0.25381555914031356
9211,0.26328576774750106
9212,0.2571129651746068
9213,0.2551347433859411
9214,0.2518723969002071
9215,0.24934937176812982
9216,0.25213927179682183
9217,0.25539281576202233
9218,0.2587611748472848
9219,0.25869254703509215
9220,0.2580862233418088
9221,0.25084181452085114
9222,0.2578552770079947
9223,0.2549111635964045
9224,0.25709009579246644
9225,0.25578882935297365
9226,0.262519684971394
9227,0.2509241730859249
9228,0.269981111246311
9229,0.2522228696709166
9230,0.24704481573723544
9231,0.2526932700672356
9232,0.25047057781146664
9233,0.25518066935974215
9234,0.2567270164131443
9235,0.2484386746316935
9236,0.25352114607987486
9237,0.25582081837824006
9238,0.2512302484953072
9239,0.2604702704829506
9240,0.2598264541018267
9241,0.2496715617695427
9242,0.2509994490682985
9243,0.2531443358333417
9244,0.25875208788903603
9245,0.269049551812155
9246,0.2639061804708714
9247,0.25504359555297507
9248,0.256064580351914
9249,0.24205896540912072
9250,0.2576732818821076
9251,0.26155628635450096
9252,0.2515480017633909
9253,0.24292765960164578
9254,0.26481917832587437
9255,0.25749598435683463
9256,0.2596566561464332
9257,0.2593835867970128
9258,0.2559049199997595
9259,0.2575699813907586
9260,0.2583117317707957
9261,0.24944113754013636
9262,0.2612812634459656
9263,0.2534395094383836
9264,0.25282702226171505
9265,0.2571274268378341
9266,0.23979259486404214
9267,0.252738420260997
9268,0.248069844673971
9269,0.2530540000887282
9270,0.2524450157803546
9271,0.25806832489992304
9272,0.26050655034029196
9273,0.25779484796886803
9274,0.2566818838026828
9275,0.24749720317446483
9276,0.25093570320200803
9277,0.24703451493044415
9278,0.2592122633244776
9279,0.24821261989159188
9280,0.250546505234347
9281,0.24440200099146012
9282,0.24904926529699603
9283,0.26254589701672093
9284,0.2550317621217089
9285,0.25067511395114794
9286,0.2493972137615749
9287,0.24874284327257498
9288,0.2425359749124428
9289,0.24544201801339693
9290,0.2504090559220736
9291,0.2538178123935847
9292,0.2571944073914673
9293,0.2581550444550321
9294,0.25798480692825426
9295,0.2551347706991513
9296,0.24899803052316596
9297,0.2480326805650018
9298,0.2458815969838868
9299,0.2383931106246566
9300,0.25297350966100424
9301,0.24974459025768153
9302,0.24778898796478133
9303,0.2514502454008889
9304,0.2482355981933683
9305,0.25379947598755237
9306,0.2505380256803008
9307,0.25716189866005634
9308,0.24743392082923393
9309,0.25250508903703894
9310,0.2584053261452298
9311,0.26932932434774115
9312,0.25696649284576434
9313,0.26101478344651285
9314,0.25406125680917097
9315,0.25908453996794223
9316,0.24790783958865997
9317,0.2503990260221882
9318,0.24912884694237292
9319,0.25158733641479286
9320,0.24606192524865445
9321,0.2511213615940808
9322,0.2587087068065997
9323,0.25147590888971405
9324,0.2542368504890067
9325,0.2517758327148822
9326,0.24182623135746467
9327,0.250578547964309
9328,0.24845255366035668
9329,0.2444858357004878
9330,0.2576176525831712
9331,0.24369048152960793
9332,0.24519403685040828
9333,0.2451617161095278
9334,0.25192253895935796
9335,0.2533852711442265
9336,0.2594575229942295
9337,0.24878516950855856
9338,0.24716736999109754
9339,0.25215842791415916
9340,0.2631310846085831
9341,0.26364970230226614
9342,0.25694298274511806
9343,0.26227929361892427
9344,0.25970787972488646
9345,0.2525069378606203
9346,0.2528423349269783
9347,0.25044285944743694
9348,0.2559256745659728
9349,0.260689361340114
9350,0.2490394355149981
9351,0.2530674869372874
9352,0.25133870920677837
9353,0.25775522615351637
9354,0.25013956514296365
9355,0.2515859232626454
9356,0.24517970356549104
9357,0.2522181921938054
9358,0.2515178501180161
9359,0.2460462823365134
9360,0.2595963223708329
9361,0.2598720403876833
9362,0.2628655080515238
9363,0.266039599093547
9364,0.2578739258398873
9365,0.24740714364332758
9366,0.2511221151380759
9367,0.25055117287773276
9368,0.24789273828935834
9369,0.2391477653927112
9370,0.24450815287729302
9371,0.24864943930028885
9372,0.2563726231093333
9373,0.2623179252524153
9374,0.24413539703052453
9375,0.2572501462231675
9376,0.2526246193453108
9377,0.25017213178778547
9378,0.2492477557729264
9379,0.2520032706139774
9380,0.2551814119551941
9381,0.25348112023692343
9382,0.2513666457125245
9383,0.2614152156936727
9384,0.25531830390351185
9385,0.24979705041433548
9386,0.2531263991378065
9387,0.24803461689170547
9388,0.2546684445943107
9389,0.24587703314619194
9390,0.24598268162048154
9391,0.24745616027472003
9392,0.24763085686359435
9393,0.24723266248979955
9394,0.2535883955456127
9395,0.2535757776445951
9396,0.2499861091606132
9397,0.2485419750776567
9398,0.24498953740070417
9399,0.2492223981523748
9400,0.2513353672637752
9401,0.25128591464612976
9402,0.2535919564541401
9403,0.2489760340985689
9404,0.2513288469188921
9405,0.25102509564215997
9406,0.2569567114924146
9407,0.25237735499502395
9408,0.24114018745732457
9409,0.2653798229245002
9410,0.25007627100454005
9411,0.24386225035705034
9412,0.2472073295248495
9413,0.2471638330486085
9414,0.2352533519755388
9415,0.2468409674995835
9416,0.24856685214353516
9417,0.2535519366630453
9418,0.2486462796545174
9419,0.2513588148697448
9420,0.2556852019912335
9421,0.25387318968361816
9422,0.2474791221006198
9423,0.25482533557864523
9424,0.2449221513339976
9425,0.24588440071186674
9426,0.23943652544696922
9427,0.24234878821092898
9428,0.24624031592261808
9429,0.2395554251861667
9430,0.24860974989727017
9431,0.24636773295194095
9432,0.24818020058008786
9433,0.2479248971658979
9434,0.2491647267339822
9435,0.2518556626564203
9436,0.2488268734699021
9437,0.2442233634110317
9438,0.24341471682609436
9439,0.2529902967516483
9440,0.23910617984657456
9441,0.24186267756197696
9442,0.2382734294387883
9443,0.25031581506685086
9444,0.24814035931821735
9445,0.24495761539221547
9446,0.24890629797084424
9447,0.23637647844554852
9448,0.23816639708259255
9449,0.24997570082820741
9450,0.2533166998828419
9451,0.2380247163137303
9452,0.23732416783563628
9453,0.24794092247647875
9454,0.24400649234355765
9455,0.23957252659119885
9456,0.2514493556944206
9457,0.25081055138212005
9458,0.24131634342039665
9459,0.24948944286033536
9460,0.24694766933894796
9461,0.24585492061119837
9462,0.24017234446239621
9463,0.24978884664142678
9464,0.244865577154895
9465,0.23743624494890425
9466,0.2498044034408291
9467,0.24904144987070814
9468,0.24510247305014057
9469,0.24225884681247226
9470,0.2489473950692788
9471,0.24594053640763508
9472,0.2476784690838346
9473,0.24965132594670486
9474,0.2453701043892337
9475,0.25433409492454495
9476,0.23964812954608117
9477,0.24236743405328215
9478,0.24060699545529105
9479,0.25315751720652235
9480,0.24842682254868753
9481,0.24403857078696267
9482,0.25014325126499787
9483,0.24446526519150807
9484,0.25099061395813255
9485,0.24572973724328095
9486,0.24234112447032954
9487,0.2510079969790539
9488,0.2482841839729966
9489,0.2525307620111229
9490,0.24874036205588856
9491,0.25907635288983616
9492,0.2516402779596199
9493,0.2487691537642463
9494,0.24594843940583394
9495,0.2431660212859641
9496,0.2552491588518726
9497,0.24735020230441138
9498,0.25427871308931377
9499,0.24601205278279437
9500,0.25119445431700277
9501,0.24876256284450857
9502,0.2538128741303237
9503,0.24244307167322393
9504,0.24829995442338593
9505,0.24464253829054036
9506,0.24041721754893092
9507,0.24670936038787694
9508,0.2467516132828244
9509,0.24820355491914806
9510,0.24281815711798407
9511,0.24660123279688298
9512,0.24349420717245862
9513,0.24243511687057884
9514,0.24093704767147478
9515,0.23715407171294164
9516,0.2349500634156681
9517,0.2480885073982584
9518,0.24485684534263122
9519,0.2474491219139593
9520,0.2489344562608542
9521,0.24195634741819022
9522,0.2449667820809631
9523,0.23685094613132623
9524,0.24371792012042487
9525,0.25544854487122226
9526,0.24847733365635646
9527,0.24649271883882637
9528,0.24921170411494883
9529,0.24534449104278575
9530,0.24163294999119045
9531,0.23966880188861456
9532,0.24331307690666187
9533,0.2501668818740431
9534,0.2538329342330759
9535,0.24620440936221372
9536,0.25079423548583857
9537,0.2530349702817136
9538,0.24556475570422362
9539,0.24702152219138915
9540,0.2525272008426967
9541,0.24752092476209428
9542,0.24830771540913843
9543,0.24776418291617106
9544,0.2517831622787541
9545,0.25381170232475414
9546,0.24329647505850954
9547,0.24490712162108227
9548,0.24461378950720225
9549,0.24763063522724632
9550,0.2462419630718367
9551,0.2493949087223934
9552,0.2415284075856722
9553,0.24209714370395305
9554,0.2497238804693711
9555,0.2389810268989056
9556,0.25188276605913396
9557,0.24722027689532872
9558,0.23583765509788152
9559,0.24205181810516108
9560,0.2410334206453347
9561,0.23833218236227727
9562,0.259741255555713
9563,0.25536386343290307
9564,0.25925587115622795
9565,0.2560669883952104
9566,0.2531270463498617
9567,0.2551039288876102
9568,0.24285347886211353
9569,0.24759411823682717
9570,0.2496208551568792
9571,0.24890585387280453
9572,0.24267811036396325
9573,0.24650792920874706
9574,0.24761940526924833
9575,0.25073781154489866
9576,0.25728099946907235
9577,0.24975963084450187
9578,0.23932876220588237
9579,0.2439367822541181
9580,0.25479726959730314
9581,0.24079610516067002
9582,0.24391140594301722
9583,0.24984987475697715
9584,0.24607312181657498
9585,0.24793259716244348
9586,0.2552319453726742
9587,0.24486047020840748
9588,0.24762227699039527
9589,0.25020560298483774
9590,0.24620035761324033
9591,0.2487381154664572
9592,0.24919508992049486
9593,0.2530573854459096
9594,0.25037160431566635
9595,0.24522198522736693
9596,0.2539996910703448
9597,0.24498087761719112
9598,0.2568770402092623
9599,0.24506084838712797
9600,0.2380666846111759
9601,0.24967006676631945
9602,0.25000833956410135
9603,0.24897007203034474
9604,0.24276102696008187
9605,0.24944370608757238
9606,0.2418300864848768
9607,0.25262686805574663
9608,0.24178496221505563
9609,0.24804679368634847
9610,0.2467339109610195
9611,0.25282349744581784
9612,0.24505009662248578
9613,0.25165229787408055
9614,0.25527330654019975
9615,0.2491165356972415
9616,0.24693942245583797
9617,0.2498982870606127
9618,0.25184496474511614
9619,0.24954032635689477
9620,0.2606138909124057
9621,0.24464027661156829
9622,0.2608483386202502
9623,0.2535971011854584
9624,0.24890671173046705
9625,0.24575263546008547
9626,0.24849607782516042
9627,0.25222208446650657
9628,0.2486925104267003
9629,0.24382977900167643
9630,0.25608704440664376
9631,0.24561437713364345
9632,0.24573286095927205
9633,0.24136575265731267
9634,0.2524695974445725
9635,0.25111149468128513
9636,0.247457614109126
9637,0.2447925593994411
9638,0.2411423318005064
9639,0.24620031071441908
9640,0.2430101526838611
9641,0.2469458934899262
9642,0.2532259047730954
9643,0.24395052401321146
9644,0.24303294503095785
9645,0.24213686952526903
9646,0.2485332937897218
9647,0.2492085108455659
9648,0.2399703491168631
9649,0.24720341157071812
9650,0.25510667320968833
9651,0.2458468645661963
9652,0.24149309173408884
9653,0.2456532178687925
9654,0.2473376693784877
9655,0.23881014513830442
9656,0.23703848358615165
9657,0.25188272738501066
9658,0.2527299829757587
9659,0.25653117149174776
9660,0.24935521060051843
9661,0.24571082452530285
9662,0.24577789551259263
9663,0.25287389243270614
9664,0.23922544773937246
9665,0.24815448624957082
9666,0.243746351936109
9667,0.2517966193448122
9668,0.24810108462578812
9669,0.23594311935163842
9670,0.24478566771958837
9671,0.24051996829534814
9672,0.24565803977467776
9673,0.24774477712554477
9674,0.24902869547279877
9675,0.2533432441273652
9676,0.2482974947841244
9677,0.25258262583749225
9678,0.24056532439727407
9679,0.2423831356653976
9680,0.24408290915108277
9681,0.23615429635643986
9682,0.2418607804600921
9683,0.23830057097893792
9684,0.24759193543691732
9685,0.2508395313796873
9686,0.2446779927214704
9687,0.25497964628969044
9688,0.2503446541885894
9689,0.2532611969996128
9690,0.2431803647017071
9691,0.24954850146163188
9692,0.2404405322421878
9693,0.23439784485936044
9694,0.23309058703129326
9695,0.23726349637516903
9696,0.24872786555625684
9697,0.23562186485687872
9698,0.2429706818144512
9699,0.2469364198345037
9700,0.25161907526113786
9701,0.24221271094702365
9702,0.2502608392518524
9703,0.2442189625162129
9704,0.24975913686264023
9705,0.24368674183288194
9706,0.2461936183163227
9707,0.24453275552257403
9708,0.23642709135619844
9709,0.23074243605127548
9710,0.2392862258095038
9711,0.24452050612521006
9712,0.24354715681624275
9713,0.252622716848631
9714,0.23807781056301927
9715,0.24286345701462392
9716,0.24408789356450483
9717,0.24592724253619508
9718,0.2481271585235085
9719,0.24655947135638845
9720,0.24974187259820949
9721,0.24642050034732882
9722,0.23301177242394377
9723,0.23456725916361984
9724,0.24834728627275218
9725,0.23663367159084986
9726,0.24280532460668744
9727,0.24269869048647144
9728,0.247833354508637
9729,0.24538244233207399
9730,0.24068575374455908
9731,0.24295223576795483
9732,0.24836569104032793
9733,0.23742857474766899
9734,0.25436737376878504
9735,0.24210996914077884
9736,0.24658175600388665
9737,0.24712518399998062
9738,0.2488206063172899
9739,0.2512945956501686
9740,0.24378533240003739
9741,0.24865469683144384
9742,0.24684854844365298
9743,0.24431186819867842
9744,0.2436689995979797
9745,0.24206455760215687
9746,0.25020579882335436
9747,0.24565978903075883
9748,0.24842703183137382
9749,0.23603391099268603
9750,0.23920493141505061
9751,0.2392808655209728
9752,0.2523702634970352
9753,0.24690586707308954
9754,0.23494576043453863
9755,0.23651083305545126
9756,0.24282392173594924
9757,0.24864156275830826
9758,0.24479700298456938
9759,0.2355950788260363
9760,0.24528818599178817
9761,0.24378342251181412
9762,0.24726126725864855
9763,0.2456284562630299
9764,0.23776449188661325
9765,0.24486527826075294
9766,0.2408065266633345
9767,0.24164802461777937
9768,0.24268624262483537
9769,0.2445869716511031
9770,0.24674131428872662
9771,0.23558830836945086
9772,0.243048002651014
9773,0.2393999207528282
9774,0.24662928556216843
9775,0.24756832169539525
9776,0.2459775008462017
9777,0.2435176442329065
9778,0.24194185429587342
9779,0.2405942688572694
9780,0.23955399270262936
9781,0.24278366439580565
9782,0.23974154173311238
9783,0.24340025261402887
9784,0.24512171147771275
9785,0.24105212425391798
9786,0.23871009069769386
9787,0.2479727554799341
9788,0.2406313271212771
9789,0.23557273293977998
9790,0.2442020307023417
9791,0.22760164656798815
9792,0.2374580663040342
9793,0.23479540260629658
9794,0.24317003469089
9795,0.2341011587683573
9796,0.23726797000999547
9797,0.24180015523474416
9798,0.23578409520917334
9799,0.24278298498934053
9800,0.23892752981565468
9801,0.23638519591994334
9802,0.23292266133799072
9803,0.23906013974783882
9804,0.24197845981761576
9805,0.23934310604792308
9806,0.2443476875676374
9807,0.2429271700575713
9808,0.23833651423536448
9809,0.23571810707979268
9810,0.24807358736044172
9811,0.24590940710209316
9812,0.244540021179064
9813,0.23698159611337116
9814,0.23841915068591432
9815,0.23942018749749636
9816,0.24395726967813958
9817,0.22989833596859585
9818,0.2425820450881436
9819,0.2298009326510877
9820,0.23777852579490988
9821,0.24582318630034958
9822,0.23633786831946493
9823,0.23848677397969448
9824,0.24428958007603752
9825,0.23909905902931938
9826,0.24210077516670575
9827,0.23758622619163847
9828,0.2502151791819886
9829,0.24232124872728267
9830,0.23640662924383213
9831,0.2387087815821903
9832,0.23508100460657178
9833,0.2448010896488655
9834,0.24380301159126203
9835,0.23848399886240876
9836,0.24453137158085603
9837,0.24418197687412374
9838,0.24816996350020276
9839,0.24461728461549778
9840,0.24588798210819773
9841,0.23859345354858066
9842,0.24604294268454832
9843,0.2405591282241713
9844,0.23336725313065732
9845,0.2426621538215319
9846,0.23649784943168653
9847,0.24345828711772768
9848,0.24425680561970428
9849,0.24241390990949005
9850,0.24648539904580352
9851,0.24139680765382068
9852,0.2511972620880036
9853,0.25222024673263704
9854,0.24164446839010542
9855,0.23286640061713965
9856,0.24870983770297028
9857,0.24669947307152765
9858,0.24894131954877965
9859,0.24580643921160447
9860,0.23821103945559766
9861,0.2525591817675663
9862,0.25838037989135015
9863,0.2414690041776721
9864,0.2483779166412932
9865,0.2458982842477608
9866,0.24768926567949473
9867,0.24863900153350377
9868,0.24601098728749732
9869,0.24673404382101746
9870,0.24990003160817545
9871,0.23910221579634067
9872,0.2492363106482328
9873,0.23387672980032753
9874,0.2403094454479153
9875,0.24955212580652145
9876,0.23864255530429204
9877,0.24914417541409162
9878,0.24586674098232586
9879,0.24352321290916348
9880,0.24897257636526188
9881,0.24943783835312489
9882,0.24116134828614566
9883,0.2419393318166512
9884,0.24102499098696456
9885,0.23412914799215714
9886,0.24663763192661575
9887,0.24585648730252777
9888,0.24436972257003814
9889,0.24716403669597076
9890,0.24215446651439
9891,0.24281094595090355
9892,0.23727048558942557
9893,0.23801515298526718
9894,0.2462542225752935
9895,0.23901721158399208
9896,0.24013095506769694
9897,0.2450185446429729
9898,0.24199032202136403
9899,0.2426346490274229
9900,0.2408978944908269
9901,0.23697489578766406
9902,0.23865174198307093
9903,0.24776437512598876
9904,0.2476837104523564
9905,0.25133247916268464
9906,0.24523393914508737
9907,0.2454446139146113
9908,0.2405431124699348
9909,0.23663125154642967
9910,0.23446190309343037
9911,0.24288921765079097
9912,0.24935590922818202
9913,0.24038937199997096
9914,0.2501688568823722
9915,0.24434161182089634
9916,0.2444065079077396
9917,0.2388080478336525
9918,0.24756785068134274
9919,0.24179241268973767
9920,0.24537605569479537
9921,0.2488738815092529
9922,0.24054774626521677
9923,0.2462014492494939
9924,0.24273762539762123
9925,0.24354937925299566
9926,0.24029844121297803
9927,0.2425829396895744
9928,0.2349673544791364
9929,0.24616521008044237
9930,0.2534389718957646
9931,0.24766374603762212
9932,0.2368007180607946
9933,0.24201322052189625
9934,0.24626717170517037
9935,0.23872613789618974
9936,0.24695014064855914
9937,0.2381974160196183
9938,0.2360906196577364
9939,0.23778067250145798
9940,0.24420578504132412
9941,0.2289075735829663
9942,0.23909812272994177
9943,0.23907176205435804
9944,0.24086194288017654
9945,0.23257442513992302
9946,0.24016753418087133
9947,0.2483639318907804
9948,0.24300261196513384
9949,0.24773442662773232
9950,0.24298363838149736
9951,0.24597856452863692
9952,0.2299489175395507
9953,0.24520371071213032
9954,0.24630966642648025
9955,0.23796566139036013
9956,0.23698535313457547
9957,0.2436644351155447
9958,0.23196951131752355
9959,0.23991374122112674
9960,0.25589019656937917
9961,0.24662494940843352
9962,0.2351307869880007
9963,0.23362567624519973
9964,0.2311464473939103
9965,0.24048688593498077
9966,0.23949026616928487
9967,0.2379337406705724
9968,0.24698873563009027
9969,0.23494899705793676
9970,0.23752699786641487
9971,0.23801391533989502
9972,0.23506000972003413
9973,0.24095709533495516
9974,0.2383670587614426
9975,0.24057955607310497
9976,0.23517057169014127
9977,0.23939512252827597
9978,0.23626271400348506
9979,0.2415950489657468
9980,0.24301849872334774
9981,0.2491533998514785
9982,0.24023762602572574
9983,0.2311761970344773
9984,0.23423383926826188
9985,0.24557232247270191
9986,0.23253486388353223
9987,0.2473568780994701
9988,0.24335633501273535
9989,0.23285078011869978
9990,0.23951085109621056
9991,0.23557213307862876
9992,0.242147744074881
9993,0.2336154692812677
9994,0.24055146685660853
9995,0.2378780843951733
9996,0.24493733976425278
9997,0.23462846494081785
9998,0.2410407689919497
9999,0.2407619841518081
10000,0.24216985949282538
10001,0.24307423044092735
10002,0.24078031862435206
10003,0.25250725962441584
10004,0.24530483733556455
10005,0.2423628225177587
10006,0.2324320458557792
10007,0.24012033438182595
10008,0.23464135834018218
10009,0.23992755974196295
10010,0.24179225008078625
10011,0.2469558344030252
10012,0.2475645522332642
10013,0.2397502162782834
10014,0.2393242706341894
10015,0.24743778333791852
10016,0.23648109281254845
10017,0.22969955266390704
10018,0.23130302533759317
10019,0.24298504141977362
10020,0.23912650258995494
10021,0.23847179296839627
10022,0.23945890333166805
10023,0.24443175117218557
10024,0.2349109990901335
10025,0.238127951060347
10026,0.2389082032328626
10027,0.24467006255970422
10028,0.24875609716785646
10029,0.23369997705945242
10030,0.2410726584435036
10031,0.2342976622754243
10032,0.23228002644987525
10033,0.23991862474805215
10034,0.245153935292694
10035,0.24864280270020567
10036,0.24377647470037786
10037,0.23677923106876625
10038,0.23696025312479946
10039,0.2356934034118543
10040,0.23575809227639297
10041,0.23807840246413764
10042,0.23789954152076184
10043,0.22978457974822974
10044,0.23841535895774582
10045,0.230941163228317
10046,0.22831347538813582
10047,0.234683913461294
10048,0.24210288343931213
10049,0.2375198352822416
10050,0.23704441990915837
10051,0.24668782476408543
10052,0.23565463456151284
10053,0.24039043770610172
10054,0.2237279378786598
10055,0.23989787521055192
10056,0.22624288197905063
10057,0.2400259417313717
10058,0.2450300158197684
10059,0.24353230448990526
10060,0.2446639561945585
10061,0.24380249874771295
10062,0.2389285702259732
10063,0.22690192366444725
10064,0.2372856827870384
10065,0.23890647683470537
10066,0.24068907959038194
10067,0.2430786590464922
10068,0.24488778252311463
10069,0.24808117800369658
10070,0.24951660598337766
10071,0.23972491552384181
10072,0.24131861453112505
10073,0.2365034836057259
10074,0.23631616247050546
10075,0.23386898851489946
10076,0.23719383609029002
10077,0.23873745283483774
10078,0.2452007310055524
10079,0.2338694564779243
10080,0.2444078152163936
10081,0.24090428672578762
10082,0.23775590793930543
10083,0.23633056735254898
10084,0.24779513262115613
10085,0.24438314426935565
10086,0.23810376426517382
10087,0.24194555017555996
10088,0.24126028340168806
10089,0.24514804849323416
10090,0.24678571018099188
10091,0.24660966792533046
10092,0.2413381646894605
10093,0.24417143952423648
10094,0.2385322491306908
10095,0.24550099858945093
10096,0.24604769913058408
10097,0.24070917411460732
10098,0.24745810120558243
10099,0.2368643843528714
10100,0.23170626418944015
10101,0.23610690083038408
10102,0.23990044183504708
10103,0.24205777546935575
10104,0.23528648011433814
10105,0.23795717285968304
10106,0.24121347806258664
10107,0.24070310090673758
10108,0.24021843136397886
10109,0.2430405178752699
10110,0.2410693855612809
10111,0.24850114437295925
10112,0.23533340054075483
10113,0.2459567906474906
10114,0.2512858842356284
10115,0.2438023151363107
10116,0.24009330733441234
10117,0.23871267216740985
10118,0.24038705041397893
10119,0.2439485452640697
10120,0.24174930157528113
10121,0.24762637419379843
10122,0.2464916538814115
10123,0.23840961340493788
10124,0.23479545936454246
10125,0.23213968849604127
10126,0.23499020091422354
10127,0.23755634389821015
10128,0.23797994126355992
10129,0.23366408477669454
10130,0.24862407808656842
10131,0.23364629365735923
10132,0.2416294061846479
10133,0.2344823264429734
10134,0.24464503776257038
10135,0.2350481313922001
10136,0.2402615366545598
10137,0.23174982683731096
10138,0.23108367371662353
10139,0.24564768437472778
10140,0.23127857345198952
10141,0.23822401436147753
10142,0.24502800098842734
10143,0.23991611611692998
10144,0.24112223992446544
10145,0.23957526524136685
10146,0.23339519948128598
10147,0.2393317342167651
10148,0.2356285449291203
10149,0.2409385309736394
10150,0.24072662608853942
10151,0.22916547357027178
10152,0.2331280804070354
10153,0.23797714586723986
10154,0.23946701975535653
10155,0.2362067775171679
10156,0.23843071610790426
10157,0.2518695576054238
10158,0.24172633922491957
10159,0.23801952537348475
10160,0.24242049218951792
10161,0.23378500736916616
10162,0.2394186940611265
10163,0.24250037692042883
10164,0.24466816748041276
10165,0.24621160450270427
10166,0.24299230825012075
10167,0.24853557937878476
10168,0.24749079412274017
10169,0.23556799307200538
10170,0.23464346242361134
10171,0.24173992485907572
10172,0.24073199856744795
10173,0.23405832322689235
10174,0.2254739088908121
10175,0.23128255843037993
10176,0.2424597741831963
10177,0.2304323140202785
10178,0.2387432721045928
10179,0.24297526818863757
10180,0.23533475626969433
10181,0.2385393102753479
10182,0.2351577618270967
10183,0.23793075364591187
10184,0.23090801337702382
10185,0.23784612510262104
10186,0.23416453815741822
10187,0.23140881470997907
10188,0.23600290390818515
10189,0.23951179514528756
10190,0.238061271064961
10191,0.23172747054090062
10192,0.23516859605890775
10193,0.2415661161828465
10194,0.2361093201587946
10195,0.24070620932661707
10196,0.24234538012311546
10197,0.24072383260771948
10198,0.24115930371686892
10199,0.23653021364772003
10200,0.22899053656512663
10201,0.2396335510380856
10202,0.24510320185353732
10203,0.23385164443294132
10204,0.2309970520328122
10205,0.24146816536139162
10206,0.2353716936692289
10207,0.2352916993142775
10208,0.23716342178765393
10209,0.23351769306217285
10210,0.23905372613649487
10211,0.24027501717545888
10212,0.233319363239437
10213,0.2383610353106297
10214,0.2380366426649934
10215,0.23756251384648389
10216,0.24161193952154117
10217,0.2456585972350886
10218,0.24219504309117584
10219,0.24273261678977098
10220,0.23853501896660814
10221,0.24293277383005044
10222,0.23766450749725185
10223,0.23411755436547876
10224,0.24169307525806488
10225,0.2415930497146545
10226,0.2433548563452645
10227,0.23604321000680475
10228,0.23096520230852807
10229,0.23730623844217918
10230,0.23520696283153839
10231,0.2340920638058784
10232,0.23511017027469303
10233,0.2368775293703039
10234,0.23911682020592664
10235,0.2446072292062984
10236,0.23647604458915156
10237,0.2285705639081153
10238,0.22926001996636974
10239,0.24048032288148208
10240,0.2361183446851129
10241,0.2360038582805516
10242,0.23655300528495685
10243,0.23591937256214307
10244,0.2351104750897361
10245,0.24100360520096806
10246,0.23566742437706747
10247,0.23324663269260854
10248,0.2357129493003398
10249,0.23209790299233335
10250,0.24251554841057943
10251,0.24343513780784912
10252,0.23121845712112551
10253,0.2349099353657269
10254,0.232651788640008
10255,0.23851232260224212
10256,0.23672999346670853
10257,0.23716983437732744
10258,0.2341475289997789
10259,0.23654264505431932
10260,0.23137734888633216
10261,0.23855927249006817
10262,0.23098002602012815
10263,0.23356969735103641
10264,0.23353672068771167
10265,0.2425238700972817
10266,0.23206128203622187
10267,0.23545212681647912
10268,0.24208156144597884
10269,0.2406218607865688
10270,0.24837123291780433
10271,0.2411505483563834
10272,0.23106950509421564
10273,0.23439794620384768
10274,0.23034734553684724
10275,0.23000160009349677
10276,0.23589452618743958
10277,0.23905451742568298
10278,0.23348589023121769
10279,0.2361502307887521
10280,0.22943286603530585
10281,0.227355970438482
10282,0.2344822065729331
10283,0.23181409163104716
10284,0.2406633317642204
10285,0.23083196459559452
10286,0.23243726549392454
10287,0.23309190610725697
10288,0.23641990942014013
10289,0.23102202104701472
10290,0.2383812659950242
10291,0.23265043762730903
10292,0.23407592503781013
10293,0.23085397689808032
10294,0.233945658782992
10295,0.23893280184259627
10296,0.23693961466947194
10297,0.23344501812188212
10298,0.2372656709142647
10299,0.2374341378220582
10300,0.23571156562537204
10301,0.23394498414579176
10302,0.2364942940527869
10303,0.2322617768555928
10304,0.23048587106263485
10305,0.2383154558941645
10306,0.2399824814082676
10307,0.2330424469188851
10308,0.23503654926817236
10309,0.23716692825169344
10310,0.23817303890322716
10311,0.23730032183200547
10312,0.2326733650661039
10313,0.24045526950101245
10314,0.2350108666046377
10315,0.24741506350075698
10316,0.23537603024574055
10317,0.23285103241010835
10318,0.23313013121133444
10319,0.23045943880045117
10320,0.2339334111757436
10321,0.230402369766875
10322,0.23037125656937035
10323,0.2363578375085887
10324,0.23884234365893875
10325,0.24297285915365055
10326,0.2338751828656138
10327,0.23074251962284437
10328,0.23243241894632125
10329,0.24260929485100344
10330,0.23697158644273636
10331,0.22969874401014387
10332,0.2371285749736129
10333,0.24206014673357332
10334,0.2348392882984717
10335,0.23038861606903727
10336,0.23314701478998698
10337,0.2306658918191403
10338,0.2470957308673399
10339,0.23831098490588545
10340,0.246836069774573
10341,0.2372896590661116
10342,0.23826740224379836
10343,0.24645223878218117
10344,0.23426383464902117
10345,0.24022809538657103
10346,0.23232819062790624
10347,0.23894004159434948
10348,0.23708626084335252
10349,0.23898780920291213
10350,0.23404815527105471
10351,0.24423563932344897
10352,0.24026837124935374
10353,0.25201559077843255
10354,0.2426948008847586
10355,0.22663716885575508
10356,0.2404020875868305
10357,0.24306577718737496
10358,0.23720590235919528
10359,0.2286890213260718
10360,0.24291367650367962
10361,0.23005443303197248
10362,0.22893925481326718
10363,0.23175212543543053
10364,0.23023672064916878
10365,0.2312359991167093
10366,0.24017753178303985
10367,0.23548300307471548
10368,0.22774562096973006
10369,0.23095056423765356
10370,0.23827287598171534
10371,0.2360692229415177
10372,0.2400674660553474
10373,0.23408653182239642
10374,0.23523401267820745
10375,0.23919606482030734
10376,0.23455960297829828
10377,0.2380300925196222
10378,0.24115043321390758
10379,0.23848074006599512
10380,0.24106756365074417
10381,0.23145968097163053
10382,0.23095346296971958
10383,0.23235379629195432
10384,0.23768802615065696
10385,0.2330639549294407
10386,0.24691223093276202
10387,0.2381169852236444
10388,0.2407053147183347
10389,0.24275764923401189
10390,0.24503426379972254
10391,0.24056691599982588
10392,0.24541545943065954
10393,0.22874480689701243
10394,0.24395913626919766
10395,0.23978634703732216
10396,0.24292288643715376
10397,0.23326010943620526
10398,0.24137135173022956
10399,0.23893325679299707
10400,0.23960115587218633
10401,0.2390067116306511
10402,0.22524726954426727
10403,0.23833259320689407
10404,0.23592913084975628
10405,0.2443778816955406
10406,0.23659165054333847
10407,0.2335855509741664
10408,0.23447057673817465
10409,0.24051777185677983
10410,0.24006743481184628
10411,0.23897647350755374
10412,0.24086020010380035
10413,0.2319459224330781
10414,0.23163335807919436
10415,0.24099519754766835
10416,0.2380351456144235
10417,0.2369385520624208
10418,0.23277343790964117
10419,0.23639285716319644
10420,0.23589264148202366
10421,0.229218975401678
10422,0.23449916528976839
10423,0.2319297431725689
10424,0.2312114604966815
10425,0.2369231324665978
10426,0.23334452565073574
10427,0.2355565066297923
10428,0.2384579965776721
10429,0.23560949746083826
10430,0.22994953064091397
10431,0.22656269208295926
10432,0.23048582929346986
10433,0.23049120744056545
10434,0.23415899360912085
10435,0.23423520830669717
10436,0.23747697771600826
10437,0.2403166549286396
10438,0.23601182797328515
10439,0.22744522613031168
10440,0.23355057887019337
10441,0.23311896010898575
10442,0.24628021827234253
10443,0.24197552417300247
10444,0.24125545466909024
10445,0.24080421298408622
10446,0.2326559258630572
10447,0.22934003790960872
10448,0.23959256424912612
10449,0.23986956972981385
10450,0.22678939624917288
10451,0.23018802989458365
10452,0.23056881973367324
10453,0.24778008278117786
10454,0.2368000304405067
10455,0.2342335996444661
10456,0.24182138241673531
10457,0.23820125776826193
10458,0.2366749540593115
10459,0.2394293036541553
10460,0.23002790853652966
10461,0.23801496562030425
10462,0.23067722231645088
10463,0.2329021068494349
10464,0.23129045421447517
10465,0.23213853782528276
10466,0.2367612469722576
10467,0.24182211564808279
10468,0.24488106101171475
10469,0.2384060718064745
10470,0.23544821158980836
10471,0.23558779884856143
10472,0.24179682960180243
10473,0.24795548298213602
10474,0.2362902426992728
10475,0.23431921967664335
10476,0.23549745697926325
10477,0.2367965336078786
10478,0.23477411668013692
10479,0.2467174865406639
10480,0.23425263615935277
10481,0.23886355358705322
10482,0.23731480837962518
10483,0.24147228213432348
10484,0.24513445736566078
10485,0.2376013936033259
10486,0.23199536806165438
10487,0.2379972159703771
10488,0.23304858224963826
10489,0.23545429962474398
10490,0.23072613244759463
10491,0.23129854653057547
10492,0.2341476257764615
10493,0.23945491728351442
10494,0.2329266031205592
10495,0.2344940696014472
10496,0.23130610265799012
10497,0.2384768365251853
10498,0.23291357519453576
10499,0.2410891800575985
10500,0.2419915466394702
10501,0.24310374174049687
10502,0.24039079177494319
10503,0.2354027055993895
10504,0.23305485314132315
10505,0.23250906054214282
10506,0.2276898609781003
10507,0.2292390951394348
10508,0.22427327962299212
10509,0.22876791137309527
10510,0.228241565375201
10511,0.23392531265605865
10512,0.23978231685964085
10513,0.233417102746595
10514,0.23894558380622374
10515,0.23575516295454493
10516,0.2326345500053493
10517,0.23429611214592172
10518,0.2339131653808817
10519,0.2427673650200585
10520,0.24813369405354996
10521,0.24211298536286358
10522,0.2258148601434329
10523,0.22976504289100544
10524,0.2431059080650853
10525,0.236344940408696
10526,0.23114141285852433
10527,0.24579203584100393
10528,0.2423627292814635
10529,0.23959473340290172
10530,0.24106622602604982
10531,0.22982963976063117
10532,0.23604351839294732
10533,0.23880463684941722
10534,0.24202422289500278
10535,0.23328541380086915
10536,0.2343858179746254
10537,0.23316491731754166
10538,0.23452783168139235
10539,0.230604161262378
10540,0.23543015218385183
10541,0.23398595398043295
10542,0.22946159605979724
10543,0.23480054072200318
10544,0.23166195151001842
10545,0.22828285095621917
10546,0.23286395512527625
10547,0.23894172986501833
10548,0.2364637175271528
10549,0.23773483617762914
10550,0.23759518836538682
10551,0.24461626738694017
10552,0.2371477153128234
10553,0.23349563120440325
10554,0.23669197241615034
10555,0.2344816748755331
10556,0.2338592148172399
10557,0.23143958473562917
10558,0.23526458813390524
10559,0.22943040796609546
10560,0.230494262700513
10561,0.2364991581707639
10562,0.23478803607049975
10563,0.2406035749346758
10564,0.23176629911856295
10565,0.24138005404302532
10566,0.2357333289093008
10567,0.23504843930399286
10568,0.2359755843045571
10569,0.23986657978925183
10570,0.2358974237018195
10571,0.23975128809253715
10572,0.2356308533037429
10573,0.23885126442835605
10574,0.23646913691460497
10575,0.24085454224230915
10576,0.238818322303734
10577,0.2289864853768038
10578,0.23685130514654465
10579,0.23624904577727326
10580,0.238099763376372
10581,0.23493767392209874
10582,0.2374479410099865
10583,0.23488596195853154
10584,0.2352338319007234
10585,0.23452879752232128
10586,0.2277391298836371
10587,0.2257369436734381
10588,0.2377156742205463
10589,0.2452310862144739
10590,0.23861349146078825
10591,0.23187610248155674
10592,0.23174551193959558
10593,0.2264776349336734
10594,0.22628457167421148
10595,0.23468981136730857
10596,0.233593891168804
10597,0.22799831166361376
10598,0.22790950444225966
10599,0.22822366849089593
10600,0.22636559576651796
10601,0.23414254468674378
10602,0.2253260840707313
10603,0.23741539152911637
10604,0.23334089450674275
10605,0.23869453007279348
10606,0.23583746122649957
10607,0.23787082488227868
10608,0.2401244340830851
10609,0.23667299587120225
10610,0.237906373499761
10611,0.2375723282950113
10612,0.23848031187928226
10613,0.24084502161626015
10614,0.23433410666746768
10615,0.23866911767925258
10616,0.23451932153675256
10617,0.2349903479980593
10618,0.23507212131330366
10619,0.23636589184079893
10620,0.23472945032418877
10621,0.23303258493777665
10622,0.23417377178022572
10623,0.23214963505579433
10624,0.2273017913772026
10625,0.23424940286890125
10626,0.23809724766659163
10627,0.22823332521932727
10628,0.22677600840008197
10629,0.23390666959394035
10630,0.23296669929650182
10631,0.237463345079426
10632,0.23347839452444127
10633,0.23408524263982097
10634,0.2410509890961916
10635,0.22840504069533915
10636,0.23051999869661569
10637,0.23003065800065883
10638,0.2275706656110038
10639,0.22901877305885388
10640,0.2336565170030928
10641,0.23443951317755046
10642,0.23636248733359977
10643,0.23399243171833486
10644,0.24292734842853364
10645,0.22967680751188135
10646,0.23047257809614227
10647,0.22988071734495827
10648,0.2405930754848981
10649,0.2276179171688361
10650,0.2411155754154627
10651,0.23368321454072036
10652,0.23428066260132005
10653,0.2343682738863059
10654,0.22263376263398063
10655,0.2196804734890555
10656,0.23229266247229255
10657,0.23449381763523583
10658,0.23152764012968047
10659,0.23264463934752047
10660,0.23626184511178322
10661,0.2341742471984679
10662,0.22737702270170293
10663,0.22903720583399098
10664,0.22601127693825618
10665,0.23315847968100914
10666,0.2268797730400992
10667,0.23045135995202798
10668,0.2324159627307374
10669,0.23640843458289731
10670,0.23056326430625035
10671,0.23670515572887046
10672,0.23147884675694724
10673,0.2234157267850867
10674,0.23002886856564503
10675,0.23273975191869797
10676,0.23711316147741884
10677,0.23363284701921386
10678,0.2322628448101768
10679,0.23408602909898105
10680,0.2295187391875584
10681,0.23151849676740907
10682,0.23006592522358796
10683,0.2307427546255221
10684,0.2351377842595747
10685,0.23714109597777225
10686,0.23321206000318617
10687,0.2387090036035993
10688,0.22942742020622117
10689,0.22869545789608942
10690,0.22773424919855
10691,0.2251756117752862
10692,0.22601736206686712
10693,0.23246482118780246
10694,0.23119902782369905
10695,0.2315628065612241
10696,0.2360171964758721
10697,0.22356992972538997
10698,0.23508744418940605
10699,0.23719279893636366
10700,0.2265967461529874
10701,0.23757765795237681
10702,0.2364225736176763
10703,0.237329799611228
10704,0.22812185567970236
10705,0.23618685337885156
10706,0.23188443698809574
10707,0.2340799886646122
10708,0.2299613963177149
10709,0.23766724112415918
10710,0.23116683970004265
10711,0.22681654544686544
10712,0.23606866152429157
10713,0.22603546926271445
10714,0.22648722901895235
10715,0.23281712050015674
10716,0.22968706561249624
10717,0.2314177397426618
10718,0.23785639265305997
10719,0.22897238041163792
10720,0.23223160607600052
10721,0.23426583051315747
10722,0.2394359673083899
10723,0.22865306042835484
10724,0.2279278248510673
10725,0.2294884536121704
10726,0.22233650317921524
10727,0.22932926887717242
10728,0.24078263197962171
10729,0.22501161928159177
10730,0.22667924271282644
10731,0.2296024063718313
10732,0.23590949776785344
10733,0.23512084829542163
10734,0.22628733161891545
10735,0.23141172153957595
10736,0.2282594052493682
10737,0.23438946119188067
10738,0.23140978522602454
10739,0.22851891463887047
10740,0.2304817238926444
10741,0.22779463147543091
10742,0.2257913890586258
10743,0.2288614873177148
10744,0.22655667028374973
10745,0.22982937799139708
10746,0.23605762635569194
10747,0.23376295549218198
10748,0.22319655392638804
10749,0.2280850312503846
10750,0.23032447908646192
10751,0.2284434010103686
10752,0.23092526929135865
10753,0.23292968378481113
10754,0.23165898816945976
10755,0.22813904760681442
10756,0.23251637066761782
10757,0.2292912240960394
10758,0.23781947241164578
10759,0.2253851344526235
10760,0.23498891013258938
10761,0.22913151271001167
10762,0.23512829825263015
10763,0.2323071599320091
10764,0.2297949994487531
10765,0.2341912413481506
10766,0.23393760202601735
10767,0.23153090206394625
10768,0.23470096149552944
10769,0.23626624294703183
10770,0.23825423381794894
10771,0.22947582554300774
10772,0.22950380310114196
10773,0.23274809214832234
10774,0.22250361025170706
10775,0.24430924068447596
10776,0.23392828848349242
10777,0.22781780833699344
10778,0.23818842764838244
10779,0.2320356213728365
10780,0.23715919355342807
10781,0.2347781042973863
10782,0.21466852771301645
10783,0.22284667936714933
10784,0.23231423666323728
10785,0.22634115640087069
10786,0.22074598083926755
10787,0.2236702243193627
10788,0.23244754941815357
10789,0.2235696576370148
10790,0.22585462303455334
10791,0.2295739561482224
10792,0.2294228077791975
10793,0.24092212659955625
10794,0.23421326309575094
10795,0.23346668529794468
10796,0.23730076585115817
10797,0.2281787874900239
10798,0.2321310269444521
10799,0.2335795844004309
10800,0.2444651485989096
10801,0.23453211648544728
10802,0.22970166216376556
10803,0.2353983026598967
10804,0.228035159547276
10805,0.22804654078048792
10806,0.23643227268217895
10807,0.23071335975496202
10808,0.23325600863119664
10809,0.22917398228710295
10810,0.2314599495488873
10811,0.22470672564373292
10812,0.23018399707810114
10813,0.22790679911429831
10814,0.2332093342335875
10815,0.22097516521366778
10816,0.2300672031760679
10817,0.23077260058417023
10818,0.22052553955621548
10819,0.22588159793269708
10820,0.23555041406387583
10821,0.22968059678030525
10822,0.23097241589399345
10823,0.23009923869759571
10824,0.22232751678809304
10825,0.21451048341141407
10826,0.22891831972773552
10827,0.23380010415796348
10828,0.22842506255495434
10829,0.2253686926289442
10830,0.23404733873926703
10831,0.2395401623864725
10832,0.24595366915190503
10833,0.22830197875578467
10834,0.23452895874174193
10835,0.2394668203646167
10836,0.23352477946685074
10837,0.22275191479524004
10838,0.234777073580807
10839,0.23920474875519843
10840,0.2232249085178164
10841,0.22984129469170467
10842,0.22268166118634686
10843,0.22594425923371905
10844,0.2299092650620121
10845,0.22994971213015716
10846,0.2218516834235499
10847,0.22799655693814605
10848,0.22854555575242902
10849,0.2271280587707291
10850,0.2273074590027029
10851,0.2298598793934995
10852,0.22040836194524782
10853,0.22352831074910973
10854,0.2242915675442843
10855,0.22835285388582816
10856,0.22723929162720213
10857,0.23235556464110907
10858,0.23663881184703053
10859,0.22397942531410828
10860,0.22839576306097237
10861,0.2360034372059244
10862,0.2217631151768484
10863,0.2255615019799442
10864,0.22705729809200137
10865,0.22818806870026295
10866,0.22802784413774732
10867,0.2227471715022126
10868,0.22374004759621433
10869,0.22942721028472124
10870,0.22210615653786803
10871,0.22398739268363785
10872,0.22513486741300862
10873,0.23319899656491122
10874,0.22990529424346973
10875,0.22290639438293558
10876,0.22769954481109633
10877,0.2245690924709655
10878,0.22638502387732626
10879,0.2360193426765146
10880,0.22852743312377274
10881,0.23338189844168505
10882,0.22353588564009663
10883,0.2314230703176066
10884,0.22751194967994745
10885,0.23789648462367097
10886,0.2347383384403105
10887,0.23986050135386086
10888,0.2393912329877
10889,0.2429851212313956
10890,0.23538447277013202
10891,0.2376572848725776
10892,0.23070724581626992
10893,0.23106401540767196
10894,0.22426240031410846
10895,0.2323365903758042
10896,0.22630128936418642
10897,0.23055886547158722
10898,0.2283462281110933
10899,0.2238114048646444
10900,0.22075328850040457
10901,0.22808664121799424
10902,0.22078868930433468
10903,0.22661100451807795
10904,0.22758923450108529
10905,0.22037871932310654
10906,0.22787507924112343
10907,0.21906662532787788
10908,0.2221070712467405
10909,0.22751347996274712
10910,0.229156002046407
10911,0.22554630803413434
10912,0.2296580607720956
10913,0.22455844677449638
10914,0.22265831252661877
10915,0.22464669130179687
10916,0.22751273168827396
10917,0.2274401366676799
10918,0.22682020787776946
10919,0.2236525275917224
10920,0.23350587432359549
10921,0.23245993053162292
10922,0.22476085717755
10923,0.22890495941808886
10924,0.23077469868370631
10925,0.2319423866822079
10926,0.23383358023176676
10927,0.22918342437939773
10928,0.23211707050872374
10929,0.2289326705314121
10930,0.23718674727942854
10931,0.23994922185524764
10932,0.22707721795959598
10933,0.2254838076199556
10934,0.23033231345479055
10935,0.22608763153740427
10936,0.2232998771765504
10937,0.22660966704503782
10938,0.2338462384873177
10939,0.21971118447073634
10940,0.2294645718348037
10941,0.22864798907829886
10942,0.2298004406000178
10943,0.2284682473050904
10944,0.22504044028557166
10945,0.22359623139917062
10946,0.2322055144479924
10947,0.22802212969438476
10948,0.22811812896131475
10949,0.2353340676228187
10950,0.22804448178929287
10951,0.22969082854997958
10952,0.22971043200964902
10953,0.2281000256617898
10954,0.23021009641991988
10955,0.2242831067592671
10956,0.23885646157751106
10957,0.22487810270989972
10958,0.23073724190367764
10959,0.23636403136607004
10960,0.22936111033794204
10961,0.2268121356304896
10962,0.2414235736303389
10963,0.2299605965833905
10964,0.23167662196240013
10965,0.22940222608996433
10966,0.23409208624388972
10967,0.22879736541537588
10968,0.2276113802992061
10969,0.2383851868208049
10970,0.22680447444380522
10971,0.22569017836669544
10972,0.23764553696212007
10973,0.22512672199961423
10974,0.22713207040933506
10975,0.2174743971920482
10976,0.23551033593885662
10977,0.2263976705457885
10978,0.22993347056521538
10979,0.23075358695465087
10980,0.22899684903225254
10981,0.23441613043755075
10982,0.2238274223497859
10983,0.2265023588140759
10984,0.22681033526380195
10985,0.2232910383833819
10986,0.22732598390474507
10987,0.22794553949472154
10988,0.2320768711858945
10989,0.23158814417437884
10990,0.2284582902531187
10991,0.22879385228849916
10992,0.2323751481938608
10993,0.23058461597098823
10994,0.2219080398773801
10995,0.22142462282783237
10996,0.2341168799106875
10997,0.22497473120375255
10998,0.2374100409288151
10999,0.2282426010849289
11000,0.23689793663454262
11001,0.2212829233597257
11002,0.2297211926569469
11003,0.23658095560272044
11004,0.23110499816763627
11005,0.2303814847714066
11006,0.22724787661150628
11007,0.2278411373124581
11008,0.22999214314123445
11009,0.22427335291792055
11010,0.23730441391381116
11011,0.22406728023995617
11012,0.22805436700300125
11013,0.22543369069394684
11014,0.22803658024548737
11015,0.2257916809897746
11016,0.2244606668180576
11017,0.2298478892538131
11018,0.23120810023040558
11019,0.2171324438987355
11020,0.22706815706971076
11021,0.22832355977651334
11022,0.2157355228796012
11023,0.22928479531376905
11024,0.22076166649712597
11025,0.2227852040622677
11026,0.2259699013828285
11027,0.23226489823009497
11028,0.22405287849006697
11029,0.22438048448082867
11030,0.22201789606074115
11031,0.22195144688956078
11032,0.22339395629015116
11033,0.2315082694955309
11034,0.22237925913042525
11035,0.22877329964164206
11036,0.22797387201139996
11037,0.2309706224905169
11038,0.22630644300006275
11039,0.23515875472487893
11040,0.2317372253665157
11041,0.23383404835440566
11042,0.221932265957246
11043,0.23164844499957937
11044,0.2254603076160373
11045,0.23573014560483235
11046,0.22571729743645502
11047,0.22935411073959464
11048,0.2262939119506882
11049,0.23623349287299092
11050,0.23046296723184695
11051,0.22954619164099985
11052,0.23030038801433989
11053,0.2277597520115418
11054,0.23008748906694035
11055,0.23217992739250223
11056,0.2307454340292291
11057,0.22590330067828132
11058,0.23264377913272372
11059,0.23231579913401906
11060,0.222848301844946
11061,0.22622753036209206
11062,0.22353138225444308
11063,0.2389512492088045
11064,0.22294126200866993
11065,0.22133444798278137
11066,0.23244427208077081
11067,0.2230724342966898
11068,0.2315178987267411
11069,0.2288626780365862
11070,0.2250187454860542
11071,0.23374815183056857
11072,0.22582468674474365
11073,0.23057824249848144
11074,0.22065797690831745
11075,0.22997554483181704
11076,0.22170884530251428
11077,0.22619441194538237
11078,0.23507321766118933
11079,0.2257281620407934
11080,0.22533562395422335
11081,0.21674658615747797
11082,0.22849260267498994
11083,0.2283981151401304
11084,0.23285966579465373
11085,0.22512759256334744
11086,0.2185247984355223
11087,0.2158133904715486
11088,0.21448524843191627
11089,0.22015592133691575
11090,0.2350143288424396
11091,0.22324460579337352
11092,0.2295176791956491
11093,0.22399007311853808
11094,0.22063969848675494
11095,0.23428319567044692
11096,0.22682824370363378
11097,0.23520947806614312
11098,0.22860263938118175
11099,0.22723796279178865
11100,0.23235606192102917
11101,0.23416615002539565
11102,0.22789566994458507
11103,0.2249399356344367
11104,0.2331046531418501
11105,0.2213910148849555
11106,0.22412509110831438
11107,0.22331291319614643
11108,0.2262941229496795
11109,0.23569765622363273
11110,0.22551630468558082
11111,0.23341709414247638
11112,0.2333985173667386
11113,0.23005293255787126
11114,0.23297926786923515
11115,0.22677694063622536
11116,0.22977771674333097
11117,0.2250869261969443
11118,0.23861096503962073
11119,0.2309321809303019
11120,0.226662094404301
11121,0.23674854355647273
11122,0.2351847704131104
11123,0.2283230645479179
11124,0.22866754797955965
11125,0.23456335874261583
11126,0.23161444825444588
11127,0.21806434766892352
11128,0.23258100963751058
11129,0.21866604033785397
11130,0.22488471897565215
11131,0.22110414036735282
11132,0.225614816074316
11133,0.22646646621184693
11134,0.22895682788004973
11135,0.2270299764239497
11136,0.2275820502974331
11137,0.2301494655367787
11138,0.21999003619115887
11139,0.21770529604033223
11140,0.2233516502919039
11141,0.22593190959152337
11142,0.22864993027534933
11143,0.2340043292846093
11144,0.22765242281634213
11145,0.22552906873078896
11146,0.23083676038135148
11147,0.22649458944355477
11148,0.2244008326252976
11149,0.2360769864315734
11150,0.23325989843303516
11151,0.21945975276264104
11152,0.21945631212738845
11153,0.22825392283987214
11154,0.2254977433807778
11155,0.21955965189915386
11156,0.22627324573593297
11157,0.23864312187365344
11158,0.2367806185261797
11159,0.22748963993474375
11160,0.2320306176922767
11161,0.22605855371922107
11162,0.22718678193641575
11163,0.22511133359468433
11164,0.21851085733220582
11165,0.21872043333683394
11166,0.22912051729099836
11167,0.22377866420904827
11168,0.22618088646538928
11169,0.22202278144693588
11170,0.22631683842908176
11171,0.22840000814998945
11172,0.22120112467833425
11173,0.22447416714360927
