aval,lambda,lambda_sem
0.81,0.40817302660485383,8.273735388188887e-5
0.82,0.41384417043696253,7.99559772256436e-5
