aval,lambda,lambda_sem
0.74,-0.2705347834688961,6.473018035332842e-5
