aval,lambda,lambda_sem
0.6,-0.4818273578311068,NaN
0.7,-0.31969572631892135,NaN
0.8,0.0013136325104492047,NaN
