t_step,value
413,0.247367884145173
414,0.2650344251141087
415,0.260573713356983
416,0.2504778021875011
417,0.2679050381235061
418,0.2570199119028696
419,0.2580974460666504
420,0.2642680831057965
421,0.2568740926508742
422,0.2554840836203657
423,0.2518955426094815
424,0.2604918527817972
425,0.2579118000993406
426,0.258876141275183
427,0.2668101808949405
428,0.2545449901669766
429,0.2567554846948524
430,0.2506962131040597
431,0.2563321516733671
432,0.2543051749340476
433,0.2575458148205822
434,0.2631615962992916
435,0.2568067862239802
436,0.2605976681052977
437,0.2643617950422426
438,0.2585073706575544
439,0.2572337521761282
440,0.2602564978711
441,0.2562273476723629
442,0.2659928553101867
443,0.2573571123881326
444,0.2619751657667857
445,0.2587009765440843
446,0.2573311510678695
447,0.2627445517786211
448,0.2666633725812827
449,0.2651070622098773
450,0.2679819232693696
451,0.2680185091766492
452,0.2592351841291793
453,0.2711188858019729
454,0.2630309383250537
455,0.2635589540707586
456,0.2626694820778593
457,0.2706853149219725
458,0.270385915639351
459,0.2656136006723074
460,0.2563513337401038
461,0.2653361669195724
462,0.2725802073619411
463,0.2681488308288647
464,0.2678212593330778
465,0.2529501603821975
466,0.2695541197002552
467,0.2664558495793377
468,0.2758191755087319
469,0.2639170850687853
470,0.2754897778847913
471,0.2648774559266034
472,0.2617095500015337
473,0.2745129853687271
474,0.2635203720220507
475,0.2703501951881107
476,0.2738142807139762
477,0.2617998881742093
478,0.2671305677983631
479,0.2646647059454004
480,0.275168944395659
481,0.270248366917439
482,0.2774537531214832
483,0.256460102374337
484,0.267077727275866
485,0.2637260187394065
486,0.2610419822625967
487,0.2684371449683175
488,0.2624189302975961
489,0.269080242622011
490,0.2650509639612995
491,0.2720309904783454
492,0.2642336575483501
493,0.2686846340730521
494,0.2682606093865192
495,0.26707262596905
496,0.2659130857783706
497,0.2749354301279451
498,0.2585694100323722
499,0.2664001773612064
500,0.2648826586909562
501,0.2621205997209781
502,0.2609346234555424
503,0.2723202799328382
504,0.2750784562747653
505,0.2653487722028543
506,0.2692793042102602
507,0.270094394964414
508,0.2715528745603783
509,0.2689406861506732
510,0.2574771868271578
511,0.2644706722306476
512,0.2743554972472202
513,0.2592091661288018
514,0.279303800343341
515,0.2662016083020167
516,0.2674533978596918
517,0.2726129421123031
518,0.2670570133542974
519,0.2688277130983867
520,0.2684438162324498
521,0.2761195800279572
522,0.2644316016074303
523,0.2673446830563337
524,0.2798950179700945
525,0.2777089109551555
526,0.2612510426008925
527,0.2744888232392242
528,0.2733944635521932
529,0.2726953789172573
530,0.2654726022115578
531,0.2821036609909436
532,0.2684145074303172
533,0.2653293452928189
534,0.2711258235582988
535,0.2709879200395529
536,0.2789687574161186
537,0.2680593985986418
538,0.2723746446424493
539,0.2746873598415654
540,0.2673194128547434
541,0.2838639257278853
542,0.264718994693152
543,0.2733202014253266
544,0.2793955808513529
545,0.2764905081408242
546,0.2782894346397492
547,0.2615747255927198
548,0.2725529766149688
549,0.2727305018565908
550,0.274146576124389
551,0.2798465154743389
552,0.2671210830146137
553,0.270748472647456
554,0.2733026975903013
555,0.2705044028115499
556,0.279248044616456
557,0.2754528512199004
558,0.2666727962916465
559,0.2804503953124522
560,0.2642918519453213
561,0.2754055426156024
562,0.2757550548374802
563,0.278681900475098
564,0.2672594385980585
565,0.2851392054973637
566,0.2716652658549379
567,0.2720471267974687
568,0.2787720081661416
569,0.2788362692903111
570,0.2731893837003221
571,0.2679518434189415
572,0.2744214685801703
573,0.2829362460309952
574,0.2707484055148578
575,0.2798157768579864
576,0.2708388680581368
577,0.2752535258985575
578,0.2860392623671605
579,0.2837037200157625
580,0.2754311684026937
581,0.2758350898856652
582,0.2740883701205711
583,0.2767577773537487
584,0.2724765146762213
585,0.2756406969576983
586,0.2784543752814857
587,0.274421555784975
588,0.2833212555362443
589,0.2789973085307443
590,0.2772810467968953
591,0.2797537135796686
592,0.2712404511750985
593,0.2810085019434472
594,0.2859124474033264
595,0.2747482853861018
596,0.2757195918006728
597,0.2900430335397539
598,0.286261570522394
599,0.276822286864792
600,0.2824861439789861
601,0.2686964314291464
602,0.2828641490511616
603,0.2769538250937995
604,0.2747992737473486
605,0.2730669315691191
606,0.2854572520467031
607,0.2759497450452795
608,0.2736261383310012
609,0.2742895619058492
610,0.2728526925428744
611,0.280155233197355
612,0.276728395575085
613,0.2767849442242782
614,0.2737895385265641
615,0.280848670810533
616,0.2684611829316186
617,0.2846701885786227
618,0.285776582511013
619,0.2792348737952158
620,0.2768090781899874
621,0.286214977924154
622,0.2798227325894389
623,0.2806956907082285
624,0.2825672547266599
625,0.2784228050882814
626,0.2755817948452139
627,0.2811260794892334
628,0.2796926618132139
629,0.2760018661205388
630,0.2808823284925552
631,0.2857512823548745
632,0.2828967555732057
633,0.2732857221136606
634,0.2820550736726359
635,0.2810440394053863
636,0.2889331592668483
637,0.2688495212858528
638,0.2809910194195414
639,0.2789555474956346
640,0.2809602318820836
641,0.2822551607563364
642,0.2759628723784312
643,0.2759561388133302
644,0.2830007231001099
645,0.2782778164884826
646,0.2798458810569763
647,0.2730896854186823
648,0.2808672214250775
649,0.280288735978775
650,0.2783677415722705
651,0.2831813116072684
652,0.2698357748271723
653,0.2808564380501971
654,0.2694838631640697
655,0.2883978950000415
656,0.2892499537900994
657,0.2731334903065486
658,0.2766825804693846
659,0.2851519181721275
660,0.2754727524140325
661,0.289483272888085
662,0.2697131093985205
663,0.2850764814267358
664,0.2811593269402561
665,0.2825665444224455
666,0.2780359579384368
667,0.2767885372748611
668,0.2826750723778303
669,0.2776052321588029
670,0.2841407006089674
671,0.2893571736698938
672,0.2767537859961781
673,0.2856094028951755
674,0.2882681522153913
675,0.2765374720383361
676,0.2934202898371875
677,0.2804460241081082
678,0.3014921417000319
679,0.2804755780413824
680,0.2754891451851645
681,0.2799659429942451
682,0.2862905353716283
683,0.286202852343567
684,0.2878677746998385
685,0.2848521739462559
686,0.281092413068519
687,0.2813147521963563
688,0.2837588108506294
689,0.2940851551192188
690,0.2829455408020129
691,0.2882346250510623
692,0.2780550602454429
693,0.2757236073994545
694,0.2760030287581426
695,0.2841835822576509
696,0.2780169103479657
697,0.2995854704225635
698,0.2852684982975212
699,0.2829293464237283
700,0.2791341725471775
701,0.2796707894162396
702,0.2824998535642262
703,0.2819193867668534
704,0.2786861278215698
705,0.2828211245671225
706,0.2833098819589921
707,0.2868863188893678
708,0.2962747221614614
709,0.2867250199555536
710,0.2912368439962406
711,0.2784919079619328
712,0.2957146462112685
713,0.2817554132902642
714,0.2842449731252456
715,0.2955424778620432
716,0.2856994281466882
717,0.2830897717366042
718,0.2836863909388327
719,0.2776384069574049
720,0.2895263191037705
721,0.2812667012634702
722,0.2893555735566108
723,0.2897127473094327
724,0.2896870789397121
725,0.2924786490132937
726,0.2883608951807859
727,0.2895281250903637
728,0.2881506467878136
729,0.2841599531954674
730,0.2833960434101038
731,0.286957145700605
732,0.2853946070385139
733,0.2894093014645579
734,0.2936679692805349
735,0.2879370121514308
736,0.2892045470640959
737,0.2875314012963023
738,0.2793581624518356
739,0.2835918328168373
740,0.2922339445529168
741,0.2943923147288946
742,0.2901397314124892
743,0.2768156792156976
744,0.2827510339360501
745,0.2898771627943293
746,0.2777013598102884
747,0.2791832855841418
748,0.2829295234765526
749,0.2951086221752392
750,0.2895554673311283
751,0.2881104106657871
752,0.2848907450591746
753,0.2906001627372169
754,0.2886037119802391
755,0.2823564723486022
756,0.2837626985804546
757,0.288496984094964
758,0.289158673549554
759,0.2907760830073059
760,0.2882916661379228
761,0.2765852075101784
762,0.2867979029323497
763,0.2821977359921775
764,0.2836452328272868
765,0.2941424115567068
766,0.2821440541666776
767,0.2834501843713543
768,0.2927514651436575
769,0.2842868904624836
770,0.2936618800135802
771,0.284756094698083
772,0.2888927172720726
773,0.2907054870489021
774,0.2856806270540233
775,0.2851305237147502
776,0.2832147687874719
777,0.2920013083807647
778,0.2909559467702475
779,0.2879244421761167
780,0.2931568809983934
781,0.2899173018998254
782,0.2947638470218868
783,0.2874586470971539
784,0.2815063041429342
785,0.2937371562993401
786,0.2875824586869414
787,0.2833822850632513
788,0.2861058117946663
789,0.2906979165338346
790,0.2831499818035494
791,0.298241624982973
792,0.2822360211349743
793,0.2832094449302674
794,0.285005141934056
795,0.2990976720898511
796,0.2860640406152748
797,0.2868242502365781
798,0.2942144546270031
799,0.2892450451108032
800,0.2904205612404813
801,0.2918162056176087
802,0.2954345653657561
803,0.282311967447858
804,0.2922430786096553
805,0.2953082869670091
806,0.2944788236983307
807,0.2933676844061527
808,0.2979920860533384
809,0.2997167358592768
810,0.3015657219548879
811,0.2973957721479238
812,0.2841986198717552
813,0.2861092719344991
814,0.2949336649219195
815,0.2948841153406939
816,0.2892671021804321
817,0.2881695407454747
818,0.2922329409698416
819,0.2957359855699405
820,0.3071128593665387
821,0.3020358246098338
822,0.2955984155050544
823,0.2859465382340637
824,0.303946577218016
825,0.3010929291866567
826,0.2904432553122847
827,0.2859375619513974
828,0.2855975425582754
829,0.2889799009391372
830,0.3028185357964704
831,0.2868872492984212
832,0.295921541618169
833,0.2936201852628649
834,0.289561703139969
835,0.2952893719818561
836,0.2903553078623477
837,0.2858460202743534
838,0.2843636370068682
839,0.2936927806625978
840,0.2923976724510284
841,0.2961634336618168
842,0.2955746674769347
843,0.2998408144956371
844,0.2996245207412493
845,0.2915357915297546
846,0.2890053008805862
847,0.295830754776233
848,0.3002458184325379
849,0.2936888209953424
850,0.2805142564340518
851,0.2882401472635653
852,0.2939474728198916
853,0.2974026040985421
854,0.2962116461277871
855,0.2868859041199806
856,0.2913108796893036
857,0.289799689233191
858,0.3058156475010555
859,0.3021103111616428
860,0.2872249746450112
861,0.2970529989045773
862,0.3046101827191936
863,0.2864614736854418
864,0.2883230506258339
865,0.2954905880957964
866,0.298150568570443
867,0.2957775283382936
868,0.2931548789628599
869,0.3003000925708548
870,0.2984297355550119
871,0.3001207606254233
872,0.3020231683411749
873,0.2960336069094155
874,0.2960648884226253
875,0.2913210784254474
876,0.296884781980958
877,0.2875475447765205
878,0.3000054102642536
879,0.3031382835708361
880,0.2931411150431229
881,0.2906404182196301
882,0.3066781237916517
883,0.3036446519928795
884,0.3005367308319402
885,0.2880904333638343
886,0.2998000211936765
887,0.292856529410419
888,0.2912376190478027
889,0.2908921952613039
890,0.2873833907338465
891,0.3026310005146773
892,0.2980906129080769
893,0.3053563555280993
894,0.3002891551876144
895,0.2934128196724097
896,0.2933985469027129
897,0.2982901849434292
898,0.3001150490781418
899,0.290917611087855
900,0.3084823478650669
901,0.2908291272215061
902,0.2943057022874081
903,0.2929700278247244
904,0.296868890099016
905,0.2847134298607967
906,0.3060095122392257
907,0.3002972675517631
908,0.2951903195174883
909,0.2970752992467134
910,0.2977202561348251
911,0.3007537061700146
912,0.2992546461918673
913,0.302789936594766
914,0.2964524843373267
915,0.2941872328927633
916,0.3007608588628431
917,0.3064759924537561
918,0.2959169664043687
919,0.2925304683020493
920,0.3091595763681705
921,0.2987246756563321
922,0.2944878296289768
923,0.2960500708117128
924,0.3035016342748178
925,0.297917184831586
926,0.2999235193085478
927,0.2970749114373339
928,0.3026844617865021
929,0.3003437174189147
930,0.3039641518550465
931,0.2983063782363889
932,0.3014728758327998
933,0.3053187309407273
934,0.3004801241297853
935,0.3003792698638575
936,0.2988737786197947
937,0.3084563687998025
938,0.3064901494157451
939,0.2970405322038107
940,0.305874435836202
941,0.3022742074366468
942,0.2962562673336443
943,0.306491320086196
944,0.3075756198566375
945,0.2996992229264203
946,0.3062433250941219
947,0.299093483363794
948,0.2985421709158063
949,0.3013897812106619
950,0.2950722412707636
951,0.3028121706984355
952,0.2985458827641321
953,0.2986397010608314
954,0.2971015887162016
955,0.2942427649253022
956,0.2939128309190829
957,0.2995312186005419
958,0.3027907004038086
959,0.3091670693559403
960,0.2913318439838844
961,0.2933710427544546
962,0.3120545601878866
963,0.3044926646306312
964,0.29804670981194
965,0.3088843176829099
966,0.3028789771051173
967,0.302620012926372
968,0.3016678353322306
969,0.307750665779788
970,0.3083535075311114
971,0.2978937676338931
972,0.2994063210895528
973,0.3000890338273285
974,0.2986431235587393
975,0.3057132927638615
976,0.3067007532455101
977,0.2982563783606069
978,0.2970362878848075
979,0.3005057471267053
980,0.3090742014067381
981,0.3038173226413383
982,0.3006367804446857
983,0.3008574604612332
984,0.2999305296470373
985,0.2934073486153372
986,0.3004069467855771
987,0.3087970422318969
988,0.2981866420872253
989,0.3092753193322119
990,0.3002984312908568
991,0.3025920839554066
992,0.2959070403445474
993,0.3103553672825998
994,0.305779629766624
995,0.2974148094221772
996,0.3063508777362875
997,0.3052388865140783
998,0.2980100566046469
999,0.3097688355892929
1000,0.305554098221739
1001,0.3071332072222121
1002,0.2971393686087874
1003,0.3019177012605736
1004,0.2990250222199411
1005,0.304758752320292
1006,0.3010121929821516
1007,0.2970095811941161
1008,0.3132227108909439
1009,0.3042948459625161
1010,0.3083469195534039
1011,0.3145491298369999
1012,0.3004633082215628
1013,0.2999074381791735
1014,0.3012041277602179
1015,0.310397274741285
1016,0.3124719011441211
1017,0.3050427596312129
1018,0.3065608728320852
1019,0.3118052086877075
1020,0.3065523742168399
1021,0.297334572776354
1022,0.2999543644652738
1023,0.3074036575048355
1024,0.3112462981939095
1025,0.3038894154699776
1026,0.3029679829695983
1027,0.3007821406766172
1028,0.2997720104120379
1029,0.3115265788630442
1030,0.3060503523720903
1031,0.3066829466236141
1032,0.3031511083520554
1033,0.311380930447935
1034,0.3042260547170766
1035,0.2957915818509435
1036,0.2958711002351428
1037,0.3189132207999963
1038,0.3023053544089987
1039,0.3042867854584858
1040,0.3082697868993385
1041,0.3067280331810786
1042,0.3075774920867993
1043,0.3002613020642597
1044,0.3102794257617143
1045,0.3142323298885166
1046,0.3113785654158953
1047,0.3084283761226532
1048,0.3127628743782391
1049,0.3078714145219034
1050,0.3183104116341232
1051,0.3034347484994066
1052,0.3101618259946584
1053,0.3060520775472759
1054,0.3126763844593486
1055,0.3101647691787304
1056,0.3050827636597246
1057,0.3186003430849465
1058,0.3129742280092534
1059,0.306605505340637
1060,0.3091580961629135
1061,0.3025910987360909
1062,0.3091873503711622
1063,0.3155791111871438
1064,0.3096724946056361
1065,0.3150897328690312
1066,0.3041260774852811
1067,0.3105764812403734
1068,0.3067271256025555
1069,0.3081539070715367
1070,0.3170607948909968
1071,0.3069093323186667
1072,0.309630245504556
1073,0.3110772992148279
1074,0.3122228869710898
1075,0.3062884396317133
1076,0.3065217342756748
1077,0.3146718895836411
1078,0.3035019106265531
1079,0.3199514470424748
1080,0.3056975422614069
1081,0.3123288291754786
1082,0.2976293962460415
1083,0.3018758809681156
1084,0.3107053620691176
1085,0.3128974718969162
1086,0.3108385187687315
1087,0.3066232969684295
1088,0.3123453584654458
1089,0.3166638073758825
1090,0.3107090462797922
1091,0.3155813729660464
1092,0.3183395923842154
1093,0.3131181000070394
1094,0.3061574926097636
1095,0.3140978281671913
1096,0.3101379211155088
1097,0.3079398885426669
1098,0.309726556910688
1099,0.3091813239838738
1100,0.3135949186057417
1101,0.3203157920162705
1102,0.3194632405977997
1103,0.3075688996985633
1104,0.3115378513379337
1105,0.3050045358940292
1106,0.316092753459075
1107,0.3090486439146217
1108,0.311023203791539
1109,0.3095430446448338
1110,0.3143497738070631
1111,0.3019436278159841
1112,0.3001771148834662
1113,0.3194594566974967
1114,0.3183549064568099
1115,0.311805139153714
1116,0.3169044317569905
1117,0.3154752342734024
1118,0.3135913579533838
1119,0.3071681877267242
1120,0.3101430445331828
1121,0.3090024167108294
1122,0.3119780798351433
1123,0.3066337229327591
1124,0.3122518154820849
1125,0.3015976348334653
1126,0.3127040607748806
1127,0.3202125194233489
1128,0.3128941372095975
1129,0.313648231333625
1130,0.3131818508618602
1131,0.3097597625311197
1132,0.3149769357776013
1133,0.310194026512378
1134,0.3086225586750633
1135,0.3090869077777267
1136,0.3200939468718092
1137,0.308056593394541
1138,0.3084578360434465
1139,0.3217116882954515
1140,0.304238121761083
1141,0.3130909546985012
1142,0.3127464381838807
1143,0.3188805271694177
1144,0.2990475187731011
1145,0.3069390057799341
1146,0.3159074253115418
1147,0.3127152416502751
1148,0.3095598518017072
1149,0.312956289020635
1150,0.3059846087103152
1151,0.312902169600932
1152,0.3158353739300548
1153,0.3167614661617224
1154,0.3184091463238717
1155,0.3151100800297547
1156,0.3169454299624635
1157,0.3111906213507214
1158,0.3159400838549986
1159,0.322275488663812
1160,0.3103451114129886
1161,0.3087402256495829
1162,0.3177151333908145
1163,0.3162946689609083
1164,0.3164563602042044
1165,0.3153408747317738
1166,0.3125283293037865
1167,0.3102532734350992
1168,0.3126959183578784
1169,0.315376636092228
1170,0.3192153381764402
1171,0.3159132798468749
1172,0.3097496815840729
1173,0.3119259961928906
1174,0.3237496146928494
1175,0.3108766358413121
1176,0.3129329482842289
1177,0.3085319505785389
1178,0.2975702219667062
1179,0.3241779955741533
1180,0.3305327456691918
1181,0.3193153660292461
1182,0.3138919532879423
1183,0.3154077039507142
1184,0.3160201361293525
1185,0.3228829021612983
1186,0.3178584553938102
1187,0.3183861678789104
1188,0.323074349922858
1189,0.306229657474885
1190,0.3198912277829648
1191,0.3134482000197872
1192,0.3217376412479594
1193,0.3180699043331451
1194,0.3219271113407638
1195,0.3101375499351984
1196,0.3236562803566838
1197,0.3153896563784948
1198,0.3203663884450186
1199,0.310235123277401
1200,0.3179580518291583
1201,0.3086137761020913
1202,0.3123913196935557
1203,0.303660866082773
1204,0.3090322037654844
1205,0.3169873918499306
1206,0.3092917182908433
1207,0.3159759535381286
1208,0.3151879670156308
1209,0.3121429392283043
1210,0.3189958271598954
1211,0.3185061768685013
1212,0.3118116782665459
1213,0.3205488933845984
1214,0.3158241676512011
1215,0.3165593230273287
1216,0.3119731575644069
1217,0.3093857905417227
1218,0.3126398043235825
1219,0.3133100464032466
1220,0.3183269086899988
1221,0.3225226736532928
1222,0.3157154413552802
1223,0.3201550674626703
1224,0.3150361814193528
1225,0.3275986493431005
1226,0.3143230233183048
1227,0.3258917164493137
1228,0.3144575118472257
1229,0.3123768397944684
1230,0.3086677622253742
1231,0.3172434015305198
1232,0.3092388247519522
1233,0.3114036976859361
1234,0.3218568963060324
1235,0.3091538469254848
1236,0.3135586498301922
1237,0.3093859815433284
1238,0.3219913482238719
1239,0.3255713975613571
1240,0.3171374190250635
1241,0.3157281750838944
1242,0.3221272422427937
1243,0.3146891790405255
1244,0.3244014774354363
1245,0.3149998146675062
1246,0.3205518487116276
1247,0.3263874909121694
1248,0.3120350790074426
1249,0.3107397844208533
1250,0.3138484870380204
1251,0.3189268878837921
1252,0.310465494230513
1253,0.312450522587574
1254,0.3112505766124297
1255,0.3195350781001207
1256,0.3164380236715259
1257,0.3180048827952786
1258,0.3181810944572877
1259,0.3138729109146481
1260,0.322251392790843
1261,0.3185828706746041
1262,0.3235580609743211
1263,0.3217782864639286
1264,0.3177287275204832
1265,0.3102004319207683
1266,0.3231482876630623
1267,0.320342202563882
1268,0.3236414098904425
1269,0.3161666940504145
1270,0.3227721030843578
1271,0.3150756866686111
1272,0.3221499291868967
1273,0.3130100655471645
1274,0.3219868124138446
1275,0.3150351175106066
1276,0.3187660352722474
1277,0.3227682717412841
1278,0.323116820061159
1279,0.3206212518308656
1280,0.3244079762606337
1281,0.3193165470903306
1282,0.3172488316310419
1283,0.3239257001555503
1284,0.3223671008110553
1285,0.3145614392833745
1286,0.3256363259762059
1287,0.3144751400083413
1288,0.3224794325835782
1289,0.315998866137791
1290,0.3250462676188226
1291,0.3141455656342959
1292,0.3217475286096976
1293,0.320015079175595
1294,0.3226937455460785
1295,0.3158737286638426
1296,0.3113045914225947
1297,0.3101377014074029
1298,0.3193265576125375
1299,0.3188955531152659
1300,0.3138168081828698
1301,0.3159575675049325
1302,0.3163497208431584
1303,0.3244078553500679
1304,0.3149266227369184
1305,0.3136061398777656
1306,0.3250140104563769
1307,0.3179194145855194
1308,0.3101434156967462
1309,0.3237542932485956
1310,0.3137990685241599
1311,0.3198170095740051
1312,0.3209935412811615
1313,0.3146240741443338
1314,0.309885209811316
1315,0.3249565597944474
1316,0.3221830594256852
1317,0.3242208681319852
1318,0.3237776235314927
1319,0.3255990043178443
1320,0.3283545127067943
1321,0.3179841258302845
1322,0.3210337589018575
1323,0.3278856055130579
1324,0.3211756628287263
1325,0.3198696358578982
1326,0.3250978978881213
1327,0.3248318952943174
1328,0.31597222009027
1329,0.3207318608459527
1330,0.3116541520126542
1331,0.3127752454110531
1332,0.3215140470830554
1333,0.3235222470888641
1334,0.3220850048099371
1335,0.3160899822604944
1336,0.322601285826059
1337,0.3223489328450338
1338,0.3270958402018104
1339,0.3223909729189136
1340,0.3228732546417683
1341,0.3168127428018756
1342,0.3159565178569964
1343,0.3194251944572266
1344,0.3180538222515383
1345,0.3199802053848266
1346,0.31152250926927
1347,0.3154766309113297
1348,0.3207796885021658
1349,0.3175302761808062
1350,0.3217332682113095
1351,0.3206773037070378
1352,0.3235414391235194
1353,0.3171737712470317
1354,0.3287577899454535
1355,0.3200673476881133
1356,0.3140292815101992
1357,0.324504160448504
1358,0.323292021487079
1359,0.3211169770982893
1360,0.3070735148760128
1361,0.3211782838770739
1362,0.3192578265507261
1363,0.3203044150478898
1364,0.3293198207791561
1365,0.3348936043001529
1366,0.3271955725980384
1367,0.3187151320165192
1368,0.3151279839515624
1369,0.311291841537584
1370,0.3203706938734959
1371,0.3212210189999543
1372,0.3245507223564421
1373,0.3263604814242798
1374,0.3264076355384771
1375,0.3257580577756139
1376,0.3247574765058132
1377,0.3318761700826909
1378,0.3266166431660485
1379,0.3263848189490637
1380,0.328247343121104
1381,0.3105881457046175
1382,0.3208551256863153
1383,0.3322303674999685
1384,0.32651322743596
1385,0.3273241858015341
1386,0.3218173298060335
1387,0.3204099951095278
1388,0.323025995612186
1389,0.3163206750453135
1390,0.3353431536343031
1391,0.3177978551100063
1392,0.3256064510708895
1393,0.3264882281583492
1394,0.3223402533268926
1395,0.3279549299144279
1396,0.3224173874880991
1397,0.3266199649559752
1398,0.3150374676458303
1399,0.31638438667412
1400,0.3122207162533018
1401,0.3200924402216349
1402,0.3316445892388546
1403,0.3231098891617208
1404,0.3107931452131615
1405,0.3152299528870477
1406,0.3161572720309624
1407,0.3189829711949768
1408,0.3242248276570393
1409,0.3248491400371081
1410,0.3215753578099214
1411,0.3237311665130596
1412,0.3329924299135789
1413,0.3152411803532039
1414,0.3197495799470405
1415,0.3186872400763546
1416,0.3253488188497632
1417,0.3270126934404035
1418,0.3222175355649189
1419,0.3269289129208385
1420,0.3180560426029145
1421,0.326772463363966
1422,0.3167836045311261
1423,0.3207148272146023
1424,0.3229828322197524
1425,0.3207177207235014
1426,0.3257141604831408
1427,0.3230740830166413
1428,0.3233105784284435
1429,0.3251689973189147
1430,0.331916273337955
1431,0.3256806661021109
1432,0.3348101513822161
1433,0.3254523634789054
1434,0.3253230111019217
1435,0.3308845050467243
1436,0.3367136573047048
1437,0.3285914834377043
1438,0.3338045862158166
1439,0.3236910301638278
1440,0.3282703944794317
1441,0.3213755853262252
1442,0.3266634558758384
1443,0.3251721443679021
1444,0.3315905050305486
1445,0.3210819521083429
1446,0.32616159332628
1447,0.3236305327711326
1448,0.3242780905881201
1449,0.3373195501660469
1450,0.3259212252402578
1451,0.3295291837429552
1452,0.3214366668001973
1453,0.3362881769223966
1454,0.3243004777946587
1455,0.3293872268403039
1456,0.3262144054604085
1457,0.3216450763125983
1458,0.3227222514342421
1459,0.3325467090638485
1460,0.3248386252791341
1461,0.3259459912021252
1462,0.3201758105425603
1463,0.3237728945413404
1464,0.3258252827423858
1465,0.3258687250185241
1466,0.3291885249231673
1467,0.3184002445813754
1468,0.3183860708525501
1469,0.3275673919102961
1470,0.3189043974109358
1471,0.3253640997529561
1472,0.3228755903544783
1473,0.3195346408703478
1474,0.3286427045373387
1475,0.3244327720886283
1476,0.3181310451149495
1477,0.328996861321632
1478,0.3215960494477422
1479,0.3355709869367191
1480,0.3243171169861041
1481,0.3193845956190336
1482,0.3202607475542081
1483,0.3206725009870508
1484,0.3179548991784684
1485,0.3253021899858081
1486,0.317476449382874
1487,0.3232325673766096
1488,0.3212210473929181
1489,0.3259946248465829
1490,0.3248577918521733
1491,0.3238611641922103
1492,0.321879906105239
1493,0.3328175021613878
1494,0.3277640059187466
1495,0.3330292378334014
1496,0.3300158093816956
1497,0.3316387772491425
1498,0.3285977744912629
1499,0.3248540263164174
1500,0.3220421830150374
1501,0.3351905337594006
1502,0.3303217932050881
1503,0.3161770520753467
1504,0.3196236210654556
1505,0.3226845356745747
1506,0.3301196971284464
1507,0.328426410645466
1508,0.3293142632753153
1509,0.3235513725960597
1510,0.3173985379425134
1511,0.3298072206790892
1512,0.3243064859926892
1513,0.3255705949613423
1514,0.3187971097967154
1515,0.3258042089714332
1516,0.3329101924132745
1517,0.319196417338483
1518,0.3198632791910625
1519,0.322751402689486
1520,0.3295083698512239
1521,0.3229651028610708
1522,0.3238886143578494
1523,0.3353941595382191
1524,0.3217488007226928
1525,0.3252483405825622
1526,0.3179434981406145
1527,0.3156168411872536
1528,0.3255992199821167
1529,0.3281858840526962
1530,0.323299613251095
1531,0.3291577440605285
1532,0.3261877007481368
1533,0.3222124379417511
1534,0.3251781920063996
1535,0.3200020583042891
1536,0.3262721395863547
1537,0.3304048788173322
1538,0.3227300871139957
1539,0.3279828255199521
1540,0.3238339918198046
1541,0.3276780776614866
1542,0.330398355003358
1543,0.3192030582758337
1544,0.3328698712202252
1545,0.3266929203791868
1546,0.3277385140282777
1547,0.3215166414724812
1548,0.325877987039083
1549,0.342202972599942
1550,0.322413283866839
1551,0.3221252972712208
1552,0.3175462881946612
1553,0.3296877036819646
1554,0.3319797467847574
1555,0.3320750162576483
1556,0.3284243463094828
1557,0.332851547566461
1558,0.3343270351303659
1559,0.3238392542575822
1560,0.3186565567502313
1561,0.3159637682613345
1562,0.3235569129935406
1563,0.3300435672081994
1564,0.336733793241581
1565,0.3224710269218168
1566,0.3300342856493364
1567,0.3325564540722012
1568,0.3279665931246652
1569,0.3238816760185173
1570,0.3210714583129914
1571,0.328141192255823
1572,0.3267190949601997
1573,0.3271356819529069
1574,0.322189234350721
1575,0.3218468690144475
1576,0.3264658206412761
1577,0.3302896985979137
1578,0.3261077968381302
1579,0.3245827801098178
1580,0.3292200461911077
1581,0.3278850598069193
1582,0.3205503765456051
1583,0.3252238467838683
1584,0.3280763099260339
1585,0.3325545712836276
1586,0.3246733148235308
1587,0.3188905772513284
1588,0.3313659211399596
1589,0.3213781040702382
1590,0.3301771243711726
1591,0.3260633023961282
1592,0.3331674866054688
1593,0.3316280852957417
1594,0.3293421072614897
1595,0.3291557394021848
1596,0.3304765632619661
1597,0.3231064139793162
1598,0.3357658592653942
1599,0.3292161221522476
1600,0.3275556552561922
1601,0.3267410410741971
1602,0.3362306362765587
1603,0.3296482942881555
1604,0.3268214723690021
1605,0.3314767373838238
1606,0.3244087385183403
1607,0.3260484990187646
1608,0.3293235286626281
1609,0.3302699239935299
1610,0.3184752897344204
1611,0.3362044051843054
1612,0.3219783097522536
1613,0.3332788530501842
1614,0.3322638111151131
1615,0.3313675689239096
1616,0.3277833758482779
1617,0.3268830596701965
1618,0.3307053958864615
1619,0.3282472465094342
1620,0.3239397320588187
1621,0.3287387516412202
1622,0.3322964380446488
1623,0.3232064528758916
1624,0.3371662316113883
1625,0.3244561048424889
1626,0.3224636484408477
1627,0.3375244853808653
1628,0.3341048112965238
1629,0.3272214155187629
1630,0.3294067838059433
1631,0.3308342010759884
1632,0.3248783793747076
1633,0.3326495752028476
1634,0.323958475194807
1635,0.3254617118368603
1636,0.327121148104911
1637,0.3325504196729643
1638,0.3351892785006422
1639,0.3283416618616287
1640,0.3366394347338909
1641,0.3399784500819195
1642,0.3281580918065782
1643,0.326044725963958
1644,0.3215475104089292
1645,0.3280058794490488
1646,0.3313788593621057
1647,0.3294330788450811
1648,0.3297332830283085
1649,0.3266172011600063
1650,0.3266277305093727
1651,0.3290851846098667
1652,0.3357759785840686
1653,0.3293141124328052
1654,0.3286118540151641
1655,0.3328523267275239
1656,0.3362945538743292
1657,0.3290697697940506
1658,0.3311218215562703
1659,0.3301970528951334
1660,0.3366207209334811
1661,0.3343758705554314
1662,0.3253515670577478
1663,0.3265318849149586
1664,0.3296332153616465
1665,0.340576559192558
1666,0.3385146055297109
1667,0.3338769895209838
1668,0.3321009434724936
1669,0.3349707329011627
1670,0.3311888157537746
1671,0.3242064955214879
1672,0.3375121029232267
1673,0.3350489570179565
1674,0.3335064382003235
1675,0.3314430943458264
1676,0.3288813638894368
1677,0.3307040045332698
1678,0.3335216713836597
1679,0.3315030632213763
1680,0.3339482766198422
1681,0.333235612058002
1682,0.3302662913606187
1683,0.3245700349439168
1684,0.3362941583838076
1685,0.3301559988610411
1686,0.3314139684986823
1687,0.3303609485552541
1688,0.3368533112604177
1689,0.3256403239592229
1690,0.3356525448923124
1691,0.3290621135156489
1692,0.3352274618374411
1693,0.3474176044603683
1694,0.3290350665068512
1695,0.3304938686365734
1696,0.3191524567422917
1697,0.329864713342645
1698,0.3339217269943021
1699,0.3327296115831917
1700,0.3317888858117944
1701,0.3293572253589161
1702,0.3341230245320527
1703,0.3288190989781625
1704,0.332708846253679
1705,0.3283864782017725
1706,0.3290566505599157
1707,0.3372118975568582
1708,0.3361777705348852
1709,0.3366855307335928
1710,0.3306698831993324
1711,0.3309526285145843
1712,0.3384089292792155
1713,0.3268524788560529
1714,0.3165902519472413
1715,0.3273017102382063
1716,0.3365528801236014
1717,0.3335217860048818
1718,0.3277756303695174
1719,0.332529760990096
1720,0.3390189229477511
1721,0.3351874713564075
1722,0.3273402933023928
1723,0.3298508452055805
1724,0.3333821539611977
1725,0.3256716508026535
1726,0.3429280151112465
1727,0.3242396824761966
1728,0.3339629963299025
1729,0.3278500794365933
1730,0.3355501254357455
1731,0.3335736167013138
1732,0.3213065194849351
1733,0.327936850600486
1734,0.3298570799634662
1735,0.3296027705781574
1736,0.3380196076305686
1737,0.340254444161569
1738,0.3371775853317787
1739,0.3342535068130285
1740,0.3367397210089182
1741,0.3298299221262725
1742,0.3215785505581535
1743,0.3311360028179123
1744,0.3363066694873826
1745,0.3224937790983588
1746,0.326523579537843
1747,0.3316264550737302
1748,0.3346713182868681
1749,0.330511219513652
1750,0.3285267316008974
1751,0.3334056979413227
1752,0.3370097911557363
1753,0.3323324250551112
1754,0.3393269963912084
1755,0.3318787914075278
1756,0.338398180822388
1757,0.3392368296668108
1758,0.3364525396651086
1759,0.3349802884264874
1760,0.3332727408229231
1761,0.3334154456841648
1762,0.3362832967390802
1763,0.3357244540163828
1764,0.3312646814259361
1765,0.337688227421629
1766,0.3410670128352345
1767,0.3368951676061772
1768,0.3354904515230393
1769,0.3233642427357973
1770,0.3330868994892377
1771,0.3362481564727486
1772,0.3372923420355186
1773,0.3408035329844286
1774,0.3330894017987843
1775,0.3314742751660731
1776,0.3305905643879041
1777,0.3399361970498706
1778,0.3430689668755787
1779,0.3267530079170985
1780,0.3409865033137654
1781,0.3300114483774564
1782,0.3371588211695025
1783,0.3292938503643046
1784,0.3408310679702667
1785,0.3378231817471585
1786,0.3406915491535602
1787,0.3415460526995197
1788,0.3305812852440837
1789,0.3326582441477077
1790,0.3383028487791791
1791,0.3360115157461547
1792,0.3280519241562674
1793,0.3310554745331949
1794,0.3419824099928343
1795,0.330652975015358
1796,0.3352190552651689
1797,0.3376648412244282
1798,0.3288317160411082
1799,0.3318684894800066
1800,0.3381023686891355
1801,0.343975392796303
1802,0.3342601961466293
1803,0.3483887858792777
1804,0.3321524894012405
1805,0.3419034410963802
1806,0.3415869729853419
1807,0.3376248056010112
1808,0.3313592246001092
1809,0.3325564382279079
1810,0.3476717626842065
1811,0.3326040880942139
1812,0.3374950106081833
1813,0.3242223014539223
1814,0.3343558367518442
1815,0.3293664287634776
1816,0.3355425171963908
1817,0.3370957240823571
1818,0.3431250831756939
1819,0.3278927177107322
1820,0.331949978126373
1821,0.3316961750497797
1822,0.3304033566112218
1823,0.3344668779706605
1824,0.3410765505682366
1825,0.3341086663093921
1826,0.3371227715248659
1827,0.3365304798202221
1828,0.3451790726979605
1829,0.3224756886509172
1830,0.3425411834986432
1831,0.3371705949459014
1832,0.3417073070822594
1833,0.341835488664708
1834,0.3394407073505137
1835,0.3503129828888895
1836,0.3346883848744876
1837,0.3297419678236665
1838,0.3337540744188124
1839,0.3383834834475377
1840,0.3369980877846085
1841,0.3441249396835591
1842,0.326581400502907
1843,0.3347498775651341
1844,0.3358366688479075
1845,0.3424114332288043
1846,0.3442533606686024
1847,0.3418657542292209
1848,0.3401755722842441
1849,0.3346963207829971
1850,0.352118164381736
1851,0.3359244906104934
1852,0.3347242478261048
1853,0.3456050164705025
1854,0.3348481303384357
1855,0.3360155909350379
1856,0.3367444618065233
1857,0.3318428492942458
1858,0.3415786192836846
1859,0.3387267040202741
1860,0.3377937738597084
1861,0.3352111787385582
1862,0.3372019778441558
1863,0.3408664612560168
1864,0.3440725399163006
1865,0.3446185310009529
1866,0.3326059117679099
1867,0.3318452650240616
1868,0.3372260963785779
1869,0.3353467826845317
1870,0.328675171941859
1871,0.3318237695946957
1872,0.3259859538954636
1873,0.3397356547704555
1874,0.3365437865122066
1875,0.3344565096736318
1876,0.3381320219451533
1877,0.3366803227938011
1878,0.3362117854990978
1879,0.3343588148461242
1880,0.3388890349277678
1881,0.3372211452623748
1882,0.3383264037750833
1883,0.3317788986492465
1884,0.3330014445557651
1885,0.3387469894138218
1886,0.348978423587069
1887,0.334098995040863
1888,0.3366723449097064
1889,0.3356049972197671
1890,0.3354839118361991
1891,0.3431384124230064
1892,0.3393383745281103
1893,0.33690716273116
1894,0.3402414540998465
1895,0.3357078453889036
1896,0.3426431878941568
1897,0.3413890355540288
1898,0.3425478286388315
1899,0.3405399107179445
1900,0.3386565081925488
1901,0.3489216180016127
1902,0.3334176147213881
1903,0.333973621318274
1904,0.3302385355465129
1905,0.3259001217228918
1906,0.3323775386300806
1907,0.3321869386818544
1908,0.3369042321757839
1909,0.3273800527784146
1910,0.3409830438459627
1911,0.3379919892531779
1912,0.3338293053969512
1913,0.3303850155420696
1914,0.3393434806131404
1915,0.3341339395125124
1916,0.338291373783913
1917,0.3342028001785947
1918,0.3393192903220045
1919,0.3380582875391883
1920,0.3516937572857693
1921,0.3376984106443603
1922,0.3375546691658124
1923,0.3349928760250283
1924,0.3460880184427894
1925,0.3406954831011509
1926,0.3279223336450521
1927,0.3399390740525675
1928,0.3451520620023915
1929,0.3360209662288135
1930,0.3332614417355299
1931,0.3397462629287588
1932,0.3422392301009251
1933,0.3301233262040834
1934,0.3463094584621397
1935,0.3416855598883594
1936,0.3326400895967485
1937,0.3436274869006528
1938,0.3369985458028952
1939,0.3374823307605525
1940,0.3428651922419325
1941,0.3358910895075865
1942,0.3332384632197643
1943,0.3369631750600912
1944,0.3393265871893993
1945,0.3243312110338615
1946,0.3372803697146052
1947,0.334294585202288
1948,0.3441522467424297
1949,0.337124748287378
1950,0.329754412972225
1951,0.3396544327321904
1952,0.3397650696490726
1953,0.3289051160937733
1954,0.3402409854978593
1955,0.3360908107543056
1956,0.3340852492399228
1957,0.3293312222054008
1958,0.3340572172279308
1959,0.3452179996589755
1960,0.3345548199703517
1961,0.3428632080758748
1962,0.3431402300880006
1963,0.3259242624967832
1964,0.3309352909455223
1965,0.3516908885938641
1966,0.3331180024130595
1967,0.3300372226124106
1968,0.3407079280589571
1969,0.3357879986782749
1970,0.3415998684066562
1971,0.3401544300034024
1972,0.3338460174746262
1973,0.3455881680954691
1974,0.3373665177972601
1975,0.3389068076211486
1976,0.3307208562495298
1977,0.3336264066522023
1978,0.3411335486342477
1979,0.3353973780474407
1980,0.3498022098726551
1981,0.3484281274957336
1982,0.3399871308839924
1983,0.341475777875841
1984,0.3432139657056411
1985,0.3343649750039542
1986,0.342660759416178
1987,0.3446977052568825
1988,0.3449847387149334
1989,0.3295752436330858
1990,0.3381606147139395
1991,0.3346132768598332
1992,0.3380948429309696
1993,0.3298525545478137
1994,0.3418991006938136
1995,0.3415709011370678
1996,0.3455675091750983
1997,0.3378904220565042
1998,0.3342439117456656
1999,0.346836196275131
2000,0.3372903577117782
2001,0.3335955473518457
2002,0.3404788936307364
2003,0.3422611003193741
2004,0.3273592879596789
2005,0.3392951189038185
2006,0.3396213603610616
2007,0.3278404203755812
2008,0.3328639170449564
2009,0.3360732715006653
2010,0.3332128699057002
2011,0.3413879745198061
2012,0.3373818488739828
2013,0.3431599938935241
2014,0.3321733000426506
2015,0.342007150568539
2016,0.3366802410548335
2017,0.3352537863071516
2018,0.3341724957362066
2019,0.3440816194241947
2020,0.3327678696372669
2021,0.3273943710483945
2022,0.3303100492433668
2023,0.3352523343506943
2024,0.3415678313209829
2025,0.3423373608446632
2026,0.3392103940453448
2027,0.3329827095229621
2028,0.3400498898533479
2029,0.3357558810667067
2030,0.333859445539759
2031,0.3386712757678451
2032,0.3404561009519303
2033,0.3397456046138016
2034,0.3470144061759671
2035,0.3353534760152009
2036,0.3392113169619153
2037,0.3405326927130185
2038,0.3405400461070911
2039,0.3432356457017735
2040,0.3431195423746835
2041,0.337736551378922
2042,0.3375007706026728
2043,0.334753476889378
2044,0.3384742751005405
2045,0.3371085439577516
2046,0.3419764114478636
2047,0.3375996781430661
2048,0.3396783209809502
2049,0.3405192344335625
2050,0.3438395510798341
2051,0.3323147397734794
2052,0.3361630407760371
2053,0.3313427843465371
2054,0.3342408299339133
2055,0.3464868943543466
2056,0.3435457129169851
2057,0.3330530172224952
2058,0.3412030329478541
2059,0.3448855136225995
2060,0.3399096792771205
2061,0.3475184573146257
2062,0.3399582342783288
2063,0.3379066594943555
2064,0.3394370573638697
2065,0.3371968513207076
2066,0.3471200030927114
2067,0.3361070710840904
2068,0.3441975149363058
2069,0.339740468785092
2070,0.3427719549416956
2071,0.3414894733629012
2072,0.3493809840759269
2073,0.3430710396496995
2074,0.3331842364706496
2075,0.3412202779714851
2076,0.3349970597110918
2077,0.3445967248415281
2078,0.3465056606778877
2079,0.3320430429974987
2080,0.3370141997036606
2081,0.3415925688708202
2082,0.3434391448193346
2083,0.3372667355548518
2084,0.3419416433659714
2085,0.354404887702075
2086,0.338532981538671
2087,0.3373105361748292
2088,0.3365551656462391
2089,0.3449847926168104
2090,0.3329970762547968
2091,0.3454672194775953
2092,0.341984945373002
2093,0.3467799076733504
2094,0.3437108448975482
2095,0.3395643550302853
2096,0.3442619636556018
2097,0.3395155339932278
2098,0.3392930847960483
2099,0.3407952095873755
2100,0.3380253651398902
2101,0.3497869781369968
2102,0.3427797729627482
2103,0.3377669960900205
2104,0.348327544766851
2105,0.3376472599480453
2106,0.3437369491794277
2107,0.3510828618092832
2108,0.3369580742849391
2109,0.3442535354155612
2110,0.3388750888036338
2111,0.3419869547791535
2112,0.345176739809215
2113,0.3465823896702826
2114,0.3350258631088444
2115,0.3421756231215062
2116,0.337402339553847
2117,0.3389322102043443
2118,0.3443445871784607
2119,0.3447216691116427
2120,0.3423396226696948
2121,0.3432117437614985
2122,0.3462386652482606
2123,0.3516995688394339
2124,0.3314153006568113
2125,0.3452484461712395
2126,0.3359781039275081
2127,0.3469068323104426
2128,0.3387494379277475
2129,0.3417211170178828
2130,0.3403989565370038
2131,0.3417019587823088
2132,0.3449811698987683
2133,0.3414827446180299
2134,0.3416323198343228
2135,0.3456497558506172
2136,0.3368570741388456
2137,0.3397985454481302
2138,0.3394672395969648
2139,0.3466788610115291
2140,0.3505800206717026
2141,0.3448892886334428
2142,0.3401853923317945
2143,0.3470991493956296
2144,0.3474988619626011
2145,0.3468140108376545
2146,0.3376442445098942
2147,0.3462925315667609
2148,0.3478614186749909
2149,0.34097660584063
2150,0.3445074178207571
2151,0.3477371562054336
2152,0.3369222926426886
2153,0.3338754907174076
2154,0.3511270894061281
2155,0.3402194990334871
2156,0.3455311241958936
2157,0.3436621253982507
2158,0.3472251764343847
2159,0.3414157338727903
2160,0.351128260180323
2161,0.3437405436606623
2162,0.3485115909266862
2163,0.3302861132246947
2164,0.3423696141791861
2165,0.3359155822659754
2166,0.3441066524410107
2167,0.3333953585875686
2168,0.3375605222246788
2169,0.3441125779236164
2170,0.3386307751018194
2171,0.3385504968815288
2172,0.3472900389010659
2173,0.3386125499960584
2174,0.3430511668031165
2175,0.3287818944200688
2176,0.3493102919826438
2177,0.3462480812780431
2178,0.3482949386409622
2179,0.3480741022793694
2180,0.3526259682840447
2181,0.3447642934840617
2182,0.3440765416964679
2183,0.3408098066259377
2184,0.3302091634339638
2185,0.3532542402563114
2186,0.337481460947017
2187,0.3413294415598517
2188,0.3380634161150375
2189,0.3398924363454331
2190,0.3407684731532872
2191,0.3416282254736744
2192,0.3421854839684268
2193,0.3430243861607039
2194,0.3495243773500506
2195,0.3417448014167787
2196,0.3425415921642303
2197,0.3461075241573388
2198,0.3409310021338592
2199,0.3381722369877419
2200,0.3345877690285421
2201,0.3554083735779506
2202,0.3384805181483947
2203,0.3471044844714852
2204,0.3471442378995862
2205,0.3443670721479564
2206,0.3400991961595449
2207,0.3399360655802114
2208,0.3490661171196634
2209,0.3435966459283027
2210,0.3428347189013858
2211,0.3420175796940322
2212,0.3421509257682804
2213,0.3532289022839003
2214,0.3390083040080788
2215,0.3373803444982419
2216,0.3482467057964798
2217,0.3335801275442638
2218,0.3369931227804041
2219,0.3417170833548953
2220,0.3375243845395537
2221,0.3404085316037893
2222,0.3366502883832271
2223,0.3418209528343088
2224,0.3494382473516
2225,0.3446991757394523
2226,0.3295828573322884
2227,0.3437216314672657
2228,0.3407642538857424
2229,0.3496466871721568
2230,0.3345594996744976
2231,0.3455814104792409
2232,0.3471994204496861
2233,0.3465940770254667
2234,0.3443058675543713
2235,0.3384457400265089
2236,0.3400806037147706
2237,0.3441306266677139
2238,0.3417689837360526
2239,0.3441080672313542
2240,0.3497288613483404
2241,0.3525200849005263
2242,0.3320321039113922
2243,0.3403847255935531
2244,0.3462325832481578
2245,0.3351115428851485
2246,0.3463654134279529
2247,0.3309693504248878
2248,0.3366711033698819
2249,0.3470341652479236
2250,0.3433960944324413
2251,0.3478155133376092
2252,0.344227306305931
2253,0.3479348123499235
2254,0.3382746286117932
2255,0.3432257027497235
2256,0.3427501144957662
2257,0.352671238860327
2258,0.3431011818073433
2259,0.3423879870201714
2260,0.3493769284723462
2261,0.344547919185817
2262,0.3405714012724198
2263,0.3320932038141408
2264,0.3383788185470042
2265,0.341116592346591
2266,0.3433694489389195
2267,0.3419364223837966
2268,0.3421280985236298
2269,0.3486500662676573
2270,0.3508520862366673
2271,0.339933214686037
2272,0.3572373593782147
2273,0.3410342359975913
2274,0.3430374333835418
2275,0.346125809026713
2276,0.3430542580528536
2277,0.3496211855598732
2278,0.3420420617377352
2279,0.3464273039364782
2280,0.3447434863799143
2281,0.3454279018502625
2282,0.3470948314911985
2283,0.3449156062155732
2284,0.3419147070991901
2285,0.3450233021391893
2286,0.340969145463406
2287,0.3402304547194474
2288,0.3374231499441557
2289,0.3404377155188529
2290,0.3475321790395774
2291,0.3418167655918418
2292,0.3414313239239612
2293,0.3420817518715436
2294,0.3516296785978521
2295,0.3467837811817604
2296,0.3408564749766808
2297,0.3405286778023262
2298,0.3473436900280736
2299,0.3372984286549228
2300,0.3497000145157137
2301,0.3481335401704515
2302,0.3462444173442492
2303,0.3325735024316351
2304,0.3549123038084564
2305,0.3413789398865738
2306,0.3385154075730568
2307,0.3486934010347749
2308,0.3419502380622564
2309,0.3497043575294289
2310,0.3523073435725228
2311,0.3471405721959945
2312,0.3444157069926027
2313,0.3413707553417786
2314,0.3343626856329288
2315,0.3485461861857319
2316,0.3508270278059175
2317,0.3450763355729221
2318,0.3538437538436595
2319,0.3486747437296703
2320,0.3488098353625359
2321,0.3434062187785113
2322,0.3454701402886813
2323,0.3366011730548351
2324,0.3396925327597312
2325,0.3465884000880052
2326,0.3419787628601623
2327,0.3413722981536285
2328,0.3352034706041845
2329,0.3401196223478251
2330,0.3535097684503874
2331,0.3459092245120544
2332,0.3367958800308053
2333,0.3427497729868869
2334,0.3490570487149461
2335,0.3504164459662764
2336,0.3427405045450206
2337,0.3437345708209817
2338,0.3457125666212631
2339,0.3419006078090702
2340,0.3467059780688619
2341,0.3404162160180467
2342,0.3419642743431216
2343,0.3366649546936871
2344,0.3483634903619786
2345,0.3424192177838633
2346,0.3466821567130126
2347,0.3402629101251865
2348,0.3469958619485192
2349,0.3486863583896706
2350,0.346889443956051
2351,0.3390653300757357
2352,0.3423265048492181
2353,0.3392949337235531
2354,0.3350389943217292
2355,0.3510900224676492
2356,0.3458897995539158
2357,0.3450930219620881
2358,0.3422389803441384
2359,0.3500397402539058
2360,0.342148855281792
2361,0.3509082863780269
2362,0.3365783297123704
2363,0.3433878681951973
2364,0.3412235573630946
2365,0.3459415040307048
2366,0.3469820487806833
2367,0.3426104911879865
2368,0.3436130639665172
2369,0.3387302743916893
2370,0.3469867010234871
2371,0.3489249551405249
2372,0.3517353532999784
2373,0.3456861701974733
2374,0.3471313582083992
2375,0.3573277159677063
2376,0.348813450861533
2377,0.3514930826790423
2378,0.339453861481031
2379,0.3429096366156725
2380,0.3408217064179502
2381,0.3485150465698161
2382,0.3431269890649243
2383,0.3465694425159386
2384,0.3404746528517446
2385,0.3487148012872569
2386,0.3495907704146897
2387,0.3452889391807331
2388,0.3451029551987557
2389,0.3439960769376233
2390,0.3474637143339479
2391,0.3499533376768918
2392,0.3509405856443102
2393,0.3496764120513229
2394,0.3491406316171481
2395,0.3499971503956177
2396,0.3407150509523611
2397,0.3472850671719639
2398,0.3558556663000694
2399,0.3478962381404412
2400,0.337596542492451
2401,0.3489173601925162
2402,0.3493577246571028
2403,0.3475857315958788
2404,0.3511202390856394
2405,0.3412115191178527
2406,0.3394593345620055
2407,0.3516117462533266
2408,0.3525511914435695
2409,0.3468615395189436
2410,0.3518811327327938
2411,0.3452842171676126
2412,0.3483513229099587
2413,0.3513405709806814
2414,0.3484545322410567
2415,0.3531590599774066
2416,0.3488685349383039
2417,0.3421358503770777
2418,0.3382964579747232
2419,0.3501867728319837
2420,0.3513159321520445
2421,0.3542157580165676
2422,0.3466584522244136
2423,0.3441417478341115
2424,0.3556190461892171
2425,0.3457040751052131
2426,0.3462866227576426
2427,0.3436554769929482
2428,0.34603576752067
2429,0.3440638609534612
2430,0.3488121869047385
2431,0.347078173064616
2432,0.3409477103475808
2433,0.337356013354842
2434,0.3471492445714941
2435,0.344664170501685
2436,0.3437215327171632
2437,0.354158436360898
2438,0.3437091846747084
2439,0.3512379461560121
2440,0.3466547219856918
2441,0.3424590047113999
2442,0.3447513892238942
2443,0.3379013903328078
2444,0.341534065373594
2445,0.3572241979961341
2446,0.3448365991638383
2447,0.3508201943108193
2448,0.3499324659265998
2449,0.349746735579181
2450,0.3474112794692057
2451,0.3488205901388365
2452,0.3439778662600731
2453,0.3404306995275923
2454,0.3431545814458497
2455,0.3440861070163377
2456,0.3454008186484774
2457,0.3470646505708276
2458,0.3467925035547852
2459,0.3453774267913243
2460,0.3424576903745863
2461,0.352727118373285
2462,0.348602907246917
2463,0.3531639269675138
2464,0.3512193409005467
2465,0.3507365555951907
2466,0.3536470725066286
2467,0.3431357976002386
2468,0.3431796731474127
2469,0.3428428999120782
2470,0.3515158633713334
2471,0.3431215579714431
2472,0.3497923671516397
2473,0.3489547402488117
2474,0.3482494706130019
2475,0.3525758194531657
2476,0.3427806765573785
2477,0.3448042509870763
2478,0.3469078305132348
2479,0.3499946531160579
2480,0.3463088911610439
2481,0.3423167707067567
2482,0.3409477708421864
2483,0.3578955544374539
2484,0.3401383969337276
2485,0.3468205102679365
2486,0.3456121438676282
2487,0.3434817776976939
2488,0.3428715855312765
2489,0.3446085452552319
2490,0.3488559892234507
2491,0.3447894933088062
2492,0.3412522605784862
2493,0.3455621499808732
2494,0.3508496883512402
2495,0.3397101916577969
2496,0.3397579278529197
2497,0.3458314064236368
2498,0.3483304418342368
2499,0.3483575721660933
2500,0.3493152264830578
2501,0.3476102068486968
2502,0.345788428920851
2503,0.3469658210225844
2504,0.360160187383252
2505,0.359081631567711
2506,0.3380095523300915
2507,0.3390511916210223
2508,0.3409090574366859
2509,0.3421519064526085
2510,0.3454935704254654
2511,0.3465904774226551
2512,0.3521826529924585
2513,0.3602933212530354
2514,0.3502198066811532
2515,0.3533302715413769
2516,0.3477408506387452
2517,0.3541342504749698
2518,0.3492084425108481
2519,0.3498733846578855
2520,0.3492001527616173
2521,0.3518935754566927
2522,0.3481931593905317
2523,0.3441707224888408
2524,0.3548982275889499
2525,0.3505457321072034
2526,0.3446313935124045
2527,0.3478911214567003
2528,0.3482424048565431
2529,0.3517428171472648
2530,0.3462040179454922
2531,0.350721655916526
2532,0.3481885040523151
2533,0.3510573189863974
2534,0.3406962992203602
2535,0.3549794826813714
2536,0.3473823779177192
2537,0.3404629165055663
2538,0.3450783263835035
2539,0.3553612756592262
2540,0.3505865576387247
2541,0.3578285841027395
2542,0.3396321057236249
2543,0.3594325886263548
2544,0.3472219044087448
2545,0.3421451110722167
2546,0.3495274092427293
2547,0.3440288223648768
2548,0.3437686989289287
2549,0.346605845974004
2550,0.3467015371433226
2551,0.3477295454639101
2552,0.3429174336714667
2553,0.340361186978209
2554,0.3467390957632068
2555,0.3511709949485333
2556,0.3516117423399517
2557,0.3445029997706745
2558,0.3533825978794032
2559,0.3520637931324974
2560,0.3468897939067057
2561,0.346220531945619
2562,0.3461487708261423
2563,0.3392287815411485
2564,0.3467170586336416
2565,0.3512517910729324
2566,0.3462547468493203
2567,0.3523787458448196
2568,0.3469613285955291
2569,0.3428748468560483
2570,0.3442710650662339
2571,0.3520646021202067
2572,0.352926392457468
2573,0.3514230191358655
2574,0.3480546379796941
2575,0.3505200461070857
2576,0.3518330839367067
2577,0.3452267499280062
2578,0.3376944860932339
2579,0.3490475779825268
2580,0.3446687377221095
2581,0.3397762975112052
2582,0.3476685502225125
2583,0.3471644087185073
2584,0.34565019771331
2585,0.3539315389242012
2586,0.3420764464208587
2587,0.3470807796579133
2588,0.3516858474174782
2589,0.3489843817723606
2590,0.3412474339702799
2591,0.3494447938335168
2592,0.3569396057251984
2593,0.3493157914593155
2594,0.3514110478238719
2595,0.3462570104270548
2596,0.3528963445432992
2597,0.3522925118984769
2598,0.3482880393351894
2599,0.3512094455577842
2600,0.357109284442661
2601,0.3422787029256211
2602,0.351879330835868
2603,0.3483722603516904
2604,0.3533335855284194
2605,0.3594758131343791
2606,0.3444653800618119
2607,0.3506880218001765
2608,0.3465008119449509
2609,0.3460167755045741
2610,0.3459120671751137
2611,0.3519220529713141
2612,0.3485714621444716
2613,0.3514257960421253
2614,0.348761740642131
2615,0.3468260091017799
2616,0.3430367308417527
2617,0.3534946767349491
2618,0.3558521275239404
2619,0.3628330715294303
2620,0.352109992623774
2621,0.3420610260741129
2622,0.3498149450635685
2623,0.3466608647011869
2624,0.356043934577526
2625,0.3556841100784082
2626,0.3509974882199881
2627,0.3538288489546589
2628,0.3542134969688221
2629,0.3591956089637599
2630,0.3418926673249189
2631,0.3448838650275976
2632,0.3536856482345373
2633,0.3444837391841194
2634,0.3503455261473838
2635,0.3462016838197717
2636,0.343030645588982
2637,0.3498150175043198
2638,0.3475576393938434
2639,0.3556610328207881
2640,0.3477842101375001
2641,0.3467439634447861
2642,0.3454143093465731
2643,0.3523901606759284
2644,0.3463842589261995
2645,0.3526988989038372
2646,0.3511697346615995
2647,0.3494791622737854
2648,0.3428629994264848
2649,0.3585929136255075
2650,0.3493783620591901
2651,0.3531937082232537
2652,0.3495739268578182
2653,0.3580157246348399
2654,0.3546356677959352
2655,0.3481604511385797
2656,0.3516614637802092
2657,0.3517833654706599
2658,0.3505588395685362
2659,0.353316069759703
2660,0.3562277164428902
2661,0.3538895715610575
2662,0.3440850668502655
2663,0.3536678367767008
2664,0.3412692246418269
2665,0.3485264374702769
2666,0.3440088384124063
2667,0.3524616895115692
2668,0.3520941380490658
2669,0.3529261271452395
2670,0.3530887746665124
2671,0.3470281738869636
2672,0.3459236719582338
2673,0.3479178723358495
2674,0.3480289662648347
2675,0.3494779613158134
2676,0.3470444933527059
2677,0.3438707635976636
2678,0.3514476159762044
2679,0.3510382045415093
2680,0.3518878699508621
2681,0.3424184468750925
2682,0.3495922787711057
2683,0.3519149690114919
2684,0.3415563402800605
2685,0.3644871112790603
2686,0.3457105408123546
2687,0.3570038026854138
2688,0.3540048460449057
2689,0.33621795390582
2690,0.3488944674601115
2691,0.3482764625432971
2692,0.3568398331584838
2693,0.3606617553634263
2694,0.3469508359870708
2695,0.3495785076285206
2696,0.3481256303881807
2697,0.3457384610452192
2698,0.3459918789379572
2699,0.3487314567334691
2700,0.3481213480705602
2701,0.3424040879755392
2702,0.3557843763095968
2703,0.3549955867252263
2704,0.3503366145018743
2705,0.3453544648084137
2706,0.3342413828190513
2707,0.3604779422834326
2708,0.3426303139766655
2709,0.345195564196455
2710,0.352241614401001
2711,0.3431083780739414
2712,0.3497602442795705
2713,0.3536643414811491
2714,0.3505274553968375
2715,0.3517635286799916
2716,0.3509836036967488
2717,0.3440285925901292
2718,0.3478566102432636
2719,0.3539889698194572
2720,0.354616071914993
2721,0.3490184956483438
2722,0.3453050864356941
2723,0.3512907180535368
2724,0.3574424835972806
2725,0.3535551314026935
2726,0.3419996808054621
2727,0.3478278193131575
2728,0.3484014440027249
2729,0.3544560990585904
2730,0.3420056797616865
2731,0.3458875898678545
2732,0.3489647249071932
2733,0.3536714299732393
2734,0.3508587806034057
2735,0.3488698666927659
2736,0.3494263114704983
2737,0.3486077592557123
2738,0.3396672390996916
2739,0.3459997417493636
2740,0.3564959147763639
2741,0.3559684785186269
2742,0.3460381882436848
2743,0.339030004858657
2744,0.3511135531295667
2745,0.3552878191700787
2746,0.3530456341034725
2747,0.3461039566281566
2748,0.3640512724975991
2749,0.3493377900352776
2750,0.3455468292386631
2751,0.3490422012078344
2752,0.3513958258285685
2753,0.3459635019913407
2754,0.3491900825031588
2755,0.354009081923685
2756,0.3556660884176316
2757,0.3538843616271603
2758,0.3458443524624122
2759,0.3503017235567834
2760,0.3496608821623975
2761,0.3534056377541321
2762,0.3352449424895156
2763,0.3471846840471275
2764,0.3505137750045385
2765,0.349468284235889
2766,0.3449524433743657
2767,0.3480616768236331
2768,0.3504248575234456
2769,0.3488781348155945
2770,0.3587318833853768
2771,0.3445584071074553
2772,0.3513813375401306
2773,0.3522649775400735
2774,0.3451818155816137
2775,0.3444183083686612
2776,0.3436789506766911
2777,0.3442194919425403
2778,0.3488069164300219
2779,0.3511086567788516
2780,0.3418883984678294
2781,0.3431981264320541
2782,0.3575684529532916
2783,0.3444055950735802
2784,0.3538486149413956
2785,0.3442328193035851
2786,0.3540402674724878
2787,0.355714823717464
2788,0.3585063151087589
2789,0.3435487370533521
2790,0.3492284185197085
2791,0.3519129637894306
2792,0.3535875151120745
2793,0.35161615447204
2794,0.3494036338256518
2795,0.3537149859552613
2796,0.3574929223434302
2797,0.3409265275869043
2798,0.3408458306836828
2799,0.3512915248846092
2800,0.3533844879122256
2801,0.3477252244162852
2802,0.3515457076005233
2803,0.3472026713330723
2804,0.3564546342930005
2805,0.3519432789631058
2806,0.3530921609594553
2807,0.3573596221220941
2808,0.342304097267063
2809,0.3542127229589755
2810,0.3450595737891048
2811,0.3495949274300994
2812,0.3491188935774772
2813,0.3546064536401093
2814,0.3432472758465752
2815,0.3473943271658951
2816,0.351809133189438
2817,0.3516653519825455
2818,0.3553846414334655
2819,0.354539211980331
2820,0.3467031322658435
2821,0.343923906165635
2822,0.3433634912334491
2823,0.3466964340987468
2824,0.3594670201451692
2825,0.3457164903958135
2826,0.361262537985653
2827,0.3519822544187388
2828,0.3418190170153085
2829,0.3584342755131214
2830,0.347939557324283
2831,0.3535761131042185
2832,0.3472542020702954
2833,0.3548957403804176
2834,0.3424720890863802
2835,0.3356670762538614
2836,0.3488853193491764
2837,0.3374378815670413
2838,0.3517768663751797
2839,0.3563475109266169
2840,0.3548823534612515
2841,0.3467774473247632
2842,0.3509411938196866
2843,0.3439153416235631
2844,0.3482873266766684
2845,0.3571326061027705
2846,0.3562021224769922
2847,0.3471945458978449
2848,0.348907488311753
2849,0.3591068170445075
2850,0.3605203782666752
2851,0.3526096891802034
2852,0.341382094115912
2853,0.3509031873765623
2854,0.3485479316393565
2855,0.3517804045684533
2856,0.3472775654412319
2857,0.3499083059737782
2858,0.3548959996100241
2859,0.3529033554956662
2860,0.3530351611487832
2861,0.3584051829131904
2862,0.3466604958446756
2863,0.3416962953360897
2864,0.3493996941312959
2865,0.3516765143787502
2866,0.3582351758393023
2867,0.3495596361054004
2868,0.3528924275922316
2869,0.3607982232622804
2870,0.3526425948257677
2871,0.3461814948719653
2872,0.349796485414195
2873,0.3603733240608587
2874,0.3568723882530775
2875,0.3484280431645551
2876,0.3495521375839429
2877,0.3460333155186053
2878,0.3466856677841395
2879,0.348633115241243
2880,0.3486604290029577
2881,0.3572457813985131
2882,0.3524485044850403
2883,0.3516629399834981
2884,0.3453677651790431
2885,0.3497773384008248
2886,0.3508902600864405
2887,0.34664210126092
2888,0.3561213642863595
2889,0.3493524734804921
2890,0.3473818690495472
2891,0.3458413127118503
2892,0.3443051284099637
2893,0.3540794123203232
2894,0.3580639880953402
2895,0.3486551596782633
2896,0.3534049578770006
2897,0.3410514470394524
2898,0.3477592615555537
2899,0.341050265812638
2900,0.3536791480547638
2901,0.3570424851556102
2902,0.3616027394372641
2903,0.3538711009806528
2904,0.3544439620417344
2905,0.3396854220239672
2906,0.3492673669628675
2907,0.3527065936486807
2908,0.3539894450571874
2909,0.3464110854775964
2910,0.3594630987651419
2911,0.353043394613152
2912,0.3420566274016351
2913,0.3549730591465906
2914,0.3555360952138265
2915,0.3373726071581674
2916,0.3546762890024663
2917,0.3545788872197743
2918,0.3524676282800206
2919,0.3543592925429394
2920,0.3485107820836448
2921,0.3404150456845984
2922,0.3455765329512303
2923,0.3472196221221472
2924,0.3500671973474356
2925,0.3583078600512421
2926,0.3432577560775037
2927,0.3406193467359374
2928,0.3537637829236912
2929,0.3510382433827707
2930,0.3525303011354156
2931,0.351225702465136
2932,0.347509280858535
2933,0.3551487785178343
2934,0.3459384606124083
2935,0.3482804678779619
2936,0.3593577178270978
2937,0.3474238228833229
2938,0.349970588884556
2939,0.3410661052037872
2940,0.3488936112576578
2941,0.3558779439745954
2942,0.3495095332871265
2943,0.3571861122256151
2944,0.3525757178178097
2945,0.3474781752499162
2946,0.3476251162207898
2947,0.3527540094838677
2948,0.3483177053839638
2949,0.3501416166248157
2950,0.3665616216906081
2951,0.3469373328919465
2952,0.3522797696800248
2953,0.3480232934597157
2954,0.347838879630202
2955,0.3480224188927695
2956,0.3501558985806362
2957,0.3473498633088744
2958,0.3489310803624953
2959,0.3464849589055954
2960,0.340326602786574
2961,0.3496873648614002
2962,0.3574101983888916
2963,0.3502256606515611
2964,0.3498615349100034
2965,0.3498457236904735
2966,0.3514692517431003
2967,0.3500616909194827
2968,0.349236911946364
2969,0.3492728124940501
2970,0.3602346197465155
2971,0.3532164767685875
2972,0.353468160948166
2973,0.3538252096954592
2974,0.3558531249124013
2975,0.353805707011493
2976,0.3555059209972712
2977,0.3547467323617242
2978,0.3471421702820143
2979,0.3493711190744336
2980,0.3524538602447242
2981,0.3532784411158418
2982,0.3560842720219736
2983,0.3496981777058964
2984,0.349012225701028
2985,0.3466379571747815
2986,0.3462852061277204
2987,0.350936671051349
2988,0.3388919589419352
2989,0.3571650858207163
2990,0.3501620384825558
2991,0.3482977639575152
2992,0.3519282615403689
2993,0.3433355207037706
2994,0.3588265020986736
2995,0.3558561846009466
2996,0.344717968975349
2997,0.3673704509700193
2998,0.3541748357026423
2999,0.3625214571535333
3000,0.3518182201365376
3001,0.346027345645669
3002,0.3510754676891756
3003,0.3551979141110101
3004,0.3500654929834322
3005,0.3535944745900268
3006,0.3468190813243437
3007,0.3513859359557195
3008,0.3427665176593744
3009,0.350556236956408
3010,0.3574246623665745
3011,0.343766897081338
3012,0.3441082986788162
3013,0.3474459584790359
3014,0.3467839922324742
3015,0.3409145465177092
3016,0.3423856964338253
3017,0.3545145383067552
3018,0.3603548623176927
3019,0.3518489531420989
3020,0.3437745748754134
3021,0.3421030126568621
3022,0.35353021879755
3023,0.3501949264221368
3024,0.3542948853747099
3025,0.3514010414236037
3026,0.3540644402485793
3027,0.3597079545184002
3028,0.3567023680991951
3029,0.3540309686060764
3030,0.350890006465501
3031,0.3364206079529272
3032,0.3543148391681562
3033,0.3431333644853757
3034,0.3502042290293766
3035,0.354784810095106
3036,0.3435482076008599
3037,0.3606482755784317
3038,0.3516076926470516
3039,0.3584729574076187
3040,0.3474625536891119
3041,0.3523460948663371
3042,0.3531006966886547
3043,0.3482804140627937
3044,0.3405847549048617
3045,0.346396355247012
3046,0.3468733927055015
3047,0.3450501929295166
3048,0.3501966108128959
3049,0.3444606614318612
3050,0.3500994588999032
3051,0.3380457009365197
3052,0.3522292676541855
3053,0.360701454702548
3054,0.3588678436054053
3055,0.3613157662785779
3056,0.3534085240542354
3057,0.3379575376976433
3058,0.3507116845522352
3059,0.3534542211315737
3060,0.3498735504370166
3061,0.3531431679263517
3062,0.3586673565914944
3063,0.3568428224536101
3064,0.3636351857849358
3065,0.3478728789298207
3066,0.3432992997779212
3067,0.3440350449321197
3068,0.3516914671526072
3069,0.3450759675358663
3070,0.3408204722190445
3071,0.3601135084465458
3072,0.3440185913266717
3073,0.3543990861957506
3074,0.3483676384318866
3075,0.3504817659773139
3076,0.3484904401849087
3077,0.3527495786656639
3078,0.3483721071528173
3079,0.3474777866641658
3080,0.3533212752617042
3081,0.3580257046205982
3082,0.3468817925928922
3083,0.3468465167111662
3084,0.3582617887112221
3085,0.3457460850540156
3086,0.3521675809728191
3087,0.3582896880217509
3088,0.3671065500581909
3089,0.3484035687092461
3090,0.348334917357871
3091,0.3526727051280582
3092,0.3511360982475316
3093,0.3464430707446698
3094,0.3551524563058573
3095,0.3612982316025111
3096,0.3513890828947665
3097,0.3484357042458302
3098,0.3489088150788526
3099,0.3552419912045528
3100,0.357663278044488
3101,0.3496959346133558
3102,0.3370719165765813
3103,0.3484689932478247
3104,0.3528121216798447
3105,0.3522126483430858
3106,0.3530460192998929
3107,0.3442949405921846
3108,0.3441847099719467
3109,0.3534820476471195
3110,0.3490500623021784
3111,0.3510035396757865
3112,0.3518628533476032
3113,0.3525228019787016
3114,0.3513561509603763
3115,0.340930600056829
3116,0.355216241692924
3117,0.3489352946493054
3118,0.3443991871500244
3119,0.3582858580048835
3120,0.3551493595888289
3121,0.3408046128235094
3122,0.3504878558555555
3123,0.3522709693969644
3124,0.3458132407754521
3125,0.3484232277833327
3126,0.3421322402396493
3127,0.3512658877261538
3128,0.3426024046014442
3129,0.3532997689169467
3130,0.3518439529110033
3131,0.3488079114258874
3132,0.3463310610998918
3133,0.3507329420855813
3134,0.3474161405879659
3135,0.3434675851355481
3136,0.3556824488219487
3137,0.3392499591272431
3138,0.3511521224353404
3139,0.3458785652521521
3140,0.3489272849178305
3141,0.3588671526796384
3142,0.3524329011911587
3143,0.3575588618507703
3144,0.344209359575393
3145,0.3525970287642496
3146,0.3557558979230398
3147,0.348839117124562
3148,0.3547696111356264
3149,0.3529490984711671
3150,0.3535878449352781
3151,0.3439407658435849
3152,0.3488725780420137
3153,0.355430603809483
3154,0.3532728792800885
3155,0.3492831144772674
3156,0.3411139177123513
3157,0.351800338522767
3158,0.3465118835783472
3159,0.3507351073051505
3160,0.3511769857511895
3161,0.3524628886578632
3162,0.3517576502821491
3163,0.3395328279914853
3164,0.3492853743116361
3165,0.3579026049568637
3166,0.3494749451715736
3167,0.3499124754203498
3168,0.3584715691939538
3169,0.3562650616746571
3170,0.3505807840139885
3171,0.3458452478455468
3172,0.3510877913675438
3173,0.3567054827252718
3174,0.3449512608355766
3175,0.3637926345159253
3176,0.3491193967410533
3177,0.3459874209911528
3178,0.3513256588102028
3179,0.3388789560515938
3180,0.356157811361331
3181,0.3513769260063521
3182,0.3493737654773888
3183,0.3523455489434338
3184,0.3484769255945258
3185,0.3530817583498793
3186,0.3444249032922755
3187,0.3530804024456747
3188,0.3524654974904165
3189,0.3555721220105949
3190,0.3607467616061739
3191,0.352389431487597
3192,0.348396880357787
3193,0.347111605990792
3194,0.3481503256720684
3195,0.3453107874688587
3196,0.350545603913888
3197,0.3486840969810716
3198,0.3545250839349362
3199,0.3565644936505612
3200,0.3561985410220739
3201,0.3486261765815626
3202,0.358739936191931
3203,0.3536590261266404
3204,0.352959314752266
3205,0.3618466089882837
3206,0.3505161669904172
3207,0.346862328631039
3208,0.3465131782900453
3209,0.3421420318967738
3210,0.3478535949279316
3211,0.3610769553781154
3212,0.3546729403529238
3213,0.3536294472084298
3214,0.3560024238749711
3215,0.3435945672338015
3216,0.3473306840638494
3217,0.3407266615138324
3218,0.3533679629060673
3219,0.3526838885903807
3220,0.3490254025538003
3221,0.3535644268678908
3222,0.3469043747009883
3223,0.3574948730079545
3224,0.3488247073003162
3225,0.3546694884115712
3226,0.3480814125626016
3227,0.3439059400740834
3228,0.3478009931314684
3229,0.3483144799328728
3230,0.344520673239361
3231,0.3483298945840554
3232,0.3511982352567263
3233,0.3506767501071763
3234,0.3441870142461336
3235,0.3498374011785561
3236,0.3493278106424988
3237,0.3535277506545516
3238,0.3493756164605918
3239,0.3560821061789016
3240,0.3501710627953126
3241,0.3406238161732178
3242,0.3551255565953622
3243,0.3631754838158047
3244,0.3503988468471637
3245,0.3571002839929676
3246,0.3515738311277319
3247,0.3480104786084996
3248,0.3480716055917551
3249,0.351090304324094
3250,0.3488103073671421
3251,0.3539766086694113
3252,0.3514850938198184
3253,0.351215474156464
3254,0.3433945328483972
3255,0.3491290244007779
3256,0.3441970089321955
3257,0.3448801793205651
3258,0.349500582904368
3259,0.3536306459796181
3260,0.3381086158960369
3261,0.3457015316021022
3262,0.3494760705215372
3263,0.3517589124170873
3264,0.3521414924048652
3265,0.3484120906941609
3266,0.3477908710377375
3267,0.3441909976840936
3268,0.353420159246408
3269,0.3506815857159168
3270,0.3592947872341902
3271,0.3574874197839193
3272,0.3498843707009748
3273,0.3511031485269371
3274,0.3534330835763968
3275,0.358780602216112
3276,0.3428324904543882
3277,0.3434740729548854
3278,0.3507650107339771
3279,0.341512551719857
3280,0.3489754228374901
3281,0.351274894678442
3282,0.3542173905911406
3283,0.3536070538240015
3284,0.3451286003820755
3285,0.3553316804811359
3286,0.3473793358856778
3287,0.3516404853475831
3288,0.3431094745661991
3289,0.3500912019246705
3290,0.3518549635834414
3291,0.3553697860858441
3292,0.3437202965392968
3293,0.3456911988031621
3294,0.3553983172612305
3295,0.352559315685628
3296,0.3571332389662246
3297,0.3501995943670424
3298,0.3399123113635396
3299,0.3507307938360895
3300,0.3448000041765916
3301,0.3513059392426147
3302,0.3445098823864255
3303,0.3526328824593967
3304,0.355406405447964
3305,0.3513726510163323
3306,0.3493537003758227
3307,0.3615583052259768
3308,0.3492029189244204
3309,0.354051045451203
3310,0.3475177976212615
3311,0.3417215871380139
3312,0.351809398805475
3313,0.3538859271446188
3314,0.3467740790279453
3315,0.3597644768957386
3316,0.3598542025944476
3317,0.348941511601525
3318,0.3415598540169354
3319,0.3538889167939696
3320,0.3492886509516728
3321,0.354697755226575
3322,0.3530765807602505
3323,0.3475112235707089
3324,0.3486956932933462
3325,0.3473914900080243
3326,0.3440149129995282
3327,0.3474497330826569
3328,0.3483373400000445
3329,0.3452950038319829
3330,0.3523711188413733
3331,0.3414134641861974
3332,0.361586672708254
3333,0.3635996116855448
3334,0.3491789502657222
3335,0.3436185634166321
3336,0.3467497098964546
3337,0.3523326975710189
3338,0.3507882521874642
3339,0.354093752317968
3340,0.3477636009328937
3341,0.3449821107728979
3342,0.3487238201158008
3343,0.3452069097526503
3344,0.3529150059914217
3345,0.3499640164730632
3346,0.345273633787074
3347,0.3509419413053202
3348,0.3543535942375201
3349,0.3558860306793246
3350,0.3458222089052051
3351,0.3437385594532001
3352,0.3575535690234178
3353,0.3563006577200663
3354,0.349820931481445
3355,0.355774503001434
3356,0.3565917018039256
3357,0.3509474055855743
3358,0.3477739007432121
3359,0.3445478976330701
3360,0.3542522592165115
3361,0.3515005630919502
3362,0.3529395860840746
3363,0.3512687482840064
3364,0.3487777398584653
3365,0.3463060738246691
3366,0.3386912989907491
3367,0.3586056469303869
3368,0.3507214450774701
3369,0.3488300492109906
3370,0.3518273252280102
3371,0.3462780416120453
3372,0.3452754572473884
3373,0.3505245490832719
3374,0.3515806375851705
3375,0.3564303154194897
3376,0.3575702808195319
3377,0.3491503021459906
3378,0.3395907559218729
3379,0.3564580813979633
3380,0.3531876166330783
3381,0.3500394563894749
3382,0.3509105388033298
3383,0.3501898332953498
3384,0.3534042951229424
3385,0.3528521996360732
3386,0.3542809269479967
3387,0.3590636147085776
3388,0.352506186602438
3389,0.3599429082183267
3390,0.3518203109683959
3391,0.351171059176952
3392,0.3492444880537506
3393,0.3477206981997153
3394,0.3546898342376351
3395,0.3475013611536514
3396,0.350815274270273
3397,0.3589691408182605
3398,0.3412887619340984
3399,0.3474093428633169
3400,0.3517079828988225
3401,0.3475905545018535
3402,0.3535924724890457
3403,0.3417353572892319
3404,0.3505251315514528
3405,0.3548582624014424
3406,0.3546825368710183
3407,0.3531797948715318
3408,0.3491863798212385
3409,0.3461953163652469
3410,0.3494322083391754
3411,0.3481065915353235
3412,0.3382895866809846
3413,0.3467134424975244
3414,0.3530884689882282
3415,0.3554164113452604
3416,0.3459153151101968
3417,0.3489626405374914
3418,0.3454431375233756
3419,0.3512885819677116
3420,0.348216106664909
3421,0.3535007836538094
3422,0.3535790234998265
3423,0.3437129349171576
3424,0.3472735665262111
3425,0.3504254196399382
3426,0.3491987190364217
3427,0.3483274370596256
3428,0.3492459601575443
3429,0.3623907257600601
3430,0.3418691991943766
3431,0.3477543385287847
3432,0.3458176149798233
3433,0.354282314850969
3434,0.3433974103456771
3435,0.3435251634131464
3436,0.3434684644714336
3437,0.3504850096788482
3438,0.3593557798949172
3439,0.3538419772952089
3440,0.3492188543682757
3441,0.3524521804763763
3442,0.3418317895485197
3443,0.3454167898587464
3444,0.3510865800750439
3445,0.3459883148177448
3446,0.3432782028046449
3447,0.3446770756841994
3448,0.3537534490951848
3449,0.3477493081343554
3450,0.3440244895185284
3451,0.3413931996700922
3452,0.3557629450477823
3453,0.3548509204619591
3454,0.3426685086651843
3455,0.3469525557378751
3456,0.3495706608563714
3457,0.3485221923405801
3458,0.3522924095100041
3459,0.3597903698179868
3460,0.3569853193587732
3461,0.3426815273936763
3462,0.3482920094586356
3463,0.3441045805008813
3464,0.3459545086779435
3465,0.3467561443691314
3466,0.3464870919530735
3467,0.3523127508160841
3468,0.3592840287452918
3469,0.3512719101014551
3470,0.3576298913573912
3471,0.3562438015353723
3472,0.3586499152820989
3473,0.3555668917809577
3474,0.352625967785821
3475,0.3448195937881173
3476,0.3545436557769287
3477,0.3449273973766031
3478,0.3422426065896251
3479,0.3520715918252466
3480,0.344681977026779
3481,0.346504418657201
3482,0.3521323983436173
3483,0.3478412936986159
3484,0.3452761092233308
3485,0.3451475923960114
3486,0.3567397377680796
3487,0.3552633334759147
3488,0.3502564425050014
3489,0.3492190665048896
3490,0.347183654719302
3491,0.3476367807751125
3492,0.3544721249121498
3493,0.346654660403536
3494,0.3458206545144617
3495,0.3478713516766062
3496,0.3414298750296354
3497,0.348893638024138
3498,0.3496126670325568
3499,0.3597313025353902
3500,0.353863665772591
3501,0.3505146923993294
3502,0.3512274431967315
3503,0.351529545258891
3504,0.3462739335042358
3505,0.3543171609496872
3506,0.3417767676590559
3507,0.3540603658783487
3508,0.349079956864617
3509,0.3479467663487707
3510,0.3477716288686323
3511,0.3543286102392193
3512,0.3459292166355796
3513,0.3577877346211154
3514,0.3607476926392981
3515,0.3499528303379677
3516,0.3529050506586074
3517,0.3553197864174228
3518,0.3511623654549655
3519,0.3569801974223401
3520,0.3436297342161745
3521,0.3462035850768009
3522,0.3411447462363909
3523,0.3477598047475678
3524,0.3470568279752526
3525,0.3603669568316529
3526,0.3508668096075314
3527,0.3508709295886015
3528,0.3494096139900141
3529,0.3489988096593291
3530,0.3398318690770802
3531,0.3428935411873814
3532,0.3452929956749739
3533,0.3448422099547218
3534,0.3616082297499093
3535,0.3507460326036325
3536,0.3478936594994789
3537,0.349149176417609
3538,0.3457600013288571
3539,0.3424867288172564
3540,0.3407771114258983
3541,0.3478280286628027
3542,0.3404528939546231
3543,0.3455133187784897
3544,0.3481229639972211
3545,0.3489138553780349
3546,0.351833365343927
3547,0.3616137294710312
3548,0.3464886439144109
3549,0.3494694423676154
3550,0.3441736901558045
3551,0.3506181486171563
3552,0.3514628171410128
3553,0.3533816442682844
3554,0.3483251553186725
3555,0.358000395558014
3556,0.3465013736172047
3557,0.348544827774995
3558,0.3498069873270275
3559,0.3484559512548059
3560,0.3520722899485624
3561,0.3470180155967692
3562,0.3426420464448881
3563,0.3522717800352319
3564,0.3381865604793223
3565,0.3529190747445121
3566,0.3440802121622043
3567,0.3475274359835723
3568,0.3465294344979552
3569,0.3564142879722138
3570,0.3480579851619696
3571,0.3473134457934577
3572,0.3519805593499076
3573,0.3459217485070298
3574,0.352464431246572
3575,0.357175834464547
3576,0.3391897011114725
3577,0.3501249954471382
3578,0.3513906486328357
3579,0.3402699689851237
3580,0.3463002930919783
3581,0.3532534492014152
3582,0.3491805711843323
3583,0.3438141737297517
3584,0.3521580676535964
3585,0.3529733263396523
3586,0.3475251947865002
3587,0.3538778969095961
3588,0.3519954903173503
3589,0.3488977603679062
3590,0.3407605150681688
3591,0.3395222771189612
3592,0.3511832265922506
3593,0.3524317470859739
3594,0.3587871722550721
3595,0.3636577421016326
3596,0.3553157841311107
3597,0.3457261609363506
3598,0.3470569021593488
3599,0.3475026179413935
3600,0.3458927002969661
3601,0.3460576004980748
3602,0.3503715662968581
3603,0.3448137066437917
3604,0.3523317911206058
3605,0.364607072576123
3606,0.3528174171747355
3607,0.3592900771462551
3608,0.356811311754764
3609,0.3485179480113029
3610,0.3456848083913717
3611,0.3526004664894543
3612,0.3538912568309693
3613,0.3392593212241576
3614,0.3536578709820703
3615,0.3529351484295719
3616,0.3552888599093897
3617,0.3506689202115345
3618,0.3461168606721086
3619,0.3514382379213479
3620,0.3469709841981592
3621,0.349983866792063
3622,0.3450277549459576
3623,0.3503063137106459
3624,0.354057115679143
3625,0.3467275182891708
3626,0.3541749279204953
3627,0.3480250111079376
3628,0.3523909494442551
3629,0.3580602217817761
3630,0.3464108728440615
3631,0.3560559358445636
3632,0.3439596135556539
3633,0.355103679646831
3634,0.3486582212472063
3635,0.345833683563977
3636,0.3558075922577094
3637,0.3559555601173326
3638,0.3476141390841453
3639,0.3458250918831216
3640,0.352279129886986
3641,0.3509965242391979
3642,0.3506209269036124
3643,0.3470306932104884
3644,0.3599409146662095
3645,0.3504521898386399
3646,0.3468958502166435
3647,0.3487840984582283
3648,0.3499981320703678
3649,0.3588859778345198
3650,0.3452871971395017
3651,0.3424838596121812
3652,0.3540711016796971
3653,0.3478728359167106
3654,0.3597297601961152
3655,0.3522317686544796
3656,0.3494367538839535
3657,0.3571736447453053
3658,0.3598438566816993
3659,0.3403277974268677
3660,0.3438334219719567
3661,0.3504976257319614
3662,0.3461172716702739
3663,0.3459506750783864
3664,0.3556982294252727
3665,0.3503506608066487
3666,0.3544524382527708
3667,0.3522737928691608
3668,0.3522364865682205
3669,0.3531767506156252
3670,0.3549934170213332
3671,0.3437082251015976
3672,0.3518999643618531
3673,0.3504343129167975
3674,0.3420314845233417
3675,0.3467415586899923
3676,0.3561627034107807
3677,0.3557740348514676
3678,0.3494088930141134
3679,0.3469119841022859
3680,0.3473334698169565
3681,0.349303459743548
3682,0.3427693295379371
3683,0.3430777082946731
3684,0.343952193516456
3685,0.3477808070963809
3686,0.3444177142668641
3687,0.3571657173475704
3688,0.3576242170619809
3689,0.3481811714352282
3690,0.3525281514206469
3691,0.3489479907276031
3692,0.3421170001940887
3693,0.3549411565642264
3694,0.3393602100932497
3695,0.3519264328885785
3696,0.3475105546959806
3697,0.3521198232454057
3698,0.3482242120045514
3699,0.3584987348134869
3700,0.342048485091708
3701,0.3589323116313197
3702,0.3512290795483626
3703,0.3461561282425971
3704,0.3559222610228231
3705,0.3486478898114885
3706,0.3462363437832755
3707,0.3477857051397128
3708,0.3421392705492304
3709,0.3441207453359424
3710,0.3468350286505828
3711,0.3448434835653385
3712,0.3487505371667438
3713,0.3489106994657096
3714,0.3323851857403783
3715,0.3444044601094987
3716,0.3451094020374107
3717,0.3489607216938927
3718,0.3501851181407563
3719,0.3425297336639453
3720,0.343664185787766
3721,0.3522697753970111
3722,0.3570985773483189
3723,0.3479520070317586
3724,0.3467930115951463
3725,0.3431322357673187
3726,0.349877700348651
3727,0.3418617329302306
3728,0.3467179947825314
3729,0.3482006319181675
3730,0.3372188484163758
3731,0.3587270542095337
3732,0.3546745775637916
3733,0.3388912126282644
3734,0.3492273375643049
3735,0.358358025975953
3736,0.3448477854494318
3737,0.35342768694658
3738,0.3477262475702546
3739,0.343107620564529
3740,0.3563438417295461
3741,0.3452183167045368
3742,0.3540476647619872
3743,0.3513118230782818
3744,0.3631213189009715
3745,0.3560139754090592
3746,0.3457799575400368
3747,0.3489565202814243
3748,0.3500238750317115
3749,0.3463684893046708
3750,0.348410943926115
3751,0.3384045066266845
3752,0.3475547078105673
3753,0.3502845668540181
3754,0.3518631703487338
3755,0.3524190938684855
3756,0.3413789389350223
3757,0.3519867356353453
3758,0.3393668996223227
3759,0.3442523693881462
3760,0.3505062605693895
3761,0.3619508928881663
3762,0.3503257032985105
3763,0.349989497184539
3764,0.3434294071325715
3765,0.356682229864583
3766,0.3478808285338864
3767,0.3428754158015191
3768,0.3457245847179422
3769,0.3548005838679103
3770,0.3529629717967515
3771,0.3415856788234487
3772,0.3400894052237229
3773,0.3430770326006256
3774,0.3375368901659604
3775,0.3494934106184721
3776,0.351230219028843
3777,0.3486980034697175
3778,0.345130802889814
3779,0.3470376226149734
3780,0.3503422954497049
3781,0.3414213680606756
3782,0.3471066942008273
3783,0.3513254890881896
3784,0.3536105941968437
3785,0.3441105511472107
3786,0.3564604347871278
3787,0.3477206080135108
3788,0.3498979217581087
3789,0.3481949046246843
3790,0.3445514882876309
3791,0.3424026862973465
3792,0.349341103981738
3793,0.34174633050147
3794,0.3483450442636045
3795,0.350113035576132
3796,0.3512358844231268
3797,0.3520643922899268
3798,0.3469053286789055
3799,0.3537097505383458
3800,0.3539606262895119
3801,0.3438957765579657
3802,0.3472504812891632
3803,0.3409106510324362
3804,0.3469377398470235
3805,0.3494032937382124
3806,0.3559405876480894
3807,0.3429556605407929
3808,0.3453177148376101
3809,0.3510099536970025
3810,0.34981674724013
3811,0.3570624379773969
3812,0.3466805836677546
3813,0.3502020773479947
3814,0.3476349531392337
3815,0.3548629787084337
3816,0.3564833380490435
3817,0.3420876099440363
3818,0.3437088389442458
3819,0.3609195151083417
3820,0.3423725307173493
3821,0.35343842928946
3822,0.3478185614328155
3823,0.3477645365833072
3824,0.3535432100939392
3825,0.3390231963715007
3826,0.3464242502339859
3827,0.3436646247794334
3828,0.342652854277911
3829,0.3420950356170458
3830,0.3379525384606229
3831,0.3467126927159212
3832,0.3576535450518286
3833,0.3483886664870788
3834,0.3500202673451277
3835,0.3479038083485171
3836,0.3427817107836038
3837,0.3544376724797027
3838,0.3431701351107006
3839,0.3448528242212082
3840,0.3449931089299216
3841,0.3435314132752271
3842,0.3525280096433857
3843,0.3383000158800354
3844,0.3426117898699466
3845,0.3453917227652062
3846,0.347578229490858
3847,0.345084707018205
3848,0.3410641988800799
3849,0.3486259764781148
3850,0.3503188486273095
3851,0.3402993320468664
3852,0.3555976793124541
3853,0.3448291443059548
3854,0.3529683881369739
3855,0.3469628266358975
3856,0.35235705875372
3857,0.3478338771333183
3858,0.3474337393459932
3859,0.343194347814549
3860,0.3521493753142367
3861,0.3507447824935599
3862,0.3479114811096107
3863,0.355169385761611
3864,0.3495938700822063
3865,0.336910299088585
3866,0.331294220259031
3867,0.3509692775914349
3868,0.3562659154150305
3869,0.3430274699577985
3870,0.3475635602712165
3871,0.3558058281824869
3872,0.344905692836421
3873,0.3503578748995285
3874,0.3532969244275632
3875,0.3486057780597288
3876,0.3560092395545202
3877,0.3496040675468313
3878,0.3463329365526828
3879,0.3451688240733994
3880,0.3473320507403399
3881,0.3503924597375061
3882,0.3515808123184689
3883,0.3401691290912633
3884,0.3539037351964449
3885,0.3441996047286092
3886,0.3472908284814065
3887,0.339923334106749
3888,0.3450311183281448
3889,0.3537398424778615
3890,0.3484841530340113
3891,0.3559784837110772
3892,0.3399060037508087
3893,0.3487513221788934
3894,0.3471826789186794
3895,0.3514340992795974
3896,0.3531678996135143
3897,0.3493300906184274
3898,0.3480724148976065
3899,0.353360302753513
3900,0.3503017629053969
3901,0.3431257719830295
3902,0.3516943718628371
3903,0.3457440270081583
3904,0.346695485574104
3905,0.3471845364682418
3906,0.3521701237577112
3907,0.3469468791240453
3908,0.3522996060726214
3909,0.3460959232983397
3910,0.3445774487408239
3911,0.3525712836754258
3912,0.3441944547370036
3913,0.3419715193620111
3914,0.3514435456304986
3915,0.3454452717531866
3916,0.3482473013844302
3917,0.3510952536989092
3918,0.3534479794349611
3919,0.3496889814104501
3920,0.3522033894307347
3921,0.3449430676247306
3922,0.345151140969453
3923,0.3464233361391651
3924,0.3512397877150567
3925,0.3503170126188908
3926,0.3396892672516592
3927,0.3565030676557822
3928,0.3489829723567068
3929,0.3527748094899959
3930,0.3438615615099637
3931,0.3477852446424964
3932,0.3476227093092083
3933,0.3507760426248445
3934,0.3463257056971025
3935,0.3440973152707294
3936,0.3443721761104125
3937,0.3555359317883967
3938,0.3467167971784666
3939,0.3604783879361503
3940,0.3470257989357015
3941,0.3369056674560866
3942,0.3445667425243929
3943,0.3419699726340303
3944,0.3379397917336252
3945,0.3479222302027824
3946,0.3519540352382859
3947,0.3509013306327524
3948,0.3484042958316762
3949,0.3566987662372286
3950,0.3467276416787032
3951,0.3415229175346515
3952,0.3413516078392536
3953,0.3424698494509009
3954,0.3461116436539599
3955,0.3438799168385579
3956,0.3418161571133814
3957,0.338215052196485
3958,0.3387327696038976
3959,0.3440586462578071
3960,0.3526979787246346
3961,0.352367656794345
3962,0.3464268336854114
3963,0.3385753666997284
3964,0.3467386119550506
3965,0.3450904458799628
3966,0.3476618647519862
3967,0.343381291634619
3968,0.3484051875949089
3969,0.3501168869275049
3970,0.3543169583876693
3971,0.3457151855251986
3972,0.3438579775149676
3973,0.3565361422310406
3974,0.3427651396434329
3975,0.3421835321902288
3976,0.3413277378070938
3977,0.3418369541696545
3978,0.3477480878111375
3979,0.3373792243884865
3980,0.3473335245212176
3981,0.3477016512004658
3982,0.3463853015799821
3983,0.3517141199858308
3984,0.3598166806479076
3985,0.3513580588202298
3986,0.3447678795869908
3987,0.3507524122963752
3988,0.3457990313571426
3989,0.3383784090621304
3990,0.3512085007005872
3991,0.3402364940980142
3992,0.351898257436311
3993,0.3526753205302692
3994,0.3530429305060237
3995,0.3419101828107415
3996,0.3488727542917945
3997,0.3458160623610616
3998,0.3580914924169619
3999,0.3497614933887229
4000,0.3477222523352699
4001,0.3484055476235805
4002,0.3479858139781944
4003,0.3503800530794395
4004,0.3475746869505053
4005,0.3511497244471759
4006,0.3516552305104834
4007,0.3501870798235468
4008,0.346057404466382
4009,0.3395607431888832
4010,0.3481130499126336
4011,0.3609113356161416
4012,0.3510554522402972
4013,0.3365044228279953
4014,0.3476115653796489
4015,0.3489008277636464
4016,0.3477454575015586
4017,0.3431740776584152
4018,0.3490158023771298
4019,0.3469595821742929
4020,0.3393220661123684
4021,0.3450266129406527
4022,0.3405659375251921
4023,0.3491257091525749
4024,0.3406500671587992
4025,0.3500069791043402
4026,0.3476935128447175
4027,0.348281314756406
4028,0.337504054148093
4029,0.3462124242542237
4030,0.3439190329985147
4031,0.3464027754707579
4032,0.3412055154797471
4033,0.3401946248288621
4034,0.3450780913860525
4035,0.3382057051211977
4036,0.3417820855134167
4037,0.3409410768302167
4038,0.346883625164736
4039,0.3436073525463699
4040,0.3516411364285642
4041,0.3466132040807255
4042,0.3443901067334798
4043,0.354612813346778
4044,0.3408740078692949
4045,0.3473091305662972
4046,0.33959048214642
4047,0.3406711955552165
4048,0.3435949089375931
4049,0.352166015318335
4050,0.342414220416909
4051,0.3496609365422753
4052,0.3398529652767004
4053,0.3488655674212202
4054,0.3490967010792201
4055,0.3494906712913233
4056,0.3459693428081038
4057,0.3475989072523455
4058,0.3418366865813019
4059,0.3516477460557232
4060,0.346818180473868
4061,0.3425215254135683
4062,0.3419862297618025
4063,0.3314635077955721
4064,0.3446140310747646
4065,0.3507105234539922
4066,0.3490990697257174
4067,0.3471734843121778
4068,0.3466897654323891
4069,0.3534655684369759
4070,0.3495177144701284
4071,0.3426600369955585
4072,0.339339758293521
4073,0.3471284161310458
4074,0.3351233892906207
4075,0.3441638852652101
4076,0.3454388872896424
4077,0.3408110198260337
4078,0.3423597254591148
4079,0.3519304075318582
4080,0.3416293563424737
4081,0.3584588978759472
4082,0.3424516212032177
4083,0.3455679573134719
4084,0.3456499036846051
4085,0.3533363777198794
4086,0.3457511359414389
4087,0.3455304658172319
4088,0.3510395061651107
4089,0.3554054913968651
4090,0.3542139365122064
4091,0.349438613295871
4092,0.3489139259366763
4093,0.3477579734871674
4094,0.3502010143175035
4095,0.3454877370827728
4096,0.3407509814720672
4097,0.3354081622466906
4098,0.3456027564523532
4099,0.3416527308148325
4100,0.3439403334201626
4101,0.3332114821014691
4102,0.3431005236061357
4103,0.3427784852687586
4104,0.3520167709958448
4105,0.3461354061168762
4106,0.3466360986456509
4107,0.3561426256967019
4108,0.3397712975729945
4109,0.3428913799195216
4110,0.3383535595869875
4111,0.3494346002562085
4112,0.3527668945945668
4113,0.3326483626577449
4114,0.3471840710164276
4115,0.3546740210629189
4116,0.3422179240788127
4117,0.3427687356154311
4118,0.3372743977660126
4119,0.3397468742611476
4120,0.346380475721688
4121,0.3430001096306187
4122,0.3436166606777489
4123,0.3405310898033472
4124,0.3463454572609439
4125,0.3495134561516814
4126,0.3451196029801245
4127,0.334502774664652
4128,0.3499903659518419
4129,0.3379513731820467
4130,0.3436971029823304
4131,0.3501930446845096
4132,0.346895175321139
4133,0.3451591421464791
4134,0.3514557951668715
4135,0.3379484150003982
4136,0.3451641584766739
4137,0.3399326473620795
4138,0.3372521922474779
4139,0.3427449155634351
4140,0.3486286576487736
4141,0.3498113952408115
4142,0.3371839284918583
4143,0.3425655998682134
4144,0.3552999184098704
4145,0.341844520460625
4146,0.347503219785053
4147,0.3471998282904676
4148,0.3386521104824279
4149,0.3461270767812119
4150,0.3456287125316587
4151,0.3420470141672078
4152,0.3459247456455315
4153,0.3489509089967224
4154,0.3398577147484574
4155,0.3435641654203751
4156,0.3381053448195192
4157,0.3477193850151912
4158,0.3439419408321228
4159,0.3463708318363058
4160,0.3363884423153155
4161,0.3436879097510171
4162,0.3432467651149996
4163,0.3434557384208671
4164,0.3471290941587791
4165,0.3439731132471906
4166,0.3447759337442773
4167,0.3478848980640558
4168,0.3426164642492112
4169,0.34412177801769
4170,0.3446635073880244
4171,0.3537193794782661
4172,0.3362348737083581
4173,0.3471568889812764
4174,0.346141955996025
4175,0.3542941743968536
4176,0.3429403213246776
4177,0.3466063002144617
4178,0.3479289074188448
4179,0.3474182315555943
4180,0.3363343025146028
4181,0.3437496835577347
4182,0.3508808433797809
4183,0.3459228786481521
4184,0.3472980625136072
4185,0.3413865889363787
4186,0.342779939710245
4187,0.3482275359799796
4188,0.3418349762989051
4189,0.349911283437987
4190,0.3447499588255888
4191,0.3403766478091248
4192,0.3446273472613855
4193,0.3396055892186858
4194,0.3422573755180081
4195,0.3423338992386283
4196,0.3520070363952577
4197,0.3453000308234317
4198,0.3442605644636766
4199,0.3534522026132601
4200,0.339429662161512
4201,0.344239931919266
4202,0.3467861879944099
4203,0.3368851232277442
4204,0.3480422252402279
4205,0.3398235606979138
4206,0.3450235092106212
4207,0.3443966682647386
4208,0.3433977738076232
4209,0.3516273866961237
4210,0.3326853671476864
4211,0.3458486851870693
4212,0.3451436241685493
4213,0.3515654303412918
4214,0.3444296859493129
4215,0.3414535545143089
4216,0.331244432085624
4217,0.3343661673459274
4218,0.3364536951634924
4219,0.3410627059353595
4220,0.3430764520988448
4221,0.3418291121952587
4222,0.3443410391601358
4223,0.3459866925567427
4224,0.3421108318866113
4225,0.3428390801713225
4226,0.3444772052661574
4227,0.3415607880768962
4228,0.3396644921290233
4229,0.3484688053594396
4230,0.3378062741087254
4231,0.3509290250349803
4232,0.3478238769065971
4233,0.3518950567281701
4234,0.331080850209296
4235,0.3539885331306178
4236,0.3351285846210697
4237,0.3362123143264376
4238,0.3473911555142705
4239,0.3454433311348893
4240,0.3476435679924248
4241,0.3414569461165258
4242,0.3332240121385774
4243,0.3471870014222633
4244,0.3254536875411663
4245,0.3443498480962171
4246,0.3443068275138006
4247,0.3432944794381707
4248,0.3516243649113069
4249,0.3358449041282376
4250,0.3446806530874884
4251,0.3399301514801405
4252,0.3416064839738819
4253,0.3367992757854372
4254,0.3422707865867712
4255,0.3478737744460224
4256,0.3382394084871462
4257,0.3350530916409951
4258,0.3416946163893958
4259,0.344990891119483
4260,0.3351157173391563
4261,0.3431706458111236
4262,0.3301708524844653
4263,0.342616393198373
4264,0.3395008289715321
4265,0.3395270099248372
4266,0.3572058332454944
4267,0.351085414735134
4268,0.3374867067228423
4269,0.3441861497692097
4270,0.3382649738492498
4271,0.331430120115546
4272,0.356781759346412
4273,0.3400100551092449
4274,0.3352780163146077
4275,0.3328805797489319
4276,0.3581007614107185
4277,0.332530081825056
4278,0.3519963838036652
4279,0.3395560188568569
4280,0.332330961572798
4281,0.3469272545845163
4282,0.3401088491886084
4283,0.3370058524391142
4284,0.3444894327150854
4285,0.3423366320134507
4286,0.3362147503383288
4287,0.3366556485074363
4288,0.3477383059770441
4289,0.3424002875128529
4290,0.3520456289311754
4291,0.3440970049671244
4292,0.344345955054158
4293,0.3443288881744523
4294,0.3408580848646956
4295,0.3570305318358009
4296,0.3483966786444598
4297,0.3422361860232311
4298,0.3387658662822076
4299,0.343787140129148
4300,0.3428977971091644
4301,0.3387472494341808
4302,0.3468904759984172
4303,0.3291785996741314
4304,0.3416387673935903
4305,0.3425222677022101
4306,0.3443238775294424
4307,0.338249149305118
4308,0.3244239527353467
4309,0.3384393501169015
4310,0.3375648370495787
4311,0.3430520484193509
4312,0.3444650275446732
4313,0.341963709318466
4314,0.3487144174543004
4315,0.3310734138424192
4316,0.336691611792672
4317,0.3404502091288966
4318,0.335968188393572
4319,0.3373672406420839
4320,0.3384705021421333
4321,0.340577482491774
4322,0.3420845167744891
4323,0.348508216225578
4324,0.3351488469675452
4325,0.3373567452054685
4326,0.3447567565340384
4327,0.3416682034438999
4328,0.3467308734961797
4329,0.3429034149842025
4330,0.3342230106773078
4331,0.3421530532341307
4332,0.3318612448074031
4333,0.3357732824698806
4334,0.3304875012993868
4335,0.3503761043873813
4336,0.3521243022339791
4337,0.3441691970157045
4338,0.3334405122521524
4339,0.3392552227891996
4340,0.3381865451329408
4341,0.342916691237653
4342,0.3348017992117301
4343,0.3408189847055833
4344,0.3425085194469096
4345,0.3390537654142708
4346,0.3363392692654005
4347,0.3256153128876857
4348,0.33437292900736
4349,0.3329609793240271
4350,0.3431741618098887
4351,0.3362615811550122
4352,0.3333196817407503
4353,0.330584549961469
4354,0.3498219767919832
4355,0.3419483426927627
4356,0.3443931931150342
4357,0.3353537806940342
4358,0.3384655178153923
4359,0.3380096837416568
4360,0.348120696138385
4361,0.3474517213647806
4362,0.3411547423618699
4363,0.3289565374706221
4364,0.3455154728892072
4365,0.3442409754573741
4366,0.3376658603721604
4367,0.3392752003999562
4368,0.3464470991748406
4369,0.3443813230487941
4370,0.3445177833308195
4371,0.3513216922948734
4372,0.3354042789026051
4373,0.3474211267873619
4374,0.3417053142675154
4375,0.3437798310824785
4376,0.3450311571007105
4377,0.3384939349077002
4378,0.3475041648294181
4379,0.3527399305960234
4380,0.3342201407078918
4381,0.3440421314751807
4382,0.3553529950936344
4383,0.3484997692044009
4384,0.3364615924709951
4385,0.3450534822888632
4386,0.3362689555773415
4387,0.3391562617645244
4388,0.3416371311316609
4389,0.3450572647723109
4390,0.3458687439174686
4391,0.3378980990042909
4392,0.3399437024684503
4393,0.3382748656507074
4394,0.3373638128765361
4395,0.3370139853486958
4396,0.3304029009424597
4397,0.341833424147283
4398,0.3462274727322349
4399,0.3368155679098122
4400,0.3383107743664438
4401,0.3362827966222547
4402,0.348546147820839
4403,0.3519572834861635
4404,0.3365340874275366
4405,0.3421688390333153
4406,0.3357496543326824
4407,0.3445125718217254
4408,0.3372427111710249
4409,0.3502306779177183
4410,0.3368658659611969
4411,0.3414064685343567
4412,0.3475319535126456
4413,0.3423387520990465
4414,0.3411279346899599
4415,0.3321272002956361
4416,0.3269070262276723
4417,0.3387539441896687
4418,0.3462706185161866
4419,0.3430148560049026
4420,0.3429801575383347
4421,0.3316199936913654
4422,0.3306206561571287
4423,0.3368421418351789
4424,0.3356607723201519
4425,0.3328083115897273
4426,0.3387805315305066
4427,0.333540258884213
4428,0.3387074377707003
4429,0.344986471130264
4430,0.3346264911564077
4431,0.3522540519715378
4432,0.3417442863055563
4433,0.3364559784972036
4434,0.3396083769007969
4435,0.3276502961108994
4436,0.340012003676116
4437,0.3306492200859505
4438,0.3322426590287436
4439,0.3460494454410613
4440,0.3395880177470486
4441,0.3372122142564529
4442,0.3342001439322424
4443,0.3406909035952941
4444,0.336440463945589
4445,0.3378310046960485
4446,0.3352429469366471
4447,0.3402527879691733
4448,0.3343595584679244
4449,0.348526179467875
4450,0.3331414305920182
4451,0.335622724104094
4452,0.3401640675072513
4453,0.3420836265588731
4454,0.3442596209341743
4455,0.3331223354386324
4456,0.3369478907147257
4457,0.344694941948462
4458,0.3527047220518298
4459,0.3417307121154474
4460,0.3446506019850271
4461,0.3394565100147799
4462,0.3396795555213243
4463,0.3397817199826611
4464,0.3361910309160218
4465,0.3360828841898048
4466,0.3422555830515034
4467,0.3426164785763768
4468,0.3405583562009429
4469,0.3383522383900073
4470,0.3404511475020065
4471,0.3371687686313778
4472,0.3456648689264325
4473,0.3463918524682002
4474,0.3380737543886645
4475,0.337922727793829
4476,0.3299629534458374
4477,0.340674232639417
4478,0.3456364867384811
4479,0.3438789971687214
4480,0.3416347217803094
4481,0.3385327532910131
4482,0.33406270100425
4483,0.3343037919455242
4484,0.3397933811345779
4485,0.3365565411277554
4486,0.342592392895527
4487,0.3391702869543543
4488,0.3378821139843853
4489,0.344344060884759
4490,0.3414485528456583
4491,0.3419618947647669
4492,0.3428255898868004
4493,0.3389988262611008
4494,0.3377994344607968
4495,0.3412964338602547
4496,0.3515608752183332
4497,0.3444068920204596
4498,0.3370906962822428
4499,0.3404390196317439
4500,0.3350385081545409
4501,0.3433014688409632
4502,0.3342301897179859
4503,0.3332075857479484
4504,0.3384174821181033
4505,0.3469702250359609
4506,0.3440912011592608
4507,0.3387578567148676
4508,0.3458904874067516
4509,0.3443051186109506
4510,0.341609037654264
4511,0.3422110105463284
4512,0.3422115549943863
4513,0.3459003738764095
4514,0.3463113247482538
4515,0.3336626336097965
4516,0.3460579594219813
4517,0.3368828782988558
4518,0.3400650516027273
4519,0.3346006382453396
4520,0.3409235311323645
4521,0.344349211704671
4522,0.338692342720477
4523,0.3339737079029732
4524,0.3461745691132521
4525,0.3377752783301273
4526,0.3416251234924436
4527,0.3398490683999627
4528,0.3490045348125214
4529,0.349736680817088
4530,0.3406278401721674
4531,0.3415760626166759
4532,0.3357181432333577
4533,0.3445150284351783
4534,0.3406097122183154
4535,0.3417822557785361
4536,0.3453841428507445
4537,0.3360917916487217
4538,0.3414388892017135
4539,0.3433540433734464
4540,0.3380053809851356
4541,0.3360050194051087
4542,0.3403752914920611
4543,0.3418553168973008
4544,0.3352941035202074
4545,0.3436016667806138
4546,0.3403510555974001
4547,0.3318671003341059
4548,0.339180051696954
4549,0.3470352852258965
4550,0.3474037218856535
4551,0.330504296668436
4552,0.342803405386737
4553,0.3409690236611559
4554,0.3305124475686474
4555,0.3402666166710043
4556,0.3438566787640337
4557,0.3399306868223709
4558,0.3338436769086639
4559,0.3374714167275335
4560,0.3324014431151896
4561,0.3413525062742277
4562,0.334282929238279
4563,0.3347429979722527
4564,0.3383033721188632
4565,0.3303956362409332
4566,0.339898955679747
4567,0.3443972212493702
4568,0.3419011653326632
4569,0.3293972566146705
4570,0.3378767810555967
4571,0.342932523890809
4572,0.3475050531697423
4573,0.347000188809018
4574,0.3435217292070308
4575,0.3406941853627911
4576,0.3416755141381196
4577,0.3401816174089047
4578,0.3332395952511681
4579,0.3355238373961499
4580,0.3455417936262411
4581,0.3451344795640387
4582,0.3419172523868302
4583,0.3379761653723874
4584,0.3454257914658195
4585,0.3494052528469334
4586,0.340416730365672
4587,0.3415277363429668
4588,0.343046082249714
4589,0.3414135582803567
4590,0.3479202451534131
4591,0.3447541588130045
4592,0.3419566677754698
4593,0.3383948827556722
4594,0.3413841526458225
4595,0.3411189929503434
4596,0.341578565704141
4597,0.3405530242574787
4598,0.3412416829383017
4599,0.3342022145750745
4600,0.3430998945469816
4601,0.3404618673374964
4602,0.3565552881044531
4603,0.3332274870140396
4604,0.3506534925915031
4605,0.3409463649821038
4606,0.3371260019645739
4607,0.3431883294486965
4608,0.3406981351432522
4609,0.3383338891466275
4610,0.3448164925461744
4611,0.3361559596354602
4612,0.3310779120636137
4613,0.3487916867315903
4614,0.3390892927121584
4615,0.3333666369931748
4616,0.3431141450194023
4617,0.3406063748899411
4618,0.3396932510711841
4619,0.3363923109813756
4620,0.3354095021604935
4621,0.3448783962760079
4622,0.3356461448449507
4623,0.33974294256036
4624,0.3345213744409704
4625,0.3383560040625007
4626,0.342281113010098
4627,0.3432135520522007
4628,0.3368411592629061
4629,0.3345936400410291
4630,0.3413836489555116
4631,0.3401134100283599
4632,0.3458453758584446
4633,0.3362692800788691
4634,0.342634705301849
4635,0.3422385845515993
4636,0.3375691209684495
4637,0.3295003081439872
4638,0.3429047049082353
4639,0.3436156902890941
4640,0.3445135806294429
4641,0.3341645730451859
4642,0.3312090950634064
4643,0.3370017802149846
4644,0.3391480598830687
4645,0.338274688024224
4646,0.337603181470181
4647,0.3382926541691328
4648,0.343225072720532
4649,0.3460514139859787
4650,0.3436959880530284
4651,0.3305500514992592
4652,0.3354266751867372
4653,0.3417132663700986
4654,0.33869646273187
4655,0.3340792228493538
4656,0.3439707408976119
4657,0.3407179994704629
4658,0.3464277600795645
4659,0.3378249579532539
4660,0.3391193682054786
4661,0.3347393946989416
4662,0.3436243552202137
4663,0.3352097912666463
4664,0.3306354549971059
4665,0.3371376067166017
4666,0.3341036504528803
4667,0.3336571122702739
4668,0.340544253631843
4669,0.3419553355259236
4670,0.3316206173149116
4671,0.3371544884819016
4672,0.3327911337775798
4673,0.3325858350409045
4674,0.3393350730410689
4675,0.3299068696446222
4676,0.3334704990191678
4677,0.336237622644875
4678,0.3350879488945839
4679,0.3314506662434783
4680,0.3372811939254874
4681,0.342216242553547
4682,0.3513781752635678
4683,0.3459909098289667
4684,0.3426528749865037
4685,0.3414231023961506
4686,0.3361854848157171
4687,0.3390540881062597
4688,0.3412415490950911
4689,0.3384001820594444
4690,0.3351896610787553
4691,0.3398297099057906
4692,0.3421479011427572
4693,0.3302720080875867
4694,0.3338181595230757
4695,0.3438800966744207
4696,0.3414641681628335
4697,0.3418255204450713
4698,0.3370397698121571
4699,0.3405474716765376
4700,0.3394118685354783
4701,0.3363390563089448
4702,0.337561761643242
4703,0.344248602257137
4704,0.3447472658992063
4705,0.3352990948212294
4706,0.3443679142002577
4707,0.3315641770454135
4708,0.3305997191331665
4709,0.3397902517090575
4710,0.3383927287401899
4711,0.3495116421438868
4712,0.3391978202710314
4713,0.3474448725155711
4714,0.3374949468065302
4715,0.3297976066675819
4716,0.3289244194259914
4717,0.3317238298756995
4718,0.3330245192063733
4719,0.3416637179478273
4720,0.3377915737122032
4721,0.338636032139717
4722,0.3434178163484886
4723,0.3310865841656927
4724,0.3392454407526102
4725,0.3327505348405724
4726,0.3361096284075097
4727,0.3334005355065587
4728,0.3439354784309479
4729,0.3290643622550627
4730,0.342906745939911
4731,0.3337574795752539
4732,0.341699295791866
4733,0.3385790769037503
4734,0.3343538296388519
4735,0.3366060915965705
4736,0.3469150769098132
4737,0.3421760560745849
4738,0.3382527277258763
4739,0.3313130282589718
4740,0.337634387072892
4741,0.3290244163163033
4742,0.3377409448446754
4743,0.3316364102302118
4744,0.3258123370888524
4745,0.3406610060847524
4746,0.3333149913205802
4747,0.3420484641866675
4748,0.3364339716910184
4749,0.3428416862739928
4750,0.3485432941980256
4751,0.3289924345570796
4752,0.3333239501526801
4753,0.3253863430972887
4754,0.3334213856584599
4755,0.3348989775458371
4756,0.3409101832827392
4757,0.3463339154797793
4758,0.3364567642128484
4759,0.3329270718609355
4760,0.3393521082147175
4761,0.336358298888919
4762,0.3412711718607035
4763,0.3390519776655121
4764,0.330600108188988
4765,0.3363736036249203
4766,0.3305862427745717
4767,0.3386077057942077
4768,0.3376308101028302
4769,0.3408672296578034
4770,0.3427198569366833
4771,0.3380144815349993
4772,0.3416208130599976
4773,0.3391269597870276
4774,0.3323292642728201
4775,0.3418729213434625
4776,0.3391474659526894
4777,0.3397528697353038
4778,0.3293071720072535
4779,0.3381855471314619
4780,0.3420918269710755
4781,0.3327119540818773
4782,0.3396151233029603
4783,0.3309344084495568
4784,0.3360755310841015
4785,0.3383367109896171
4786,0.3423894833857441
4787,0.3265401544769543
4788,0.3348843522145216
4789,0.3338218259358433
4790,0.3309889410563875
4791,0.3273889152855212
4792,0.3382069107467558
4793,0.343852808631237
4794,0.3377057763341953
4795,0.3365021171326053
4796,0.3321961695076229
4797,0.3305361663069578
4798,0.3317600111018691
4799,0.3348314464032454
4800,0.3425298938704854
4801,0.3373167607068715
4802,0.3339327330636664
4803,0.345125261966322
4804,0.3400286269543902
4805,0.3428662142251665
4806,0.3347119652030189
4807,0.328950270188232
4808,0.335802979328936
4809,0.336687601742733
4810,0.3425659848609619
4811,0.3450396890456388
4812,0.3364183604846691
4813,0.3336245271353722
4814,0.3352751541205168
4815,0.3325186384613034
4816,0.331738845785783
4817,0.327439703338747
4818,0.3319358304545232
4819,0.3251957973505399
4820,0.3365679360626165
4821,0.3336531060910176
4822,0.3400867174416899
4823,0.3335027036563454
4824,0.3442440382600339
4825,0.3404623260652035
4826,0.344407359435583
4827,0.3436759023184543
4828,0.3413237173228782
4829,0.3392475513653319
4830,0.3441009336987388
4831,0.3413627955772639
4832,0.335487941800096
4833,0.332858550633539
4834,0.3355926620659085
4835,0.3280877351981109
4836,0.3277252721448316
4837,0.3420825369530221
4838,0.3407376807479612
4839,0.3309611785051603
4840,0.3304995218608069
4841,0.3362512747005292
4842,0.3320097768061865
4843,0.3359586076631177
4844,0.3361458321895633
4845,0.3398204492524064
4846,0.3405508829708391
4847,0.3309077951927708
4848,0.3388566804715267
4849,0.3406188804407196
4850,0.3353376328990383
4851,0.3370743844532626
4852,0.3389257071582547
4853,0.3313561780195872
4854,0.3276290110165377
4855,0.3346883415488666
4856,0.333052658589373
4857,0.3345655079869445
4858,0.3372842350679537
4859,0.3312958778954339
4860,0.3346454831582058
4861,0.3290184097236959
4862,0.3421823709209823
4863,0.3472936004468811
4864,0.3365845698868454
4865,0.3347458087963502
4866,0.3358323607606335
4867,0.3491929535231018
4868,0.3440291913992886
4869,0.3326767764997044
4870,0.3420403791266309
4871,0.3418828221157453
4872,0.3324572485230003
4873,0.3346710955153215
4874,0.3364397961176545
4875,0.3396057317644305
4876,0.3431798713687482
4877,0.3436385640863645
4878,0.3448871021710786
4879,0.3357439283269139
4880,0.3385301021667156
4881,0.3375987245527477
4882,0.3347792502797862
4883,0.3455051613258217
4884,0.3398806480368639
4885,0.33244552394984
4886,0.3375629110543059
4887,0.3365348671050103
4888,0.3378392575778979
4889,0.3399747202175768
4890,0.3321436358481599
4891,0.338716761081723
4892,0.3308074076545057
4893,0.3327570680496665
4894,0.334371754262971
4895,0.3423953190923534
4896,0.3330965563017168
4897,0.3391858104064821
4898,0.3325952789597301
4899,0.3343327279931127
4900,0.3297068325582775
4901,0.3355478726042674
4902,0.3285287236863413
4903,0.3268874960761299
4904,0.3385846138566218
4905,0.3373212157907558
4906,0.3370878794903114
4907,0.3338291945946465
4908,0.3382892779845611
4909,0.3363682271229555
4910,0.3350994261059372
4911,0.3374275242059273
4912,0.335447909690541
4913,0.3424252464863347
4914,0.3213394975571335
4915,0.3397978329386127
4916,0.3491552942757227
4917,0.3404599973401083
4918,0.3315720915754503
4919,0.3361220156978644
4920,0.335925554515481
4921,0.3306630004569824
4922,0.3269278564902901
4923,0.3335294309869945
4924,0.335467958682246
4925,0.3353457460914212
4926,0.333490658422465
4927,0.3330575296286185
4928,0.3237155161150881
4929,0.3293324451432505
4930,0.3352087680352941
4931,0.3470681924061503
4932,0.3341142880917155
4933,0.3390983217167181
4934,0.3315044571967513
4935,0.3288013722669546
4936,0.3321876205994319
4937,0.3292619642589874
4938,0.3299946462632935
4939,0.3302761767050536
4940,0.3323520942807488
4941,0.3394310807562526
4942,0.319931831003054
4943,0.3435555207216922
4944,0.3334491651034881
4945,0.3252183927611025
4946,0.3296601907525267
4947,0.3275119114507512
4948,0.3357853904576646
4949,0.3341412558174708
4950,0.330379280526087
4951,0.3389282527418554
4952,0.3333047702213105
4953,0.3344417010025521
4954,0.3408343702244366
4955,0.3503634910643658
4956,0.3319061900274883
4957,0.3368947336197685
4958,0.3344126011678555
4959,0.3366159715709743
4960,0.327107507047283
4961,0.3429067517873119
4962,0.3418291759219017
4963,0.3407635340579899
4964,0.3419674734830381
4965,0.3354966957749793
4966,0.346406373056851
4967,0.3421560576998541
4968,0.3289743590451868
4969,0.3319669151674446
4970,0.3456618772684289
4971,0.3264446052851454
4972,0.3285884077499931
4973,0.3486684644887375
4974,0.3358785303817678
4975,0.3364497596440808
4976,0.3389932974469493
4977,0.3405758350828399
4978,0.3430636633275303
4979,0.3337436497226765
4980,0.3344920097215948
4981,0.3336883433858901
4982,0.3431333286440652
4983,0.3322539273800342
4984,0.3382607100455465
4985,0.3272139035211794
4986,0.3392025098281996
4987,0.3320516602458216
4988,0.3282141492554834
4989,0.3316096946423992
4990,0.3311946374496184
4991,0.3347953593818724
4992,0.3403589397620988
4993,0.3403146930013824
4994,0.3309632549966855
4995,0.3431051803048028
4996,0.3404948339597762
4997,0.3352500198214108
4998,0.3312052638230001
4999,0.3345418978745389
5000,0.3364256600494082
5001,0.3422822735159208
5002,0.3385382432637778
5003,0.3347304446127268
5004,0.339551443439895
5005,0.3381452736273146
5006,0.336518530014511
5007,0.3211635852514775
5008,0.3292200127289899
5009,0.3436594251115654
5010,0.332644749837301
5011,0.3404133822614264
5012,0.3354964522721295
5013,0.3468738253605391
5014,0.3322215831442529
5015,0.3370502281550706
5016,0.3344240258073179
5017,0.3239188137515634
5018,0.3345543372429115
5019,0.3238303608203062
5020,0.3358976478995215
5021,0.3246721961151924
5022,0.3279950446654344
5023,0.3340521918807993
5024,0.3275700314153917
5025,0.3325245581425206
5026,0.3363388871853479
5027,0.3267698311149742
5028,0.3328868970344252
5029,0.3286746288459807
5030,0.3368373851623334
5031,0.3330816241432167
5032,0.3337232207850421
5033,0.3348202645477184
5034,0.3358839734570178
5035,0.3361792160233168
5036,0.3300292241950875
5037,0.335727412811603
5038,0.3323260373218953
5039,0.3258118152516563
5040,0.3381947564624702
5041,0.329061082809385
5042,0.3310799520588989
5043,0.335625702720514
5044,0.3401567784559805
5045,0.3357373866536138
5046,0.3396863232584062
5047,0.346641102786431
5048,0.3350360083801034
5049,0.3352701851659986
5050,0.3328423403379973
5051,0.3343654090609974
5052,0.3387929318252948
5053,0.3384378674083929
5054,0.3295275440713985
5055,0.3417342743467596
5056,0.3294162001091822
5057,0.333238868102699
5058,0.3348189342659818
5059,0.3392417560856283
5060,0.332246653519213
5061,0.327497785890821
5062,0.329118717771516
5063,0.3311438050168874
5064,0.3317405267204892
5065,0.3339462737572991
5066,0.3408149291286519
5067,0.3382270810361887
5068,0.3426030236557806
5069,0.3460466682863585
5070,0.3378651812773187
5071,0.3338720986442514
5072,0.3293873193892522
5073,0.3273630715339596
5074,0.328285426395667
5075,0.3368971101283353
5076,0.3387116767534078
5077,0.3384250412818796
5078,0.3322287257963779
5079,0.3283116296511778
5080,0.3400254720746187
5081,0.335404168851037
5082,0.3354588779258283
5083,0.3464545714348657
5084,0.3364333685278177
5085,0.3302894339202937
5086,0.3367799653578737
5087,0.3324980639318531
5088,0.3350651501550066
5089,0.3339682254226057
5090,0.3345104997551169
5091,0.3289139276399635
5092,0.3393213104419595
5093,0.3374127940060233
5094,0.3318865170272274
5095,0.3363418753821026
5096,0.3383566822509345
5097,0.3429373691700614
5098,0.3358391928212128
5099,0.3443600854130807
5100,0.3326991452845851
5101,0.3408389705020861
5102,0.3330549171323768
5103,0.3387402233647115
5104,0.3184014501874632
5105,0.3187429538146721
5106,0.3261731081916346
5107,0.3375974925455174
5108,0.3438980362509554
5109,0.3371267767177544
5110,0.3383700744034689
5111,0.3321989821439056
5112,0.3362083189883206
5113,0.3291634329429636
5114,0.330416660679656
5115,0.3329381857836205
5116,0.3306555692065579
5117,0.3368525493765622
5118,0.3267987004799345
5119,0.3372079665680972
5120,0.3384407720878838
5121,0.3297120885599863
5122,0.3300610465039593
5123,0.3240497973999267
5124,0.3257247218637523
5125,0.3247765516918357
5126,0.3258102694498876
5127,0.3306608674825316
5128,0.3295047214738822
5129,0.3314916545351964
5130,0.3256979107309595
5131,0.3283600600719092
5132,0.3364397671205699
5133,0.3304183448419718
5134,0.3356662127375908
5135,0.3407893241583811
5136,0.3430292406869045
5137,0.3374447710593982
5138,0.3336895976177733
5139,0.3259863954700691
5140,0.3360612206291669
5141,0.3288454536107046
5142,0.3389726574660432
5143,0.3331979159764369
5144,0.3302526230691621
5145,0.3311434565824677
5146,0.3362007437846805
5147,0.3346249569161382
5148,0.3351708431984815
5149,0.3297876452330842
5150,0.3368298199513402
5151,0.3237132746422235
5152,0.3307035391595779
5153,0.3390853478764851
5154,0.3365139027815395
5155,0.3227287860193311
5156,0.3418667181310987
5157,0.3187261264378085
5158,0.3299462890837434
5159,0.3410343125177353
5160,0.3314406938289701
5161,0.3381255118914864
5162,0.3310399771451633
5163,0.3294943145264193
5164,0.3245511223770982
5165,0.326235687249688
5166,0.3302388160794535
5167,0.3417416010542859
5168,0.3292278185500145
5169,0.3302930314201001
5170,0.3259854300013367
5171,0.3348099651953894
5172,0.3244889086117056
5173,0.3266434261030356
5174,0.3224409020643248
5175,0.3441251522283747
5176,0.331421813205823
5177,0.3347561397339276
5178,0.3431778480318536
5179,0.3330474865768359
5180,0.3323596197038572
5181,0.3256801750667995
5182,0.3329965055246212
5183,0.3366721594016497
5184,0.3348519890252943
5185,0.3280070415776722
5186,0.3333490014402913
5187,0.3404300616316436
5188,0.3327670419812873
5189,0.3330175744065262
5190,0.337969765145975
5191,0.331133635360778
5192,0.3398774101613624
5193,0.3265472610399945
5194,0.3279855168252621
5195,0.3312653124731944
5196,0.3258435658501988
5197,0.3263620336380662
5198,0.3409634382365853
5199,0.328758967177557
5200,0.3352989555092476
5201,0.3361527960960631
5202,0.3270057689947477
5203,0.3211454719413394
5204,0.3328806273155886
5205,0.3384178208561916
5206,0.3322967005469037
5207,0.334520937602309
5208,0.3282712342867381
5209,0.3257207042815498
5210,0.3281783010688274
5211,0.3344286713214507
5212,0.3334222851745569
5213,0.3367380563078802
5214,0.3378124726330641
5215,0.3325288848312023
5216,0.3334825544815716
5217,0.3433121972071229
5218,0.3328739476716793
5219,0.3298381239052413
5220,0.3312965208501687
5221,0.3297243099091936
5222,0.3341399910498085
5223,0.3327989175388256
5224,0.3312578218192694
5225,0.3336061658057728
5226,0.3315575140544046
5227,0.34262133206115
5228,0.3325707860967026
5229,0.333445714221112
5230,0.3334660838219562
5231,0.3371969433704033
5232,0.3268318740789273
5233,0.3316100111388541
5234,0.3283331936073604
5235,0.3333505142747314
5236,0.3338592815905011
5237,0.3341473017784743
5238,0.3305960540431563
5239,0.3300519482592601
5240,0.3293855300281718
5241,0.3290516617832824
5242,0.3349581649124232
5243,0.3380981108105956
5244,0.3379023935155171
5245,0.3274430103168493
5246,0.3261973855192503
5247,0.3297215491735266
5248,0.3327047398449024
5249,0.3346250327001342
5250,0.32706440860265
5251,0.3407172018484078
5252,0.3246027856238402
5253,0.3234975543819374
5254,0.3318846481625975
5255,0.3325107434690075
5256,0.3356254879161431
5257,0.3318767282359135
5258,0.3247403189791585
5259,0.328981252021539
5260,0.3370909780234188
5261,0.3293812821653369
5262,0.3310738541423709
5263,0.3296605159698487
5264,0.3317957929476349
5265,0.3289729950016845
5266,0.3401390423100187
5267,0.3233177437497781
5268,0.3187960135084448
5269,0.3291734038256843
5270,0.323544640058731
5271,0.3201271633297077
5272,0.3277811089232878
5273,0.320238787347105
5274,0.3289061023569811
5275,0.3356665134236701
5276,0.3399144035638525
5277,0.3256310864352441
5278,0.3298650954653044
5279,0.3342902053132118
5280,0.3397190519406931
5281,0.3369046266946648
5282,0.3329701922536084
5283,0.3276621872039233
5284,0.3203890131591476
5285,0.3321021662333205
5286,0.3282465098374095
5287,0.340811394561826
5288,0.3337575635568944
5289,0.3310744740317184
5290,0.315274244127572
5291,0.3235215776390087
5292,0.3303964915265032
5293,0.3260596928619554
5294,0.3290850954269819
5295,0.3389814152884803
5296,0.3270610065740417
5297,0.3377253125235079
5298,0.328586615277848
5299,0.3266870333102366
5300,0.3351173930242458
5301,0.3357104094508963
5302,0.3294274159624899
5303,0.3331516019079262
5304,0.3265625074969795
5305,0.334927416759864
5306,0.3254013888589644
5307,0.3255912861176265
5308,0.3280408078564624
5309,0.3444413353353592
5310,0.3344056900465238
5311,0.3184512262586049
5312,0.3241343135977668
5313,0.3271362395599804
5314,0.3329922290356403
5315,0.3158618946304051
5316,0.3271637849696417
5317,0.3321416294149462
5318,0.3280752181907947
5319,0.326093606216679
5320,0.3231430434391932
5321,0.3283187542004918
5322,0.3369392780265004
5323,0.3299243792982386
5324,0.3249657469557083
5325,0.339551632659446
5326,0.3363541856434447
5327,0.326698171316837
5328,0.3255235703854433
5329,0.3379486369450928
5330,0.327997208224049
5331,0.3220614904761913
5332,0.3290931804708464
5333,0.3228320289277882
5334,0.3335470710204697
5335,0.3447865267799146
5336,0.3344438756852489
5337,0.3396960841725758
5338,0.3294835266604943
5339,0.3307753374891433
5340,0.341747547449424
5341,0.3352853592145136
5342,0.332187026321547
5343,0.3274929252924953
5344,0.3265832507828066
5345,0.3280972526389
5346,0.3357056455885371
5347,0.320684807117256
5348,0.3302003637363063
5349,0.32768338433036
5350,0.3276289767789928
5351,0.3217929943874384
5352,0.3211978148306481
5353,0.3292173609951806
5354,0.3330018043368375
5355,0.3257761935566137
5356,0.3239253513343565
5357,0.3252219742504578
5358,0.3231027683434055
5359,0.331061949715623
5360,0.3464991856888847
5361,0.3370060461368724
5362,0.3288269927837423
5363,0.3282795382325985
5364,0.3275794150246232
5365,0.3296074221263179
5366,0.3285739946775795
5367,0.328717959269582
5368,0.3252078508063163
5369,0.3370459882736638
5370,0.3338344664091888
5371,0.3296696015615205
5372,0.3264697133148597
5373,0.3288491999001674
5374,0.3220688536468333
5375,0.3272154970703416
5376,0.3215627658552766
5377,0.3216478227249684
5378,0.3246328199368356
5379,0.3204489427519715
5380,0.3176357716531968
5381,0.3312369237833403
5382,0.3167770594561798
5383,0.3255680747310714
5384,0.3295245344858066
5385,0.3445059708977647
5386,0.3431717505339481
5387,0.3274913273518153
5388,0.3364359137066283
5389,0.3246968699837162
5390,0.3260060627758893
5391,0.3328002008877779
5392,0.3218553485547414
5393,0.3141668555951531
5394,0.3233358285509181
5395,0.3283384622703892
5396,0.3306782438122577
5397,0.3302494805625737
5398,0.3240747676176361
5399,0.325046192143623
5400,0.3261716338814142
5401,0.3261380921810315
5402,0.3275076193072294
5403,0.3286203056817298
5404,0.3318822833542004
5405,0.3286271672466861
5406,0.3299332232252026
5407,0.327140688049578
5408,0.3323911996853849
5409,0.3234155382334024
5410,0.3350514038688036
5411,0.3315989463994497
5412,0.3221725828948402
5413,0.3301251151908421
5414,0.3276120268577756
5415,0.3400376170065453
5416,0.3288886841978738
5417,0.3225145360515567
5418,0.3259808771354007
5419,0.3348122796803687
5420,0.3314995255948384
5421,0.3220467651687911
5422,0.323636153836268
5423,0.324087440411212
5424,0.3314154796227638
5425,0.3288298553088631
5426,0.3428943674413766
5427,0.3337140350979637
5428,0.3258532960989381
5429,0.3262241840852713
5430,0.3270424723904162
5431,0.3234213698257721
5432,0.3228724145153639
5433,0.3172599199884384
5434,0.3290949513740187
5435,0.3265954403329052
5436,0.3285742786367499
5437,0.3387366744746869
5438,0.3331541602161
5439,0.33027550423762
5440,0.3238690546164938
5441,0.3394865093443132
5442,0.3374316829368907
5443,0.3112973699285453
5444,0.3263773356237082
5445,0.3245861939261668
5446,0.3180623230734661
5447,0.3277291882679028
5448,0.3293969048604147
5449,0.3360999166201922
5450,0.3320416343069879
5451,0.3241014883973043
5452,0.3265871342856025
5453,0.3267857284404971
5454,0.3307947312322711
5455,0.3230155311954746
5456,0.3257817053829681
5457,0.3338183659500815
5458,0.3366250442751594
5459,0.3312105332948618
5460,0.3292238633971189
5461,0.3227869566695344
5462,0.320211040601392
5463,0.3270038047571328
5464,0.3384754927783052
5465,0.3243988375814363
5466,0.3328340361691809
5467,0.3305661657418268
5468,0.3273609949477231
5469,0.3247082538636103
5470,0.3226434973423141
5471,0.3278164712306209
5472,0.3307761789805521
5473,0.3301887790944019
5474,0.3187951408013464
5475,0.3316158264738274
5476,0.3393423712986765
5477,0.3278600923699372
5478,0.3344603395789153
5479,0.332838409697312
5480,0.3274565172131055
5481,0.3298487580032594
5482,0.3280023799528173
5483,0.3282573696846934
5484,0.3213018464269034
5485,0.3259843778366058
5486,0.3336317137213909
5487,0.3377528856877345
5488,0.3233222624540861
5489,0.3248304645659964
5490,0.323665976164314
5491,0.325563981506947
5492,0.3233981532200793
5493,0.3332059735721466
5494,0.3285685712912296
5495,0.3312052524846441
5496,0.3227377942808236
5497,0.3407989093711247
5498,0.3302218672234062
5499,0.3292497210099497
5500,0.3211035599722255
5501,0.3236387987048518
5502,0.3240269734622981
5503,0.3234854598535009
5504,0.3313656008835638
5505,0.3335534972786249
5506,0.3265783764354152
5507,0.3185273132022787
5508,0.3285382249874394
5509,0.3230863385887441
5510,0.315961316927361
5511,0.330474191989236
5512,0.3225819717000612
5513,0.3247889856285056
5514,0.3249096152639472
5515,0.3282065159978803
5516,0.3253080536383355
5517,0.3224782186555603
5518,0.327592947305285
5519,0.3363237820916173
5520,0.327375088258854
5521,0.3200563123139363
5522,0.3188581810728965
5523,0.3150606112094036
5524,0.3308565555089149
5525,0.3259698700883514
5526,0.3239415427831268
5527,0.3262089764538327
5528,0.3250153381308697
5529,0.3302701284416121
5530,0.3294389654872877
5531,0.3193024714012157
5532,0.3344226925958805
5533,0.3269279518410106
5534,0.3236019359986989
5535,0.331058856123797
5536,0.3150029933076343
5537,0.3289803945798111
5538,0.3183730701500609
5539,0.31746323939132
5540,0.322903759123776
5541,0.3253545227157224
5542,0.3220544227341476
5543,0.3268188461852302
5544,0.3266788648597649
5545,0.3272122605857792
5546,0.3207538263425805
5547,0.3261405161106321
5548,0.3245274181709728
5549,0.3295871978695341
5550,0.3258128505271068
5551,0.3295536894407
5552,0.3295836861172443
5553,0.3273076217506511
5554,0.3340033616979085
5555,0.3279886154152775
5556,0.3132108024633585
5557,0.3277193012010764
5558,0.3260924716277615
5559,0.3261343754541242
5560,0.3219344761235173
5561,0.327274501459492
5562,0.3309976735945338
5563,0.3222767393326362
5564,0.32405080936903
5565,0.3301874867804315
5566,0.3329799537700882
5567,0.3185470394906416
5568,0.3250858066425216
5569,0.323259039274631
5570,0.3272781246446668
5571,0.3270326718750911
5572,0.3238336734130043
5573,0.3215489198587529
5574,0.3234386694463921
5575,0.3215797371921731
5576,0.3252433368620513
5577,0.3226106678597371
5578,0.3263385018709644
5579,0.325956526433076
5580,0.318629183840529
5581,0.3234087254713012
5582,0.3244537131351295
5583,0.3170913493626637
5584,0.3321731043434385
5585,0.3307814588250811
5586,0.3240109488500626
5587,0.3230706382414476
5588,0.3238467325787899
5589,0.3174549959510099
5590,0.3292410138164354
5591,0.3229083683769407
5592,0.3197858837715618
5593,0.3339161421644088
5594,0.3294298658373581
5595,0.3223176707958845
5596,0.3243260106004949
5597,0.3260039269572682
5598,0.3248624109075155
5599,0.3336870854398988
5600,0.3340684484552348
5601,0.3379015416117721
5602,0.3287830530312705
5603,0.3243668630971966
5604,0.3334130994977146
5605,0.3238920156046742
5606,0.3263628760187435
5607,0.3323723266898377
5608,0.3314466693105977
5609,0.3232513236509641
5610,0.3274670471353024
5611,0.3246788212481683
5612,0.3257086975292558
5613,0.33227482337138
5614,0.3297691966122804
5615,0.3305797399163466
5616,0.3303587304860005
5617,0.3205194170571485
5618,0.3227060809884458
5619,0.3296078252134786
5620,0.3202081188783761
5621,0.3273118304260364
5622,0.3258745316819942
5623,0.328722469478145
5624,0.3228038851704937
5625,0.3252511334310054
5626,0.3246937800982966
5627,0.3332027078019466
5628,0.3200543973601942
5629,0.3270493420090851
5630,0.3262910694058795
5631,0.3123700108275584
5632,0.3176719778155147
5633,0.3156236590827068
5634,0.327852429873474
5635,0.3315804841197561
5636,0.3278820010495685
5637,0.3138480682023239
5638,0.3310799030063573
5639,0.3311769391375554
5640,0.3283823099836886
5641,0.3254776613249574
5642,0.327463309621696
5643,0.3212807790612921
5644,0.3257148412270892
5645,0.3275758382824879
5646,0.3271083438419181
5647,0.3278924225153647
5648,0.3055168582712848
5649,0.3203480217397776
5650,0.3177045360353012
5651,0.3116481527277357
5652,0.3300567190323425
5653,0.3158943228513978
5654,0.3256803188770359
5655,0.3294561607230181
5656,0.324708837248327
5657,0.3346525919484626
5658,0.3191834478789084
5659,0.3254442510597781
5660,0.3190943907277185
5661,0.3205467134711091
5662,0.3223038470491891
5663,0.3279416661788636
5664,0.3256586666637856
5665,0.3252009961664935
5666,0.3151325313780943
5667,0.3278063468283507
5668,0.3259121226807472
5669,0.3252941122566272
5670,0.3190553891913768
5671,0.3205494727925211
5672,0.3245350995745958
5673,0.3222141109652069
5674,0.3377780589672221
5675,0.3221140201203024
5676,0.3223223047804604
5677,0.3290541563839945
5678,0.3248843482700814
5679,0.3259155480832085
5680,0.3308872068066243
5681,0.3270242557076802
5682,0.3253276708163948
5683,0.3311900114113453
5684,0.3285423648719217
5685,0.322674722663849
5686,0.3156987254784306
5687,0.3279066435774001
5688,0.3262207461113957
5689,0.3244043458048778
5690,0.3276721002284634
5691,0.3325379212565857
5692,0.3225072789217452
5693,0.3267587492775195
5694,0.3315107315256784
5695,0.3201628909343807
5696,0.3224458032678325
5697,0.3220109749538155
5698,0.3252211536412105
5699,0.3284930659044577
5700,0.3241491745287883
5701,0.3310026272179294
5702,0.3234035899147257
5703,0.3271697176647478
5704,0.3195727955100644
5705,0.3256898605120609
5706,0.3292861628163603
5707,0.3253301871335739
5708,0.3202148339929342
5709,0.328603068330846
5710,0.3310140823665121
5711,0.323080190394908
5712,0.3177344351275394
5713,0.3255364268109711
5714,0.3351708600355237
5715,0.3259928883205052
5716,0.3267911829519271
5717,0.3348994062714817
5718,0.3291543039865899
5719,0.323739838779002
5720,0.3309422672787568
5721,0.333608167729169
5722,0.3229541516700758
5723,0.3172027184596385
5724,0.321012042240458
5725,0.3174424620205623
5726,0.3346304157187881
5727,0.3290149348676931
5728,0.3366436659711473
5729,0.3328509494112315
5730,0.3268685925556919
5731,0.3255720182559733
5732,0.3320001029460758
5733,0.3209363347567661
5734,0.3251564314277954
5735,0.3138588260060717
5736,0.3254699396232305
5737,0.3171491941828805
5738,0.3235342734678809
5739,0.3248722472201102
5740,0.3185599599267013
5741,0.329527301593452
5742,0.3214308643524737
5743,0.32195138401448
5744,0.3243542475697465
5745,0.3260520890816198
5746,0.3247854390315243
5747,0.3278444094989082
5748,0.3223578461204896
5749,0.3190345649053031
5750,0.3286830935621423
5751,0.3306394093936037
5752,0.3197611809432031
5753,0.3267535987702714
5754,0.3214649456441006
5755,0.3291510737108188
5756,0.326375272643618
5757,0.3215719908989597
5758,0.3286955919341413
5759,0.3169610823452697
5760,0.3250284170629014
5761,0.3318624713850377
5762,0.3255061831671051
5763,0.3289070364739865
5764,0.328200622387033
5765,0.3267112328272863
5766,0.3232260562191616
5767,0.3182440870807425
5768,0.328473341482064
5769,0.3350006075126956
5770,0.3266841090433257
5771,0.3131952488458309
5772,0.3169854093551427
5773,0.3316526167887925
5774,0.3275563879937012
5775,0.3340688238316075
5776,0.3261832868811605
5777,0.3251991441904648
5778,0.3196287554363815
5779,0.3221894772443998
5780,0.313118634429697
5781,0.3212393447621741
5782,0.3148203431143738
5783,0.3233682095109921
5784,0.3154070807244458
5785,0.3122844334740426
5786,0.3316166973732564
5787,0.3167606343775104
5788,0.3097128841054034
5789,0.3147321463273813
5790,0.3184215831416734
5791,0.3261937579636331
5792,0.3148165710704242
5793,0.3303845778127001
5794,0.3279895795964733
5795,0.3186727676547818
5796,0.3307060757273423
5797,0.3221095586081784
5798,0.3240540300971505
5799,0.3261419837445332
5800,0.3262659686714091
5801,0.3152746061380397
5802,0.3179515658970488
5803,0.3205541696739772
5804,0.3277186167528069
5805,0.3159306278227706
5806,0.3196361425523472
5807,0.3184415420820499
5808,0.3131560650330427
5809,0.3224449016237308
5810,0.3111712634465948
5811,0.3219927192515252
5812,0.3289850387852222
5813,0.3314532109660908
5814,0.3247934375645646
5815,0.3172677850332999
5816,0.3246029662752441
5817,0.3258543986286275
5818,0.3248979120903898
5819,0.3192576797406465
5820,0.3321406650151811
5821,0.3293811716310025
5822,0.3321321074399815
5823,0.3201462624803535
5824,0.3253839539922499
5825,0.3264122912148213
5826,0.3290213512772476
5827,0.3333808698304082
5828,0.3232149654478107
5829,0.3203312395714372
5830,0.3088619944651823
5831,0.3165725381021591
5832,0.3194416526103348
5833,0.3152784317781116
5834,0.3330205582598194
5835,0.3198885142932651
5836,0.3262492833613609
5837,0.316794398399067
5838,0.3167753106562877
5839,0.3204357007668202
5840,0.3222494274856121
5841,0.3137215504872432
5842,0.3176951585821835
5843,0.3134929025413756
5844,0.3227097554050173
5845,0.3192871438715892
5846,0.3257920135172439
5847,0.327432352362929
5848,0.3222633341334039
5849,0.3108782060565188
5850,0.3171881600561885
5851,0.317725735367143
5852,0.3188295176073086
5853,0.313695710002027
5854,0.3205632161513631
5855,0.3228520930431225
5856,0.3181295725272051
5857,0.3261829597049772
5858,0.3304968181283398
5859,0.3266217275959525
5860,0.3221867859362116
5861,0.3231282421854969
5862,0.3177711572127865
5863,0.3264780618802841
5864,0.3329000872424931
5865,0.3179766155897154
5866,0.3147561529071954
5867,0.3165988958188129
5868,0.3216875389343317
5869,0.3125708792816136
5870,0.3174405835881564
5871,0.3239802472183035
5872,0.319636370234091
5873,0.3138511385878215
5874,0.3175524548052392
5875,0.3239696564873375
5876,0.3181927930332845
5877,0.3104954108209328
5878,0.3258277973886534
5879,0.3275748959343049
5880,0.3359330498114219
5881,0.3321406034838758
5882,0.3214908949339777
5883,0.3064145847894951
5884,0.3278398374303443
5885,0.3189874753032978
5886,0.3178564824052757
5887,0.318396041296321
5888,0.3220104257955778
5889,0.3271507255821824
5890,0.3258523064099393
5891,0.3178371212162827
5892,0.3320185256268045
5893,0.3313267065260742
5894,0.3180060233072433
5895,0.3246993148099424
5896,0.3267980621278322
5897,0.3205095181608259
5898,0.325627041612287
5899,0.3120430503640036
5900,0.3196524189017123
5901,0.3211331926466704
5902,0.3205945633715175
5903,0.3252702477671799
5904,0.310524212964074
5905,0.3210506652249126
5906,0.319308674973134
5907,0.3218798502552289
5908,0.3213542704520298
5909,0.3336083652866746
5910,0.3180009624675576
5911,0.3211965288203199
5912,0.3191254107322701
5913,0.3241208299617903
5914,0.3249235016041643
5915,0.3331945491554376
5916,0.3162437397675984
5917,0.3139449303966956
5918,0.3212699986662698
5919,0.3213014748486752
5920,0.3309408558095989
5921,0.3146866103253578
5922,0.320745975936737
5923,0.3152580504192562
5924,0.3201670048961493
5925,0.3210196025968265
5926,0.324862702513512
5927,0.3165471957544294
5928,0.3228586486563945
5929,0.3245037718327936
5930,0.3244347447509745
5931,0.3209912778965285
5932,0.3205775263064042
5933,0.3186275503475733
5934,0.3159594212408426
5935,0.318007039344663
5936,0.329555978321594
5937,0.3292113601433304
5938,0.3274487016043109
5939,0.3207336991127462
5940,0.3180300108895622
5941,0.3126885443594593
5942,0.3260472035598342
5943,0.3217252724019198
5944,0.3256752235363286
5945,0.3200114287332593
5946,0.3248282099342685
5947,0.330589610123358
5948,0.3193184325510775
5949,0.3204093439410159
5950,0.3199645446791382
5951,0.3131341864049308
5952,0.318369943652236
5953,0.3219189142511806
5954,0.3162301091656715
5955,0.3254108439800382
5956,0.3278817296120306
5957,0.3153286148556055
5958,0.3160179385146375
5959,0.3125253403873622
5960,0.3248467875091916
5961,0.3143809044146886
5962,0.3214318049650448
5963,0.3178521161659762
5964,0.3254121042481544
5965,0.3156803239360962
5966,0.3195329967672303
5967,0.3212018940841638
5968,0.3284267444890594
5969,0.3219208985262567
5970,0.31633943489125
5971,0.3288081571620609
5972,0.3098370257244465
5973,0.320418284212949
5974,0.3219065539968334
5975,0.3183424134672601
5976,0.3169685234449557
5977,0.3167715834856873
5978,0.3229861498483102
5979,0.3127054786477851
5980,0.3232441411087383
5981,0.3169122573618149
5982,0.3212496459736076
5983,0.3269674214760636
5984,0.3231062007035313
5985,0.3154400937893039
5986,0.3152838827693093
5987,0.328457949396809
5988,0.3260390836234186
5989,0.3211078654818725
5990,0.3115811146605423
5991,0.3154821245281611
5992,0.323937899485394
5993,0.3098433793192238
5994,0.317537569354126
5995,0.3179359990957773
5996,0.319301149166346
5997,0.3120330553007677
5998,0.3087922096909638
5999,0.3335995186707487
6000,0.3196211924134928
6001,0.3201801564189774
6002,0.3183135655811484
6003,0.3201515201039103
6004,0.3183521620176033
6005,0.3220100108226758
6006,0.3218447701814694
6007,0.315203000335114
6008,0.3171540797699899
6009,0.3172639744352197
6010,0.3227926270814756
6011,0.3213376052926948
6012,0.3218952881513262
6013,0.3209383964922432
6014,0.3239918634829179
6015,0.318152292998322
6016,0.3214221961992665
6017,0.3189858787707085
6018,0.3226398027677207
6019,0.3255935263774014
6020,0.3148235206194383
6021,0.3086089470212378
6022,0.3174395818393692
6023,0.3221405366080604
6024,0.3278524601229798
6025,0.3199144977745719
6026,0.3257196540811991
6027,0.3187138868469972
6028,0.3129362885042822
6029,0.3192676345416529
6030,0.3238637607624332
6031,0.3190739446426624
6032,0.3175488741550895
6033,0.3251631068496894
6034,0.3184383242657493
6035,0.3154140292541776
6036,0.3212624009960336
6037,0.319016330985747
6038,0.3185963575248108
6039,0.320592044815749
6040,0.318660176470706
6041,0.3255913722366331
6042,0.3142530262984008
6043,0.3166080566918507
6044,0.3182871375436908
6045,0.3121930961976971
6046,0.3222388525310713
6047,0.3227554368898514
6048,0.3125215422243935
6049,0.311103076253428
6050,0.3115957406888704
6051,0.315025707237636
6052,0.319925044369483
6053,0.3233100581783849
6054,0.3223740049334653
6055,0.3187276407817178
6056,0.3203526334510866
6057,0.3286272824023936
6058,0.3176601196735636
6059,0.3112089075538028
6060,0.3188483001959129
6061,0.3227729557092298
6062,0.3172475901305767
6063,0.3232210605914062
6064,0.3243241357157719
6065,0.3146485510778985
6066,0.3205544015654771
6067,0.3242213122369031
6068,0.3146970193512009
6069,0.3218858509970195
6070,0.3166861065494465
6071,0.3304892373721373
6072,0.3149083310044996
6073,0.3251428916163346
6074,0.3147813999641645
6075,0.3101548733169638
6076,0.3312854367681511
6077,0.3159615427983684
6078,0.3194737219026755
6079,0.3131915786142731
6080,0.3210993734621927
6081,0.3218610834013443
6082,0.3215467935300333
6083,0.3068591078841861
6084,0.321762738348542
6085,0.3183030634664757
6086,0.3253972241647647
6087,0.3150671547036892
6088,0.3197394121172954
6089,0.3125123892518854
6090,0.3066909293575032
6091,0.3192148383786645
6092,0.32635428451521
6093,0.3187474001252631
6094,0.3186020908350506
6095,0.3078081118449184
6096,0.3210206711293865
6097,0.3180440400430507
6098,0.3284812553312863
6099,0.3238162274370199
6100,0.320466752953947
6101,0.3189809443551671
6102,0.323041860440664
6103,0.3126946978949641
6104,0.3039817632757447
6105,0.3096261797447029
6106,0.3224564039397268
6107,0.3117011008600282
6108,0.3225792363885851
6109,0.3237700250301836
6110,0.3234266376896431
6111,0.3201728100332234
6112,0.3228911890698718
6113,0.3219340595610063
6114,0.3133315040863647
6115,0.2985291287029594
6116,0.3157493377092347
6117,0.3210016376043688
6118,0.3109826976643748
6119,0.3230511340562877
6120,0.3206529389199853
6121,0.3186985892827539
6122,0.3240522409533337
6123,0.3224941377998866
6124,0.3238554252501876
6125,0.313669347101709
6126,0.3203200926500031
6127,0.3230166356125437
6128,0.3305749273764665
6129,0.3250911493893612
6130,0.3224340445453437
6131,0.315505412980638
6132,0.3270261353255279
6133,0.3146229079677347
6134,0.3316237593297971
6135,0.3120767243701412
6136,0.3179251473082984
6137,0.3288723123213649
6138,0.3297956775632327
6139,0.3234122644368008
6140,0.3210248339448294
6141,0.3294904272755879
6142,0.3231118872720889
6143,0.3186156409127371
6144,0.3158475015639594
6145,0.3099054417352888
6146,0.3117378262371499
6147,0.3122912797894982
6148,0.3238313211093833
6149,0.3150074832469086
6150,0.3228044414119014
6151,0.3226170905427877
6152,0.3185368780632744
6153,0.3159689345067278
6154,0.3089322123930885
6155,0.3167383192874365
6156,0.3100102350612899
6157,0.3122211606596638
6158,0.3100110113419002
6159,0.3168669324297596
6160,0.3227220897748926
6161,0.3218949567680899
6162,0.3115520154507422
6163,0.317999629099288
6164,0.3177217945563514
6165,0.3209966501492821
6166,0.3275844692413999
6167,0.3282961672452004
6168,0.3171510932793006
6169,0.311035843501455
6170,0.3201402407764678
6171,0.3156785729699352
6172,0.3218228985534369
6173,0.3222185405684351
6174,0.312081343424929
6175,0.3101907163952845
6176,0.3233975061377027
6177,0.3088058645952837
6178,0.3117104730961964
6179,0.3193368083358209
6180,0.3175024110727421
6181,0.3186280250659907
6182,0.3133929062642165
6183,0.3119302656345451
6184,0.313566289385818
6185,0.3128543211799744
6186,0.3229674666919214
6187,0.3100933916976194
6188,0.3205557024776908
6189,0.3235610335436153
6190,0.3205138037995366
6191,0.3231652977657308
6192,0.3028155316651724
6193,0.3039265063028138
6194,0.3096622851078332
6195,0.3191249673714149
6196,0.324845876461079
6197,0.3204193627526571
6198,0.3144711877859758
6199,0.3151119089527994
6200,0.3107364400224228
6201,0.3236667016223495
6202,0.3186684241315565
6203,0.3207558042157941
6204,0.3202342544703236
6205,0.3218891570658885
6206,0.3191374045547741
6207,0.3187264584980661
6208,0.3205016536037971
6209,0.3156149447507541
6210,0.3170467888358974
6211,0.3137842000032365
6212,0.3168738112866265
6213,0.3159302970236623
6214,0.3141290963146844
6215,0.3182433282949595
6216,0.32113517361662
6217,0.3177882555702756
6218,0.3102134837061258
6219,0.3212555286649752
6220,0.3150146231549993
6221,0.3166968242490555
6222,0.3224955280372528
6223,0.3247437344931393
6224,0.3059930307628963
6225,0.3132650446027338
6226,0.3175095602914509
6227,0.316581969211015
6228,0.3178926856024057
6229,0.3122504269443005
6230,0.3169347523184684
6231,0.3241330796925794
6232,0.3174788202617174
6233,0.3124236278681327
6234,0.315501863449998
6235,0.3212645820267569
6236,0.3219815393326236
6237,0.3169922171337228
6238,0.3135670176489851
6239,0.3220127319902827
6240,0.327056955135764
6241,0.3210589709842034
6242,0.3198712709521416
6243,0.3148673335410378
6244,0.3242847633087255
6245,0.3209993342102734
6246,0.3164158086860535
6247,0.3164685358236062
6248,0.3161221180700266
6249,0.3113026973881931
6250,0.3082593095615151
6251,0.31554319167989
6252,0.3150780137668073
6253,0.3096969988661411
6254,0.3091093846494245
6255,0.3194051433642024
6256,0.3049327348857877
6257,0.3119002430428731
6258,0.3207037591187072
6259,0.3260546870766082
6260,0.3137741381186238
6261,0.3090941535222744
6262,0.3119037670724197
6263,0.3149731167541338
6264,0.3057340154677572
6265,0.3243791347673735
6266,0.3051180729147525
6267,0.3192527210099927
6268,0.3132329518207528
6269,0.3065081825786427
6270,0.3027323424519703
6271,0.312184401693558
6272,0.3153918684911735
6273,0.3209630591009649
6274,0.3173306920266451
6275,0.3126244694384061
6276,0.3185523609538456
6277,0.3165495562310296
6278,0.3122099907921917
6279,0.3014672308222639
6280,0.3154518662328535
6281,0.3110337235062489
6282,0.316536148021612
6283,0.3140801173416345
6284,0.312344539485224
6285,0.3102962757419976
6286,0.3074849093232994
6287,0.3209671494420446
6288,0.3114805264114967
6289,0.3074084790804374
6290,0.317298213550499
6291,0.3221499931436105
6292,0.3117412322082633
6293,0.3146079237379782
6294,0.311174289313198
6295,0.314484185452261
6296,0.304735610976655
6297,0.3106530298433288
6298,0.3197295345304389
6299,0.3142655565340301
6300,0.3209098009555388
6301,0.3219171890596012
6302,0.318227276507951
6303,0.312697474996495
6304,0.3074683226057587
6305,0.3107494228646477
6306,0.3143918844962187
6307,0.3112026469391169
6308,0.3081893642026844
6309,0.3146989994652444
6310,0.3123019136750238
6311,0.3154721348092147
6312,0.3113474929334212
6313,0.3140425187145669
6314,0.3134445427402273
6315,0.3221322552945105
6316,0.3170426398556472
6317,0.311707838537815
6318,0.3172662028311295
6319,0.3262626258057192
6320,0.3217669817526269
6321,0.3198542835353868
6322,0.3108025293459434
6323,0.319455671999549
6324,0.3145815948861701
6325,0.3220916151591305
6326,0.3181322017758083
6327,0.3105983509505313
6328,0.3151134469174939
6329,0.3121411207468185
6330,0.3118520125285803
6331,0.3128603970945919
6332,0.3183744430240814
6333,0.3129126218161017
6334,0.31838801296654
6335,0.3184935696311437
6336,0.3211485424356122
6337,0.3076576147930403
6338,0.3242637041833783
6339,0.3084925242773702
6340,0.3141686491567459
6341,0.321922699986445
6342,0.3131135695466532
6343,0.3141953461379534
6344,0.3155291108460373
6345,0.3192217835844408
6346,0.3111992123141726
6347,0.3086548630543069
6348,0.314000848839127
6349,0.3121649460363587
6350,0.3166438392622368
6351,0.313648661512969
6352,0.3139741146162169
6353,0.3067669621653978
6354,0.3114017779486359
6355,0.3072672677609625
6356,0.3127596210129353
6357,0.3081191351634758
6358,0.3057853451445492
6359,0.3178143436804558
6360,0.3021033144436517
6361,0.309150262338916
6362,0.2994991755416676
6363,0.3057218736114994
6364,0.3152487787190188
6365,0.3216004742281765
6366,0.3037491261819627
6367,0.310777317841244
6368,0.3139363876840453
6369,0.3153708663242652
6370,0.3133737273587272
6371,0.3136023828760933
6372,0.3198251481487291
6373,0.3143672639737523
6374,0.3141865442382933
6375,0.3113637293449083
6376,0.3138834270252678
6377,0.3163943367308439
6378,0.3082528321303405
6379,0.3045783555971071
6380,0.3120338347626536
6381,0.3118876485549046
6382,0.3184735467609069
6383,0.3130313065647374
6384,0.3063457795261539
6385,0.30952029672486
6386,0.3168490608621712
6387,0.3061617347940077
6388,0.3280169768859573
6389,0.317630256661529
6390,0.3074075934070036
6391,0.3153203821586601
6392,0.3152556449789169
6393,0.311456820714302
6394,0.312865500336802
6395,0.3106375129465161
6396,0.3178903660129931
6397,0.3146987951601007
6398,0.3115293020744076
6399,0.3103515197923447
6400,0.3055634615720357
6401,0.3062796694562837
6402,0.3144353644027507
6403,0.3144816889000054
6404,0.301855310955516
6405,0.3147226713779837
6406,0.316451887035208
6407,0.3177839625287908
6408,0.3101037278491149
6409,0.3079306515560522
6410,0.3214333477814281
6411,0.3159477163489964
6412,0.306859108680167
6413,0.3093401455242227
6414,0.3180977740865526
6415,0.3116526490651205
6416,0.3084965220927467
6417,0.3155735655157853
6418,0.3140202009756249
6419,0.3105219674577371
6420,0.3124790592078076
6421,0.3240833882894088
6422,0.3163256169470961
6423,0.3150283437229897
6424,0.3116682065478747
6425,0.3127508090208953
6426,0.31740414220204
6427,0.3185996562949879
6428,0.3054665823459085
6429,0.3110210792488793
6430,0.3071542681126029
6431,0.3102183710121718
6432,0.3177262650413979
6433,0.315350519496692
6434,0.3222499082827922
6435,0.3114639063721416
6436,0.3149171588993569
6437,0.316252166981384
6438,0.3169318712942753
6439,0.3121731158346913
6440,0.3027517139267199
6441,0.3100155920642812
6442,0.3109092630317174
6443,0.3099118940472633
6444,0.3033197558985778
6445,0.3096768269989787
6446,0.3028160663197841
6447,0.3114267677111818
6448,0.3135744832240975
6449,0.3049338994873206
6450,0.3052017634932961
6451,0.3084019391996705
6452,0.3013880151806669
6453,0.316249864829881
6454,0.3085983998456036
6455,0.3127039303255809
6456,0.3121954966070583
6457,0.3097009690070346
6458,0.3202035756720008
6459,0.323271837777891
6460,0.3156599285628838
6461,0.311356992613849
6462,0.3125718432401033
6463,0.3133028601561933
6464,0.3091409735578848
6465,0.3012106301881067
6466,0.3101323501152569
6467,0.3049310469937796
6468,0.3145970515828182
6469,0.3113145808402023
6470,0.3191825630594319
6471,0.3022545977669963
6472,0.3091076082805962
6473,0.3096358435347298
6474,0.3200748311333979
6475,0.3137056898334402
6476,0.3135497040597769
6477,0.3097988890401557
6478,0.3163347095638057
6479,0.3072587569160538
6480,0.3068649243620653
6481,0.3134958800895132
6482,0.3065234503605267
6483,0.3125242477555326
6484,0.3122340578448651
6485,0.3050647607088191
6486,0.303080604799782
6487,0.3053878489936966
6488,0.3072221326435967
6489,0.3193694505753182
6490,0.3030580138627033
6491,0.3143185462390308
6492,0.304631817814494
6493,0.3100606642474602
6494,0.3149539455501161
6495,0.3055004252833886
6496,0.3086322747073942
6497,0.3160921580264973
6498,0.3153495862958753
6499,0.2988552775663008
6500,0.306358177705077
6501,0.2984236228851915
6502,0.3026653332673797
6503,0.3084772750003196
6504,0.3129215595328082
6505,0.3157352248156675
6506,0.3104194478819231
6507,0.3002023049389153
6508,0.303897504117438
6509,0.3106554357239534
6510,0.3145901248125575
6511,0.3060646599759912
6512,0.3152728773466917
6513,0.3162474818998094
6514,0.3199527527995655
6515,0.3163678193958336
6516,0.3051795331721013
6517,0.3125419592532389
6518,0.3102859518912301
6519,0.3091658941720851
6520,0.3143892106530457
6521,0.3040312426396978
6522,0.3100983066636925
6523,0.3025204163053125
6524,0.3049800679159844
6525,0.3027724284097353
6526,0.3083910848681743
6527,0.3072829479236228
6528,0.308525040202928
6529,0.3108737417893804
6530,0.317506717001936
6531,0.3140704281094066
6532,0.3108775765399272
6533,0.3155460308533369
6534,0.3104045885478122
6535,0.297442977339046
6536,0.3128367678125346
6537,0.3150117473721992
6538,0.3073842750104612
6539,0.3098266090700063
6540,0.3123288142764523
6541,0.3143840537798594
6542,0.3172978496878738
6543,0.3176189690029802
6544,0.3131006711976036
6545,0.3158585844602922
6546,0.3223537119006925
6547,0.3200776515377498
6548,0.3075731495911541
6549,0.3124520856743407
6550,0.3092923578736954
6551,0.3158145218067982
6552,0.3066484142782826
6553,0.3224802300648721
6554,0.3122659190583665
6555,0.305521067578439
6556,0.3100242074389722
6557,0.3041319813977235
6558,0.3028178569058163
6559,0.3045451699861594
6560,0.3024034066686643
6561,0.3064289748358802
6562,0.3050314915329407
6563,0.2966130343001613
6564,0.3038919353940545
6565,0.3085939466904653
6566,0.3064637957770192
6567,0.3027256346094582
6568,0.3042345414148886
6569,0.306140979540895
6570,0.3030358597324892
6571,0.312351966269124
6572,0.302838815313306
6573,0.3050017476909384
6574,0.3002217394070968
6575,0.2973509555415383
6576,0.302093709850646
6577,0.3132913581459765
6578,0.3069648741253761
6579,0.3136041557546397
6580,0.2999790907459544
6581,0.3110222305396986
6582,0.3055440272256166
6583,0.3106245973207344
6584,0.3082899104680162
6585,0.3059888631525902
6586,0.3090300742879621
6587,0.3125318192897227
6588,0.3081604658837793
6589,0.3102786464693897
6590,0.3090303960825663
6591,0.3108170627292326
6592,0.3152028053336415
6593,0.3082570420763739
6594,0.3100574847083937
6595,0.3001326482105973
6596,0.3090076781014302
6597,0.3162465826227765
6598,0.3130101165000979
6599,0.3114628257041731
6600,0.316503351540132
6601,0.3145827585283067
6602,0.3076210133923455
6603,0.3050307440315646
6604,0.300328365825394
6605,0.3099740454428122
6606,0.300565962738922
6607,0.308030196028117
6608,0.3119482574419113
6609,0.3123138929625398
6610,0.3033461125678331
6611,0.3047368164028218
6612,0.2928867584439122
6613,0.3092300927640238
6614,0.3078334093904205
6615,0.3074732150388623
6616,0.3082738915367618
6617,0.3083600715887921
6618,0.3049941386044003
6619,0.303919345031058
6620,0.316795889922052
6621,0.3126864400759724
6622,0.3144351212065733
6623,0.3079909798699328
6624,0.3028141952898523
6625,0.3092914402707403
6626,0.3175127360123518
6627,0.3093852254198527
6628,0.3060242801428393
6629,0.3085070962157674
6630,0.3067233112656178
6631,0.3116563210372898
6632,0.3083653826526138
6633,0.3074018696175741
6634,0.3016514100517613
6635,0.310567703062077
6636,0.3029348138788983
6637,0.3133370518915724
6638,0.314264862870715
6639,0.3146989895792324
6640,0.3066971927394967
6641,0.315558142828643
6642,0.3172080824232928
6643,0.3031225418336917
6644,0.305259715653067
6645,0.3119463059205158
6646,0.3126182940542802
6647,0.3079477554215087
6648,0.2968872935557841
6649,0.3066646123015127
6650,0.3040164340119988
6651,0.3091238686199705
6652,0.2991818457930383
6653,0.3083123181328159
6654,0.3118010044973625
6655,0.2991356174603325
6656,0.3141704436642937
6657,0.3105190502921461
6658,0.3074122521359128
6659,0.3067509475536829
6660,0.2930806864822824
6661,0.309917273309482
6662,0.3041689376193606
6663,0.3025879528459125
6664,0.302368827279159
6665,0.3050971050777361
6666,0.3104362407426474
6667,0.2989488632845335
6668,0.3134415802836737
6669,0.3001220725409155
6670,0.3074992482443628
6671,0.3063676640892946
6672,0.312857745103853
6673,0.3045079399318519
6674,0.3084025658051168
6675,0.3019454023085958
6676,0.3031351419272462
6677,0.3001647601082526
6678,0.2930557284458576
6679,0.3034340485012225
6680,0.306155064378959
6681,0.3068579873314775
6682,0.3037397344990256
6683,0.3138125467666377
6684,0.302011361676365
6685,0.3025831066761884
6686,0.3055562173114442
6687,0.2994831123769263
6688,0.306472077698618
6689,0.3089464759241646
6690,0.3048715264123032
6691,0.3031106421341588
6692,0.2953518168885764
6693,0.3045550368738152
6694,0.3038050075472234
6695,0.303034874189666
6696,0.2985193414040896
6697,0.3052379565352988
6698,0.3085708099194802
6699,0.3136136061468405
6700,0.3077178691405681
6701,0.2990558308093802
6702,0.3030226670871465
6703,0.3040873795942374
6704,0.3001077105618809
6705,0.3070958322254459
6706,0.3053590208554549
6707,0.3063344782182911
6708,0.3096688306038877
6709,0.3025174124036014
6710,0.3112153292902767
6711,0.3040102335670688
6712,0.2956684741408346
6713,0.3075151813839772
6714,0.3027746839248524
6715,0.2984051735274751
6716,0.3098751409111525
6717,0.3030902695381808
6718,0.3018575831094216
6719,0.3088372095445366
6720,0.3120397305519291
6721,0.3206647988498702
6722,0.3098874941755817
6723,0.3062927935807891
6724,0.3037400388079138
6725,0.3119582282164741
6726,0.30748752752361
6727,0.3045599080405889
6728,0.3099904723024904
6729,0.3089498090662717
6730,0.309446590661489
6731,0.3077618285787346
6732,0.3121760461853923
6733,0.3076483483352134
6734,0.3087583769593419
6735,0.2997268012644237
6736,0.3090545635185814
6737,0.309828032880079
6738,0.3119614044997603
6739,0.3118921145878042
6740,0.3063807341233038
6741,0.3063272420800653
6742,0.3054079532574057
6743,0.3077894640664355
6744,0.3048615915270274
6745,0.3169047931339883
6746,0.3066831584188847
6747,0.3110035958791087
6748,0.3126147611619069
6749,0.3100541318889215
6750,0.3036405333569847
6751,0.2993409507674591
6752,0.3047843292746351
6753,0.3046071029959976
6754,0.3027534708488966
6755,0.305492320523563
6756,0.3042773634790557
6757,0.3055950452380732
6758,0.3089254987085554
6759,0.3106479995795583
6760,0.3069415344669794
6761,0.3007715018490853
6762,0.3109212118933546
6763,0.2979042812415964
6764,0.3040149304615852
6765,0.3147359915352457
6766,0.3060148652335104
6767,0.3128263504368367
6768,0.3021819836017718
6769,0.310272700868649
6770,0.31471670934936
6771,0.3122869047915859
6772,0.3145914039329164
6773,0.3144015843641846
6774,0.3024949165544257
6775,0.3007094120983524
6776,0.298349717708597
6777,0.3030760671574931
6778,0.3022879999008916
6779,0.3091576986177212
6780,0.3099232519333284
6781,0.3153722321471169
6782,0.3147744615950006
6783,0.3010176340495572
6784,0.3069527479054604
6785,0.3042731592889525
6786,0.3079927987423306
6787,0.3051632527746521
6788,0.3147956963637921
6789,0.3055788243547987
6790,0.3098863863091941
6791,0.3055898014588302
6792,0.3045664629588606
6793,0.3084093335542002
6794,0.2984612811774318
6795,0.304147116728444
6796,0.3071724193802629
6797,0.3111066785786192
6798,0.306496848931533
6799,0.3048379393631553
6800,0.3044030592997883
6801,0.3059034341156414
6802,0.3052408056031588
6803,0.3040540481554392
6804,0.3093088626194269
6805,0.305183451394886
6806,0.3027387973562233
6807,0.3008521338113025
6808,0.2967528240862566
6809,0.3032998910825383
6810,0.3060080896708546
6811,0.3116400291813076
6812,0.3104847527375352
6813,0.3067522391445031
6814,0.3075882423364289
6815,0.3198527442441015
6816,0.3081466727004386
6817,0.3152152775286807
6818,0.3012485357933512
6819,0.3034416688337681
6820,0.3054631226675595
6821,0.3089656202912532
6822,0.3023746643494139
6823,0.3087088643654816
6824,0.3040605370387712
6825,0.3019456459843763
6826,0.3015747818027724
6827,0.3118916804875789
6828,0.3131199448941827
6829,0.3080633612718615
6830,0.3167689950734587
6831,0.3069309321779718
6832,0.3054429079841335
6833,0.3024729463463014
6834,0.3014607655377316
6835,0.3011621196288362
6836,0.3021997399423307
6837,0.3089901999347339
6838,0.3047022371312309
6839,0.3053155494318158
6840,0.2982456771430138
6841,0.2988560139766785
6842,0.3041473172394316
6843,0.2960822897965723
6844,0.2948138076118791
6845,0.3097996114257415
6846,0.2972139841335964
6847,0.2938180620295791
6848,0.3058590800753822
6849,0.3014194159082299
6850,0.3022299651369843
6851,0.3040612157194939
6852,0.3118107544522325
6853,0.3082474846434103
6854,0.3012090607246152
6855,0.3079718267378843
6856,0.3094361601996457
6857,0.3091406226403916
6858,0.2969691955441534
6859,0.3007977923586613
6860,0.2999351291844897
6861,0.3044843176053794
6862,0.2995737169012278
6863,0.2917904352906608
6864,0.2925216228270735
6865,0.3106991747004122
6866,0.2993542869087903
6867,0.2897217103576234
6868,0.3063452380986431
6869,0.3079295914352444
6870,0.3077800036230914
6871,0.3108690007227448
6872,0.3002918119193783
6873,0.3028839551171373
6874,0.2948451987895338
6875,0.3027747993127795
6876,0.3084863267881562
6877,0.2990426204204833
6878,0.3034017208459338
6879,0.3096764272676716
6880,0.2951739944285197
6881,0.3100583378430335
6882,0.3064421533488258
6883,0.3016469101002095
6884,0.3052686115727507
6885,0.2999462000394952
6886,0.3101969971131518
6887,0.2976479135794753
6888,0.2998563190282287
6889,0.3030807926123827
6890,0.3053595422195272
6891,0.303553216937658
6892,0.3015395242588974
6893,0.3111252903806515
6894,0.3002577359588976
6895,0.2978057331806299
6896,0.2976980136851259
6897,0.3005721814601472
6898,0.3026991114768664
6899,0.3007535972017869
6900,0.3006938151620354
6901,0.3081429742499079
6902,0.3039100937313871
6903,0.3003015833473358
6904,0.3026365510477908
6905,0.3148069094084653
6906,0.3019210240020328
6907,0.299946660240552
6908,0.3008244824498978
6909,0.2942591698947245
6910,0.3020760710136455
6911,0.2971014583861659
6912,0.3120242778313819
6913,0.3045491485428261
6914,0.2888300645490128
6915,0.3053665101953346
6916,0.302442920393619
6917,0.2950631607836879
6918,0.2970851882207526
6919,0.3034688819081664
6920,0.3152517823936089
6921,0.3018607125098685
6922,0.288237465370251
6923,0.3023602955941503
6924,0.3019900987833456
6925,0.3022968239124915
6926,0.3080075485321174
6927,0.2999034714211208
6928,0.306788355085923
6929,0.303622864374974
6930,0.2952946929046981
6931,0.3035415945485746
6932,0.3014170824199835
6933,0.3076689900163624
6934,0.3001304369240793
6935,0.3002236271471387
6936,0.2959361533188721
6937,0.3082130039572517
6938,0.3021291174146018
6939,0.2924806015648594
6940,0.30738773898634
6941,0.2964724940866374
6942,0.2957969826384484
6943,0.2927882626313255
6944,0.3086722567758295
6945,0.3058876044189547
6946,0.3048394299214041
6947,0.3112210690085366
6948,0.3021436347308556
6949,0.2947807087420224
6950,0.2995689201539719
6951,0.3052899663219275
6952,0.2975199278541023
6953,0.2950216230111302
6954,0.2978106201263261
6955,0.3032281985243557
6956,0.3029176990101113
6957,0.2997634427715187
6958,0.3012996303999362
6959,0.3059891698211949
6960,0.2911345204571872
6961,0.2974243486835096
6962,0.3101980625210442
6963,0.2967792650125064
6964,0.2994627724409112
6965,0.3038353821030002
6966,0.3090827175280829
6967,0.3070550985424791
6968,0.2993360215196881
6969,0.3028250217613568
6970,0.2924854232821957
6971,0.3044608560241857
6972,0.3078011201958934
6973,0.3020969861685229
6974,0.3061528754473498
6975,0.3079262684562076
6976,0.3027936474069985
6977,0.3026725062076932
6978,0.2858170775585293
6979,0.3027701352377821
6980,0.3061230678693393
6981,0.3083804217249822
6982,0.3055116630905869
6983,0.2999244801341472
6984,0.2966816864173137
6985,0.2929673299233006
6986,0.3012163670892534
6987,0.283306095789378
6988,0.2874501007836589
6989,0.2993449765341925
6990,0.2984374203324453
6991,0.3002219893420327
6992,0.2896425758098511
6993,0.293892155809644
6994,0.302400590103675
6995,0.3093716876374929
6996,0.299518221095011
6997,0.3029629630853631
6998,0.3000816507078401
6999,0.305519659454488
7000,0.2909074551613153
7001,0.2966718496744641
7002,0.3044854346410683
7003,0.2939285700116162
7004,0.3031271959984217
7005,0.2956807240967172
7006,0.301579378114922
7007,0.3021037820212574
7008,0.302951024184891
7009,0.2989224709676897
7010,0.3027158307189677
7011,0.3037399617897002
7012,0.2916951548185854
7013,0.3032027531958013
7014,0.2928185780301819
7015,0.3037103927772679
7016,0.3082973102071857
7017,0.2987086432669468
7018,0.2924306715789902
7019,0.2935710954194619
7020,0.3018936099851244
7021,0.3033323293351935
7022,0.3026267473648173
7023,0.2928439854982543
7024,0.2902974181486227
7025,0.3085729202137177
7026,0.303100262288824
7027,0.299329589995346
7028,0.2922847016119481
7029,0.3021609057519848
7030,0.2975688090686731
7031,0.2996615506986694
7032,0.2966021537790515
7033,0.305052036022363
7034,0.3047097595548686
7035,0.2985842991374162
7036,0.2996531149939628
7037,0.2985846785861121
7038,0.2949719460237751
7039,0.3101952227607226
7040,0.3103158751220821
7041,0.3034398995749319
7042,0.29689167955826
7043,0.2953900830106539
7044,0.2998784754379634
7045,0.3050132717037882
7046,0.2973082866558608
7047,0.2994928669285434
7048,0.2968681137559666
7049,0.3009646056288702
7050,0.3087142399843947
7051,0.2981137919639342
7052,0.3032463740130491
7053,0.2981936716474251
7054,0.3054943561791468
7055,0.3122302853134756
7056,0.3020921356527179
7057,0.3039935147871718
7058,0.297462518158092
7059,0.2977092706795458
7060,0.2914968058274385
7061,0.2983728858989714
7062,0.3034288788530749
7063,0.2954952950192082
7064,0.297338260296177
7065,0.2974231439270073
7066,0.2977801305115994
7067,0.2986381610855786
7068,0.3045147934651364
7069,0.3042660585525222
7070,0.2970110789469763
7071,0.2977954655205845
7072,0.3092066699839827
7073,0.3047070553084567
7074,0.3013371285265905
7075,0.3084173384724718
7076,0.3056051076384895
7077,0.3049712672439352
7078,0.2973028329480408
7079,0.3061618051790863
7080,0.3019010512882491
7081,0.2957747299873045
7082,0.3007344001385638
7083,0.2972160344032296
7084,0.2918567968097075
7085,0.2989264759235067
7086,0.2992786715507551
7087,0.3007637910868265
7088,0.3005982056768907
7089,0.2996603677899973
7090,0.3000065941965059
7091,0.3032058929540255
7092,0.2975007389354829
7093,0.2991018423086114
7094,0.3076777007442114
7095,0.3020855129289569
7096,0.2956660147802999
7097,0.3142752462957475
7098,0.3063977155125452
7099,0.3015469475911024
7100,0.3024113599304074
7101,0.3002339667273254
7102,0.3002606461495895
7103,0.296251632936936
7104,0.3072689662477567
7105,0.292017514069917
7106,0.3003094974929155
7107,0.3014116476518373
7108,0.2958742229289083
7109,0.3084083664775582
7110,0.3059542889238889
7111,0.3106010947668138
7112,0.3004904601684627
7113,0.2906558888985484
7114,0.2966976794706671
7115,0.2996189397607202
7116,0.2993600814452715
7117,0.2904838579710272
7118,0.3049245022910664
7119,0.2934244571453288
7120,0.3103377960815625
7121,0.3040577183140269
7122,0.2962003099701422
7123,0.2948904874475004
7124,0.2924502877197615
7125,0.3027737767380559
7126,0.3067010566692533
7127,0.2906328074066311
7128,0.304133168386857
7129,0.294466846770849
7130,0.3036024304533303
7131,0.2993603861671894
7132,0.2971292885030698
7133,0.3110253251815978
7134,0.3022573629854719
7135,0.3047353628509152
7136,0.3066559916951398
7137,0.3036205143227674
7138,0.2973094889717859
7139,0.2977450793658485
7140,0.2984643157952146
7141,0.2999095513882331
7142,0.3034877387246466
7143,0.2980150718870248
7144,0.3021454990420286
7145,0.3008565901487677
7146,0.3089319085347106
7147,0.3041063113797545
7148,0.3100460210278403
7149,0.3043391641280233
7150,0.3026480360986506
7151,0.2953278185082788
7152,0.301014670143393
7153,0.2915906163552121
7154,0.3061498869481306
7155,0.2934196921767764
7156,0.299284158316868
7157,0.2980630041569193
7158,0.2922567010063738
7159,0.2934680542358658
7160,0.3030898973320168
7161,0.294741680158285
7162,0.2967391672490138
7163,0.2969131821231723
7164,0.2995553631629529
7165,0.3007101752440697
7166,0.2991341378852981
7167,0.2939432821539759
7168,0.2993756345290898
7169,0.294846265930475
7170,0.2957613854715578
7171,0.3017446630948278
7172,0.2897881430584436
7173,0.2987763863901819
7174,0.3011273337953345
7175,0.2966188163172541
7176,0.2976647365618351
7177,0.3030029668992666
7178,0.2958187929372341
7179,0.3052437605266914
7180,0.2948628265367446
7181,0.3017593534169128
7182,0.2985509770054996
7183,0.3031530753579249
7184,0.2904486935102734
7185,0.2986068149287227
7186,0.2974346368724564
7187,0.3043431247485156
7188,0.2912498987095083
7189,0.3011285313172405
7190,0.2964768892294592
7191,0.2927542256955289
7192,0.2973471076798534
7193,0.3006463316821399
7194,0.3009450180265163
7195,0.3045391262301878
7196,0.2970176898640065
7197,0.3059632453412565
7198,0.2933206402753894
7199,0.3059593369249855
7200,0.3074549430993085
7201,0.2998476186897814
7202,0.2954938948990043
7203,0.301264794739403
7204,0.2985956408546831
7205,0.3101615211533393
7206,0.303075528292326
7207,0.3012254872223012
7208,0.2994566244742173
7209,0.2959961453817532
7210,0.3006387485723202
7211,0.2954360374240493
7212,0.2943680970614824
7213,0.2967922395795057
7214,0.293997283835861
7215,0.2958928834910952
7216,0.2962018816452282
7217,0.2926818618748249
7218,0.3029186755464173
7219,0.2998936810679181
7220,0.3076313198423183
7221,0.2919250883822981
7222,0.3020890127828746
7223,0.2912389372963028
7224,0.2959755542580524
7225,0.294882075039328
7226,0.3000525951264152
7227,0.2984385950503789
7228,0.2993795426806919
7229,0.2953758117695426
7230,0.2971925505064384
7231,0.3028821396327897
7232,0.2971501735095633
7233,0.2976068373253551
7234,0.2979597314178211
7235,0.3052254175866883
7236,0.2853472453419624
7237,0.2963651178918087
7238,0.2919436199199456
7239,0.2966735466818853
7240,0.3017743128805025
7241,0.2987429958931388
7242,0.2891371626005535
7243,0.304097053563595
7244,0.30742613207838
7245,0.2900800297570231
7246,0.2857154925489868
7247,0.2943384031627867
7248,0.2937099563496276
7249,0.2815814960022
7250,0.3010647225499334
7251,0.291929003553499
7252,0.2961014243551445
7253,0.2963062405882263
7254,0.2901039388167095
7255,0.2955256178267759
7256,0.2963670243218796
7257,0.3046664269261704
7258,0.2981071763054136
7259,0.3040838588614481
7260,0.2997006752215256
7261,0.2908216348604078
7262,0.2883751171935235
7263,0.2985588051703468
7264,0.3088378793343745
7265,0.2975847725544007
7266,0.3106893388367261
7267,0.292859257851736
7268,0.3018029587582101
7269,0.2943644881973687
7270,0.2900796354835726
7271,0.3060231911009855
7272,0.3072878981513242
7273,0.2910000174306312
7274,0.2974877914737235
7275,0.2957510871591178
7276,0.2970640372914463
7277,0.2969743069166523
7278,0.3024747276850222
7279,0.2925814563029371
7280,0.2930533827993876
7281,0.2968805303041951
7282,0.2952261668252643
7283,0.3000174904429417
7284,0.3032362943799384
7285,0.30153234017414
7286,0.2980500714513946
7287,0.3016875492560202
7288,0.3021465737198696
7289,0.3038295216380706
7290,0.3041467705622481
7291,0.2995594076087561
7292,0.3019645459225383
7293,0.2951076209732884
7294,0.2892286815276191
7295,0.3008200974275339
7296,0.29289445111399
7297,0.3062044364661787
7298,0.2908635153126363
7299,0.291763338436016
7300,0.2972086895303882
7301,0.2964932236564434
7302,0.3056198668426925
7303,0.3041219347451161
7304,0.2847010304901135
7305,0.2977094496551302
7306,0.28986430257628
7307,0.2937137295101401
7308,0.2948195414894173
7309,0.2955875843773534
7310,0.2916678562215691
7311,0.297726324011478
7312,0.3009679377491422
7313,0.2956671262983593
7314,0.3006746429754378
7315,0.2904046071249749
7316,0.2977465473045453
7317,0.3009333984040933
7318,0.3066777453376255
7319,0.306188463793463
7320,0.2963685473931243
7321,0.3052917635120783
7322,0.2976436326407506
7323,0.2938191073591601
7324,0.3042547637461141
7325,0.297990120017614
7326,0.297577256970282
7327,0.2979445296329566
7328,0.2885232217226184
7329,0.2898547143976135
7330,0.2950312583775575
7331,0.2989789817339779
7332,0.3009090466272909
7333,0.2944509422461903
7334,0.291471841045766
7335,0.2910383156969434
7336,0.2966262510853848
7337,0.2942163707188126
7338,0.2898868695377856
7339,0.3012187699867556
7340,0.2998331477030026
7341,0.3002444527723725
7342,0.2828481546759877
7343,0.3011066756342221
7344,0.2874878709225225
7345,0.2974034056144945
7346,0.3064246210313519
7347,0.2946584826910731
7348,0.2972476985807613
7349,0.2926900540846397
7350,0.285005622719767
7351,0.2879029588486158
7352,0.2933885741236611
7353,0.2965611501436928
7354,0.2871086954567263
7355,0.2978644844101735
7356,0.2914530445420892
7357,0.298288140504225
7358,0.2881186708040865
7359,0.2943797800577931
7360,0.2933121993001363
7361,0.2859551413488487
7362,0.2972615945070852
7363,0.304074720534133
7364,0.296515644824234
7365,0.2962032920810819
7366,0.2907029849455922
7367,0.2951083907219415
7368,0.2957934543960673
7369,0.2872224053868336
7370,0.2983283728198051
7371,0.295229758215882
7372,0.2913870266335856
7373,0.2880273744126544
7374,0.291647611146518
7375,0.2914707491502525
7376,0.2938269161933778
7377,0.2894227353355543
7378,0.2874544172340237
7379,0.2892089998089579
7380,0.294943280660952
7381,0.2913271737574121
7382,0.2895664608538114
7383,0.2999803403541503
7384,0.2951760421925368
7385,0.29545586120296
7386,0.300734465271018
7387,0.3015087091340031
7388,0.3039602960460075
7389,0.2937444801312766
7390,0.296216766070895
7391,0.2954669694108807
7392,0.3031543458386894
7393,0.2865096283397072
7394,0.2919194269462869
7395,0.2875485505857769
7396,0.2963794147686991
7397,0.2916623339624546
7398,0.2942418858757913
7399,0.2895666113111999
7400,0.2824985173575107
7401,0.2978463650844342
7402,0.2886880954777423
7403,0.2951822036428161
7404,0.2820551269419467
7405,0.2981499803384722
7406,0.2860646748822804
7407,0.2860163405507693
7408,0.2945043955871172
7409,0.2893113073866882
7410,0.2909175083506565
7411,0.2870597063957461
7412,0.2769762213402378
7413,0.2840597473264384
7414,0.2964090091190111
7415,0.2852664635379085
7416,0.2875841469407374
7417,0.2957302964941555
7418,0.2922657832305905
7419,0.291022199240625
7420,0.2880116424784241
7421,0.2924061430281523
7422,0.2950963471443972
7423,0.3003217868468275
7424,0.2896807656416156
7425,0.2887849966734526
7426,0.2810505433558734
7427,0.2876429517493459
7428,0.2925274407721017
7429,0.2940276402664839
7430,0.2838245653517698
7431,0.3033418586097055
7432,0.298321308535784
7433,0.2832927230898152
7434,0.289773099834293
7435,0.2983923052147069
7436,0.2922767980612781
7437,0.293338338968703
7438,0.284926449936111
7439,0.2898255503405026
7440,0.2885427212741896
7441,0.3020102722531542
7442,0.2871956064089543
7443,0.2973222983311773
7444,0.2952860734612145
7445,0.2912628940015399
7446,0.2949306734791886
7447,0.2961755418624524
7448,0.2974947200068666
7449,0.2895073951017495
7450,0.2997051749127242
7451,0.2781142416586347
7452,0.2912995874735675
7453,0.2981012906322166
7454,0.2918383996045801
7455,0.2979375621590184
7456,0.2990034813378878
7457,0.2923300500572213
7458,0.2870271169731204
7459,0.2951807164064789
7460,0.2911692777882289
7461,0.2888010299708681
7462,0.2975161815431194
7463,0.2865972261874121
7464,0.2931900289205721
7465,0.2875321432431774
7466,0.3003332685154415
7467,0.2878705965610901
7468,0.2958565811855601
7469,0.3004633753451036
7470,0.2921309971491339
7471,0.2918142398854302
7472,0.2954296842044437
7473,0.3016405367154045
7474,0.2962216888576568
7475,0.292085149383738
7476,0.2835152901469535
7477,0.2846188370742832
7478,0.2958536982453607
7479,0.2802086537005508
7480,0.2872376770076562
7481,0.2960135324060938
7482,0.2914834907814853
7483,0.292095289936127
7484,0.3059507470895228
7485,0.3030343570890108
7486,0.3003686658872742
7487,0.2947475221983331
7488,0.2905506322999215
7489,0.2919742006166774
7490,0.2993210562015971
7491,0.2926260796552963
7492,0.2893496895589251
7493,0.2948309518442213
7494,0.2936648398183182
7495,0.2903676307000295
7496,0.2884647059099813
7497,0.2940774666748271
7498,0.2948367991737285
7499,0.3018027944216173
7500,0.2896693786074979
7501,0.2947510064988146
7502,0.2889120704650669
7503,0.2930797475589221
7504,0.2931822101647133
7505,0.2923027333453761
7506,0.2935913807935601
7507,0.2892008572242947
7508,0.2840789171822223
7509,0.2865444236600619
7510,0.2938187628295899
7511,0.2967032861743451
7512,0.2870543834302516
7513,0.2953144372139984
7514,0.2873919458931249
7515,0.2896890025605345
7516,0.2893187088830579
7517,0.2923531246001527
7518,0.3000228290744362
7519,0.2924717529700541
7520,0.2835239534659934
7521,0.2901968332709858
7522,0.2838866537897049
7523,0.291001189876975
7524,0.2881742820714377
7525,0.2861316925997565
7526,0.2919215807063897
7527,0.2935983473749491
7528,0.2769860964902776
7529,0.291310868094515
7530,0.2965119568171217
7531,0.2888323794421272
7532,0.290522886321907
7533,0.2944352647161833
7534,0.292535363054459
7535,0.2922139410972211
7536,0.3000310303372049
7537,0.2916079059393529
7538,0.2885489392108761
7539,0.2931575485235173
7540,0.2885697921019949
7541,0.2940726012265869
7542,0.2923229311780697
7543,0.2918747515323573
7544,0.2857089469951269
7545,0.2988083085741514
7546,0.2976579571709624
7547,0.2957310232957296
7548,0.2884450642003952
7549,0.2848160538474436
7550,0.2896597673037844
7551,0.3014281397013946
7552,0.2922801786020195
7553,0.2947486230746489
7554,0.2894941687470588
7555,0.3019611305623891
7556,0.2870611857990588
7557,0.2945373912809881
7558,0.2966459923488467
7559,0.2914045507328186
7560,0.2965366555943362
7561,0.2996693597714355
7562,0.292212400374483
7563,0.2941441912874462
7564,0.2933300231383055
7565,0.2870630730444233
7566,0.2917836952787078
7567,0.2913537252731791
7568,0.2996291031852238
7569,0.2936947216389582
7570,0.2919306458274793
7571,0.2942436580697036
7572,0.296339133238253
7573,0.2924373635664539
7574,0.2852873656245914
7575,0.2953796693051608
7576,0.292261214606058
7577,0.2978604320995597
7578,0.2885804818169478
7579,0.2905560329315926
7580,0.2928422271625592
7581,0.2915270467878718
7582,0.2821851366735391
7583,0.2909576964724675
7584,0.2967979184240771
7585,0.2874933602575681
7586,0.3011581771986612
7587,0.2923594816448703
7588,0.2934790481600515
7589,0.2874795161268207
7590,0.2872983872659421
7591,0.2887289627852967
7592,0.2959662800896493
7593,0.2972880722013954
7594,0.2905834731858594
7595,0.2965825761376818
7596,0.28939360731573
7597,0.2849247524345613
7598,0.2740647234283401
7599,0.2865759784296735
7600,0.2991814237460111
7601,0.2933153310984349
7602,0.2843102320746287
7603,0.2782858882685743
7604,0.2842738802152936
7605,0.3001751726356662
7606,0.2888141423150944
7607,0.2839404720753843
7608,0.2898536671382065
7609,0.2939646875976652
7610,0.2829612523392077
7611,0.286028351300468
7612,0.2869638290277194
7613,0.2910335080367606
7614,0.2962259482728799
7615,0.2969786166976685
7616,0.291636168236332
7617,0.2802624349408553
7618,0.2903277388901469
7619,0.2907279591823367
7620,0.2842986151064845
7621,0.2817128899554382
7622,0.2863799134522911
7623,0.2886094995842331
7624,0.2921077693360773
7625,0.2798584462115087
7626,0.2882514290682543
7627,0.2948306265023198
7628,0.2866917743906075
7629,0.2953252276696146
7630,0.3010072745248839
7631,0.2935636274643992
7632,0.2886252354581107
7633,0.2868823753616535
7634,0.2836778853763939
7635,0.2957922157449195
7636,0.2964449097169016
7637,0.2817989645698552
7638,0.288502922955984
7639,0.2863816074124931
7640,0.2938199198841676
7641,0.302064773102205
7642,0.2942513716834062
7643,0.2927599584668655
7644,0.2959142132179703
7645,0.2951193309455774
7646,0.2929164028867023
7647,0.2841174272152816
7648,0.2836635702611074
7649,0.2866589369580312
7650,0.2936278105532164
7651,0.2912393653395765
7652,0.2930743946059704
7653,0.2960311072980141
7654,0.2892469174968405
7655,0.2879366521467398
7656,0.2892236995336612
7657,0.2939353472602759
7658,0.3017716765452158
7659,0.2799113546475132
7660,0.293963194473363
7661,0.2931294354200946
7662,0.2889253408388726
7663,0.2906609905021667
7664,0.292975654692462
7665,0.2969557964803817
7666,0.2884345130446519
7667,0.2916821356467765
7668,0.2899762782801796
7669,0.2960744709998217
7670,0.2840420127120841
7671,0.2881204573288711
7672,0.2908813745935417
7673,0.2891528062020612
7674,0.2916719493951366
7675,0.2898623796590953
7676,0.2888689902815566
7677,0.2923096217304206
7678,0.2951078557623391
7679,0.2909695868453488
7680,0.2865771467102153
7681,0.2995587913286214
7682,0.2846073227589307
7683,0.2970722098263371
7684,0.287913981071506
7685,0.295781924060403
7686,0.2969772469584094
7687,0.2861249859594288
7688,0.2911638580894152
7689,0.2900096271823609
7690,0.2804267497722904
7691,0.2817285232320587
7692,0.2762974334333615
7693,0.2810511479650058
7694,0.2809454193190553
7695,0.2865181915476423
7696,0.2880592384452155
7697,0.2874680168565734
7698,0.2932664263461583
7699,0.2811308100589692
7700,0.2850039892999861
7701,0.2890179107659256
7702,0.2866174098035682
7703,0.2872457643580705
7704,0.2906356165026962
7705,0.2787186108838823
7706,0.2955838399055624
7707,0.2859826904524351
7708,0.2874509251772619
7709,0.290545503233762
7710,0.3013446587016213
7711,0.287452547028223
7712,0.2926992566149041
7713,0.2864750119419144
7714,0.2808883859389856
7715,0.2913504167176192
7716,0.2887915623160359
7717,0.2841460891173168
7718,0.2796673094440719
7719,0.2879829081003456
7720,0.2901311061317058
7721,0.2891769380590334
7722,0.2824811011999324
7723,0.2789640382268097
7724,0.2862635420615757
7725,0.2977583813778021
7726,0.2953126026965655
7727,0.2824776175789853
7728,0.2851131342630955
7729,0.2808169395759644
7730,0.2915302445935584
7731,0.2793999616019135
7732,0.2824037651918105
7733,0.2893231508300156
7734,0.2837370675021666
7735,0.284860912189589
7736,0.2793352010111298
7737,0.2921718698456555
7738,0.2786235527578385
7739,0.291851512738109
7740,0.2840273158834701
7741,0.2902817926465345
7742,0.2866866455608968
7743,0.292173853262488
7744,0.2802671312334329
7745,0.2870681839987555
7746,0.285163619034034
7747,0.2849296332845694
7748,0.2905018292419259
7749,0.2897673537949541
7750,0.300530639720629
7751,0.2779722136587423
7752,0.2950369193782901
7753,0.2829400583019352
7754,0.2907807387458184
7755,0.289948467770061
7756,0.2831356522199189
7757,0.2879925274862866
7758,0.2859596313066083
7759,0.290860601610222
7760,0.2808721275025843
7761,0.2837390613413743
7762,0.2913939921119868
7763,0.2879228629981338
7764,0.2895692779195151
7765,0.2874105634157068
7766,0.2878175154385872
7767,0.2887512143673153
7768,0.2772971514320727
7769,0.2915172703245771
7770,0.2903889839870525
7771,0.2845547871901498
7772,0.2875392673892917
7773,0.2794764500374467
7774,0.279091966974307
7775,0.2840194994255929
7776,0.2958484223766315
7777,0.288168038612011
7778,0.2902044086175168
7779,0.2794767870766743
7780,0.2851981014613344
7781,0.2914928346331936
7782,0.2891419224213894
7783,0.2773744862493975
7784,0.2956950401657987
7785,0.2925730405244522
7786,0.2901860064331005
7787,0.2965340621133875
7788,0.2855020204023019
7789,0.2776059263790748
7790,0.283417155330173
7791,0.2863053043123732
7792,0.2869627653310304
7793,0.2782248153178694
7794,0.2740947170557112
7795,0.2890975820561476
7796,0.2862485842809516
7797,0.2877231222810393
7798,0.2845930366633002
7799,0.2851096648829825
7800,0.2833398698071976
7801,0.2909688259689811
7802,0.2903655875011984
7803,0.2818140105794312
7804,0.2885135685127841
7805,0.2829019426894273
7806,0.2910899573560636
7807,0.2820760516826827
7808,0.2877111019356457
7809,0.294351650783964
7810,0.2810178992777654
7811,0.2802265765519655
7812,0.2900402627042607
7813,0.2831323774599382
7814,0.2788708614180735
7815,0.2888687947173459
7816,0.2856247001170851
7817,0.290016410749865
7818,0.2783118617605206
7819,0.2805550508305254
7820,0.2864052046944406
7821,0.2912005726324385
7822,0.2808340736378087
7823,0.2853634583678076
7824,0.2830686194784654
7825,0.2935304901622502
7826,0.2966111751638979
7827,0.2904000282370912
7828,0.2838134878543781
7829,0.2915372102762043
7830,0.2816902921991529
7831,0.2853808692237061
7832,0.2877805795445385
7833,0.2821301439776795
7834,0.2801088147808073
7835,0.2866467251536144
7836,0.2799050431728984
7837,0.2848032926648525
7838,0.2829910243533934
7839,0.2775007273833723
7840,0.2866224373583236
7841,0.2864977573396131
7842,0.2850038580679809
7843,0.2857341385439201
7844,0.2856954627591352
7845,0.2707885510886454
7846,0.2889469449670748
7847,0.2818937215434076
7848,0.2871689593683493
7849,0.2863507902366363
7850,0.2760290228602076
7851,0.2836245203276049
7852,0.2748471151933819
7853,0.2835771898795869
7854,0.2880793239282775
7855,0.2806534692284753
7856,0.2882366501988604
7857,0.2804452237729074
7858,0.2795403004158532
7859,0.2814108973485456
7860,0.273845629956878
7861,0.280228217961799
7862,0.2757379949306434
7863,0.2818886129043015
7864,0.2811223656457914
7865,0.2867529021923015
7866,0.2758230327883929
7867,0.2793798969078602
7868,0.2810442980514294
7869,0.2854073887582072
7870,0.2694347998208848
7871,0.2825632894953932
7872,0.2762527394693956
7873,0.2845272384712732
7874,0.2779774326919295
7875,0.2868331194287221
7876,0.286821695013866
7877,0.2866587496812816
7878,0.2835391907562165
7879,0.2888717854257991
7880,0.2791299633765566
7881,0.2728838099294522
7882,0.2775993444700815
7883,0.2758872480453949
7884,0.2857451230061122
7885,0.2828953292718263
7886,0.2820432518727324
7887,0.2764382313379642
7888,0.2787232971110988
7889,0.2746884695747167
7890,0.281227090449348
7891,0.2884254082306661
7892,0.2797370250180582
7893,0.2853523447125809
7894,0.2798162102437577
7895,0.2762846631540239
7896,0.273024776309149
7897,0.2697378981330545
7898,0.2888117732132413
7899,0.287482423752067
7900,0.2795105248141727
7901,0.2848577651812244
7902,0.2892561621637781
7903,0.2834175897776012
7904,0.269642601967077
7905,0.274973844343422
7906,0.2783521987582337
7907,0.273081035517924
7908,0.2951294473157844
7909,0.2877669920743249
7910,0.2757396592178476
7911,0.2846015173954965
7912,0.2866756844413965
7913,0.2848234279228329
7914,0.2767584257938135
7915,0.2811202023346083
7916,0.2808786243592163
7917,0.2927678210827442
7918,0.2925332167290504
7919,0.2832069908333004
7920,0.2675138539920696
7921,0.2825852738627418
7922,0.2773170569799604
7923,0.2768339758350707
7924,0.2817414899204406
7925,0.2871548713832448
7926,0.2844164020578382
7927,0.2852816185998102
7928,0.2814789055203885
7929,0.2841993229667542
7930,0.287541211405706
7931,0.2769292402146176
7932,0.2841810410545692
7933,0.2723489539125315
7934,0.2776493267430159
7935,0.2798953699305956
7936,0.2921580484250917
7937,0.277605795047831
7938,0.2862457170454629
7939,0.2805486327108052
7940,0.3011724417053021
7941,0.2850830843226228
7942,0.2810362749746977
7943,0.2809295246599994
7944,0.2841923136252763
7945,0.2863627389980087
7946,0.2801729237846346
7947,0.2848569465202653
7948,0.2795363690261678
7949,0.2831151833989318
7950,0.2896542797929649
7951,0.2667411882605657
7952,0.2706276639669531
7953,0.2853683625279596
7954,0.2784500391143695
7955,0.2786487891307732
7956,0.2800745713423804
7957,0.2809622831410424
7958,0.2817461419961053
7959,0.2799021313385332
7960,0.2878818769738556
7961,0.2821759246576629
7962,0.2804686378566463
7963,0.2792794391958476
7964,0.2793817832294837
7965,0.2814884879663848
7966,0.2749863335419406
7967,0.2765780743594087
7968,0.2822865746499758
7969,0.2758639280538236
7970,0.2759837823560782
7971,0.280543279436389
7972,0.2772048727366239
7973,0.2763288046194447
7974,0.2746316900292466
7975,0.2837909157280595
7976,0.2825380149017779
7977,0.2711717707995041
7978,0.2726860549593241
7979,0.2778358383404478
7980,0.2775832226917656
7981,0.2856415020111163
7982,0.2885123679778714
7983,0.2828270658543552
7984,0.2799189468927798
7985,0.2788474287475243
7986,0.277524649577516
7987,0.2800269664112094
7988,0.2827817100863167
7989,0.2777179868321279
7990,0.2833635584712529
7991,0.2817221787683219
7992,0.2766152294016927
7993,0.2834732708082715
7994,0.270898792208986
7995,0.2720222689989954
7996,0.2764994701756121
7997,0.2867978560377058
7998,0.2784928580905168
7999,0.2739912352450193
8000,0.2801582143323283
8001,0.276876328479545
8002,0.2676412853553982
8003,0.2859537700817827
8004,0.2735027782497071
8005,0.2842726059393336
8006,0.285572733495916
8007,0.2775629860293686
8008,0.2769952041030903
8009,0.2836307908941903
8010,0.2786955532771569
8011,0.2823920855499863
8012,0.2778852478889169
8013,0.2765959324964093
8014,0.2770753966029266
8015,0.2730221508196127
8016,0.2736207156831903
8017,0.277131229986872
8018,0.2831283285090928
8019,0.2834604741082767
8020,0.2833058939864194
8021,0.2835988751327922
8022,0.2858822066867533
8023,0.2740112891499259
8024,0.281731059986385
8025,0.2775537713298613
8026,0.2837210953910541
8027,0.2781391084517898
8028,0.28057288527655
8029,0.2894862338876772
8030,0.2810908245286763
8031,0.2699138566499053
8032,0.2741440361026846
8033,0.2847963078201375
8034,0.2789038709143427
8035,0.2745700298029542
8036,0.2792054111711066
8037,0.2836242220260911
8038,0.2812757086511737
8039,0.2751355982240592
8040,0.2796421149468512
8041,0.2699888735948497
8042,0.2823621867096423
8043,0.2829779108284607
8044,0.2856152119874546
8045,0.2808274068513742
8046,0.2702302029990739
8047,0.2818230726702751
8048,0.2833891425296795
8049,0.2897258189935461
8050,0.2747785146660333
8051,0.2729924293870299
8052,0.2818794247546986
8053,0.2791814947122144
8054,0.2705613436192864
8055,0.2769084026236634
8056,0.2817402371144141
8057,0.2842328047643753
8058,0.2704689355335657
8059,0.2909761345105231
8060,0.279060925096363
8061,0.2818073660310617
8062,0.2768286841058398
8063,0.277615041146581
8064,0.2740651002947376
8065,0.2709573257073398
8066,0.2746124706559816
8067,0.2719254928722007
8068,0.2764458057743317
8069,0.281440467354081
8070,0.2834845592074779
8071,0.2728848169941794
8072,0.2748284644079062
8073,0.2719498147993278
8074,0.2819636766700887
8075,0.2664666433816584
8076,0.2798169563894432
8077,0.2732483872131261
8078,0.2707346716387223
8079,0.2724949565126242
8080,0.2732021811586311
8081,0.2642796318034264
8082,0.2737855456948219
8083,0.272738618264243
8084,0.2755454773490023
8085,0.2782090456770411
8086,0.2764629252918184
8087,0.2704868255416389
8088,0.2736636587125782
8089,0.2762052065662281
8090,0.2742167575945947
8091,0.2732060164806942
8092,0.2760883700898002
8093,0.2756651556255147
8094,0.2784454842326226
8095,0.2793467199855321
8096,0.2759551232462571
8097,0.2746368972098624
8098,0.2734298618083711
8099,0.2691378543380051
8100,0.2730350184737106
8101,0.2725198599721134
8102,0.2726467761610338
8103,0.2796456384452601
8104,0.2834959337726151
8105,0.2727827118497894
8106,0.2729481595904067
8107,0.2706582244246567
8108,0.2719026163893405
8109,0.2729951721658125
8110,0.2799422986313816
8111,0.2740489515911425
8112,0.2798360944007722
8113,0.2782921224176588
8114,0.2843394567548618
8115,0.275824971928316
8116,0.277655776158081
8117,0.2763697824472693
8118,0.282446298154571
8119,0.2709158617176922
8120,0.2739984869390826
8121,0.2775011681814179
8122,0.2795966146566075
8123,0.2693130454408242
8124,0.2769657896726343
8125,0.2689708188623203
8126,0.2726395260909242
8127,0.2829493233702097
8128,0.2691672023852874
8129,0.2746522462471457
8130,0.2782815560399186
8131,0.2715845433622252
8132,0.2810602648309529
8133,0.2728243213125805
8134,0.2688576234490943
8135,0.273721436804224
8136,0.2782106060530884
8137,0.2749706055014553
8138,0.2786535420439033
8139,0.2702307885650557
8140,0.2810863204264247
8141,0.2799893184407218
8142,0.2785717658810779
8143,0.2742492505414248
8144,0.2722520206927049
8145,0.283055490431064
8146,0.2665064907851185
8147,0.2760761233897664
8148,0.2807010345902211
8149,0.2748665997571421
8150,0.2770358503999506
8151,0.2830841273254
8152,0.2765168256830868
8153,0.2716587416170363
8154,0.2700003192342962
8155,0.2725800756224703
8156,0.2760508029787795
8157,0.2798068716917518
8158,0.2805839686551151
8159,0.2723550137829276
8160,0.2693973488227482
8161,0.2763950492925434
8162,0.2824235270707412
8163,0.2801406546795018
8164,0.2796720015851064
8165,0.2784119741113898
8166,0.2819238358521951
8167,0.2711140753089228
8168,0.2725320207685464
8169,0.2809693309382027
8170,0.2678582264542324
8171,0.2751871790082916
8172,0.2764882367999068
8173,0.2749561246487771
8174,0.2720866353879063
8175,0.2675455938000949
8176,0.274044419438562
8177,0.2732600937990748
8178,0.2764614183063321
8179,0.2642407211323954
8180,0.2663270855450487
8181,0.2708209565479295
8182,0.2808757875713947
8183,0.2752405333879504
8184,0.2743373910848984
8185,0.2788869397185792
8186,0.2779334518382672
8187,0.2765102778643985
8188,0.2905851540171832
8189,0.2758273225583796
8190,0.2670111296142125
8191,0.2752531966731301
8192,0.2653716933415077
8193,0.2771278796548764
8194,0.2748178782685969
8195,0.2790507454902465
8196,0.2728375978243251
8197,0.2815895678100732
8198,0.2706140599640312
8199,0.271440973074492
8200,0.2769086525256284
8201,0.273517729874281
8202,0.2723877311174523
8203,0.2658315084055382
8204,0.276586088360806
8205,0.2729121976716809
8206,0.2793363413455859
8207,0.2687235340183662
8208,0.2772413313462589
8209,0.2759844549964623
8210,0.2818643214995564
8211,0.2687778509622571
8212,0.2744659951124969
8213,0.2735096341369426
8214,0.2882680273024459
8215,0.2720386390802582
8216,0.2858538913085564
8217,0.2797001870172169
8218,0.2775213063774883
8219,0.2836105709309335
8220,0.2752738510040409
8221,0.2738758240549437
8222,0.276099346111926
8223,0.2776494039532978
8224,0.2702239527752644
8225,0.2748067411959002
8226,0.280857665229909
8227,0.2803797116024571
8228,0.2687157139917609
8229,0.2772860713813027
8230,0.2793172290846742
8231,0.2782348496040738
8232,0.2786471678098802
8233,0.2730842156360966
8234,0.2703556447061825
8235,0.2677107152863309
8236,0.2719743557858183
8237,0.2686112474724869
8238,0.2763972798729998
8239,0.2886152632655516
8240,0.2682389883045539
8241,0.2745352743697067
8242,0.2779957396762571
8243,0.2699697071910615
8244,0.2622361868669456
8245,0.2715006721860464
8246,0.2687857616549564
8247,0.2687719504196934
8248,0.2841768335047754
8249,0.2696575861531161
8250,0.2758934340899876
8251,0.2639555895268049
8252,0.2743691940115445
8253,0.275826144945426
8254,0.2791019006070667
8255,0.271643068572484
8256,0.2791363671713547
8257,0.2750658440036287
8258,0.2686905796306424
8259,0.2760928143747951
8260,0.2774128092145273
8261,0.2743461283405736
8262,0.2719768697939487
8263,0.2741462748306222
8264,0.2776899581337908
8265,0.2725460978198008
8266,0.2860709499782903
8267,0.2681814033856088
8268,0.2669233833939697
8269,0.278509159281666
8270,0.274369138727451
8271,0.278844522614554
8272,0.2787914427694236
8273,0.2757047597186149
8274,0.271525646584338
8275,0.2756280855771162
8276,0.2734264053719877
8277,0.2762217032534025
8278,0.2694928922280319
8279,0.2756161414461913
8280,0.2799489958807481
8281,0.283941012102384
8282,0.2668872545940892
8283,0.2746763453489049
8284,0.2734013166253407
8285,0.2727162197475317
8286,0.262846432847569
8287,0.274281558415293
8288,0.2677732531116287
8289,0.2755894197011574
8290,0.2699052874140588
8291,0.274707559354374
8292,0.2696747486363302
8293,0.2729200367599437
8294,0.2679928373474603
8295,0.2625985937634297
8296,0.2741375662283509
8297,0.2670971421437398
8298,0.2669714541714161
8299,0.2808058484506883
8300,0.2739666867209641
8301,0.2700619679921208
8302,0.2708031349294911
8303,0.2689493872581818
8304,0.2657179988795874
8305,0.2729864267900618
8306,0.266102753705278
8307,0.2609244555544991
8308,0.2742979752484427
8309,0.265520073657075
8310,0.2741734733338233
8311,0.2728817512272444
8312,0.2692341320467874
8313,0.2835360279212572
8314,0.2832751258324313
8315,0.2634318236501657
8316,0.2702219139549994
8317,0.2797316970254498
8318,0.2727822050441852
8319,0.2698716677321582
8320,0.268880622925626
8321,0.27337420912751
8322,0.2752927067760654
8323,0.2672410498690894
8324,0.2662094888150417
8325,0.2704709614194031
8326,0.277769566273863
8327,0.2794389855719154
8328,0.2781075940473895
8329,0.2715220028753228
8330,0.2733755584336829
8331,0.2736984835968593
8332,0.279078153359731
8333,0.2653707367362943
8334,0.2676374123744474
8335,0.2689901552916873
8336,0.2750064428869566
8337,0.2679354657129599
8338,0.2678302944272612
8339,0.2675222191081133
8340,0.2836549567532012
8341,0.2681591059741879
8342,0.2776598218860666
8343,0.2768035299907094
8344,0.2769112329997493
8345,0.2778900310898408
8346,0.2802448123014729
8347,0.2764626578093487
8348,0.2702527737661195
8349,0.2752040058678948
8350,0.2695349312845736
8351,0.2708141149575345
8352,0.2803877217664163
8353,0.274617552338385
8354,0.2659238998616917
8355,0.2755489840548898
8356,0.2728811976563443
8357,0.269101326834777
8358,0.2686623468533323
8359,0.2694965500944719
8360,0.2656421984344571
8361,0.2700013083625
8362,0.2790738166583896
8363,0.2828263191435773
8364,0.2785449301717133
8365,0.2792085572417037
8366,0.2726701931287797
8367,0.2692221132274642
8368,0.2779624696883206
8369,0.2702070671419509
8370,0.2753684689424094
8371,0.27780960022481
8372,0.276884119450495
8373,0.2726200263008349
8374,0.2771352728965154
8375,0.2708118474788208
8376,0.269612676167838
8377,0.2724242824388999
8378,0.2687067131322725
8379,0.2733432096867472
8380,0.2605778798217075
8381,0.2693622789444403
8382,0.266409854408873
8383,0.2785559852383004
8384,0.2725672129458714
8385,0.2777730776185048
8386,0.2629282506018546
8387,0.2660277803007736
8388,0.2711119819568457
8389,0.2659647022716135
8390,0.2676101009613057
8391,0.2728894892661734
8392,0.2680195501073376
8393,0.2661111872626459
8394,0.271131320761543
8395,0.2807627007976043
8396,0.2713761682084742
8397,0.270418038542707
8398,0.2718873183254184
8399,0.2748464776808553
8400,0.2814605979187592
8401,0.2738498422908539
8402,0.2737054994394176
8403,0.2798495886322824
8404,0.2804053085458631
8405,0.2724374182582594
8406,0.2689299778983299
8407,0.2701804684713835
8408,0.2713375857823116
8409,0.2784878766943356
8410,0.2716405681161589
8411,0.2625098214896137
8412,0.2765565475134856
8413,0.2656502486641908
8414,0.2660101945022114
8415,0.2625478026056055
8416,0.2711042677173414
8417,0.2768449835240385
8418,0.2741313792700502
8419,0.264935983428372
8420,0.2662857281395839
8421,0.2764475996138051
8422,0.2692156819845311
8423,0.2741836771921238
8424,0.2693048798841936
8425,0.2739626120636897
8426,0.2762398001841045
8427,0.2740813837184405
8428,0.2714477790400959
8429,0.2676954106522359
8430,0.2712704402224526
8431,0.2698217887528825
8432,0.2681716137034895
8433,0.2825676898493524
8434,0.2734065669668765
8435,0.2731163781743982
8436,0.2747142783681024
8437,0.2780759460038604
8438,0.2747866236626519
8439,0.2710737112778659
8440,0.2766690024025949
8441,0.2783802668789397
8442,0.2811651305547251
8443,0.2650055858772823
8444,0.2679915053024788
8445,0.2679074322065357
8446,0.2672375216272375
8447,0.2675721224205865
8448,0.2715436008712205
8449,0.2667467492106473
8450,0.2730499358561276
8451,0.2632125034035877
8452,0.261829261860125
8453,0.2636044746708332
8454,0.2604818937720191
8455,0.2684346851248813
8456,0.2656818926913217
8457,0.2599738044915823
8458,0.2648774175209277
8459,0.2693098101631243
8460,0.2637074289589098
8461,0.2625927395393568
8462,0.2652533221960422
8463,0.2618712598954141
8464,0.2729434943235714
8465,0.2729705430819416
8466,0.2596950495661997
8467,0.2685782653947392
8468,0.2566893300184246
8469,0.2702240350345817
8470,0.2715116923236867
8471,0.2611635364105146
8472,0.2651705072462599
8473,0.2711541419827426
8474,0.261902152718466
8475,0.2730186425506724
8476,0.27353416925558
8477,0.2669313661686862
8478,0.2592294784251715
8479,0.2667726220899624
8480,0.2736898178096375
8481,0.2751474609632259
8482,0.2720830405141089
8483,0.2690567867355511
8484,0.2745043771260813
8485,0.2677704220160456
8486,0.2628052341262627
8487,0.2614628830540922
8488,0.2677664881048832
8489,0.2626325081133202
8490,0.2597040003699013
8491,0.2654155394402427
8492,0.2740841195650618
8493,0.2713534215434553
8494,0.2673977728074109
8495,0.2637756029052966
8496,0.2669038850839585
8497,0.270214025573806
8498,0.2656974057785944
8499,0.2660056525905044
8500,0.2642978085204946
8501,0.2637054172750299
8502,0.2640659938303449
8503,0.2709193569739369
8504,0.2799836670328102
8505,0.2660092013874878
8506,0.259542308737721
8507,0.2724260342050796
8508,0.2594044470605667
8509,0.2661340110182709
8510,0.2611300687430493
8511,0.2747436140818028
8512,0.2720544074674837
8513,0.2677897585670099
8514,0.2647433412719541
8515,0.2743139707316592
8516,0.253186051105245
8517,0.2686314729492607
8518,0.2777778663346695
8519,0.2711911363814091
8520,0.2686046841131392
8521,0.2632310856993529
8522,0.2673996816203015
8523,0.2739193328647217
8524,0.2693748557716806
8525,0.258869831427946
8526,0.267005414798669
8527,0.2536035367088241
8528,0.2611859746605524
8529,0.262105780052213
8530,0.2665323096403006
8531,0.271681383131834
8532,0.2632846933790405
8533,0.2778890310232848
8534,0.2642713225229213
8535,0.2759265330636705
8536,0.2604995639966008
8537,0.2734157346145686
8538,0.2681005693863024
8539,0.2701220930519077
8540,0.2690157097479522
8541,0.2586281803584
8542,0.2673977592940113
8543,0.259755101367168
8544,0.2606605277159497
8545,0.2583497050542299
8546,0.2671980713694373
8547,0.2647831852265452
8548,0.2553021367642488
8549,0.271177098957659
8550,0.2646427115879807
8551,0.2630823890141667
8552,0.2597905398672744
8553,0.2561047224697901
8554,0.2665966957290582
8555,0.2723711385787841
8556,0.2685219656593504
8557,0.2681687872262308
8558,0.2652773097337598
8559,0.2619440887017103
8560,0.2732892575518177
8561,0.2649146747163347
8562,0.2607488094762216
8563,0.2645409702058979
8564,0.2719344910844805
8565,0.2615997909777797
8566,0.2694551589806864
8567,0.2669909560553853
8568,0.2630060619184855
8569,0.2629363051799466
8570,0.2612494838168074
8571,0.2569137304303163
8572,0.2594689789766694
8573,0.2643174149914859
8574,0.2742533732320784
8575,0.2668418102485528
8576,0.2644226042532208
8577,0.2581116370942012
8578,0.2673289150882328
8579,0.2653448476795576
8580,0.2731437696252552
8581,0.2625224096453302
8582,0.263135441649213
8583,0.2645980339912246
8584,0.2708151914825687
8585,0.2694292514006807
8586,0.2593752722989653
8587,0.2684970912002792
8588,0.2691115371029073
8589,0.2674228050453135
8590,0.2560373530442167
8591,0.2636299273603021
8592,0.2576042032029418
8593,0.2606705535841432
8594,0.2683785503309236
8595,0.2681572561656126
8596,0.2690903585469801
8597,0.2619047242817564
8598,0.2736236386256286
8599,0.2642267136710992
8600,0.2648866140892226
8601,0.264443176962393
8602,0.2585934653141384
8603,0.2608448467449225
8604,0.2676097719106135
8605,0.2751593847860723
8606,0.2578638803875007
8607,0.2548937614579649
8608,0.2672147814069326
8609,0.2611816933111943
8610,0.2682574079127498
8611,0.2608618452639499
8612,0.2600359765970316
8613,0.2530935302269451
8614,0.2612092323164051
8615,0.2658284207770041
8616,0.2585578753984922
8617,0.2639627020819379
8618,0.2652133715930047
8619,0.2576018205957164
8620,0.2653140216566128
8621,0.2495702041458566
8622,0.2556441810492639
8623,0.2597290584173622
8624,0.2634682498154046
8625,0.26313378492955
8626,0.2649654710902893
8627,0.2670960723262226
8628,0.2700240282279352
8629,0.2691067096194101
8630,0.2688039120504282
8631,0.2640001683158471
8632,0.2700173429305302
8633,0.2674917976440478
8634,0.2785473481854345
8635,0.2704646435651862
8636,0.2748196920586804
8637,0.2621443616354972
8638,0.2678194027395257
8639,0.2703045584028121
8640,0.263817287345727
8641,0.2695028998799004
8642,0.261483960250948
8643,0.2625053301138023
8644,0.2648554837879794
8645,0.2597695429570084
8646,0.2663393622526435
8647,0.2635283545023575
8648,0.2724972808535216
8649,0.2639153359276177
8650,0.2575617968408261
8651,0.273051012081739
8652,0.2623697762719056
8653,0.2671280318257309
8654,0.2628497263730017
8655,0.2666023432874752
8656,0.2600621528469646
8657,0.2617346881552756
8658,0.267126442019988
8659,0.2665868785134749
8660,0.2683697030773019
8661,0.268701964256936
8662,0.2728091115826006
8663,0.2701251314874611
8664,0.2680565029031029
8665,0.2694924741338498
8666,0.2705336153607626
8667,0.2675686424818858
8668,0.2582531400257389
8669,0.260868157003424
8670,0.2584576409414175
8671,0.2611883143249781
8672,0.2617884704692306
8673,0.2524429459853139
8674,0.2605228792240203
8675,0.2731593774651397
8676,0.2698262866329973
8677,0.277635549587579
8678,0.2691623586243025
8679,0.2675871977585291
8680,0.2657066981334242
8681,0.2726510213103565
8682,0.2730666749195004
8683,0.2663384466798614
8684,0.2595813052843723
8685,0.270380421902529
8686,0.2649037995964591
8687,0.2666530346570808
8688,0.2558147922562513
8689,0.2683916150144557
8690,0.2667809695607067
8691,0.2651422395990837
8692,0.262703899066749
8693,0.2648888023017848
8694,0.2654965774471888
8695,0.2638885345713058
8696,0.2709790651686209
8697,0.2759001791892992
8698,0.2678048845434347
8699,0.2687670672592799
8700,0.2741120964423122
8701,0.2674755140504461
8702,0.2705369198110041
8703,0.2625788940368263
8704,0.2629471449608859
8705,0.258283178220307
8706,0.2614919873333545
8707,0.2637150321848219
8708,0.260070636418728
8709,0.2595793515868667
8710,0.2706355714228836
8711,0.2686430105267078
8712,0.2649640230295637
8713,0.2785231534854044
8714,0.2725693081201905
8715,0.2641153599310168
8716,0.2633588266180366
8717,0.2642832110105566
8718,0.2630323277776723
8719,0.2578026283758859
8720,0.2724449764611613
8721,0.2692696914209017
8722,0.2581846279220809
8723,0.2561339826138133
8724,0.2528826737506867
8725,0.2651644303642037
8726,0.264528358958371
8727,0.2707856977274377
8728,0.2684442381911847
8729,0.2609102442590136
8730,0.2628953215110295
8731,0.2577215282412431
8732,0.2582633344356561
8733,0.2719276410140601
8734,0.2563853914882957
8735,0.2586366681353703
8736,0.2692571900672759
8737,0.2633108703439347
8738,0.2650592488621094
8739,0.260295560668246
8740,0.2664474044347275
8741,0.2639522578610892
8742,0.2678813588975176
8743,0.2642285892927523
8744,0.2653242099864019
8745,0.2684953254529812
8746,0.2574172618198623
8747,0.2674837252653714
8748,0.2655006388311931
8749,0.2652895351562255
8750,0.2606918178608353
8751,0.2632662543373318
8752,0.259805812348118
8753,0.253232130269088
8754,0.2667643652138873
8755,0.2568412924508219
8756,0.2575489288919872
8757,0.2663235137027893
8758,0.2661382687409057
8759,0.2639599680790461
8760,0.2562294382008202
8761,0.2708812199395609
8762,0.2631532515839194
8763,0.2604830968849017
8764,0.2626972916580238
8765,0.2623432796608032
8766,0.2676454625972816
8767,0.2710985816802594
8768,0.2670175537564525
8769,0.2678558666025777
8770,0.265484531883962
8771,0.2698464782797145
8772,0.2597515308653408
8773,0.2630818952011566
8774,0.2700192579459696
8775,0.2698393212143387
8776,0.2722299044055534
8777,0.2579270793449963
8778,0.2669491652339812
8779,0.2709548067554597
8780,0.2719647838442006
8781,0.2578902296770542
8782,0.2677740597492533
8783,0.2616943302462783
8784,0.2623234639514905
8785,0.2625914231352478
8786,0.2574339428345533
8787,0.2593389985917328
8788,0.2582671720539078
8789,0.2538227504220072
8790,0.2581276187669827
8791,0.2648104260798909
8792,0.2695500238470872
8793,0.266552981096171
8794,0.264533138270357
8795,0.2695086635393667
8796,0.2573995342634725
8797,0.2587607125373692
8798,0.2656196169583552
8799,0.2617129257874754
8800,0.2604453161421987
8801,0.2645179739016431
8802,0.2611035235132025
8803,0.263656222621561
8804,0.2598745862240024
8805,0.2650080195387485
8806,0.263860752560647
8807,0.2624897908651415
8808,0.2588794158276278
8809,0.261964530640759
8810,0.2634026186884383
8811,0.2513800206415487
8812,0.2598530232061122
8813,0.2626456539945945
8814,0.2635113210984589
8815,0.2620504575813757
8816,0.2611082713893202
8817,0.2551359263673037
8818,0.2651151655434619
8819,0.2695680667882812
8820,0.2578527873460635
8821,0.2606293330511237
8822,0.2611059038259436
8823,0.2611925082683419
8824,0.2614744266297787
8825,0.263208164799344
8826,0.259718365208671
8827,0.2574244562672884
8828,0.2630899439966063
8829,0.2595703594092717
8830,0.2592457635993525
8831,0.2660808046547516
8832,0.2613920901430421
8833,0.2582439445518633
8834,0.2670859402842508
8835,0.2554076591065243
8836,0.256313821572923
8837,0.2658428178420915
8838,0.2563556193943125
8839,0.2604288991941444
8840,0.2597133487664137
8841,0.2514736801067037
8842,0.2609461762528592
8843,0.2635214464828877
8844,0.2703315479907027
8845,0.2563859928316391
8846,0.2618068832011329
8847,0.2707745887343164
8848,0.2567424667628009
8849,0.2547742065718404
8850,0.2612031826790325
8851,0.2604565474344994
8852,0.2478832701080843
8853,0.2593936986545432
8854,0.255651698459213
8855,0.2598318731878565
8856,0.2557280407768212
8857,0.2571762448409038
8858,0.2565499691349572
8859,0.2628289959646246
8860,0.2505605876302076
8861,0.2560754566572847
8862,0.2586832386802208
8863,0.2734000100705018
8864,0.2619651296718921
8865,0.2597756036618958
8866,0.2513639277980905
8867,0.2631642577001741
8868,0.2697167544771882
8869,0.2583108713102807
8870,0.2477988643583629
8871,0.2653237342405736
8872,0.2676818704083643
8873,0.2608131053938984
8874,0.2597824134353269
8875,0.25607392590051
8876,0.269775279126317
8877,0.2577064100867557
8878,0.2592528063882983
8879,0.2591740986667653
8880,0.2619844307122954
8881,0.250604057541085
8882,0.2587958028128688
8883,0.2628624765545057
8884,0.2599308807393201
8885,0.2613000628096465
8886,0.2561191304378388
8887,0.2519981371907873
8888,0.2629035632661806
8889,0.2602017854143907
8890,0.2504670987406617
8891,0.2639677341754809
8892,0.2588152483317614
8893,0.2602402676214699
8894,0.2591044311283566
8895,0.2599090366032935
8896,0.2593154607351183
8897,0.2601916363891458
8898,0.2528079004540484
8899,0.2485282356618307
8900,0.262483564047516
8901,0.2657586641998805
8902,0.2565157571776118
8903,0.2472033881065871
8904,0.259684365767089
8905,0.2611434555331259
8906,0.2610105634369041
8907,0.260398406416624
8908,0.2596238616319214
8909,0.2617202307926486
8910,0.264228004066235
8911,0.2676298803766403
8912,0.2562875975624401
8913,0.2527740306999355
8914,0.2596156429633965
8915,0.2609490703720359
8916,0.258465007573865
8917,0.2566307506643113
8918,0.2603638439098924
8919,0.266306621027269
8920,0.2567488395393074
8921,0.2634238469931881
8922,0.2633881895591431
8923,0.2491887170168168
8924,0.2543366645275797
8925,0.2564896308440191
8926,0.2662259343663802
8927,0.2702086869875547
8928,0.2680869352431889
8929,0.2592973577046042
8930,0.2601319771368666
8931,0.2614302960003505
8932,0.2587408972321646
8933,0.2640740734150606
8934,0.2631760242625032
8935,0.2602234164667331
8936,0.2628876618989892
8937,0.2566606103901812
8938,0.2664649022649679
8939,0.2684768520405463
8940,0.270202051334495
8941,0.2543684029931003
8942,0.268561938778433
8943,0.2586040876555125
8944,0.2587996929460499
8945,0.2631740330267447
8946,0.2619606267223093
8947,0.2519369040708406
8948,0.2660728735658797
8949,0.2594198518894533
8950,0.2595384472513577
8951,0.2653999384652588
8952,0.2622411837665494
8953,0.2614176101184797
8954,0.254721645333418
8955,0.2642180217740292
8956,0.2624026027960446
8957,0.2537499568759426
8958,0.266073056950282
8959,0.2644121702320135
8960,0.2617002469577613
8961,0.2611678721566355
8962,0.2653283337121196
8963,0.2664191504636279
8964,0.2667649998535836
8965,0.2694008629398184
8966,0.2626366350069254
8967,0.2662331183633067
8968,0.2629778980431194
8969,0.2545261490949506
8970,0.2630088762508762
8971,0.2522170922272338
8972,0.2567447507648561
8973,0.2551975375312861
8974,0.2551470005126254
8975,0.2598007797716893
8976,0.2606512493928422
8977,0.2588110807729252
8978,0.2605899857759528
8979,0.2647020705786947
8980,0.2548151518844355
8981,0.257869618875073
8982,0.2572224303104315
8983,0.2639655627439689
8984,0.2580187098311711
8985,0.2711201834913807
8986,0.2606818487036421
8987,0.2690849128342864
8988,0.2547186194320502
8989,0.2529365060989414
8990,0.2525635939411522
8991,0.2581000528725504
8992,0.2529660425607471
8993,0.2564320586975186
8994,0.2519038447661413
8995,0.2528513593663191
8996,0.2627503978076749
8997,0.262875377846366
8998,0.2571059806609295
8999,0.2688017467530667
9000,0.2662902044593557
9001,0.2552078124854645
9002,0.2687871633705561
9003,0.2702788007727986
9004,0.2580121928329121
9005,0.2564346233595799
9006,0.2616717841951644
9007,0.2622707488636905
9008,0.263116741721194
9009,0.2604236059678889
9010,0.2534527825946993
9011,0.2617092594206432
9012,0.2692716233649523
9013,0.2616690205777699
9014,0.2534832077306116
9015,0.2496419304320983
9016,0.2575539162251077
9017,0.258996754509256
9018,0.2564794593787757
9019,0.2628751886090127
9020,0.2595959951088903
9021,0.2622431572527514
9022,0.2701862477333544
9023,0.2666822456850661
9024,0.2579263963025904
9025,0.2580481671380906
9026,0.2564028188401831
9027,0.2576704059852509
9028,0.2624514305251401
9029,0.2529038825773144
9030,0.2550097846923612
9031,0.2584041809013593
9032,0.2552491525735024
9033,0.2567760091836406
9034,0.2586116988055584
9035,0.2637103756344081
9036,0.2590754045320395
9037,0.2608274158571421
9038,0.260401848455544
9039,0.2548038914247354
9040,0.2494422119619547
9041,0.25912585497727
9042,0.2465927548528902
9043,0.2513812632698032
9044,0.2496935266746118
9045,0.25718456572109
9046,0.2491040782539837
9047,0.2548822047695437
9048,0.2536744348875391
9049,0.2543781594565322
9050,0.2592285195650977
9051,0.2616590205907007
9052,0.2623146203753871
9053,0.2508916576573481
9054,0.2579100094453796
9055,0.2544393190923639
9056,0.2592295384742401
9057,0.2530461646521146
9058,0.2530498124502563
9059,0.2578420648463081
9060,0.2640475873341702
9061,0.2563282134392025
9062,0.2593792589006384
9063,0.2491353193886113
9064,0.269365316034185
9065,0.2569943674454146
9066,0.2675125293783563
9067,0.2708290636859645
9068,0.263019753643891
9069,0.2614787492429749
9070,0.2580832818731894
9071,0.2576941108931194
9072,0.2528849363199828
9073,0.2649217340923028
9074,0.2522183796903739
9075,0.2618055878290244
9076,0.2537088838400751
9077,0.2644978321365603
9078,0.2558385027936956
9079,0.2501403106923166
9080,0.2667626292160062
9081,0.2639297696639567
9082,0.2622200843641792
9083,0.2557485138460937
9084,0.2578730996236769
9085,0.2619043412977982
9086,0.257571178436053
9087,0.2526569747779204
9088,0.2602723559243272
9089,0.2495422080888303
9090,0.2578761473946516
9091,0.2585863143941335
9092,0.2557757801370432
9093,0.25596878443713
9094,0.2567730531708214
9095,0.2643728064431445
9096,0.2546309827030075
9097,0.2423604888406236
9098,0.2533373718789313
9099,0.2477524630857136
9100,0.2581632153014456
9101,0.2644190564024653
9102,0.2580203014475814
9103,0.2575297568607902
9104,0.2466009939189886
9105,0.2543548843053178
9106,0.2584969244923707
9107,0.2553568864046919
9108,0.2474540234700736
9109,0.2609606002268445
9110,0.2476391995069105
9111,0.2511461407291961
9112,0.2535344057805938
9113,0.2485284011783583
9114,0.2470677973289181
9115,0.2596688502511331
9116,0.2597238441134035
9117,0.252727242083489
9118,0.2492223814798848
9119,0.2641102909338552
9120,0.2546895477958631
9121,0.2548567824091
9122,0.2562110231903623
9123,0.2554969862231034
9124,0.2550897481993109
9125,0.2526975116619325
9126,0.2593864840390865
9127,0.262000649297476
9128,0.2488729447202837
9129,0.2536068600390381
9130,0.2566680763327007
9131,0.2592810851819963
9132,0.2547093656863858
9133,0.2442716904824184
9134,0.2554328118161668
9135,0.2492600651423235
9136,0.2462979126280773
9137,0.2547920792513789
9138,0.2539013373922221
9139,0.2611597612324398
9140,0.2627319814980789
9141,0.2663598595702657
9142,0.2572097176756371
9143,0.249883899757231
9144,0.258305398702483
9145,0.2631540292610279
9146,0.2612433855366184
9147,0.2589187795025773
9148,0.2546363737946028
9149,0.2489253097017135
9150,0.2545124544823467
9151,0.2576829630500465
9152,0.25901229588795
9153,0.2596034410615404
9154,0.2531884803619374
9155,0.250740352197708
9156,0.2644224103390446
9157,0.2647988137942566
9158,0.257912584197687
9159,0.258543282611007
9160,0.2533736915431244
9161,0.2578064681779714
9162,0.2588878265929704
9163,0.2616757864337297
9164,0.2551959365051685
9165,0.2599723009166172
9166,0.2553746134829525
9167,0.2513764399834413
9168,0.2524307507227664
9169,0.2592981440183459
9170,0.254482727438826
9171,0.2582101186628437
9172,0.2509251389628629
9173,0.2525931188768545
9174,0.2455643435929
9175,0.2515745833322863
9176,0.25553540902009
9177,0.2560580743040235
9178,0.2503230666022012
9179,0.2498709405845047
9180,0.2639030974897819
9181,0.254912743287114
9182,0.2598271397430097
9183,0.2568545476155637
9184,0.2552874296071367
9185,0.2510969824697892
9186,0.2521756987931209
9187,0.2540578114038274
9188,0.2437161597043801
9189,0.257968749863713
9190,0.2525023907914601
9191,0.2491270238745677
9192,0.255309235748523
9193,0.2560680235920711
9194,0.2531498390391081
9195,0.2591579224065019
9196,0.2608407251372994
9197,0.2524914695957551
9198,0.2511382196834483
9199,0.2530758606017033
9200,0.2611516661364789
9201,0.2553841186205089
9202,0.2581726710888155
9203,0.2590614068248681
9204,0.2498215888186884
9205,0.2565730216276494
9206,0.2548474536100036
9207,0.26041638658085
9208,0.25916796462265
9209,0.257458318604715
9210,0.2538155591403135
9211,0.263285767747501
9212,0.2571129651746068
9213,0.2551347433859411
9214,0.2518723969002071
9215,0.2493493717681298
9216,0.2521392717968218
9217,0.2553928157620223
9218,0.2587611748472848
9219,0.2586925470350921
9220,0.2580862233418088
9221,0.2508418145208511
9222,0.2578552770079947
9223,0.2549111635964045
9224,0.2570900957924664
9225,0.2557888293529736
9226,0.262519684971394
9227,0.2509241730859249
9228,0.269981111246311
9229,0.2522228696709166
9230,0.2470448157372354
9231,0.2526932700672356
9232,0.2504705778114666
9233,0.2551806693597421
9234,0.2567270164131443
9235,0.2484386746316935
9236,0.2535211460798748
9237,0.25582081837824
9238,0.2512302484953072
9239,0.2604702704829506
9240,0.2598264541018267
9241,0.2496715617695427
9242,0.2509994490682985
9243,0.2531443358333417
9244,0.258752087889036
9245,0.269049551812155
9246,0.2639061804708714
9247,0.255043595552975
9248,0.256064580351914
9249,0.2420589654091207
9250,0.2576732818821076
9251,0.2615562863545009
9252,0.2515480017633909
9253,0.2429276596016457
9254,0.2648191783258743
9255,0.2574959843568346
9256,0.2596566561464332
9257,0.2593835867970128
9258,0.2559049199997595
9259,0.2575699813907586
9260,0.2583117317707957
9261,0.2494411375401363
9262,0.2612812634459656
9263,0.2534395094383836
9264,0.252827022261715
9265,0.2571274268378341
9266,0.2397925948640421
9267,0.252738420260997
9268,0.248069844673971
9269,0.2530540000887282
9270,0.2524450157803546
9271,0.258068324899923
9272,0.2605065503402919
9273,0.257794847968868
9274,0.2566818838026828
9275,0.2474972031744648
9276,0.250935703202008
9277,0.2470345149304441
9278,0.2592122633244776
9279,0.2482126198915918
9280,0.250546505234347
9281,0.2444020009914601
9282,0.249049265296996
9283,0.2625458970167209
9284,0.2550317621217089
9285,0.2506751139511479
9286,0.2493972137615749
9287,0.2487428432725749
9288,0.2425359749124428
9289,0.2454420180133969
9290,0.2504090559220736
9291,0.2538178123935847
9292,0.2571944073914673
9293,0.2581550444550321
9294,0.2579848069282542
9295,0.2551347706991513
9296,0.2489980305231659
9297,0.2480326805650018
9298,0.2458815969838868
9299,0.2383931106246566
9300,0.2529735096610042
9301,0.2497445902576815
9302,0.2477889879647813
9303,0.2514502454008889
9304,0.2482355981933683
9305,0.2537994759875523
9306,0.2505380256803008
9307,0.2571618986600563
9308,0.2474339208292339
9309,0.2525050890370389
9310,0.2584053261452298
9311,0.2693293243477411
9312,0.2569664928457643
9313,0.2610147834465128
9314,0.2540612568091709
9315,0.2590845399679422
9316,0.2479078395886599
9317,0.2503990260221882
9318,0.2491288469423729
9319,0.2515873364147928
9320,0.2460619252486544
9321,0.2511213615940808
9322,0.2587087068065997
9323,0.251475908889714
9324,0.2542368504890067
9325,0.2517758327148822
9326,0.2418262313574646
9327,0.250578547964309
9328,0.2484525536603566
9329,0.2444858357004878
9330,0.2576176525831712
9331,0.2436904815296079
9332,0.2451940368504082
9333,0.2451617161095278
9334,0.2519225389593579
9335,0.2533852711442265
9336,0.2594575229942295
9337,0.2487851695085585
9338,0.2471673699910975
9339,0.2521584279141591
9340,0.2631310846085831
9341,0.2636497023022661
9342,0.256942982745118
9343,0.2622792936189242
9344,0.2597078797248864
9345,0.2525069378606203
9346,0.2528423349269783
9347,0.2504428594474369
9348,0.2559256745659728
9349,0.260689361340114
9350,0.2490394355149981
9351,0.2530674869372874
9352,0.2513387092067783
9353,0.2577552261535163
9354,0.2501395651429636
9355,0.2515859232626454
9356,0.245179703565491
9357,0.2522181921938054
9358,0.2515178501180161
9359,0.2460462823365134
9360,0.2595963223708329
9361,0.2598720403876833
9362,0.2628655080515238
9363,0.266039599093547
9364,0.2578739258398873
9365,0.2474071436433275
9366,0.2511221151380759
9367,0.2505511728777327
9368,0.2478927382893583
9369,0.2391477653927112
9370,0.244508152877293
9371,0.2486494393002888
9372,0.2563726231093333
9373,0.2623179252524153
9374,0.2441353970305245
9375,0.2572501462231675
9376,0.2526246193453108
9377,0.2501721317877854
9378,0.2492477557729264
9379,0.2520032706139774
9380,0.2551814119551941
9381,0.2534811202369234
9382,0.2513666457125245
9383,0.2614152156936727
9384,0.2553183039035118
9385,0.2497970504143354
9386,0.2531263991378065
9387,0.2480346168917054
9388,0.2546684445943107
9389,0.2458770331461919
9390,0.2459826816204815
9391,0.24745616027472
9392,0.2476308568635943
9393,0.2472326624897995
9394,0.2535883955456127
9395,0.2535757776445951
9396,0.2499861091606132
9397,0.2485419750776567
9398,0.2449895374007041
9399,0.2492223981523748
9400,0.2513353672637752
9401,0.2512859146461297
9402,0.2535919564541401
9403,0.2489760340985689
9404,0.2513288469188921
9405,0.2510250956421599
9406,0.2569567114924146
9407,0.2523773549950239
9408,0.2411401874573245
9409,0.2653798229245002
9410,0.25007627100454
9411,0.2438622503570503
9412,0.2472073295248495
9413,0.2471638330486085
9414,0.2352533519755388
9415,0.2468409674995835
9416,0.2485668521435351
9417,0.2535519366630453
9418,0.2486462796545174
9419,0.2513588148697448
9420,0.2556852019912335
9421,0.2538731896836181
9422,0.2474791221006198
9423,0.2548253355786452
9424,0.2449221513339976
9425,0.2458844007118667
9426,0.2394365254469692
9427,0.2423487882109289
9428,0.246240315922618
9429,0.2395554251861667
9430,0.2486097498972701
9431,0.2463677329519409
9432,0.2481802005800878
9433,0.2479248971658979
9434,0.2491647267339822
9435,0.2518556626564203
9436,0.2488268734699021
9437,0.2442233634110317
9438,0.2434147168260943
9439,0.2529902967516483
9440,0.2391061798465745
9441,0.2418626775619769
9442,0.2382734294387883
9443,0.2503158150668508
9444,0.2481403593182173
9445,0.2449576153922154
9446,0.2489062979708442
9447,0.2363764784455485
9448,0.2381663970825925
9449,0.2499757008282074
9450,0.2533166998828419
9451,0.2380247163137303
9452,0.2373241678356362
9453,0.2479409224764787
9454,0.2440064923435576
9455,0.2395725265911988
9456,0.2514493556944206
9457,0.25081055138212
9458,0.2413163434203966
9459,0.2494894428603353
9460,0.2469476693389479
9461,0.2458549206111983
9462,0.2401723444623962
9463,0.2497888466414267
9464,0.244865577154895
9465,0.2374362449489042
9466,0.2498044034408291
9467,0.2490414498707081
9468,0.2451024730501405
9469,0.2422588468124722
9470,0.2489473950692788
9471,0.245940536407635
9472,0.2476784690838346
9473,0.2496513259467048
9474,0.2453701043892337
9475,0.2543340949245449
9476,0.2396481295460811
9477,0.2423674340532821
9478,0.240606995455291
9479,0.2531575172065223
9480,0.2484268225486875
9481,0.2440385707869626
9482,0.2501432512649978
9483,0.244465265191508
9484,0.2509906139581325
9485,0.2457297372432809
9486,0.2423411244703295
9487,0.2510079969790539
9488,0.2482841839729966
9489,0.2525307620111229
9490,0.2487403620558885
9491,0.2590763528898361
9492,0.2516402779596199
9493,0.2487691537642463
9494,0.2459484394058339
9495,0.2431660212859641
9496,0.2552491588518726
9497,0.2473502023044113
9498,0.2542787130893137
9499,0.2460120527827943
9500,0.2511944543170027
9501,0.2487625628445085
9502,0.2538128741303237
9503,0.2424430716732239
9504,0.2482999544233859
9505,0.2446425382905403
9506,0.2404172175489309
9507,0.2467093603878769
9508,0.2467516132828244
9509,0.248203554919148
9510,0.242818157117984
9511,0.2466012327968829
9512,0.2434942071724586
9513,0.2424351168705788
9514,0.2409370476714747
9515,0.2371540717129416
9516,0.2349500634156681
9517,0.2480885073982584
9518,0.2448568453426312
9519,0.2474491219139593
9520,0.2489344562608542
9521,0.2419563474181902
9522,0.2449667820809631
9523,0.2368509461313262
9524,0.2437179201204248
9525,0.2554485448712222
9526,0.2484773336563564
9527,0.2464927188388263
9528,0.2492117041149488
9529,0.2453444910427857
9530,0.2416329499911904
9531,0.2396688018886145
9532,0.2433130769066618
9533,0.2501668818740431
9534,0.2538329342330759
9535,0.2462044093622137
9536,0.2507942354858385
9537,0.2530349702817136
9538,0.2455647557042236
9539,0.2470215221913891
9540,0.2525272008426967
9541,0.2475209247620942
9542,0.2483077154091384
9543,0.247764182916171
9544,0.2517831622787541
9545,0.2538117023247541
9546,0.2432964750585095
9547,0.2449071216210822
9548,0.2446137895072022
9549,0.2476306352272463
9550,0.2462419630718367
9551,0.2493949087223934
9552,0.2415284075856722
9553,0.242097143703953
9554,0.2497238804693711
9555,0.2389810268989056
9556,0.2518827660591339
9557,0.2472202768953287
9558,0.2358376550978815
9559,0.242051818105161
9560,0.2410334206453347
9561,0.2383321823622772
9562,0.259741255555713
9563,0.255363863432903
9564,0.2592558711562279
9565,0.2560669883952104
9566,0.2531270463498617
9567,0.2551039288876102
9568,0.2428534788621135
9569,0.2475941182368271
9570,0.2496208551568792
9571,0.2489058538728045
9572,0.2426781103639632
9573,0.246507929208747
9574,0.2476194052692483
9575,0.2507378115448986
9576,0.2572809994690723
9577,0.2497596308445018
9578,0.2393287622058823
9579,0.2439367822541181
9580,0.2547972695973031
9581,0.24079610516067
9582,0.2439114059430172
9583,0.2498498747569771
9584,0.2460731218165749
9585,0.2479325971624434
9586,0.2552319453726742
9587,0.2448604702084074
9588,0.2476222769903952
9589,0.2502056029848377
9590,0.2462003576132403
9591,0.2487381154664572
9592,0.2491950899204948
9593,0.2530573854459096
9594,0.2503716043156663
9595,0.2452219852273669
9596,0.2539996910703448
9597,0.2449808776171911
9598,0.2568770402092623
9599,0.2450608483871279
9600,0.2380666846111759
9601,0.2496700667663194
9602,0.2500083395641013
9603,0.2489700720303447
9604,0.2427610269600818
9605,0.2494437060875723
9606,0.2418300864848768
9607,0.2526268680557466
9608,0.2417849622150556
9609,0.2480467936863484
9610,0.2467339109610195
9611,0.2528234974458178
9612,0.2450500966224857
9613,0.2516522978740805
9614,0.2552733065401997
9615,0.2491165356972415
9616,0.2469394224558379
9617,0.2498982870606127
9618,0.2518449647451161
9619,0.2495403263568947
9620,0.2606138909124057
9621,0.2446402766115682
9622,0.2608483386202502
9623,0.2535971011854584
9624,0.248906711730467
9625,0.2457526354600854
9626,0.2484960778251604
9627,0.2522220844665065
9628,0.2486925104267003
9629,0.2438297790016764
9630,0.2560870444066437
9631,0.2456143771336434
9632,0.245732860959272
9633,0.2413657526573126
9634,0.2524695974445725
9635,0.2511114946812851
9636,0.247457614109126
9637,0.2447925593994411
9638,0.2411423318005064
9639,0.246200310714419
9640,0.2430101526838611
9641,0.2469458934899262
9642,0.2532259047730954
9643,0.2439505240132114
9644,0.2430329450309578
9645,0.242136869525269
9646,0.2485332937897218
9647,0.2492085108455659
9648,0.2399703491168631
9649,0.2472034115707181
9650,0.2551066732096883
9651,0.2458468645661963
9652,0.2414930917340888
9653,0.2456532178687925
9654,0.2473376693784877
9655,0.2388101451383044
9656,0.2370384835861516
9657,0.2518827273850106
9658,0.2527299829757587
9659,0.2565311714917477
9660,0.2493552106005184
9661,0.2457108245253028
9662,0.2457778955125926
9663,0.2528738924327061
9664,0.2392254477393724
9665,0.2481544862495708
9666,0.243746351936109
9667,0.2517966193448122
9668,0.2481010846257881
9669,0.2359431193516384
9670,0.2447856677195883
9671,0.2405199682953481
9672,0.2456580397746777
9673,0.2477447771255447
9674,0.2490286954727987
9675,0.2533432441273652
9676,0.2482974947841244
9677,0.2525826258374922
9678,0.240565324397274
9679,0.2423831356653976
9680,0.2440829091510827
9681,0.2361542963564398
9682,0.2418607804600921
9683,0.2383005709789379
9684,0.2475919354369173
9685,0.2508395313796873
9686,0.2446779927214704
9687,0.2549796462896904
9688,0.2503446541885894
9689,0.2532611969996128
9690,0.2431803647017071
9691,0.2495485014616318
9692,0.2404405322421878
9693,0.2343978448593604
9694,0.2330905870312932
9695,0.237263496375169
9696,0.2487278655562568
9697,0.2356218648568787
9698,0.2429706818144512
9699,0.2469364198345037
9700,0.2516190752611378
9701,0.2422127109470236
9702,0.2502608392518524
9703,0.2442189625162129
9704,0.2497591368626402
9705,0.2436867418328819
9706,0.2461936183163227
9707,0.244532755522574
9708,0.2364270913561984
9709,0.2307424360512754
9710,0.2392862258095038
9711,0.24452050612521
9712,0.2435471568162427
9713,0.252622716848631
9714,0.2380778105630192
9715,0.2428634570146239
9716,0.2440878935645048
9717,0.245927242536195
9718,0.2481271585235085
9719,0.2465594713563884
9720,0.2497418725982094
9721,0.2464205003473288
9722,0.2330117724239437
9723,0.2345672591636198
9724,0.2483472862727521
9725,0.2366336715908498
9726,0.2428053246066874
9727,0.2426986904864714
9728,0.247833354508637
9729,0.2453824423320739
9730,0.240685753744559
9731,0.2429522357679548
9732,0.2483656910403279
9733,0.2374285747476689
9734,0.254367373768785
9735,0.2421099691407788
9736,0.2465817560038866
9737,0.2471251839999806
9738,0.2488206063172899
9739,0.2512945956501686
9740,0.2437853324000373
9741,0.2486546968314438
9742,0.2468485484436529
9743,0.2443118681986784
9744,0.2436689995979797
9745,0.2420645576021568
9746,0.2502057988233543
9747,0.2456597890307588
9748,0.2484270318313738
9749,0.236033910992686
9750,0.2392049314150506
9751,0.2392808655209728
9752,0.2523702634970352
9753,0.2469058670730895
9754,0.2349457604345386
9755,0.2365108330554512
9756,0.2428239217359492
9757,0.2486415627583082
9758,0.2447970029845693
9759,0.2355950788260363
9760,0.2452881859917881
9761,0.2437834225118141
9762,0.2472612672586485
9763,0.2456284562630299
9764,0.2377644918866132
9765,0.2448652782607529
9766,0.2408065266633345
9767,0.2416480246177793
9768,0.2426862426248353
9769,0.2445869716511031
9770,0.2467413142887266
9771,0.2355883083694508
9772,0.243048002651014
9773,0.2393999207528282
9774,0.2466292855621684
9775,0.2475683216953952
9776,0.2459775008462017
9777,0.2435176442329065
9778,0.2419418542958734
9779,0.2405942688572694
9780,0.2395539927026293
9781,0.2427836643958056
9782,0.2397415417331123
9783,0.2434002526140288
9784,0.2451217114777127
9785,0.2410521242539179
9786,0.2387100906976938
9787,0.2479727554799341
9788,0.2406313271212771
9789,0.2355727329397799
9790,0.2442020307023417
9791,0.2276016465679881
9792,0.2374580663040342
9793,0.2347954026062965
9794,0.24317003469089
9795,0.2341011587683573
9796,0.2372679700099954
9797,0.2418001552347441
9798,0.2357840952091733
9799,0.2427829849893405
9800,0.2389275298156546
9801,0.2363851959199433
9802,0.2329226613379907
9803,0.2390601397478388
9804,0.2419784598176157
9805,0.239343106047923
9806,0.2443476875676374
9807,0.2429271700575713
9808,0.2383365142353644
9809,0.2357181070797926
9810,0.2480735873604417
9811,0.2459094071020931
9812,0.244540021179064
9813,0.2369815961133711
9814,0.2384191506859143
9815,0.2394201874974963
9816,0.2439572696781395
9817,0.2298983359685958
9818,0.2425820450881436
9819,0.2298009326510877
9820,0.2377785257949098
9821,0.2458231863003495
9822,0.2363378683194649
9823,0.2384867739796944
9824,0.2442895800760375
9825,0.2390990590293193
9826,0.2421007751667057
9827,0.2375862261916384
9828,0.2502151791819886
9829,0.2423212487272826
9830,0.2364066292438321
9831,0.2387087815821903
9832,0.2350810046065717
9833,0.2448010896488655
9834,0.243803011591262
9835,0.2384839988624087
9836,0.244531371580856
9837,0.2441819768741237
9838,0.2481699635002027
9839,0.2446172846154977
9840,0.2458879821081977
9841,0.2385934535485806
9842,0.2460429426845483
9843,0.2405591282241713
9844,0.2333672531306573
9845,0.2426621538215319
9846,0.2364978494316865
9847,0.2434582871177276
9848,0.2442568056197042
9849,0.24241390990949
9850,0.2464853990458035
9851,0.2413968076538206
9852,0.2511972620880036
9853,0.252220246732637
9854,0.2416444683901054
9855,0.2328664006171396
9856,0.2487098377029702
9857,0.2466994730715276
9858,0.2489413195487796
9859,0.2458064392116044
9860,0.2382110394555976
9861,0.2525591817675663
9862,0.2583803798913501
9863,0.2414690041776721
9864,0.2483779166412932
9865,0.2458982842477608
9866,0.2476892656794947
9867,0.2486390015335037
9868,0.2460109872874973
9869,0.2467340438210174
9870,0.2499000316081754
9871,0.2391022157963406
9872,0.2492363106482328
9873,0.2338767298003275
9874,0.2403094454479153
9875,0.2495521258065214
9876,0.238642555304292
9877,0.2491441754140916
9878,0.2458667409823258
9879,0.2435232129091634
9880,0.2489725763652618
9881,0.2494378383531248
9882,0.2411613482861456
9883,0.2419393318166512
9884,0.2410249909869645
9885,0.2341291479921571
9886,0.2466376319266157
9887,0.2458564873025277
9888,0.2443697225700381
9889,0.2471640366959707
9890,0.24215446651439
9891,0.2428109459509035
9892,0.2372704855894255
9893,0.2380151529852671
9894,0.2462542225752935
9895,0.239017211583992
9896,0.2401309550676969
9897,0.2450185446429729
9898,0.241990322021364
9899,0.2426346490274229
9900,0.2408978944908269
9901,0.236974895787664
9902,0.2386517419830709
9903,0.2477643751259887
9904,0.2476837104523564
9905,0.2513324791626846
9906,0.2452339391450873
9907,0.2454446139146113
9908,0.2405431124699348
9909,0.2366312515464296
9910,0.2344619030934303
9911,0.2428892176507909
9912,0.249355909228182
9913,0.2403893719999709
9914,0.2501688568823722
9915,0.2443416118208963
9916,0.2444065079077396
9917,0.2388080478336525
9918,0.2475678506813427
9919,0.2417924126897376
9920,0.2453760556947953
9921,0.2488738815092529
9922,0.2405477462652167
9923,0.2462014492494939
9924,0.2427376253976212
9925,0.2435493792529956
9926,0.240298441212978
9927,0.2425829396895744
9928,0.2349673544791364
9929,0.2461652100804423
9930,0.2534389718957646
9931,0.2476637460376221
9932,0.2368007180607946
9933,0.2420132205218962
9934,0.2462671717051703
9935,0.2387261378961897
9936,0.2469501406485591
9937,0.2381974160196183
9938,0.2360906196577364
9939,0.2377806725014579
9940,0.2442057850413241
9941,0.2289075735829663
9942,0.2390981227299417
9943,0.239071762054358
9944,0.2408619428801765
9945,0.232574425139923
9946,0.2401675341808713
9947,0.2483639318907804
9948,0.2430026119651338
9949,0.2477344266277323
9950,0.2429836383814973
9951,0.2459785645286369
9952,0.2299489175395507
9953,0.2452037107121303
9954,0.2463096664264802
9955,0.2379656613903601
9956,0.2369853531345754
9957,0.2436644351155447
9958,0.2319695113175235
9959,0.2399137412211267
9960,0.2558901965693791
9961,0.2466249494084335
9962,0.2351307869880007
9963,0.2336256762451997
9964,0.2311464473939103
9965,0.2404868859349807
9966,0.2394902661692848
9967,0.2379337406705724
9968,0.2469887356300902
9969,0.2349489970579367
9970,0.2375269978664148
9971,0.238013915339895
9972,0.2350600097200341
9973,0.2409570953349551
9974,0.2383670587614426
9975,0.2405795560731049
9976,0.2351705716901412
9977,0.2393951225282759
9978,0.236262714003485
9979,0.2415950489657468
9980,0.2430184987233477
9981,0.2491533998514785
9982,0.2402376260257257
9983,0.2311761970344773
9984,0.2342338392682618
9985,0.2455723224727019
9986,0.2325348638835322
9987,0.2473568780994701
9988,0.2433563350127353
9989,0.2328507801186997
9990,0.2395108510962105
9991,0.2355721330786287
9992,0.242147744074881
9993,0.2336154692812677
9994,0.2405514668566085
9995,0.2378780843951733
9996,0.2449373397642527
9997,0.2346284649408178
9998,0.2410407689919497
9999,0.2407619841518081
10000,0.2421698594928253
10001,0.2430742304409273
10002,0.240780318624352
10003,0.2525072596244158
10004,0.2453048373355645
10005,0.2423628225177587
10006,0.2324320458557792
10007,0.2401203343818259
10008,0.2346413583401821
10009,0.2399275597419629
10010,0.2417922500807862
10011,0.2469558344030252
10012,0.2475645522332642
10013,0.2397502162782834
10014,0.2393242706341894
10015,0.2474377833379185
10016,0.2364810928125484
10017,0.229699552663907
10018,0.2313030253375931
10019,0.2429850414197736
10020,0.2391265025899549
10021,0.2384717929683962
10022,0.239458903331668
10023,0.2444317511721855
10024,0.2349109990901335
10025,0.238127951060347
10026,0.2389082032328626
10027,0.2446700625597042
10028,0.2487560971678564
10029,0.2336999770594524
10030,0.2410726584435036
10031,0.2342976622754243
10032,0.2322800264498752
10033,0.2399186247480521
10034,0.245153935292694
10035,0.2486428027002056
10036,0.2437764747003778
10037,0.2367792310687662
10038,0.2369602531247994
10039,0.2356934034118543
10040,0.2357580922763929
10041,0.2380784024641376
10042,0.2378995415207618
10043,0.2297845797482297
10044,0.2384153589577458
10045,0.230941163228317
10046,0.2283134753881358
10047,0.234683913461294
10048,0.2421028834393121
10049,0.2375198352822416
10050,0.2370444199091583
10051,0.2466878247640854
10052,0.2356546345615128
10053,0.2403904377061017
10054,0.2237279378786598
10055,0.2398978752105519
10056,0.2262428819790506
10057,0.2400259417313717
10058,0.2450300158197684
10059,0.2435323044899052
10060,0.2446639561945585
10061,0.2438024987477129
10062,0.2389285702259732
10063,0.2269019236644472
10064,0.2372856827870384
10065,0.2389064768347053
10066,0.2406890795903819
10067,0.2430786590464922
10068,0.2448877825231146
10069,0.2480811780036965
10070,0.2495166059833776
10071,0.2397249155238418
10072,0.241318614531125
10073,0.2365034836057259
10074,0.2363161624705054
10075,0.2338689885148994
10076,0.23719383609029
10077,0.2387374528348377
10078,0.2452007310055524
10079,0.2338694564779243
10080,0.2444078152163936
10081,0.2409042867257876
10082,0.2377559079393054
10083,0.2363305673525489
10084,0.2477951326211561
10085,0.2443831442693556
10086,0.2381037642651738
10087,0.2419455501755599
10088,0.241260283401688
10089,0.2451480484932341
10090,0.2467857101809918
10091,0.2466096679253304
10092,0.2413381646894605
10093,0.2441714395242364
10094,0.2385322491306908
10095,0.2455009985894509
10096,0.246047699130584
10097,0.2407091741146073
10098,0.2474581012055824
10099,0.2368643843528714
10100,0.2317062641894401
10101,0.236106900830384
10102,0.239900441835047
10103,0.2420577754693557
10104,0.2352864801143381
10105,0.237957172859683
10106,0.2412134780625866
10107,0.2407031009067375
10108,0.2402184313639788
10109,0.2430405178752699
10110,0.2410693855612809
10111,0.2485011443729592
10112,0.2353334005407548
10113,0.2459567906474906
10114,0.2512858842356284
10115,0.2438023151363107
10116,0.2400933073344123
10117,0.2387126721674098
10118,0.2403870504139789
10119,0.2439485452640697
10120,0.2417493015752811
10121,0.2476263741937984
10122,0.2464916538814115
10123,0.2384096134049378
10124,0.2347954593645424
10125,0.2321396884960412
10126,0.2349902009142235
10127,0.2375563438982101
10128,0.2379799412635599
10129,0.2336640847766945
10130,0.2486240780865684
10131,0.2336462936573592
10132,0.2416294061846479
10133,0.2344823264429734
10134,0.2446450377625703
10135,0.2350481313922001
10136,0.2402615366545598
10137,0.2317498268373109
10138,0.2310836737166235
10139,0.2456476843747277
10140,0.2312785734519895
10141,0.2382240143614775
10142,0.2450280009884273
10143,0.2399161161169299
10144,0.2411222399244654
10145,0.2395752652413668
10146,0.2333951994812859
10147,0.2393317342167651
10148,0.2356285449291203
10149,0.2409385309736394
10150,0.2407266260885394
10151,0.2291654735702717
10152,0.2331280804070354
10153,0.2379771458672398
10154,0.2394670197553565
10155,0.2362067775171679
10156,0.2384307161079042
10157,0.2518695576054238
10158,0.2417263392249195
10159,0.2380195253734847
10160,0.2424204921895179
10161,0.2337850073691661
10162,0.2394186940611265
10163,0.2425003769204288
10164,0.2446681674804127
10165,0.2462116045027042
10166,0.2429923082501207
10167,0.2485355793787847
10168,0.2474907941227401
10169,0.2355679930720053
10170,0.2346434624236113
10171,0.2417399248590757
10172,0.2407319985674479
10173,0.2340583232268923
10174,0.2254739088908121
10175,0.2312825584303799
10176,0.2424597741831963
10177,0.2304323140202785
10178,0.2387432721045928
10179,0.2429752681886375
10180,0.2353347562696943
10181,0.2385393102753479
10182,0.2351577618270967
10183,0.2379307536459118
10184,0.2309080133770238
10185,0.237846125102621
10186,0.2341645381574182
10187,0.231408814709979
10188,0.2360029039081851
10189,0.2395117951452875
10190,0.238061271064961
10191,0.2317274705409006
10192,0.2351685960589077
10193,0.2415661161828465
10194,0.2361093201587946
10195,0.240706209326617
10196,0.2423453801231154
10197,0.2407238326077194
10198,0.2411593037168689
10199,0.23653021364772
10200,0.2289905365651266
10201,0.2396335510380856
10202,0.2451032018535373
10203,0.2338516444329413
10204,0.2309970520328122
10205,0.2414681653613916
10206,0.2353716936692289
10207,0.2352916993142775
10208,0.2371634217876539
10209,0.2335176930621728
10210,0.2390537261364948
10211,0.2402750171754588
10212,0.233319363239437
10213,0.2383610353106297
10214,0.2380366426649934
10215,0.2375625138464838
10216,0.2416119395215411
10217,0.2456585972350886
10218,0.2421950430911758
10219,0.2427326167897709
10220,0.2385350189666081
10221,0.2429327738300504
10222,0.2376645074972518
10223,0.2341175543654787
10224,0.2416930752580648
10225,0.2415930497146545
10226,0.2433548563452645
10227,0.2360432100068047
10228,0.230965202308528
10229,0.2373062384421791
10230,0.2352069628315383
10231,0.2340920638058784
10232,0.235110170274693
10233,0.2368775293703039
10234,0.2391168202059266
10235,0.2446072292062984
10236,0.2364760445891515
10237,0.2285705639081153
10238,0.2292600199663697
10239,0.240480322881482
10240,0.2361183446851129
10241,0.2360038582805516
10242,0.2365530052849568
10243,0.235919372562143
10244,0.2351104750897361
10245,0.241003605200968
10246,0.2356674243770674
10247,0.2332466326926085
10248,0.2357129493003398
10249,0.2320979029923333
10250,0.2425155484105794
10251,0.2434351378078491
10252,0.2312184571211255
10253,0.2349099353657269
10254,0.232651788640008
10255,0.2385123226022421
10256,0.2367299934667085
10257,0.2371698343773274
10258,0.2341475289997789
10259,0.2365426450543193
10260,0.2313773488863321
10261,0.2385592724900681
10262,0.2309800260201281
10263,0.2335696973510364
10264,0.2335367206877116
10265,0.2425238700972817
10266,0.2320612820362218
10267,0.2354521268164791
10268,0.2420815614459788
10269,0.2406218607865688
10270,0.2483712329178043
10271,0.2411505483563834
10272,0.2310695050942156
10273,0.2343979462038476
10274,0.2303473455368472
10275,0.2300016000934967
10276,0.2358945261874395
10277,0.2390545174256829
10278,0.2334858902312176
10279,0.2361502307887521
10280,0.2294328660353058
10281,0.227355970438482
10282,0.2344822065729331
10283,0.2318140916310471
10284,0.2406633317642204
10285,0.2308319645955945
10286,0.2324372654939245
10287,0.2330919061072569
10288,0.2364199094201401
10289,0.2310220210470147
10290,0.2383812659950242
10291,0.232650437627309
10292,0.2340759250378101
10293,0.2308539768980803
10294,0.233945658782992
10295,0.2389328018425962
10296,0.2369396146694719
10297,0.2334450181218821
10298,0.2372656709142647
10299,0.2374341378220582
10300,0.235711565625372
10301,0.2339449841457917
10302,0.2364942940527869
10303,0.2322617768555928
10304,0.2304858710626348
10305,0.2383154558941645
10306,0.2399824814082676
10307,0.2330424469188851
10308,0.2350365492681723
10309,0.2371669282516934
10310,0.2381730389032271
10311,0.2373003218320054
10312,0.2326733650661039
10313,0.2404552695010124
10314,0.2350108666046377
10315,0.2474150635007569
10316,0.2353760302457405
10317,0.2328510324101083
10318,0.2331301312113344
10319,0.2304594388004511
10320,0.2339334111757436
10321,0.230402369766875
10322,0.2303712565693703
10323,0.2363578375085887
10324,0.2388423436589387
10325,0.2429728591536505
10326,0.2338751828656138
10327,0.2307425196228443
10328,0.2324324189463212
10329,0.2426092948510034
10330,0.2369715864427363
10331,0.2296987440101438
10332,0.2371285749736129
10333,0.2420601467335733
10334,0.2348392882984717
10335,0.2303886160690372
10336,0.2331470147899869
10337,0.2306658918191403
10338,0.2470957308673399
10339,0.2383109849058854
10340,0.246836069774573
10341,0.2372896590661116
10342,0.2382674022437983
10343,0.2464522387821811
10344,0.2342638346490211
10345,0.240228095386571
10346,0.2323281906279062
10347,0.2389400415943494
10348,0.2370862608433525
10349,0.2389878092029121
10350,0.2340481552710547
10351,0.2442356393234489
10352,0.2402683712493537
10353,0.2520155907784325
10354,0.2426948008847586
10355,0.226637168855755
10356,0.2404020875868305
10357,0.2430657771873749
10358,0.2372059023591952
10359,0.2286890213260718
10360,0.2429136765036796
10361,0.2300544330319724
10362,0.2289392548132671
10363,0.2317521254354305
10364,0.2302367206491687
10365,0.2312359991167093
10366,0.2401775317830398
10367,0.2354830030747154
10368,0.22774562096973
10369,0.2309505642376535
10370,0.2382728759817153
10371,0.2360692229415177
10372,0.2400674660553474
10373,0.2340865318223964
10374,0.2352340126782074
10375,0.2391960648203073
10376,0.2345596029782982
10377,0.2380300925196222
10378,0.2411504332139075
10379,0.2384807400659951
10380,0.2410675636507441
10381,0.2314596809716305
10382,0.2309534629697195
10383,0.2323537962919543
10384,0.2376880261506569
10385,0.2330639549294407
10386,0.246912230932762
10387,0.2381169852236444
10388,0.2407053147183347
10389,0.2427576492340118
10390,0.2450342637997225
10391,0.2405669159998258
10392,0.2454154594306595
10393,0.2287448068970124
10394,0.2439591362691976
10395,0.2397863470373221
10396,0.2429228864371537
10397,0.2332601094362052
10398,0.2413713517302295
10399,0.238933256792997
10400,0.2396011558721863
10401,0.2390067116306511
10402,0.2252472695442672
10403,0.238332593206894
10404,0.2359291308497562
10405,0.2443778816955406
10406,0.2365916505433384
10407,0.2335855509741664
10408,0.2344705767381746
10409,0.2405177718567798
10410,0.2400674348118462
10411,0.2389764735075537
10412,0.2408602001038003
10413,0.2319459224330781
10414,0.2316333580791943
10415,0.2409951975476683
10416,0.2380351456144235
10417,0.2369385520624208
10418,0.2327734379096411
10419,0.2363928571631964
10420,0.2358926414820236
10421,0.229218975401678
10422,0.2344991652897683
10423,0.2319297431725689
10424,0.2312114604966815
10425,0.2369231324665978
10426,0.2333445256507357
10427,0.2355565066297923
10428,0.2384579965776721
10429,0.2356094974608382
10430,0.2299495306409139
10431,0.2265626920829592
10432,0.2304858292934698
10433,0.2304912074405654
10434,0.2341589936091208
10435,0.2342352083066971
10436,0.2374769777160082
10437,0.2403166549286396
10438,0.2360118279732851
10439,0.2274452261303116
10440,0.2335505788701933
10441,0.2331189601089857
10442,0.2462802182723425
10443,0.2419755241730024
10444,0.2412554546690902
10445,0.2408042129840862
10446,0.2326559258630572
10447,0.2293400379096087
10448,0.2395925642491261
10449,0.2398695697298138
10450,0.2267893962491728
10451,0.2301880298945836
10452,0.2305688197336732
10453,0.2477800827811778
10454,0.2368000304405067
10455,0.2342335996444661
10456,0.2418213824167353
10457,0.2382012577682619
10458,0.2366749540593115
10459,0.2394293036541553
10460,0.2300279085365296
10461,0.2380149656203042
10462,0.2306772223164508
10463,0.2329021068494349
10464,0.2312904542144751
10465,0.2321385378252827
10466,0.2367612469722576
10467,0.2418221156480827
10468,0.2448810610117147
10469,0.2384060718064745
10470,0.2354482115898083
10471,0.2355877988485614
10472,0.2417968296018024
10473,0.247955482982136
10474,0.2362902426992728
10475,0.2343192196766433
10476,0.2354974569792632
10477,0.2367965336078786
10478,0.2347741166801369
10479,0.2467174865406639
10480,0.2342526361593527
10481,0.2388635535870532
10482,0.2373148083796251
10483,0.2414722821343234
10484,0.2451344573656607
10485,0.2376013936033259
10486,0.2319953680616543
10487,0.2379972159703771
10488,0.2330485822496382
10489,0.2354542996247439
10490,0.2307261324475946
10491,0.2312985465305754
10492,0.2341476257764615
10493,0.2394549172835144
10494,0.2329266031205592
10495,0.2344940696014472
10496,0.2313061026579901
10497,0.2384768365251853
10498,0.2329135751945357
10499,0.2410891800575985
10500,0.2419915466394702
10501,0.2431037417404968
10502,0.2403907917749431
10503,0.2354027055993895
10504,0.2330548531413231
10505,0.2325090605421428
10506,0.2276898609781003
10507,0.2292390951394348
10508,0.2242732796229921
10509,0.2287679113730952
10510,0.228241565375201
10511,0.2339253126560586
10512,0.2397823168596408
10513,0.233417102746595
10514,0.2389455838062237
10515,0.2357551629545449
10516,0.2326345500053493
10517,0.2342961121459217
10518,0.2339131653808817
10519,0.2427673650200585
10520,0.2481336940535499
10521,0.2421129853628635
10522,0.2258148601434329
10523,0.2297650428910054
10524,0.2431059080650853
10525,0.236344940408696
10526,0.2311414128585243
10527,0.2457920358410039
10528,0.2423627292814635
10529,0.2395947334029017
10530,0.2410662260260498
10531,0.2298296397606311
10532,0.2360435183929473
10533,0.2388046368494172
10534,0.2420242228950027
10535,0.2332854138008691
10536,0.2343858179746254
10537,0.2331649173175416
10538,0.2345278316813923
10539,0.230604161262378
10540,0.2354301521838518
10541,0.2339859539804329
10542,0.2294615960597972
10543,0.2348005407220031
10544,0.2316619515100184
10545,0.2282828509562191
10546,0.2328639551252762
10547,0.2389417298650183
10548,0.2364637175271528
10549,0.2377348361776291
10550,0.2375951883653868
10551,0.2446162673869401
10552,0.2371477153128234
10553,0.2334956312044032
10554,0.2366919724161503
10555,0.2344816748755331
10556,0.2338592148172399
10557,0.2314395847356291
10558,0.2352645881339052
10559,0.2294304079660954
10560,0.230494262700513
10561,0.2364991581707639
10562,0.2347880360704997
10563,0.2406035749346758
10564,0.2317662991185629
10565,0.2413800540430253
10566,0.2357333289093008
10567,0.2350484393039928
10568,0.2359755843045571
10569,0.2398665797892518
10570,0.2358974237018195
10571,0.2397512880925371
10572,0.2356308533037429
10573,0.238851264428356
10574,0.2364691369146049
10575,0.2408545422423091
10576,0.238818322303734
10577,0.2289864853768038
10578,0.2368513051465446
10579,0.2362490457772732
10580,0.238099763376372
10581,0.2349376739220987
10582,0.2374479410099865
10583,0.2348859619585315
10584,0.2352338319007234
10585,0.2345287975223212
10586,0.2277391298836371
10587,0.2257369436734381
10588,0.2377156742205463
10589,0.2452310862144739
10590,0.2386134914607882
10591,0.2318761024815567
10592,0.2317455119395955
10593,0.2264776349336734
10594,0.2262845716742114
10595,0.2346898113673085
10596,0.233593891168804
10597,0.2279983116636137
10598,0.2279095044422596
10599,0.2282236684908959
10600,0.2263655957665179
10601,0.2341425446867437
10602,0.2253260840707313
10603,0.2374153915291163
10604,0.2333408945067427
10605,0.2386945300727934
10606,0.2358374612264995
10607,0.2378708248822786
10608,0.2401244340830851
10609,0.2366729958712022
10610,0.237906373499761
10611,0.2375723282950113
10612,0.2384803118792822
10613,0.2408450216162601
10614,0.2343341066674676
10615,0.2386691176792525
10616,0.2345193215367525
10617,0.2349903479980593
10618,0.2350721213133036
10619,0.2363658918407989
10620,0.2347294503241887
10621,0.2330325849377766
10622,0.2341737717802257
10623,0.2321496350557943
10624,0.2273017913772026
10625,0.2342494028689012
10626,0.2380972476665916
10627,0.2282333252193272
10628,0.2267760084000819
10629,0.2339066695939403
10630,0.2329666992965018
10631,0.237463345079426
10632,0.2334783945244412
10633,0.2340852426398209
10634,0.2410509890961916
10635,0.2284050406953391
10636,0.2305199986966156
10637,0.2300306580006588
10638,0.2275706656110038
10639,0.2290187730588538
10640,0.2336565170030928
10641,0.2344395131775504
10642,0.2363624873335997
10643,0.2339924317183348
10644,0.2429273484285336
10645,0.2296768075118813
10646,0.2304725780961422
10647,0.2298807173449582
10648,0.2405930754848981
10649,0.2276179171688361
10650,0.2411155754154627
10651,0.2336832145407203
10652,0.23428066260132
10653,0.2343682738863059
10654,0.2226337626339806
10655,0.2196804734890555
10656,0.2322926624722925
10657,0.2344938176352358
10658,0.2315276401296804
10659,0.2326446393475204
10660,0.2362618451117832
10661,0.2341742471984679
10662,0.2273770227017029
10663,0.2290372058339909
10664,0.2260112769382561
10665,0.2331584796810091
10666,0.2268797730400992
10667,0.2304513599520279
10668,0.2324159627307374
10669,0.2364084345828973
10670,0.2305632643062503
10671,0.2367051557288704
10672,0.2314788467569472
10673,0.2234157267850867
10674,0.230028868565645
10675,0.2327397519186979
10676,0.2371131614774188
10677,0.2336328470192138
10678,0.2322628448101768
10679,0.234086029098981
10680,0.2295187391875584
10681,0.231518496767409
10682,0.2300659252235879
10683,0.2307427546255221
10684,0.2351377842595747
10685,0.2371410959777722
10686,0.2332120600031861
10687,0.2387090036035993
10688,0.2294274202062211
10689,0.2286954578960894
10690,0.22773424919855
10691,0.2251756117752862
10692,0.2260173620668671
10693,0.2324648211878024
10694,0.231199027823699
10695,0.2315628065612241
10696,0.2360171964758721
10697,0.2235699297253899
10698,0.235087444189406
10699,0.2371927989363636
10700,0.2265967461529874
10701,0.2375776579523768
10702,0.2364225736176763
10703,0.237329799611228
10704,0.2281218556797023
10705,0.2361868533788515
10706,0.2318844369880957
10707,0.2340799886646122
10708,0.2299613963177149
10709,0.2376672411241591
10710,0.2311668397000426
10711,0.2268165454468654
10712,0.2360686615242915
10713,0.2260354692627144
10714,0.2264872290189523
10715,0.2328171205001567
10716,0.2296870656124962
10717,0.2314177397426618
10718,0.2378563926530599
10719,0.2289723804116379
10720,0.2322316060760005
10721,0.2342658305131574
10722,0.2394359673083899
10723,0.2286530604283548
10724,0.2279278248510673
10725,0.2294884536121704
10726,0.2223365031792152
10727,0.2293292688771724
10728,0.2407826319796217
10729,0.2250116192815917
10730,0.2266792427128264
10731,0.2296024063718313
10732,0.2359094977678534
10733,0.2351208482954216
10734,0.2262873316189154
10735,0.2314117215395759
10736,0.2282594052493682
10737,0.2343894611918806
10738,0.2314097852260245
10739,0.2285189146388704
10740,0.2304817238926444
10741,0.2277946314754309
10742,0.2257913890586258
10743,0.2288614873177148
10744,0.2265566702837497
10745,0.229829377991397
10746,0.2360576263556919
10747,0.2337629554921819
10748,0.223196553926388
10749,0.2280850312503846
10750,0.2303244790864619
10751,0.2284434010103686
10752,0.2309252692913586
10753,0.2329296837848111
10754,0.2316589881694597
10755,0.2281390476068144
10756,0.2325163706676178
10757,0.2292912240960394
10758,0.2378194724116457
10759,0.2253851344526235
10760,0.2349889101325893
10761,0.2291315127100116
10762,0.2351282982526301
10763,0.2323071599320091
10764,0.2297949994487531
10765,0.2341912413481506
10766,0.2339376020260173
10767,0.2315309020639462
10768,0.2347009614955294
10769,0.2362662429470318
10770,0.2382542338179489
10771,0.2294758255430077
10772,0.2295038031011419
10773,0.2327480921483223
10774,0.222503610251707
10775,0.2443092406844759
10776,0.2339282884834924
10777,0.2278178083369934
10778,0.2381884276483824
10779,0.2320356213728365
10780,0.237159193553428
10781,0.2347781042973863
10782,0.2146685277130164
10783,0.2228466793671493
10784,0.2323142366632372
10785,0.2263411564008706
10786,0.2207459808392675
10787,0.2236702243193627
10788,0.2324475494181535
10789,0.2235696576370148
10790,0.2258546230345533
10791,0.2295739561482224
10792,0.2294228077791975
10793,0.2409221265995562
10794,0.2342132630957509
10795,0.2334666852979446
10796,0.2373007658511581
10797,0.2281787874900239
10798,0.2321310269444521
10799,0.2335795844004309
10800,0.2444651485989096
10801,0.2345321164854472
10802,0.2297016621637655
10803,0.2353983026598967
10804,0.228035159547276
10805,0.2280465407804879
10806,0.2364322726821789
10807,0.230713359754962
10808,0.2332560086311966
10809,0.2291739822871029
10810,0.2314599495488873
10811,0.2247067256437329
10812,0.2301839970781011
10813,0.2279067991142983
10814,0.2332093342335875
10815,0.2209751652136677
10816,0.2300672031760679
10817,0.2307726005841702
10818,0.2205255395562154
10819,0.225881597932697
10820,0.2355504140638758
10821,0.2296805967803052
10822,0.2309724158939934
10823,0.2300992386975957
10824,0.222327516788093
10825,0.214510483411414
10826,0.2289183197277355
10827,0.2338001041579634
10828,0.2284250625549543
10829,0.2253686926289442
10830,0.234047338739267
10831,0.2395401623864725
10832,0.245953669151905
10833,0.2283019787557846
10834,0.2345289587417419
10835,0.2394668203646167
10836,0.2335247794668507
10837,0.22275191479524
10838,0.234777073580807
10839,0.2392047487551984
10840,0.2232249085178164
10841,0.2298412946917046
10842,0.2226816611863468
10843,0.225944259233719
10844,0.2299092650620121
10845,0.2299497121301571
10846,0.2218516834235499
10847,0.227996556938146
10848,0.228545555752429
10849,0.2271280587707291
10850,0.2273074590027029
10851,0.2298598793934995
10852,0.2204083619452478
10853,0.2235283107491097
10854,0.2242915675442843
10855,0.2283528538858281
10856,0.2272392916272021
10857,0.232355564641109
10858,0.2366388118470305
10859,0.2239794253141082
10860,0.2283957630609723
10861,0.2360034372059244
10862,0.2217631151768484
10863,0.2255615019799442
10864,0.2270572980920013
10865,0.2281880687002629
10866,0.2280278441377473
10867,0.2227471715022126
10868,0.2237400475962143
10869,0.2294272102847212
10870,0.222106156537868
10871,0.2239873926836378
10872,0.2251348674130086
10873,0.2331989965649112
10874,0.2299052942434697
10875,0.2229063943829355
10876,0.2276995448110963
10877,0.2245690924709655
10878,0.2263850238773262
10879,0.2360193426765146
10880,0.2285274331237727
10881,0.233381898441685
10882,0.2235358856400966
10883,0.2314230703176066
10884,0.2275119496799474
10885,0.2378964846236709
10886,0.2347383384403105
10887,0.2398605013538608
10888,0.2393912329877
10889,0.2429851212313956
10890,0.235384472770132
10891,0.2376572848725776
10892,0.2307072458162699
10893,0.2310640154076719
10894,0.2242624003141084
10895,0.2323365903758042
10896,0.2263012893641864
10897,0.2305588654715872
10898,0.2283462281110933
10899,0.2238114048646444
10900,0.2207532885004045
10901,0.2280866412179942
10902,0.2207886893043346
10903,0.2266110045180779
10904,0.2275892345010852
10905,0.2203787193231065
10906,0.2278750792411234
10907,0.2190666253278778
10908,0.2221070712467405
10909,0.2275134799627471
10910,0.229156002046407
10911,0.2255463080341343
10912,0.2296580607720956
10913,0.2245584467744963
10914,0.2226583125266187
10915,0.2246466913017968
10916,0.2275127316882739
10917,0.2274401366676799
10918,0.2268202078777694
10919,0.2236525275917224
10920,0.2335058743235954
10921,0.2324599305316229
10922,0.22476085717755
10923,0.2289049594180888
10924,0.2307746986837063
10925,0.2319423866822079
10926,0.2338335802317667
10927,0.2291834243793977
10928,0.2321170705087237
10929,0.2289326705314121
10930,0.2371867472794285
10931,0.2399492218552476
10932,0.2270772179595959
10933,0.2254838076199556
10934,0.2303323134547905
10935,0.2260876315374042
10936,0.2232998771765504
10937,0.2266096670450378
10938,0.2338462384873177
10939,0.2197111844707363
10940,0.2294645718348037
10941,0.2286479890782988
10942,0.2298004406000178
10943,0.2284682473050904
10944,0.2250404402855716
10945,0.2235962313991706
10946,0.2322055144479924
10947,0.2280221296943847
10948,0.2281181289613147
10949,0.2353340676228187
10950,0.2280444817892928
10951,0.2296908285499795
10952,0.229710432009649
10953,0.2281000256617898
10954,0.2302100964199198
10955,0.2242831067592671
10956,0.238856461577511
10957,0.2248781027098997
10958,0.2307372419036776
10959,0.23636403136607
10960,0.229361110337942
10961,0.2268121356304896
10962,0.2414235736303389
10963,0.2299605965833905
10964,0.2316766219624001
10965,0.2294022260899643
10966,0.2340920862438897
10967,0.2287973654153758
10968,0.2276113802992061
10969,0.2383851868208049
10970,0.2268044744438052
10971,0.2256901783666954
10972,0.23764553696212
10973,0.2251267219996142
10974,0.227132070409335
10975,0.2174743971920482
10976,0.2355103359388566
10977,0.2263976705457885
10978,0.2299334705652153
10979,0.2307535869546508
10980,0.2289968490322525
10981,0.2344161304375507
10982,0.2238274223497859
10983,0.2265023588140759
10984,0.2268103352638019
10985,0.2232910383833819
10986,0.227325983904745
10987,0.2279455394947215
10988,0.2320768711858945
10989,0.2315881441743788
10990,0.2284582902531187
10991,0.2287938522884991
10992,0.2323751481938608
10993,0.2305846159709882
10994,0.2219080398773801
10995,0.2214246228278323
10996,0.2341168799106875
10997,0.2249747312037525
10998,0.2374100409288151
10999,0.2282426010849289
11000,0.2368979366345426
11001,0.2212829233597257
11002,0.2297211926569469
11003,0.2365809556027204
11004,0.2311049981676362
11005,0.2303814847714066
11006,0.2272478766115062
11007,0.2278411373124581
11008,0.2299921431412344
11009,0.2242733529179205
11010,0.2373044139138111
11011,0.2240672802399561
11012,0.2280543670030012
11013,0.2254336906939468
11014,0.2280365802454873
11015,0.2257916809897746
11016,0.2244606668180576
11017,0.2298478892538131
11018,0.2312081002304055
11019,0.2171324438987355
11020,0.2270681570697107
11021,0.2283235597765133
11022,0.2157355228796012
11023,0.229284795313769
11024,0.2207616664971259
11025,0.2227852040622677
11026,0.2259699013828285
11027,0.2322648982300949
11028,0.2240528784900669
11029,0.2243804844808286
11030,0.2220178960607411
11031,0.2219514468895607
11032,0.2233939562901511
11033,0.2315082694955309
11034,0.2223792591304252
11035,0.228773299641642
11036,0.2279738720113999
11037,0.2309706224905169
11038,0.2263064430000627
11039,0.2351587547248789
11040,0.2317372253665157
11041,0.2338340483544056
11042,0.221932265957246
11043,0.2316484449995793
11044,0.2254603076160373
11045,0.2357301456048323
11046,0.225717297436455
11047,0.2293541107395946
11048,0.2262939119506882
11049,0.2362334928729909
11050,0.2304629672318469
11051,0.2295461916409998
11052,0.2303003880143398
11053,0.2277597520115418
11054,0.2300874890669403
11055,0.2321799273925022
11056,0.2307454340292291
11057,0.2259033006782813
11058,0.2326437791327237
11059,0.232315799134019
11060,0.222848301844946
11061,0.226227530362092
11062,0.223531382254443
11063,0.2389512492088045
11064,0.2229412620086699
11065,0.2213344479827813
11066,0.2324442720807708
11067,0.2230724342966898
11068,0.2315178987267411
11069,0.2288626780365862
11070,0.2250187454860542
11071,0.2337481518305685
11072,0.2258246867447436
11073,0.2305782424984814
11074,0.2206579769083174
11075,0.229975544831817
11076,0.2217088453025142
11077,0.2261944119453823
11078,0.2350732176611893
11079,0.2257281620407934
11080,0.2253356239542233
11081,0.2167465861574779
11082,0.2284926026749899
11083,0.2283981151401304
11084,0.2328596657946537
11085,0.2251275925633474
11086,0.2185247984355223
11087,0.2158133904715486
11088,0.2144852484319162
11089,0.2201559213369157
11090,0.2350143288424396
11091,0.2232446057933735
11092,0.2295176791956491
11093,0.223990073118538
11094,0.2206396984867549
11095,0.2342831956704469
11096,0.2268282437036337
11097,0.2352094780661431
11098,0.2286026393811817
11099,0.2272379627917886
11100,0.2323560619210291
11101,0.2341661500253956
11102,0.227895669944585
11103,0.2249399356344367
11104,0.2331046531418501
11105,0.2213910148849555
11106,0.2241250911083143
11107,0.2233129131961464
11108,0.2262941229496795
11109,0.2356976562236327
11110,0.2255163046855808
11111,0.2334170941424763
11112,0.2333985173667386
11113,0.2300529325578712
11114,0.2329792678692351
11115,0.2267769406362253
11116,0.2297777167433309
11117,0.2250869261969443
11118,0.2386109650396207
11119,0.2309321809303019
11120,0.226662094404301
11121,0.2367485435564727
11122,0.2351847704131104
11123,0.2283230645479179
11124,0.2286675479795596
11125,0.2345633587426158
11126,0.2316144482544458
11127,0.2180643476689235
11128,0.2325810096375105
11129,0.2186660403378539
11130,0.2248847189756521
11131,0.2211041403673528
11132,0.225614816074316
11133,0.2264664662118469
11134,0.2289568278800497
11135,0.2270299764239497
11136,0.2275820502974331
11137,0.2301494655367787
11138,0.2199900361911588
11139,0.2177052960403322
11140,0.2233516502919039
11141,0.2259319095915233
11142,0.2286499302753493
11143,0.2340043292846093
11144,0.2276524228163421
11145,0.2255290687307889
11146,0.2308367603813514
11147,0.2264945894435547
11148,0.2244008326252976
11149,0.2360769864315734
11150,0.2332598984330351
11151,0.219459752762641
11152,0.2194563121273884
11153,0.2282539228398721
11154,0.2254977433807778
11155,0.2195596518991538
11156,0.2262732457359329
11157,0.2386431218736534
11158,0.2367806185261797
11159,0.2274896399347437
11160,0.2320306176922767
11161,0.226058553719221
11162,0.2271867819364157
11163,0.2251113335946843
11164,0.2185108573322058
11165,0.2187204333368339
11166,0.2291205172909983
11167,0.2237786642090482
11168,0.2261808864653892
11169,0.2220227814469358
11170,0.2263168384290817
11171,0.2284000081499894
11172,0.2212011246783342
11173,0.2244741671436092
