aval,lambda,lambda_sem
0.7525,-0.1228775605790344,0.007671416734876142
0.755,-0.05889916598772038,0.008705960773044624
0.7575,3.3291969857056235e-5,0.00916855677954936
0.7625,0.11933587926245401,0.009205504400994885
0.765,0.18229389772146082,0.008499673440317079
0.7675,0.22238243393819862,0.008051088067740478
