mean_lambda,std_lambda
0.29080594988414527,0.2966928074442531
0.3188759950841646,0.2964950837352939
0.3636324804519699,0.27529642372565905
0.36575806135613714,0.2435746345232208
0.36071567334586485,0.23953491661306933
0.3679385442740072,0.2367424868053688
0.358157859085522,0.2300945904886997
0.3509688797305066,0.24074793990200297
0.34901756586794713,0.22959864163478869
0.35309826873041533,0.23008077739782964
0.3601096884804231,0.2302257800681218
0.3471225487300753,0.23172774918681266
0.3622807801297843,0.2284768810973449
0.3392903056946313,0.23383361267330297
0.337931916376335,0.23813965627491587
0.33368282200021143,0.24128653865451216
0.3315145008028813,0.23908283680692966
0.32235275360068655,0.22722816406433152
0.3205720874854721,0.2407294402538011
0.33095817885829515,0.22679541898303943
0.33030907746568416,0.23080473774545213
0.32737077752168764,0.23323427947254782
0.33992141637053425,0.2318814538806327
0.32986653939403143,0.22935089859791047
0.3291900142289163,0.22629200100327115
0.32717980139681807,0.2325398105420784
0.33320122628302506,0.2296293206952231
0.326238918346572,0.22623639882158184
0.3344142024491677,0.23363909773804054
0.3272874592335771,0.23574303140247188
0.3339202253272188,0.23894663714945644
0.3299880038364531,0.23213745900651772
0.3186928717279757,0.2234722931507675
0.32272283316601297,0.2373168922107471
0.3242652307494365,0.2352828290620991
0.312615818777101,0.2371921191314545
0.3235864266337217,0.2406884044560595
0.31369073295985206,0.23844088665322308
0.3304874848933964,0.23660008655325546
0.3301158222944167,0.2350228882890993
0.31972920920323566,0.24084638437769382
0.31199427509926275,0.2405862486841867
0.32396312662515253,0.24245182624774844
0.3241436914706303,0.24216676903868783
0.33236858627734595,0.22935177344929422
0.3210466400740209,0.2596521822489557
0.31190186878870474,0.2402201581666346
0.3140545725929753,0.24397312003453012
0.3233540912593524,0.22942778450316623
0.3243205734686311,0.24851082904394808
0.30347637855720955,0.24484161510415095
0.3171408322080977,0.2375663833615706
0.3162905902195153,0.2401245404258945
0.31578446683519157,0.24320338191776864
0.3304430255955107,0.22912089671427102
0.3002487150937516,0.24903587016991297
0.3224382013735417,0.2307034939568572
0.3046513011604986,0.24988300441042863
0.31961308893705453,0.23840780591182756
0.32033233963953983,0.24070357272882711
0.3283743631902077,0.2329386342515672
0.3348226117384145,0.22700310189262105
0.33227156105443334,0.23596658802042142
0.3175063061180907,0.24323204814643185
0.32012548396628426,0.23106555312041419
0.33269654108282093,0.23940744858332935
0.32645850382024594,0.23572842348739992
0.33398250676886926,0.2308929114520233
0.3180146483146198,0.23633122081542404
0.3266923916340385,0.23978682569290272
0.33048794638889617,0.23325395925494832
0.3286285691614063,0.23521556810267738
0.31958628075125417,0.24495735755486103
0.32120540107520723,0.23119508645772255
0.31508624238537664,0.23644398695075644
0.3208899187298219,0.2266347435292847
0.32978363084520396,0.23566145806787547
0.3199099720972455,0.23507450584991776
0.3140280347865459,0.2391389360202807
0.33052680103333126,0.2324080958400634
0.32173229103823425,0.24285218928502128
0.32372410225013587,0.2311925790299623
0.3208485973774662,0.2358607310378785
0.32012248456761744,0.23669177788244164
0.3195054384506177,0.23700201348175315
0.3240059654665669,0.23728333842176438
0.3118299906025152,0.2383124091628365
0.3309728472051487,0.2234941619162814
0.32384131050651294,0.2356118922687837
0.31875339544418685,0.22837960460735837
0.31603555221168167,0.23118233406272895
0.3269969348459497,0.2345746844665008
0.3238465282979034,0.2251122769788928
0.32276906336533756,0.2416361340961373
0.3297377342992503,0.22479198708191897
0.31812149910775067,0.2334904182986209
0.3228330163476595,0.23243276424109943
0.3290961257903468,0.2276499918908468
0.32792213033889134,0.23797247315914802
0.31896360279045577,0.23119266746082084
0.3308849202227641,0.23751908642405975
0.34365009545386177,0.22353046243871696
0.33762548545996307,0.21453316069167008
0.3279434792379608,0.23312051379747492
0.31326476645437196,0.2301522075776938
0.3360583111023805,0.22125094871521842
0.3386296239652901,0.23494454093060282
0.333158857416708,0.23300705780804537
0.3357118762684364,0.22101517546575244
0.33043104795921113,0.223799257449858
0.3275723177333787,0.22828242066954785
0.3258304721561018,0.2312434853469385
0.3341839438258882,0.21979145442730172
0.3228788970987455,0.22963226063614134
0.3281900182149314,0.22701493382760785
0.33499005474945925,0.22273638393729184
0.3321895301087549,0.21832280564939893
0.33766510757867507,0.230051303309049
0.32803317844500207,0.22633637696804096
0.33085726968901336,0.21875864789073948
0.342880914678211,0.22938488315081826
0.3264536495108779,0.23278370389708694
0.34330724504971427,0.2263331071692294
0.34185016029246384,0.23188345789205173
0.3313816531767301,0.22804526480845105
0.34164998121982254,0.2242022036277568
0.33381364158203797,0.22488238715729336
0.339364575491589,0.22464881709253187
0.3253828590693038,0.22981622197924706
0.3441114165347844,0.2231819450347652
0.34235155904340936,0.23498089888693982
0.3417387843136061,0.21928588116098263
0.3384081666342501,0.23084978837442308
0.3479324006149817,0.23091387694001025
0.3381430179342888,0.22345890032891993
0.33147412737972665,0.22148693800666674
0.3295599672873176,0.21882472269479125
0.3390564194171233,0.22205976293039756
0.33190742251859784,0.23133542354565034
0.32552614975526867,0.22962081037855603
0.3327100690205375,0.22387104577259515
0.3355134939683358,0.228129611113193
0.3394491706019414,0.23115725989744626
0.33770009000002255,0.22649038088037016
0.33068318962744936,0.22723778821029172
0.3344566409125414,0.21847555676658956
0.33436004026830213,0.22629898656153483
0.32692458379014167,0.2368765295201807
0.3307025636818939,0.23144283194080958
0.3318544516705905,0.23113954060628386
0.33935359499783624,0.23544481859353725
0.3263141047682697,0.23724952990651615
0.3288636933315364,0.2292916758435164
0.31605105372549785,0.23357405539638373
0.3326443516903736,0.24096465133798262
0.3377788758000284,0.23307483462734455
0.3389615599569369,0.22722432729734435
0.3187633117470892,0.23681549443243768
0.328536294467816,0.2201533477048103
0.3370283537428541,0.23338437286627214
0.32867144865746567,0.23789341270516895
0.3489362420162256,0.22353830571309655
0.3359634244886789,0.23370230434144298
0.3293107695514118,0.22645292777909018
0.3441192523812574,0.22890567995550012
0.3339336885870659,0.22264235600997875
0.3433604734674774,0.22893949634725574
0.3232530898027814,0.2415700104687768
0.33197067186889107,0.2243182784604392
0.3187344603359948,0.2313982768589389
0.3240805301517578,0.2274810638041087
0.32839447667570626,0.22575025625761963
0.33467789910796797,0.2397115011971094
0.3285785819129807,0.22951204438435782
0.3370123473292775,0.2346141492957471
0.33455783345173307,0.22784195189370923
0.3274807599842997,0.23163002602045632
0.332569897362293,0.23759287407633975
0.322010978637778,0.23285430136096666
0.32322065344254125,0.2303519200035298
0.3297323941599716,0.24003351272037202
0.3304231781449135,0.23273798263639348
0.3290884167182222,0.22860464939681707
0.32420468776699934,0.23792570925210008
0.32441556012431555,0.2375513041203455
0.32882687244089387,0.23456367899470631
0.3148781891442506,0.23348308026617948
0.32703397458891625,0.23839948615031736
0.32272664453285616,0.2354016221011704
0.319378360050831,0.2284830706826085
0.3198059641009013,0.25022672319065137
0.3267687435390843,0.23487169441659453
0.3283534683667154,0.24305592753396849
0.32927638344637605,0.2333004439949459
0.3237188978907047,0.2316507943291493
0.33050227332372767,0.24020639821403508
0.31719014239144255,0.24664647149850277
0.3278144155456342,0.24452901953503478
0.31606937183517736,0.24396912266560064
0.3294806778226212,0.23099349746588888
0.3224271119257295,0.23471189394911804
0.33523101895568774,0.2323669406203128
0.32619395220034186,0.24843282984112883
0.3320941722644499,0.23126947255328842
0.3198906457557735,0.23350458496732893
0.3343344519484875,0.23676560945083733
0.341879270397372,0.23941596870491205
0.3353817004299612,0.24271233809378298
0.3304344526357702,0.24194362368309827
0.31690894083305265,0.24252593474976758
0.3184719703468264,0.24240093202856228
0.33131177898195835,0.24747203606596777
0.33014234604912684,0.2373947603453291
0.3366526038379522,0.23549161471513214
0.32654411668300637,0.23603581261756373
0.3341875724486983,0.23350160120759497
0.330297389574943,0.23881689588173063
0.3248763221567612,0.24205846950251125
0.33542020960384744,0.22906037747939012
0.3323670467882593,0.24012996404033476
0.3305776099005164,0.24438847779982087
0.32820901001246433,0.23987452782716787
0.3452339167975639,0.23057050711685295
0.3410779330595323,0.23592967502985632
0.3334347456378951,0.2277703563384252
0.31619775013913487,0.24790045652598205
0.3211742837935747,0.2334040829447533
0.31204562105332734,0.2361259532096156
0.32699072055145195,0.22945949285051198
0.33163371444954887,0.24344663320502585
0.3224432788376658,0.24422972402864446
0.31409314072188194,0.24344762893721705
0.33022190197556034,0.23785669601585124
0.33091283419137485,0.23393567208619315
0.3276143306716108,0.23339725492871266
0.31502874916481055,0.2441893896431225
0.31797268106214227,0.23523758024322589
0.32841572247313267,0.24217053982790174
0.3293562582593655,0.23666536681802047
0.3149438863384302,0.2414387992379732
0.3274871696272881,0.23561286193539063
0.33736535441879695,0.24071380058422207
0.3118031640391228,0.24475564480919007
0.32978114040328643,0.24419428556115325
0.3221680347727886,0.24340563113840352
0.3247639663485204,0.2398933908214079
0.30427949686793887,0.24235180278835908
0.32538451015387787,0.23924941158635984
0.2982313489618779,0.25104626699673666
0.3197934809843504,0.24167639593735313
0.3302541624472809,0.2318910720128043
0.32355488873878147,0.24952768668412612
0.32266417172344997,0.239260944027383
0.32764237229991683,0.24728493182829914
0.333513784271148,0.24695780540584086
0.32829553819013046,0.24494857371629414
0.3271463254262398,0.23693188183335495
0.3255161239572156,0.24484061704629398
0.3146716728882607,0.24001544715103768
0.3214718183245343,0.24153787201350674
0.3229478093728258,0.22783485956846705
0.32242314212838663,0.24861022819126594
0.31943362668315206,0.23580888382921605
0.31817943476571947,0.24170002074437524
0.3222622197058514,0.23359058896943347
0.31526421016126516,0.23349226040614668
0.3237342232548655,0.24275064500427115
0.31419888824517606,0.24627269940270416
0.3276915078386046,0.23872505790704027
0.3140451500733075,0.24567376785985026
0.31869854600047576,0.2326728181267782
0.31733887119013676,0.24078369425033028
0.31335103373700174,0.24483739050929207
0.32792187332580164,0.23252736421098064
0.3161216733960787,0.23564584678969383
0.3205467864868645,0.23861933922679623
0.3167888070713144,0.25466418683184716
0.3173883749842266,0.24105330286526824
0.32297683110750897,0.2451926642257249
0.31533310207538895,0.2507912815670044
0.315509471884765,0.23721582610276268
0.32877381205859796,0.24999747261595218
0.31331355754039675,0.24622906436235345
0.316780347060913,0.24014779235809358
0.317080889529665,0.2544148046899721
0.3205867727710324,0.2470927239995845
0.32231551061698127,0.23850026876633448
0.3061474097957702,0.24813942187643923
0.3111818870605784,0.25157466446232823
0.3108841344320399,0.25139162086918315
0.3217867700074311,0.24238107259819908
0.31097697880035363,0.2588763397949531
0.310370544755537,0.25047981189943547
0.32101946791241476,0.24130506701548077
0.3350172414263885,0.23637414021838926
0.32183642680303415,0.24695552093845305
0.3280750850701787,0.239247776206322
0.32029180781114813,0.24700734468949045
0.3208871116263002,0.2403409374411619
0.32082653586845894,0.2542261077052624
0.316024707677294,0.25006913238060874
0.3219946550643818,0.2526097045099939
0.3164336481659928,0.24771789844087638
0.31812467942197287,0.24140320357310976
0.31264249616276235,0.2445836677897045
0.32028307223727037,0.24751327934101455
0.3133706807941449,0.24289069153236467
0.3168896940312084,0.24181914552787706
0.3143827753283896,0.2541653029491687
0.3124872524823317,0.24983854361046806
0.3090705824724422,0.24845972943742403
0.30243455238106326,0.2464742976514968
0.307522293938189,0.24711656444572191
0.30413208380836815,0.24448164296913827
0.3048769052276521,0.25134173283236194
0.30803330462015655,0.24422765845931657
0.31169491979740593,0.2523143207042504
0.3127164666186618,0.2426751437816778
0.3095294186291939,0.25148283559677026
0.3027826697617011,0.256604366615791
0.31424243325909657,0.2501798436178542
0.31259589563898654,0.24859390710925514
0.32083764109508517,0.23852582170798675
0.3004822603097217,0.24851622101316
0.3039504313281575,0.24942985297052692
0.3182957968153111,0.24754667683445933
0.32049603350091893,0.24430685363873245
0.3107625644891725,0.25458876291843957
0.311154923715969,0.24433047582094733
0.31909947873983857,0.24714792773703934
0.30986462297596884,0.24791889902473987
0.32339904051722695,0.24937384182870484
0.3116452903589432,0.2446698001080292
0.32142017452623767,0.24488490270276328
0.324343165207099,0.24118047444312526
0.3121257976971317,0.2491116166415677
0.32370548080816575,0.24117774545247037
0.31262588755818504,0.2565076972718087
0.3110910796447682,0.24630756792321382
0.3159983795988211,0.2503367086463863
0.3137033560192208,0.24442351032116405
0.3224566875473471,0.2421098412070356
0.32194753581342916,0.2522395511433216
0.3150125398447643,0.253794932175546
0.31058903082261885,0.2395931265957276
0.32605610649316824,0.25196864307027916
0.3214093847734247,0.24425265983163108
0.3327737143725174,0.2444305939976919
0.29710084432240685,0.25660820391155814
0.3206041061773995,0.2505871822732968
0.3232648194276939,0.25543605752399634
0.31566394583093255,0.2519391996426855
0.30766912780053735,0.2516192332824107
0.3190328708928025,0.2469677454761694
0.32152120584070204,0.2598061696061131
0.31713137021567467,0.2558480883192373
0.31965082632803465,0.24009767849101654
0.3218125470129079,0.2508050067718397
0.3114560692412507,0.25113063929623997
0.3146130416073608,0.24622337789662482
0.3071137119636312,0.2509345770439127
0.2959643607649849,0.2372141515202738
0.31128991149811286,0.2499354553250852
0.31110843467020816,0.2502572204404134
0.31172409731683826,0.2489712291305119
0.301457414388792,0.25074056440865083
0.31209960448354446,0.2519024269451316
0.31221538866470194,0.25776244252436464
0.31605698198781806,0.2534337074578902
0.30949898595306835,0.2578007738161803
0.3076702444998452,0.25601917614393055
0.31007090220268074,0.2537450022701005
0.3165185709528996,0.24948628713700124
0.30249724837139735,0.25455700390913505
0.3055843472314105,0.2536040198261457
0.3151197494255811,0.2507608617274994
0.3061092964203626,0.256381937333765
0.30653230164608813,0.2445340676912809
0.3050696821619963,0.26018251128605424
0.3040402965051804,0.24628226337942205
0.3141007893725806,0.2505473494329509
0.30681892765789365,0.2521184647341534
0.3025211553413597,0.25042297596127616
0.31581302012178164,0.25008064663843427
0.31386791418181537,0.25623523599383985
0.3050912641276165,0.2492195250453464
0.31675645364982147,0.24238511404168078
0.30758975623598883,0.25771468497391137
0.3167122848183634,0.24825092528376766
0.3091398251343049,0.2556886226271863
0.3146983269602217,0.2547733731288026
0.30325875694560334,0.25517498096995633
0.3142200182546774,0.2475597901369084
0.3118232397484537,0.25358036600453504
0.30713156745781395,0.2609395656388879
0.3095463574662114,0.2583872546403
0.3152469391282359,0.25675178744312255
0.308662078120992,0.2569265440313307
0.3101914201023258,0.24080834606580523
0.31357229621557,0.24792471034337552
0.3166457585127967,0.2644483330429268
0.3220905908216709,0.2625578480452934
0.3193869308386365,0.2701745644642922
0.31877499625580247,0.2591764655430679
0.31966441512102056,0.2642669791289928
0.31331382895662496,0.25131261055689524
0.31313579721619517,0.253991340042248
0.3017975327504078,0.2515413244436096
0.28592906978064386,0.265262759073314
0.30614631944288234,0.25035581146492725
0.3195292103466293,0.26015968049984345
0.30728586082492315,0.2665312529645361
0.3083228417931242,0.24861216167214642
0.31495883687405063,0.24736788414517308
0.3113441278755012,0.2650344251141087
0.30076268378662563,0.260573713356983
0.2999717397643983,0.2504778021875011
0.31510925160003683,0.26790503812350613
0.3055890884504017,0.2570199119028696
0.30995964172867607,0.2580974460666504
0.3086264598110179,0.2642680831057965
0.3051501680212008,0.2568740926508742
0.3038316287708207,0.25548408362036573
0.30247117004774965,0.25189554260948155
0.28656090016039976,0.2604918527817972
0.30099750888325205,0.25791180009934067
0.30638512705542076,0.25887614127518305
0.3052730860399809,0.2668101808949405
0.30883084730465593,0.2545449901669766
0.3051681347693716,0.2567554846948524
0.29872892777813315,0.2506962131040597
0.2975070426148063,0.25633215167336715
0.30140297527337623,0.2543051749340476
0.30439699632491163,0.2575458148205822
0.3077685394663903,0.26316159629929164
0.29187580457420387,0.25680678622398023
0.3029646317929808,0.2605976681052977
0.3031368149080596,0.2643617950422426
0.2972345438847916,0.2585073706575544
0.3098958350907135,0.2572337521761282
0.2941975543033116,0.26025649787110006
0.31029935651181934,0.25622734767236294
0.2974290513386106,0.26599285531018674
0.29361895664357246,0.25735711238813264
0.29758304428925664,0.2619751657667857
0.3020036534242853,0.2587009765440843
0.2935169005762602,0.2573311510678695
0.30064418100186135,0.26274455177862116
0.2950881151462358,0.26666337258128275
0.30848221449015045,0.2651070622098773
0.30560546787012044,0.26798192326936965
0.30369517185518574,0.26801850917664927
0.30511971942396776,0.25923518412917934
0.3036558766586451,0.27111888580197296
0.2984974108092631,0.2630309383250537
0.31201965441781687,0.2635589540707586
0.30278237092768856,0.26266948207785934
0.29383850795697825,0.2706853149219725
0.30179041360203307,0.27038591563935105
0.2892074300391949,0.26561360067230744
0.29444220683242334,0.2563513337401038
0.29188226593232114,0.26533616691957246
0.2884059315910797,0.27258020736194116
0.2915229584793389,0.26814883082886476
0.2925487999641113,0.2678212593330778
0.2989759203627874,0.2529501603821975
0.30616350555009825,0.2695541197002552
0.29570111677940936,0.26645584957933777
0.2981970981254884,0.2758191755087319
0.30639294959204355,0.26391708506878536
0.29772363362070725,0.27548977788479134
0.2793491088625415,0.26487745592660344
0.2966974729883193,0.26170955000153373
0.28493179663741275,0.27451298536872715
0.2977842126135773,0.26352037202205075
0.29495148493867324,0.2703501951881107
0.2834019170267304,0.27381428071397623
0.28634406455549044,0.26179988817420935
0.28458453000031014,0.26713056779836314
0.2868757584786507,0.2646647059454004
0.30211555762038067,0.27516894439565903
0.2961442558092416,0.270248366917439
0.2880399062212232,0.2774537531214832
0.30023555690333287,0.25646010237433703
0.2915983854957903,0.267077727275866
0.29685963633051643,0.26372601873940654
0.3014485436667666,0.26104198226259673
0.2944185261253604,0.26843714496831755
0.306603079433469,0.26241893029759616
0.298740303114239,0.269080242622011
0.29778418048903454,0.26505096396129957
0.29826785688463964,0.2720309904783454
0.2950251003535827,0.26423365754835015
0.2995001784318608,0.2686846340730521
0.2931877835093634,0.2682606093865192
0.294957834690268,0.26707262596905007
0.2916673167890911,0.26591308577837064
0.2888419355389667,0.27493543012794514
0.289932204256859,0.25856941003237227
0.28862485507725455,0.2664001773612064
0.3047536764866973,0.2648826586909562
0.29622477347961157,0.2621205997209781
0.30518645818961143,0.2609346234555424
0.30231296115840417,0.2723202799328382
0.29881500059001653,0.2750784562747653
0.29643788120611475,0.26534877220285435
0.29790867510149427,0.2692793042102602
0.29035634233191127,0.27009439496441406
0.29673714737274715,0.2715528745603783
0.29078445311680745,0.2689406861506732
0.291998525097619,0.25747718682715787
0.2988298351857727,0.26447067223064763
0.289424437832797,0.2743554972472202
0.2968041636130137,0.25920916612880185
0.29851291883416503,0.27930380034334107
0.28716733207239437,0.2662016083020167
0.29152935863329765,0.26745339785969185
0.2808452385713063,0.2726129421123031
0.29319241188869244,0.26705701335429743
0.2898781039995184,0.2688277130983867
0.2965888011602915,0.26844381623244984
0.2955275329548045,0.2761195800279572
0.28768567938577566,0.2644316016074303
0.29283536558057555,0.2673446830563337
0.2929843313799245,0.27989501797009453
0.2981697009045793,0.27770891095515554
0.299638816789901,0.2612510426008925
0.2969026685643857,0.2744888232392242
0.2915777030017542,0.2733944635521932
0.2889843120401993,0.2726953789172573
0.2987375701188166,0.26547260221155783
0.30235770437513143,0.28210366099094364
0.29026219523709373,0.26841450743031725
0.2845711036282546,0.2653293452928189
0.29118334258645145,0.27112582355829884
0.28512636411207853,0.27098792003955297
0.2888095302140649,0.2789687574161186
0.28698615492079854,0.2680593985986418
0.28020531306900026,0.27237464464244937
0.29067569969709844,0.27468735984156545
0.29071031602242975,0.2673194128547434
0.2830899417065256,0.2838639257278853
0.2870708219057386,0.264718994693152
0.3043808421639288,0.27332020142532665
0.28325833010866625,0.27939558085135296
0.2863376811426772,0.27649050814082426
0.2872089499705585,0.2782894346397492
0.28841899345535665,0.2615747255927198
0.2844405859150518,0.27255297661496886
0.2889963829211802,0.2727305018565908
0.2832299606313446,0.27414657612438903
0.3032030918775407,0.2798465154743389
0.2898589446829613,0.2671210830146137
0.29876623669226343,0.270748472647456
0.2891217906090879,0.27330269759030135
0.2921753788623684,0.27050440281154997
0.29470491304810126,0.279248044616456
0.2981459897276381,0.27545285121990043
0.292451057997209,0.26667279629164653
0.28039546639372637,0.2804503953124522
0.30124023558037155,0.26429185194532134
0.2941594589692275,0.27540554261560246
0.2940238699103823,0.2757550548374802
0.2953808909515186,0.27868190047509805
0.28959811130909197,0.26725943859805856
0.27937217068296816,0.2851392054973637
0.288622221555077,0.27166526585493794
0.29489691985912275,0.27204712679746873
0.292039070650946,0.2787720081661416
0.29080426971646234,0.2788362692903111
0.2904847693856369,0.2731893837003221
0.294921816051705,0.2679518434189415
0.2838711629143036,0.27442146858017036
0.2877485544709852,0.28293624603099526
0.3011821989827346,0.2707484055148578
0.28588950307368116,0.2798157768579864
0.2986839726051092,0.2708388680581368
0.2830851218605908,0.27525352589855756
0.28615741758186036,0.2860392623671605
0.2956330365884804,0.2837037200157625
0.2786858923108967,0.2754311684026937
0.295771417873455,0.2758350898856652
0.2892795141698615,0.27408837012057113
0.2826098025868659,0.2767577773537487
0.28770201672936024,0.2724765146762213
0.29955323659180744,0.27564069695769833
0.28141489866760866,0.27845437528148576
0.28160475984614974,0.27442155578497507
0.28289499989310424,0.2833212555362443
0.2802014772559486,0.27899730853074434
0.2767795774301084,0.27728104679689536
0.2898878158711081,0.27975371357966866
0.284101989415496,0.2712404511750985
0.28876928024419246,0.2810085019434472
0.2808985413330729,0.2859124474033264
0.2912046392623379,0.27474828538610185
0.2910612341563704,0.2757195918006728
0.29062779117328025,0.29004303353975397
0.2856664047773923,0.286261570522394
0.2961565896349,0.276822286864792
0.28036976825001364,0.2824861439789861
0.280818235969957,0.26869643142914645
0.28549807975547686,0.28286414905116164
0.2779666089099642,0.27695382509379957
0.2797368439988949,0.2747992737473486
0.27911047254473187,0.2730669315691191
0.2845090603057382,0.28545725204670314
0.2865782396166801,0.2759497450452795
0.27927103732249686,0.2736261383310012
0.2797767549144659,0.2742895619058492
0.28218346306113845,0.2728526925428744
0.2815244509373244,0.280155233197355
0.285719938091247,0.27672839557508505
0.28470982966852876,0.2767849442242782
0.2748180422974505,0.2737895385265641
0.2754645070485102,0.28084867081053305
0.2794658158588026,0.2684611829316186
0.27658251982871446,0.2846701885786227
0.2865055212538985,0.28577658251101307
0.268257717757734,0.2792348737952158
0.27552842425212837,0.2768090781899874
0.28972814033616257,0.28621497792415407
0.2790942439676259,0.2798227325894389
0.2726762240449295,0.2806956907082285
0.288536003874583,0.2825672547266599
0.2798818581341164,0.27842280508828143
0.27118276397892777,0.27558179484521395
0.2798180580767213,0.2811260794892334
0.29340555664568474,0.2796926618132139
0.27950319313361344,0.27600186612053884
0.27814153604032493,0.28088232849255523
0.28560444888100783,0.28575128235487457
0.2825987800872289,0.28289675557320576
0.2702260651251088,0.2732857221136606
0.2829657568298937,0.28205507367263594
0.28455389042415696,0.28104403940538636
0.275042054947093,0.28893315926684837
0.28195737238365426,0.2688495212858528
0.27138903108048,0.2809910194195414
0.28378031041956847,0.27895554749563467
0.28270712888821486,0.2809602318820836
0.2826575281367595,0.2822551607563364
0.287217601373556,0.27596287237843126
0.27754594683622064,0.2759561388133302
0.2685144381886465,0.2830007231001099
0.2763910803618098,0.2782778164884826
0.26720712675916,0.27984588105697633
0.2701420503051717,0.27308968541868234
0.29252562225328366,0.28086722142507753
0.27860694437779127,0.280288735978775
0.2789237951206404,0.2783677415722705
0.28452016077513576,0.28318131160726845
0.2848596189540482,0.26983577482717236
0.26851461524624465,0.28085643805019717
0.28024242158667967,0.2694838631640697
0.27652979558687324,0.2883978950000415
0.28035310188543916,0.28924995379009943
0.27316500360835394,0.27313349030654865
0.28396118364399414,0.2766825804693846
0.2798963881364428,0.28515191817212754
0.2852162357902162,0.2754727524140325
0.2789463319633657,0.28948327288808506
0.2909125626130748,0.2697131093985205
0.27645277587953826,0.28507648142673586
0.28290768908924735,0.28115932694025614
0.2798853909249777,0.28256654442244555
0.2724313118190434,0.2780359579384368
0.2941792231582862,0.27678853727486114
0.27552114672059996,0.28267507237783035
0.2783868768778901,0.2776052321588029
0.2688310451527728,0.2841407006089674
0.26259440855414073,0.28935717366989383
0.26938778132106955,0.27675378599617817
0.27489702900489166,0.2856094028951755
0.2787370026096215,0.28826815221539137
0.2832080034525651,0.2765374720383361
0.2765459262707414,0.2934202898371875
0.28535554694382115,0.28044602410810826
0.282395182580149,0.3014921417000319
0.27691070741646423,0.2804755780413824
0.2628859336230823,0.27548914518516454
0.27771086781451193,0.27996594299424515
0.26466558771661397,0.28629053537162835
0.2833209465702647,0.286202852343567
0.2736645957694737,0.2878677746998385
0.2814647296855237,0.2848521739462559
0.27696401649585145,0.28109241306851906
0.2675543429549595,0.2813147521963563
0.2755813099089988,0.2837588108506294
0.26626515549727103,0.29408515511921884
0.28064164800848396,0.2829455408020129
0.2756817436307279,0.28823462505106234
0.27644538127745977,0.2780550602454429
0.2635781646607827,0.2757236073994545
0.2759872343647644,0.2760030287581426
0.2710328332233573,0.2841835822576509
0.2767420022504575,0.2780169103479657
0.26887866238997693,0.29958547042256356
0.28095128281983683,0.2852684982975212
0.2800589469631281,0.2829293464237283
0.27680522328262464,0.2791341725471775
0.2762404740058028,0.2796707894162396
0.2687156524567448,0.2824998535642262
0.25712455779361804,0.28191938676685346
0.2680740383599164,0.2786861278215698
0.2588481237230039,0.2828211245671225
0.2601651416330318,0.28330988195899215
0.27941966329344176,0.28688631888936783
0.26328837935669425,0.29627472216146145
0.2734635184080253,0.28672501995555366
0.25886850044069526,0.29123684399624067
0.2756472941710509,0.27849190796193285
0.268968732878052,0.29571464621126853
0.2896193738930023,0.2817554132902642
0.2770952160221664,0.2842449731252456
0.2710714147335125,0.2955424778620432
0.27244961244512816,0.28569942814668825
0.2715766686149942,0.28308977173660427
0.26207066468797163,0.28368639093883274
0.2702519907681335,0.2776384069574049
0.27168798946396483,0.2895263191037705
0.27300584458634514,0.28126670126347025
0.2569577933113394,0.2893555735566108
0.27397663016014046,0.2897127473094327
0.259181794683427,0.28968707893971213
0.2761506440925567,0.2924786490132937
0.2799681129206996,0.28836089518078595
0.26627230818428155,0.2895281250903637
0.2679904595243251,0.28815064678781366
0.27554308701886576,0.28415995319546744
0.2824393095616189,0.2833960434101038
0.27156728931465934,0.286957145700605
0.2708620333887717,0.2853946070385139
0.27102299986524103,0.2894093014645579
0.26868220532119497,0.2936679692805349
0.26855747249424555,0.2879370121514308
0.2710072613275433,0.2892045470640959
0.2709014440663583,0.28753140129630234
0.26500139045759274,0.27935816245183565
0.27845292270444466,0.28359183281683736
0.2684478223186182,0.2922339445529168
0.26265531114829915,0.2943923147288946
0.26152353364421793,0.2901397314124892
0.2600797122769539,0.27681567921569766
0.27759490246612295,0.28275103393605017
0.2610845032156868,0.28987716279432935
0.2726985789443076,0.27770135981028843
0.2683780057158501,0.27918328558414185
0.2728666096253856,0.28292952347655265
0.26907281689047,0.29510862217523925
0.2709217858316734,0.28955546733112836
0.26536959714934455,0.28811041066578713
0.27660420613878733,0.2848907450591746
0.26707125336989823,0.29060016273721695
0.26626169711816555,0.2886037119802391
0.26756411560644877,0.2823564723486022
0.2695176934433597,0.2837626985804546
0.25778667524795795,0.28849698409496405
0.2692650559973605,0.289158673549554
0.26842112398895673,0.29077608300730595
0.2633919724435769,0.28829166613792284
0.2620240392231178,0.2765852075101784
0.2661186733681145,0.28679790293234975
0.26565200472539013,0.28219773599217757
0.2684314592230166,0.2836452328272868
0.26571213974037006,0.29414241155670684
0.27078172855354354,0.2821440541666776
0.2653279138297432,0.2834501843713543
0.26495590084707044,0.2927514651436575
0.26952769380042935,0.2842868904624836
0.26329678200499285,0.29366188001358023
0.26765056022600414,0.284756094698083
0.26950226155555096,0.28889271727207266
0.25730606222320446,0.29070548704890214
0.26514187102248044,0.2856806270540233
0.26823391575931876,0.2851305237147502
0.26942408038350596,0.2832147687874719
0.2651861781686465,0.29200130838076477
0.26036262189115333,0.29095594677024755
0.26679230192253534,0.2879244421761167
0.2644896356395983,0.29315688099839343
0.2698291289782164,0.2899173018998254
0.2750197731706454,0.29476384702188685
0.2762930494165724,0.2874586470971539
0.2776589066962934,0.2815063041429342
0.26766794572958136,0.2937371562993401
0.26169602759501426,0.28758245868694143
0.2616168702126736,0.2833822850632513
0.26684389595358693,0.2861058117946663
0.2548318399572582,0.29069791653383464
0.27383537379947076,0.28314998180354944
0.27456501282358786,0.298241624982973
0.26737803504931434,0.2822360211349743
0.2655513138900763,0.28320944493026745
0.26747212612835003,0.28500514193405607
0.2691713350692399,0.29909767208985116
0.255704879890939,0.2860640406152748
0.268797403916292,0.2868242502365781
0.26316270011060544,0.2942144546270031
0.2608826919632399,0.28924504511080323
0.2626011788636966,0.2904205612404813
0.25429715878050174,0.2918162056176087
0.2506782741149772,0.2954345653657561
0.27212329724430345,0.282311967447858
0.262771205975224,0.29224307860965537
0.26245823974242666,0.29530828696700917
0.26744670821938754,0.2944788236983307
0.2731145160478223,0.29336768440615274
0.25735052716663687,0.29799208605333843
0.26660365885181825,0.29971673585927683
0.2683565851260721,0.3015657219548879
0.2733183364607267,0.29739577214792384
0.2532401070032417,0.2841986198717552
0.25708208956944,0.28610927193449914
0.26437901555238424,0.2949336649219195
0.25500013520908726,0.2948841153406939
0.2582337407734539,0.28926710218043217
0.26298350107511315,0.2881695407454747
0.2633077050126882,0.29223294096984165
0.2640485514504361,0.2957359855699405
0.2666611324675706,0.30711285936653876
0.26110007503866894,0.30203582460983386
0.25786599382332875,0.2955984155050544
0.25667922720200076,0.28594653823406374
0.2635956215558871,0.303946577218016
0.25827538099773156,0.3010929291866567
0.26835857753955167,0.2904432553122847
0.2648868631534895,0.2859375619513974
0.2478759835831314,0.2855975425582754
0.2528318535179827,0.2889799009391372
0.2658646658678073,0.3028185357964704
0.25713258532149935,0.28688724929842124
0.2607992242241299,0.295921541618169
0.25388067266257486,0.29362018526286493
0.25546996010171513,0.289561703139969
0.25141559281235465,0.2952893719818561
0.26054232031069174,0.29035530786234776
0.2624631082727072,0.2858460202743534
0.26172957375773875,0.28436363700686823
0.2665717854040425,0.2936927806625978
0.25854038272166974,0.29239767245102843
0.26549446336292787,0.29616343366181686
0.2529662152593592,0.2955746674769347
0.26444144910185,0.29984081449563715
0.2580361909824191,0.2996245207412493
0.2602734406617552,0.2915357915297546
0.25966358092727754,0.28900530088058624
0.25902197228303425,0.29583075477623305
0.2532827869896632,0.3002458184325379
0.2663168242022338,0.2936888209953424
0.24786643652557674,0.2805142564340518
0.26277181975076014,0.28824014726356534
0.2586760579074883,0.29394747281989164
0.26627945744613574,0.2974026040985421
0.26381168040146585,0.29621164612778716
0.2597298747611064,0.2868859041199806
0.26548261117015093,0.29131087968930364
0.2555890819018726,0.28979968923319105
0.2586429916227983,0.3058156475010555
0.2501372886813712,0.30211031116164283
0.2509947499937669,0.2872249746450112
0.26200691671984877,0.29705299890457737
0.26094449325789604,0.30461018271919366
0.25915374699949034,0.2864614736854418
0.26324541988990113,0.28832305062583397
0.26404248582995543,0.2954905880957964
0.24880212114264735,0.29815056857044303
0.26500520051708804,0.2957775283382936
0.2638042774067771,0.29315487896285997
0.26048189393459953,0.3003000925708548
0.2602136037071381,0.29842973555501195
0.25189997310364426,0.3001207606254233
0.2531441994666453,0.3020231683411749
0.24100449795827497,0.29603360690941555
0.2621977335763924,0.29606488842262535
0.25882381623738976,0.29132107842544747
0.2524898464952251,0.296884781980958
0.24862595276517555,0.28754754477652056
0.2475278905868246,0.30000541026425365
0.24465434032420727,0.30313828357083616
0.25025072122313957,0.2931411150431229
0.25224137231629,0.2906404182196301
0.2508350337827272,0.30667812379165177
0.25533038861137064,0.30364465199287954
0.24916293664449107,0.30053673083194027
0.25636880138641466,0.28809043336383433
0.25977795140169396,0.29980002119367655
0.2552560844889082,0.29285652941041906
0.24082627809080798,0.2912376190478027
0.2643114660146901,0.2908921952613039
0.26091278200655366,0.2873833907338465
0.258515045508437,0.3026310005146773
0.2618457251601344,0.2980906129080769
0.2500646662783092,0.3053563555280993
0.24344636940338596,0.30028915518761445
0.24747915537562465,0.29341281967240973
0.26592742172930367,0.29339854690271294
0.2559251137216359,0.2982901849434292
0.2568923496056134,0.30011504907814185
0.24477261953839352,0.290917611087855
0.24708442797691094,0.30848234786506695
0.24490848771927098,0.2908291272215061
0.2491881704920662,0.29430570228740816
0.26003673421486295,0.2929700278247244
0.25507360910793786,0.296868890099016
0.24701194488345973,0.2847134298607967
0.24500440369721543,0.30600951223922573
0.25891208362611867,0.30029726755176317
0.25018445018023255,0.2951903195174883
0.2549170228568617,0.29707529924671344
0.2566054239950552,0.2977202561348251
0.2633806427289157,0.3007537061700146
0.2576723812993055,0.2992546461918673
0.2577076088128503,0.30278993659476605
0.24796473868107596,0.2964524843373267
0.2555834222179765,0.29418723289276333
0.24478326156459326,0.3007608588628431
0.25175306746715337,0.3064759924537561
0.2385791570926164,0.29591696640436876
0.2546581016097377,0.2925304683020493
0.24325828108481903,0.3091595763681705
0.25090725354963384,0.29872467565633215
0.24755629880358498,0.29448782962897685
0.24796531495916835,0.29605007081171286
0.2559149500507607,0.3035016342748178
0.2452644786451958,0.297917184831586
0.24775085458633883,0.2999235193085478
0.25252709515839383,0.2970749114373339
0.24817525411163255,0.30268446178650216
0.25218318223459507,0.3003437174189147
0.2562026988762626,0.3039641518550465
0.2516400491800428,0.2983063782363889
0.24469791444748956,0.3014728758327998
0.24215016598433503,0.30531873094072737
0.24863578954861582,0.3004801241297853
0.2539920103594079,0.3003792698638575
0.2600587792599038,0.2988737786197947
0.26141924728693283,0.30845636879980254
0.24815617457547368,0.30649014941574515
0.24555168807234337,0.29704053220381077
0.2486643757821372,0.30587443583620205
0.2508013419858008,0.3022742074366468
0.2478920469581986,0.29625626733364435
0.26401699432892184,0.306491320086196
0.2496855414016852,0.30757561985663756
0.24660269363098003,0.2996992229264203
0.24366962734178005,0.3062433250941219
0.25264805911080684,0.29909348336379404
0.23796447140354296,0.2985421709158063
0.2505643573200742,0.30138978121066196
0.2465120942751194,0.2950722412707636
0.25128551520709436,0.3028121706984355
0.24225146042514376,0.2985458827641321
0.24877723585885772,0.2986397010608314
0.2433328946524717,0.2971015887162016
0.24502233168007567,0.29424276492530227
0.24590944312021004,0.2939128309190829
0.24743161520278392,0.2995312186005419
0.2513438857499439,0.3027907004038086
0.24814418443680877,0.3091670693559403
0.24561124096173126,0.2913318439838844
0.25021497895834616,0.29337104275445464
0.24743002370873957,0.3120545601878866
0.2446462854618794,0.3044926646306312
0.2534058803202132,0.29804670981194
0.25981357059258864,0.3088843176829099
0.2589724415558778,0.3028789771051173
0.24325031809143297,0.30262001292637203
0.24688927698361904,0.3016678353322306
0.2540669509827545,0.30775066577978805
0.25396500486657014,0.3083535075311114
0.2397329008562477,0.29789376763389314
0.2532289227789142,0.29940632108955284
0.2554820689514264,0.3000890338273285
0.24163826950833037,0.29864312355873934
0.2380208819576431,0.30571329276386155
0.25116080129358026,0.3067007532455101
0.24500029716968855,0.2982563783606069
0.23557187792146286,0.2970362878848075
0.24888781868105192,0.30050574712670536
0.2505049426432372,0.3090742014067381
0.24425178789276714,0.30381732264133837
0.24798874306943272,0.3006367804446857
0.2423999617956134,0.30085746046123324
0.2477128333521389,0.29993052964703737
0.23187706623110693,0.29340734861533724
0.23986100209378117,0.3004069467855771
0.2486164314543086,0.3087970422318969
0.24238226759478984,0.29818664208722534
0.25565366174179033,0.3092753193322119
0.24764505005923854,0.30029843129085687
0.2396875691343178,0.30259208395540665
0.23959440496795778,0.29590704034454746
0.24631666383828654,0.3103553672825998
0.23535244361522234,0.305779629766624
0.23556524463271378,0.2974148094221772
0.24438135265327665,0.3063508777362875
0.24133964420582277,0.3052388865140783
0.2474568482383768,0.29801005660464697
0.2394319135876649,0.30976883558929297
0.2523731607371924,0.305554098221739
0.2457730378794074,0.3071332072222121
0.23616042189739941,0.2971393686087874
0.22916838146912688,0.3019177012605736
0.23225777424090785,0.29902502221994115
0.24338407613098686,0.30475875232029204
0.239482694647619,0.30101219298215165
0.24444717284858442,0.29700958119411613
0.24752303072977358,0.31322271089094395
0.23711426975284583,0.3042948459625161
0.2478365391824328,0.3083469195534039
0.24290178812394977,0.3145491298369999
0.23161832385340916,0.3004633082215628
0.23457151720006936,0.2999074381791735
0.23213731712406382,0.30120412776021793
0.24263752743589484,0.310397274741285
0.23945580171305972,0.3124719011441211
0.23128487915383994,0.30504275963121297
0.23362912904475977,0.3065608728320852
0.22983092968122748,0.31180520868770756
0.23943578915246713,0.30655237421683995
0.23280426448231578,0.297334572776354
0.23122171416657028,0.2999543644652738
0.24152747557100607,0.3074036575048355
0.23606320745954582,0.31124629819390953
0.23994560645328686,0.3038894154699776
0.23488644406924028,0.30296798296959837
0.24233214601556605,0.3007821406766172
0.2261478444585174,0.29977201041203794
0.23939464793053455,0.3115265788630442
0.2288093705355727,0.3060503523720903
0.23237705065031733,0.30668294662361417
0.239225047235843,0.30315110835205544
0.23477298288273718,0.311380930447935
0.22881760431236162,0.3042260547170766
0.23426707456403495,0.2957915818509435
0.24028222819308911,0.29587110023514285
0.23318141186205957,0.31891322079999634
0.2487484269070959,0.30230535440899875
0.24194001038283808,0.3042867854584858
0.23149258745258217,0.30826978689933854
0.23163569450257157,0.3067280331810786
0.24899178290967244,0.30757749208679935
0.2338364225898557,0.30026130206425977
0.2317545221087228,0.31027942576171436
0.23647342822035408,0.3142323298885166
0.23234184657215665,0.3113785654158953
0.23043659942546174,0.3084283761226532
0.23844596618302913,0.3127628743782391
0.2392347831734187,0.3078714145219034
0.23211365625517394,0.31831041163412327
0.23363408988480794,0.3034347484994066
0.2384797791722067,0.31016182599465847
0.22799445937964058,0.3060520775472759
0.23473102178174268,0.31267638445934864
0.2370062977179195,0.3101647691787304
0.23782673277588845,0.3050827636597246
0.22440715339825115,0.3186003430849465
0.2423526251423232,0.31297422800925345
0.2357578209258906,0.306605505340637
0.22858298805742588,0.3091580961629135
0.2445934545828722,0.3025910987360909
0.23564328937661377,0.30918735037116224
0.23714649698104617,0.3155791111871438
0.2257568405661074,0.3096724946056361
0.230797975097601,0.3150897328690312
0.2349107662784912,0.3041260774852811
0.22699552470120113,0.31057648124037346
0.2286499995738475,0.3067271256025555
0.2389705733628423,0.3081539070715367
0.2277909004526315,0.31706079489099687
0.2350865983519699,0.30690933231866674
0.24374553052822498,0.309630245504556
0.23518398682768604,0.3110772992148279
0.22972378831395726,0.3122228869710898
0.22224307605980903,0.30628843963171337
0.2269874548922198,0.3065217342756748
0.22181110526669157,0.3146718895836411
0.22534365439908777,0.30350191062655313
0.23454868262697115,0.31995144704247486
0.2330591864482487,0.30569754226140694
0.23335530473013646,0.3123288291754786
0.23037530698918454,0.2976293962460415
0.2285680177503888,0.3018758809681156
0.22327185226793908,0.3107053620691176
0.2312127312505068,0.3128974718969162
0.23405259849995166,0.31083851876873153
0.22940734447578998,0.30662329696842955
0.22463757186108338,0.3123453584654458
0.23129285874600103,0.3166638073758825
0.23777897600000183,0.31070904627979223
0.23117494109138545,0.3155813729660464
0.22324602416501768,0.31833959238421544
0.23010127101749303,0.3131181000070394
0.23728029305344275,0.3061574926097636
0.2208536954402459,0.3140978281671913
0.2378591644174132,0.3101379211155088
0.22156242974596158,0.30793988854266696
0.22190415958518017,0.30972655691068807
0.23200415151956574,0.3091813239838738
0.23869562226023905,0.3135949186057417
0.22828922100944934,0.3203157920162705
0.22596742868586056,0.3194632405977997
0.23071879967352088,0.3075688996985633
0.22610096140660277,0.3115378513379337
0.22506834977569945,0.3050045358940292
0.23232452507981693,0.316092753459075
0.22295257365421764,0.3090486439146217
0.23670854564510835,0.311023203791539
0.23685097210216866,0.30954304464483384
0.23660722604293094,0.3143497738070631
0.22789898004747755,0.3019436278159841
0.2217013200278962,0.3001771148834662
0.24000300766519192,0.31945945669749676
0.24132393139353425,0.3183549064568099
0.22507657846454865,0.311805139153714
0.2317004244423058,0.3169044317569905
0.22042197842503858,0.31547523427340246
0.23627978230270075,0.3135913579533838
0.2308378598367986,0.3071681877267242
0.23175829155509983,0.31014304453318287
0.22586392039719508,0.30900241671082945
0.22966637540094842,0.31197807983514336
0.2238815304183598,0.3066337229327591
0.22482500305206887,0.3122518154820849
0.21509319915512143,0.3015976348334653
0.22065862406841785,0.3127040607748806
0.22823349754993544,0.3202125194233489
0.23033862164456642,0.3128941372095975
0.23737576415968306,0.31364823133362507
0.22648087081337373,0.3131818508618602
0.2220484345911358,0.3097597625311197
0.2331626107557684,0.31497693577760133
0.2314212534261524,0.31019402651237804
0.2282707347967074,0.3086225586750633
0.22777088217540695,0.30908690777772674
0.2303646237932759,0.32009394687180925
0.22364046808829655,0.30805659339454106
0.2334219785989452,0.3084578360434465
0.2293651027194436,0.3217116882954515
0.23600122757564415,0.304238121761083
0.2353070530122911,0.31309095469850123
0.22483425120479614,0.3127464381838807
0.20453897723489387,0.3188805271694177
0.22012152819612446,0.2990475187731011
0.2234621626463195,0.30693900577993416
0.23488664291995487,0.3159074253115418
0.21896733962376413,0.31271524165027514
0.22695343040997873,0.3095598518017072
0.22367045112289657,0.312956289020635
0.23530965604549203,0.3059846087103152
0.21993115053023352,0.312902169600932
0.22912829411226202,0.3158353739300548
0.2161784259438233,0.31676146616172246
0.23184145299785935,0.31840914632387174
0.2320138148199765,0.3151100800297547
0.22577541765819026,0.31694542996246355
0.21655174546075892,0.3111906213507214
0.21257999357988502,0.3159400838549986
0.21715405120763703,0.322275488663812
0.22666713942992986,0.3103451114129886
0.2268347711832518,0.3087402256495829
0.22275184518273558,0.3177151333908145
0.22367275765581823,0.3162946689609083
0.22342155503207037,0.3164563602042044
0.2215177935221647,0.3153408747317738
0.23225225585235126,0.31252832930378655
0.2183721960613195,0.3102532734350992
0.23122022752138652,0.31269591835787847
0.21785596395300968,0.31537663609222805
0.2126136296905748,0.3192153381764402
0.22718373344867407,0.3159132798468749
0.22487078638267693,0.3097496815840729
0.21578995641807103,0.31192599619289063
0.21876177639082128,0.32374961469284946
0.2140997831198104,0.3108766358413121
0.22704847166849307,0.31293294828422896
0.21710269563889073,0.3085319505785389
0.21953746261859652,0.29757022196670624
0.22433455619571854,0.32417799557415333
0.218149341917855,0.3305327456691918
0.21792671188400933,0.31931536602924615
0.22814616017128908,0.3138919532879423
0.2184853039343003,0.3154077039507142
0.22597428224629668,0.3160201361293525
0.21994994708212895,0.3228829021612983
0.2166847533661965,0.31785845539381025
0.21581182885012418,0.3183861678789104
0.21812688909375674,0.32307434992285805
0.21878214633591261,0.30622965747488506
0.22790918686602915,0.3198912277829648
0.22557678051210697,0.3134482000197872
0.20934812256192925,0.32173764124795945
0.2115375917135263,0.3180699043331451
0.22309128233929293,0.3219271113407638
0.2321850507348185,0.31013754993519843
0.22227767092937756,0.3236562803566838
0.23188917599613237,0.31538965637849486
0.21982741417422078,0.32036638844501863
0.22658532984853083,0.310235123277401
0.21785075577132101,0.3179580518291583
0.22123292210288614,0.30861377610209134
0.22549951250848943,0.3123913196935557
0.20787554192252564,0.30366086608277304
0.2241771499072075,0.30903220376548446
0.20476678642602802,0.3169873918499306
0.22398013428812213,0.3092917182908433
0.21528308129678966,0.3159759535381286
0.2331799809653484,0.31518796701563084
0.2091748497384946,0.3121429392283043
0.22022508622811696,0.3189958271598954
0.22056244022124366,0.3185061768685013
0.21963585927289608,0.3118116782665459
0.22073872371946057,0.3205488933845984
0.21486666876847027,0.3158241676512011
0.23039271698377203,0.3165593230273287
0.21484593749897232,0.3119731575644069
0.21364301491870788,0.3093857905417227
0.22730554486320773,0.3126398043235825
0.2259962663422747,0.31331004640324667
0.22802088693057768,0.3183269086899988
0.22801064566324397,0.32252267365329285
0.23029360413861397,0.31571544135528024
0.22380252541099216,0.3201550674626703
0.22819626794533593,0.31503618141935286
0.22626095359787127,0.32759864934310057
0.22604845898498496,0.31432302331830486
0.23270451121974073,0.32589171644931375
0.2190957198217687,0.31445751184722576
0.2161614529437606,0.3123768397944684
0.21100321675543743,0.3086677622253742
0.22336585280682233,0.31724340153051983
0.23074459461585717,0.30923882475195225
0.20993910011400266,0.3114036976859361
0.21841788867202583,0.3218568963060324
0.2233505398214271,0.3091538469254848
0.2172427185816996,0.31355864983019227
0.21902055385275895,0.30938598154332847
0.20519994463693525,0.3219913482238719
0.22370235678072756,0.3255713975613571
0.21464285535337574,0.3171374190250635
0.21693824122790717,0.3157281750838944
0.20939470041441524,0.3221272422427937
0.21317466827732057,0.3146891790405255
0.2142127220445326,0.32440147743543635
0.2177500192941684,0.31499981466750626
0.2151834529018947,0.3205518487116276
0.22722525082409997,0.3263874909121694
0.218718479335518,0.3120350790074426
0.22931706524800857,0.31073978442085337
0.20826012879341183,0.3138484870380204
0.21607304247448025,0.3189268878837921
0.21481976614061482,0.31046549423051306
0.20573470586077267,0.31245052258757405
0.21904385582200198,0.3112505766124297
0.21275307006326052,0.3195350781001207
0.20939068567998093,0.3164380236715259
0.21346995552401601,0.31800488279527866
0.2079681229040581,0.3181810944572877
0.21347160219690925,0.3138729109146481
0.21623688191456428,0.322251392790843
0.21522907852662596,0.31858287067460417
0.2239074265844423,0.3235580609743211
0.22260282891409167,0.32177828646392864
0.2074901133804417,0.3177287275204832
0.22160477548384322,0.3102004319207683
0.21729886098446252,0.3231482876630623
0.20966821135540062,0.320342202563882
0.21346573832391832,0.3236414098904425
0.21577836826120977,0.31616669405041453
0.22020975341951698,0.32277210308435783
0.22558405887223065,0.31507568666861113
0.20082628471615102,0.3221499291868967
0.21266092722500382,0.31301006554716454
0.22438389192630412,0.32198681241384464
0.22315932676606007,0.3150351175106066
0.22019682843555555,0.31876603527224745
0.21809689472578425,0.3227682717412841
0.20593311361612351,0.323116820061159
0.21395969265254394,0.32062125183086565
0.21623806245098923,0.3244079762606337
0.20635290589009198,0.31931654709033064
0.19960155399834834,0.31724883163104195
0.21473161847868988,0.3239257001555503
0.2146895713583814,0.3223671008110553
0.22297363657888866,0.3145614392833745
0.21793193724289425,0.32563632597620595
0.21485914584850316,0.3144751400083413
0.21508281381368086,0.3224794325835782
0.21060859335623433,0.315998866137791
0.22342150431915173,0.32504626761882266
0.223652030972795,0.3141455656342959
0.210631474853227,0.3217475286096976
0.20995356929189998,0.320015079175595
0.21824991376328734,0.32269374554607855
0.20947478510427467,0.31587372866384267
0.21627812620837258,0.3113045914225947
0.2104851082458908,0.3101377014074029
0.21570538316368468,0.3193265576125375
0.2086953707948232,0.31889555311526596
0.21975131753581628,0.31381680818286983
0.21142845973184005,0.31595756750493253
0.21975295900927275,0.31634972084315843
0.21632573001228508,0.3244078553500679
0.2218406213046442,0.31492662273691846
0.22964847617505454,0.31360613987776564
0.21902846809614437,0.3250140104563769
0.21739447469997797,0.3179194145855194
0.21665044013388038,0.3101434156967462
0.2126829708872479,0.32375429324859567
0.2165735970947321,0.3137990685241599
0.21269234263546397,0.3198170095740051
0.212062895364681,0.3209935412811615
0.20930609191688057,0.3146240741443338
0.21143313788162293,0.30988520981131606
0.22002328859519718,0.32495655979444743
0.20643589626414874,0.3221830594256852
0.21228599947624024,0.32422086813198525
0.19824761198354116,0.32377762353149275
0.21036179172252004,0.3255990043178443
0.21118143066186718,0.3283545127067943
0.2102062333898762,0.3179841258302845
0.21238338912394786,0.32103375890185754
0.20005950043058843,0.3278856055130579
0.21143565445295634,0.3211756628287263
0.21500162116040133,0.3198696358578982
0.21365346963768966,0.3250978978881213
0.20852309098675828,0.32483189529431744
0.20041045905113328,0.31597222009027004
0.19938775732018713,0.32073186084595273
0.20620020033578765,0.31165415201265423
0.20612223364789317,0.3127752454110531
0.20633546568607808,0.3215140470830554
0.20763794899864887,0.3235222470888641
0.20769078654175896,0.3220850048099371
0.2092267253470659,0.31608998226049445
0.21905783939002882,0.322601285826059
0.20787404431002338,0.32234893284503385
0.2058252526333092,0.3270958402018104
0.22003680715106935,0.3223909729189136
0.20583316201273005,0.3228732546417683
0.20783131979585667,0.3168127428018756
0.2136087132221509,0.3159565178569964
0.20741968240616726,0.31942519445722667
0.2119220464703084,0.31805382225153833
0.19984607234541532,0.3199802053848266
0.21199478032787994,0.31152250926927005
0.20465925556736794,0.31547663091132977
0.21225166761428074,0.32077968850216587
0.2062934965244489,0.3175302761808062
0.20057791034688235,0.3217332682113095
0.20550172625347343,0.3206773037070378
0.19712089614061146,0.3235414391235194
0.21269377275144832,0.3171737712470317
0.20294209727613682,0.32875778994545357
0.20066383444244876,0.3200673476881133
0.20611824521933722,0.3140292815101992
0.21489858746134527,0.32450416044850405
0.2069834195236012,0.32329202148707903
0.20411764282564204,0.32111697709828935
0.1945538960380374,0.30707351487601287
0.20333815097405714,0.3211782838770739
0.1973726337284345,0.3192578265507261
0.20274711025609649,0.32030441504788987
0.21444823354734996,0.3293198207791561
0.20207336545393256,0.3348936043001529
0.2119359111740086,0.32719557259803844
0.19676831612562162,0.31871513201651924
0.19750580036040719,0.3151279839515624
0.20069473737600105,0.311291841537584
0.21167559241091066,0.3203706938734959
0.21008364576973648,0.32122101899995437
0.2016735697658286,0.3245507223564421
0.2134601558623949,0.32636048142427987
0.1982621668376977,0.3264076355384771
0.2030271008582805,0.32575805777561395
0.21221440861907973,0.32475747650581327
0.21303519876032856,0.3318761700826909
0.214757771652692,0.3266166431660485
0.2158195964634358,0.3263848189490637
0.21229053924081184,0.328247343121104
0.20810995322007364,0.3105881457046175
0.20720853997352287,0.3208551256863153
0.20384906078188775,0.3322303674999685
0.20243202609261987,0.32651322743596006
0.19982223233995713,0.3273241858015341
0.21300947485157054,0.3218173298060335
0.210304272000521,0.32040999510952783
0.20641651166904507,0.323025995612186
0.21491785166578745,0.3163206750453135
0.20145882490759798,0.3353431536343031
0.2051113253385137,0.31779785511000636
0.21165620437641883,0.32560645107088954
0.2169311547151334,0.3264882281583492
0.21416035678214723,0.3223402533268926
0.21419135258280664,0.32795492991442793
0.20797375002163251,0.3224173874880991
0.20364174776948904,0.3266199649559752
0.20638577330078411,0.31503746764583035
0.21054573239845165,0.31638438667412006
0.195266393016693,0.3122207162533018
0.2068355146592762,0.3200924402216349
0.1920623024103411,0.33164458923885465
0.1967622280914124,0.32310988916172084
0.21009731100781154,0.31079314521316154
0.2066859381450289,0.31522995288704775
0.19877570302624895,0.31615727203096244
0.19843021303788386,0.31898297119497687
0.1989458042174304,0.32422482765703936
0.20475306125730877,0.3248491400371081
0.19914326313315694,0.32157535780992147
0.2120122267183666,0.32373116651305966
0.2027183807557098,0.3329924299135789
0.19424401579497896,0.3152411803532039
0.20932162283681027,0.3197495799470405
0.20309169538259253,0.3186872400763546
0.20334362457152305,0.32534881884976324
0.20440317807355327,0.3270126934404035
0.2104790200178292,0.3222175355649189
0.20186374943702204,0.32692891292083853
0.1907384398816473,0.31805604260291453
0.215395212638523,0.326772463363966
0.19687778008579762,0.31678360453112614
0.19608092668600516,0.32071482721460237
0.2038365141996285,0.3229828322197524
0.19740374425463578,0.3207177207235014
0.19993128902684748,0.3257141604831408
0.21360895781869094,0.32307408301664137
0.19510723119352696,0.3233105784284435
0.19877595427900072,0.32516899731891474
0.20057190252302365,0.331916273337955
0.1979632988354578,0.3256806661021109
0.19786684256036563,0.33481015138221615
0.20775296267141544,0.3254523634789054
0.1919558376646077,0.3253230111019217
0.20850235813723741,0.3308845050467243
0.20097369980206026,0.3367136573047048
0.1923115319706144,0.3285914834377043
0.19686181899860933,0.33380458621581666
0.19526161289341962,0.3236910301638278
0.19773488957640842,0.32827039447943174
0.2009166425283437,0.3213755853262252
0.18982268680281927,0.32666345587583845
0.19996304743308457,0.32517214436790215
0.19793692003988128,0.33159050503054865
0.20020129788159138,0.3210819521083429
0.20398321130735173,0.32616159332628
0.19546697779524694,0.32363053277113263
0.21097170314810096,0.3242780905881201
0.21491765443452407,0.3373195501660469
0.20224727681158242,0.32592122524025785
0.2053229702957079,0.32952918374295526
0.21278091374102356,0.3214366668001973
0.21784290969890124,0.3362881769223966
0.20361039815796048,0.3243004777946587
0.20432557704114235,0.3293872268403039
0.20572104374654035,0.3262144054604085
0.19454878047836535,0.3216450763125983
0.20098203642617476,0.32272225143424216
0.21918352454601614,0.33254670906384853
0.20898676970340588,0.32483862527913415
0.20427053759653796,0.3259459912021252
0.20018056746173024,0.32017581054256034
0.2007476531041374,0.32377289454134045
0.20152372886823444,0.32582528274238587
0.2017548353027159,0.3258687250185241
0.20094087752396925,0.32918852492316736
0.19436463811331658,0.31840024458137545
0.20049072899904707,0.3183860708525501
0.19203588301192467,0.3275673919102961
0.20320812510904393,0.31890439741093585
0.20446123418628442,0.3253640997529561
0.21270497798289825,0.3228755903544783
0.2055330680089583,0.3195346408703478
0.19621270366940527,0.3286427045373387
0.2049533326893617,0.32443277208862836
0.18816190161172816,0.31813104511494955
0.20353602311990854,0.328996861321632
0.2031681405844536,0.3215960494477422
0.20235860001537317,0.3355709869367191
0.19881106171786836,0.3243171169861041
0.2088665482268596,0.3193845956190336
0.20060704192153164,0.3202607475542081
0.19401091763625705,0.3206725009870508
0.20835011385963711,0.3179548991784684
0.18231444310732917,0.3253021899858081
0.19721513481458272,0.31747644938287406
0.19434451421892002,0.32323256737660966
0.19986605646875827,0.3212210473929181
0.2035289340088713,0.3259946248465829
0.19254184492924248,0.32485779185217334
0.20617649215026523,0.3238611641922103
0.20268801793344207,0.321879906105239
0.20712608790870932,0.3328175021613878
0.21307282935685895,0.32776400591874666
0.21592785091141548,0.3330292378334014
0.2095288772645783,0.33001580938169567
0.2009297334611442,0.3316387772491425
0.2041242280983353,0.32859777449126293
0.21199726068865615,0.3248540263164174
0.20227306461485428,0.32204218301503745
0.21716361075497592,0.3351905337594006
0.20055066759092857,0.33032179320508814
0.20317994507777778,0.31617705207534674
0.19630258794429062,0.3196236210654556
0.193150571063377,0.3226845356745747
0.20819556234524936,0.3301196971284464
0.18938217976401106,0.328426410645466
0.19355269031831931,0.3293142632753153
0.19859027244508162,0.32355137259605976
0.21286778625150427,0.31739853794251344
0.18857310338786615,0.32980722067908924
0.201929799801363,0.32430648599268924
0.19653908924366667,0.3255705949613423
0.1988045777474303,0.3187971097967154
0.1946038829008752,0.3258042089714332
0.1935009513269105,0.3329101924132745
0.17978880948972661,0.31919641733848303
0.19297272354904296,0.3198632791910625
0.19887527010419823,0.32275140268948604
0.20431546429717937,0.32950836985122395
0.2026032123977458,0.3229651028610708
0.2042015964329677,0.3238886143578494
0.1991902128923668,0.3353941595382191
0.20557322872683612,0.32174880072269285
0.20351423198590834,0.3252483405825622
0.20381613941674173,0.3179434981406145
0.20014590097592966,0.3156168411872536
0.1910623979198379,0.32559921998211677
0.20344430357852142,0.3281858840526962
0.19501798700275685,0.323299613251095
0.19816165100874275,0.32915774406052856
0.20203581608334084,0.3261877007481368
0.1952161169949733,0.32221243794175114
0.19638869866507297,0.32517819200639964
0.19185381624733036,0.3200020583042891
0.18467967784512607,0.3262721395863547
0.20190534018242784,0.33040487881733227
0.19587684493517876,0.3227300871139957
0.19555103189528208,0.3279828255199521
0.19739934361204958,0.32383399181980466
0.20151147307454265,0.32767807766148666
0.19540796183263806,0.33039835500335807
0.19914680972496296,0.3192030582758337
0.20674296151342478,0.33286987122022527
0.19186665817882662,0.3266929203791868
0.20166748748391203,0.32773851402827775
0.19800425585404247,0.32151664147248127
0.2021708471681983,0.32587798703908305
0.1949274144476953,0.34220297259994203
0.19168550639027565,0.32241328386683904
0.197054485163097,0.3221252972712208
0.19584695949252998,0.31754628819466124
0.1980109791344597,0.3296877036819646
0.20750979100168152,0.33197974678475745
0.19103034804533356,0.3320750162576483
0.19439790848151142,0.32842434630948286
0.19480161930058304,0.33285154756646107
0.20212464996742766,0.33432703513036593
0.19334060569989173,0.32383925425758225
0.20081425412173642,0.3186565567502313
0.20803992362490126,0.3159637682613345
0.18529449939759693,0.32355691299354067
0.1992492373003698,0.33004356720819944
0.20144747116823325,0.33673379324158104
0.19691919406277839,0.3224710269218168
0.20024757668644957,0.33003428564933646
0.2009445854269569,0.3325564540722012
0.19375780904571455,0.3279665931246652
0.1907913376828391,0.32388167601851736
0.19196189915537765,0.32107145831299144
0.184849881062566,0.328141192255823
0.18401601779381915,0.32671909496019974
0.18483069164349794,0.3271356819529069
0.1804767953376458,0.322189234350721
0.2154512458649644,0.32184686901444753
0.19344067357885533,0.32646582064127616
0.19916901095109021,0.33028969859791374
0.18472304960187205,0.3261077968381302
0.19290282342599321,0.3245827801098178
0.1846119303292051,0.32922004619110773
0.18716780445371467,0.32788505980691934
0.18720141343864388,0.32055037654560514
0.19673265538133308,0.3252238467838683
0.2072645322264665,0.3280763099260339
0.19529256617770804,0.33255457128362764
0.19174343745934394,0.32467331482353085
0.20615694730139916,0.3188905772513284
0.19955201552177693,0.33136592113995966
0.1951759666091354,0.3213781040702382
0.19776336901161573,0.3301771243711726
0.19303533869602144,0.32606330239612824
0.19784636103687608,0.33316748660546885
0.19509876899893064,0.3316280852957417
0.2105161123870372,0.3293421072614897
0.18737358829574027,0.3291557394021848
0.1870672505738635,0.33047656326196617
0.1934890589747332,0.3231064139793162
0.19123415106198996,0.3357658592653942
0.19693307520843306,0.32921612215224766
0.19134884306829741,0.32755565525619224
0.2005754404663353,0.3267410410741971
0.18819074957236126,0.33623063627655875
0.18159575230846553,0.3296482942881555
0.19056332560559833,0.3268214723690021
0.18802238469087584,0.3314767373838238
0.19391458538316603,0.32440873851834034
0.18578119695766873,0.32604849901876465
0.18639998386080583,0.32932352866262815
0.18846548027428542,0.33026992399352995
0.19491740385377873,0.31847528973442046
0.19245700495335377,0.3362044051843054
0.19675792268802533,0.32197830975225367
0.19488611849082133,0.33327885305018423
0.1966934179545036,0.3322638111151131
0.18990769604799523,0.3313675689239096
0.18876627740696925,0.32778337584827794
0.188512751692669,0.32688305967019654
0.18619342391119917,0.33070539588646153
0.18693995559972715,0.3282472465094342
0.18482733102240106,0.3239397320588187
0.1898427526752555,0.32873875164122024
0.20114646018638382,0.3322964380446488
0.19292505206412108,0.32320645287589167
0.1977719325683848,0.3371662316113883
0.18084759156351674,0.32445610484248893
0.18637605926927409,0.32246364844084774
0.18469834260734147,0.3375244853808653
0.18890989989016715,0.33410481129652386
0.18454667052491683,0.32722141551876294
0.1875277882570666,0.32940678380594335
0.18132909756260848,0.3308342010759884
0.18557991213515349,0.32487837937470765
0.17614273847865575,0.33264957520284766
0.1767730260357989,0.323958475194807
0.1941773009065535,0.32546171183686035
0.18525380691751053,0.327121148104911
0.19160619773465534,0.33255041967296434
0.1798730452120896,0.3351892785006422
0.1813508985014957,0.3283416618616287
0.18901672855206084,0.33663943473389096
0.19749582367417012,0.33997845008191957
0.1949539687748798,0.32815809180657823
0.18860770483102968,0.326044725963958
0.19061539851584258,0.3215475104089292
0.1812212046369343,0.32800587944904885
0.20055977273268977,0.33137885936210576
0.19567302426375824,0.3294330788450811
0.17903268309937975,0.3297332830283085
0.17846531127369675,0.3266172011600063
0.18954493544870504,0.3266277305093727
0.18062452755621197,0.3290851846098667
0.18490716475357247,0.3357759785840686
0.19024084727573493,0.3293141124328052
0.19761070424409305,0.3286118540151641
0.18284658811920637,0.3328523267275239
0.17879687474241113,0.3362945538743292
0.19029838473741326,0.32906976979405067
0.18386070908910107,0.3311218215562703
0.183487511349803,0.33019705289513346
0.17876574139452667,0.33662072093348117
0.18974946027153383,0.3343758705554314
0.18216058288679646,0.3253515670577478
0.19341276086579945,0.3265318849149586
0.19173800739284297,0.3296332153616465
0.18854286892853384,0.340576559192558
0.18413903903047624,0.3385146055297109
0.20048519792356226,0.3338769895209838
0.1773103082859189,0.33210094347249364
0.19263381513042502,0.33497073290116275
0.18303614900977636,0.3311888157537746
0.18352768056210056,0.3242064955214879
0.18713395780237263,0.3375121029232267
0.1865295823181555,0.3350489570179565
0.18797745296427495,0.33350643820032355
0.1877630021429002,0.33144309434582647
0.18608418179663416,0.32888136388943684
0.17939005324277985,0.3307040045332698
0.18101857281052688,0.33352167138365973
0.16429108276641738,0.3315030632213763
0.1854687703146093,0.3339482766198422
0.19188060762549897,0.33323561205800206
0.17939845133871152,0.33026629136061875
0.18423767522822537,0.3245700349439168
0.17272419636249775,0.33629415838380766
0.17665471846530345,0.3301559988610411
0.19090922352561346,0.3314139684986823
0.17865759584537988,0.3303609485552541
0.17099096100147904,0.33685331126041773
0.18682299740896335,0.32564032395922293
0.16968753694240526,0.33565254489231244
0.1856060799357409,0.32906211351564896
0.17797149629647793,0.3352274618374411
0.19164349329007382,0.34741760446036835
0.19704450874358867,0.32903506650685127
0.18814699896720902,0.3304938686365734
0.19084544289771616,0.3191524567422917
0.1787948304375648,0.32986471334264506
0.17850228664161796,0.3339217269943021
0.18431181344026204,0.33272961158319175
0.18327434853296282,0.3317888858117944
0.1931085207232146,0.3293572253589161
0.19103803178610446,0.3341230245320527
0.17109765817313366,0.3288190989781625
0.17761475862493217,0.332708846253679
0.18655663499855166,0.3283864782017725
0.18599966332010331,0.3290566505599157
0.19564771270526987,0.33721189755685826
0.18084391277646483,0.3361777705348852
0.18247808705045312,0.33668553073359286
0.18140520003666513,0.3306698831993324
0.1786044390245087,0.33095262851458435
0.18199277848711368,0.33840892927921556
0.18362681643797973,0.3268524788560529
0.18401589927543044,0.3165902519472413
0.17358360036061848,0.3273017102382063
0.19009094742767085,0.3365528801236014
0.18934474978003518,0.3335217860048818
0.18318043015763275,0.32777563036951746
0.19373442003642752,0.33252976099009607
0.18078107569089064,0.33901892294775116
0.1862026049101627,0.33518747135640753
0.18627133323061543,0.3273402933023928
0.18468807296249723,0.3298508452055805
0.17837211626714555,0.33338215396119775
0.18520470555116014,0.32567165080265353
0.1849694558569355,0.34292801511124654
0.18441041954899984,0.32423968247619667
0.17431655237638674,0.33396299632990256
0.17834734024260332,0.3278500794365933
0.1697869736729855,0.3355501254357455
0.1783436992664321,0.33357361670131386
0.16698321576210173,0.32130651948493516
0.17392100606240157,0.327936850600486
0.1707436941922989,0.3298570799634662
0.1837859676339726,0.3296027705781574
0.1756405720375027,0.33801960763056865
0.18715686683230967,0.340254444161569
0.1893479370233823,0.3371775853317787
0.19089914597232036,0.3342535068130285
0.18073620042136124,0.3367397210089182
0.1652435422680715,0.3298299221262725
0.17007314861663542,0.32157855055815354
0.16954756065950713,0.3311360028179123
0.18126637710329854,0.3363066694873826
0.17073305393910274,0.3224937790983588
0.16274573217712565,0.32652357953784306
0.1700995720927763,0.3316264550737302
0.1694491465532644,0.3346713182868681
0.16885292885616318,0.330511219513652
0.17796375072446335,0.3285267316008974
0.175095427128093,0.33340569794132274
0.17714810843597303,0.3370097911557363
0.16774477017981845,0.33233242505511124
0.17335988855291906,0.33932699639120845
0.17828625740320733,0.3318787914075278
0.17145446046284551,0.33839818082238804
0.17553983943895157,0.33923682966681085
0.1845902630471118,0.33645253966510863
0.17886260947640695,0.3349802884264874
0.17492582113524238,0.33327274082292313
0.16796261374506632,0.33341544568416487
0.18120171627628975,0.33628329673908025
0.171885020292067,0.33572445401638285
0.17555001587209515,0.3312646814259361
0.17725053268193036,0.337688227421629
0.18111225880181217,0.3410670128352345
0.18325676789171907,0.3368951676061772
0.17059731090568112,0.33549045152303936
0.1635605190666235,0.32336424273579734
0.17224412831099212,0.33308689948923775
0.16688317596828345,0.33624815647274864
0.1687687202156147,0.33729234203551867
0.18087690552250305,0.3408035329844286
0.17497255195985684,0.3330894017987843
0.17865891764506156,0.3314742751660731
0.17333766036813086,0.3305905643879041
0.16739102476642764,0.33993619704987066
0.17852505255989415,0.3430689668755787
0.17668733003065432,0.32675300791709855
0.16294080008718848,0.3409865033137654
0.1791526419449322,0.33001144837745644
0.16200744692395974,0.3371588211695025
0.17625615200891806,0.3292938503643046
0.17744979182579962,0.34083106797026674
0.16734218852688534,0.33782318174715853
0.17311923837921947,0.3406915491535602
0.17538188624694342,0.3415460526995197
0.17432735946216257,0.3305812852440837
0.17578689728321906,0.3326582441477077
0.18389933794772081,0.33830284877917915
0.16013728862215384,0.3360115157461547
0.16766328113418555,0.3280519241562674
0.17247652952825454,0.33105547453319495
0.16506497596025435,0.3419824099928343
0.16118598105536983,0.33065297501535806
0.1676578800530221,0.33521905526516893
0.1698352008977367,0.3376648412244282
0.16875793305643436,0.3288317160411082
0.17878635626800157,0.3318684894800066
0.17269551851907963,0.3381023686891355
0.1599248951448114,0.343975392796303
0.17443204560970338,0.33426019614662933
0.1727863581855315,0.3483887858792777
0.17267647426061483,0.33215248940124054
0.1712226443552017,0.3419034410963802
0.1802326226893842,0.3415869729853419
0.16550055646177778,0.3376248056010112
0.16996299530529074,0.33135922460010925
0.1669634619917252,0.3325564382279079
0.15503885201354217,0.3476717626842065
0.1789517406951807,0.3326040880942139
0.17976130917094588,0.3374950106081833
0.15936707352423565,0.3242223014539223
0.1660378875531599,0.3343558367518442
0.1600648363776813,0.32936642876347766
0.17659725439732835,0.33554251719639083
0.17157679176557464,0.33709572408235716
0.17847675472712177,0.3431250831756939
0.16376123303465212,0.32789271771073225
0.16391307379773604,0.33194997812637306
0.17746872320368662,0.3316961750497797
0.17422901643615665,0.3304033566112218
0.17009662163900124,0.3344668779706605
0.18420741109667713,0.34107655056823666
0.16090802920805022,0.3341086663093921
0.1597588091959133,0.33712277152486597
0.16959971938806678,0.3365304798202221
0.1639437919228649,0.3451790726979605
0.16345030055906834,0.3224756886509172
0.15912739458447306,0.3425411834986432
0.17462019797262943,0.3371705949459014
0.17042210537555263,0.34170730708225944
0.1815277056611461,0.341835488664708
0.1661131555591278,0.33944070735051374
0.16482748776669914,0.35031298288888957
0.1759410731126398,0.33468838487448765
0.1719412896387459,0.32974196782366655
0.17079462487245092,0.33375407441881244
0.16609170684641852,0.33838348344753777
0.1739185197409704,0.33699808778460855
0.16786478054303025,0.3441249396835591
0.1707498458283532,0.32658140050290707
0.17045948860008953,0.33474987756513414
0.17622006806896579,0.3358366688479075
0.17789835632099782,0.34241143322880435
0.16593967954384584,0.3442533606686024
0.1786099175023612,0.34186575422922094
0.17649020933343318,0.34017557228424417
0.17268181383445103,0.33469632078299716
0.17401097112468938,0.35211816438173604
0.16794176396687613,0.3359244906104934
0.17834503539546623,0.3347242478261048
0.16841037887482396,0.34560501647050257
0.1685435672506783,0.33484813033843575
0.17362265523067114,0.3360155909350379
0.17161232711301175,0.3367444618065233
0.16276336724145096,0.33184284929424585
0.16494097563726895,0.34157861928368466
0.1770725900346269,0.3387267040202741
0.16810745637233207,0.3377937738597084
0.16845486071223,0.3352111787385582
0.16349400881040033,0.3372019778441558
0.16798415858043975,0.3408664612560168
0.1722225172646045,0.3440725399163006
0.167576114165349,0.34461853100095297
0.16150229828723192,0.33260591176790993
0.15857846104578352,0.3318452650240616
0.16202716132354889,0.3372260963785779
0.1641352414574601,0.3353467826845317
0.1590685761912526,0.328675171941859
0.16130023329634308,0.3318237695946957
0.16069708621908876,0.32598595389546364
0.15892503791384413,0.33973565477045553
0.16034165587371724,0.3365437865122066
0.16486839790674226,0.33445650967363183
0.1711389518590966,0.3381320219451533
0.15726502963460423,0.3366803227938011
0.16458489727201434,0.3362117854990978
0.16275032182755572,0.33435881484612423
0.16914606609094543,0.33888903492776784
0.15743445953773752,0.33722114526237484
0.15512020238581162,0.33832640377508333
0.16937299277610918,0.33177889864924653
0.15873676608249526,0.3330014445557651
0.16276305610926778,0.33874698941382186
0.17078328351964797,0.348978423587069
0.1620918928420705,0.33409899504086304
0.16477624490611412,0.3366723449097064
0.17205751506518144,0.33560499721976716
0.16795574618814169,0.33548391183619913
0.16247190515093982,0.3431384124230064
0.15710134735512474,0.33933837452811033
0.16481059553037236,0.33690716273116
0.16302896601035713,0.3402414540998465
0.17684190732437902,0.3357078453889036
0.16195659009767177,0.3426431878941568
0.16234004212828088,0.34138903555402883
0.17395340867866674,0.34254782863883154
0.16518553275798162,0.34053991071794454
0.16795454304787888,0.3386565081925488
0.17160661605974165,0.3489216180016127
0.16809113071853224,0.33341761472138814
0.1629326762065465,0.333973621318274
0.14891060429167932,0.3302385355465129
0.1632272958565219,0.3259001217228918
0.16883493236847702,0.3323775386300806
0.16065388981089074,0.3321869386818544
0.17168373483796467,0.3369042321757839
0.15644429713705454,0.32738005277841464
0.16801606093353086,0.34098304384596273
0.1573566460148597,0.3379919892531779
0.1585026586320024,0.33382930539695127
0.16023912054359382,0.33038501554206967
0.1592347390665767,0.3393434806131404
0.16941354923311328,0.3341339395125124
0.15162277009927078,0.338291373783913
0.1672761530810315,0.3342028001785947
0.15304073390570477,0.33931929032200453
0.16041064630140786,0.3380582875391883
0.15945240226865004,0.3516937572857693
0.15409482848520134,0.3376984106443603
0.16625960150998662,0.3375546691658124
0.15398044685504875,0.3349928760250283
0.15141062112688358,0.3460880184427894
0.16005999524618525,0.34069548310115094
0.1577618819856004,0.32792233364505213
0.15503162304777449,0.33993907405256757
0.17072020306793584,0.34515206200239157
0.1636270243504032,0.33602096622881356
0.1623405251404972,0.3332614417355299
0.15873962544026593,0.3397462629287588
0.15786333364620003,0.34223923010092516
0.15057316469578527,0.33012332620408347
0.15526028695725175,0.34630945846213973
0.15704432380164746,0.3416855598883594
0.1628363692043844,0.3326400895967485
0.160976086471919,0.34362748690065287
0.1516540742137784,0.33699854580289523
0.16527465053002152,0.33748233076055256
0.1698745246920591,0.3428651922419325
0.1706759771917468,0.33589108950758656
0.15793054676743132,0.3332384632197643
0.15932606666143728,0.33696317506009127
0.16030411016879986,0.3393265871893993
0.15783823543111267,0.32433121103386153
0.15992703984883244,0.3372803697146052
0.1555069715470798,0.33429458520228805
0.16978296902646867,0.3441522467424297
0.15039669699146813,0.33712474828737804
0.16637150523841335,0.329754412972225
0.1780393103546818,0.3396544327321904
0.15999489292193053,0.33976506964907266
0.15304765530140185,0.3289051160937733
0.1659495400623351,0.3402409854978593
0.15174937366531668,0.3360908107543056
0.15054446302439867,0.33408524923992283
0.1530246415288059,0.3293312222054008
0.1647129163512483,0.33405721722793086
0.15315522158860942,0.34521799965897554
0.16644173894312228,0.3345548199703517
0.15319397770987145,0.34286320807587484
0.15783922814249787,0.3431402300880006
0.14323271403882107,0.3259242624967832
0.16574105467929903,0.3309352909455223
0.1610377089608985,0.3516908885938641
0.14805400465777185,0.3331180024130595
0.16364763508790428,0.3300372226124106
0.1611823664367584,0.3407079280589571
0.1492415632985708,0.3357879986782749
0.15727321725925228,0.34159986840665624
0.15538882678693677,0.3401544300034024
0.15679793971359957,0.3338460174746262
0.16024206700079988,0.34558816809546916
0.14737775843916706,0.3373665177972601
0.15561337050483526,0.33890680762114866
0.14865376394770047,0.3307208562495298
0.14847653229487087,0.33362640665220233
0.15513914807294923,0.3411335486342477
0.16528480251411107,0.33539737804744074
0.1567267269167471,0.3498022098726551
0.1575302103948118,0.34842812749573365
0.1657546333036825,0.33998713088399246
0.1546634542309975,0.34147577787584105
0.15726050586726775,0.34321396570564117
0.15857187575968892,0.3343649750039542
0.1566571657724688,0.342660759416178
0.16396546353609692,0.3446977052568825
0.1550651866894133,0.3449847387149334
0.1557719151062323,0.3295752436330858
0.14875743809686373,0.3381606147139395
0.15520069787291216,0.3346132768598332
0.15739433109688175,0.33809484293096964
0.16247378426070838,0.32985255454781376
0.15819493634193418,0.34189910069381363
0.1620206975664932,0.3415709011370678
0.16426628637474447,0.3455675091750983
0.15140189943842225,0.3378904220565042
0.15515265541251197,0.3342439117456656
0.1521700456997452,0.346836196275131
0.16074820869424614,0.3372903577117782
0.16249742683908378,0.3335955473518457
0.15459647403112484,0.34047889363073647
0.15144916974703979,0.3422611003193741
0.1594142308134106,0.3273592879596789
0.1475982595609059,0.3392951189038185
0.1600244075039501,0.33962136036106166
0.14086720581125547,0.3278404203755812
0.1515043548955179,0.33286391704495644
0.15842793088368282,0.3360732715006653
0.15507488771084244,0.33321286990570026
0.16016787942945532,0.3413879745198061
0.14848337883546558,0.3373818488739828
0.15556738786352273,0.3431599938935241
0.1527093459134241,0.3321733000426506
0.15184904257632517,0.342007150568539
0.14889619024875525,0.3366802410548335
0.1398705930039537,0.33525378630715164
0.16082925477360105,0.3341724957362066
0.14388313723901291,0.3440816194241947
0.14571120898571716,0.33276786963726696
0.14283868707168793,0.3273943710483945
0.15015892619620103,0.3303100492433668
0.14798759542987483,0.33525233435069435
0.16373527613943695,0.3415678313209829
0.15489831215888972,0.3423373608446632
0.16054143652871777,0.33921039404534487
0.15116296650626657,0.3329827095229621
0.15414862843095703,0.34004988985334794
0.14391466800785693,0.33575588106670673
0.15554636048385123,0.333859445539759
0.15264949127623426,0.33867127576784517
0.15468188322697218,0.3404561009519303
0.1559901171285995,0.33974560461380165
0.15406658214061048,0.3470144061759671
0.15553857289284473,0.3353534760152009
0.15354664717699465,0.3392113169619153
0.15283329170950594,0.34053269271301856
0.1631679248675006,0.34054004610709115
0.16223827324215156,0.3432356457017735
0.15178086060313586,0.3431195423746835
0.16366631007001545,0.33773655137892206
0.15225151397919542,0.3375007706026728
0.15922984043941193,0.334753476889378
0.14797519328164177,0.33847427510054057
0.152117163996534,0.3371085439577516
0.15340952092501767,0.3419764114478636
0.1570619107246857,0.3375996781430661
0.1508203341523649,0.33967832098095024
0.16046216358732032,0.3405192344335625
0.16136718120532406,0.34383955107983416
0.14865631721436584,0.3323147397734794
0.146888602673205,0.33616304077603715
0.14047414807496528,0.33134278434653713
0.1535839813523755,0.3342408299339133
0.1568654080473918,0.3464868943543466
0.1527366418588539,0.34354571291698516
0.14443854913641108,0.3330530172224952
0.150651579863072,0.3412030329478541
0.15949087243566074,0.34488551362259956
0.1575704337458511,0.3399096792771205
0.14876373708273122,0.3475184573146257
0.14855396746336522,0.3399582342783288
0.1502032644253101,0.3379066594943555
0.15595204093901774,0.33943705736386975
0.14795677892793033,0.3371968513207076
0.14867436155225647,0.3471200030927114
0.1552826034141802,0.3361070710840904
0.1449832752892369,0.3441975149363058
0.16176853815178796,0.33974046878509206
0.14753912662349825,0.34277195494169566
0.1509082700549467,0.34148947336290125
0.15041597209508895,0.3493809840759269
0.1494044945694842,0.3430710396496995
0.15387068913813357,0.33318423647064965
0.15725506759324068,0.3412202779714851
0.14781131492650396,0.3349970597110918
0.15310234514787252,0.3445967248415281
0.15383323322549158,0.34650566067788774
0.1514117037185722,0.33204304299749876
0.14624930380890494,0.33701419970366064
0.1538415783903669,0.3415925688708202
0.14900374430564461,0.34343914481933463
0.14708568467951752,0.33726673555485187
0.15385010708730137,0.34194164336597144
0.15962038551800825,0.35440488770207507
0.15316245316674934,0.33853298153867106
0.16059642789032488,0.33731053617482926
0.14739498037902876,0.33655516564623916
0.15066084666737758,0.3449847926168104
0.14959108616991534,0.3329970762547968
0.15392701279350804,0.3454672194775953
0.1415922787803495,0.341984945373002
0.1484896699826892,0.34677990767335043
0.1546370918635776,0.3437108448975482
0.150568019858492,0.33956435503028537
0.1566099754741957,0.3442619636556018
0.151551874524175,0.33951553399322787
0.13799639655898446,0.33929308479604836
0.14089296454548692,0.3407952095873755
0.1588185550378845,0.33802536513989023
0.14564100394149215,0.3497869781369968
0.14560339773780576,0.3427797729627482
0.1494160143157661,0.3377669960900205
0.14648663757223984,0.34832754476685107
0.15942191731633734,0.33764725994804534
0.1608892563573786,0.34373694917942776
0.15229096669367295,0.3510828618092832
0.15313444725402173,0.3369580742849391
0.13739398815440806,0.3442535354155612
0.15096880038368757,0.3388750888036338
0.14820127878722747,0.34198695477915353
0.16267076150354284,0.34517673980921504
0.14656133197935298,0.34658238967028265
0.1441383249375637,0.33502586310884447
0.14459954378969342,0.34217562312150623
0.13780701573612356,0.337402339553847
0.14726977298091223,0.3389322102043443
0.14349162510759436,0.3443445871784607
0.1465479316558,0.34472166911164276
0.1550874393666863,0.34233962266969487
0.1302256742909478,0.34321174376149854
0.1507420688404084,0.34623866524826064
0.15320185223358493,0.3516995688394339
0.14497856810275617,0.33141530065681135
0.13207057715082635,0.34524844617123956
0.1542211824845729,0.3359781039275081
0.15135318844459553,0.34690683231044267
0.1464898799023193,0.33874943792774753
0.14221001553091422,0.3417211170178828
0.14551678404937965,0.3403989565370038
0.15717835600052135,0.3417019587823088
0.13583789024185566,0.34498116989876837
0.13554989556739142,0.3414827446180299
0.1405799016263723,0.34163231983432285
0.14219225564121213,0.3456497558506172
0.14379888483160602,0.33685707413884564
0.14158464960506134,0.3397985454481302
0.14779671260447944,0.3394672395969648
0.14907324213733958,0.3466788610115291
0.14672142876261868,0.35058002067170263
0.1411468434836535,0.34488928863344287
0.14812668084082412,0.3401853923317945
0.1470894551829341,0.3470991493956296
0.1466024944171593,0.34749886196260116
0.14919529195603312,0.34681401083765456
0.14907093009889885,0.3376442445098942
0.15263043300000367,0.3462925315667609
0.15182274475433324,0.3478614186749909
0.14789532012972056,0.34097660584063005
0.14264062532511862,0.34450741782075717
0.1404755160302426,0.3477371562054336
0.14327802394604364,0.3369222926426886
0.13960084987885285,0.33387549071740763
0.13517790485987707,0.35112708940612813
0.14435375675764617,0.3402194990334871
0.14260549852193466,0.3455311241958936
0.14444937194321938,0.34366212539825075
0.14963984105726558,0.3472251764343847
0.14254132614169962,0.3414157338727903
0.15162846571535313,0.351128260180323
0.14378576549426358,0.3437405436606623
0.13985829285145923,0.34851159092668627
0.13447493049489995,0.33028611322469476
0.14004125237050685,0.34236961417918615
0.14019731355603862,0.3359155822659754
0.1433939811493067,0.3441066524410107
0.14209868792962646,0.33339535858756864
0.144057418329875,0.3375605222246788
0.13270861518700855,0.34411257792361644
0.14882008287023776,0.33863077510181944
0.13957401545675047,0.33855049688152883
0.13748929899208637,0.3472900389010659
0.14456994495171477,0.3386125499960584
0.1440696194233837,0.34305116680311654
0.14165996088949212,0.32878189442006883
0.1407918119899027,0.34931029198264385
0.15142684037452492,0.34624808127804313
0.13809990307956904,0.3482949386409622
0.14790554073592777,0.3480741022793694
0.1458539330161641,0.35262596828404474
0.13556965641126534,0.34476429348406173
0.13852190232237635,0.3440765416964679
0.14296396016960178,0.34080980662593774
0.14328246968290978,0.33020916343396384
0.1408412676806244,0.3532542402563114
0.13543462992687766,0.337481460947017
0.1411618689739708,0.3413294415598517
0.13472203719585213,0.33806341611503754
0.1439902776889801,0.33989243634543315
0.1400752273346818,0.3407684731532872
0.13589035114136824,0.3416282254736744
0.14224104903545992,0.34218548396842685
0.14050118615625545,0.3430243861607039
0.14418316662216224,0.34952437735005065
0.14149303051152176,0.3417448014167787
0.14592622448875298,0.34254159216423036
0.13299865028636243,0.3461075241573388
0.14363389187809106,0.34093100213385924
0.1402697623055291,0.33817223698774196
0.13811239408807002,0.33458776902854215
0.14982526464384094,0.3554083735779506
0.14695871548725756,0.3384805181483947
0.13822666915179538,0.34710448447148523
0.1550701137622737,0.3471442378995862
0.14934180891126028,0.3443670721479564
0.13208485303616946,0.3400991961595449
0.13976513749036806,0.33993606558021144
0.13529922369313974,0.34906611711966345
0.1348840057021791,0.3435966459283027
0.14038713443062703,0.34283471890138584
0.13956877884314553,0.3420175796940322
0.13799758348482447,0.3421509257682804
0.14503345822952562,0.35322890228390036
0.14584528330180335,0.3390083040080788
0.13924322187975566,0.33738034449824195
0.14748492137801342,0.34824670579647987
0.13420047625757647,0.33358012754426386
0.14311028145564067,0.33699312278040416
0.14106836993067418,0.34171708335489537
0.13511045586112955,0.33752438453955375
0.13666513017667603,0.3404085316037893
0.14685725599100416,0.3366502883832271
0.1382523694213507,0.34182095283430886
0.1387373494802609,0.34943824735160006
0.13910263691172925,0.34469917573945236
0.13672049235387718,0.3295828573322884
0.1418870673718135,0.3437216314672657
0.13877203302232552,0.34076425388574244
0.14803654413140896,0.3496466871721568
0.14533598609683854,0.33455949967449766
0.13900409149322795,0.34558141047924096
0.137844744503242,0.3471994204496861
0.14529154366315455,0.34659407702546674
0.13945597063664106,0.3443058675543713
0.14511896675608882,0.3384457400265089
0.14244354232069353,0.34008060371477067
0.14846035974224653,0.3441306266677139
0.14204709975194418,0.34176898373605263
0.13737483994624564,0.3441080672313542
0.1434616614706573,0.34972886134834047
0.14206583868311193,0.3525200849005263
0.14513974397115492,0.3320321039113922
0.12862200687634154,0.3403847255935531
0.13527468258920283,0.3462325832481578
0.13408047617619112,0.3351115428851485
0.14119890851600625,0.3463654134279529
0.13435577676346427,0.3309693504248878
0.1328064641182051,0.3366711033698819
0.13120641376298794,0.3470341652479236
0.1316845425082638,0.3433960944324413
0.14142657103582043,0.34781551333760924
0.13450304847744,0.344227306305931
0.13360319452302455,0.3479348123499235
0.1332843621544664,0.3382746286117932
0.1296799364321301,0.3432257027497235
0.13420647568041968,0.34275011449576626
0.14242623758768252,0.35267123886032703
0.14409367730661438,0.3431011818073433
0.14361805362665495,0.3423879870201714
0.14173654249014536,0.3493769284723462
0.13615863856780128,0.34454791918581706
0.12692229723809323,0.34057140127241986
0.13402434978437025,0.33209320381414087
0.12829895963115245,0.33837881854700425
0.12876292687380447,0.341116592346591
0.143593588138511,0.3433694489389195
0.12767228659118057,0.3419364223837966
0.1330455673844024,0.3421280985236298
0.14215861141717945,0.3486500662676573
0.1459394997289443,0.3508520862366673
0.13608368240547825,0.33993321468603704
0.14292954407451838,0.35723735937821477
0.15273084376513488,0.3410342359975913
0.13117692795331148,0.3430374333835418
0.1451386255407168,0.346125809026713
0.13056828070612497,0.3430542580528536
0.13280020385208544,0.3496211855598732
0.14494259156988012,0.3420420617377352
0.14197446535802852,0.34642730393647825
0.1339855910466525,0.34474348637991437
0.13380038776576614,0.34542790185026256
0.12944433079248313,0.3470948314911985
0.12602201956927708,0.3449156062155732
0.13643851742286153,0.3419147070991901
0.1290465848400786,0.3450233021391893
0.12775883435304822,0.34096914546340606
0.13932743756631993,0.34023045471944746
0.12628838364451841,0.3374231499441557
0.14154457675686838,0.34043771551885293
0.12838633735724947,0.3475321790395774
0.1333832557602735,0.3418167655918418
0.14195570368599272,0.34143132392396125
0.13915616628124403,0.34208175187154366
0.13655300075331467,0.3516296785978521
0.14206759008454584,0.3467837811817604
0.13860427460218264,0.3408564749766808
0.13533811388627573,0.3405286778023262
0.13871124203245866,0.3473436900280736
0.13945665601591065,0.3372984286549228
0.13843972354871578,0.3497000145157137
0.1368413641231356,0.34813354017045156
0.13584342374164263,0.34624441734424927
0.13138299351708443,0.3325735024316351
0.1434044557727458,0.35491230380845645
0.1346380083955237,0.34137893988657386
0.1331108060571438,0.33851540757305687
0.13940437569233763,0.3486934010347749
0.13014242239094562,0.34195023806225644
0.14036474705119695,0.3497043575294289
0.1409155847535385,0.3523073435725228
0.13390318669227202,0.34714057219599453
0.12933776752627868,0.3444157069926027
0.13250928285499572,0.3413707553417786
0.13349597603858937,0.3343626856329288
0.13092995418294276,0.34854618618573197
0.13828213301633974,0.35082702780591757
0.12888652451442287,0.3450763355729221
0.13752439042621276,0.3538437538436595
0.12826571977264853,0.34867474372967033
0.13497554681911886,0.3488098353625359
0.13190263358603213,0.3434062187785113
0.1365736081489057,0.34547014028868134
0.12443401907543389,0.3366011730548351
0.12125335414422095,0.33969253275973127
0.12063643835543524,0.3465884000880052
0.13296832367749029,0.3419787628601623
0.1388689398165157,0.3413722981536285
0.1266736347601071,0.3352034706041845
0.1314097871662184,0.34011962234782517
0.11778377553676662,0.35350976845038745
0.12095935712544811,0.3459092245120544
0.12401834937669098,0.3367958800308053
0.13059729874101125,0.34274977298688697
0.12614983678261923,0.3490570487149461
0.11194290564236255,0.3504164459662764
0.1300065657883146,0.34274050454502064
0.13272526820002323,0.34373457082098174
0.11423265464937393,0.3457125666212631
0.11642431287483954,0.3419006078090702
0.1264007638350994,0.34670597806886194
0.11971542294505906,0.3404162160180467
0.1192655015548788,0.3419642743431216
0.1296356473592982,0.3366649546936871
0.12695266490700036,0.34836349036197867
0.12126368165529873,0.34241921778386336
0.13893999469149976,0.34668215671301267
0.12505686422370033,0.3402629101251865
0.12593332367833898,0.3469958619485192
0.1305638323635337,0.3486863583896706
0.1199498962313237,0.346889443956051
0.1255689553423653,0.33906533007573575
0.13203420247572076,0.34232650484921817
0.12532289318700093,0.3392949337235531
0.12921281285492522,0.3350389943217292
0.1281188260544847,0.3510900224676492
0.1286626322738504,0.3458897995539158
0.12348220254675384,0.34509302196208813
0.12634298919238823,0.3422389803441384
0.12030825384142271,0.35003974025390583
0.1332269513373013,0.34214885528179206
0.13065818300291804,0.3509082863780269
0.12353789013826764,0.3365783297123704
0.12235828152129428,0.3433878681951973
0.12311004489373217,0.3412235573630946
0.13611919635029632,0.3459415040307048
0.12470334710716299,0.3469820487806833
0.13147252175933394,0.34261049118798653
0.11422390454658685,0.3436130639665172
0.12167116550578987,0.33873027439168935
0.12227720142398055,0.34698670102348717
0.1316357263486814,0.3489249551405249
0.12180925285321702,0.3517353532999784
0.12425922619192585,0.34568617019747333
0.1348995893524465,0.3471313582083992
0.12997396395507416,0.3573277159677063
0.11765805435388559,0.34881345086153304
0.12155529882662928,0.3514930826790423
0.12788286385774264,0.33945386148103107
0.12194523042149953,0.3429096366156725
0.1319159141493702,0.3408217064179502
0.11982401882185391,0.34851504656981613
0.12474784154833811,0.3431269890649243
0.11533417975817664,0.34656944251593863
0.12347042408564932,0.34047465285174466
0.12146961578021069,0.34871480128725696
0.12247873706262809,0.3495907704146897
0.10594833381963736,0.34528893918073317
0.11690018048693003,0.3451029551987557
0.12457164919130093,0.3439960769376233
0.1288628765238513,0.3474637143339479
0.12687156871485705,0.34995333767689185
0.12276425420819814,0.35094058564431024
0.12634909123128094,0.34967641205132294
0.12948801210630537,0.34914063161714814
0.13150430346746403,0.34999715039561774
0.11696201939212729,0.3407150509523611
0.12373124000038868,0.3472850671719639
0.13329563433632685,0.35585566630006943
0.12349762331588204,0.34789623814044124
0.12467539432092099,0.337596542492451
0.11502573667568042,0.34891736019251623
0.12899999677264828,0.3493577246571028
0.120314564762721,0.3475857315958788
0.12248908497834385,0.35112023908563944
0.13095508993291435,0.34121151911785275
0.12181681825409998,0.33945933456200555
0.12296455070294146,0.3516117462533266
0.12035314098518358,0.3525511914435695
0.1249281484619608,0.34686153951894366
0.1360838857938945,0.35188113273279387
0.11985984030143758,0.34528421716761265
0.14083754718165264,0.34835132290995874
0.12620140199030766,0.35134057098068144
0.12260405451534903,0.3484545322410567
0.12028879832451633,0.35315905997740665
0.1303078860728972,0.3488685349383039
0.1154164910478995,0.3421358503770777
0.12641381075406855,0.33829645797472324
0.11653150024439014,0.3501867728319837
0.12000518511788073,0.3513159321520445
0.1288601050841568,0.3542157580165676
0.11823704590521017,0.34665845222441366
0.12477257515320742,0.34414174783411156
0.13962500765321212,0.3556190461892171
0.1290261955764967,0.34570407510521317
0.12537195099633966,0.3462866227576426
0.12405462393941014,0.34365547699294824
0.12818096955523636,0.34603576752067
0.11942452493683246,0.3440638609534612
0.12998298441881104,0.3488121869047385
0.11950477048338207,0.347078173064616
0.11019824293992979,0.34094771034758087
0.11250917193844942,0.337356013354842
0.12647868897970352,0.3471492445714941
0.11806822649204714,0.344664170501685
0.12126693779963642,0.34372153271716327
0.11895403599312451,0.354158436360898
0.11307584441162037,0.34370918467470846
0.12245356772388634,0.3512379461560121
0.11603654887040499,0.34665472198569186
0.13031919111271162,0.34245900471139995
0.11966522928044823,0.3447513892238942
0.13103405422596506,0.33790139033280786
0.12053929606219507,0.34153406537359404
0.10938235937061652,0.3572241979961341
0.11450079869645881,0.34483659916383835
0.12626490697458398,0.3508201943108193
0.1267913245370761,0.3499324659265998
0.1253001130800002,0.349746735579181
0.11429094004129196,0.3474112794692057
0.12080176135495793,0.3488205901388365
0.10014894944369646,0.34397786626007315
0.10883725006702291,0.34043069952759236
0.11765742173043708,0.3431545814458497
0.1256590465403318,0.3440861070163377
0.12167722471375284,0.34540081864847744
0.11805249146661657,0.3470646505708276
0.12113936186764743,0.34679250355478525
0.11543389597788113,0.3453774267913243
0.11948123138947338,0.34245769037458634
0.11460940830549325,0.352727118373285
0.11556575458427404,0.348602907246917
0.11745149589898557,0.35316392696751386
0.12675787762256233,0.3512193409005467
0.12432849570236425,0.3507365555951907
0.11231988001979981,0.35364707250662863
0.10765049274624647,0.3431357976002386
0.11729844247987786,0.34317967314741277
0.11865524442492764,0.3428428999120782
0.11299441328112043,0.3515158633713334
0.11660125319774858,0.3431215579714431
0.11044022272410242,0.3497923671516397
0.1069260187657817,0.34895474024881173
0.11137394862846985,0.34824947061300193
0.108212272775961,0.35257581945316574
0.11242125656890194,0.3427806765573785
0.1234671529685979,0.3448042509870763
0.11537695386217807,0.34690783051323487
0.1125081088489164,0.3499946531160579
0.11050820337825253,0.3463088911610439
0.1084343909742975,0.3423167707067567
0.11476849298010881,0.34094777084218647
0.10523721744143393,0.35789555443745397
0.10131952317994243,0.3401383969337276
0.1056056458556852,0.3468205102679365
0.11271335235131902,0.34561214386762823
0.11129981619756911,0.34348177769769395
0.12406784066023865,0.34287158553127656
0.12348557845320017,0.34460854525523194
0.11262847061371405,0.3488559892234507
0.1021089273894156,0.3447894933088062
0.11514017709131373,0.34125226057848623
0.10381184507594811,0.34556214998087326
0.10789746796297438,0.3508496883512402
0.11122997313159516,0.3397101916577969
0.10710823187621929,0.3397579278529197
0.10804151552637979,0.3458314064236368
0.11501406786107994,0.34833044183423684
0.11969018018669625,0.34835757216609337
0.09929544824381785,0.3493152264830578
0.10120436372062844,0.3476102068486968
0.10742228751632428,0.345788428920851
0.11562324194080371,0.34696582102258444
0.11485225357905929,0.360160187383252
0.12597036440781875,0.359081631567711
0.11421109333879559,0.3380095523300915
0.1058325599661853,0.3390511916210223
0.103409024172622,0.3409090574366859
0.10343868869398198,0.34215190645260857
0.11598903301551186,0.34549357042546547
0.11228010031305663,0.3465904774226551
0.11573177448886235,0.35218265299245854
0.11917644060239709,0.3602933212530354
0.10643644758066914,0.35021980668115327
0.10984112226408511,0.3533302715413769
0.11183861905428923,0.34774085063874527
0.11907436188154365,0.3541342504749698
0.10675987765004102,0.34920844251084815
0.11170784180846763,0.34987338465788553
0.10437923024470941,0.34920015276161737
0.10222682147397807,0.35189357545669275
0.1120759928590577,0.3481931593905317
0.11526815981233465,0.3441707224888408
0.1074462837373199,0.3548982275889499
0.11876282440084555,0.35054573210720347
0.10662875611204668,0.3446313935124045
0.12379416022493152,0.3478911214567003
0.10657390005800614,0.3482424048565431
0.10464305734192796,0.3517428171472648
0.09695148449047869,0.34620401794549227
0.11096713900510752,0.350721655916526
0.12037394807200165,0.34818850405231516
0.11211066388634719,0.3510573189863974
0.1111671262611553,0.34069629922036027
0.11422807613289654,0.35497948268137147
0.10239279035690889,0.34738237791771925
0.09997601767998654,0.3404629165055663
0.10785097771537638,0.3450783263835035
0.11846408642206378,0.35536127565922626
0.10565912210534366,0.35058655763872476
0.10957519898440682,0.35782858410273954
0.09992067128889605,0.3396321057236249
0.11874674834000755,0.3594325886263548
0.10054180434980535,0.34722190440874484
0.10828913565680584,0.34214511107221673
0.10360405098485802,0.3495274092427293
0.10915546877815202,0.3440288223648768
0.10748346312476613,0.34376869892892875
0.10735789554130462,0.34660584597400407
0.11456787347566597,0.34670153714332264
0.10226765035060842,0.34772954546391016
0.10213286155885615,0.34291743367146676
0.1021253241711084,0.340361186978209
0.10780677108839849,0.34673909576320683
0.10800157563801673,0.3511709949485333
0.11198225200047593,0.3516117423399517
0.10303869997648238,0.34450299977067456
0.09487888107670486,0.3533825978794032
0.10657913083810998,0.35206379313249747
0.10903776078089965,0.3468897939067057
0.10103991670510484,0.346220531945619
0.09880338442614138,0.34614877082614237
0.09947793195171493,0.33922878154114855
0.10876103047394459,0.34671705863364166
0.11152420754244052,0.3512517910729324
0.10262060707501842,0.34625474684932034
0.10893947185557566,0.35237874584481965
0.08854530789335316,0.34696132859552914
0.11032698972444918,0.34287484685604835
0.10022297038214474,0.3442710650662339
0.11571261977585015,0.35206460212020674
0.10070491553293358,0.35292639245746804
0.10825298644548319,0.3514230191358655
0.11159240234233246,0.34805463797969416
0.09395291632368893,0.3505200461070857
0.1114881347277471,0.35183308393670676
0.10239654924517408,0.3452267499280062
0.10873685687998337,0.33769448609323394
0.10083038329541158,0.3490475779825268
0.10611620184404086,0.3446687377221095
0.0978456043794971,0.3397762975112052
0.12150046949246306,0.3476685502225125
0.10092806936061544,0.34716440871850734
0.09661949618887082,0.34565019771331
0.10871351881978032,0.3539315389242012
0.09895777276627334,0.34207644642085877
0.10691352796514299,0.3470807796579133
0.10365841143350299,0.3516858474174782
0.1033436260911918,0.34898438177236063
0.09497899677272097,0.3412474339702799
0.11765682779034518,0.3494447938335168
0.11084910642949457,0.35693960572519845
0.11466254417817548,0.34931579145931557
0.10297240436726846,0.35141104782387195
0.11428847648918493,0.3462570104270548
0.11071044171955711,0.3528963445432992
0.11389075056157504,0.3522925118984769
0.1106495919417001,0.3482880393351894
0.1120831134289497,0.35120944555778427
0.1049404145923567,0.35710928444266105
0.09718912310092377,0.3422787029256211
0.10523640928547132,0.351879330835868
0.10543476614492081,0.3483722603516904
0.11494743800347951,0.3533335855284194
0.10236287197733239,0.3594758131343791
0.11306563806182506,0.34446538006181193
0.11588357472663731,0.3506880218001765
0.10680031105051759,0.3465008119449509
0.09896407325183897,0.34601677550457416
0.0976690720582105,0.3459120671751137
0.10320801248388108,0.3519220529713141
0.10316928793220402,0.3485714621444716
0.10072412061784947,0.35142579604212537
0.10172954407685189,0.348761740642131
0.10502139037141518,0.34682600910177996
0.10021311370949959,0.34303673084175273
0.11098497250061226,0.3534946767349491
0.10608279326410493,0.3558521275239404
0.09615072197264816,0.36283307152943034
0.10840242217521483,0.35210999262377407
0.10211835439164675,0.3420610260741129
0.09881915015779694,0.3498149450635685
0.11595422837918959,0.34666086470118695
0.1058642678602849,0.35604393457752603
0.10246049998243786,0.3556841100784082
0.09755198678267664,0.3509974882199881
0.1091005628662494,0.3538288489546589
0.10901807949624212,0.35421349696882215
0.10140794383190257,0.35919560896375996
0.09970411085377662,0.3418926673249189
0.09318853993959893,0.34488386502759766
0.10005150749769033,0.35368564823453735
0.09736164193958895,0.34448373918411945
0.10008510060011201,0.3503455261473838
0.09359895851949732,0.3462016838197717
0.09345420528204074,0.343030645588982
0.09152650590810198,0.3498150175043198
0.1064867088760457,0.34755763939384343
0.09472762220431281,0.3556610328207881
0.09701672614514774,0.34778421013750016
0.09786758517640418,0.34674396344478614
0.09346781298575611,0.3454143093465731
0.10211720672423763,0.35239016067592843
0.098426413243629,0.34638425892619956
0.09900146183897651,0.35269889890383727
0.10367133591001351,0.3511697346615995
0.10179089281389325,0.34947916227378545
0.09858541897827046,0.34286299942648485
0.10629848536479175,0.35859291362550755
0.09926637427723889,0.34937836205919015
0.10642112492807478,0.3531937082232537
0.10109429335819589,0.3495739268578182
0.10378969092972093,0.35801572463483994
0.090980263402694,0.35463566779593525
0.09367523672217966,0.3481604511385797
0.09638382679748002,0.35166146378020924
0.09676597436014076,0.35178336547065997
0.09968858761803523,0.3505588395685362
0.09899434199352804,0.35331606975970303
0.10314443694394977,0.3562277164428902
0.09472330503653437,0.3538895715610575
0.09955116729314371,0.3440850668502655
0.09157331440348962,0.3536678367767008
0.09858138009761376,0.3412692246418269
0.09248289930741599,0.34852643747027695
0.10065713303363075,0.3440088384124063
0.10168968846841418,0.3524616895115692
0.08886123204992122,0.3520941380490658
0.10598908721584659,0.3529261271452395
0.10564982166086447,0.3530887746665124
0.09290091903150823,0.3470281738869636
0.08887876962392322,0.3459236719582338
0.09969987164075114,0.34791787233584953
0.09800837850691344,0.34802896626483476
0.08488600789464935,0.34947796131581343
0.09762350347054687,0.3470444933527059
0.09740242088443538,0.3438707635976636
0.09427413577858457,0.3514476159762044
0.09636991763579804,0.3510382045415093
0.09721546799503972,0.3518878699508621
0.09089542978494931,0.34241844687509254
0.09958008622143824,0.3495922787711057
0.0883818822132884,0.3519149690114919
0.09853334920518952,0.34155634028006054
0.10359607445018792,0.3644871112790603
0.09451778711432166,0.3457105408123546
0.095562255601281,0.3570038026854138
0.09161735589244473,0.35400484604490573
0.09667506148573049,0.33621795390582004
0.09297823677883175,0.3488944674601115
0.09407850351207704,0.3482764625432971
0.09587436213761154,0.35683983315848383
0.09641141101260192,0.3606617553634263
0.09661487798497964,0.3469508359870708
0.09759272887249064,0.34957850762852066
0.09037067043746576,0.34812563038818073
0.09703094449896563,0.3457384610452192
0.09162376662798807,0.34599187893795724
0.09802666887870894,0.3487314567334691
0.09156305469672164,0.3481213480705602
0.10564950035391081,0.34240408797553923
0.10002167641776513,0.3557843763095968
0.08856371374880327,0.3549955867252263
0.10085419967781029,0.3503366145018743
0.1019703704545625,0.34535446480841375
0.09355014390492697,0.3342413828190513
0.09199863005579664,0.36047794228343266
0.0926131270914784,0.34263031397666555
0.09660396172279907,0.34519556419645503
0.09069632664185763,0.352241614401001
0.08743763692725648,0.34310837807394146
0.09325712566214946,0.34976024427957053
0.10679291111782048,0.3536643414811491
0.08872854182798372,0.3505274553968375
0.09515866024538107,0.3517635286799916
0.08501224734899357,0.3509836036967488
0.09167721601719162,0.3440285925901292
0.08955769048292689,0.34785661024326364
0.09058113742254413,0.3539889698194572
0.08976930584058797,0.354616071914993
0.08448979429926246,0.34901849564834386
0.0973360586208089,0.34530508643569413
0.0935404185606516,0.35129071805353684
0.0952131578193979,0.3574424835972806
0.09063360355345228,0.35355513140269357
0.08403943388370984,0.3419996808054621
0.09708965226973254,0.3478278193131575
0.08877148644522014,0.34840144400272494
0.08530438977718974,0.3544560990585904
0.094158130062087,0.3420056797616865
0.0923209800331727,0.34588758986785456
0.08794628814848025,0.34896472490719327
0.08981850400587914,0.3536714299732393
0.08535948608482552,0.35085878060340575
0.08465279284012649,0.3488698666927659
0.08345306481911084,0.34942631147049835
0.09561928683493123,0.3486077592557123
0.08558820689853865,0.3396672390996916
0.08819059194142718,0.34599974174936365
0.08535464519871133,0.35649591477636394
0.09186496486436911,0.35596847851862695
0.08584513934473359,0.3460381882436848
0.07139149817900295,0.33903000485865703
0.0940388628288743,0.3511135531295667
0.09652887597142759,0.3552878191700787
0.09182851869979645,0.3530456341034725
0.08711282998431018,0.34610395662815663
0.10176355410108849,0.3640512724975991
0.0875367454454948,0.3493377900352776
0.08449063139834027,0.34554682923866314
0.08213612361736064,0.3490422012078344
0.08789664816624237,0.3513958258285685
0.07965656372628055,0.34596350199134074
0.08786825767641752,0.3491900825031588
0.09325633361047696,0.354009081923685
0.09207970058652068,0.3556660884176316
0.09175424408003244,0.3538843616271603
0.083538464888215,0.3458443524624122
0.09123421764992572,0.3503017235567834
0.08751424422603858,0.3496608821623975
0.08358796765265919,0.35340563775413214
0.07748121404936005,0.33524494248951564
0.08532815708491358,0.34718468404712755
0.08622067764091274,0.35051377500453856
0.09675126770380808,0.34946828423588905
0.08935780320313237,0.34495244337436576
0.08339102125861245,0.3480616768236331
0.0866101562973317,0.3504248575234456
0.08595388826157942,0.3488781348155945
0.08529136563330011,0.35873188338537687
0.08966035676276551,0.3445584071074553
0.08987240480140732,0.3513813375401306
0.08565731428753377,0.3522649775400735
0.08614777335541256,0.3451818155816137
0.06875137471783496,0.3444183083686612
0.08328812567882714,0.3436789506766911
0.07756685479531629,0.34421949194254037
0.08031655914862865,0.34880691643002193
0.07672434847236098,0.35110865677885167
0.07849940285750932,0.3418883984678294
0.08075818719916467,0.34319812643205416
0.08601827561631334,0.3575684529532916
0.0802320225231103,0.3444055950735802
0.08825806663569061,0.35384861494139563
0.0869162988507537,0.3442328193035851
0.08675578041063775,0.35404026747248785
0.08525855880671618,0.35571482371746405
0.0964905080460213,0.3585063151087589
0.08984617600343693,0.34354873705335215
0.08766366217511205,0.34922841851970854
0.08908684338778551,0.35191296378943066
0.0923574971919889,0.35358751511207454
0.09297515143767524,0.35161615447204003
0.08673871161961552,0.34940363382565187
0.08506990092837755,0.3537149859552613
0.08434454689017995,0.3574929223434302
0.08160590997178427,0.3409265275869043
0.09582732882005794,0.34084583068368285
0.08575548516686166,0.35129152488460924
0.08159325402105196,0.35338448791222565
0.08266326483622832,0.34772522441628523
0.08931548472675052,0.3515457076005233
0.08107108902936078,0.34720267133307237
0.0838149444029628,0.3564546342930005
0.08916625150670486,0.35194327896310584
0.07728668213765812,0.3530921609594553
0.08096417673647094,0.35735962212209416
0.08848687619977989,0.342304097267063
0.08911568970389314,0.3542127229589755
0.09297454089240723,0.3450595737891048
0.08428023049279267,0.3495949274300994
0.08068968981132744,0.3491188935774772
0.07604137779527155,0.35460645364010934
0.0795350902758741,0.3432472758465752
0.0865101715170496,0.34739432716589513
0.07800318621421479,0.351809133189438
0.07772066931096912,0.35166535198254556
0.08267919037607485,0.3553846414334655
0.07026692971265423,0.35453921198033106
0.07905072316752262,0.3467031322658435
0.08699833505233517,0.34392390616563506
0.07813595794473639,0.3433634912334491
0.07501322567159817,0.3466964340987468
0.0664577490596506,0.35946702014516924
0.10017303093375522,0.3457164903958135
0.08315616105787765,0.361262537985653
0.08340592350935398,0.35198225441873887
0.07887708702763493,0.3418190170153085
0.07416305302325615,0.35843427551312146
0.07349372349113045,0.34793955732428306
0.07926173074019256,0.3535761131042185
0.07375470845574117,0.34725420207029545
0.08394025249115067,0.35489574038041766
0.06801053479280451,0.34247208908638027
0.08250332184719546,0.3356670762538614
0.06861384123091567,0.34888531934917644
0.07741722502803311,0.3374378815670413
0.07005293008774886,0.3517768663751797
0.07626806434098533,0.35634751092661693
0.08215938504465764,0.3548823534612515
0.08165390885050919,0.3467774473247632
0.07725724954479896,0.35094119381968664
0.07481042539868174,0.3439153416235631
0.08773254884607747,0.34828732667666845
0.09109438335351701,0.35713260610277053
0.07701112155339311,0.35620212247699223
0.08348410791222309,0.3471945458978449
0.08589026102291303,0.348907488311753
0.07870724545972299,0.35910681704450753
0.07734436148800321,0.3605203782666752
0.08536865006592824,0.35260968918020347
0.08652679840558145,0.341382094115912
0.07698715322307145,0.35090318737656234
0.0782031480466554,0.3485479316393565
0.07633298333532479,0.35178040456845333
0.08103400835743992,0.3472775654412319
0.083448469466089,0.34990830597377826
0.08121144613433114,0.3548959996100241
0.0697961871711695,0.3529033554956662
0.0835421239529027,0.3530351611487832
0.07583589183898765,0.35840518291319046
0.08630399852682633,0.3466604958446756
0.07301030334236674,0.34169629533608975
0.0759453401883257,0.34939969413129596
0.07865271710176563,0.3516765143787502
0.07680553408696097,0.3582351758393023
0.07278110815900429,0.3495596361054004
0.09225366000519403,0.35289242759223166
0.08191556832419616,0.36079822326228045
0.0813161909453367,0.3526425948257677
0.07574407337770209,0.3461814948719653
0.07840830865186316,0.349796485414195
0.09249121012163558,0.3603733240608587
0.08465951975268292,0.3568723882530775
0.0777206383219932,0.34842804316455517
0.0854371979635939,0.34955213758394293
0.0864042154597166,0.3460333155186053
0.07643563502414073,0.3466856677841395
0.07379709510807782,0.348633115241243
0.08105040469826943,0.34866042900295774
0.08081972594122763,0.35724578139851315
0.08180258380638432,0.3524485044850403
0.07370505600816012,0.3516629399834981
0.07794087987365435,0.3453677651790431
0.07607892108848666,0.34977733840082487
0.0826209652826469,0.35089026008644053
0.09056006325000929,0.34664210126092
0.08220369686546035,0.3561213642863595
0.0752189771500282,0.34935247348049214
0.08500510389321685,0.3473818690495472
0.0765485174962538,0.34584131271185037
0.07961050880334558,0.34430512840996375
0.07334324532080887,0.35407941232032325
0.08463629202136998,0.35806398809534024
0.08326204731605671,0.3486551596782633
0.05775428377388967,0.35340495787700066
0.07503340406429156,0.3410514470394524
0.07250990459109957,0.34775926155555376
0.0784140557636821,0.341050265812638
0.07108433767717535,0.35367914805476386
0.07689685811112887,0.3570424851556102
0.07925745422094665,0.3616027394372641
0.07764372745891868,0.3538711009806528
0.07806903019908125,0.35444396204173445
0.08163777713924097,0.3396854220239672
0.08053015996984886,0.34926736696286753
0.0787003040545917,0.35270659364868073
0.06316242185792541,0.35398944505718744
0.08034105512257143,0.34641108547759647
0.08223368299529436,0.3594630987651419
0.07388701088466715,0.353043394613152
0.07589123821960285,0.34205662740163517
0.08782212618440881,0.35497305914659066
0.08435708240128685,0.35553609521382656
0.07769856110006394,0.33737260715816747
0.07314512930607588,0.35467628900246634
0.0833421165706093,0.3545788872197743
0.06873171257487377,0.35246762828002065
0.06847564906923785,0.3543592925429394
0.07721181249021605,0.34851078208364483
0.06841462618524691,0.3404150456845984
0.06303871225092202,0.34557653295123036
0.07831457826057596,0.34721962212214724
0.07322854847587612,0.3500671973474356
0.07532638858769579,0.3583078600512421
0.07545665377169906,0.3432577560775037
0.06747621068708766,0.3406193467359374
0.07312858426400917,0.35376378292369126
0.06798738806446314,0.35103824338277073
0.07362107622453852,0.35253030113541567
0.07516105363330867,0.351225702465136
0.07001007920914784,0.347509280858535
0.0738051933346352,0.35514877851783433
0.07305035417698234,0.34593846061240835
0.08469075239839806,0.34828046787796196
0.07780996301898423,0.35935771782709786
0.06048329393310968,0.3474238228833229
0.0702412865099826,0.34997058888455607
0.07330283497040584,0.3410661052037872
0.07104697045372212,0.34889361125765783
0.07151797454441214,0.35587794397459543
0.08071490146045444,0.34950953328712653
0.07216090686851105,0.35718611222561514
0.07557152958465428,0.3525757178178097
0.07373667721401768,0.3474781752499162
0.06058725775713384,0.34762511622078984
0.06047055861270826,0.3527540094838677
0.07214847737412351,0.3483177053839638
0.0799065892845548,0.35014161662481574
0.07569249113120326,0.3665616216906081
0.07745567239997958,0.34693733289194656
0.07417241616777354,0.3522797696800248
0.07457162661537116,0.3480232934597157
0.07869143040744722,0.347838879630202
0.07047172121722169,0.3480224188927695
0.0718411537212274,0.3501558985806362
0.07474179425827915,0.34734986330887446
0.06446552508352278,0.3489310803624953
0.07383889176551646,0.34648495890559544
0.07645026093923189,0.340326602786574
0.0795519116195367,0.34968736486140023
0.0651665299058278,0.35741019838889165
0.07018534053924391,0.35022566065156113
0.07938796168840889,0.3498615349100034
0.08245630256149306,0.34984572369047356
0.06973363825340544,0.35146925174310034
0.07292023022868181,0.35006169091948275
0.06819068079137013,0.349236911946364
0.07450563173439856,0.3492728124940501
0.06975256112152524,0.3602346197465155
0.08170308660721053,0.35321647676858753
0.07863166458773435,0.353468160948166
0.07520571575400882,0.3538252096954592
0.07634538842697032,0.3558531249124013
0.07505511937249507,0.353805707011493
0.07630751847750905,0.35550592099727124
0.07284996347157435,0.3547467323617242
0.06991955784753603,0.3471421702820143
0.07246038423143415,0.3493711190744336
0.06669035559909271,0.3524538602447242
0.07534844194475163,0.3532784411158418
0.07125985885682838,0.3560842720219736
0.07926040141240803,0.3496981777058964
0.06193093904988798,0.349012225701028
0.07180730028892664,0.3466379571747815
0.06487034491796252,0.34628520612772046
0.06972714157706758,0.350936671051349
0.06823969189481367,0.3388919589419352
0.07235650471785718,0.3571650858207163
0.07084169889493594,0.3501620384825558
0.07476505087895402,0.34829776395751527
0.07836502500135592,0.35192826154036894
0.07114944045377296,0.3433355207037706
0.06865463038345108,0.3588265020986736
0.0663722186739617,0.3558561846009466
0.07723327099339143,0.34471796897534907
0.07648714016616824,0.36737045097001936
0.07621056783327884,0.3541748357026423
0.07511470684445558,0.3625214571535333
0.07351609808277591,0.3518182201365376
0.07188576306186377,0.34602734564566906
0.0808055601862481,0.3510754676891756
0.07009649766448488,0.35519791411101015
0.0842725953087588,0.3500654929834322
0.07424490920867871,0.35359447459002685
0.0663904834792524,0.3468190813243437
0.07111542312578406,0.35138593595571954
0.07213841880282089,0.3427665176593744
0.07562821043572168,0.35055623695640803
0.0636033049675617,0.3574246623665745
0.06741420552427682,0.343766897081338
0.062499137733822076,0.34410829867881626
0.06689966393510091,0.3474459584790359
0.07168464650343001,0.3467839922324742
0.0594734790085291,0.3409145465177092
0.06224068480911205,0.3423856964338253
0.05861846387755451,0.3545145383067552
0.07412335011939367,0.3603548623176927
0.05573289638306528,0.3518489531420989
0.06841115190561035,0.3437745748754134
0.07176590964534924,0.34210301265686216
0.07031226229705662,0.35353021879755003
0.0732943461266135,0.3501949264221368
0.07278841578794307,0.3542948853747099
0.06195382796227592,0.35140104142360373
0.05662426749706587,0.3540644402485793
0.07659235536279747,0.3597079545184002
0.06886644915458508,0.3567023680991951
0.06566035980276427,0.3540309686060764
0.071441663393856,0.350890006465501
0.06530724942726014,0.3364206079529272
0.07049109312573347,0.3543148391681562
0.06987595007785345,0.3431333644853757
0.06576818732130153,0.35020422902937665
0.07445288327717374,0.354784810095106
0.06437715664729055,0.3435482076008599
0.07177939816276661,0.36064827557843177
0.06214441572974435,0.35160769264705166
0.07793049501727914,0.3584729574076187
0.07146582095276932,0.34746255368911194
0.0743070247418092,0.35234609486633717
0.059966947703596396,0.35310069668865474
0.058894043260988675,0.34828041406279375
0.0622351734925096,0.34058475490486173
0.055316349258478045,0.346396355247012
0.05910783320094987,0.3468733927055015
0.0680131134044892,0.34505019292951666
0.07321357547055038,0.3501966108128959
0.060590589604733576,0.34446066143186127
0.06374970586390959,0.3500994588999032
0.05900549535369623,0.3380457009365197
0.07043269274473486,0.35222926765418555
0.07027320733675721,0.360701454702548
0.06597123263761588,0.35886784360540536
0.06869896724988456,0.3613157662785779
0.07399486862213263,0.3534085240542354
0.06596823555382364,0.3379575376976433
0.06202630286259689,0.3507116845522352
0.05856119493257987,0.3534542211315737
0.06165894398812969,0.3498735504370166
0.06985687792489262,0.35314316792635175
0.06864710388134995,0.35866735659149446
0.06639002691111505,0.35684282245361015
0.06952780172253337,0.3636351857849358
0.059620184528229696,0.3478728789298207
0.06585388630693342,0.3432992997779212
0.06382049249334412,0.3440350449321197
0.06943236723610614,0.3516914671526072
0.055961787898234236,0.3450759675358663
0.04742855948880844,0.3408204722190445
0.0658895877082233,0.3601135084465458
0.05689198402442692,0.34401859132667173
0.06476910983944409,0.35439908619575067
0.061634182914624566,0.3483676384318866
0.06199849755117436,0.3504817659773139
0.05795607110669864,0.34849044018490877
0.06855522081236903,0.3527495786656639
0.06442378601929538,0.34837210715281736
0.06715606873955265,0.34747778666416584
0.07703291075399017,0.35332127526170426
0.05855381787586681,0.3580257046205982
0.06650284507077778,0.34688179259289226
0.06566549303145565,0.34684651671116623
0.057798526551571645,0.3582617887112221
0.05642209241862175,0.34574608505401566
0.06185559264401387,0.35216758097281914
0.06463406497422146,0.3582896880217509
0.05441646925142989,0.36710655005819093
0.06004485619097259,0.3484035687092461
0.06550433977831627,0.348334917357871
0.06547314685396116,0.3526727051280582
0.05536178869640693,0.35113609824753167
0.05808371511793473,0.3464430707446698
0.07267745864865904,0.3551524563058573
0.0677049088558127,0.3612982316025111
0.06796317363173818,0.3513890828947665
0.06000684277166984,0.3484357042458302
0.061184988317648605,0.34890881507885263
0.059804579448034155,0.35524199120455285
0.06175193798681129,0.35766327804448805
0.05451349978275157,0.3496959346133558
0.05650379283415588,0.3370719165765813
0.05473435598605951,0.34846899324782477
0.06555528763495161,0.3528121216798447
0.056447778945090586,0.3522126483430858
0.06494785181037083,0.35304601929989293
0.057935161424277924,0.3442949405921846
0.05632552094942475,0.3441847099719467
0.058611857240549695,0.3534820476471195
0.05176837056549479,0.3490500623021784
0.07233708942770287,0.3510035396757865
0.05155638063975583,0.35186285334760325
0.05343034259204256,0.3525228019787016
0.05444962463405187,0.35135615096037637
0.06233436152323707,0.34093060005682907
0.04856709208878044,0.355216241692924
0.05683466020004787,0.34893529464930545
0.053421571447520855,0.3443991871500244
0.06029397701570591,0.35828585800488355
0.06594991765330423,0.35514935958882893
0.06714814221197275,0.3408046128235094
0.05496527564157531,0.3504878558555555
0.06444825452322958,0.35227096939696445
0.061345823743263014,0.3458132407754521
0.056712507908657166,0.34842322778333273
0.05732371642275875,0.3421322402396493
0.05847693073438786,0.35126588772615386
0.05820271281517273,0.34260240460144425
0.05259034230069584,0.35329976891694675
0.05940335786938586,0.35184395291100334
0.05621536210054715,0.34880791142588746
0.0668679142868747,0.34633106109989187
0.06037436594604177,0.35073294208558137
0.058841338296068156,0.34741614058796594
0.0582140521757601,0.34346758513554815
0.06028470941184719,0.35568244882194877
0.06405137065059684,0.33924995912724315
0.05792106358134373,0.3511521224353404
0.05018577904277103,0.3458785652521521
0.057173901261928096,0.34892728491783054
0.05857750435919927,0.3588671526796384
0.07193678463106655,0.3524329011911587
0.06323502822567294,0.35755886185077035
0.06427342123966741,0.344209359575393
0.056199592272210615,0.3525970287642496
0.05278280423632147,0.3557558979230398
0.0627228543688381,0.34883911712456206
0.057103545922687585,0.35476961113562644
0.055933306071743655,0.3529490984711671
0.057296345876569205,0.3535878449352781
0.059829689312527586,0.34394076584358496
0.06304528119520685,0.34887257804201377
0.06204650239218002,0.35543060380948305
0.061474689094734684,0.35327287928008855
0.06605754225344565,0.34928311447726745
0.05128925390032128,0.34111391771235133
0.05924151429103574,0.351800338522767
0.05806687982821517,0.3465118835783472
0.06171334525953214,0.3507351073051505
0.05378635070846968,0.3511769857511895
0.05701694049087204,0.3524628886578632
0.05251934290809039,0.35175765028214917
0.05299433196262776,0.3395328279914853
0.06423443777097726,0.34928537431163614
0.05753148358648697,0.3579026049568637
0.061264344514064144,0.3494749451715736
0.042741584720746933,0.34991247542034987
0.060152856930542835,0.35847156919395384
0.05362251055814909,0.3562650616746571
0.05909558571834917,0.35058078401398857
0.06095020192019958,0.3458452478455468
0.061156312378706765,0.35108779136754387
0.054424085839525585,0.3567054827252718
0.052965056382015326,0.3449512608355766
0.060013747168586304,0.3637926345159253
0.05669501819237736,0.34911939674105336
0.05326847690764565,0.3459874209911528
0.047318331417653375,0.35132565881020283
0.058391027606629786,0.33887895605159385
0.056968132570266485,0.356157811361331
0.05198849036544912,0.3513769260063521
0.050396970560646716,0.3493737654773888
0.05503624304341092,0.3523455489434338
0.04436684984404613,0.34847692559452587
0.05663069030655439,0.35308175834987937
0.03979394206246736,0.3444249032922755
0.0627279111452699,0.35308040244567473
0.06116415330291049,0.35246549749041656
0.06352843776429165,0.35557212201059496
0.04883041540140293,0.3607467616061739
0.061364386118877234,0.35238943148759705
0.056250382211657755,0.34839688035778704
0.05358960254362843,0.347111605990792
0.050648350557616614,0.34815032567206844
0.058631314991895576,0.3453107874688587
0.04958614320769617,0.350545603913888
0.05773369331795848,0.3486840969810716
0.05728635508281551,0.3545250839349362
0.058937232795125624,0.35656449365056125
0.05526606229522121,0.3561985410220739
0.05681212746640144,0.3486261765815626
0.05813014115839737,0.35873993619193106
0.05669288441159486,0.3536590261266404
0.05498577037029646,0.352959314752266
0.06193796152428823,0.3618466089882837
0.04288938775553956,0.3505161669904172
0.0502818769933288,0.34686232863103905
0.05387308602284424,0.3465131782900453
0.040986396450243434,0.34214203189677383
0.03475797806545155,0.34785359492793166
0.04984987069406794,0.3610769553781154
0.05948824525591593,0.3546729403529238
0.04989743111998412,0.3536294472084298
0.04817079951471618,0.35600242387497116
0.058077667801660265,0.3435945672338015
0.05402957301688926,0.3473306840638494
0.05380519209959374,0.3407266615138324
0.05289466283234794,0.3533679629060673
0.05356139171726666,0.3526838885903807
0.0557970462381928,0.3490254025538003
0.042906001740761125,0.3535644268678908
0.0530297212123585,0.3469043747009883
0.05826612633275015,0.35749487300795457
0.051230398232996126,0.3488247073003162
0.04529807942547277,0.3546694884115712
0.04738572690830964,0.3480814125626016
0.04625972951963143,0.3439059400740834
0.04634785513219871,0.3478009931314684
0.045557669292299464,0.34831447993287284
0.03788614750684008,0.34452067323936103
0.06081749049598964,0.3483298945840554
0.055143500017499764,0.3511982352567263
0.04576258824738386,0.35067675010717636
0.045949970708652345,0.3441870142461336
0.040683087061729024,0.34983740117855616
0.04645394471198047,0.3493278106424988
0.04820234551083908,0.3535277506545516
0.06484044817493637,0.3493756164605918
0.04409142240813286,0.3560821061789016
0.051669902187175855,0.3501710627953126
0.05702304819457748,0.34062381617321785
0.05036137789129511,0.35512555659536227
0.04963521823061451,0.3631754838158047
0.051991127011283965,0.35039884684716377
0.0554241423132176,0.35710028399296767
0.04468118180607038,0.35157383112773194
0.043872359770212366,0.34801047860849965
0.04701528352181091,0.34807160559175515
0.05467876933414981,0.351090304324094
0.03805219151917594,0.3488103073671421
0.055977205398103386,0.35397660866941133
0.05165015651113977,0.3514850938198184
0.04447801160763265,0.351215474156464
0.04810104741865929,0.3433945328483972
0.0494594100541956,0.3491290244007779
0.04997534570789026,0.34419700893219557
0.039746930359811035,0.34488017932056514
0.03086605403827906,0.34950058290436803
0.043178911929013575,0.35363064597961813
0.040524408615087236,0.3381086158960369
0.049862821750222046,0.3457015316021022
0.04923246833396569,0.3494760705215372
0.05166777409686834,0.35175891241708734
0.039926307627279986,0.3521414924048652
0.0596466460565241,0.3484120906941609
0.04926363636845727,0.34779087103773754
0.04321688063885301,0.34419099768409367
0.05925283434934272,0.35342015924640807
0.06152261470395472,0.3506815857159168
0.05380414534521364,0.3592947872341902
0.043671666578751836,0.35748741978391935
0.05285129429622764,0.3498843707009748
0.0453121349572141,0.3511031485269371
0.044210909586586404,0.35343308357639686
0.04986153478801741,0.358780602216112
0.053594899719691926,0.3428324904543882
0.049643280784143755,0.3434740729548854
0.04307420497529503,0.35076501073397715
0.05632545131415942,0.341512551719857
0.04154785294986139,0.3489754228374901
0.0461048161063569,0.351274894678442
0.050893022204881844,0.35421739059114066
0.03962438913759136,0.35360705382400154
0.04343389033239418,0.34512860038207555
0.04680469701203298,0.3553316804811359
0.04857067922416995,0.3473793358856778
0.03560864041447498,0.35164048534758313
0.04381749785015077,0.3431094745661991
0.044438316509151914,0.3500912019246705
0.045877948194557025,0.3518549635834414
0.04192888482549141,0.3553697860858441
0.059385547842972355,0.34372029653929687
0.046059070328425426,0.3456911988031621
0.045815329880394905,0.35539831726123056
0.04280439781808527,0.35255931568562804
0.050174233073907566,0.3571332389662246
0.04816757896278802,0.3501995943670424
0.048049797882001234,0.3399123113635396
0.04292065215627422,0.35073079383608957
0.05667203977288901,0.3448000041765916
0.05445981055026065,0.3513059392426147
0.0388071646259219,0.34450988238642555
0.043975531281741864,0.3526328824593967
0.05436709481521099,0.355406405447964
0.05282432044637655,0.3513726510163323
0.052454868420307166,0.3493537003758227
0.051011233454202234,0.3615583052259768
0.049134903354509304,0.3492029189244204
0.044486122974297757,0.35405104545120303
0.04997860159117115,0.34751779762126156
0.038467616036866,0.3417215871380139
0.0536743078760882,0.351809398805475
0.05123172171412996,0.35388592714461886
0.04661912164967563,0.3467740790279453
0.04776168697590259,0.3597644768957386
0.052163813848702785,0.3598542025944476
0.042869558046702574,0.34894151160152503
0.047285070487213816,0.3415598540169354
0.04370811857893181,0.3538889167939696
0.044617354923485494,0.3492886509516728
0.04407485276868353,0.354697755226575
0.05199157933700069,0.35307658076025056
0.051112130625853,0.34751122357070896
0.0478471865654391,0.3486956932933462
0.04000563953153648,0.3473914900080243
0.0407865939218662,0.34401491299952824
0.04836648997465064,0.3474497330826569
0.044407821550255994,0.34833734000004457
0.04900034396775907,0.3452950038319829
0.053010144081517926,0.3523711188413733
0.05095715703294576,0.3414134641861974
0.04078137946815763,0.36158667270825406
0.052278942299411595,0.36359961168554483
0.046681838996088756,0.34917895026572227
0.036764201312895345,0.34361856341663216
0.035786228035076674,0.3467497098964546
0.04240039692457889,0.3523326975710189
0.04253234188968673,0.35078825218746423
0.04231783171322028,0.354093752317968
0.047363504740207125,0.34776360093289377
0.04206665666212896,0.3449821107728979
0.04127745555778463,0.3487238201158008
0.040398164192875244,0.3452069097526503
0.04661378053120508,0.3529150059914217
0.041438853282142425,0.34996401647306324
0.044640421036544586,0.34527363378707404
0.04061862726940727,0.35094194130532025
0.039601644998733525,0.35435359423752016
0.05324761595050186,0.35588603067932467
0.04971293443653787,0.3458222089052051
0.04757037280121444,0.3437385594532001
0.04185246648962758,0.35755356902341784
0.047645850231907,0.35630065772006636
0.03875548400515637,0.34982093148144505
0.04151311102880966,0.355774503001434
0.04099926788808549,0.35659170180392563
0.045344779632847124,0.3509474055855743
0.0483913077280627,0.3477739007432121
0.046856890943716166,0.34454789763307014
0.038147771221274426,0.3542522592165115
0.03560055996233235,0.3515005630919502
0.05071307439732921,0.35293958608407466
0.037590717002106686,0.3512687482840064
0.04052635625473634,0.3487777398584653
0.04457424952389886,0.34630607382466916
0.04679675622984602,0.3386912989907491
0.05268067253822693,0.3586056469303869
0.040123462807263637,0.35072144507747016
0.05331441729390186,0.3488300492109906
0.05575928417015716,0.35182732522801025
0.044249416990492396,0.34627804161204534
0.05188135527128818,0.3452754572473884
0.04595244237669684,0.3505245490832719
0.06012682127179252,0.35158063758517055
0.04489516497716926,0.3564303154194897
0.03364149422342881,0.3575702808195319
0.0469391250741676,0.3491503021459906
0.05054265131102962,0.3395907559218729
0.054912172102507595,0.3564580813979633
0.054316023642805744,0.3531876166330783
0.041743118966127014,0.3500394563894749
0.04819895094704484,0.35091053880332984
0.03841419851366913,0.35018983329534986
0.03900020516653278,0.35340429512294247
0.052421404365397474,0.3528521996360732
0.037720069612800035,0.3542809269479967
0.056953442008407504,0.3590636147085776
0.05205605392805487,0.352506186602438
0.04553729384342407,0.3599429082183267
0.04696853566234778,0.3518203109683959
0.051976407528033175,0.351171059176952
0.04106940594101675,0.34924448805375063
0.045336804839568555,0.3477206981997153
0.047162309037108774,0.35468983423763517
0.04685391444065286,0.34750136115365143
0.05525251175932964,0.35081527427027304
0.06113717924243721,0.3589691408182605
0.04006472877710811,0.3412887619340984
0.037704942786855766,0.34740934286331693
0.040310941796869795,0.35170798289882255
0.045817901073673804,0.34759055450185355
0.04424804821482037,0.3535924724890457
0.04336345640100263,0.3417353572892319
0.04908785772789647,0.3505251315514528
0.04539593716676195,0.35485826240144247
0.05309210931824509,0.3546825368710183
0.04217534963918692,0.3531797948715318
0.046406521050613235,0.34918637982123857
0.03809658159366379,0.3461953163652469
0.040418107943400984,0.3494322083391754
0.03059196769733393,0.34810659153532353
0.032704801660632735,0.33828958668098463
0.044583987172131676,0.3467134424975244
0.04465301334104437,0.35308846898822827
0.04280950480320769,0.3554164113452604
0.04480504440098785,0.34591531511019685
0.04484053199290931,0.3489626405374914
0.043661815381422726,0.3454431375233756
0.05103289198557543,0.3512885819677116
0.047288282569647566,0.34821610666490904
0.041798206064143396,0.3535007836538094
0.04582597175268197,0.35357902349982656
0.04071118463524214,0.3437129349171576
0.035012636210425385,0.3472735665262111
0.03374628604437237,0.35042541963993823
0.05110938810880422,0.34919871903642175
0.041672516337437196,0.34832743705962566
0.048276623890890165,0.34924596015754433
0.05127967799782897,0.3623907257600601
0.03940397397284937,0.3418691991943766
0.048072404943337824,0.34775433852878473
0.03878056822334021,0.34581761497982333
0.03839313073523888,0.354282314850969
0.038392226100705897,0.34339741034567717
0.04308024445224694,0.3435251634131464
0.04743161769487065,0.34346846447143364
0.050476093166951855,0.3504850096788482
0.034082883125604875,0.35935577989491724
0.04478243104751489,0.35384197729520894
0.04299873577018617,0.3492188543682757
0.03209024529579549,0.35245218047637633
0.030407843630093828,0.3418317895485197
0.03786115263080101,0.34541678985874646
0.03069223580835677,0.3510865800750439
0.035447619647057345,0.34598831481774484
0.04081365129598874,0.34327820280464494
0.04245597538642607,0.3446770756841994
0.042127435337435896,0.3537534490951848
0.04987705647373031,0.34774930813435545
0.0510847359011575,0.3440244895185284
0.040777222511014385,0.34139319967009224
0.040791675775688555,0.3557629450477823
0.039044104085738995,0.35485092046195915
0.03742359582777795,0.34266850866518433
0.042550376813044195,0.34695255573787515
0.03828744570719993,0.34957066085637145
0.0350475695445337,0.3485221923405801
0.054632830415202734,0.3522924095100041
0.04514316432686148,0.3597903698179868
0.035105171060894336,0.3569853193587732
0.04108572648199863,0.3426815273936763
0.03800230113849275,0.3482920094586356
0.04674621344736779,0.3441045805008813
0.04841443117726212,0.34595450867794353
0.049424223496313945,0.3467561443691314
0.04466812934187943,0.3464870919530735
0.04221180580686107,0.35231275081608415
0.042593009117994664,0.35928402874529186
0.04223307444072716,0.35127191010145514
0.05165847291173936,0.35762989135739126
0.03519992487194957,0.3562438015353723
0.054689634868549254,0.3586499152820989
0.03845863641702557,0.35556689178095774
0.044642850205102426,0.35262596778582106
0.0413397216715343,0.34481959378811733
0.04827870637459105,0.35454365577692876
0.03790000818679654,0.34492739737660316
0.03273264306919952,0.3422426065896251
0.031832870809921684,0.35207159182524667
0.043489488784812375,0.34468197702677905
0.04878206220137496,0.34650441865720105
0.051587320445191966,0.35213239834361737
0.035443874740259874,0.34784129369861594
0.03483805014075952,0.34527610922333085
0.04832252575802715,0.3451475923960114
0.03184237634779939,0.3567397377680796
0.05540392122064032,0.35526333347591477
0.046868765612454295,0.35025644250500143
0.04605553416940115,0.3492190665048896
0.04317838307446673,0.347183654719302
0.04177595705911534,0.3476367807751125
0.0393759513666126,0.3544721249121498
0.039005532312175635,0.34665466040353604
0.04255869741514751,0.3458206545144617
0.04481929818462859,0.34787135167660627
0.03800196278524202,0.34142987502963545
0.030787820395899758,0.348893638024138
0.043117387780855124,0.34961266703255683
0.04407764167090066,0.35973130253539026
0.046232116627857194,0.35386366577259104
0.04073712968462261,0.3505146923993294
0.04555531088076143,0.3512274431967315
0.04461795469839755,0.351529545258891
0.03267508451584889,0.3462739335042358
0.04651431349917841,0.35431716094968724
0.03729189068452761,0.34177676765905596
0.043741197524628676,0.35406036587834877
0.03960635745249619,0.349079956864617
0.03897995647892163,0.34794676634877075
0.043462607570790054,0.3477716288686323
0.03627045857579687,0.3543286102392193
0.03754700718367613,0.34592921663557963
0.04890674371816808,0.3577877346211154
0.04236473624833079,0.3607476926392981
0.04178116537901574,0.34995283033796776
0.048911979820438746,0.35290505065860744
0.03772495970409421,0.35531978641742284
0.03776530053966725,0.35116236545496554
0.040579738922913174,0.35698019742234016
0.03872287546243597,0.34362973421617454
0.03636493131976126,0.34620358507680093
0.04224869745950094,0.34114474623639096
0.03349534106411196,0.3477598047475678
0.03831006613305504,0.3470568279752526
0.03558985735024673,0.3603669568316529
0.037559798151961976,0.3508668096075314
0.03168756087353808,0.3508709295886015
0.03537887990367975,0.3494096139900141
0.03694106445690813,0.3489988096593291
0.03777941540080104,0.3398318690770802
0.04608720430296984,0.34289354118738147
0.04578215927183701,0.34529299567497396
0.03537243472781293,0.34484220995472187
0.03982360503206814,0.3616082297499093
0.03349686706761121,0.3507460326036325
0.03875720828547736,0.3478936594994789
0.03428969855996914,0.349149176417609
0.039759717753223095,0.3457600013288571
0.03131397895718799,0.3424867288172564
0.04386006974818068,0.3407771114258983
0.045569661826728586,0.3478280286628027
0.030287377385231823,0.34045289395462314
0.03767460416254539,0.3455133187784897
0.040247512144024104,0.34812296399722115
0.039260507579538695,0.34891385537803493
0.04406830456520623,0.35183336534392706
0.04258183289328512,0.36161372947103126
0.04328659862496273,0.3464886439144109
0.04622368308764769,0.3494694423676154
0.0337544270498699,0.34417369015580457
0.044975874259436985,0.35061814861715634
0.036686545517387634,0.35146281714101285
0.05235226068748263,0.35338164426828444
0.03641827268108904,0.34832515531867253
0.04597512935958158,0.358000395558014
0.03694906319151845,0.3465013736172047
0.04374988669702658,0.34854482777499507
0.04110625053952048,0.3498069873270275
0.03586916087400134,0.3484559512548059
0.027387027765440795,0.3520722899485624
0.04290749875563952,0.34701801559676926
0.050080253407492094,0.3426420464448881
0.03532774305213586,0.3522717800352319
0.037662344664492475,0.3381865604793223
0.03762728609341046,0.3529190747445121
0.032538888342123644,0.34408021216220436
0.0365004595994703,0.34752743598357233
0.04005647493078284,0.34652943449795526
0.032587284845636395,0.3564142879722138
0.026360963190067317,0.3480579851619696
0.04843289827143182,0.34731344579345774
0.04061662543006077,0.35198055934990763
0.03297217791727572,0.34592174850702984
0.03487222510844158,0.352464431246572
0.04076817422289137,0.357175834464547
0.03590167140395754,0.3391897011114725
0.0365645425492326,0.3501249954471382
0.042616304731366184,0.3513906486328357
0.04054651209545984,0.3402699689851237
0.043799024720956675,0.34630029309197835
0.025549497649033425,0.35325344920141527
0.03898340529193943,0.3491805711843323
0.03182398990057831,0.3438141737297517
0.04043288413913614,0.3521580676535964
0.0358660744324567,0.35297332633965234
0.03842928087523822,0.3475251947865002
0.04311614562094576,0.35387789690959615
0.03881600971523867,0.35199549031735033
0.0337099336598561,0.34889776036790626
0.03225264093221795,0.3407605150681688
0.027294374425999614,0.3395222771189612
0.04665915346731641,0.3511832265922506
0.03654217009059982,0.35243174708597397
0.04255859054429489,0.3587871722550721
0.04402576032768009,0.36365774210163265
0.04023702011714784,0.3553157841311107
0.03467460350863583,0.34572616093635067
0.039950327788478575,0.3470569021593488
0.04384311637121136,0.3475026179413935
0.020320644212009905,0.34589270029696617
0.03113228007578264,0.3460576004980748
0.03802338118106728,0.3503715662968581
0.04243556492274709,0.34481370664379174
0.040613324438232325,0.35233179112060586
0.04132883217596473,0.36460707257612307
0.04165875542570679,0.3528174171747355
0.04126666493240015,0.35929007714625516
0.033550194582237555,0.35681131175476405
0.04237466950556691,0.3485179480113029
0.05325348246597455,0.3456848083913717
0.04035489640363829,0.35260046648945437
0.029045485843082308,0.3538912568309693
0.039071015690545045,0.3392593212241576
0.02975477209691436,0.3536578709820703
0.03632543260793905,0.3529351484295719
0.0366694587724515,0.35528885990938974
0.04301648406929066,0.3506689202115345
0.03975394481544211,0.3461168606721086
0.03548281778897486,0.3514382379213479
0.03873595097929616,0.34697098419815925
0.02895051060153511,0.34998386679206306
0.03147057301897448,0.3450277549459576
0.04267910963904831,0.35030631371064597
0.03382190644233679,0.35405711567914305
0.03804465034457842,0.34672751828917087
0.039817881963037156,0.3541749279204953
0.048692198371642674,0.34802501110793765
0.043086003762171095,0.3523909494442551
0.03591877700032047,0.3580602217817761
0.03703718281867796,0.3464108728440615
0.031971053979901146,0.35605593584456363
0.02406003349766759,0.34395961355565396
0.03828607360909189,0.355103679646831
0.031653412103643516,0.34865822124720636
0.03157802289409511,0.34583368356397703
0.03554187357436455,0.3558075922577094
0.026212627455328947,0.35595556011733265
0.04157833804077582,0.3476141390841453
0.03422892276319342,0.3458250918831216
0.04180185408727395,0.352279129886986
0.03537724533188973,0.3509965242391979
0.03469638554329327,0.3506209269036124
0.02796060730275054,0.3470306932104884
0.03976811998878489,0.3599409146662095
0.03815914178820854,0.3504521898386399
0.03506466095483435,0.34689585021664354
0.021681660872677026,0.34878409845822833
0.032580798117807196,0.3499981320703678
0.033836336256724206,0.35888597783451986
0.03232031782730061,0.34528719713950173
0.03184325552037185,0.34248385961218125
0.02906888275246725,0.3540711016796971
0.04006834785827845,0.34787283591671064
0.028638463262022157,0.3597297601961152
0.033957702850849404,0.35223176865447964
0.032097702094764057,0.3494367538839535
0.032501432694430954,0.35717364474530533
0.02973471357764106,0.3598438566816993
0.028140394152362504,0.3403277974268677
0.044849075347789265,0.34383342197195677
0.02220414987834823,0.35049762573196147
0.035242117374563946,0.34611727167027395
0.0425979918361547,0.3459506750783864
0.035184594130502136,0.35569822942527274
0.02590422071037147,0.35035066080664873
0.03380824309710286,0.3544524382527708
0.035969632148453466,0.35227379286916083
0.040086204387115985,0.3522364865682205
0.029395537003325055,0.3531767506156252
0.024296091055823123,0.3549934170213332
0.04070582771310254,0.34370822510159765
0.02574409026221816,0.35189996436185317
0.02955077267756765,0.35043431291679755
0.026428127835137077,0.34203148452334176
0.03703546947074818,0.34674155868999235
0.03700760170106892,0.35616270341078077
0.02274552977199722,0.35577403485146764
0.03252644655802052,0.34940889301411343
0.02791401254315024,0.3469119841022859
0.025093813960458407,0.34733346981695656
0.033764941747769256,0.349303459743548
0.03391107533698344,0.34276932953793715
0.023755250674856416,0.3430777082946731
0.03155850900060781,0.343952193516456
0.027928418319405533,0.3477808070963809
0.030444393975096514,0.34441771426686413
0.02812873730805475,0.3571657173475704
0.03248541411689963,0.3576242170619809
0.02378355776481274,0.34818117143522825
0.031899098960164386,0.3525281514206469
0.024449097790799353,0.3489479907276031
0.026935062478374208,0.3421170001940887
0.035785908267249124,0.3549411565642264
0.02253029114213342,0.3393602100932497
0.03663392229189436,0.3519264328885785
0.03906989691734242,0.3475105546959806
0.03335130142059002,0.35211982324540575
0.027246264056367438,0.34822421200455145
0.031424425453595334,0.35849873481348693
0.029471646153186152,0.342048485091708
0.034160233409997395,0.3589323116313197
0.03713153934813213,0.3512290795483626
0.03209155659133861,0.3461561282425971
0.03073708669532046,0.3559222610228231
0.02527385199378119,0.3486478898114885
0.025135845068424367,0.3462363437832755
0.025926041955639884,0.34778570513971285
0.0332715802566445,0.3421392705492304
0.01960656142555445,0.3441207453359424
0.02029009078963639,0.3468350286505828
0.015012297719437268,0.3448434835653385
0.027102027145625242,0.34875053716674387
0.023840683907533983,0.34891069946570963
0.02487180949159109,0.33238518574037834
0.028004209189365997,0.34440446010949877
0.03162160791773844,0.3451094020374107
0.02572175070424945,0.3489607216938927
0.031793685372173856,0.35018511814075637
0.028690556926941453,0.34252973366394535
0.03239907893300921,0.34366418578776603
0.031022027144629018,0.35226977539701115
0.03438865469319342,0.35709857734831896
0.02379798633601191,0.34795200703175866
0.025764292459485857,0.3467930115951463
0.02898106509645249,0.3431322357673187
0.0282913652512695,0.349877700348651
0.01961083875092894,0.34186173293023064
0.024156792932600382,0.34671799478253146
0.02744010917071934,0.3482006319181675
0.029537627987995092,0.33721884841637584
0.037837825655245835,0.35872705420953377
0.03698987941954053,0.3546745775637916
0.029009549599491643,0.33889121262826444
0.03602638152580447,0.34922733756430496
0.035238248878781304,0.358358025975953
0.036960061732685595,0.3448477854494318
0.034145057636310275,0.35342768694658006
0.03537883631961223,0.34772624757025467
0.03115554726698081,0.343107620564529
0.03490039619249031,0.35634384172954614
0.04238827181191825,0.34521831670453684
0.027826559221307976,0.35404766476198724
0.032200197264979226,0.3513118230782818
0.030492149075801122,0.3631213189009715
0.03602435644393118,0.35601397540905927
0.02834904550090859,0.3457799575400368
0.025226805729162954,0.3489565202814243
0.025810144159217518,0.3500238750317115
0.028713064738313646,0.3463684893046708
0.025073428555418234,0.348410943926115
0.017091624414656004,0.33840450662668453
0.026377607701477585,0.34755470781056735
0.03240807118668182,0.35028456685401815
0.036442591252763404,0.3518631703487338
0.03934251457442354,0.3524190938684855
0.030256897422616794,0.34137893893502236
0.025712258790362673,0.3519867356353453
0.030650490824162567,0.3393668996223227
0.023098674356701696,0.34425236938814624
0.03184279169157482,0.35050626056938955
0.026430637132480946,0.36195089288816634
0.021748204323609875,0.35032570329851054
0.023306773701546164,0.34998949718453903
0.021699856351227516,0.3434294071325715
0.021243025227118382,0.35668222986458303
0.019936969076192447,0.34788082853388647
0.02328016190970923,0.34287541580151915
0.027400482774451985,0.34572458471794226
0.02686771450622312,0.35480058386791036
0.028206692424123738,0.3529629717967515
0.03360402629572589,0.34158567882344876
0.020315502072425988,0.3400894052237229
0.0276164914710889,0.3430770326006256
0.030568272636184644,0.33753689016596045
0.025687627513554436,0.34949341061847217
0.02257851751236937,0.351230219028843
0.03316813386949502,0.3486980034697175
0.019050950600320398,0.345130802889814
0.034314396347711225,0.34703762261497345
0.030619057726505996,0.35034229544970497
0.03341736138859688,0.3414213680606756
0.037298052685322415,0.34710669420082735
0.03279245153192251,0.3513254890881896
0.03493535082562936,0.3536105941968437
0.02671712008174338,0.3441105511472107
0.021182322288902353,0.35646043478712786
0.026873952090140485,0.3477206080135108
0.02783690590644076,0.34989792175810874
0.024418371723226823,0.3481949046246843
0.017634418653737664,0.34455148828763094
0.01736223351900911,0.3424026862973465
0.03224870624751404,0.349341103981738
0.0211979760886581,0.34174633050147
0.029208815695666305,0.3483450442636045
0.034110677386331445,0.35011303557613205
0.02704531075113302,0.35123588442312687
0.02341235514093879,0.3520643922899268
0.02066030053757869,0.3469053286789055
0.019790471473524855,0.3537097505383458
0.023547701101817826,0.35396062628951197
0.018692926494557338,0.3438957765579657
0.029677651169649485,0.3472504812891632
0.03132364772304788,0.3409106510324362
0.018651166138990316,0.34693773984702353
0.026718971315308208,0.34940329373821244
0.02513617702513926,0.3559405876480894
0.031122106040983127,0.3429556605407929
0.027004479258793377,0.3453177148376101
0.026335259220569875,0.35100995369700255
0.03464226755951813,0.34981674724013007
0.022359634819107466,0.3570624379773969
0.01884549524836067,0.34668058366775467
0.02884063127681978,0.35020207734799474
0.030526981913340075,0.34763495313923376
0.029851351995316328,0.3548629787084337
0.027289605352513478,0.3564833380490435
0.020909680424906953,0.34208760994403636
0.021832415027583322,0.34370883894424586
0.024088661608081232,0.36091951510834175
0.02731140890619668,0.34237253071734935
0.02044994998655924,0.35343842928946007
0.019971536179650067,0.3478185614328155
0.02740306472385302,0.3477645365833072
0.019798029044433348,0.35354321009393924
0.026381073391573938,0.33902319637150075
0.014193151904843397,0.3464242502339859
0.019003229504279868,0.34366462477943344
0.026919512162634954,0.342652854277911
0.023209558391649898,0.3420950356170458
0.01624687893965088,0.3379525384606229
0.036472602949628674,0.34671269271592126
0.02293356718772633,0.3576535450518286
0.02037933021690917,0.3483886664870788
0.02327164871185133,0.35002026734512776
0.02619146062012875,0.3479038083485171
0.02832950108101359,0.34278171078360387
0.021666200423463854,0.35443767247970276
0.0290205629600567,0.34317013511070066
0.030021106098390007,0.3448528242212082
0.021736249991882995,0.3449931089299216
0.03200799918373968,0.3435314132752271
0.014490752342882779,0.35252800964338576
0.01947844138062076,0.3383000158800354
0.01630432336048735,0.34261178986994667
0.030544853474305092,0.3453917227652062
0.01578600437958984,0.347578229490858
0.02523320253980712,0.345084707018205
0.021199132079345418,0.34106419888007994
0.014315907335873491,0.3486259764781148
0.023403067920221055,0.35031884862730955
0.02451822258472596,0.3402993320468664
0.015913344181755416,0.3555976793124541
0.01991712536552999,0.34482914430595485
0.023234921808883063,0.35296838813697395
0.027065353254065328,0.3469628266358975
0.01304696777016286,0.35235705875372003
0.026259647037009715,0.3478338771333183
0.021344939013562325,0.34743373934599325
0.030510407921533294,0.343194347814549
0.015653022502035912,0.35214937531423673
0.025919346794308604,0.35074478249355995
0.022996111492411334,0.34791148110961073
0.020313324148907505,0.35516938576161106
0.018405053415105708,0.3495938700822063
0.007537916431054803,0.336910299088585
0.019009615327417916,0.33129422025903105
0.014341366295334874,0.3509692775914349
0.018823515604158382,0.3562659154150305
0.029700129987559765,0.34302746995779854
0.020625013437825548,0.34756356027121654
0.026655835894158295,0.3558058281824869
0.02100494163875578,0.344905692836421
0.028646649825767267,0.3503578748995285
0.015153003054377277,0.3532969244275632
0.021930658179487535,0.3486057780597288
0.025408312363339205,0.3560092395545202
0.020945416447289894,0.3496040675468313
0.019105915455693023,0.3463329365526828
0.02424796516631834,0.34516882407339944
0.012359232613878283,0.34733205074033996
0.013726314211519056,0.35039245973750616
0.024571181914986133,0.3515808123184689
0.020035687566954275,0.3401691290912633
0.023716584637973874,0.35390373519644497
0.00851116596613362,0.3441996047286092
0.021219104780386654,0.3472908284814065
0.023839051210205908,0.339923334106749
0.014129032388771367,0.34503111832814487
0.020520003316942998,0.3537398424778615
0.023751747914500163,0.34848415303401137
0.01767379080691814,0.3559784837110772
0.017691764800792407,0.3399060037508087
0.024657314747178166,0.34875132217889343
0.026024032230157187,0.3471826789186794
0.016901683474144575,0.3514340992795974
0.021435340390092008,0.3531678996135143
0.020183322095109226,0.3493300906184274
0.02463166558174833,0.3480724148976065
0.018939595472188143,0.353360302753513
0.011272925348598674,0.3503017629053969
0.01734949473366613,0.34312577198302957
0.015031587780237922,0.35169437186283714
0.015697026945356813,0.3457440270081583
0.023148972419922736,0.346695485574104
0.014639985349189845,0.3471845364682418
0.01457198962745929,0.3521701237577112
0.013551078667835783,0.3469468791240453
0.013154345900875527,0.35229960607262145
0.018065515660777395,0.34609592329833977
0.019001110858010768,0.34457744874082397
0.02305352648459663,0.35257128367542584
0.018055682839308914,0.34419445473700366
0.0031549821322848707,0.3419715193620111
0.013962555613700968,0.3514435456304986
0.024903764585423503,0.3454452717531866
0.022150938978232806,0.3482473013844302
0.020056350406841714,0.3510952536989092
0.021644787960112582,0.3534479794349611
0.023324010977380495,0.3496889814104501
0.014123477632351587,0.35220338943073476
0.026842705948259098,0.34494306762473065
0.018832257487344222,0.34515114096945304
0.011335897410746159,0.34642333613916515
0.018678316596934388,0.3512397877150567
0.013551584836328064,0.3503170126188908
0.01750984003054545,0.3396892672516592
0.023146173511258302,0.3565030676557822
0.0202153170265928,0.3489829723567068
0.02464083505649154,0.35277480948999596
0.007860932522796576,0.3438615615099637
0.018179185615680625,0.34778524464249644
0.01989126903382788,0.34762270930920836
0.022825558911940037,0.3507760426248445
0.008682173190681453,0.3463257056971025
0.008890820152029999,0.3440973152707294
0.029836556807715384,0.3443721761104125
0.019926315779179228,0.3555359317883967
0.018946561722400338,0.34671679717846665
0.024575856334610128,0.36047838793615034
0.017537521393035535,0.34702579893570157
0.022701925355675466,0.3369056674560866
0.008913227232159015,0.34456674252439295
0.01661976242159617,0.3419699726340303
0.01503489405992896,0.3379397917336252
0.007847440710368539,0.34792223020278246
0.017472203146095745,0.35195403523828594
0.013233943386805756,0.3509013306327524
0.01213947927203597,0.34840429583167626
0.00736569534805731,0.3566987662372286
0.013641871010760082,0.34672764167870324
0.006745900381569414,0.3415229175346515
0.009119521713829789,0.3413516078392536
0.013159169709578674,0.3424698494509009
0.004418010897922523,0.3461116436539599
-0.0011555329969138253,0.34387991683855795
0.014823366716022619,0.3418161571133814
0.002082387340716436,0.33821505219648507
0.013509139023916775,0.33873276960389764
0.014281227324191424,0.34405864625780713
0.012657989714951485,0.35269797872463465
0.015210951694909651,0.35236765679434506
0.0036289634867578183,0.3464268336854114
0.008103367348196363,0.3385753666997284
0.011591919453902458,0.3467386119550506
0.01685612051200028,0.3450904458799628
0.01812387064143368,0.34766186475198624
0.006295210738882268,0.343381291634619
0.009103634151005176,0.3484051875949089
0.011967734247706351,0.3501168869275049
0.015760047484779445,0.35431695838766936
0.012481597367805295,0.34571518552519864
0.011214793516053916,0.3438579775149676
0.013382552156798597,0.3565361422310406
0.01293405580580827,0.3427651396434329
0.021874707766913123,0.3421835321902288
0.0030840376627181212,0.34132773780709386
-0.0008969690343591154,0.34183695416965454
0.010207085643058243,0.3477480878111375
0.010098844434722993,0.3373792243884865
0.010973099590345415,0.34733352452121763
0.018119417292762233,0.34770165120046587
0.023763213335321446,0.34638530157998215
0.010654363546218792,0.3517141199858308
0.012443617782506236,0.35981668064790767
0.023532296839059167,0.35135805882022986
0.0138061767521197,0.34476787958699084
0.018210290349876142,0.35075241229637527
0.002118856869226993,0.3457990313571426
0.012391963530594088,0.33837840906213046
0.015191967416658585,0.3512085007005872
0.006126440700180596,0.3402364940980142
-0.0001757987489751323,0.351898257436311
0.02097249185867439,0.3526753205302692
0.01729611760631739,0.35304293050602376
0.011227768638305753,0.34191018281074154
0.017822449842294998,0.3488727542917945
0.009758066076516173,0.3458160623610616
0.012101273869282113,0.3580914924169619
0.01739674129863429,0.3497614933887229
0.010747848673753915,0.34772225233526993
0.008490870594178093,0.3484055476235805
0.001513030482251962,0.3479858139781944
0.010636965693145215,0.3503800530794395
0.015558299850871444,0.3475746869505053
0.010911451262677885,0.3511497244471759
0.005502075800717633,0.3516552305104834
0.02754602145508155,0.3501870798235468
0.0002443635580113867,0.346057404466382
0.01805309068775588,0.3395607431888832
0.007772826971412901,0.3481130499126336
0.008777176180170739,0.36091133561614164
0.01812994027444364,0.35105545224029727
0.00443883885397294,0.33650442282799536
0.013019216989563221,0.34761156537964893
0.008859708683806273,0.3489008277636464
0.005496461601920806,0.34774545750155866
0.0036414825171877103,0.34317407765841523
0.01828571389593117,0.34901580237712987
0.0037199109498891334,0.3469595821742929
0.009426933915452067,0.3393220661123684
0.007122589606009876,0.34502661294065273
0.014234278416345671,0.3405659375251921
0.007357336962505673,0.3491257091525749
0.005217284064704196,0.3406500671587992
0.002561533058018905,0.3500069791043402
0.007706965681787823,0.3476935128447175
0.003824751276551268,0.34828131475640606
0.016670493508758887,0.33750405414809304
0.001228886546234601,0.3462124242542237
0.018417588574758493,0.34391903299851473
0.0046169976035661435,0.3464027754707579
0.008973021983931965,0.34120551547974715
-0.0007527616335579853,0.34019462482886215
0.004181967633360555,0.34507809138605255
0.0013170097520211197,0.33820570512119774
0.010390370802244914,0.34178208551341677
0.008438691416133763,0.34094107683021674
0.005867083677454142,0.34688362516473603
0.016673370567727636,0.3436073525463699
0.013176069928967665,0.35164113642856426
0.014878803244902383,0.34661320408072555
0.010612917356919832,0.3443901067334798
0.011076004189054895,0.354612813346778
0.007815812814369497,0.34087400786929495
0.007883565273928618,0.3473091305662972
0.006295096713056043,0.33959048214642007
0.007699341386270076,0.3406711955552165
0.009150720071923826,0.3435949089375931
0.016077525048920432,0.352166015318335
0.012360642708716585,0.342414220416909
0.005378990316103346,0.34966093654227537
0.010977790949999835,0.33985296527670045
0.010051194374503199,0.3488655674212202
0.015286409372600961,0.3490967010792201
0.011620007652565177,0.34949067129132333
0.002063077590411181,0.3459693428081038
0.006600966452032784,0.34759890725234555
0.011982383310246038,0.3418366865813019
0.007070771976362023,0.35164774605572324
0.011498161722605616,0.34681818047386803
0.012156715719012282,0.3425215254135683
0.00571619603770987,0.3419862297618025
0.010894377730096256,0.33146350779557215
0.002940914891258771,0.3446140310747646
0.007699445481534992,0.35071052345399223
0.012836043888672193,0.3490990697257174
0.00678501371104439,0.3471734843121778
0.010038961242107921,0.3466897654323891
0.004655462945375186,0.35346556843697596
0.0022275591215466747,0.3495177144701284
0.0064073441882281125,0.3426600369955585
0.002406328817641131,0.339339758293521
0.005089343370452998,0.34712841613104584
0.0051610405012331275,0.33512338929062074
0.0018291238508445246,0.34416388526521013
0.0076570270967513945,0.34543888728964245
0.0037925706079996392,0.3408110198260337
0.00034401522075519486,0.3423597254591148
0.007647023623713914,0.3519304075318582
0.009738027169952751,0.34162935634247377
-8.344923583485342e-05,0.35845889787594726
0.0016847358090040683,0.3424516212032177
-0.00268913042105263,0.3455679573134719
0.011261124300327868,0.3456499036846051
0.01669845913458942,0.35333637771987947
0.00514775871102031,0.34575113594143897
0.007685324888733212,0.3455304658172319
0.001048618055467307,0.35103950616511076
0.006077452893459137,0.3554054913968651
0.01713725730793212,0.35421393651220645
0.004920698273692309,0.349438613295871
0.006032666715766221,0.34891392593667636
0.015739004550275028,0.3477579734871674
0.0018205806503820135,0.35020101431750356
0.0028343289799822122,0.3454877370827728
0.001539818351014389,0.3407509814720672
0.0015467957948294394,0.3354081622466906
0.008786696450548085,0.3456027564523532
0.000418477867435396,0.3416527308148325
0.005648332829730913,0.3439403334201626
0.005528477026758733,0.33321148210146917
0.007785418039730708,0.34310052360613574
-0.0014986958542262464,0.3427784852687586
0.00676157409018041,0.35201677099584483
0.00651804935416125,0.3461354061168762
0.004305163678045783,0.3466360986456509
0.004469769147003685,0.3561426256967019
0.011981674130487311,0.33977129757299457
0.005076079026054579,0.3428913799195216
0.006614469859284521,0.33835355958698754
0.005503367729963288,0.3494346002562085
0.009169141143372226,0.35276689459456684
0.005235233179048566,0.33264836265774494
0.007689450018891839,0.3471840710164276
0.004446839722861704,0.3546740210629189
0.010418580834842213,0.3422179240788127
-0.004257400534027175,0.3427687356154311
0.005387274884770575,0.3372743977660126
-0.00600972340284352,0.3397468742611476
0.0023924362044924203,0.34638047572168806
0.009848467080012314,0.3430001096306187
0.0006728535283045301,0.3436166606777489
-0.013089438529403155,0.3405310898033472
0.013771782160426026,0.3463454572609439
0.003255231666466396,0.34951345615168145
0.0009749046537811289,0.3451196029801245
-0.000609170615972725,0.33450277466465206
0.001206766079835725,0.3499903659518419
0.00183978628282817,0.3379513731820467
0.008033274437449693,0.3436971029823304
0.003117853913149854,0.3501930446845096
0.001282194443622944,0.346895175321139
0.00914834791263447,0.3451591421464791
0.0011251916194365097,0.3514557951668715
0.005276640159309529,0.33794841500039824
0.003419554616494788,0.3451641584766739
0.00016928039655118678,0.33993264736207957
0.009511706632871764,0.33725219224747793
0.007928908938526276,0.3427449155634351
0.004778476305410233,0.3486286576487736
0.0029704046749549975,0.34981139524081156
-0.005923773112000003,0.33718392849185835
-0.001208558002623216,0.3425655998682134
0.0033098313535806375,0.35529991840987046
0.0035411922876016754,0.341844520460625
0.004223642907405876,0.347503219785053
0.008046210106135114,0.34719982829046764
0.0076141135937412615,0.33865211048242794
0.0029699310600838002,0.34612707678121196
-0.0019368424549402736,0.3456287125316587
-0.004165568660537833,0.34204701416720784
-0.004526895662386359,0.34592474564553155
0.00653537645209844,0.34895090899672243
0.004183345107617257,0.33985771474845744
-0.0066042901074484395,0.34356416542037516
-0.0055108984490954815,0.33810534481951926
-0.0038828386287809123,0.3477193850151912
0.0015307591090815173,0.3439419408321228
0.008197820427097591,0.34637083183630585
-0.0016091704536466862,0.33638844231531556
-0.0019069450788680848,0.3436879097510171
0.015288851206278993,0.34324676511499963
0.0006817986562719789,0.3434557384208671
0.006371762002558279,0.34712909415877913
-0.008285196603922886,0.3439731132471906
0.002766159530268232,0.3447759337442773
0.002296141415929249,0.34788489806405587
0.0012166801044755143,0.3426164642492112
0.004955402875896497,0.34412177801769006
0.0013870566901367704,0.3446635073880244
-0.005030389927691039,0.3537193794782661
0.005189438929321852,0.3362348737083581
-0.005343161559518955,0.3471568889812764
0.004241415064880941,0.34614195599602504
0.0031581349756749895,0.3542941743968536
0.0002588641404335508,0.3429403213246776
-0.005834455810340601,0.3466063002144617
-0.004519473836542038,0.34792890741884486
0.005199270124741406,0.3474182315555943
3.211573807525847e-05,0.33633430251460283
0.006180918990198473,0.3437496835577347
-0.007733003206355301,0.3508808433797809
-0.001990040386929417,0.3459228786481521
0.006069497491931638,0.34729806251360723
0.000921274406763962,0.34138658893637874
-0.0007078578587826453,0.34277993971024506
-0.0028763444943831077,0.34822753597997963
-0.003711497827304602,0.3418349762989051
0.003173135574818845,0.34991128343798705
-0.00736163626677509,0.34474995882558884
-0.0034419459713982896,0.34037664780912485
-0.0015330126056971494,0.34462734726138555
-0.005219760292082224,0.33960558921868583
-0.004900535511504775,0.3422573755180081
-0.001611374758816509,0.34233389923862834
-0.00717838771700508,0.35200703639525777
-0.0004403255672054053,0.34530003082343175
0.003995155302046703,0.34426056446367664
0.008283602143841058,0.3534522026132601
0.003934835918005226,0.33942966216151205
-0.0031624410837574014,0.344239931919266
-0.005978418587695077,0.3467861879944099
-0.008297180781245184,0.3368851232277442
-0.007630157771427299,0.34804222524022793
-0.013421086648720923,0.33982356069791386
0.0072134395979151595,0.34502350921062125
-0.007498873480902804,0.34439666826473864
-0.008083071727133977,0.3433977738076232
-0.0005176525539943044,0.3516273866961237
-0.005199083988376401,0.33268536714768643
-0.008210791547186697,0.3458486851870693
-0.007494343021255313,0.3451436241685493
-0.005927021903949536,0.3515654303412918
-0.0021195331783704424,0.3444296859493129
-0.017089346415401226,0.3414535545143089
-0.011605749210457912,0.331244432085624
-0.004564839698119321,0.33436616734592745
-0.014882281429042712,0.3364536951634924
-0.008040307116300228,0.3410627059353595
0.005713390517927544,0.3430764520988448
0.001318176600145794,0.3418291121952587
-0.009366150036598134,0.3443410391601358
0.001955779451695861,0.34598669255674275
-0.003830654957660815,0.3421108318866113
-0.00840132358618058,0.3428390801713225
-0.008118599605753238,0.34447720526615744
0.0017311000678452378,0.3415607880768962
0.002933983063026268,0.33966449212902333
-0.0013547205593285234,0.3484688053594396
-0.005488953795171375,0.3378062741087254
-0.0012098029883814887,0.35092902503498036
-0.0033609969527384825,0.3478238769065971
-0.00044532339027825195,0.3518950567281701
-0.005816293564074887,0.331080850209296
-0.009888433406468874,0.35398853313061784
-0.005572532829892697,0.33512858462106976
-0.010206640128733709,0.3362123143264376
-0.005550683785319128,0.3473911555142705
-0.005945223930793489,0.34544333113488934
-0.008137740137383751,0.3476435679924248
-0.011561959315624398,0.3414569461165258
0.0011833182605186356,0.33322401213857744
-0.00798894405843826,0.34718700142226333
-0.01045169837767446,0.3254536875411663
-0.005432358105388247,0.34434984809621716
-0.0025112668788320773,0.34430682751380065
-3.407413924140307e-05,0.3432944794381707
-0.00015640425626394457,0.3516243649113069
-0.015777784536027992,0.33584490412823764
-0.011675369453956154,0.34468065308748846
-0.009056731504079719,0.33993015148014055
-0.010150767265632944,0.34160648397388194
-0.015576143593621288,0.3367992757854372
-0.006911118473144402,0.34227078658677124
-0.007719654771626205,0.3478737744460224
-0.011392623042906443,0.3382394084871462
-0.013059009049924903,0.3350530916409951
-0.020928103815992274,0.3416946163893958
-0.01029024644041069,0.34499089111948306
-0.003565781462319438,0.33511571733915635
-0.013153792627339038,0.3431706458111236
-0.0107451966101248,0.3301708524844653
-0.006529690149271755,0.342616393198373
-0.002225534743753392,0.3395008289715321
-0.01854796584242159,0.33952700992483725
-0.008538066992340786,0.3572058332454944
-0.006565690369457816,0.35108541473513405
-0.006493980629810671,0.3374867067228423
0.0009787509288810095,0.34418614976920975
-0.0025025097948227675,0.3382649738492498
-0.003237004207338436,0.33143012011554607
-0.015565603109270179,0.35678175934641204
-0.016294232107985442,0.3400100551092449
-0.011948665379475903,0.3352780163146077
-0.01287641337614876,0.3328805797489319
-0.002986194700144701,0.35810076141071856
-0.013285654284192488,0.332530081825056
0.0011041195691875103,0.3519963838036652
-0.006944029779079433,0.3395560188568569
-0.007393589657865876,0.332330961572798
-0.008326451107872064,0.3469272545845163
-0.00773499140663688,0.34010884918860845
-0.015595234821813827,0.3370058524391142
-0.006883162541153023,0.3444894327150854
-0.008944715675638404,0.34233663201345077
-0.0010473906670696097,0.33621475033832887
-0.005936561050914046,0.33665564850743634
-0.0033360931087322325,0.34773830597704414
0.009184773044560985,0.3424002875128529
-0.010860559407324728,0.35204562893117547
-0.004577387700681337,0.3440970049671244
-0.008581885803814755,0.34434595505415805
-0.01105540519059074,0.34432888817445234
-0.0070207854431262266,0.34085808486469565
0.005029904536851995,0.35703053183580097
-0.01260424660005671,0.3483966786444598
-0.01910244763003254,0.3422361860232311
-0.002383761410910655,0.3387658662822076
-0.007644176341608825,0.34378714012914807
-0.007976713266020188,0.34289779710916446
-0.01456821608732772,0.33874724943418083
-0.019191320899389276,0.3468904759984172
-0.01326568909251807,0.3291785996741314
-0.005655185466986276,0.3416387673935903
-0.008122483697044587,0.34252226770221017
-0.00528017957537301,0.3443238775294424
-0.016016602916964193,0.338249149305118
-0.015785963592063006,0.32442395273534674
-0.013731602557884127,0.3384393501169015
-0.007645940086355751,0.33756483704957874
-0.014222758997121127,0.34305204841935094
-0.02177132470338242,0.3444650275446732
-0.0103717034708918,0.341963709318466
-0.004145273218859187,0.34871441745430043
-0.01787653106616521,0.33107341384241923
-0.007208644804735446,0.336691611792672
-0.009149016051041537,0.3404502091288966
-0.01760050755696116,0.335968188393572
-0.02180478231466898,0.3373672406420839
-0.010084705090450483,0.3384705021421333
-0.004282915754796166,0.34057748249177405
-0.01374005409016665,0.34208451677448914
-0.014864298080319431,0.348508216225578
-0.012954444564609752,0.33514884696754527
-0.017532816782853115,0.3373567452054685
-0.01519286740825889,0.3447567565340384
-0.018446609366004646,0.3416682034438999
0.0005446444502716303,0.34673087349617976
-0.01646134056632238,0.3429034149842025
-0.016981378209199684,0.3342230106773078
-0.010224674897213529,0.34215305323413076
-0.01852198415943324,0.3318612448074031
-0.003521573254141304,0.3357732824698806
-0.003018104163171469,0.33048750129938687
-0.015445944542001074,0.35037610438738137
-0.008930547144767773,0.3521243022339791
-0.016972168725195788,0.3441691970157045
-0.017158980894023363,0.3334405122521524
-0.020674536926204086,0.3392552227891996
-0.010791912626661567,0.3381865451329408
-0.005993969569228314,0.342916691237653
-0.011892079604567484,0.33480179921173014
-0.007087088480983916,0.3408189847055833
-0.012087303927658511,0.34250851944690963
-0.015413658477631301,0.3390537654142708
-0.02060813738727863,0.3363392692654005
-0.018194625992367854,0.3256153128876857
-0.015419051635435749,0.33437292900736004
-0.010364620093373382,0.33296097932402713
-0.013737245441715023,0.34317416180988874
-0.016921212270410043,0.3362615811550122
-0.009160607236878192,0.33331968174075033
-0.011842285787767333,0.330584549961469
-0.015154284463842621,0.3498219767919832
-0.0012994924411720453,0.34194834269276275
-0.018736271463066924,0.3443931931150342
-0.01612326407932502,0.3353537806940342
-0.009920471944754775,0.33846551781539236
-0.008559016328570788,0.3380096837416568
-0.009405379986409708,0.34812069613838503
-0.005216226321550721,0.3474517213647806
-0.012845622761765011,0.34115474236186993
0.00334740462471151,0.3289565374706221
-0.013456084602252349,0.34551547288920725
-0.01135967416993439,0.34424097545737414
-0.004448531514486263,0.3376658603721604
-0.01504334993434291,0.33927520039995623
-0.01405305935800462,0.3464470991748406
-0.012181267610462385,0.34438132304879415
-0.00445825054600878,0.3445177833308195
-0.017809805568429166,0.3513216922948734
-0.01192505437152695,0.33540427890260516
-0.012252419889521185,0.3474211267873619
-0.012067276972104463,0.3417053142675154
-0.0009871563328609897,0.3437798310824785
-0.009629866018229096,0.34503115710071053
-0.012281272546513997,0.3384939349077002
-0.0027922883835108533,0.3475041648294181
-0.029209776921572585,0.3527399305960234
-0.0052759307299448084,0.3342201407078918
0.00135393016541398,0.34404213147518076
-0.0074225913547508625,0.3553529950936344
-0.014541014698085006,0.34849976920440096
-0.018779051256755636,0.3364615924709951
-0.016696185728398077,0.34505348228886323
-0.013126068723157653,0.3362689555773415
-0.009879328202035681,0.3391562617645244
-0.019593165278048153,0.3416371311316609
-0.0138668199731599,0.3450572647723109
-0.005619841705666507,0.3458687439174686
-0.022090991491685794,0.3378980990042909
-0.01698533156113531,0.33994370246845035
-0.009239432407672327,0.3382748656507074
-0.016987924344672868,0.3373638128765361
-0.02169949207099012,0.33701398534869587
-0.017297615489201328,0.3304029009424597
-0.02746279986739192,0.34183342414728307
-0.02005865229562442,0.3462274727322349
-0.007950398720995238,0.33681556790981226
-0.009070442486726409,0.33831077436644386
-0.0019028075350171231,0.33628279662225474
-0.004496710023261414,0.34854614782083904
-0.017453564530279707,0.3519572834861635
-0.006714669371754884,0.33653408742753665
-0.011560466599230535,0.34216883903331535
-0.016243727715326978,0.33574965433268245
-0.026710820206339622,0.3445125718217254
-0.014560324319464985,0.33724271117102494
-0.016108373925045837,0.35023067791771834
-0.013744721486947154,0.33686586596119694
-0.019575288688295417,0.34140646853435674
-0.006292930793194315,0.3475319535126456
-0.02425711482958217,0.3423387520990465
-0.018313353177720683,0.3411279346899599
-0.024490990113798138,0.3321272002956361
-0.022019824907795877,0.3269070262276723
-0.011254542225841947,0.3387539441896687
-0.012462814998982663,0.3462706185161866
-0.033595157301261266,0.3430148560049026
-0.016887077925759733,0.3429801575383347
-0.0072580034113890746,0.33161999369136547
-0.01924085500319956,0.3306206561571287
-0.03159028262690173,0.33684214183517897
-0.011854142763601921,0.33566077232015196
-0.025171108724285976,0.33280831158972735
-0.01627743712954243,0.33878053153050663
-0.024077725276906055,0.333540258884213
-0.018412748080315296,0.33870743777070034
-0.015515432332459875,0.34498647113026404
-0.009780435500664353,0.3346264911564077
-0.01393692055668971,0.3522540519715378
-0.03616385797526639,0.3417442863055563
-0.01845494732218186,0.3364559784972036
-0.01848541846881612,0.3396083769007969
-0.024024901834879903,0.32765029611089946
-0.03246504622895929,0.34001200367611606
-0.02032697471527683,0.3306492200859505
-0.01744224502766307,0.33224265902874367
-0.013172447069202977,0.3460494454410613
-0.015557880111185607,0.33958801774704866
-0.027672924007958167,0.3372122142564529
-0.018765392810982443,0.3342001439322424
-0.034197398792028134,0.3406909035952941
-0.02029249860439928,0.336440463945589
-0.021673893712205603,0.3378310046960485
-0.027362027208116053,0.3352429469366471
-0.0180658557373387,0.3402527879691733
-0.020736539575234077,0.3343595584679244
-0.015659035471259637,0.34852617946787506
-0.014016772604878703,0.33314143059201823
-0.027378394465575162,0.33562272410409405
-0.026304631639681456,0.3401640675072513
-0.015522204090896125,0.3420836265588731
-0.012335506460743492,0.3442596209341743
-0.024879127693357598,0.3331223354386324
-0.018682303187137962,0.3369478907147257
-0.021425061626447715,0.344694941948462
-0.02171159340954507,0.35270472205182984
-0.01267818200284183,0.3417307121154474
-0.018697003825550784,0.34465060198502717
-0.02091912150505418,0.3394565100147799
-0.01639908438754903,0.3396795555213243
-0.008647468908916938,0.33978171998266116
-0.011627441307134122,0.3361910309160218
-0.013822119947608381,0.3360828841898048
-0.02915639738201179,0.34225558305150344
-0.023445863845459967,0.3426164785763768
-0.01098938877932496,0.34055835620094294
-0.026142344798667522,0.3383522383900073
-0.014935232614672146,0.3404511475020065
-0.026378186966325292,0.33716876863137785
-0.01766031730565631,0.34566486892643256
-0.01775725473968871,0.3463918524682002
-0.017063746837273925,0.33807375438866455
-0.025173219754138762,0.337922727793829
-0.015072674210697922,0.3299629534458374
-0.015198327382165694,0.34067423263941704
-0.005291533677420592,0.3456364867384811
-0.016896386931758777,0.34387899716872145
-0.013799602601295768,0.3416347217803094
-0.021554633675320116,0.3385327532910131
-0.01362653133883478,0.33406270100425
-0.028599473835455438,0.3343037919455242
-0.024915296086180424,0.33979338113457797
-0.018857991051825028,0.33655654112775546
-0.024111112263222198,0.342592392895527
-0.02222415867969482,0.33917028695435436
-0.010860458574976172,0.3378821139843853
-0.018492132993187253,0.344344060884759
-0.02008590957628951,0.34144855284565834
-0.016279949023018086,0.34196189476476696
-0.012571802415152319,0.34282558988680045
-0.01246782202418351,0.3389988262611008
-0.021900528251601017,0.3377994344607968
-0.012737572538713413,0.3412964338602547
-0.014639090731819748,0.3515608752183332
-0.015096236898235336,0.3444068920204596
-0.012747647679292508,0.3370906962822428
-0.018971761748870487,0.3404390196317439
-0.029989251172603325,0.3350385081545409
-0.025641843593398276,0.34330146884096324
-0.024396850646412546,0.3342301897179859
-0.013340808766440417,0.3332075857479484
-0.010269832182757113,0.33841748211810335
-0.025578880279579216,0.3469702250359609
-0.016786966606842924,0.34409120115926084
-0.022298203151172806,0.3387578567148676
-0.015928479226857348,0.3458904874067516
-0.012791682283492214,0.34430511861095064
-0.014275305295510065,0.341609037654264
-0.019225038953399932,0.3422110105463284
-0.015583893405234717,0.3422115549943863
-0.0165605157589425,0.3459003738764095
-0.01739807629547821,0.3463113247482538
-0.022844191088623476,0.3336626336097965
-0.022134518009097496,0.34605795942198136
-0.02860303059235411,0.3368828782988558
-0.025635154441212157,0.3400650516027273
-0.020073408877543213,0.33460063824533964
-0.019949801382193304,0.34092353113236457
-0.029109254545049996,0.34434921170467103
-0.01922178143735296,0.338692342720477
-0.019596886150286076,0.33397370790297326
-0.017349844447783144,0.3461745691132521
-0.017612152480895538,0.3377752783301273
-0.024080523909910497,0.34162512349244367
-0.009191098159073204,0.33984906839996276
-0.02308671350195769,0.3490045348125214
-0.009417077893694654,0.34973668081708803
-0.026005637296553547,0.34062784017216746
-0.015984621048815612,0.3415760626166759
-0.018259509942721856,0.33571814323335775
-0.02130396666399475,0.34451502843517834
-0.025064050752708632,0.34060971221831543
-0.016992345876320786,0.3417822557785361
-0.012738592456565624,0.34538414285074454
-0.02742619415055716,0.3360917916487217
-0.009340685729996587,0.34143888920171356
-0.015312294509401773,0.3433540433734464
-0.008779327297019832,0.33800538098513566
-0.013299462186990286,0.33600501940510874
-0.02099970608784675,0.34037529149206114
-0.02235314893748122,0.34185531689730086
-0.016516712052740776,0.33529410352020744
-0.027492074089333816,0.3436016667806138
-0.020289376449749447,0.3403510555974001
-0.014146751249208769,0.3318671003341059
-0.014576616371440664,0.339180051696954
-0.01861814909457459,0.34703528522589655
-0.02330236490383132,0.34740372188565355
-0.015881686582764912,0.330504296668436
-0.016357906979910766,0.34280340538673704
-0.017329898251290717,0.3409690236611559
-0.022485601411542468,0.33051244756864745
-0.01743043345931219,0.3402666166710043
-0.02483447565462687,0.34385667876403375
-0.018672068745557855,0.3399306868223709
-0.017853437554231258,0.33384367690866396
-0.01909717050526437,0.3374714167275335
-0.02714294941276955,0.33240144311518965
-0.026902229393032304,0.3413525062742277
-0.02201919607113351,0.33428292923827907
-0.02800715362181223,0.33474299797225276
-0.014112209144863157,0.33830337211886324
-0.018463634434254132,0.33039563624093327
-0.025366493326216776,0.339898955679747
-0.019734185427522165,0.3443972212493702
-0.015998029443506714,0.34190116533266324
-0.024930490012563727,0.3293972566146705
-0.030822299693121318,0.33787678105559676
-0.029359179465531227,0.342932523890809
-0.01884544363630011,0.3475050531697423
-0.014555158464911809,0.347000188809018
-0.018210675027081773,0.3435217292070308
-0.013033377854530749,0.3406941853627911
-0.022397810599307347,0.3416755141381196
-0.021899776896011726,0.3401816174089047
-0.016105288190590684,0.3332395952511681
-0.025288834989728014,0.33552383739614994
-0.011456176033345849,0.34554179362624116
-0.028124111897237822,0.34513447956403875
-0.019404972004726854,0.34191725238683024
-0.017996632726544903,0.33797616537238745
-0.014496929200533186,0.3454257914658195
-0.012342280771731091,0.34940525284693347
-0.017034938238898338,0.340416730365672
-0.017024162287845618,0.34152773634296685
-0.01875649755227641,0.343046082249714
-0.021690184405517152,0.34141355828035674
-0.015266013363396022,0.3479202451534131
-0.009997449412663605,0.34475415881300453
-0.019723975373903337,0.34195666777546985
-0.03200477655813809,0.3383948827556722
-0.021583812018615377,0.3413841526458225
-0.015161181794649651,0.3411189929503434
-0.02377592640942088,0.341578565704141
-0.018746115390587112,0.3405530242574787
-0.024509291277075497,0.3412416829383017
-0.028309168500154764,0.3342022145750745
-0.02325646429824716,0.3430998945469816
-0.01039486991964249,0.34046186733749645
-0.012122584226185866,0.3565552881044531
-0.020763513652920482,0.3332274870140396
-0.01522280223526537,0.3506534925915031
-0.023623826053408473,0.3409463649821038
-0.015984597328480298,0.33712600196457393
-0.021757667406776336,0.34318832944869654
-0.01568972103199063,0.34069813514325226
-0.018016038146638106,0.3383338891466275
-0.023942705999955603,0.34481649254617447
-0.023519175137212196,0.33615595963546024
-0.0200558752890389,0.3310779120636137
-0.027895167552099198,0.34879168673159033
-0.027300381946232088,0.3390892927121584
-0.015737285728822107,0.33336663699317487
-0.022902050765316977,0.3431141450194023
-0.024452078498105087,0.3406063748899411
-0.033017428268399325,0.33969325107118414
-0.025220753431025672,0.3363923109813756
-0.027628377088837176,0.3354095021604935
-0.020332826516415665,0.3448783962760079
-0.025772062513037746,0.33564614484495076
-0.02874733675062513,0.33974294256036003
-0.0331527235348533,0.33452137444097046
-0.02257972869657552,0.3383560040625007
-0.02488552605570915,0.34228111301009806
-0.019843294922881494,0.3432135520522007
-0.019916929626303558,0.33684115926290614
-0.015318940583995872,0.3345936400410291
-0.02724188894120713,0.3413836489555116
-0.020610248104750328,0.34011341002835993
-0.009623962872274926,0.3458453758584446
-0.02116201218564937,0.33626928007886914
-0.009886648646608695,0.342634705301849
-0.01997931783086323,0.34223858455159933
-0.022544097316345418,0.33756912096844954
-0.02467458450551744,0.3295003081439872
-0.02539959452963716,0.3429047049082353
-0.02226358185570806,0.34361569028909417
-0.020518244564089707,0.3445135806294429
-0.027252780673290594,0.3341645730451859
-0.022850218474330743,0.3312090950634064
-0.023452255677582044,0.33700178021498467
-0.03581468959565282,0.33914805988306873
-0.025468160670584272,0.338274688024224
-0.020218618152875584,0.33760318147018104
-0.022643631577953936,0.3382926541691328
-0.029590648694924823,0.34322507272053204
-0.029274659682945566,0.3460514139859787
-0.022175456911780703,0.3436959880530284
-0.02141887373394951,0.3305500514992592
-0.03041524224020032,0.3354266751867372
-0.028869757648079832,0.3417132663700986
-0.016390853111826423,0.33869646273187
-0.023316287078338174,0.3340792228493538
-0.03286972370400115,0.3439707408976119
-0.02518471394528696,0.3407179994704629
-0.03331371458066484,0.34642776007956455
-0.016458183449261445,0.33782495795325396
-0.017458594577218205,0.33911936820547867
-0.03209079848979535,0.33473939469894165
-0.029748890955794603,0.3436243552202137
-0.031361079488517705,0.33520979126664635
-0.02866611246185712,0.3306354549971059
-0.02706537594998669,0.3371376067166017
-0.031160792655246634,0.3341036504528803
-0.028829021396436696,0.33365711227027395
-0.024913433828336627,0.34054425363184304
-0.040804685872002325,0.3419553355259236
-0.02783851555542483,0.3316206173149116
-0.02220112716388929,0.3371544884819016
-0.03264507759504216,0.3327911337775798
-0.035346774224853196,0.33258583504090455
-0.030626581380727283,0.33933507304106897
-0.032844592980208184,0.3299068696446222
-0.04203538257149572,0.33347049901916787
-0.039299611631267654,0.336237622644875
-0.03321295469709365,0.3350879488945839
-0.02815227911093492,0.33145066624347835
-0.028918693369660936,0.3372811939254874
-0.031249545658208637,0.342216242553547
-0.031210595846398854,0.3513781752635678
-0.02879179909649345,0.3459909098289667
-0.031422573693476896,0.34265287498650376
-0.02929221351320601,0.34142310239615065
-0.017629632667471914,0.33618548481571714
-0.03393038493613395,0.3390540881062597
-0.023360814076153966,0.3412415490950911
-0.04163153239818552,0.33840018205944444
-0.028570869982856656,0.3351896610787553
-0.028761054347248197,0.3398297099057906
-0.024036332480620592,0.3421479011427572
-0.028399958702135998,0.3302720080875867
-0.031753390783192684,0.3338181595230757
-0.02704931525802285,0.3438800966744207
-0.02485897171311062,0.3414641681628335
-0.029725276168633515,0.3418255204450713
-0.031376330624569404,0.3370397698121571
-0.019073967736924644,0.3405474716765376
-0.02309612988576103,0.3394118685354783
-0.03621499631618167,0.33633905630894484
-0.02437084104789553,0.33756176164324203
-0.019417047826290248,0.344248602257137
-0.020037810641606795,0.3447472658992063
-0.029891122453166896,0.33529909482122944
-0.026943588468452205,0.34436791420025775
-0.02980418390026287,0.3315641770454135
-0.019474519203343157,0.33059971913316655
-0.02269570228740759,0.3397902517090575
-0.023756015075716116,0.33839272874018994
-0.030523603325766747,0.3495116421438868
-0.020945613464947464,0.3391978202710314
-0.025538402698732764,0.3474448725155711
-0.02788776501360478,0.33749494680653025
-0.02702565430164065,0.32979760666758196
-0.04579619030378405,0.3289244194259914
-0.029629903287563656,0.33172382987569954
-0.02042670175896132,0.3330245192063733
-0.038751034314256125,0.3416637179478273
-0.02648999787379334,0.3377915737122032
-0.028802059818527938,0.338636032139717
-0.03378845704316484,0.3434178163484886
-0.022212754254660308,0.33108658416569275
-0.033597106155389585,0.33924544075261026
-0.03308724581286429,0.3327505348405724
-0.03150285239753264,0.33610962840750974
-0.02232314036793344,0.33340053550655874
-0.0336488480276744,0.3439354784309479
-0.02850007844207182,0.3290643622550627
-0.027241958539204292,0.34290674593991105
-0.022489186057704235,0.3337574795752539
-0.026503364969789514,0.341699295791866
-0.02957861698502192,0.33857907690375033
-0.029968577433097957,0.33435382963885196
-0.034934041959554935,0.3366060915965705
-0.03523763819252476,0.3469150769098132
-0.02430780033482093,0.34217605607458496
-0.02283136938189397,0.3382527277258763
-0.03436595493913043,0.3313130282589718
-0.035545496126544056,0.33763438707289206
-0.04099525156330336,0.32902441631630336
-0.024629366084696732,0.3377409448446754
-0.03069953706963621,0.33163641023021184
-0.04721904206056174,0.32581233708885243
-0.02721179537890083,0.3406610060847524
-0.024534283113857976,0.33331499132058023
-0.027807099063872878,0.34204846418666757
-0.03129710373636001,0.3364339716910184
-0.019569248088956527,0.34284168627399286
-0.028991060776225295,0.34854329419802565
-0.033262355768518215,0.3289924345570796
-0.03388609438809415,0.3333239501526801
-0.027672317696803127,0.32538634309728875
-0.024184160045190542,0.33342138565845997
-0.031115945477253257,0.3348989775458371
-0.038142476735187454,0.34091018328273925
-0.024257553949853194,0.3463339154797793
-0.022000885179620035,0.3364567642128484
-0.029645694915995995,0.3329270718609355
-0.028446239807379488,0.3393521082147175
-0.030088602498698318,0.336358298888919
-0.02883188168490215,0.3412711718607035
-0.028674875578637238,0.3390519776655121
-0.029301230617102516,0.330600108188988
-0.033960105344794746,0.3363736036249203
-0.038751794880432594,0.33058624277457177
-0.029227035345944164,0.33860770579420774
-0.02730601441657462,0.3376308101028302
-0.039222455079377425,0.34086722965780347
-0.022317138393501076,0.3427198569366833
-0.026962586932940662,0.3380144815349993
-0.02708671380890955,0.3416208130599976
-0.03846675678211402,0.3391269597870276
-0.023969957277794576,0.33232926427282017
-0.04001399167115388,0.34187292134346253
-0.03595750998736706,0.3391474659526894
-0.03690465496674018,0.33975286973530383
-0.030387205891247063,0.32930717200725357
-0.0255644472373576,0.3381855471314619
-0.020280749540508902,0.3420918269710755
-0.03569479620341496,0.33271195408187737
-0.03601330290874195,0.33961512330296034
-0.028610165085834943,0.3309344084495568
-0.041113524422023456,0.33607553108410154
-0.028489758963742864,0.3383367109896171
-0.03074148564115113,0.34238948338574415
-0.03620797936020083,0.3265401544769543
-0.035659858463591244,0.3348843522145216
-0.02978991280221939,0.33382182593584336
-0.03319246942474241,0.33098894105638754
-0.024327506440054047,0.3273889152855212
-0.01826209343869191,0.3382069107467558
-0.02408339372144036,0.343852808631237
-0.021043598759621116,0.33770577633419535
-0.038401886527553296,0.33650211713260536
-0.035683930762052875,0.33219616950762293
-0.038086755570161335,0.33053616630695787
-0.01980070095582567,0.3317600111018691
-0.029722980413299408,0.3348314464032454
-0.03287888051960868,0.34252989387048544
-0.02664137774260503,0.33731676070687155
-0.03207316364824443,0.3339327330636664
-0.028685282199544596,0.34512526196632204
-0.026147639849565193,0.3400286269543902
-0.03329427014543011,0.3428662142251665
-0.029175397242299797,0.33471196520301894
-0.03290903916930196,0.328950270188232
-0.03511749409154513,0.335802979328936
-0.025618737399817605,0.33668760174273304
-0.038067959269973126,0.34256598486096196
-0.02751881820828996,0.34503968904563886
-0.028540028015015248,0.33641836048466917
-0.030015425792309692,0.3336245271353722
-0.03430002566427104,0.33527515412051684
-0.04129755077546592,0.3325186384613034
-0.04119774158850907,0.331738845785783
-0.03922118825984821,0.32743970333874706
-0.044490435939665444,0.33193583045452324
-0.02846123368960429,0.3251957973505399
-0.03080416036208494,0.33656793606261654
-0.03194712016441359,0.33365310609101767
-0.04503465858004647,0.34008671744168995
-0.029627046328884736,0.3335027036563454
-0.028585425217994904,0.34424403826003397
-0.03139843375627728,0.34046232606520355
-0.032496817709806274,0.34440735943558304
-0.024342596920056143,0.34367590231845435
-0.029696425756374698,0.34132371732287825
-0.026787668578704644,0.3392475513653319
-0.03673374144573566,0.34410093369873884
-0.02816118862279394,0.34136279557726396
-0.033810029794524014,0.335487941800096
-0.03868339472011502,0.33285855063353903
-0.043466036954875054,0.33559266206590854
-0.035440120485646376,0.3280877351981109
-0.03322329289260433,0.32772527214483166
-0.03740233970233004,0.3420825369530221
-0.03161902991935474,0.34073768074796124
-0.039114039657363146,0.3309611785051603
-0.031973114682830366,0.33049952186080694
-0.03717297245245021,0.3362512747005292
-0.02979680756552558,0.33200977680618654
-0.026780751472616795,0.33595860766311775
-0.024095186843928758,0.33614583218956334
-0.035715039397081635,0.33982044925240645
-0.02852605188548096,0.3405508829708391
-0.03424357264017692,0.33090779519277086
-0.03190495660955653,0.33885668047152673
-0.036291362535749494,0.3406188804407196
-0.03635504800666907,0.33533763289903834
-0.029802138418187723,0.33707438445326265
-0.043162497871496404,0.3389257071582547
-0.0366647510799474,0.3313561780195872
-0.02780662079604464,0.32762901101653774
-0.030167554231929343,0.3346883415488666
-0.03654570417994167,0.333052658589373
-0.03029640793496823,0.3345655079869445
-0.041281093528478446,0.3372842350679537
-0.026384621134250684,0.33129587789543397
-0.03640049366454051,0.33464548315820586
-0.029928861420424224,0.3290184097236959
-0.02820109092622464,0.3421823709209823
-0.030414847295413692,0.3472936004468811
-0.029085449756076978,0.3365845698868454
-0.030968131313832293,0.33474580879635024
-0.035859377838521445,0.3358323607606335
-0.02497639464410847,0.3491929535231018
-0.03307799831754826,0.34402919139928867
-0.040386136871220404,0.3326767764997044
-0.032195215848140196,0.34204037912663093
-0.024869888220957124,0.3418828221157453
-0.0331894371239811,0.3324572485230003
-0.03566515929863262,0.33467109551532154
-0.040369129185630306,0.3364397961176545
-0.026866623258142503,0.3396057317644305
-0.027987933122841535,0.3431798713687482
-0.031340353033395045,0.34363856408636456
-0.04009248486795934,0.34488710217107865
-0.02664708774261949,0.3357439283269139
-0.03146482366868561,0.3385301021667156
-0.0342468693443877,0.3375987245527477
-0.02734686987705315,0.3347792502797862
-0.031116162111794788,0.34550516132582176
-0.03473598484346246,0.33988064803686396
-0.040047344914417464,0.33244552394984006
-0.03450610490295345,0.33756291105430597
-0.02965594143659787,0.33653486710501035
-0.027374702430870704,0.3378392575778979
-0.03304783739878174,0.33997472021757685
-0.02823399926106933,0.3321436358481599
-0.03151838302974297,0.338716761081723
-0.030073992866627722,0.3308074076545057
-0.03523398925467138,0.3327570680496665
-0.031638599928240654,0.334371754262971
-0.03806415777738668,0.34239531909235343
-0.039898960610102056,0.3330965563017168
-0.042252719591090594,0.3391858104064821
-0.034653790214051225,0.3325952789597301
-0.03376212773745073,0.3343327279931127
-0.03958237389629352,0.3297068325582775
-0.030720932298525076,0.3355478726042674
-0.04222403116565616,0.32852872368634134
-0.03943261051895003,0.3268874960761299
-0.03733656976012913,0.33858461385662186
-0.03477282870659226,0.33732121579075586
-0.030558688332618985,0.3370878794903114
-0.042933889825517456,0.3338291945946465
-0.03959627344143964,0.33828927798456115
-0.04452934978508919,0.33636822712295555
-0.03609378116704136,0.3350994261059372
-0.038193305653010066,0.33742752420592736
-0.029030722634967157,0.33544790969054106
-0.03669866235508903,0.34242524648633477
-0.02908098722561416,0.3213394975571335
-0.03796721535267335,0.33979783293861276
-0.029741471710410042,0.3491552942757227
-0.037143894063264356,0.3404599973401083
-0.0346834427882912,0.3315720915754503
-0.041133873805943785,0.3361220156978644
-0.0385918702096326,0.335925554515481
-0.039451811774276944,0.33066300045698244
-0.026448771489802965,0.32692785649029016
-0.03980165074981526,0.3335294309869945
-0.0388508346166891,0.335467958682246
-0.04172635930721697,0.33534574609142126
-0.04648498527238445,0.33349065842246506
-0.040352093624745886,0.33305752962861856
-0.034410599184706916,0.32371551611508814
-0.04009447778237916,0.32933244514325055
-0.039749310171082464,0.33520876803529415
-0.03411885787419686,0.3470681924061503
-0.03622135230315783,0.3341142880917155
-0.04001354783144197,0.33909832171671817
-0.032610314374989416,0.33150445719675137
-0.025829948997201393,0.3288013722669546
-0.033855938101318095,0.3321876205994319
-0.03663020161698402,0.32926196425898746
-0.0400978991087204,0.3299946462632935
-0.03488874178459487,0.3302761767050536
-0.029884746681922782,0.33235209428074886
-0.045492164288959226,0.3394310807562526
-0.04277699684049263,0.31993183100305406
-0.039019372464484635,0.34355552072169226
-0.04449905498231588,0.33344916510348815
-0.0419821016119037,0.3252183927611025
-0.03915076779518485,0.3296601907525267
-0.040845931290627635,0.3275119114507512
-0.04321816535377697,0.33578539045766465
-0.031829872620522434,0.3341412558174708
-0.04890906072561139,0.33037928052608706
-0.02948456758295102,0.33892825274185545
-0.041290797618537586,0.33330477022131055
-0.03852103628493142,0.3344417010025521
-0.03772608412691158,0.34083437022443663
-0.03931326256142839,0.3503634910643658
-0.03214179620902718,0.3319061900274883
-0.02973229051694554,0.3368947336197685
-0.03397085019954516,0.33441260116785554
-0.040871201920188865,0.33661597157097434
-0.04252383278877004,0.327107507047283
-0.03877707554957967,0.34290675178731195
-0.031049906890525683,0.34182917592190176
-0.036891810576177145,0.3407635340579899
-0.04017235139923502,0.34196747348303813
-0.028524120685710887,0.3354966957749793
-0.03549087562805313,0.346406373056851
-0.040084189055703774,0.34215605769985413
-0.026827504042794655,0.3289743590451868
-0.03184950415829876,0.3319669151674446
-0.03839724258327892,0.34566187726842895
-0.035099240461244616,0.32644460528514546
-0.04536141671596836,0.3285884077499931
-0.03332480434778003,0.34866846448873756
-0.02882162208547802,0.3358785303817678
-0.029054079684358775,0.3364497596440808
-0.04029400707374069,0.33899329744694934
-0.033708922075233974,0.34057583508283995
-0.03464029891406964,0.34306366332753035
-0.039589095077494696,0.3337436497226765
-0.04334655652575745,0.3344920097215948
-0.045304496077535714,0.3336883433858901
-0.035542435550044445,0.34313332864406526
-0.03927578541388865,0.3322539273800342
-0.0475782008385937,0.33826071004554653
-0.04603919813333238,0.32721390352117946
-0.03586113082854582,0.3392025098281996
-0.03432811023160975,0.33205166024582167
-0.05284459716408889,0.3282141492554834
-0.037460468765747906,0.3316096946423992
-0.03086177843588441,0.3311946374496184
-0.03197794067372983,0.33479535938187244
-0.04833891207638734,0.34035893976209886
-0.03340667293796495,0.3403146930013824
-0.03049547786072448,0.33096325499668555
-0.050237626992496356,0.34310518030480286
-0.03758255354556927,0.34049483395977626
-0.043527222249969445,0.3352500198214108
-0.03802652489575582,0.33120526382300014
-0.044821338144122876,0.3345418978745389
-0.03295979040203729,0.3364256600494082
-0.03723870304124991,0.3422822735159208
-0.03833736318408972,0.33853824326377785
-0.041503111853221836,0.33473044461272683
-0.03844994930142646,0.339551443439895
-0.032370269207352975,0.3381452736273146
-0.032249864061287624,0.336518530014511
-0.045952661804681647,0.3211635852514775
-0.04270334383850988,0.32922001272898993
-0.034630110291534864,0.3436594251115654
-0.0377676981911801,0.332644749837301
-0.04212587104119974,0.3404133822614264
-0.03728177401989538,0.3354964522721295
-0.031407769225304104,0.3468738253605391
-0.041712107319600476,0.3322215831442529
-0.04710480372189081,0.3370502281550706
-0.0348701345462158,0.33442402580731795
-0.048735708988519304,0.32391881375156345
-0.043861139057444716,0.3345543372429115
-0.0481588183182021,0.3238303608203062
-0.045128792138470174,0.33589764789952153
-0.04089338128524564,0.3246721961151924
-0.04693230932987793,0.32799504466543444
-0.030498062139360852,0.3340521918807993
-0.05273063157160105,0.3275700314153917
-0.03071794400123815,0.33252455814252063
-0.04508730277704673,0.33633888718534793
-0.04696445319663377,0.3267698311149742
-0.040126479453116,0.33288689703442526
-0.036736259859734326,0.3286746288459807
-0.04466655528641176,0.3368373851623334
-0.03941031552699015,0.33308162414321674
-0.04065967611319537,0.33372322078504213
-0.04089496897835402,0.3348202645477184
-0.03615183741444395,0.33588397345701787
-0.03777932439715556,0.33617921602331685
-0.03996096158367685,0.3300292241950875
-0.04154845156748469,0.33572741281160307
-0.05307559167384319,0.33232603732189536
-0.039622993299956576,0.3258118152516563
-0.03722711969681963,0.33819475646247027
-0.03747084075262497,0.329061082809385
-0.031896979135864055,0.3310799520588989
-0.029572767364087177,0.335625702720514
-0.04281992024102936,0.3401567784559805
-0.037270105151701635,0.33573738665361386
-0.04314438803589234,0.33968632325840625
-0.04698258380261861,0.34664110278643107
-0.03832399826783273,0.33503600838010344
-0.046055433636355,0.3352701851659986
-0.037693082886030654,0.3328423403379973
-0.04675931244574432,0.33436540906099743
-0.04096384596282155,0.33879293182529485
-0.04106212618423801,0.3384378674083929
-0.033535718246654765,0.3295275440713985
-0.035853782326378945,0.3417342743467596
-0.0468963487571366,0.3294162001091822
-0.035778312860084226,0.333238868102699
-0.04148557718512711,0.3348189342659818
-0.043586706155328676,0.3392417560856283
-0.04435284291865664,0.33224665351921306
-0.03344861752411188,0.327497785890821
-0.045138906164104285,0.329118717771516
-0.042108163166107396,0.33114380501688745
-0.042252323440896355,0.33174052672048926
-0.03170450468708691,0.3339462737572991
-0.03775123643145402,0.3408149291286519
-0.04151121094843921,0.33822708103618876
-0.03315167099681166,0.3426030236557806
-0.04419872957190165,0.3460466682863585
-0.043747489828347176,0.33786518127731874
-0.041876856566838226,0.3338720986442514
-0.04722356312290431,0.3293873193892522
-0.041491079337384995,0.3273630715339596
-0.041989368005904415,0.328285426395667
-0.04677406275401189,0.33689711012833534
-0.03290016589750861,0.33871167675340785
-0.04311166634824079,0.33842504128187967
-0.04453734110446757,0.3322287257963779
-0.038463705628616375,0.3283116296511778
-0.035646146863987455,0.34002547207461875
-0.04097888399524142,0.335404168851037
-0.039274052252997634,0.33545887792582835
-0.042568753086367817,0.3464545714348657
-0.05244139934427774,0.3364333685278177
-0.04288379230891287,0.33028943392029375
-0.04756056209245807,0.3367799653578737
-0.041013634205568826,0.33249806393185316
-0.03342123711516289,0.3350651501550066
-0.04273344941615846,0.3339682254226057
-0.04469176405958823,0.3345104997551169
-0.03216287079496202,0.3289139276399635
-0.04498081912294561,0.33932131044195957
-0.04305670941122968,0.33741279400602336
-0.025297157484820997,0.3318865170272274
-0.04446766455308347,0.3363418753821026
-0.04542801896175225,0.3383566822509345
-0.04390533814923797,0.34293736917006146
-0.033782342139820884,0.33583919282121283
-0.034019744188275074,0.3443600854130807
-0.027581595169915585,0.33269914528458516
-0.0358280216595335,0.3408389705020861
-0.04272732744681657,0.33305491713237684
-0.03836620856972975,0.33874022336471155
-0.05744063105132976,0.31840145018746324
-0.05430743192705781,0.31874295381467216
-0.0413183578314597,0.32617310819163464
-0.039344879581214555,0.3375974925455174
-0.035888603251272085,0.3438980362509554
-0.03806511064257322,0.33712677671775443
-0.04921825381913503,0.3383700744034689
-0.04941162491881083,0.33219898214390564
-0.04753027258836109,0.3362083189883206
-0.042633151161627754,0.3291634329429636
-0.04026899726405754,0.330416660679656
-0.033416014140782206,0.3329381857836205
-0.04360421570186883,0.3306555692065579
-0.043248510232365533,0.3368525493765622
-0.038898697741844714,0.32679870047993453
-0.04309820660983577,0.33720796656809726
-0.04081776734961717,0.3384407720878838
-0.04499692085126963,0.3297120885599863
-0.05250371747857614,0.3300610465039593
-0.04369169676712065,0.3240497973999267
-0.03751763526677465,0.32572472186375234
-0.052038284757310975,0.3247765516918357
-0.04756365682258604,0.3258102694498876
-0.04828616930876256,0.33066086748253165
-0.04785268635547184,0.3295047214738822
-0.04337103764076968,0.3314916545351964
-0.05348685846283715,0.3256979107309595
-0.03691646973310077,0.32836006007190927
-0.039907494995066094,0.33643976712056994
-0.04612849596600145,0.3304183448419718
-0.04246230406397581,0.33566621273759084
-0.03598020846032089,0.34078932415838115
-0.045650843913785905,0.3430292406869045
-0.038567596385456676,0.33744477105939824
-0.04629475886186967,0.3336895976177733
-0.04369114923079182,0.3259863954700691
-0.04244245818173973,0.33606122062916693
-0.04443477523550281,0.32884545361070466
-0.03950483516935701,0.33897265746604327
-0.03904294523530723,0.3331979159764369
-0.05083048325191683,0.3302526230691621
-0.044807410244098955,0.33114345658246774
-0.04766116900920699,0.3362007437846805
-0.04561164752536678,0.33462495691613825
-0.04212472279357647,0.3351708431984815
-0.04087420248494766,0.3297876452330842
-0.04884029045991428,0.33682981995134026
-0.049388055584907185,0.32371327464222355
-0.048832018198860884,0.33070353915957795
-0.045818204541838284,0.33908534787648514
-0.04422734182424825,0.3365139027815395
-0.048624096560987214,0.3227287860193311
-0.05048016584434148,0.34186671813109876
-0.03812743468485071,0.3187261264378085
-0.040388423228395476,0.32994628908374346
-0.04433361023106056,0.34103431251773536
-0.05126175673025784,0.3314406938289701
-0.043744586397866915,0.3381255118914864
-0.05134613858202965,0.3310399771451633
-0.0428131898960261,0.32949431452641936
-0.04346203715414009,0.3245511223770982
-0.04792008510302152,0.326235687249688
-0.04338877399210704,0.3302388160794535
-0.04174984574734676,0.3417416010542859
-0.053798409441176906,0.32922781855001454
-0.04982356971214884,0.33029303142010014
-0.0521878125828936,0.32598543000133673
-0.03765404180951284,0.3348099651953894
-0.05349195812622713,0.32448890861170565
-0.04554042180869607,0.32664342610303565
-0.05673364254228575,0.3224409020643248
-0.03607914494435533,0.3441251522283747
-0.04448875374853141,0.331421813205823
-0.047050137496852204,0.33475613973392765
-0.04905488026259075,0.34317784803185364
-0.05037225838241718,0.33304748657683597
-0.04846282240094526,0.3323596197038572
-0.049605238725549165,0.3256801750667995
-0.05049406950030077,0.33299650552462123
-0.04151552661562801,0.33667215940164974
-0.03970678668375268,0.33485198902529434
-0.05018059577906673,0.3280070415776722
-0.03491269513220382,0.33334900144029134
-0.04129874421777314,0.34043006163164363
-0.057969189064353846,0.33276704198128737
-0.038213543897941855,0.3330175744065262
-0.04458221323927799,0.337969765145975
-0.04426803171521275,0.33113363536077806
-0.044017372891680194,0.33987741016136247
-0.03908827634453488,0.3265472610399945
-0.05212579035018354,0.32798551682526217
-0.0523220957062618,0.3312653124731944
-0.04594073909206368,0.32584356585019886
-0.04598873355199337,0.3263620336380662
-0.05059034804272333,0.34096343823658537
-0.05845164358411545,0.328758967177557
-0.03613985493432578,0.33529895550924765
-0.05561924386836724,0.33615279609606313
-0.05037179779562893,0.32700576899474776
-0.0489115041659411,0.32114547194133947
-0.035154443029112165,0.3328806273155886
-0.03380846156418224,0.33841782085619165
-0.05406767220581175,0.33229670054690374
-0.04680975137121859,0.33452093760230905
-0.05040133805984525,0.3282712342867381
-0.053151049998440704,0.32572070428154987
-0.05244329004065998,0.32817830106882745
-0.053705648662326605,0.3344286713214507
-0.045150688232776306,0.3334222851745569
-0.03982817912045057,0.33673805630788023
-0.04504377853164755,0.3378124726330641
-0.042880168139817654,0.3325288848312023
-0.04209173505448043,0.3334825544815716
-0.05152635373056546,0.3433121972071229
-0.04666082965782525,0.3328739476716793
-0.04486495538479682,0.3298381239052413
-0.05626041075805534,0.3312965208501687
-0.049550946132056954,0.32972430990919366
-0.049236045038883534,0.33413999104980857
-0.048003746565654905,0.3327989175388256
-0.05723828863027254,0.3312578218192694
-0.04771953052908514,0.3336061658057728
-0.029822884943733963,0.33155751405440465
-0.046216853413584766,0.34262133206115
-0.041532469726233444,0.33257078609670265
-0.05427785179686013,0.333445714221112
-0.04814090700909509,0.3334660838219562
-0.04150393391286831,0.33719694337040335
-0.05149510534220884,0.32683187407892733
-0.0533686766219462,0.3316100111388541
-0.046471234713603746,0.3283331936073604
-0.043437710770570466,0.33335051427473145
-0.05323240847210922,0.3338592815905011
-0.051301459842371305,0.33414730177847435
-0.0592368007951521,0.33059605404315634
-0.05556411762870481,0.3300519482592601
-0.039241649125003344,0.32938553002817184
-0.051908273736250905,0.32905166178328243
-0.045340751612935895,0.33495816491242325
-0.054087895741945315,0.3380981108105956
-0.04679956796831019,0.3379023935155171
-0.04506232794583654,0.32744301031684936
-0.05716143355716741,0.3261973855192503
-0.04818294838317763,0.32972154917352664
-0.047313930743740525,0.3327047398449024
-0.05540945382113454,0.3346250327001342
-0.05066996766485087,0.32706440860265007
-0.05624377229718635,0.34071720184840787
-0.0481129907177516,0.32460278562384026
-0.04737895633854297,0.32349755438193745
-0.05064411810723572,0.3318846481625975
-0.05025447133275523,0.33251074346900755
-0.04749877464691844,0.3356254879161431
-0.04202981056576932,0.3318767282359135
-0.05464246523146079,0.3247403189791585
-0.04784276269369178,0.32898125202153905
-0.04310542260658368,0.33709097802341886
-0.043147948724184586,0.3293812821653369
-0.05174710212999636,0.33107385414237095
-0.05405238153173791,0.3296605159698487
-0.05476924067080578,0.33179579294763495
-0.05061643934328228,0.32897299500168453
-0.05508864830211533,0.34013904231001874
-0.055836129305831636,0.3233177437497781
-0.054460040758736075,0.31879601350844483
-0.0612031920094453,0.32917340382568433
-0.05959602781478834,0.323544640058731
-0.06115238027330806,0.3201271633297077
-0.05312056126866532,0.3277811089232878
-0.050714916351725,0.320238787347105
-0.05238885148961083,0.32890610235698114
-0.0445297348763392,0.33566651342367015
-0.04624897526624257,0.3399144035638525
-0.05130193818770302,0.32563108643524413
-0.05223908357644519,0.3298650954653044
-0.0423475489731984,0.33429020531321185
-0.053730301508601704,0.33971905194069313
-0.05992879562178843,0.33690462669466487
-0.04442803637503004,0.3329701922536084
-0.053593831926648065,0.32766218720392337
-0.04998149480509445,0.32038901315914764
-0.054771311810744676,0.33210216623332056
-0.049616028398373084,0.32824650983740955
-0.05122615739578733,0.340811394561826
-0.058759845559067894,0.3337575635568944
-0.05291345199530543,0.33107447403171847
-0.06136543300880189,0.31527424412757205
-0.06147156763965438,0.3235215776390087
-0.040467482844960975,0.33039649152650324
-0.045718828219496264,0.32605969286195546
-0.05216146534657667,0.32908509542698194
-0.05223419770430983,0.33898141528848036
-0.05922871508585438,0.3270610065740417
-0.05337083682581557,0.3377253125235079
-0.0536123929718692,0.328586615277848
-0.04435750062164361,0.32668703331023663
-0.05106103516136027,0.33511739302424587
-0.04746161872278068,0.33571040945089636
-0.05103052980521196,0.3294274159624899
-0.04555204898140169,0.3331516019079262
-0.04651684064369969,0.3265625074969795
-0.0490994589073056,0.334927416759864
-0.04760406123868387,0.32540138885896447
-0.05782359727131468,0.3255912861176265
-0.05326916633909769,0.3280408078564624
-0.05453800444700502,0.3444413353353592
-0.047928001766827544,0.3344056900465238
-0.058922648063054014,0.31845122625860495
-0.05462289468300519,0.3241343135977668
-0.06398850839055994,0.3271362395599804
-0.06016738410559555,0.33299222903564035
-0.0543094717918767,0.31586189463040515
-0.05134279366164179,0.32716378496964177
-0.051784281249920336,0.3321416294149462
-0.0558785927734685,0.32807521819079477
-0.04714382257378437,0.32609360621667904
-0.04901881310725796,0.3231430434391932
-0.05559911857581028,0.32831875420049184
-0.052297318435528165,0.3369392780265004
-0.054211865255236684,0.3299243792982386
-0.05388573763283705,0.3249657469557083
-0.04151935028925504,0.33955163265944605
-0.05446526055809462,0.3363541856434447
-0.06256160987091079,0.32669817131683704
-0.04843128399506562,0.3255235703854433
-0.05604935298068771,0.3379486369450928
-0.05459404848261868,0.32799720822404904
-0.05502323053208009,0.3220614904761913
-0.0568062181213366,0.32909318047084646
-0.05365117529186438,0.32283202892778823
-0.05489710113837065,0.33354707102046977
-0.04685860308473376,0.34478652677991467
-0.05356616359838383,0.3344438756852489
-0.05022775905705381,0.33969608417257585
-0.05434020521715086,0.32948352666049435
-0.05590097542473447,0.3307753374891433
-0.042598440874126065,0.34174754744942404
-0.03753123738785532,0.33528535921451363
-0.05062821178181976,0.33218702632154706
-0.05319626194231594,0.32749292529249535
-0.05401886085023518,0.3265832507828066
-0.05249084027495264,0.32809725263890005
-0.055015379036030466,0.33570564558853716
-0.052998688877645764,0.32068480711725605
-0.06317296434029933,0.3302003637363063
-0.05367998879033177,0.32768338433036004
-0.054918299287242074,0.3276289767789928
-0.05408514420417793,0.32179299438743847
-0.05479666106732859,0.3211978148306481
-0.05942103392687191,0.3292173609951806
-0.05061182003795337,0.33300180433683757
-0.05514846977968367,0.3257761935566137
-0.05299313070597867,0.3239253513343565
-0.061056041328359366,0.3252219742504578
-0.04486919641944872,0.3231027683434055
-0.06301942807172142,0.331061949715623
-0.05355397484811929,0.34649918568888477
-0.05327039753587022,0.3370060461368724
-0.04578949159254444,0.32882699278374233
-0.05393644377382374,0.3282795382325985
-0.04974485265068732,0.32757941502462323
-0.05524177964834409,0.3296074221263179
-0.056611688710440804,0.3285739946775795
-0.051660643379644156,0.328717959269582
-0.05534692282464112,0.3252078508063163
-0.05802078523215315,0.33704598827366383
-0.045285466014454344,0.33383446640918885
-0.05405435025236489,0.32966960156152053
-0.05545248523291165,0.32646971331485974
-0.060313909648016896,0.3288491999001674
-0.0658377878878046,0.3220688536468333
-0.0580052018714947,0.32721549707034164
-0.05835885659620267,0.3215627658552766
-0.0600614248644021,0.3216478227249684
-0.05958131938053286,0.3246328199368356
-0.05610684197811514,0.3204489427519715
-0.058935871558463665,0.31763577165319684
-0.060436928692358456,0.3312369237833403
-0.05645779910910406,0.31677705945617984
-0.05155476445711712,0.32556807473107147
-0.05395332892520746,0.32952453448580665
-0.06418926523893154,0.3445059708977647
-0.043446550508172865,0.3431717505339481
-0.04764900368239138,0.3274913273518153
-0.046348991359615274,0.33643591370662834
-0.06260329734673421,0.3246968699837162
-0.058174648837741615,0.32600606277588934
-0.060415825599902565,0.3328002008877779
-0.06262950407747978,0.3218553485547414
-0.06484751590727185,0.3141668555951531
-0.053581118462368876,0.3233358285509181
-0.058387968791087014,0.3283384622703892
-0.05316603830943106,0.3306782438122577
-0.06440106588327618,0.33024948056257375
-0.056317763895418274,0.32407476761763615
-0.05710102495333682,0.325046192143623
-0.048051101125330016,0.32617163388141424
-0.05306931472325703,0.3261380921810315
-0.05360238425917533,0.3275076193072294
-0.05377733828140184,0.32862030568172984
-0.053817442793710764,0.3318822833542004
-0.050717175303561644,0.3286271672466861
-0.054176101031912616,0.32993322322520263
-0.05529563745785287,0.327140688049578
-0.053506228452654105,0.3323911996853849
-0.056742805910522845,0.32341553823340247
-0.05093014544606794,0.3350514038688036
-0.05399152381496383,0.3315989463994497
-0.056079490387360126,0.3221725828948402
-0.06005563897742001,0.33012511519084214
-0.06313012174581616,0.32761202685777563
-0.05623566265975427,0.34003761700654533
-0.05216374755704388,0.32888868419787387
-0.05938193406055708,0.3225145360515567
-0.05469768890168595,0.32598087713540075
-0.05816514322789963,0.33481227968036875
-0.051955445772213345,0.3314995255948384
-0.05912418586831542,0.32204676516879116
-0.05825433463036648,0.323636153836268
-0.06347382783833516,0.324087440411212
-0.05185994051232275,0.33141547962276385
-0.06602661824578178,0.3288298553088631
-0.05293019683757895,0.3428943674413766
-0.060236143365908795,0.33371403509796377
-0.0650323837606219,0.3258532960989381
-0.059774640256113704,0.3262241840852713
-0.057972614926780866,0.3270424723904162
-0.06435192487349424,0.3234213698257721
-0.05679693514769498,0.32287241451536397
-0.05933170645577452,0.3172599199884384
-0.058085762714786375,0.32909495137401873
-0.05446024669621444,0.3265954403329052
-0.061852862688487886,0.32857427863674993
-0.04780806997733375,0.3387366744746869
-0.059282237903279515,0.33315416021610006
-0.05613730521700148,0.33027550423762003
-0.062358565136268924,0.3238690546164938
-0.052497207849308426,0.33948650934431324
-0.07110482095205325,0.3374316829368907
-0.05849636541828514,0.3112973699285453
-0.06089832799987504,0.3263773356237082
-0.0657428760800065,0.32458619392616683
-0.05957700862411464,0.31806232307346616
-0.05374442967859193,0.32772918826790287
-0.05280865782638905,0.3293969048604147
-0.05680862447943648,0.33609991662019223
-0.05311589784543924,0.3320416343069879
-0.06172361523057028,0.3241014883973043
-0.05912643259759808,0.3265871342856025
-0.06403075392028006,0.3267857284404971
-0.05178338061655492,0.33079473123227116
-0.04909408123993051,0.3230155311954746
-0.0711221902336651,0.32578170538296813
-0.0571928452220101,0.3338183659500815
-0.05751383989668449,0.33662504427515944
-0.06980367827966415,0.33121053329486183
-0.05934133876780471,0.3292238633971189
-0.06307439827262983,0.3227869566695344
-0.05123817460961832,0.32021104060139205
-0.05495494979993017,0.3270038047571328
-0.04993678938145253,0.3384754927783052
-0.06890650800407533,0.32439883758143634
-0.053000179930015066,0.3328340361691809
-0.053635328025417116,0.3305661657418268
-0.05851961447709956,0.3273609949477231
-0.06205578336566764,0.32470825386361035
-0.06311647566736746,0.3226434973423141
-0.06374418782353972,0.3278164712306209
-0.05343017435413366,0.3307761789805521
-0.056596096277806325,0.3301887790944019
-0.049821908582885356,0.31879514080134647
-0.05592738242731325,0.3316158264738274
-0.054649149661440265,0.33934237129867656
-0.05464627002303265,0.3278600923699372
-0.04882469516038902,0.33446033957891536
-0.06459527217617705,0.332838409697312
-0.060260406205731434,0.32745651721310554
-0.058456231820622956,0.32984875800325947
-0.06289907150998618,0.3280023799528173
-0.05145025520610351,0.32825736968469343
-0.062337156837697916,0.32130184642690346
-0.052461379143412104,0.3259843778366058
-0.05947416204965333,0.33363171372139094
-0.05271338699590512,0.33775288568773454
-0.055627884686350354,0.3233222624540861
-0.05055675567049523,0.3248304645659964
-0.061834719739644425,0.323665976164314
-0.0595550897731508,0.325563981506947
-0.05961637774906558,0.32339815322007937
-0.049567617019236974,0.3332059735721466
-0.06897251027359003,0.3285685712912296
-0.05054433910796882,0.3312052524846441
-0.050581609363783864,0.3227377942808236
-0.05008962904476303,0.3407989093711247
-0.05548700477891994,0.3302218672234062
-0.059889110103370426,0.3292497210099497
-0.06845204586729027,0.32110355997222556
-0.06962874113387663,0.32363879870485185
-0.05721560609165372,0.32402697346229814
-0.05170666002697813,0.3234854598535009
-0.0662001244224269,0.33136560088356387
-0.06136609091316031,0.3335534972786249
-0.06323843472186466,0.32657837643541526
-0.05570340928179114,0.3185273132022787
-0.06088992905627688,0.3285382249874394
-0.06010366233897128,0.3230863385887441
-0.06503006790503921,0.315961316927361
-0.06740443776196821,0.33047419198923605
-0.05648600220623389,0.3225819717000612
-0.061513792102140245,0.32478898562850567
-0.05662864439850967,0.32490961526394724
-0.06298113977100767,0.32820651599788037
-0.06230678544890205,0.3253080536383355
-0.0577447481758784,0.32247821865556037
-0.05939036061579931,0.327592947305285
-0.05553016965282756,0.3363237820916173
-0.0685506520008343,0.327375088258854
-0.05748754512996503,0.3200563123139363
-0.06608136325928747,0.3188581810728965
-0.06432935518949141,0.31506061120940365
-0.0639955215881525,0.33085655550891496
-0.0611068695423256,0.3259698700883514
-0.059417271646638216,0.3239415427831268
-0.06158820783087421,0.3262089764538327
-0.05445436260138343,0.3250153381308697
-0.06164592095436942,0.3302701284416121
-0.06365357353493838,0.32943896548728774
-0.05881641362929534,0.3193024714012157
-0.06633235277023954,0.3344226925958805
-0.0646173024592473,0.3269279518410106
-0.06690856671154644,0.32360193599869896
-0.058654744947459946,0.331058856123797
-0.06451041351007031,0.31500299330763437
-0.06352681630786537,0.32898039457981115
-0.05729137785087517,0.3183730701500609
-0.05700188153790793,0.31746323939132004
-0.06062512021540122,0.32290375912377606
-0.057465744928764786,0.3253545227157224
-0.056189669363580406,0.32205442273414764
-0.051856530847665804,0.3268188461852302
-0.06046326797867144,0.3266788648597649
-0.055544512204202666,0.3272122605857792
-0.06568374220309887,0.32075382634258054
-0.06202661499967276,0.32614051611063216
-0.06669695533982847,0.3245274181709728
-0.05103483030875737,0.32958719786953417
-0.06004714506198312,0.32581285052710685
-0.0616371789710031,0.32955368944070007
-0.06704424274168001,0.32958368611724437
-0.054855409878682045,0.32730762175065115
-0.05685145586605974,0.3340033616979085
-0.06168674575750051,0.3279886154152775
-0.06378821395118651,0.31321080246335853
-0.058429100396526774,0.3277193012010764
-0.05748588483341302,0.32609247162776156
-0.06534922323785482,0.32613437545412427
-0.05158756987686846,0.32193447612351733
-0.059675975193058686,0.32727450145949205
-0.05714717473654045,0.3309976735945338
-0.057659704714627495,0.32227673933263623
-0.0652202511759664,0.32405080936903
-0.06308213915927445,0.3301874867804315
-0.060517575810105105,0.3329799537700882
-0.05809378743828225,0.3185470394906416
-0.054804440440174726,0.3250858066425216
-0.05517296703146364,0.32325903927463107
-0.06500192054860612,0.3272781246446668
-0.05884089154275915,0.3270326718750911
-0.06409491965847525,0.3238336734130043
-0.05417275543215088,0.32154891985875295
-0.06187596345071267,0.3234386694463921
-0.07103826941135266,0.32157973719217314
-0.056718720683152146,0.32524333686205137
-0.06031096771189816,0.32261066785973713
-0.06747850303606986,0.32633850187096447
-0.06331120853379729,0.325956526433076
-0.05647820901368079,0.318629183840529
-0.05016870221607559,0.3234087254713012
-0.05066921489543571,0.3244537131351295
-0.05783117198662394,0.3170913493626637
-0.06380206426206265,0.33217310434343855
-0.07116081973014098,0.3307814588250811
-0.06406149226742813,0.3240109488500626
-0.05932744376720722,0.32307063824144766
-0.05639434022332854,0.32384673257878993
-0.0692103267742647,0.3174549959510099
-0.06090359538806768,0.32924101381643545
-0.05990948439277113,0.3229083683769407
-0.06613054251188977,0.31978588377156186
-0.05817170831096338,0.3339161421644088
-0.0565930008677017,0.32942986583735817
-0.05971207512221058,0.3223176707958845
-0.06305984994343525,0.32432601060049493
-0.06245749643376718,0.3260039269572682
-0.054429892825399284,0.3248624109075155
-0.05406711609172812,0.33368708543989883
-0.056093890216900096,0.33406844845523487
-0.057280100434524216,0.33790154161177216
-0.053915872645851994,0.32878305303127053
-0.05413810689105633,0.32436686309719664
-0.060272356396574134,0.3334130994977146
-0.05636424057085331,0.32389201560467423
-0.05435194806950482,0.3263628760187435
-0.07098180350378179,0.33237232668983774
-0.05767950314289458,0.33144666931059774
-0.06257323932824692,0.3232513236509641
-0.06163042727062341,0.32746704713530245
-0.061118614464718904,0.3246788212481683
-0.061302107322514864,0.32570869752925585
-0.05638799458495632,0.33227482337138
-0.06357357846780895,0.3297691966122804
-0.05951484266505852,0.3305797399163466
-0.05901799739651901,0.33035873048600056
-0.058899248705878184,0.32051941705714854
-0.06895422281025984,0.3227060809884458
-0.05832508164010063,0.32960782521347864
-0.06729212902750528,0.32020811887837614
-0.06016577123050255,0.3273118304260364
-0.06176975808463264,0.3258745316819942
-0.06146167071351888,0.328722469478145
-0.053757137423215605,0.32280388517049374
-0.05949827739101468,0.3252511334310054
-0.062200124834389116,0.32469378009829664
-0.06489375628277515,0.33320270780194666
-0.06415946930740882,0.3200543973601942
-0.05348096613043301,0.32704934200908514
-0.06583238156284217,0.3262910694058795
-0.07295068055791983,0.31237001082755844
-0.07028046811441939,0.3176719778155147
-0.06223444433986839,0.3156236590827068
-0.056310417503071364,0.327852429873474
-0.06245819139299823,0.33158048411975616
-0.06170459300906516,0.32788200104956855
-0.056340901165169044,0.3138480682023239
-0.06300116541596686,0.33107990300635737
-0.05253438500138801,0.33117693913755547
-0.0602613088285573,0.3283823099836886
-0.0724463383894175,0.3254776613249574
-0.06701219773611412,0.327463309621696
-0.0649676871134429,0.3212807790612921
-0.06299724264545556,0.3257148412270892
-0.056273242083449436,0.32757583828248793
-0.06596003086273847,0.32710834384191817
-0.06187667258740474,0.32789242251536477
-0.07762882601302992,0.3055168582712848
-0.06822955217626638,0.32034802173977767
-0.0808201468310006,0.3177045360353012
-0.0591449683646471,0.3116481527277357
-0.057196085054131214,0.3300567190323425
-0.06716649424525259,0.31589432285139785
-0.06315988804727324,0.3256803188770359
-0.07464720710394379,0.32945616072301814
-0.06716721514813954,0.324708837248327
-0.062049199292157714,0.3346525919484626
-0.06769444158231107,0.31918344787890846
-0.06369084261035293,0.32544425105977814
-0.06030702274577874,0.3190943907277185
-0.06938254443123487,0.3205467134711091
-0.057630868137262974,0.3223038470491891
-0.05808326473301943,0.32794166617886367
-0.06309298009041399,0.3256586666637856
-0.06995744753026656,0.3252009961664935
-0.06923022730473803,0.3151325313780943
-0.06157388305263488,0.3278063468283507
-0.0646899825507635,0.3259121226807472
-0.06635369777168215,0.32529411225662724
-0.06271080232864615,0.3190553891913768
-0.06348040547011721,0.3205494727925211
-0.062417360082928273,0.32453509957459586
-0.06897525229582963,0.32221411096520697
-0.06566801595127515,0.33777805896722213
-0.05159379472374201,0.32211402012030244
-0.07029955778203227,0.3223223047804604
-0.05859329338690536,0.32905415638399454
-0.06690050931113922,0.32488434827008145
-0.06108176670443978,0.3259155480832085
-0.06312031459843391,0.33088720680662437
-0.049815680446035945,0.3270242557076802
-0.0658659681646644,0.3253276708163948
-0.06345005343452068,0.33119001141134535
-0.07121120421011964,0.32854236487192173
-0.06894479657938872,0.322674722663849
-0.06674854787304838,0.31569872547843064
-0.055399273960601354,0.3279066435774001
-0.0701767590855194,0.3262207461113957
-0.0720678721175358,0.32440434580487787
-0.06706754382191785,0.32767210022846344
-0.057908197402021085,0.3325379212565857
-0.06285666453019488,0.32250727892174524
-0.06127971497751995,0.3267587492775195
-0.059484950081119696,0.3315107315256784
-0.06718790415570854,0.3201628909343807
-0.05508428719903877,0.3224458032678325
-0.0535581127258191,0.32201097495381553
-0.06565430561739435,0.3252211536412105
-0.0674341512075501,0.32849306590445776
-0.05189851884776775,0.32414917452878833
-0.07061678562037141,0.3310026272179294
-0.0649167152918966,0.32340358991472573
-0.06480761076697908,0.3271697176647478
-0.07031384342233139,0.31957279551006446
-0.06798936706514422,0.3256898605120609
-0.05285433925288684,0.32928616281636036
-0.06760588256294578,0.3253301871335739
-0.057675604431514614,0.32021483399293427
-0.06891305914024377,0.328603068330846
-0.06138187876607985,0.3310140823665121
-0.07223732806436423,0.323080190394908
-0.0670509798264966,0.3177344351275394
-0.05823865070070406,0.32553642681097117
-0.06552995939351851,0.33517086003552377
-0.05791625708804964,0.3259928883205052
-0.059203401041750016,0.3267911829519271
-0.06034932080474468,0.33489940627148174
-0.06568166918670668,0.32915430398658996
-0.06532068676212198,0.32373983877900203
-0.0593171250647924,0.33094226727875686
-0.06767214667395756,0.33360816772916907
-0.06146854225918165,0.3229541516700758
-0.07091970254812809,0.31720271845963854
-0.057831772497678124,0.32101204224045804
-0.06985380595153529,0.31744246202056237
-0.058883966393662446,0.33463041571878815
-0.05820994446653777,0.3290149348676931
-0.06544922890243267,0.3366436659711473
-0.0630745429264092,0.33285094941123156
-0.07142734396658651,0.3268685925556919
-0.05867314884599432,0.32557201825597337
-0.06335445292590253,0.33200010294607585
-0.06642972515050888,0.32093633475676614
-0.06354152355569134,0.3251564314277954
-0.07238849530513596,0.31385882600607173
-0.07766811611550005,0.3254699396232305
-0.0752547877101955,0.3171491941828805
-0.06854864470629272,0.3235342734678809
-0.07582384112879635,0.3248722472201102
-0.07003133850285044,0.3185599599267013
-0.06713130645123129,0.32952730159345206
-0.0625881514529127,0.32143086435247376
-0.07095091749562467,0.32195138401448004
-0.06981331496573871,0.3243542475697465
-0.07345190846304597,0.3260520890816198
-0.07067253935342702,0.32478543903152435
-0.07211313767016794,0.3278444094989082
-0.06358166945436318,0.3223578461204896
-0.06369947246288007,0.3190345649053031
-0.06441828763252541,0.3286830935621423
-0.06351706160987422,0.3306394093936037
-0.06459894737392126,0.3197611809432031
-0.07178560874849639,0.32675359877027144
-0.06127906270665138,0.32146494564410066
-0.07185477038950781,0.32915107371081886
-0.06482675825832004,0.326375272643618
-0.06930041773626142,0.32157199089895977
-0.06028968437266715,0.3286955919341413
-0.0643287910398339,0.31696108234526976
-0.05936686657872626,0.3250284170629014
-0.06761925693715952,0.3318624713850377
-0.06771990575999354,0.3255061831671051
-0.05435082194063872,0.32890703647398656
-0.07198661125039033,0.328200622387033
-0.06887012132474202,0.3267112328272863
-0.06342774180555338,0.3232260562191616
-0.06653896273805798,0.3182440870807425
-0.06470509413951639,0.328473341482064
-0.06899663641481402,0.33500060751269567
-0.07110337364623591,0.32668410904332573
-0.06163292947725077,0.31319524884583094
-0.06858787541251916,0.3169854093551427
-0.06136599300187436,0.33165261678879254
-0.065330530873208,0.32755638799370124
-0.07467293156675339,0.3340688238316075
-0.06309373880506498,0.32618328688116055
-0.06084139386219994,0.32519914419046486
-0.06399974994353877,0.3196287554363815
-0.07692396678200937,0.3221894772443998
-0.0664160259322368,0.31311863442969706
-0.07353531484881409,0.32123934476217414
-0.07311993922326343,0.31482034311437385
-0.06125701428480051,0.32336820951099216
-0.07825808787903579,0.3154070807244458
-0.0711596716206854,0.3122844334740426
-0.07572811785482587,0.3316166973732564
-0.07026177974674588,0.3167606343775104
-0.07722007775846731,0.30971288410540343
-0.07347822429113467,0.3147321463273813
-0.06986527619494966,0.3184215831416734
-0.07878514878680201,0.3261937579636331
-0.0721849136175958,0.31481657107042427
-0.05891379386640421,0.3303845778127001
-0.07050745885823137,0.3279895795964733
-0.0683411707832614,0.3186727676547818
-0.060350972839239334,0.3307060757273423
-0.06472471920918033,0.32210955860817847
-0.07004381061423814,0.32405403009715056
-0.07034580809585805,0.3261419837445332
-0.07439119759081296,0.32626596867140917
-0.08042336594380808,0.31527460613803976
-0.06690337715052178,0.31795156589704887
-0.08164434634923186,0.32055416967397726
-0.07022660491586775,0.3277186167528069
-0.07356896426869793,0.31593062782277065
-0.08035129575299596,0.3196361425523472
-0.07533619424929146,0.3184415420820499
-0.06920261868821502,0.3131560650330427
-0.06574081259358694,0.3224449016237308
-0.08206211527801986,0.3111712634465948
-0.06215004947110244,0.32199271925152523
-0.055599932265912706,0.3289850387852222
-0.0733091492203313,0.3314532109660908
-0.06610183176110619,0.32479343756456464
-0.06824903013659252,0.3172677850332999
-0.06902307461575118,0.3246029662752441
-0.06459091270450096,0.3258543986286275
-0.06415829855525625,0.3248979120903898
-0.06784489271233861,0.3192576797406465
-0.06941047358620792,0.33214066501518114
-0.06632922267800953,0.32938117163100256
-0.06530651447393862,0.33213210743998156
-0.0602602175920165,0.32014626248035355
-0.07006493949416928,0.3253839539922499
-0.07879580286666735,0.32641229121482135
-0.06378812562414507,0.3290213512772476
-0.07306319760842817,0.3333808698304082
-0.06276869626711495,0.3232149654478107
-0.07785074859851003,0.3203312395714372
-0.06858990313138268,0.3088619944651823
-0.07675425336481026,0.3165725381021591
-0.07703480262463089,0.3194416526103348
-0.0693348073771589,0.31527843177811166
-0.06771625919048006,0.3330205582598194
-0.06149498880896498,0.31988851429326515
-0.0779535795756254,0.3262492833613609
-0.07237565421505701,0.316794398399067
-0.0761188393962535,0.3167753106562877
-0.062124419538294756,0.32043570076682026
-0.0789034266657033,0.32224942748561214
-0.058601890916631386,0.31372155048724326
-0.07503214553597819,0.3176951585821835
-0.07323038729890874,0.3134929025413756
-0.06747648350818912,0.32270975540501734
-0.06611724565555481,0.31928714387158924
-0.06880355788688308,0.32579201351724396
-0.0779821540224626,0.32743235236292906
-0.06606939278025252,0.32226333413340397
-0.07577454816368502,0.31087820605651884
-0.07600840720045192,0.31718816005618855
-0.07533893275770807,0.31772573536714305
-0.07686681716698089,0.3188295176073086
-0.06512801254054247,0.313695710002027
-0.07727947542016235,0.32056321615136313
-0.06144994251119427,0.3228520930431225
-0.0698217743995562,0.3181295725272051
-0.0789312764878793,0.32618295970497724
-0.06467592366068278,0.3304968181283398
-0.07828118856334415,0.3266217275959525
-0.060617785694500895,0.32218678593621164
-0.0714344535903282,0.3231282421854969
-0.0653283920054789,0.31777115721278654
-0.06821431672997634,0.32647806188028416
-0.07426475935922867,0.3329000872424931
-0.07793799653137039,0.31797661558971546
-0.07060797801902363,0.31475615290719544
-0.07287689090967364,0.3165988958188129
-0.07228956796980054,0.3216875389343317
-0.07895775546303786,0.3125708792816136
-0.06995930482227625,0.3174405835881564
-0.061349295603191654,0.32398024721830354
-0.08064377564929845,0.319636370234091
-0.07132175996913602,0.3138511385878215
-0.07164237898189753,0.31755245480523925
-0.07391381586930262,0.3239696564873375
-0.06905344927042587,0.31819279303328457
-0.07865676896908774,0.31049541082093285
-0.06857621335436385,0.3258277973886534
-0.05882940720194137,0.3275748959343049
-0.0779968551261678,0.3359330498114219
-0.07910114642064192,0.33214060348387586
-0.07353920473575305,0.32149089493397776
-0.06936498311054451,0.3064145847894951
-0.06645417639004021,0.3278398374303443
-0.07409667409043126,0.3189874753032978
-0.07141770733010892,0.3178564824052757
-0.07970611669263569,0.318396041296321
-0.06372473623576219,0.32201042579557787
-0.07280636854812911,0.3271507255821824
-0.07700126928357436,0.3258523064099393
-0.07185172510222533,0.3178371212162827
-0.0627039637692597,0.33201852562680456
-0.06486814407355818,0.3313267065260742
-0.06964219342651198,0.3180060233072433
-0.06258688998254547,0.3246993148099424
-0.07746683257168224,0.32679806212783225
-0.07319462561344456,0.32050951816082596
-0.07676667952356052,0.32562704161228706
-0.05918014366198902,0.31204305036400365
-0.07617681929882286,0.3196524189017123
-0.08057079410341271,0.3211331926466704
-0.07732246910627091,0.3205945633715175
-0.06987651547125631,0.3252702477671799
-0.07771930455595905,0.31052421296407406
-0.07507192921866288,0.3210506652249126
-0.0732036450059908,0.319308674973134
-0.07676948225045842,0.32187985025522897
-0.06767405123537072,0.3213542704520298
-0.06772254195332139,0.33360836528667465
-0.0775059177034388,0.31800096246755766
-0.07602092567501212,0.3211965288203199
-0.07212845324692647,0.31912541073227013
-0.0664691501719573,0.3241208299617903
-0.07247627640228024,0.32492350160416433
-0.07466496882088872,0.33319454915543767
-0.07657293743541137,0.31624373976759845
-0.07440942814093651,0.3139449303966956
-0.07351348428632819,0.3212699986662698
-0.08021809910815267,0.3213014748486752
-0.07416041283772681,0.3309408558095989
-0.07377424330203969,0.3146866103253578
-0.07469272901890149,0.32074597593673704
-0.07279476919192601,0.3152580504192562
-0.07007080720847159,0.3201670048961493
-0.07969205760971891,0.3210196025968265
-0.07822396919153454,0.324862702513512
-0.07730333274771267,0.31654719575442947
-0.08008697574469778,0.3228586486563945
-0.08089869324082496,0.32450377183279366
-0.06757965316624703,0.3244347447509745
-0.0809237357104193,0.32099127789652854
-0.08292750642730247,0.3205775263064042
-0.07787453467051736,0.3186275503475733
-0.058250804738874506,0.3159594212408426
-0.0730661989612512,0.318007039344663
-0.0697728033476891,0.32955597832159406
-0.07691441182995377,0.3292113601433304
-0.06819997074960064,0.32744870160431094
-0.08724668225687741,0.3207336991127462
-0.07788216522170745,0.3180300108895622
-0.07926276407931386,0.31268854435945936
-0.07853488944212643,0.32604720355983424
-0.0754627331645358,0.32172527240191984
-0.07070975591943579,0.3256752235363286
-0.07317442988260243,0.32001142873325933
-0.08017308960562339,0.3248282099342685
-0.06816598655938236,0.330589610123358
-0.06430255580698943,0.31931843255107756
-0.07723185291344002,0.32040934394101594
-0.08589357890160791,0.3199645446791382
-0.0761991074307729,0.3131341864049308
-0.08057038894867982,0.318369943652236
-0.07849770283483942,0.3219189142511806
-0.0693386877304744,0.31623010916567157
-0.07759586066052464,0.3254108439800382
-0.07403466816471399,0.32788172961203066
-0.06955962919205845,0.31532861485560554
-0.08326922853388097,0.31601793851463755
-0.0768791429511906,0.3125253403873622
-0.0758920691135026,0.32484678750919166
-0.07903607462525318,0.31438090441468863
-0.07580623335172941,0.32143180496504486
-0.08023706598630448,0.31785211616597625
-0.06876184090617657,0.3254121042481544
-0.06933757504372276,0.31568032393609624
-0.07862887751469376,0.3195329967672303
-0.06388518766509933,0.3212018940841638
-0.06976295673842416,0.32842674448905945
-0.0773999891741958,0.32192089852625677
-0.07962472844721348,0.31633943489125
-0.08093833291322172,0.32880815716206097
-0.08355142350779868,0.30983702572444655
-0.07811384164343926,0.320418284212949
-0.08349636510440961,0.32190655399683343
-0.0738107702125521,0.31834241346726017
-0.06412311715854649,0.3169685234449557
-0.07674765250814093,0.31677158348568735
-0.062480480530511875,0.3229861498483102
-0.07818283049275875,0.3127054786477851
-0.07857099338455519,0.3232441411087383
-0.08504784997015102,0.31691225736181494
-0.07757447143678545,0.32124964597360767
-0.07382628589000217,0.3269674214760636
-0.07759875530314796,0.3231062007035313
-0.07775325968403471,0.31544009378930393
-0.07945838670259853,0.3152838827693093
-0.07575681450620274,0.328457949396809
-0.07180481350923454,0.32603908362341866
-0.08613077503531766,0.32110786548187253
-0.08096859443894053,0.31158111466054234
-0.07724366721018786,0.31548212452816116
-0.0830670461868167,0.32393789948539403
-0.08623131188610021,0.3098433793192238
-0.0803692994358458,0.317537569354126
-0.08123156194278042,0.31793599909577736
-0.08116465236910878,0.31930114916634605
-0.0834653840859141,0.31203305530076775
-0.07802203013026202,0.3087922096909638
-0.07710786898787177,0.3335995186707487
-0.08023082397948499,0.3196211924134928
-0.07192260927595961,0.32018015641897746
-0.07200486363572658,0.3183135655811484
-0.08288319402540581,0.3201515201039103
-0.07679646529061429,0.31835216201760336
-0.07583663892468802,0.32201001082267583
-0.08269420685301015,0.32184477018146945
-0.08162420362550703,0.315203000335114
-0.08142972137176059,0.31715407976998994
-0.086703019219472,0.3172639744352197
-0.07849112233110687,0.32279262708147566
-0.07746692452447357,0.3213376052926948
-0.0778859396945245,0.3218952881513262
-0.08524571570166546,0.32093839649224326
-0.0707047130032592,0.3239918634829179
-0.08581522156289456,0.31815229299832204
-0.0805408165127025,0.32142219619926654
-0.07886834018337506,0.3189858787707085
-0.08347875846568445,0.3226398027677207
-0.0853478296443384,0.32559352637740147
-0.08720064804743104,0.31482352061943836
-0.08143978038082314,0.3086089470212378
-0.07402029157394298,0.31743958183936927
-0.07183588517301479,0.32214053660806047
-0.07428401465797943,0.3278524601229798
-0.07092934933134343,0.3199144977745719
-0.07095161718958412,0.3257196540811991
-0.08498458150440091,0.3187138868469972
-0.07113826863969917,0.31293628850428223
-0.08478666919728228,0.31926763454165297
-0.07139976936327276,0.32386376076243323
-0.07901448869390036,0.3190739446426624
-0.07235484906271397,0.31754887415508953
-0.08409355568715986,0.32516310684968946
-0.0823101527711147,0.3184383242657493
-0.07684103652726522,0.31541402925417766
-0.0767636979362932,0.3212624009960336
-0.08637181221040292,0.31901633098574705
-0.0818455158268669,0.3185963575248108
-0.07900376710521366,0.320592044815749
-0.08619719504358149,0.318660176470706
-0.08048369714372872,0.32559137223663315
-0.0911654106156079,0.3142530262984008
-0.07577995252574787,0.31660805669185077
-0.0786028425447919,0.3182871375436908
-0.08339566612371771,0.31219309619769714
-0.07693606760311604,0.3222388525310713
-0.08342191923163839,0.3227554368898514
-0.08240206083032568,0.3125215422243935
-0.08119574141271561,0.311103076253428
-0.08545815713724458,0.31159574068887047
-0.07010923690240349,0.315025707237636
-0.08245747417928923,0.31992504436948305
-0.0734605748743943,0.32331005817838493
-0.06308276346180221,0.3223740049334653
-0.08140830401706943,0.31872764078171784
-0.08600853781617905,0.32035263345108667
-0.07500230283604492,0.32862728240239364
-0.08124330674733671,0.31766011967356367
-0.08220418692234267,0.3112089075538028
-0.07267218581472892,0.3188483001959129
-0.08099984614813363,0.3227729557092298
-0.0839216661715289,0.31724759013057674
-0.07692197228920901,0.3232210605914062
-0.08496456919339677,0.3243241357157719
-0.08787933051521937,0.3146485510778985
-0.08119325917337077,0.3205544015654771
-0.07356393091226324,0.3242213122369031
-0.07790194550524568,0.3146970193512009
-0.07785413751112476,0.3218858509970195
-0.0857163680680453,0.3166861065494465
-0.07174327423806977,0.3304892373721373
-0.075100062388593,0.31490833100449966
-0.08006050447528014,0.3251428916163346
-0.07113341197239595,0.31478139996416454
-0.07860605320971513,0.31015487331696384
-0.07094144084923643,0.3312854367681511
-0.07488151336011875,0.31596154279836847
-0.08377194418171714,0.3194737219026755
-0.07159432949162786,0.3131915786142731
-0.0871338538118291,0.3210993734621927
-0.07738152426431194,0.32186108340134434
-0.08209023006614379,0.3215467935300333
-0.08379933719422546,0.3068591078841861
-0.08701559868938583,0.321762738348542
-0.08170289228892037,0.31830306346647574
-0.07364413566142182,0.3253972241647647
-0.09017598606499716,0.3150671547036892
-0.07619255263260166,0.3197394121172954
-0.0770033536282522,0.3125123892518854
-0.08158088725021533,0.30669092935750325
-0.08125365263463184,0.3192148383786645
-0.08212051583561764,0.32635428451521004
-0.07545730658950592,0.31874740012526315
-0.07993066656912722,0.3186020908350506
-0.0777814456204288,0.3078081118449184
-0.07705826696007322,0.32102067112938654
-0.08535338255181843,0.3180440400430507
-0.0700556589894344,0.32848125533128636
-0.07001812203922547,0.3238162274370199
-0.07839477161253401,0.320466752953947
-0.07799486158328892,0.31898094435516716
-0.07843338373261118,0.323041860440664
-0.08371000653301619,0.3126946978949641
-0.07945248805473891,0.3039817632757447
-0.07243751824283917,0.3096261797447029
-0.08209182230103965,0.3224564039397268
-0.07947540366933387,0.3117011008600282
-0.07379462793919143,0.3225792363885851
-0.08520811931120632,0.32377002503018365
-0.07669227267572948,0.3234266376896431
-0.07678627719416035,0.3201728100332234
-0.08499058711256079,0.32289118906987185
-0.06578187326975048,0.32193405956100635
-0.0882999417205343,0.3133315040863647
-0.09189806406958934,0.29852912870295945
-0.07655603552131199,0.31574933770923475
-0.08196999094955873,0.3210016376043688
-0.08688086155014987,0.31098269766437486
-0.07624897117461371,0.32305113405628777
-0.08191474933102938,0.3206529389199853
-0.07882234823472933,0.31869858928275396
-0.07886945277558868,0.3240522409533337
-0.07310626420274244,0.3224941377998866
-0.07360843791308516,0.3238554252501876
-0.07201233346553194,0.313669347101709
-0.08297210024059135,0.3203200926500031
-0.08063730263450401,0.3230166356125437
-0.07797061182786456,0.33057492737646654
-0.07141907136613378,0.3250911493893612
-0.07851426039723104,0.32243404454534375
-0.07709410688168128,0.315505412980638
-0.08235365460884073,0.32702613532552793
-0.06951156698661451,0.31462290796773473
-0.07542448411411393,0.3316237593297971
-0.07335291905356092,0.3120767243701412
-0.07676873815295601,0.31792514730829846
-0.08002459053955796,0.32887231232136493
-0.07307724925371238,0.3297956775632327
-0.07759952250456571,0.3234122644368008
-0.08442094604128933,0.32102483394482945
-0.07161627777467285,0.32949042727558797
-0.0762247118034738,0.3231118872720889
-0.07764383271727804,0.3186156409127371
-0.07812005501156499,0.3158475015639594
-0.07818877648509046,0.30990544173528883
-0.0842117424910658,0.3117378262371499
-0.08052394363099435,0.3122912797894982
-0.07957574592479498,0.3238313211093833
-0.07333450798037792,0.31500748324690864
-0.07833123229805894,0.32280444141190145
-0.07317067603722711,0.32261709054278775
-0.0845994889901729,0.3185368780632744
-0.08294041038656107,0.3159689345067278
-0.08094579041566045,0.3089322123930885
-0.08105281558109935,0.31673831928743656
-0.09211116767236503,0.3100102350612899
-0.07910401646863663,0.3122211606596638
-0.0803386479776219,0.3100110113419002
-0.07322580260181118,0.31686693242975966
-0.07521803885049762,0.32272208977489264
-0.09055419322585598,0.3218949567680899
-0.07532296188410544,0.31155201545074224
-0.08208527892181862,0.31799962909928803
-0.06679683838067153,0.3177217945563514
-0.07327987333960602,0.3209966501492821
-0.06740334728955047,0.32758446924139994
-0.07509459413114515,0.32829616724520044
-0.09012309126059286,0.31715109327930063
-0.06744774962081916,0.311035843501455
-0.08422808912896189,0.32014024077646785
-0.07093003463219542,0.3156785729699352
-0.08663853184833524,0.3218228985534369
-0.07978866104443474,0.32221854056843513
-0.0905081728789682,0.31208134342492905
-0.07548373561393402,0.31019071639528456
-0.07958266523837793,0.3233975061377027
-0.08503583981257928,0.30880586459528375
-0.0904749229211939,0.3117104730961964
-0.08254436654503353,0.31933680833582095
-0.07540226214345469,0.31750241107274213
-0.08222887409359776,0.3186280250659907
-0.08546877988383719,0.31339290626421656
-0.08327010720360668,0.3119302656345451
-0.0786773982731654,0.313566289385818
-0.07865594867545211,0.3128543211799744
-0.08446416023349139,0.32296746669192145
-0.08479315107127201,0.31009339169761946
-0.082516332658018,0.32055570247769083
-0.08395688479369079,0.3235610335436153
-0.0881148749257873,0.32051380379953665
-0.0769243333228978,0.3231652977657308
-0.0944005208139876,0.3028155316651724
-0.07984051703472997,0.30392650630281387
-0.09091932728003668,0.3096622851078332
-0.07504075685357033,0.3191249673714149
-0.08161691431485993,0.32484587646107904
-0.08446697949624439,0.32041936275265714
-0.09761341122986814,0.3144711877859758
-0.08111502789728783,0.31511190895279945
-0.08070457871017125,0.3107364400224228
-0.07647107649149,0.32366670162234956
-0.08410410975134083,0.31866842413155655
-0.07510506521253175,0.32075580421579414
-0.07371084431126516,0.32023425447032366
-0.07770730443993984,0.3218891570658885
-0.08237859968433146,0.3191374045547741
-0.08257873752058528,0.31872645849806613
-0.08138613421978617,0.3205016536037971
-0.0871835566617804,0.3156149447507541
-0.07984289339779913,0.3170467888358974
-0.0899263859758505,0.31378420000323654
-0.0786362309940227,0.3168738112866265
-0.07787096530231791,0.3159302970236623
-0.07639009278687352,0.31412909631468444
-0.08619170740744471,0.31824332829495955
-0.08098275976874057,0.32113517361662003
-0.07578221064188011,0.3177882555702756
-0.07633341232424404,0.31021348370612584
-0.07645680595631991,0.32125552866497525
-0.08354768677752862,0.3150146231549993
-0.08500349904777199,0.3166968242490555
-0.08655261565022385,0.32249552803725284
-0.08260816918015283,0.32474373449313937
-0.08088501789254722,0.30599303076289636
-0.09056514286722514,0.31326504460273386
-0.08281287171236239,0.31750956029145094
-0.0914337645483845,0.316581969211015
-0.08382174097958178,0.31789268560240574
-0.0892386859421999,0.31225042694430055
-0.0860555555030498,0.31693475231846846
-0.09005886028105065,0.3241330796925794
-0.07965190455097587,0.3174788202617174
-0.08777828439424007,0.3124236278681327
-0.08572794093404638,0.315501863449998
-0.08987566726740004,0.32126458202675695
-0.0818551740527109,0.3219815393326236
-0.08208811556934101,0.3169922171337228
-0.07904262093596819,0.3135670176489851
-0.08458768608804736,0.3220127319902827
-0.07657099148130976,0.327056955135764
-0.07790230903230727,0.3210589709842034
-0.0848687156898664,0.31987127095214163
-0.079561274868677,0.3148673335410378
-0.08014595072630748,0.3242847633087255
-0.09725561278037441,0.32099933421027343
-0.09273542909915125,0.31641580868605357
-0.08212889094011899,0.3164685358236062
-0.0805833456127777,0.31612211807002666
-0.09722881259760353,0.31130269738819316
-0.0994492820714602,0.30825930956151515
-0.09214599018743895,0.31554319167989
-0.07948479812288255,0.3150780137668073
-0.08490572183934603,0.30969699886614116
-0.09702704314081154,0.3091093846494245
-0.08276141224163076,0.31940514336420245
-0.0902798672133979,0.30493273488578776
-0.07332887373892448,0.3119002430428731
-0.08238320288167479,0.3207037591187072
-0.09025490569130153,0.32605468707660823
-0.08459194972084325,0.3137741381186238
-0.0836532360278994,0.30909415352227443
-0.08711494422052796,0.31190376707241974
-0.08625895284715751,0.31497311675413386
-0.08844206749133655,0.3057340154677572
-0.08807081310801186,0.3243791347673735
-0.07881413174846395,0.30511807291475257
-0.08671142502943517,0.31925272100999275
-0.0884284998445252,0.31323295182075284
-0.08309708397710877,0.30650818257864276
-0.08453208712044787,0.3027323424519703
-0.08901805070965264,0.312184401693558
-0.08439067547839678,0.31539186849117357
-0.08090877321232262,0.32096305910096495
-0.09846935820894599,0.3173306920266451
-0.09064341807153335,0.3126244694384061
-0.0784204038794912,0.31855236095384565
-0.08982476909070065,0.3165495562310296
-0.08225996328550712,0.31220999079219175
-0.08155614515352053,0.30146723082226395
-0.09472307478850897,0.31545186623285354
-0.08382955032018508,0.3110337235062489
-0.07759400404529843,0.316536148021612
-0.09628542248046985,0.3140801173416345
-0.09799749640751808,0.312344539485224
-0.08858843269551438,0.31029627574199764
-0.09044658773968862,0.30748490932329947
-0.08427993896965434,0.3209671494420446
-0.08705209794943926,0.3114805264114967
-0.08609668598294919,0.30740847908043745
-0.08102876633824867,0.31729821355049903
-0.09860342597064382,0.3221499931436105
-0.0974260490723147,0.31174123220826333
-0.08883822114957107,0.3146079237379782
-0.10131628149988119,0.311174289313198
-0.08265740550283349,0.31448418545226103
-0.0906801848347334,0.304735610976655
-0.09236540551349903,0.3106530298433288
-0.08653965358692156,0.3197295345304389
-0.087788443565534,0.3142655565340301
-0.07917214677652495,0.3209098009555388
-0.07753375475374297,0.3219171890596012
-0.08799887414474228,0.318227276507951
-0.0908643267718802,0.31269747499649503
-0.09149686702288169,0.30746832260575874
-0.0873140309415686,0.3107494228646477
-0.09073416347824007,0.31439188449621874
-0.08549245907968056,0.3112026469391169
-0.09262578426673604,0.30818936420268445
-0.08607993012844334,0.31469899946524443
-0.09137306222742668,0.3123019136750238
-0.08911589525999249,0.3154721348092147
-0.09503103227810346,0.3113474929334212
-0.09410719765639389,0.31404251871456695
-0.08684938800848192,0.31344454274022737
-0.08978783966869695,0.32213225529451056
-0.09252478737182918,0.3170426398556472
-0.08985871041574475,0.31170783853781503
-0.08484466727574197,0.3172662028311295
-0.08726815196770346,0.3262626258057192
-0.08774819360684162,0.32176698175262697
-0.07749051038610096,0.3198542835353868
-0.08579469665188304,0.3108025293459434
-0.09318907644930131,0.319455671999549
-0.0866275651928618,0.31458159488617016
-0.0959639039768362,0.3220916151591305
-0.08749151624000648,0.3181322017758083
-0.0845101002624303,0.31059835095053134
-0.07783519552100981,0.3151134469174939
-0.08906297791271753,0.31214112074681855
-0.08700030740482588,0.3118520125285803
-0.08896035408848256,0.3128603970945919
-0.08641881740046184,0.31837444302408147
-0.09044290435881937,0.3129126218161017
-0.08563023872790572,0.31838801296654007
-0.08240663490562605,0.3184935696311437
-0.09011351468736899,0.32114854243561225
-0.08135999196382306,0.3076576147930403
-0.08554676095083039,0.32426370418337835
-0.08856139631258043,0.3084925242773702
-0.09099694974139937,0.31416864915674597
-0.09578903220384084,0.32192269998644507
-0.08790430581910687,0.31311356954665326
-0.09360762578219133,0.3141953461379534
-0.08899450914498899,0.3155291108460373
-0.08673242488443604,0.3192217835844408
-0.092035520409477,0.31119921231417264
-0.079332839689955,0.30865486305430695
-0.09562702259950233,0.31400084883912704
-0.08759656657654695,0.3121649460363587
-0.09284103903892646,0.3166438392622368
-0.09723186724066288,0.313648661512969
-0.09460635116084545,0.3139741146162169
-0.09236776535389706,0.3067669621653978
-0.09447202630010738,0.3114017779486359
-0.09785490640014699,0.3072672677609625
-0.08188521486910916,0.3127596210129353
-0.0961805656644467,0.30811913516347583
-0.09355649984765085,0.3057853451445492
-0.09206676027989806,0.3178143436804558
-0.09351797918952033,0.30210331444365174
-0.08287934494541017,0.30915026233891607
-0.09892540623837823,0.2994991755416676
-0.09183818754199784,0.30572187361149944
-0.09731688634888706,0.3152487787190188
-0.08923677650314552,0.3216004742281765
-0.08329721999847216,0.30374912618196276
-0.09807064449050454,0.310777317841244
-0.0914407509477051,0.3139363876840453
-0.09650601731640655,0.3153708663242652
-0.08419932055255856,0.3133737273587272
-0.08575379289872395,0.3136023828760933
-0.09217566532170071,0.3198251481487291
-0.09390296388465266,0.31436726397375236
-0.084811223524429,0.31418654423829334
-0.08710310125852114,0.3113637293449083
-0.09048942379909233,0.3138834270252678
-0.0939917313160423,0.3163943367308439
-0.10409011843442911,0.30825283213034055
-0.09578078570272044,0.3045783555971071
-0.09523210819299859,0.3120338347626536
-0.09158942790089164,0.31188764855490464
-0.09150454433262874,0.31847354676090694
-0.09549281284241151,0.31303130656473743
-0.08093754226312337,0.3063457795261539
-0.09551957803575617,0.30952029672486003
-0.09539015593099008,0.3168490608621712
-0.09676167477558319,0.30616173479400777
-0.09336826528905759,0.3280169768859573
-0.08714912651939016,0.31763025666152905
-0.09674283479071516,0.30740759340700363
-0.10766376624691495,0.3153203821586601
-0.0884623526111828,0.3152556449789169
-0.08585386391885218,0.311456820714302
-0.09349470881671613,0.31286550033680205
-0.09459277436279111,0.3106375129465161
-0.0904428754692841,0.3178903660129931
-0.09457262015887725,0.3146987951601007
-0.0968749480615598,0.3115293020744076
-0.09869975086728237,0.3103515197923447
-0.09809766842600487,0.30556346157203573
-0.09448208438227666,0.30627966945628377
-0.09640849377443596,0.3144353644027507
-0.0940472796525024,0.3144816889000054
-0.09848901360142782,0.30185531095551604
-0.09645489313159017,0.3147226713779837
-0.08669943072213834,0.316451887035208
-0.08626278177828613,0.3177839625287908
-0.10020318944568973,0.31010372784911494
-0.09856303254161486,0.3079306515560522
-0.09868511563885612,0.3214333477814281
-0.09804310752059922,0.31594771634899643
-0.09343912858765252,0.306859108680167
-0.09365150009494312,0.30934014552422273
-0.09539505040691443,0.3180977740865526
-0.09055494883050882,0.3116526490651205
-0.09639286703944935,0.3084965220927467
-0.08688409530335049,0.31557356551578536
-0.0921497912261616,0.3140202009756249
-0.10112042108341544,0.31052196745773714
-0.08704347553805922,0.3124790592078076
-0.08983535778605885,0.3240833882894088
-0.08882857671209242,0.3163256169470961
-0.0981535840364212,0.3150283437229897
-0.09326209269582664,0.3116682065478747
-0.0983471317259113,0.31275080902089536
-0.09617689636942817,0.31740414220204
-0.1015501360628032,0.3185996562949879
-0.09322325520402143,0.30546658234590857
-0.09600743206385351,0.31102107924887934
-0.093813145260076,0.3071542681126029
-0.09275590868110013,0.31021837101217187
-0.09029326954992477,0.3177262650413979
-0.09928407649439859,0.31535051949669207
-0.09415447001679315,0.32224990828279226
-0.0982692054150515,0.3114639063721416
-0.09107175132659898,0.3149171588993569
-0.09187259118396691,0.31625216698138403
-0.0951166357056966,0.3169318712942753
-0.10115000337134128,0.3121731158346913
-0.0933296065947081,0.30275171392671996
-0.09928485367584546,0.3100155920642812
-0.09074959659505138,0.31090926303171745
-0.09917706601008537,0.3099118940472633
-0.09041786154846614,0.30331975589857785
-0.09175212688730762,0.30967682699897875
-0.103115123707279,0.3028160663197841
-0.10027251018154713,0.3114267677111818
-0.09857709350618823,0.31357448322409753
-0.08929251074615067,0.3049338994873206
-0.10057327510316957,0.3052017634932961
-0.10438851757310112,0.30840193919967057
-0.09833841150560407,0.3013880151806669
-0.09777437373845181,0.316249864829881
-0.09996679824863397,0.3085983998456036
-0.09685614727886277,0.31270393032558097
-0.09290273476618573,0.31219549660705836
-0.08975651583233304,0.30970096900703464
-0.10248192066234735,0.32020357567200086
-0.09615783585296851,0.323271837777891
-0.08924962413615516,0.31565992856288383
-0.10212484959983009,0.311356992613849
-0.09357128637477245,0.31257184324010334
-0.09422871412354034,0.3133028601561933
-0.09453885012210289,0.30914097355788484
-0.10169434465639911,0.3012106301881067
-0.10018487569910196,0.3101323501152569
-0.09548710827867923,0.30493104699377965
-0.09409760476423715,0.3145970515828182
-0.09847017948860766,0.3113145808402023
-0.09383170913746375,0.3191825630594319
-0.09646156342419185,0.3022545977669963
-0.0920278765258717,0.30910760828059625
-0.10080220083625123,0.30963584353472984
-0.08895001157242761,0.32007483113339796
-0.09961287408448487,0.31370568983344027
-0.09485137980703061,0.31354970405977695
-0.09175277077997143,0.30979888904015573
-0.1017443303560292,0.3163347095638057
-0.09519102150949685,0.3072587569160538
-0.10054641393604204,0.30686492436206536
-0.09764941264808415,0.3134958800895132
-0.09838099955149646,0.3065234503605267
-0.09366569559887217,0.3125242477555326
-0.10278408501000733,0.3122340578448651
-0.09527735410650663,0.30506476070881916
-0.09385474266733132,0.303080604799782
-0.10374016434927495,0.30538784899369664
-0.10058187517624355,0.3072221326435967
-0.08812331145583374,0.3193694505753182
-0.09212483516074581,0.30305801386270337
-0.09397714716366459,0.3143185462390308
-0.10539485114743857,0.30463181781449405
-0.10684964628556175,0.31006066424746026
-0.10273613086835559,0.31495394555011613
-0.08995362558049996,0.3055004252833886
-0.09221429247538421,0.3086322747073942
-0.09346218418099736,0.31609215802649737
-0.0894204968119169,0.31534958629587534
-0.10361511901926827,0.2988552775663008
-0.10248918098330329,0.306358177705077
-0.09997347199566363,0.2984236228851915
-0.1017548534845425,0.3026653332673797
-0.09772385214546907,0.3084772750003196
-0.10489943497912474,0.31292155953280826
-0.09396551116939447,0.3157352248156675
-0.09751992960365397,0.31041944788192316
-0.09209931626523336,0.30020230493891537
-0.09563763425147152,0.30389750411743804
-0.09710746076877677,0.31065543572395343
-0.09767533393348253,0.31459012481255755
-0.09307484259437591,0.30606465997599125
-0.10603690056803024,0.31527287734669174
-0.1020887495304514,0.31624748189980945
-0.09299169713599774,0.31995275279956553
-0.09001442945058563,0.31636781939583364
-0.09818159693763044,0.30517953317210134
-0.0836314197557447,0.31254195925323897
-0.10678520139693526,0.31028595189123015
-0.09817494524219231,0.3091658941720851
-0.10321107494202626,0.31438921065304576
-0.09838534125010509,0.30403124263969783
-0.09718063384886631,0.3100983066636925
-0.09703285164433162,0.30252041630531257
-0.10909770195153802,0.3049800679159844
-0.09666331336104286,0.3027724284097353
-0.09196013342694917,0.30839108486817435
-0.08928401946981898,0.3072829479236228
-0.09249849399031797,0.30852504020292804
-0.0945985724042301,0.3108737417893804
-0.09098331583409462,0.31750671700193606
-0.09285498674411664,0.31407042810940666
-0.10113377130562291,0.31087757653992726
-0.09250827739045989,0.3155460308533369
-0.10511673729486488,0.3104045885478122
-0.08975561437262175,0.297442977339046
-0.09460485358061048,0.3128367678125346
-0.11345257365206296,0.3150117473721992
-0.09967216419378436,0.3073842750104612
-0.09216100823323886,0.3098266090700063
-0.0878085138937512,0.31232881427645237
-0.09045272655880196,0.31438405377985945
-0.09840622959186046,0.3172978496878738
-0.09237245988026,0.31761896900298026
-0.10052289744127534,0.31310067119760365
-0.08881037613480257,0.31585858446029225
-0.09806772015672263,0.3223537119006925
-0.09293871743560012,0.3200776515377498
-0.1036866160416983,0.3075731495911541
-0.09289396558986036,0.3124520856743407
-0.09606224307291626,0.3092923578736954
-0.09824368399057859,0.31581452180679825
-0.08255987332038467,0.30664841427828265
-0.0942161326708281,0.3224802300648721
-0.09123957128027575,0.31226591905836654
-0.10708427885328481,0.305521067578439
-0.09943870330789693,0.31002420743897224
-0.09869537706216294,0.3041319813977235
-0.09815884844299815,0.3028178569058163
-0.09785309170781688,0.30454516998615944
-0.10164220186329098,0.3024034066686643
-0.09613735396648887,0.3064289748358802
-0.09089343928607725,0.30503149153294074
-0.106735013356494,0.2966130343001613
-0.09590918202735824,0.30389193539405457
-0.09709268682046378,0.3085939466904653
-0.11317302181241524,0.3064637957770192
-0.09917892377680952,0.3027256346094582
-0.1023967317209718,0.30423454141488865
-0.10738624780946654,0.306140979540895
-0.09551413629820413,0.30303585973248925
-0.10388690216333592,0.312351966269124
-0.1040540845005842,0.302838815313306
-0.10640810263581385,0.30500174769093846
-0.09759227227795476,0.3002217394070968
-0.10507959753703913,0.29735095554153834
-0.0936666966508601,0.302093709850646
-0.10705263571712269,0.31329135814597653
-0.09898947613186637,0.3069648741253761
-0.10339179709046531,0.3136041557546397
-0.09785295916584164,0.2999790907459544
-0.10416287576813678,0.3110222305396986
-0.10814054882015389,0.3055440272256166
-0.09370616662919162,0.31062459732073444
-0.09913027291996847,0.3082899104680162
-0.10916365939403454,0.3059888631525902
-0.09010684033500942,0.3090300742879621
-0.10132882850466468,0.31253181928972273
-0.09928888274137342,0.3081604658837793
-0.1051111575608999,0.3102786464693897
-0.1053232251556407,0.3090303960825663
-0.09476330937401416,0.31081706272923265
-0.10658147275966665,0.31520280533364153
-0.10006352837171248,0.3082570420763739
-0.1004728659197744,0.3100574847083937
-0.10831871753219675,0.3001326482105973
-0.09761031753173177,0.3090076781014302
-0.10411342187871168,0.3162465826227765
-0.0973412342691295,0.3130101165000979
-0.08641001247352445,0.3114628257041731
-0.0972514575086651,0.31650335154013204
-0.10065294118447969,0.3145827585283067
-0.10012809688082118,0.30762101339234554
-0.09568875291400714,0.30503074403156466
-0.10122769141301781,0.300328365825394
-0.10823457783032213,0.30997404544281226
-0.10250634978185368,0.300565962738922
-0.10531798154569101,0.30803019602811704
-0.1008912597174163,0.3119482574419113
-0.09855419961540071,0.3123138929625398
-0.09161861400668012,0.30334611256783317
-0.09765334597791643,0.3047368164028218
-0.10437149316026376,0.2928867584439122
-0.10463282493301301,0.3092300927640238
-0.1008513826926598,0.30783340939042053
-0.10102182876945373,0.3074732150388623
-0.09560640414193412,0.3082738915367618
-0.1000667591500042,0.30836007158879214
-0.10090420170189662,0.30499413860440033
-0.09275936176956502,0.303919345031058
-0.10193828729363873,0.316795889922052
-0.09813040483019611,0.3126864400759724
-0.10513311956442939,0.31443512120657335
-0.0968488141533654,0.3079909798699328
-0.10297996771102368,0.3028141952898523
-0.1013209272121902,0.3092914402707403
-0.09617159241354592,0.3175127360123518
-0.09651576509371214,0.30938522541985275
-0.10863227281435296,0.3060242801428393
-0.09752975940295687,0.3085070962157674
-0.09240800468655597,0.3067233112656178
-0.10199195910595871,0.31165632103728985
-0.09797772492287601,0.3083653826526138
-0.1027538197856633,0.3074018696175741
-0.11482558868572214,0.3016514100517613
-0.10191676200370478,0.310567703062077
-0.09794761202178469,0.30293481387889837
-0.10385835043270544,0.3133370518915724
-0.09542978109662816,0.314264862870715
-0.10150707818836172,0.3146989895792324
-0.10200397481487526,0.30669719273949675
-0.10805212500355359,0.315558142828643
-0.09488240670900433,0.3172080824232928
-0.09906452802204185,0.30312254183369175
-0.09398462266636616,0.30525971565306703
-0.09717691407262846,0.31194630592051587
-0.09760304269236712,0.3126182940542802
-0.09630532142041094,0.3079477554215087
-0.10046066601794607,0.29688729355578414
-0.10693424750937981,0.30666461230151276
-0.09650559724343151,0.3040164340119988
-0.09273659280242282,0.3091238686199705
-0.10403623655588906,0.2991818457930383
-0.10318199462954392,0.3083123181328159
-0.10671514436726999,0.31180100449736253
-0.10622467552379555,0.2991356174603325
-0.10240524857127864,0.31417044366429375
-0.09969126975808656,0.31051905029214616
-0.09983424946588856,0.30741225213591283
-0.1088188116817261,0.3067509475536829
-0.09697668675217459,0.29308068648228247
-0.09802728402563603,0.309917273309482
-0.10294568069172434,0.30416893761936065
-0.09694549243034349,0.30258795284591256
-0.10371139403268771,0.30236882727915904
-0.09760556552494384,0.30509710507773613
-0.11154308541720873,0.3104362407426474
-0.10521208206551873,0.2989488632845335
-0.09590084805344944,0.31344158028367375
-0.10675997469348504,0.30012207254091555
-0.10133847595359298,0.30749924824436287
-0.09798360763332972,0.30636766408929467
-0.10209621946925945,0.31285774510385306
-0.10843023668533078,0.3045079399318519
-0.10017233327232121,0.3084025658051168
-0.11083704005536404,0.3019454023085958
-0.1079901517270495,0.3031351419272462
-0.10545160507896821,0.3001647601082526
-0.10715381214134263,0.2930557284458576
-0.09494602666215085,0.3034340485012225
-0.09043878509759991,0.306155064378959
-0.11366882779440189,0.30685798733147757
-0.10121771664758697,0.3037397344990256
-0.09799149494323092,0.3138125467666377
-0.10988624868017048,0.30201136167636505
-0.10311339561101,0.30258310667618843
-0.1128567804969336,0.3055562173114442
-0.10089593325640639,0.2994831123769263
-0.0964222215983988,0.30647207769861806
-0.10561467202033462,0.30894647592416463
-0.0981219693940093,0.30487152641230325
-0.09712472552110206,0.30311064213415884
-0.10900581207867023,0.2953518168885764
-0.09970784088786458,0.30455503687381524
-0.10006248723072614,0.3038050075472234
-0.10737728688435784,0.30303487418966607
-0.10889155143106322,0.29851934140408964
-0.09780378609583014,0.3052379565352988
-0.09746023999185814,0.30857080991948027
-0.10781011863988657,0.3136136061468405
-0.10144440769306161,0.3077178691405681
-0.09772392773187469,0.29905583080938025
-0.10215318422631463,0.3030226670871465
-0.10440086174325658,0.3040873795942374
-0.11457276433950947,0.30010771056188096
-0.09782553867660346,0.3070958322254459
-0.1048761826982528,0.3053590208554549
-0.1023908831872609,0.30633447821829113
-0.101702975439397,0.3096688306038877
-0.09510686510967183,0.30251741240360147
-0.09782192244791447,0.31121532929027673
-0.10355872615403282,0.3040102335670688
-0.1059797542589646,0.2956684741408346
-0.09859864409503388,0.3075151813839772
-0.10318090726839495,0.30277468392485246
-0.10144743259280345,0.29840517352747514
-0.10752283632376095,0.3098751409111525
-0.10707253789206451,0.3030902695381808
-0.09933351242087082,0.3018575831094216
-0.10016608903132532,0.30883720954453664
-0.09778860869644736,0.3120397305519291
-0.1016440392394998,0.3206647988498702
-0.09511378463879648,0.30988749417558176
-0.10136274761924509,0.3062927935807891
-0.09304136638480698,0.3037400388079138
-0.09679068723670016,0.3119582282164741
-0.10888509748140952,0.30748752752361
-0.10182151244791778,0.30455990804058897
-0.10358910865586905,0.30999047230249044
-0.10224559562644449,0.30894980906627173
-0.10456354917804021,0.30944659066148905
-0.10118900898815887,0.3077618285787346
-0.1071310970260908,0.3121760461853923
-0.10333365584198881,0.30764834833521343
-0.10144587589707227,0.3087583769593419
-0.11095412332194615,0.2997268012644237
-0.10016344619860454,0.3090545635185814
-0.1080000188578516,0.30982803288007904
-0.0962874961331466,0.3119614044997603
-0.10504976235144654,0.3118921145878042
-0.09567518460395336,0.30638073412330386
-0.09928287546523182,0.30632724208006534
-0.09512896540618988,0.3054079532574057
-0.09744350875093549,0.3077894640664355
-0.11284565635578846,0.30486159152702746
-0.10340794073106221,0.31690479313398834
-0.10695634794068541,0.3066831584188847
-0.09986570939484667,0.3110035958791087
-0.09231917017336232,0.3126147611619069
-0.10561530588380924,0.3100541318889215
-0.10080779356466063,0.3036405333569847
-0.10718209836595131,0.2993409507674591
-0.10749427965183436,0.30478432927463517
-0.1148447720582056,0.30460710299599764
-0.10830138015661293,0.30275347084889664
-0.10915532762367251,0.305492320523563
-0.10497919692681079,0.3042773634790557
-0.1097362211308237,0.3055950452380732
-0.1015605943461855,0.3089254987085554
-0.10361304458007871,0.3106479995795583
-0.10138231211913083,0.30694153446697947
-0.10201250657214464,0.30077150184908535
-0.09740258470503987,0.3109212118933546
-0.09840447335631866,0.29790428124159646
-0.10328706448246684,0.3040149304615852
-0.10437759532796706,0.31473599153524573
-0.10051451001569228,0.3060148652335104
-0.1036911103732649,0.31282635043683676
-0.09941071052518893,0.3021819836017718
-0.10662966720913661,0.310272700868649
-0.09668474599643127,0.31471670934936
-0.10175010051358879,0.31228690479158594
-0.10060318188718828,0.31459140393291646
-0.10428959476814641,0.31440158436418464
-0.09498320949504349,0.30249491655442573
-0.1075682200662753,0.30070941209835245
-0.10562316549092184,0.298349717708597
-0.09661843899045475,0.3030760671574931
-0.11156758196711074,0.30228799990089167
-0.10219994089066067,0.30915769861772124
-0.1005863972408368,0.3099232519333284
-0.10442206770921966,0.31537223214711696
-0.10134943815728642,0.3147744615950006
-0.09183523132259043,0.3010176340495572
-0.11011663485208897,0.3069527479054604
-0.11419454598686704,0.30427315928895254
-0.09873327196231244,0.30799279874233065
-0.10172143061494973,0.3051632527746521
-0.1078648603158786,0.3147956963637921
-0.10146760142867796,0.3055788243547987
-0.11855221294160602,0.30988638630919413
-0.09824139913763107,0.3055898014588302
-0.11052847293760061,0.30456646295886064
-0.10065523766186031,0.30840933355420025
-0.1016791043722384,0.29846128117743187
-0.09952099299873332,0.304147116728444
-0.11025002252609604,0.30717241938026296
-0.11092270242191897,0.3111066785786192
-0.10650117608350222,0.306496848931533
-0.10102107831502631,0.3048379393631553
-0.10480790617359785,0.30440305929978834
-0.10082554453450375,0.3059034341156414
-0.10790248818738393,0.30524080560315886
-0.10362999543128176,0.3040540481554392
-0.10226843506532048,0.30930886261942697
-0.10807347913740922,0.305183451394886
-0.10565781177551527,0.3027387973562233
-0.10620013835458786,0.3008521338113025
-0.107854041387909,0.2967528240862566
-0.10158530991793796,0.30329989108253835
-0.10376231324369956,0.3060080896708546
-0.10837249687916208,0.3116400291813076
-0.10215943386661538,0.3104847527375352
-0.11544537360841144,0.3067522391445031
-0.09917956339381925,0.3075882423364289
-0.09621779548460084,0.31985274424410154
-0.11129785663947725,0.3081466727004386
-0.102411652096073,0.3152152775286807
-0.11226654989163766,0.3012485357933512
-0.11250245455860955,0.30344166883376816
-0.1080411475644117,0.30546312266755954
-0.10280445062124349,0.3089656202912532
-0.11438386380976247,0.3023746643494139
-0.10424655661034431,0.3087088643654816
-0.10104883855476206,0.30406053703877123
-0.10993927891571513,0.30194564598437634
-0.1111578719167547,0.3015747818027724
-0.10610312061193633,0.3118916804875789
-0.10593042449782206,0.31311994489418277
-0.10025240562960908,0.30806336127186157
-0.10584749363342266,0.31676899507345874
-0.10737041553134812,0.30693093217797185
-0.10986964484632987,0.3054429079841335
-0.10698925914627398,0.3024729463463014
-0.10438128080594643,0.3014607655377316
-0.11013298849819499,0.3011621196288362
-0.10699121045817772,0.3021997399423307
-0.10143961354242476,0.3089901999347339
-0.1050325304840108,0.30470223713123096
-0.10542127798783668,0.3053155494318158
-0.10705279058977929,0.2982456771430138
-0.11916304790707681,0.2988560139766785
-0.11092824216752938,0.30414731723943167
-0.1160055008507544,0.2960822897965723
-0.1038189460138163,0.29481380761187914
-0.11013202073953177,0.30979961142574153
-0.10805859587550347,0.29721398413359645
-0.10774611466953476,0.2938180620295791
-0.11030412072683489,0.3058590800753822
-0.11188376190929684,0.30141941590822996
-0.10493590241308323,0.30222996513698436
-0.09833891858731758,0.3040612157194939
-0.11207598579865195,0.31181075445223255
-0.10787493470796147,0.3082474846434103
-0.10577631741102395,0.30120906072461523
-0.09802290607530895,0.3079718267378843
-0.1124494027190878,0.3094361601996457
-0.10009782270621138,0.30914062264039166
-0.11041893361544508,0.2969691955441534
-0.11133070842265091,0.3007977923586613
-0.0996944240054994,0.2999351291844897
-0.10824877766702555,0.3044843176053794
-0.11785669560116847,0.2995737169012278
-0.11897489948966111,0.2917904352906608
-0.11112591642208973,0.29252162282707356
-0.11290022372008733,0.3106991747004122
-0.11660361827632741,0.29935428690879035
-0.11185637290612523,0.2897217103576234
-0.10034626301158178,0.30634523809864317
-0.1058778032147106,0.30792959143524445
-0.09949460883300046,0.3077800036230914
-0.11938473901701753,0.31086900072274487
-0.10340796375524708,0.3002918119193783
-0.10383023430950404,0.30288395511713734
-0.11490470471801367,0.29484519878953386
-0.11400587085702611,0.3027747993127795
-0.10653194145065793,0.30848632678815624
-0.11449829412547954,0.29904262042048335
-0.10584369440995285,0.3034017208459338
-0.10361329042832694,0.30967642726767164
-0.10428580649355504,0.29517399442851977
-0.10715404964621085,0.3100583378430335
-0.10845250425356384,0.3064421533488258
-0.1047277241539258,0.3016469101002095
-0.1073731384164584,0.3052686115727507
-0.10352303257338899,0.2999462000394952
-0.11252442193211543,0.3101969971131518
-0.1151095599686053,0.2976479135794753
-0.1086981766526199,0.29985631902822873
-0.12001769260873431,0.30308079261238274
-0.10654519385178583,0.30535954221952727
-0.1155539855405987,0.303553216937658
-0.10664153359167423,0.30153952425889746
-0.10860479023160928,0.31112529038065156
-0.10546393084808671,0.30025773595889765
-0.10949527466310767,0.2978057331806299
-0.1012581568816173,0.2976980136851259
-0.10384713802957313,0.30057218146014725
-0.1105675586876877,0.3026991114768664
-0.10545869175917783,0.30075359720178696
-0.10942386525821148,0.3006938151620354
-0.10562652407137067,0.3081429742499079
-0.10741108355716769,0.3039100937313871
-0.11459067462578654,0.3003015833473358
-0.1107192636247765,0.30263655104779086
-0.1018914867261356,0.31480690940846534
-0.12159610207196907,0.3019210240020328
-0.11760543521580487,0.29994666024055205
-0.11412808698077062,0.30082448244989785
-0.12288244370014555,0.2942591698947245
-0.10623616416551236,0.30207607101364553
-0.11524146137756595,0.2971014583861659
-0.10977293393447482,0.3120242778313819
-0.09874393292081265,0.3045491485428261
-0.11390597585728753,0.2888300645490128
-0.11828775541361493,0.3053665101953346
-0.11530133268570053,0.302442920393619
-0.11426511659405232,0.2950631607836879
-0.11328491652133468,0.29708518822075264
-0.11163277676085077,0.30346888190816645
-0.1037121509787878,0.31525178239360896
-0.10654289582432028,0.30186071250986857
-0.117272431006835,0.288237465370251
-0.10513498105960249,0.3023602955941503
-0.10983986683982358,0.3019900987833456
-0.10753158060072275,0.3022968239124915
-0.1070501696400025,0.3080075485321174
-0.11060448707910155,0.2999034714211208
-0.11192224328658232,0.30678835508592306
-0.10621522840435517,0.30362286437497404
-0.11428837915461355,0.2952946929046981
-0.10116078300126628,0.3035415945485746
-0.10793605947664403,0.30141708241998355
-0.11099589322327431,0.30766899001636244
-0.10999148079700993,0.30013043692407937
-0.11822057988207677,0.30022362714713874
-0.11279856340385153,0.2959361533188721
-0.11039044717667838,0.3082130039572517
-0.10959845746931611,0.30212911741460186
-0.11068879784920357,0.29248060156485944
-0.12376468551488225,0.30738773898634
-0.10940044526209977,0.29647249408663745
-0.11675540464444166,0.29579698263844845
-0.11134478743634846,0.2927882626313255
-0.10159998654808013,0.30867225677582955
-0.11721097254592815,0.30588760441895474
-0.10963424281695747,0.30483942992140417
-0.10953811895805289,0.3112210690085366
-0.11091134289049069,0.30214363473085565
-0.1135015269626512,0.2947807087420224
-0.11453886122641298,0.2995689201539719
-0.10617818170481258,0.30528996632192756
-0.1192331452297238,0.29751992785410236
-0.1125534296851295,0.2950216230111302
-0.11281503866475541,0.29781062012632614
-0.09744474880178403,0.3032281985243557
-0.11217400674111226,0.30291769901011134
-0.11805766923363677,0.29976344277151873
-0.10821260512652255,0.3012996303999362
-0.10838706429668847,0.3059891698211949
-0.11403110492177276,0.2911345204571872
-0.10237734211393436,0.2974243486835096
-0.10975697960565747,0.31019806252104426
-0.11489365557124756,0.2967792650125064
-0.10356204264261919,0.29946277244091124
-0.11036759421718159,0.3038353821030002
-0.10954794090435054,0.3090827175280829
-0.11406097977433197,0.3070550985424791
-0.11724146303439352,0.29933602151968813
-0.10624512156455063,0.30282502176135684
-0.11790622318045224,0.29248542328219573
-0.10815331671271891,0.30446085602418577
-0.10832633964998672,0.30780112019589345
-0.11105916399007429,0.30209698616852293
-0.11633183111557306,0.30615287544734987
-0.10259212813839717,0.3079262684562076
-0.11532279538479712,0.3027936474069985
-0.11670096944363098,0.3026725062076932
-0.1197349603661619,0.2858170775585293
-0.11267175524570101,0.3027701352377821
-0.10091185861115733,0.3061230678693393
-0.0984859006921145,0.30838042172498226
-0.1119820915490167,0.3055116630905869
-0.11558430205976068,0.2999244801341472
-0.11375840334529203,0.2966816864173137
-0.1074217819720041,0.2929673299233006
-0.11853936407719222,0.3012163670892534
-0.12710262107265394,0.28330609578937804
-0.11742973499921149,0.28745010078365896
-0.10646410387488865,0.29934497653419256
-0.10950515064672113,0.2984374203324453
-0.12110520020015744,0.3002219893420327
-0.12830920298641502,0.2896425758098511
-0.11763762229078738,0.29389215580964406
-0.10858402674871058,0.30240059010367504
-0.11040573139538518,0.3093716876374929
-0.10962416170931613,0.299518221095011
-0.11175488813878633,0.3029629630853631
-0.11428645046118346,0.3000816507078401
-0.12365975382917306,0.30551965945448806
-0.11577248082445815,0.29090745516131533
-0.11576029825927778,0.2966718496744641
-0.12231623862848932,0.3044854346410683
-0.1307552162481332,0.29392857001161626
-0.10719774594038764,0.30312719599842175
-0.11471063570701072,0.2956807240967172
-0.1061064054378891,0.301579378114922
-0.10828521463803877,0.3021037820212574
-0.11584556762291486,0.30295102418489106
-0.1032353399828788,0.29892247096768976
-0.11915074926703127,0.3027158307189677
-0.1089646738852605,0.30373996178970025
-0.11685822800982316,0.2916951548185854
-0.10624761501537647,0.3032027531958013
-0.10503136026660322,0.2928185780301819
-0.11356394481829028,0.3037103927772679
-0.11221353202486135,0.3082973102071857
-0.11362206441066013,0.29870864326694685
-0.11059286644877868,0.2924306715789902
-0.11165363313333435,0.29357109541946197
-0.11440512419156694,0.3018936099851244
-0.11944708797911784,0.30333232933519355
-0.10799509212133385,0.3026267473648173
-0.11291663930135556,0.2928439854982543
-0.10975017445495697,0.2902974181486227
-0.10564931218317611,0.30857292021371774
-0.11380119934768868,0.303100262288824
-0.11108023839254999,0.29932958999534603
-0.11004015536194059,0.29228470161194814
-0.11971661761892696,0.30216090575198484
-0.11614283766662871,0.29756880906867317
-0.11147609113674647,0.2996615506986694
-0.11671753522516155,0.2966021537790515
-0.10866156047648548,0.305052036022363
-0.11092103522354617,0.3047097595548686
-0.10449282634417888,0.2985842991374162
-0.11628054030739896,0.29965311499396285
-0.11559034975058034,0.2985846785861121
-0.11551781977955304,0.2949719460237751
-0.1140854815569021,0.3101952227607226
-0.1094698859096106,0.3103158751220821
-0.11581250451791986,0.3034398995749319
-0.1203738640080971,0.29689167955826007
-0.11384842748388596,0.2953900830106539
-0.10705280493282084,0.2998784754379634
-0.10979026621132068,0.3050132717037882
-0.1084189773740371,0.2973082866558608
-0.11531165291921452,0.29949286692854343
-0.10355667353847302,0.29686811375596667
-0.12022430090965651,0.30096460562887023
-0.11788739417639406,0.30871423998439473
-0.11105062362950707,0.2981137919639342
-0.10866373236425238,0.3032463740130491
-0.11740650891265071,0.2981936716474251
-0.10867304458953224,0.30549435617914683
-0.11129552238451794,0.3122302853134756
-0.11089551264604859,0.3020921356527179
-0.11302735787796936,0.30399351478717185
-0.11233673826786791,0.29746251815809205
-0.1287751541333534,0.2977092706795458
-0.11971832821098362,0.29149680582743853
-0.10487173765923075,0.2983728858989714
-0.10817371375831389,0.3034288788530749
-0.10916481315316147,0.29549529501920824
-0.1131944477215043,0.29733826029617705
-0.10781892996042002,0.2974231439270073
-0.10901592167583839,0.2977801305115994
-0.11213140990883645,0.29863816108557867
-0.11518121453533582,0.30451479346513644
-0.11383773857107543,0.30426605855252226
-0.1188067217278947,0.2970110789469763
-0.11551140338399743,0.2977954655205845
-0.10603880067905375,0.3092066699839827
-0.10924472863463856,0.30470705530845676
-0.10185850599459924,0.30133712852659056
-0.11304345488709333,0.3084173384724718
-0.11582380717417791,0.3056051076384895
-0.1211260506425433,0.30497126724393525
-0.10464940350238712,0.2973028329480408
-0.11484832075596632,0.3061618051790863
-0.11649051703380858,0.3019010512882491
-0.11594650299365347,0.29577472998730453
-0.1115665382884444,0.3007344001385638
-0.11983026986546394,0.2972160344032296
-0.1107057618854027,0.29185679680970755
-0.11663251080953389,0.2989264759235067
-0.12709622981597812,0.2992786715507551
-0.12073946381999817,0.30076379108682655
-0.10960392573406633,0.3005982056768907
-0.11254251935952968,0.29966036778999733
-0.13099436612118417,0.30000659419650594
-0.10874676640326514,0.30320589295402556
-0.11288806263933654,0.29750073893548296
-0.1167458614608569,0.2991018423086114
-0.11566106711069603,0.30767770074421147
-0.11199157993002547,0.30208551292895697
-0.11507644281285105,0.2956660147802999
-0.11313285988557815,0.3142752462957475
-0.12273569222551571,0.3063977155125452
-0.10643788294467159,0.3015469475911024
-0.11608343487397972,0.3024113599304074
-0.10907125631851095,0.3002339667273254
-0.1175602582846594,0.3002606461495895
-0.11931331026695252,0.296251632936936
-0.11507241102448867,0.30726896624775674
-0.10603376938273484,0.292017514069917
-0.11371770066007554,0.3003094974929155
-0.1156833460473448,0.30141164765183737
-0.12173624404220783,0.2958742229289083
-0.10576389169355326,0.3084083664775582
-0.10729418340285354,0.30595428892388893
-0.12073481231674851,0.3106010947668138
-0.1083991718718895,0.30049046016846276
-0.10238836323670635,0.2906558888985484
-0.1192920236818018,0.2966976794706671
-0.11969300357623747,0.29961893976072024
-0.12110302062062339,0.29936008144527154
-0.12262964050880473,0.2904838579710272
-0.12074147506664384,0.3049245022910664
-0.11211908128043993,0.29342445714532883
-0.10929680498919778,0.3103377960815625
-0.1199053187626597,0.30405771831402695
-0.11400197426404629,0.2962003099701422
-0.11631810767640027,0.2948904874475004
-0.10835429054487473,0.29245028771976156
-0.1089615397557352,0.3027737767380559
-0.10121122712930727,0.30670105666925335
-0.11780790184885434,0.2906328074066311
-0.11086997505096165,0.30413316838685706
-0.11913535690256635,0.29446684677084906
-0.11201003459795277,0.30360243045333035
-0.11840043529373107,0.2993603861671894
-0.11069941015668512,0.2971292885030698
-0.11311119181130941,0.3110253251815978
-0.1294374777983169,0.30225736298547196
-0.11198052192165103,0.3047353628509152
-0.11744126128769863,0.30665599169513985
-0.10742156323706777,0.3036205143227674
-0.11154394437387141,0.29730948897178594
-0.10818370899883432,0.2977450793658485
-0.10968677270806872,0.2984643157952146
-0.11597359367013482,0.2999095513882331
-0.11436832773761572,0.3034877387246466
-0.11076708446543654,0.2980150718870248
-0.11420717340100019,0.3021454990420286
-0.11397116622143502,0.30085659014876776
-0.10518840895668691,0.30893190853471064
-0.11479648469035669,0.3041063113797545
-0.1068773645114235,0.31004602102784035
-0.1097258410313701,0.30433916412802337
-0.11365766076906521,0.30264803609865065
-0.11451592211619346,0.2953278185082788
-0.1210322443791233,0.301014670143393
-0.10645195028814611,0.2915906163552121
-0.11184510880370929,0.30614988694813067
-0.12457250451610694,0.2934196921767764
-0.11037868977917208,0.29928415831686805
-0.12608978953860195,0.2980630041569193
-0.11516868326924055,0.2922567010063738
-0.11527203974448992,0.29346805423586586
-0.12190585059157374,0.3030898973320168
-0.11663929619447135,0.294741680158285
-0.11933664994184683,0.2967391672490138
-0.11536068700850124,0.29691318212317236
-0.1239240530877328,0.2995553631629529
-0.12175940103762478,0.3007101752440697
-0.11317834966705649,0.2991341378852981
-0.11716631397606961,0.29394328215397597
-0.1108013787104092,0.2993756345290898
-0.12266960122126244,0.294846265930475
-0.1183629246899188,0.2957613854715578
-0.11847468809388417,0.30174466309482784
-0.11051273025914596,0.2897881430584436
-0.10315866517984162,0.2987763863901819
-0.11686393689067756,0.3011273337953345
-0.1196598561524584,0.2966188163172541
-0.10395564637280695,0.2976647365618351
-0.10251846457072371,0.30300296689926665
-0.12279174529644635,0.2958187929372341
-0.13380713081371345,0.3052437605266914
-0.12445600735636815,0.29486282653674467
-0.11226259880003711,0.3017593534169128
-0.11234870861409096,0.29855097700549965
-0.1183234132519485,0.3031530753579249
-0.11596828865354125,0.2904486935102734
-0.11854781431013423,0.2986068149287227
-0.11383535498034981,0.29743463687245647
-0.12367022680736804,0.30434312474851566
-0.12084273362689374,0.2912498987095083
-0.11605892951114267,0.3011285313172405
-0.12411204979910326,0.29647688922945925
-0.11822293560534342,0.2927542256955289
-0.11536198341596314,0.2973471076798534
-0.11169361095394546,0.3006463316821399
-0.11139163843691012,0.3009450180265163
-0.1199877138669591,0.3045391262301878
-0.12274042671080994,0.2970176898640065
-0.10840450368800592,0.3059632453412565
-0.11831449743893106,0.29332064027538945
-0.1211987381349225,0.3059593369249855
-0.11191509297185502,0.3074549430993085
-0.11398345315737811,0.29984761868978144
-0.11294768026036903,0.2954938948990043
-0.1145083984473907,0.301264794739403
-0.1080130792053371,0.2985956408546831
-0.11027207213195073,0.31016152115333934
-0.11687125604409829,0.30307552829232604
-0.12133076500512414,0.3012254872223012
-0.11636626247678868,0.29945662447421734
-0.1192979825508782,0.29599614538175323
-0.12051650928268821,0.3006387485723202
-0.114749573873619,0.2954360374240493
-0.11799849994687706,0.2943680970614824
-0.12646710587521823,0.2967922395795057
-0.12065574813555709,0.29399728383586105
-0.11977410219549299,0.2958928834910952
-0.11583076850974389,0.2962018816452282
-0.12041077853340423,0.2926818618748249
-0.11341510931141832,0.3029186755464173
-0.1222792980139688,0.29989368106791814
-0.11668006387313044,0.3076313198423183
-0.1289341006611526,0.29192508838229814
-0.1097920786482621,0.3020890127828746
-0.11947332360698919,0.2912389372963028
-0.11636584347733153,0.2959755542580524
-0.12743289179858852,0.294882075039328
-0.12105635894713009,0.30005259512641524
-0.11849377971177188,0.2984385950503789
-0.11919192712653115,0.2993795426806919
-0.12319415666185905,0.2953758117695426
-0.12161559790655402,0.2971925505064384
-0.1224331473450327,0.3028821396327897
-0.11848243292389594,0.29715017350956335
-0.11473305124866101,0.2976068373253551
-0.11049211564803728,0.2979597314178211
-0.11785843292355444,0.30522541758668836
-0.12054191967421798,0.2853472453419624
-0.12472790721514286,0.29636511789180875
-0.11825309161885865,0.2919436199199456
-0.1251571110835768,0.29667354668188534
-0.12266698931280262,0.3017743128805025
-0.12825270344922005,0.29874299589313885
-0.11800662326917613,0.28913716260055355
-0.11930241014756625,0.304097053563595
-0.11264945055336924,0.30742613207838
-0.12191985690725379,0.29008002975702313
-0.11578400344570666,0.28571549254898687
-0.12804589242124234,0.2943384031627867
-0.12191365282842193,0.2937099563496276
-0.11009308095937656,0.2815814960022
-0.12331227845159366,0.30106472254993344
-0.11568823670894236,0.29192900355349904
-0.11856548949720219,0.2961014243551445
-0.133549888766336,0.29630624058822636
-0.12159568966372208,0.2901039388167095
-0.12474471472853602,0.29552561782677594
-0.12536190516534396,0.29636702432187967
-0.11178590331701513,0.30466642692617046
-0.11231071459437576,0.2981071763054136
-0.11540583589977883,0.3040838588614481
-0.12402058968748385,0.29970067522152566
-0.12404777019156468,0.29082163486040785
-0.11377229167624253,0.28837511719352354
-0.1181569235509899,0.29855880517034683
-0.11404988370892241,0.30883787933437457
-0.10880117398371819,0.2975847725544007
-0.12152832928599654,0.3106893388367261
-0.11962895443527212,0.292859257851736
-0.1284984202361473,0.30180295875821017
-0.12271900768013329,0.2943644881973687
-0.11904329195336155,0.29007963548357263
-0.11725957940144209,0.3060231911009855
-0.11840145037084512,0.30728789815132423
-0.11984204666501555,0.2910000174306312
-0.11527537024781545,0.2974877914737235
-0.1243621341756728,0.2957510871591178
-0.11850355570291764,0.29706403729144637
-0.12046747076248801,0.2969743069166523
-0.12175534228127428,0.30247472768502226
-0.12084992262603046,0.29258145630293714
-0.12932391701245932,0.2930533827993876
-0.12000595303339412,0.2968805303041951
-0.12187327841447936,0.29522616682526437
-0.1200649566980338,0.3000174904429417
-0.11598908472479237,0.3032362943799384
-0.11505435006406331,0.30153234017414
-0.12085073775586362,0.29805007145139467
-0.1244686320495827,0.30168754925602026
-0.115364410668077,0.3021465737198696
-0.11539327178987079,0.3038295216380706
-0.11606559692813255,0.3041467705622481
-0.11617186022404598,0.29955940760875616
-0.11375222282216049,0.3019645459225383
-0.1150557928060932,0.29510762097328846
-0.12250838189474843,0.28922868152761916
-0.1157933024904725,0.30082009742753396
-0.12876423035782633,0.29289445111399004
-0.11290502960563752,0.30620443646617873
-0.12224295142800763,0.2908635153126363
-0.12022939946801207,0.291763338436016
-0.1189050896846992,0.29720868953038826
-0.11412898609954307,0.2964932236564434
-0.13058287889698247,0.30561986684269254
-0.12123998140980571,0.3041219347451161
-0.11659485247923468,0.2847010304901135
-0.12671320293216837,0.29770944965513024
-0.11527788407948707,0.28986430257628004
-0.11736744485683619,0.2937137295101401
-0.1228376533904451,0.29481954148941736
-0.13077320199527528,0.29558758437735344
-0.12057800104984377,0.2916678562215691
-0.1171834804029772,0.297726324011478
-0.12402967778266415,0.30096793774914227
-0.11638250904771887,0.2956671262983593
-0.1289455278853294,0.3006746429754378
-0.10501837104751385,0.29040460712497496
-0.12185797459943377,0.29774654730454536
-0.11871867850669707,0.3009333984040933
-0.1111451606375399,0.30667774533762554
-0.12156692434202884,0.30618846379346304
-0.12069097658888356,0.29636854739312435
-0.11323786415844536,0.3052917635120783
-0.12790183850743397,0.29764363264075067
-0.11812187492821297,0.2938191073591601
-0.12082836451942551,0.30425476374611415
-0.11773898362342501,0.297990120017614
-0.1273364443687414,0.297577256970282
-0.12628646613496,0.29794452963295665
-0.12996496117872391,0.2885232217226184
-0.1168472342164038,0.2898547143976135
-0.11501513001282997,0.2950312583775575
-0.1297711820150299,0.2989789817339779
-0.11812418082133491,0.3009090466272909
-0.12133037623310838,0.2944509422461903
-0.12065288086400897,0.29147184104576607
-0.11454342332734192,0.29103831569694344
-0.12864866391063082,0.2966262510853848
-0.1218805394998442,0.2942163707188126
-0.12135153400764712,0.2898868695377856
-0.11423245320794391,0.3012187699867556
-0.11829366810324975,0.2998331477030026
-0.12540735337141895,0.30024445277237255
-0.131809632902612,0.28284815467598773
-0.12030104973010765,0.3011066756342221
-0.12109435836107858,0.28748787092252254
-0.1265349121040869,0.2974034056144945
-0.11928545444698127,0.30642462103135193
-0.12023436500116853,0.29465848269107314
-0.12068654087910771,0.2972476985807613
-0.12239878118209108,0.2926900540846397
-0.12633006677693495,0.285005622719767
-0.13016712038369097,0.28790295884861583
-0.11655020439860167,0.2933885741236611
-0.12960601163799526,0.2965611501436928
-0.12688067004273956,0.28710869545672635
-0.12720634476685633,0.2978644844101735
-0.12376604143098,0.29145304454208926
-0.1228912252788914,0.298288140504225
-0.12517779545831964,0.2881186708040865
-0.12705671209774147,0.2943797800577931
-0.12501503795101937,0.29331219930013636
-0.12318897112190746,0.2859551413488487
-0.12362977321212128,0.2972615945070852
-0.12237873540499455,0.30407472053413304
-0.1206288712673693,0.296515644824234
-0.12180396991310102,0.2962032920810819
-0.1238542048222999,0.29070298494559227
-0.11915437253864765,0.29510839072194156
-0.12556313432980712,0.2957934543960673
-0.1317123812325026,0.2872224053868336
-0.12928538334363424,0.2983283728198051
-0.123530356574672,0.295229758215882
-0.11497545615808087,0.2913870266335856
-0.1292399342339442,0.28802737441265447
-0.13100697465785266,0.291647611146518
-0.12556073210391386,0.29147074915025256
-0.13651230164968545,0.29382691619337786
-0.13112405549470824,0.2894227353355543
-0.12994290182622278,0.28745441723402376
-0.12540385522100722,0.2892089998089579
-0.12677677962418363,0.294943280660952
-0.1249524018947817,0.2913271737574121
-0.12530933873803562,0.2895664608538114
-0.12557915832275005,0.29998034035415033
-0.12007735078809055,0.29517604219253685
-0.1270023824395907,0.29545586120296
-0.12666238057702942,0.300734465271018
-0.12660055916876026,0.30150870913400313
-0.11494244626199866,0.30396029604600755
-0.12160311830301436,0.2937444801312766
-0.12199709343730787,0.29621676607089503
-0.1265839555253748,0.2954669694108807
-0.13245450831372643,0.30315434583868944
-0.13335465194573148,0.2865096283397072
-0.1270017182952753,0.2919194269462869
-0.11844137754043252,0.2875485505857769
-0.11661473371116483,0.2963794147686991
-0.11792096762954989,0.2916623339624546
-0.11596316076532558,0.29424188587579136
-0.13443000627873805,0.2895666113111999
-0.12929682884502336,0.2824985173575107
-0.12694835703428842,0.2978463650844342
-0.12321869913256818,0.2886880954777423
-0.12915989343570417,0.2951822036428161
-0.12261368269428066,0.28205512694194673
-0.12245752206566962,0.29814998033847223
-0.12154355181185837,0.2860646748822804
-0.1249210610353224,0.2860163405507693
-0.13197792340184075,0.2945043955871172
-0.13218520658311686,0.28931130738668825
-0.12416318422983083,0.2909175083506565
-0.13166761105097108,0.2870597063957461
-0.1349129136735283,0.27697622134023786
-0.1268937221261487,0.28405974732643846
-0.11847464458785878,0.29640900911901114
-0.1302069414666641,0.2852664635379085
-0.12970038474533888,0.2875841469407374
-0.11905682626893567,0.29573029649415555
-0.12711876300902408,0.29226578323059055
-0.1274004273827904,0.291022199240625
-0.12720248994421482,0.28801164247842415
-0.13184868371674668,0.2924061430281523
-0.11725559021829174,0.2950963471443972
-0.13293628939620328,0.3003217868468275
-0.12067324791246778,0.2896807656416156
-0.11951153732900652,0.28878499667345264
-0.1274814296597098,0.28105054335587343
-0.13593078478610504,0.28764295174934595
-0.1331355938529406,0.29252744077210174
-0.12088227237822016,0.2940276402664839
-0.12188680239662089,0.28382456535176986
-0.12429056890258408,0.3033418586097055
-0.13126903877599808,0.29832130853578404
-0.12046394847856635,0.28329272308981523
-0.12718735206428378,0.28977309983429306
-0.1219954760954796,0.29839230521470694
-0.12839411727321562,0.2922767980612781
-0.12940835677014845,0.29333833896870304
-0.13259962099305928,0.28492644993611105
-0.12444687212193505,0.28982555034050267
-0.13440637137213818,0.2885427212741896
-0.12279924134540875,0.3020102722531542
-0.11207173811965151,0.2871956064089543
-0.1321094215754077,0.29732229833117735
-0.12180739212516295,0.29528607346121455
-0.1353256174708804,0.29126289400153993
-0.12120576001756536,0.2949306734791886
-0.12146555517541673,0.2961755418624524
-0.12780653607349804,0.29749472000686666
-0.11924179184220725,0.2895073951017495
-0.1383218602649641,0.2997051749127242
-0.12924026181846673,0.2781142416586347
-0.12209859509019355,0.29129958747356755
-0.12955308917277436,0.29810129063221663
-0.1318499151549712,0.2918383996045801
-0.13109356070835348,0.29793756215901845
-0.12869314263980017,0.2990034813378878
-0.12974974944056977,0.2923300500572213
-0.11445951422999298,0.2870271169731204
-0.13250112524309615,0.29518071640647897
-0.11777853095995676,0.29116927778822893
-0.1392078702387021,0.2888010299708681
-0.13223806195613408,0.2975161815431194
-0.13033938131197714,0.2865972261874121
-0.12477738344012956,0.2931900289205721
-0.11352657270923232,0.28753214324317744
-0.1294730695718321,0.30033326851544156
-0.13030130956381952,0.2878705965610901
-0.13325654542193385,0.29585658118556013
-0.13069379583741372,0.3004633753451036
-0.1208657892274988,0.29213099714913393
-0.12387637387659302,0.29181423988543026
-0.13683680863230924,0.29542968420444377
-0.11668758561734972,0.30164053671540453
-0.13402110451764743,0.2962216888576568
-0.13287690409331554,0.29208514938373803
-0.12951170426298225,0.2835152901469535
-0.13355942710412017,0.2846188370742832
-0.1458421380228211,0.29585369824536073
-0.12215074530898844,0.28020865370055087
-0.11531245628394558,0.28723767700765623
-0.12959807484009545,0.29601353240609385
-0.13252722666493882,0.2914834907814853
-0.12652110493052934,0.292095289936127
-0.12392638060684749,0.30595074708952286
-0.11734725381486624,0.30303435708901083
-0.1247080171674445,0.30036866588727423
-0.12737395765602083,0.2947475221983331
-0.1202832648953694,0.29055063229992156
-0.12025037978593377,0.29197420061667745
-0.1295588046211154,0.2993210562015971
-0.13156562760297194,0.2926260796552963
-0.12305397858824094,0.2893496895589251
-0.11878358891537175,0.2948309518442213
-0.1225097595966751,0.29366483981831826
-0.1322366655132564,0.2903676307000295
-0.12414466794878916,0.2884647059099813
-0.12364207888170294,0.2940774666748271
-0.13300941542187847,0.2948367991737285
-0.12943851107809204,0.30180279442161734
-0.13228831071923366,0.2896693786074979
-0.13352144497278098,0.2947510064988146
-0.13198757302507075,0.2889120704650669
-0.12683010957611546,0.29307974755892213
-0.12463117583464853,0.29318221016471335
-0.12217369041827958,0.29230273334537615
-0.1298334028054254,0.2935913807935601
-0.12202033466972788,0.2892008572242947
-0.1289902746917334,0.28407891718222233
-0.1308842370748694,0.2865444236600619
-0.12525759067337744,0.2938187628295899
-0.13568439243997246,0.29670328617434516
-0.1293430775100085,0.2870543834302516
-0.12450492190632753,0.29531443721399847
-0.13172355297495258,0.28739194589312494
-0.13818248321712495,0.2896890025605345
-0.13016394748816282,0.28931870888305794
-0.12220729699542436,0.2923531246001527
-0.12840227023008763,0.3000228290744362
-0.12665443914364127,0.2924717529700541
-0.12572342051267488,0.2835239534659934
-0.12928045536840238,0.29019683327098583
-0.1282696949476532,0.2838866537897049
-0.13296843751667112,0.29100118987697504
-0.13204196630424653,0.28817428207143775
-0.12324421829157318,0.28613169259975657
-0.1275047401407844,0.2919215807063897
-0.13907014269338197,0.2935983473749491
-0.12932192709092397,0.27698609649027767
-0.1295102997479768,0.291310868094515
-0.13100175127200392,0.2965119568171217
-0.11945715373174633,0.28883237944212725
-0.12949886217932408,0.29052288632190704
-0.1228597521292582,0.2944352647161833
-0.13126978257213334,0.292535363054459
-0.13083369915572865,0.29221394109722115
-0.11789672127953642,0.30003103033720496
-0.13691587326834323,0.29160790593935293
-0.12890456543420337,0.28854893921087615
-0.12234676881519842,0.2931575485235173
-0.12604232704440724,0.28856979210199496
-0.13199685405699063,0.29407260122658696
-0.12703209920237138,0.2923229311780697
-0.1259549959300736,0.29187475153235737
-0.11810223345234798,0.28570894699512694
-0.12319274472582509,0.29880830857415147
-0.12913092290790257,0.2976579571709624
-0.12931450344277529,0.2957310232957296
-0.1325180482389195,0.2884450642003952
-0.135091391154712,0.28481605384744363
-0.13087421164117302,0.28965976730378445
-0.13323707494622625,0.3014281397013946
-0.12419298844621426,0.29228017860201955
-0.12453066494955439,0.2947486230746489
-0.1255055833089372,0.28949416874705886
-0.13390310839719188,0.30196113056238916
-0.13325256936476462,0.28706118579905887
-0.1257315842316896,0.2945373912809881
-0.1351212315650396,0.2966459923488467
-0.13039560230258507,0.2914045507328186
-0.12775680968132958,0.2965366555943362
-0.11757404369214083,0.2996693597714355
-0.13327326667018252,0.292212400374483
-0.12869880303280315,0.2941441912874462
-0.12503520554763184,0.2933300231383055
-0.13642061961785737,0.28706307304442336
-0.1253243108461518,0.29178369527870784
-0.13046717999950855,0.2913537252731791
-0.12177353907295778,0.29962910318522384
-0.1248103100297153,0.29369472163895827
-0.13406480115042885,0.29193064582747935
-0.11994199998333016,0.29424365806970365
-0.13466143368171835,0.296339133238253
-0.12732175502482862,0.2924373635664539
-0.12671498589108185,0.2852873656245914
-0.12567584120326805,0.2953796693051608
-0.1267211264742916,0.292261214606058
-0.12346400251320153,0.2978604320995597
-0.12912393222310828,0.2885804818169478
-0.14161105887834577,0.29055603293159266
-0.12305807604618117,0.2928422271625592
-0.142175625409025,0.2915270467878718
-0.13246278875485593,0.28218513667353917
-0.13621627587617233,0.2909576964724675
-0.13373645415142135,0.29679791842407716
-0.12504654818011593,0.2874933602575681
-0.12547913008640368,0.3011581771986612
-0.12936225068492496,0.2923594816448703
-0.13040523217793085,0.2934790481600515
-0.12712972109067525,0.28747951612682077
-0.13508895209957136,0.28729838726594215
-0.13909593453647565,0.28872896278529675
-0.11837989307767216,0.2959662800896493
-0.12079524129122801,0.2972880722013954
-0.1341682407944977,0.2905834731858594
-0.1304874379365087,0.29658257613768185
-0.13097170009771208,0.28939360731573005
-0.13555169721393134,0.28492475243456133
-0.12938753485353358,0.27406472342834015
-0.13403706055067954,0.28657597842967353
-0.13804445277280253,0.29918142374601114
-0.118536637363061,0.29331533109843494
-0.1369927640335071,0.28431023207462874
-0.13208730753424708,0.2782858882685743
-0.12267062385528157,0.2842738802152936
-0.13340228612889707,0.30017517263566623
-0.12717288261954796,0.2888141423150944
-0.13131169797541184,0.2839404720753843
-0.12393442547307884,0.2898536671382065
-0.13853517296552614,0.2939646875976652
-0.13219515791328024,0.28296125233920777
-0.13064729526153973,0.286028351300468
-0.1352380812930602,0.2869638290277194
-0.13036239069999342,0.29103350803676065
-0.1271949252748015,0.29622594827287996
-0.12858944277223452,0.29697861669766856
-0.1390638274822666,0.291636168236332
-0.13245650575819787,0.2802624349408553
-0.12566322329237986,0.29032773889014696
-0.13028560012219975,0.2907279591823367
-0.1366647731483542,0.2842986151064845
-0.1355982863475485,0.2817128899554382
-0.13372188538943222,0.28637991345229113
-0.12783719422834994,0.28860949958423315
-0.14122666664900407,0.29210776933607735
-0.1378464542028676,0.27985844621150874
-0.11816180454417062,0.2882514290682543
-0.1266266161874179,0.29483062650231984
-0.12195366278847725,0.2866917743906075
-0.13751616856327534,0.2953252276696146
-0.1233648228939698,0.30100727452488396
-0.13776653454762317,0.29356362746439923
-0.12697221216387716,0.2886252354581107
-0.13138574901463085,0.2868823753616535
-0.14201659628236987,0.28367788537639393
-0.12499697323709492,0.2957922157449195
-0.12989332864399838,0.29644490971690163
-0.13349010193555438,0.28179896456985526
-0.12285123864521466,0.28850292295598406
-0.13181483722296997,0.2863816074124931
-0.13311834741891646,0.29381991988416767
-0.12756056311965194,0.30206477310220503
-0.1256187974024451,0.29425137168340626
-0.12767944735437228,0.29275995846686553
-0.13690589723823904,0.29591421321797035
-0.1269741419799375,0.29511933094557746
-0.1316971884375779,0.29291640288670234
-0.12771265819274144,0.28411742721528166
-0.13285206294254986,0.2836635702611074
-0.1280665749233387,0.2866589369580312
-0.12826790763669385,0.2936278105532164
-0.12295392231427084,0.29123936533957656
-0.13621932262346795,0.2930743946059704
-0.14232974251194774,0.29603110729801413
-0.13686100302047757,0.2892469174968405
-0.12911003788636227,0.28793665214673986
-0.14081709744862314,0.2892236995336612
-0.13576554324836482,0.2939353472602759
-0.13411435860357626,0.30177167654521586
-0.11815559167205081,0.27991135464751327
-0.12304744056023305,0.29396319447336305
-0.13393840103785856,0.2931294354200946
-0.1292313298148443,0.2889253408388726
-0.1264430489474598,0.29066099050216676
-0.1361752026806013,0.29297565469246206
-0.1252344047779977,0.29695579648038173
-0.13397427055503405,0.28843451304465195
-0.13055037972806555,0.2916821356467765
-0.14187261134721724,0.2899762782801796
-0.1321007856083054,0.29607447099982176
-0.12939212090188545,0.2840420127120841
-0.13135239122673661,0.2881204573288711
-0.13117671963223904,0.29088137459354174
-0.12336174619171293,0.2891528062020612
-0.13526854878286854,0.2916719493951366
-0.13301549588955755,0.2898623796590953
-0.12790130940292582,0.28886899028155666
-0.14049208103591812,0.2923096217304206
-0.12597011095961605,0.29510785576233917
-0.12921312640948177,0.2909695868453488
-0.1326218841568985,0.28657714671021534
-0.1272292026061286,0.29955879132862145
-0.1237276887510736,0.28460732275893075
-0.12855892022765675,0.29707220982633714
-0.1327134665114221,0.287913981071506
-0.1386101421871362,0.295781924060403
-0.12738582668409368,0.2969772469584094
-0.12671725311042248,0.28612498595942887
-0.12385533561780862,0.29116385808941525
-0.13749951839045516,0.2900096271823609
-0.14142342617723996,0.2804267497722904
-0.14336123418254676,0.2817285232320587
-0.1417170390429894,0.27629743343336155
-0.13532429005016844,0.28105114796500585
-0.14092236844896133,0.2809454193190553
-0.12530358577105422,0.2865181915476423
-0.13524690643280693,0.2880592384452155
-0.13308654148410962,0.28746801685657347
-0.13223641111625276,0.29326642634615835
-0.14202839382151897,0.2811308100589692
-0.13272693635884567,0.2850039892999861
-0.13666229371558364,0.28901791076592565
-0.12496176926054928,0.28661740980356826
-0.131430495259242,0.28724576435807053
-0.13524414603789628,0.29063561650269626
-0.1371993940248545,0.27871861088388233
-0.12430624366120054,0.2955838399055624
-0.1297894721909846,0.28598269045243513
-0.13263918663001512,0.2874509251772619
-0.134770687611077,0.290545503233762
-0.1396439312985247,0.30134465870162136
-0.13819684698354878,0.28745254702822304
-0.14096463705382656,0.2926992566149041
-0.13444705571310595,0.2864750119419144
-0.12955927031468262,0.28088838593898563
-0.1331459120551254,0.2913504167176192
-0.13549284940370615,0.2887915623160359
-0.13746508611252137,0.28414608911731687
-0.14045656074464158,0.2796673094440719
-0.12455423001919858,0.28798290810034566
-0.1331900900252685,0.29013110613170584
-0.14622344965390577,0.2891769380590334
-0.14063281026399935,0.2824811011999324
-0.14986565580505376,0.2789640382268097
-0.13592119545515502,0.2862635420615757
-0.12770389078244376,0.2977583813778021
-0.12911101515865736,0.29531260269656556
-0.13778809402818504,0.2824776175789853
-0.1381036809429762,0.28511313426309554
-0.1377965431119474,0.28081693957596443
-0.1286747878649675,0.2915302445935584
-0.13564234243599085,0.27939996160191355
-0.12385128094994763,0.28240376519181054
-0.14370596744741673,0.28932315083001564
-0.12935924189466866,0.2837370675021666
-0.13583902472193143,0.28486091218958903
-0.13627092063392895,0.2793352010111298
-0.13641222625433572,0.2921718698456555
-0.1329504086499435,0.2786235527578385
-0.13766965087863126,0.29185151273810905
-0.1382609575186125,0.28402731588347013
-0.14040528730550375,0.2902817926465345
-0.12810889957818675,0.2866866455608968
-0.14120884007600898,0.29217385326248807
-0.1356386800832541,0.2802671312334329
-0.14007539963701143,0.28706818399875556
-0.1308237070061959,0.285163619034034
-0.1344072389131807,0.2849296332845694
-0.13189015774482005,0.2905018292419259
-0.12412456290866895,0.2897673537949541
-0.13139993767989544,0.300530639720629
-0.13695416127143342,0.2779722136587423
-0.13360136687312715,0.2950369193782901
-0.1438887894881194,0.2829400583019352
-0.1405828466162908,0.2907807387458184
-0.1340289811788299,0.28994846777006106
-0.14296637418311517,0.2831356522199189
-0.1312323841179228,0.2879925274862866
-0.13508902351348218,0.2859596313066083
-0.12457907084487825,0.290860601610222
-0.13387280131187945,0.2808721275025843
-0.14260190792985272,0.28373906134137433
-0.12830273045436535,0.2913939921119868
-0.13021691225293272,0.2879228629981338
-0.12954126342054995,0.28956927791951514
-0.13693060891065825,0.28741056341570687
-0.14535196876808698,0.28781751543858725
-0.13741093075176497,0.2887512143673153
-0.1496554114046515,0.2772971514320727
-0.12420122196922896,0.2915172703245771
-0.1405441174140628,0.2903889839870525
-0.12676539270587994,0.2845547871901498
-0.13869520103948543,0.28753926738929175
-0.13287267861251262,0.27947645003744676
-0.13089918144829668,0.27909196697430705
-0.13061350494198554,0.2840194994255929
-0.13141754285071844,0.2958484223766315
-0.13170083472050018,0.28816803861201107
-0.14107537222990693,0.2902044086175168
-0.14340795136474446,0.27947678707667434
-0.12728541222000744,0.2851981014613344
-0.12960745337297389,0.2914928346331936
-0.1333055664492562,0.2891419224213894
-0.14554365715950907,0.27737448624939753
-0.1418920655868231,0.29569504016579873
-0.1358938273528785,0.2925730405244522
-0.13639847871353752,0.2901860064331005
-0.13348480833045986,0.29653406211338756
-0.13088853290015232,0.28550202040230194
-0.1374716507310681,0.27760592637907483
-0.13641151754843955,0.283417155330173
-0.13523504693713212,0.2863053043123732
-0.13557030814187365,0.28696276533103043
-0.14572177565883263,0.2782248153178694
-0.1476000158151502,0.27409471705571126
-0.142243457400669,0.2890975820561476
-0.1308526472076455,0.2862485842809516
-0.13319951928157955,0.28772312228103936
-0.13823237790943596,0.28459303666330027
-0.1333618722668905,0.2851096648829825
-0.1372975748281349,0.28333986980719766
-0.13633046224992426,0.29096882596898116
-0.13650942286420928,0.29036558750119845
-0.1316901781143892,0.28181401057943123
-0.1412158572668835,0.2885135685127841
-0.1350955466756823,0.28290194268942737
-0.1412996552419034,0.29108995735606363
-0.13093042107074562,0.28207605168268274
-0.1329907457314201,0.28771110193564575
-0.1360551960178037,0.294351650783964
-0.12848903560985975,0.28101789927776544
-0.13633229877792089,0.2802265765519655
-0.1345025645430369,0.2900402627042607
-0.13887710498954065,0.28313237745993824
-0.14289844256396234,0.27887086141807355
-0.13830783149154888,0.2888687947173459
-0.1291010424240302,0.2856247001170851
-0.14038222963472552,0.290016410749865
-0.1388920718293828,0.2783118617605206
-0.13817512311035302,0.2805550508305254
-0.140869021726192,0.28640520469444064
-0.12997743296198938,0.2912005726324385
-0.13632469623036558,0.28083407363780877
-0.14225682320141514,0.28536345836780763
-0.14265422315030415,0.28306861947846546
-0.1367805273298363,0.29353049016225025
-0.13486901611157895,0.29661117516389796
-0.13434365229438308,0.2904000282370912
-0.1347704096859563,0.28381348785437815
-0.14234540642307886,0.2915372102762043
-0.13162538424657036,0.2816902921991529
-0.14270048734026064,0.2853808692237061
-0.13598735852570767,0.2877805795445385
-0.14782974321714076,0.28213014397767955
-0.1394623268778797,0.28010881478080735
-0.12759131560425488,0.2866467251536144
-0.1382582743785213,0.2799050431728984
-0.13328150641724218,0.2848032926648525
-0.13558373220746492,0.2829910243533934
-0.142717400383248,0.2775007273833723
-0.12917699043984351,0.2866224373583236
-0.14187756554839565,0.2864977573396131
-0.13931940761061912,0.2850038580679809
-0.1376535072257103,0.2857341385439201
-0.14762606926207314,0.2856954627591352
-0.14289068616513972,0.27078855108864547
-0.14145771623454156,0.2889469449670748
-0.1387138774393884,0.28189372154340764
-0.1302469154578578,0.28716895936834935
-0.14382542836586787,0.28635079023663634
-0.13753809582451115,0.2760290228602076
-0.13832401406010253,0.28362452032760493
-0.14251232348622492,0.27484711519338195
-0.13801025042939108,0.2835771898795869
-0.1420508807490315,0.28807932392827756
-0.13831557944600098,0.28065346922847534
-0.1466682738644161,0.28823665019886047
-0.14119380786234345,0.2804452237729074
-0.1396674142077275,0.27954030041585326
-0.13238884067708334,0.2814108973485456
-0.14209737565456768,0.27384562995687806
-0.13742762937931935,0.28022821796179903
-0.14601128131022503,0.27573799493064344
-0.14202081662343272,0.28188861290430156
-0.14675679954308474,0.28112236564579146
-0.14566130793836365,0.2867529021923015
-0.1382041897319,0.27582303278839293
-0.15639379602396206,0.27937989690786025
-0.15035570461370915,0.28104429805142944
-0.13632406035505487,0.2854073887582072
-0.13969662195571556,0.2694347998208848
-0.1546554610687115,0.2825632894953932
-0.13394654413135326,0.2762527394693956
-0.1455912806134248,0.28452723847127326
-0.13535523684228212,0.2779774326919295
-0.13701126307736947,0.2868331194287221
-0.1368554288018737,0.286821695013866
-0.13053910501757415,0.2866587496812816
-0.14104840205585598,0.28353919075621653
-0.1427605962581186,0.2888717854257991
-0.14824602018712782,0.27912996337655666
-0.1435185890844632,0.2728838099294522
-0.1436252848305567,0.27759934447008155
-0.14448505975796286,0.27588724804539494
-0.13825413847720486,0.2857451230061122
-0.1406811205020141,0.2828953292718263
-0.14969121885224707,0.2820432518727324
-0.14604672169963726,0.27643823133796425
-0.14137499909688642,0.27872329711109883
-0.13771288509435814,0.2746884695747167
-0.13527690379031385,0.281227090449348
-0.14227907813170487,0.2884254082306661
-0.14356446190721361,0.2797370250180582
-0.13955606345928742,0.2853523447125809
-0.14602747626670617,0.2798162102437577
-0.1472483154284219,0.2762846631540239
-0.15349621304044864,0.27302477630914906
-0.14095781845812289,0.2697378981330545
-0.13714251977835681,0.2888117732132413
-0.14082936463469406,0.28748242375206706
-0.14474832720582337,0.2795105248141727
-0.13496405755518454,0.28485776518122446
-0.14216047084871108,0.28925616216377814
-0.14458448749403968,0.28341758977760123
-0.14667076930034587,0.269642601967077
-0.1441943520979242,0.27497384434342204
-0.14031492137155344,0.27835219875823375
-0.1432826953705869,0.273081035517924
-0.14840834178150691,0.29512944731578444
-0.14161680749767003,0.28776699207432493
-0.13835358899987282,0.2757396592178476
-0.14714636719863858,0.28460151739549655
-0.13821923988969395,0.2866756844413965
-0.14162184710726336,0.2848234279228329
-0.14556924255602946,0.2767584257938135
-0.13866954483156357,0.2811202023346083
-0.13253791730346445,0.28087862435921634
-0.13821383858479785,0.2927678210827442
-0.1441103194510423,0.29253321672905047
-0.14646025236750998,0.2832069908333004
-0.13546589480368798,0.2675138539920696
-0.14478274782045028,0.2825852738627418
-0.15082755980453494,0.27731705697996045
-0.1435288985657794,0.27683397583507074
-0.1400264912160659,0.2817414899204406
-0.1358529168003429,0.28715487138324486
-0.13612397127893802,0.28441640205783825
-0.13045328800698355,0.28528161859981027
-0.14533941173259435,0.2814789055203885
-0.14056928497359747,0.2841993229667542
-0.14364693907757475,0.28754121140570604
-0.14508015356764123,0.2769292402146176
-0.1512892869320641,0.2841810410545692
-0.1457325120385881,0.2723489539125315
-0.14505067114343187,0.27764932674301596
-0.13915251326666606,0.27989536993059566
-0.14306713350555092,0.29215804842509174
-0.1350266976469055,0.27760579504783106
-0.1396827116826598,0.2862457170454629
-0.13824346651095798,0.2805486327108052
-0.13877745798759342,0.30117244170530216
-0.13905257881604827,0.28508308432262286
-0.14759213294185786,0.28103627497469774
-0.1376945674365597,0.2809295246599994
-0.14017837206009254,0.2841923136252763
-0.13994399716016367,0.2863627389980087
-0.14270284255885757,0.28017292378463465
-0.15267308401166815,0.28485694652026533
-0.13966687463324762,0.2795363690261678
-0.14903165946044272,0.2831151833989318
-0.137406191607184,0.28965427979296493
-0.15530665893350123,0.2667411882605657
-0.13677903597655341,0.2706276639669531
-0.1439716557142944,0.28536836252795966
-0.14444127798917725,0.27845003911436955
-0.1398964501520192,0.27864878913077323
-0.13657834842039224,0.2800745713423804
-0.1533980794439445,0.2809622831410424
-0.14157388199883897,0.2817461419961053
-0.14384576076788613,0.27990213133853326
-0.13777960387617827,0.2878818769738556
-0.14166184068903756,0.28217592465766295
-0.14283690768508345,0.28046863785664633
-0.15023814069554145,0.27927943919584763
-0.12962578344203976,0.2793817832294837
-0.14557416814278545,0.2814884879663848
-0.1474037361504476,0.27498633354194063
-0.14541275787322222,0.2765780743594087
-0.14217012048195227,0.28228657464997586
-0.14435626780507657,0.2758639280538236
-0.14547441276842443,0.27598378235607823
-0.13879133112693415,0.280543279436389
-0.14553961462770026,0.2772048727366239
-0.1413842351224815,0.2763288046194447
-0.1486327852000767,0.27463169002924664
-0.14576582126445856,0.28379091572805953
-0.14528937901892117,0.2825380149017779
-0.14320742423109015,0.2711717707995041
-0.14568107280680193,0.2726860549593241
-0.15488481842882168,0.2778358383404478
-0.14595021877145178,0.2775832226917656
-0.13589140844721667,0.2856415020111163
-0.13386005704892617,0.28851236797787144
-0.14314449977954713,0.2828270658543552
-0.13764911048778114,0.2799189468927798
-0.14796850429402092,0.27884742874752433
-0.13719576135030967,0.27752464957751605
-0.14798061323795753,0.2800269664112094
-0.14111525763539687,0.28278171008631675
-0.1465328068489693,0.27771798683212795
-0.14150172800438615,0.2833635584712529
-0.14858319305103232,0.28172217876832195
-0.15058089602881178,0.27661522940169275
-0.15403856571801822,0.28347327080827156
-0.14249574408144122,0.270898792208986
-0.13914795621710435,0.2720222689989954
-0.13928871692571862,0.2764994701756121
-0.15049251031819702,0.2867978560377058
-0.14960828469152557,0.2784928580905168
-0.14344604806062589,0.2739912352450193
-0.1398728360965071,0.28015821433232835
-0.14276705061810688,0.276876328479545
-0.14339160294582867,0.2676412853553982
-0.14325589073650774,0.2859537700817827
-0.15352696215876055,0.2735027782497071
-0.14432157625746772,0.2842726059393336
-0.14216860956604835,0.285572733495916
-0.13878026302250676,0.27756298602936863
-0.14979983625647378,0.2769952041030903
-0.1464457147214399,0.28363079089419035
-0.15502466111310154,0.27869555327715695
-0.14126242655613522,0.28239208554998635
-0.14185858022839373,0.2778852478889169
-0.14975923819907616,0.2765959324964093
-0.14212948184372845,0.2770753966029266
-0.13931915882860382,0.2730221508196127
-0.15198369149769494,0.2736207156831903
-0.1497853164409841,0.27713122998687206
-0.12896139209172539,0.28312832850909286
-0.14637050773194332,0.28346047410827674
-0.14493409019307954,0.2833058939864194
-0.14940643761503536,0.2835988751327922
-0.14399221801939066,0.28588220668675335
-0.15043143582258012,0.2740112891499259
-0.14855255225305952,0.281731059986385
-0.14003617692039844,0.27755377132986137
-0.14410747161836396,0.2837210953910541
-0.1566960912093265,0.27813910845178985
-0.1441240877130562,0.28057288527655005
-0.14399309582501318,0.2894862338876772
-0.13998323794410383,0.2810908245286763
-0.15637978236556266,0.2699138566499053
-0.1426665841202705,0.2741440361026846
-0.14843146224135917,0.28479630782013754
-0.1389598001474031,0.27890387091434277
-0.14557276763872404,0.2745700298029542
-0.1438754903545794,0.27920541117110664
-0.15248743568134362,0.2836242220260911
-0.15578951569993485,0.2812757086511737
-0.1493643590995872,0.27513559822405925
-0.1451086348655529,0.2796421149468512
-0.14394235587442017,0.2699888735948497
-0.14705206142746774,0.28236218670964236
-0.1494993038381793,0.2829779108284607
-0.14075742371936803,0.2856152119874546
-0.1428600206124617,0.2808274068513742
-0.14192815084002963,0.27023020299907397
-0.14468984440981264,0.2818230726702751
-0.1371565416404834,0.28338914252967956
-0.1483826826937076,0.28972581899354616
-0.15585541220189783,0.2747785146660333
-0.1469495726895563,0.2729924293870299
-0.1504600159181725,0.2818794247546986
-0.13788142902970235,0.27918149471221443
-0.13555919378323444,0.2705613436192864
-0.14093726744412252,0.27690840262366345
-0.14952599452252674,0.2817402371144141
-0.14584131646129814,0.28423280476437535
-0.1423966343789893,0.27046893553356577
-0.13645915422228017,0.2909761345105231
-0.14366448960782546,0.27906092509636304
-0.15583416819927354,0.28180736603106177
-0.1482381094625931,0.2768286841058398
-0.1544424773530287,0.277615041146581
-0.1496492371592559,0.2740651002947376
-0.14705465178909766,0.2709573257073398
-0.15320469722698324,0.27461247065598166
-0.14125157042939926,0.2719254928722007
-0.150617708758788,0.2764458057743317
-0.13870020976366157,0.28144046735408107
-0.14198509920909835,0.28348455920747795
-0.14293175574860584,0.27288481699417944
-0.14054764773983858,0.2748284644079062
-0.15575280089234864,0.2719498147993278
-0.1389838974333218,0.2819636766700887
-0.140265063393242,0.26646664338165843
-0.14716061665620192,0.27981695638944326
-0.14220463204195094,0.27324838721312616
-0.15560208687037858,0.27073467163872234
-0.14831134020278133,0.27249495651262423
-0.14382106741237624,0.2732021811586311
-0.15116967913775126,0.26427963180342645
-0.13913349416661447,0.27378554569482194
-0.14475604545274476,0.272738618264243
-0.14457520091773185,0.2755454773490023
-0.15836919180264386,0.2782090456770411
-0.14803273788928156,0.2764629252918184
-0.15208264339223407,0.27048682554163894
-0.14223554299557864,0.2736636587125782
-0.14640040348567188,0.27620520656622816
-0.15098557562260384,0.2742167575945947
-0.14196015251402894,0.27320601648069426
-0.14528057184071086,0.2760883700898002
-0.14317733670940672,0.2756651556255147
-0.15470124274457211,0.2784454842326226
-0.15606190157313332,0.2793467199855321
-0.14844770435152643,0.27595512324625715
-0.15232698594502198,0.2746368972098624
-0.1480983720145609,0.27342986180837114
-0.1510234727355598,0.2691378543380051
-0.1532999626732095,0.27303501847371064
-0.15099591853517325,0.2725198599721134
-0.15012594935236973,0.2726467761610338
-0.14498651295679063,0.27964563844526014
-0.1398883437453047,0.28349593377261517
-0.1454550089412496,0.2727827118497894
-0.14774730829682173,0.2729481595904067
-0.15073606640506249,0.2706582244246567
-0.15248047489435393,0.2719026163893405
-0.14840016067197181,0.27299517216581254
-0.14854079530645758,0.2799422986313816
-0.14548954148427273,0.27404895159114256
-0.15188424678672938,0.27983609440077223
-0.14345379831825628,0.2782921224176588
-0.14606970094526509,0.28433945675486183
-0.15852031234470387,0.275824971928316
-0.1501839632397598,0.277655776158081
-0.146840039375459,0.2763697824472693
-0.14499941259998528,0.282446298154571
-0.15319616170431777,0.2709158617176922
-0.1456061686726851,0.27399848693908263
-0.149688017298913,0.27750116818141796
-0.14968592679705028,0.2795966146566075
-0.1505335259591082,0.26931304544082424
-0.15106524230810825,0.27696578967263435
-0.1534687358253675,0.2689708188623203
-0.14499271195842733,0.2726395260909242
-0.14897266703184994,0.2829493233702097
-0.15549800398747338,0.2691672023852874
-0.1460545036065279,0.2746522462471457
-0.15715530837495864,0.27828155603991866
-0.15565536340870956,0.2715845433622252
-0.1406028124868815,0.2810602648309529
-0.15434683048881426,0.2728243213125805
-0.15474839176869717,0.2688576234490943
-0.1591449751825532,0.273721436804224
-0.14672341103818212,0.27821060605308845
-0.1359041174338581,0.27497060550145536
-0.15235545526426877,0.27865354204390336
-0.15253002483274392,0.2702307885650557
-0.13847691280118313,0.28108632042642473
-0.14224504166395477,0.27998931844072183
-0.14911211540454297,0.27857176588107796
-0.14831024100863707,0.27424925054142485
-0.15423319304806193,0.2722520206927049
-0.1522087670996658,0.28305549043106404
-0.1585105164223511,0.2665064907851185
-0.14909819713523764,0.27607612338976645
-0.14526996299521425,0.28070103459022117
-0.16068464215731298,0.2748665997571421
-0.1455035887494378,0.2770358503999506
-0.14447217077236219,0.28308412732540006
-0.15494440186091699,0.27651682568308683
-0.1462778403319805,0.27165874161703635
-0.1526870471664574,0.27000031923429624
-0.1460652071949571,0.2725800756224703
-0.14488434575458356,0.27605080297877954
-0.1560886753452518,0.27980687169175184
-0.1567487380836913,0.28058396865511515
-0.14331027729562332,0.2723550137829276
-0.15522742884312224,0.2693973488227482
-0.15254609248585596,0.2763950492925434
-0.14714796456536544,0.2824235270707412
-0.1458776276548156,0.2801406546795018
-0.14344872650041654,0.27967200158510647
-0.15775353835150493,0.2784119741113898
-0.13952574967684203,0.2819238358521951
-0.1531253567537418,0.27111407530892284
-0.1457252854807201,0.27253202076854643
-0.1583227675222503,0.28096933093820275
-0.14902572343400874,0.2678582264542324
-0.16213919304561794,0.2751871790082916
-0.1504851109790927,0.27648823679990686
-0.1532854694053476,0.2749561246487771
-0.14761902204863975,0.2720866353879063
-0.15275937764402855,0.26754559380009496
-0.14876844231152722,0.274044419438562
-0.15245416647500765,0.27326009379907484
-0.1479370822410027,0.2764614183063321
-0.13971479842863796,0.2642407211323954
-0.15521896000817922,0.2663270855450487
-0.15346027942897728,0.2708209565479295
-0.15504152930409199,0.2808757875713947
-0.15401915364696794,0.2752405333879504
-0.15197151027313172,0.2743373910848984
-0.13533845309928577,0.2788869397185792
-0.15039097079519242,0.2779334518382672
-0.1585562653803623,0.2765102778643985
-0.1512855330908352,0.29058515401718327
-0.15552618639347457,0.2758273225583796
-0.15611094922359445,0.26701112961421253
-0.15836940693328927,0.27525319667313014
-0.14786924842036928,0.26537169334150773
-0.1420527140895086,0.2771278796548764
-0.15021769301804272,0.27481787826859694
-0.1575723928141126,0.2790507454902465
-0.15111622915338443,0.27283759782432515
-0.14845749292529045,0.28158956781007327
-0.1447091092590026,0.27061405996403126
-0.15043602835187855,0.271440973074492
-0.1552401042331226,0.2769086525256284
-0.15910778534830133,0.273517729874281
-0.1532491710178264,0.27238773111745235
-0.14567241348213053,0.26583150840553826
-0.1538190369996562,0.276586088360806
-0.1427426892972806,0.27291219767168096
-0.1540446388955228,0.27933634134558594
-0.15348014063932477,0.2687235340183662
-0.14832965209141755,0.2772413313462589
-0.14332914936844976,0.2759844549964623
-0.15345819447554324,0.2818643214995564
-0.1476363711871283,0.26877785096225715
-0.15498508592092058,0.2744659951124969
-0.14094852902183927,0.2735096341369426
-0.14158697545279436,0.2882680273024459
-0.15052097293974148,0.27203863908025827
-0.15137072444206168,0.28585389130855643
-0.1432017326606576,0.27970018701721694
-0.15215815863805524,0.27752130637748834
-0.14887119769882534,0.2836105709309335
-0.15238968842287168,0.2752738510040409
-0.1489718444548794,0.27387582405494376
-0.15309085749787238,0.27609934611192605
-0.15460673709403094,0.2776494039532978
-0.14362691767792396,0.2702239527752644
-0.14553560518764821,0.2748067411959002
-0.1409710323391012,0.28085766522990907
-0.15869810051589206,0.28037971160245717
-0.14521483889176467,0.2687157139917609
-0.1469839422875462,0.2772860713813027
-0.15159867826678963,0.2793172290846742
-0.1529413141553796,0.2782348496040738
-0.15623866350830834,0.27864716780988025
-0.14927790398047203,0.2730842156360966
-0.14571563172241256,0.27035564470618256
-0.14447786612788768,0.26771071528633095
-0.16674972154774398,0.2719743557858183
-0.1553925504647523,0.26861124747248694
-0.15090052599728662,0.27639727987299983
-0.1498301488130707,0.28861526326555165
-0.14335697031192918,0.2682389883045539
-0.15136473778669493,0.2745352743697067
-0.15664812109805892,0.2779957396762571
-0.16004978894164865,0.26996970719106156
-0.15434404809483782,0.2622361868669456
-0.15308485201996955,0.27150067218604645
-0.14767361699336534,0.26878576165495643
-0.1523303876928154,0.2687719504196934
-0.1519216149239754,0.2841768335047754
-0.15019428042943392,0.26965758615311614
-0.1525397002421754,0.2758934340899876
-0.14695808679410896,0.2639555895268049
-0.1539921134662629,0.2743691940115445
-0.15035939314193553,0.275826144945426
-0.15610819726015687,0.2791019006070667
-0.15425672439185945,0.271643068572484
-0.1506798495775144,0.2791363671713547
-0.15295532658451408,0.2750658440036287
-0.15779944762883755,0.2686905796306424
-0.15395471830810334,0.2760928143747951
-0.1632898395746945,0.2774128092145273
-0.1489165843527407,0.27434612834057365
-0.153038934973363,0.27197686979394875
-0.1487002729103597,0.2741462748306222
-0.15767044571222008,0.2776899581337908
-0.15100259129475146,0.2725460978198008
-0.15347239452884656,0.28607094997829036
-0.1498137892014491,0.26818140338560886
-0.14787703761468973,0.2669233833939697
-0.15198553544835697,0.27850915928166603
-0.14564287848608468,0.27436913872745106
-0.15229319242319217,0.27884452261455406
-0.15548148441960952,0.2787914427694236
-0.14398068693580235,0.27570475971861497
-0.1504739405411767,0.27152564658433803
-0.1526063144936426,0.2756280855771162
-0.1516743140305162,0.2734264053719877
-0.1481285661955994,0.27622170325340256
-0.1462958395833007,0.26949289222803197
-0.1463702347034092,0.2756161414461913
-0.15122103674639142,0.2799489958807481
-0.16266791075002807,0.283941012102384
-0.15202624892687264,0.2668872545940892
-0.14741819968635564,0.27467634534890495
-0.14888596926322611,0.2734013166253407
-0.155765009994395,0.27271621974753174
-0.15984684670108257,0.262846432847569
-0.15008957085429792,0.27428155841529306
-0.15234859414438442,0.26777325311162875
-0.15331111653333196,0.2755894197011574
-0.14772048276582275,0.2699052874140588
-0.154636474893909,0.274707559354374
-0.1578802126252262,0.2696747486363302
-0.15628527419000388,0.2729200367599437
-0.1527374095389364,0.2679928373474603
-0.1507876193214404,0.2625985937634297
-0.15634378617273859,0.27413756622835095
-0.14855124499110553,0.2670971421437398
-0.15813578060743452,0.26697145417141616
-0.1408939417017479,0.2808058484506883
-0.15672687694414306,0.27396668672096414
-0.15325194988967555,0.2700619679921208
-0.15627121273443326,0.2708031349294911
-0.15048238822517,0.26894938725818185
-0.15394735070235918,0.2657179988795874
-0.15674709308485046,0.27298642679006185
-0.16464689499703755,0.266102753705278
-0.15460639364979073,0.2609244555544991
-0.15344518028161389,0.27429797524844274
-0.15006854534402247,0.265520073657075
-0.15249788896420285,0.27417347333382336
-0.148359115546442,0.2728817512272444
-0.15331892241320905,0.2692341320467874
-0.15389568065910406,0.2835360279212572
-0.14882337834919823,0.28327512583243136
-0.15310963933259386,0.2634318236501657
-0.1472203547138239,0.27022191395499945
-0.15657182883824564,0.27973169702544987
-0.15891439878466754,0.2727822050441852
-0.14663749177625543,0.2698716677321582
-0.15303887312327075,0.268880622925626
-0.15694396546876951,0.27337420912751004
-0.1563724164208989,0.2752927067760654
-0.15330356735018238,0.2672410498690894
-0.1550048401691036,0.26620948881504175
-0.16003689890683379,0.2704709614194031
-0.14891574321892492,0.27776956627386307
-0.14346689574861438,0.2794389855719154
-0.15141761756287622,0.27810759404738955
-0.1505637527468415,0.2715220028753228
-0.16281474300190488,0.2733755584336829
-0.1469624288647068,0.2736984835968593
-0.16066909195924167,0.279078153359731
-0.15749945677302446,0.26537073673629435
-0.14549533658353114,0.26763741237444744
-0.15699715606235967,0.26899015529168735
-0.15536983655693898,0.27500644288695664
-0.15836915650934297,0.26793546571295995
-0.15565723425697695,0.26783029442726125
-0.14545770229568858,0.2675222191081133
-0.14327438685382007,0.28365495675320124
-0.15179043660155375,0.26815910597418796
-0.15021977941879094,0.2776598218860666
-0.16695403375761864,0.2768035299907094
-0.14535859581194588,0.2769112329997493
-0.15272238535740873,0.27789003108984084
-0.16748022352651923,0.2802448123014729
-0.15196968504998962,0.27646265780934876
-0.1536239821547365,0.27025277376611956
-0.14830900683239986,0.2752040058678948
-0.14414652286620963,0.2695349312845736
-0.15738313235013457,0.2708141149575345
-0.1602608723031447,0.28038772176641635
-0.16298527639429886,0.27461755233838503
-0.16136771372815778,0.26592389986169174
-0.14362942927769234,0.27554898405488987
-0.15936167442225302,0.27288119765634433
-0.15141142575644076,0.26910132683477705
-0.16206819061874037,0.26866234685333235
-0.15847415897127254,0.2694965500944719
-0.1600875873519875,0.26564219843445713
-0.14872148678117514,0.2700013083625
-0.16320222437997509,0.2790738166583896
-0.15255744311011726,0.28282631914357736
-0.14607798292305493,0.2785449301717133
-0.15281075559951493,0.27920855724170374
-0.15575741246900385,0.2726701931287797
-0.15676743249734165,0.26922211322746425
-0.153120615135426,0.27796246968832067
-0.14510715420186976,0.2702070671419509
-0.15475107311424674,0.27536846894240946
-0.1527932098284576,0.27780960022481
-0.15244009209013662,0.276884119450495
-0.15268111389261801,0.2726200263008349
-0.15603702647996517,0.27713527289651546
-0.16074237826127946,0.2708118474788208
-0.15745564747224736,0.269612676167838
-0.15530289006554965,0.27242428243889993
-0.1617600121610593,0.26870671313227257
-0.15203176604281493,0.2733432096867472
-0.1570056911694286,0.2605778798217075
-0.14334589496836678,0.2693622789444403
-0.1536314947745164,0.26640985440887305
-0.15185000653234235,0.2785559852383004
-0.1580452992364056,0.2725672129458714
-0.15891209944680568,0.2777730776185048
-0.15375054415764897,0.2629282506018546
-0.1585469320807935,0.2660277803007736
-0.15475529971595345,0.2711119819568457
-0.16023807926644865,0.26596470227161356
-0.15921153221841,0.2676101009613057
-0.1506186742025142,0.27288948926617346
-0.15550494528044614,0.2680195501073376
-0.15401292896995844,0.2661111872626459
-0.15216786769002139,0.271131320761543
-0.15197325647529036,0.28076270079760435
-0.15016602725262584,0.2713761682084742
-0.1612809921648037,0.270418038542707
-0.15656609502524751,0.27188731832541846
-0.14883916089843996,0.27484647768085535
-0.15795768848121045,0.28146059791875927
-0.15891801016265786,0.2738498422908539
-0.15083572409954812,0.27370549943941763
-0.152321861924687,0.27984958863228243
-0.15471697138114224,0.2804053085458631
-0.15095093211060037,0.2724374182582594
-0.149886487872652,0.2689299778983299
-0.15488738304523542,0.27018046847138355
-0.1560373048254556,0.27133758578231165
-0.15249774923448306,0.2784878766943356
-0.1562526422996104,0.2716405681161589
-0.15641531092627892,0.2625098214896137
-0.15474134080562973,0.27655654751348563
-0.1635175958102332,0.2656502486641908
-0.15711979983382565,0.26601019450221147
-0.15928569589027683,0.2625478026056055
-0.1655866357844228,0.2711042677173414
-0.1535908757175425,0.2768449835240385
-0.14433828781017205,0.27413137927005027
-0.1690406950887873,0.26493598342837205
-0.15408736889454022,0.26628572813958395
-0.1692401057930737,0.27644759961380516
-0.15303443094924205,0.26921568198453116
-0.1561329461077122,0.27418367719212383
-0.1594876786899518,0.26930487988419366
-0.1573149390346498,0.27396261206368977
-0.1515448523742898,0.2762398001841045
-0.15282595005164248,0.27408138371844054
-0.16751888578536636,0.2714477790400959
-0.15052166719241328,0.2676954106522359
-0.1528858253120687,0.2712704402224526
-0.16102392528603102,0.2698217887528825
-0.15548974312200228,0.2681716137034895
-0.15635316612631,0.28256768984935243
-0.1555256813274889,0.27340656696687654
-0.163909095471037,0.2731163781743982
-0.15455950977620314,0.2747142783681024
-0.15929695021364862,0.2780759460038604
-0.15207112328332012,0.2747866236626519
-0.14811426958018173,0.2710737112778659
-0.15661987129267552,0.2766690024025949
-0.15366414870930825,0.27838026687893974
-0.1485814704921331,0.28116513055472514
-0.14399780534049209,0.2650055858772823
-0.15420452160866435,0.2679915053024788
-0.16388158301598535,0.26790743220653573
-0.161535744763179,0.2672375216272375
-0.1559813104523782,0.2675721224205865
-0.15619689784277543,0.27154360087122054
-0.15836738178492873,0.2667467492106473
-0.1645849905930046,0.27304993585612763
-0.16090925211532664,0.2632125034035877
-0.1650125708933941,0.26182926186012506
-0.16302235303863463,0.2636044746708332
-0.16336047197723538,0.2604818937720191
-0.15733355073561203,0.26843468512488133
-0.15881873135632477,0.26568189269132175
-0.16066140393745812,0.25997380449158236
-0.16052969468951284,0.26487741752092775
-0.16377639292688706,0.26930981016312433
-0.16078738530595166,0.2637074289589098
-0.1578320389927248,0.26259273953935686
-0.15652547475838227,0.26525332219604225
-0.1577812180111076,0.26187125989541415
-0.15669501236050665,0.2729434943235714
-0.16060684409018697,0.2729705430819416
-0.15262879409657681,0.25969504956619976
-0.1644928711211519,0.2685782653947392
-0.15871842900314043,0.2566893300184246
-0.1534440193724525,0.27022403503458176
-0.16319491193719177,0.2715116923236867
-0.16511205340930676,0.26116353641051465
-0.1509950693722075,0.2651705072462599
-0.1675149260754061,0.2711541419827426
-0.1547275690742069,0.26190215271846606
-0.1597121793843768,0.2730186425506724
-0.1570721124483579,0.27353416925558
-0.16213162710552784,0.26693136616868623
-0.16548659649638645,0.2592294784251715
-0.15626401040770144,0.26677262208996244
-0.15534415706564794,0.2736898178096375
-0.16726586492209036,0.27514746096322595
-0.14867789034395734,0.2720830405141089
-0.15957525036253503,0.26905678673555117
-0.16695903967690565,0.2745043771260813
-0.1628367991899668,0.2677704220160456
-0.16465933979307307,0.2628052341262627
-0.15609918124028824,0.26146288305409227
-0.15580227708364255,0.2677664881048832
-0.1572542457532513,0.26263250811332023
-0.15808671062241084,0.2597040003699013
-0.1546134535096917,0.26541553944024276
-0.1601461063601413,0.27408411956506185
-0.1567928078067391,0.2713534215434553
-0.1665196963388709,0.26739777280741095
-0.1588686805776172,0.2637756029052966
-0.1504987433897441,0.26690388508395857
-0.15338954028201526,0.270214025573806
-0.16014591344761786,0.2656974057785944
-0.15847493224204703,0.2660056525905044
-0.15461786848387582,0.2642978085204946
-0.15468144323459806,0.26370541727502994
-0.15350641424367192,0.2640659938303449
-0.15923764450363942,0.27091935697393693
-0.15575164884707834,0.2799836670328102
-0.16513582313106442,0.26600920138748785
-0.15765680972704124,0.25954230873772105
-0.1628498289773438,0.27242603420507966
-0.15608556445982458,0.2594044470605667
-0.15626943999360762,0.2661340110182709
-0.16783689051163284,0.2611300687430493
-0.1547693739431788,0.2747436140818028
-0.15126653211370591,0.2720544074674837
-0.1656402081033896,0.2677897585670099
-0.14921931944885058,0.26474334127195415
-0.16782206067791675,0.27431397073165925
-0.16252544731034727,0.253186051105245
-0.1598879293374342,0.2686314729492607
-0.15427317616591063,0.27777786633466955
-0.15382923432951848,0.2711911363814091
-0.16430365526553437,0.26860468411313926
-0.15266597598433,0.2632310856993529
-0.1662023286819361,0.26739968162030153
-0.16281728963198125,0.2739193328647217
-0.15787914191536942,0.2693748557716806
-0.15742617976472653,0.258869831427946
-0.16374048627532484,0.267005414798669
-0.15292858874495677,0.25360353670882413
-0.16059278446613814,0.2611859746605524
-0.16310697166170368,0.262105780052213
-0.1626821198296784,0.26653230964030067
-0.15965142054930453,0.27168138313183404
-0.1559431512109362,0.26328469337904054
-0.15685887961722936,0.2778890310232848
-0.16310859460869837,0.26427132252292135
-0.16168584961845286,0.27592653306367054
-0.1646299399472639,0.26049956399660085
-0.149076212776413,0.27341573461456864
-0.1609169942380138,0.26810056938630245
-0.15269241444741727,0.2701220930519077
-0.15531039998760604,0.2690157097479522
-0.15538115547486814,0.2586281803584
-0.16227835264132986,0.26739775929401133
-0.1551631380993265,0.259755101367168
-0.1605593278956535,0.2606605277159497
-0.16564665216878424,0.25834970505422994
-0.16020144839178185,0.26719807136943735
-0.16134121117494338,0.26478318522654526
-0.15776458662955958,0.25530213676424884
-0.17294095829693984,0.27117709895765907
-0.1656054861989976,0.26464271158798075
-0.16170105405130716,0.26308238901416675
-0.16101774546679465,0.2597905398672744
-0.16124569732961702,0.2561047224697901
-0.16677421721591962,0.2665966957290582
-0.15410147271576521,0.2723711385787841
-0.15262372772767732,0.26852196565935044
-0.16262099745908817,0.26816878722623083
-0.15469701805970396,0.2652773097337598
-0.16377635888141168,0.2619440887017103
-0.16999258858227015,0.2732892575518177
-0.16051013435174163,0.26491467471633473
-0.1531441276697303,0.26074880947622164
-0.1561993001626706,0.26454097020589795
-0.16892390027944804,0.27193449108448053
-0.1583652196806148,0.2615997909777797
-0.15642558261646466,0.26945515898068645
-0.16422970215757152,0.26699095605538536
-0.1625665296787993,0.2630060619184855
-0.16136344530830646,0.2629363051799466
-0.1650123783770391,0.26124948381680746
-0.16627428875602152,0.25691373043031634
-0.15602246575471762,0.2594689789766694
-0.15063044462787453,0.2643174149914859
-0.16137094875681535,0.2742533732320784
-0.1629415519300214,0.26684181024855286
-0.151150942450996,0.2644226042532208
-0.15989624274219277,0.25811163709420126
-0.16230488086282702,0.26732891508823287
-0.15904129124916835,0.2653448476795576
-0.16040764500101448,0.2731437696252552
-0.16091423098681393,0.2625224096453302
-0.15717728094965083,0.263135441649213
-0.15687595744721708,0.26459803399122467
-0.15922734498741578,0.2708151914825687
-0.16276043023732803,0.2694292514006807
-0.16883961416876023,0.25937527229896534
-0.1626365675752017,0.26849709120027926
-0.16118312940515303,0.26911153710290736
-0.15712650041112391,0.26742280504531357
-0.1618285734639065,0.2560373530442167
-0.16070073641027996,0.2636299273603021
-0.16351872038702447,0.2576042032029418
-0.16819301806043616,0.2606705535841432
-0.1671221534129421,0.2683785503309236
-0.15446341169950736,0.26815725616561265
-0.16248951360291522,0.2690903585469801
-0.1662816714984631,0.26190472428175643
-0.1628875905627319,0.2736236386256286
-0.16371088029834574,0.2642267136710992
-0.16126445034164494,0.2648866140892226
-0.155048424237534,0.264443176962393
-0.16274220623910113,0.2585934653141384
-0.16641840447677056,0.2608448467449225
-0.1526922167387683,0.2676097719106135
-0.16270095432421944,0.2751593847860723
-0.1634648317977994,0.25786388038750074
-0.17107341786983915,0.2548937614579649
-0.16234218095109665,0.26721478140693267
-0.1654945128732399,0.26118169331119434
-0.1722713936449751,0.2682574079127498
-0.15744220412734516,0.2608618452639499
-0.17129932843608744,0.2600359765970316
-0.16310643452485513,0.2530935302269451
-0.17139244978295623,0.2612092323164051
-0.15679652448903544,0.2658284207770041
-0.1614516937734016,0.25855787539849223
-0.15760348460994023,0.26396270208193795
-0.16603904715484216,0.2652133715930047
-0.1582514579859807,0.25760182059571646
-0.15906739446174614,0.26531402165661283
-0.16757967809908114,0.24957020414585665
-0.1700900100603438,0.2556441810492639
-0.15874967726721825,0.2597290584173622
-0.1645440036532902,0.2634682498154046
-0.16288199013387844,0.26313378492955003
-0.15814750698832075,0.26496547109028934
-0.15943024058632488,0.2670960723262226
-0.16496338933600868,0.2700240282279352
-0.15266605668237102,0.2691067096194101
-0.1578581938779094,0.2688039120504282
-0.15154705474221067,0.26400016831584716
-0.15692021805855516,0.2700173429305302
-0.16110877502357163,0.26749179764404785
-0.1615014571001775,0.27854734818543453
-0.1598905408986951,0.27046464356518624
-0.162353423941466,0.2748196920586804
-0.1584636714037854,0.26214436163549726
-0.16117249730526953,0.26781940273952576
-0.15705420290373248,0.27030455840281215
-0.16192812435117274,0.26381728734572707
-0.16770140195094677,0.2695028998799004
-0.16364820711060765,0.26148396025094806
-0.16353467436253852,0.26250533011380234
-0.15988951313825794,0.26485548378797946
-0.14747843687977014,0.25976954295700844
-0.16741002349793296,0.2663393622526435
-0.17021350334103155,0.2635283545023575
-0.15467764316235674,0.2724972808535216
-0.16956485263058532,0.2639153359276177
-0.16424963923342648,0.2575617968408261
-0.1596486639009952,0.273051012081739
-0.1542017801134861,0.2623697762719056
-0.15873116935210563,0.2671280318257309
-0.17180976247193014,0.26284972637300175
-0.15516760816810404,0.2666023432874752
-0.1652826096285573,0.26006215284696466
-0.15988409138915768,0.2617346881552756
-0.15265313768922167,0.267126442019988
-0.15707612090514983,0.26658687851347496
-0.16857546643107246,0.2683697030773019
-0.16303711996272852,0.26870196425693604
-0.15674242778971714,0.2728091115826006
-0.15421374829306045,0.27012513148746115
-0.16080405490972285,0.2680565029031029
-0.16625917321329642,0.2694924741338498
-0.15722750083207473,0.27053361536076265
-0.15660663070642766,0.26756864248188583
-0.16129760910667973,0.25825314002573896
-0.16768094667349587,0.260868157003424
-0.16674668489201627,0.2584576409414175
-0.16074870984217565,0.2611883143249781
-0.17046319758592315,0.26178847046923065
-0.15570267466420895,0.25244294598531397
-0.15979569240880798,0.26052287922402034
-0.16844946993849452,0.27315937746513974
-0.16133367606716062,0.2698262866329973
-0.1631173401265247,0.277635549587579
-0.16969703832623956,0.26916235862430254
-0.16144234792138926,0.2675871977585291
-0.16162871709998322,0.2657066981334242
-0.15787837958846793,0.2726510213103565
-0.16139879017597397,0.27306667491950043
-0.1526193337381837,0.26633844667986145
-0.1599420778049479,0.25958130528437234
-0.16788401777076503,0.270380421902529
-0.15772192582040914,0.26490379959645916
-0.15614565986577697,0.26665303465708085
-0.15389561902409674,0.25581479225625137
-0.1709753549204408,0.2683916150144557
-0.16838561363411256,0.2667809695607067
-0.1618716224337911,0.26514223959908373
-0.1658726503935624,0.262703899066749
-0.15620060483093817,0.2648888023017848
-0.16216699138043825,0.2654965774471888
-0.15651114316403453,0.2638885345713058
-0.15872069565068178,0.2709790651686209
-0.15035216768315057,0.27590017918929927
-0.16535618451799328,0.26780488454343476
-0.1662008203674212,0.26876706725927996
-0.16450644855859053,0.27411209644231227
-0.16879522507336706,0.2674755140504461
-0.15852926461074318,0.2705369198110041
-0.16497804794908486,0.2625788940368263
-0.15604586032344808,0.26294714496088595
-0.16863224240501512,0.25828317822030705
-0.15833729338916824,0.26149198733335455
-0.16506945083033803,0.2637150321848219
-0.16528627091253922,0.260070636418728
-0.15767415169559917,0.25957935158686674
-0.15145508840750266,0.2706355714228836
-0.16330328200059774,0.26864301052670786
-0.1524310574019951,0.26496402302956373
-0.16002218372977525,0.27852315348540446
-0.1626890242201412,0.27256930812019053
-0.1567469394149403,0.26411535993101687
-0.1522473097562937,0.2633588266180366
-0.16770807123137693,0.2642832110105566
-0.1662264154151612,0.2630323277776723
-0.16072827213027302,0.25780262837588597
-0.16609904177945214,0.2724449764611613
-0.1643181329596916,0.2692696914209017
-0.16478971107551935,0.2581846279220809
-0.17228526215930537,0.2561339826138133
-0.16576228991122552,0.25288267375068674
-0.16783505749423544,0.2651644303642037
-0.15666181432568296,0.264528358958371
-0.1615835917614096,0.2707856977274377
-0.15657798792600836,0.26844423819118474
-0.16771828341046754,0.2609102442590136
-0.16627711192269168,0.2628953215110295
-0.16837210016444362,0.2577215282412431
-0.1756272001048841,0.2582633344356561
-0.1652538929952232,0.2719276410140601
-0.16657325855096766,0.2563853914882957
-0.1686272366950463,0.2586366681353703
-0.16700686208518767,0.26925719006727594
-0.16954360118192557,0.2633108703439347
-0.15864984379866395,0.26505924886210946
-0.16323641499899036,0.260295560668246
-0.1577021729583526,0.26644740443472753
-0.16685460577727373,0.2639522578610892
-0.15355160136687915,0.2678813588975176
-0.1609632223673327,0.26422858929275234
-0.1615417989175803,0.2653242099864019
-0.166124603587815,0.2684953254529812
-0.1587508506402602,0.2574172618198623
-0.17203072579943623,0.2674837252653714
-0.1580997776930523,0.2655006388311931
-0.1642932175648573,0.26528953515622555
-0.16388068806236294,0.2606918178608353
-0.15420643253819516,0.26326625433733186
-0.17565442292741756,0.25980581234811806
-0.16080335965955822,0.253232130269088
-0.16515717793557938,0.2667643652138873
-0.15440206889931374,0.2568412924508219
-0.16007233960737727,0.2575489288919872
-0.16393622810216957,0.2663235137027893
-0.17153116011501468,0.26613826874090574
-0.16116287421993272,0.26395996807904615
-0.16356336515366157,0.2562294382008202
-0.1577144320832466,0.27088121993956094
-0.17119694414960515,0.2631532515839194
-0.16338818856703374,0.26048309688490173
-0.16636801131835444,0.26269729165802386
-0.16152343198331356,0.26234327966080323
-0.1612927199902348,0.2676454625972816
-0.16894256239350797,0.2710985816802594
-0.1670661466760613,0.26701755375645253
-0.16389464257786568,0.2678558666025777
-0.1677207246427574,0.265484531883962
-0.1617933664412742,0.26984647827971453
-0.16610511302666742,0.25975153086534086
-0.16701800397904015,0.2630818952011566
-0.158690880729473,0.2700192579459696
-0.16321863100645678,0.26983932121433873
-0.16688555836900643,0.27222990440555345
-0.158769571652106,0.25792707934499637
-0.16903863689359555,0.26694916523398127
-0.14926361787403683,0.2709548067554597
-0.16639936510119607,0.27196478384420064
-0.16587113249856184,0.2578902296770542
-0.1599381757364596,0.2677740597492533
-0.1689033801166903,0.26169433024627836
-0.1610165403893703,0.26232346395149053
-0.161869513758578,0.26259142313524786
-0.1661137986863437,0.25743394283455334
-0.15808030127070105,0.2593389985917328
-0.1607726328143384,0.2582671720539078
-0.1664889800135718,0.25382275042200725
-0.16841820171854177,0.2581276187669827
-0.15769953343896084,0.2648104260798909
-0.15951005667914403,0.26955002384708726
-0.1581812773259597,0.26655298109617104
-0.15843743663173013,0.26453313827035707
-0.15894990675203385,0.26950866353936676
-0.16313036210399476,0.2573995342634725
-0.15881674775209684,0.25876071253736926
-0.16071507423840292,0.26561961695835523
-0.17070848422661777,0.2617129257874754
-0.15586857470840626,0.26044531614219874
-0.17113236005435442,0.26451797390164317
-0.15969689258960973,0.2611035235132025
-0.16913689566119844,0.263656222621561
-0.1632782994805697,0.25987458622400245
-0.16248347904660135,0.26500801953874853
-0.16564687618725177,0.26386075256064706
-0.16082319181463048,0.2624897908651415
-0.1702239752255585,0.2588794158276278
-0.1670430597481202,0.261964530640759
-0.16561311174307733,0.2634026186884383
-0.16185643569377722,0.2513800206415487
-0.16778456940236758,0.2598530232061122
-0.16758386020983543,0.2626456539945945
-0.17175494528611854,0.2635113210984589
-0.1672636409682257,0.2620504575813757
-0.17260834772713043,0.26110827138932025
-0.15616583449366903,0.2551359263673037
-0.166212844602639,0.26511516554346193
-0.1663338368205505,0.2695680667882812
-0.1662052989217331,0.2578527873460635
-0.16292204393538226,0.2606293330511237
-0.16805717229221767,0.2611059038259436
-0.15671272439110331,0.2611925082683419
-0.17194563272944907,0.26147442662977877
-0.16632931392275882,0.263208164799344
-0.1674160150321673,0.25971836520867103
-0.16579241848859996,0.25742445626728844
-0.16131377683564702,0.2630899439966063
-0.16054580104682384,0.2595703594092717
-0.15385624402908732,0.25924576359935253
-0.16215423871748208,0.2660808046547516
-0.17098783711876442,0.2613920901430421
-0.16746307018907547,0.25824394455186334
-0.15291059821024297,0.26708594028425087
-0.1743759106431644,0.2554076591065243
-0.16242560344897383,0.256313821572923
-0.16684807703709056,0.2658428178420915
-0.15815934445259602,0.25635561939431256
-0.1689959206114912,0.26042889919414447
-0.16481678647747763,0.2597133487664137
-0.16718406763632185,0.25147368010670373
-0.16221923109821623,0.2609461762528592
-0.16371502198662094,0.2635214464828877
-0.16044233557064205,0.2703315479907027
-0.15682340536608036,0.25638599283163915
-0.16241587280556882,0.26180688320113293
-0.16306881000384452,0.2707745887343164
-0.17582492328044808,0.25674246676280094
-0.1641015822326277,0.2547742065718404
-0.1582571935324546,0.2612031826790325
-0.17265738638557232,0.2604565474344994
-0.17165908737016533,0.2478832701080843
-0.16349380421370754,0.25939369865454326
-0.1670960558134604,0.255651698459213
-0.1612471589551916,0.2598318731878565
-0.16383776306691852,0.25572804077682126
-0.17675737489340065,0.2571762448409038
-0.1675937211720535,0.2565499691349572
-0.16657592362783472,0.26282899596462467
-0.16665661863556472,0.25056058763020767
-0.15543669141290098,0.25607545665728476
-0.1576776894450607,0.2586832386802208
-0.17711134666183984,0.27340001007050185
-0.15899348674691097,0.26196512967189217
-0.15930076344354432,0.2597756036618958
-0.16145313466419473,0.2513639277980905
-0.1614694010459727,0.26316425770017415
-0.16329672911174326,0.2697167544771882
-0.17115914949527025,0.25831087131028074
-0.1618213953095421,0.2477988643583629
-0.17441139344468704,0.2653237342405736
-0.17729118170190625,0.26768187040836433
-0.1703089784808234,0.26081310539389846
-0.15745931751086953,0.25978241343532693
-0.16522445056497534,0.25607392590051004
-0.16741313538157174,0.269775279126317
-0.16745577256807606,0.25770641008675577
-0.15477572409436818,0.2592528063882983
-0.1746075631824503,0.25917409866676533
-0.1733381619048494,0.26198443071229544
-0.17048901186282955,0.25060405754108506
-0.16147065988094317,0.2587958028128688
-0.16955591425223554,0.2628624765545057
-0.16724932310278595,0.2599308807393201
-0.16188271547303257,0.2613000628096465
-0.1739173951058294,0.2561191304378388
-0.17142610395144076,0.25199813719078734
-0.1701238262692495,0.26290356326618064
-0.17289388196725208,0.2602017854143907
-0.16167530531870225,0.25046709874066175
-0.1631368026570857,0.2639677341754809
-0.1596752666987409,0.2588152483317614
-0.1603163508561788,0.2602402676214699
-0.18446441432289454,0.2591044311283566
-0.16972462696089793,0.25990903660329356
-0.17283834583249694,0.25931546073511835
-0.17302766142963324,0.2601916363891458
-0.16995918185491013,0.2528079004540484
-0.1732291350585713,0.24852823566183074
-0.1557648223665355,0.262483564047516
-0.1745147367511918,0.26575866419988053
-0.1712518603340471,0.2565157571776118
-0.17195426970292227,0.24720338810658712
-0.17277398252788922,0.25968436576708903
-0.16501910014429774,0.2611434555331259
-0.17117848036856775,0.26101056343690415
-0.16945819616992724,0.26039840641662404
-0.17064982313674815,0.2596238616319214
-0.165597215811318,0.2617202307926486
-0.1607188735856355,0.264228004066235
-0.17094372221003937,0.26762988037664037
-0.16900705041746125,0.2562875975624401
-0.171915291843815,0.2527740306999355
-0.15702318756665978,0.2596156429633965
-0.16693651296067624,0.2609490703720359
-0.16273288015359186,0.25846500757386504
-0.17638956824040927,0.2566307506643113
-0.16945996752914708,0.2603638439098924
-0.1681158405727532,0.26630662102726904
-0.16869383116150308,0.2567488395393074
-0.16974092124012408,0.26342384699318816
-0.172066781321862,0.26338818955914317
-0.17062589706010287,0.24918871701681683
-0.15947094245576213,0.2543366645275797
-0.1734203524975167,0.25648963084401916
-0.16716920981747918,0.26622593436638026
-0.16956669339880764,0.2702086869875547
-0.16788618105840875,0.2680869352431889
-0.16537144756122246,0.25929735770460427
-0.15378557870352738,0.2601319771368666
-0.17053744078487032,0.2614302960003505
-0.15831653460811518,0.25874089723216465
-0.17407066880995786,0.2640740734150606
-0.16176957183833976,0.26317602426250325
-0.16684249340185484,0.26022341646673314
-0.16197981332341863,0.26288766189898927
-0.16892787805116785,0.2566606103901812
-0.16684449876937885,0.26646490226496794
-0.17525140245091514,0.26847685204054633
-0.1595070738333465,0.270202051334495
-0.16047095801320183,0.2543684029931003
-0.17289130710071596,0.268561938778433
-0.16731377695480176,0.2586040876555125
-0.16882823505972608,0.25879969294604993
-0.1779725128340385,0.2631740330267447
-0.17931920018781763,0.2619606267223093
-0.16525922166844847,0.25193690407084063
-0.16610461308802082,0.2660728735658797
-0.16802985809839896,0.2594198518894533
-0.16648739366207854,0.2595384472513577
-0.162080441592079,0.26539993846525883
-0.16852099224945868,0.2622411837665494
-0.16335667242879098,0.2614176101184797
-0.1657208805544195,0.25472164533341807
-0.15819265970287896,0.26421802177402925
-0.1678948593560453,0.26240260279604466
-0.1678901926847323,0.2537499568759426
-0.17386303773241155,0.26607305695028205
-0.16599684781996543,0.2644121702320135
-0.17527985364897505,0.2617002469577613
-0.16307531878463283,0.26116787215663556
-0.17122457070545877,0.26532833371211967
-0.16326403162129025,0.2664191504636279
-0.1523095160870712,0.2667649998535836
-0.16972068787099776,0.2694008629398184
-0.16893007969187834,0.26263663500692547
-0.16462537464457153,0.26623311836330676
-0.17593886327703906,0.26297789804311944
-0.1613922499001377,0.2545261490949506
-0.16856085236334387,0.26300887625087627
-0.16669344714986262,0.2522170922272338
-0.17755395995404416,0.25674475076485614
-0.17607557311497818,0.2551975375312861
-0.1726187526249547,0.2551470005126254
-0.1723015225309813,0.2598007797716893
-0.16351907257806245,0.26065124939284223
-0.17085546245317054,0.2588110807729252
-0.1702431224610019,0.2605899857759528
-0.17463247357298975,0.26470207057869477
-0.1669896158312728,0.25481515188443554
-0.15968496901589702,0.257869618875073
-0.1620131253568744,0.2572224303104315
-0.17333469325399994,0.26396556274396893
-0.17107637274090035,0.2580187098311711
-0.16163933205132613,0.27112018349138073
-0.162924849664108,0.2606818487036421
-0.16798173859196058,0.2690849128342864
-0.16495161039797945,0.2547186194320502
-0.1684389169609359,0.2529365060989414
-0.17404382510885563,0.25256359394115224
-0.1790219243068679,0.2581000528725504
-0.1767395080346271,0.2529660425607471
-0.16735447765038536,0.2564320586975186
-0.1709596101519188,0.2519038447661413
-0.16389826258288023,0.25285135936631914
-0.16730273962117784,0.26275039780767495
-0.17008413684107052,0.26287537784636605
-0.16763650565125324,0.2571059806609295
-0.1700930945944114,0.26880174675306673
-0.1654916293086745,0.26629020445935575
-0.1628730444351902,0.25520781248546454
-0.1609585138884795,0.2687871633705561
-0.17097456817349316,0.27027880077279864
-0.1622063616988243,0.25801219283291216
-0.16130765270014422,0.25643462335957995
-0.1604370249237366,0.26167178419516446
-0.16979106857528456,0.26227074886369056
-0.16858887927410016,0.26311674172119404
-0.17594612993837183,0.26042360596788894
-0.16685645998755816,0.2534527825946993
-0.17215667148164937,0.26170925942064327
-0.16616499434397258,0.2692716233649523
-0.1672676988140142,0.2616690205777699
-0.17028710411838127,0.2534832077306116
-0.17049711744832655,0.2496419304320983
-0.15861227915631196,0.2575539162251077
-0.16714112391265107,0.258996754509256
-0.15816918397509577,0.25647945937877575
-0.1752369686751303,0.2628751886090127
-0.15847903939270222,0.2595959951088903
-0.16254310927237728,0.2622431572527514
-0.1675404935291397,0.2701862477333544
-0.17055144412765913,0.2666822456850661
-0.17007117619354917,0.25792639630259045
-0.17350489991775186,0.25804816713809064
-0.1609723739138111,0.2564028188401831
-0.16295405080755118,0.2576704059852509
-0.1657476075877997,0.2624514305251401
-0.16801505354047358,0.2529038825773144
-0.16083423929331586,0.2550097846923612
-0.1625089680817964,0.2584041809013593
-0.16503745475375967,0.2552491525735024
-0.16927741327238233,0.2567760091836406
-0.1695198489852857,0.25861169880555845
-0.16726193952316612,0.26371037563440813
-0.16697130804003865,0.25907540453203953
-0.16714448347923527,0.26082741585714214
-0.1770883449116544,0.260401848455544
-0.1548958846153619,0.2548038914247354
-0.17454616506652687,0.24944221196195476
-0.17593173713022164,0.25912585497727
-0.173505770270243,0.24659275485289028
-0.16738341414824967,0.25138126326980326
-0.17328797677837257,0.24969352667461184
-0.1741702994943075,0.25718456572109005
-0.16835665441904,0.2491040782539837
-0.1719585872209603,0.25488220476954376
-0.17327363545915947,0.2536744348875391
-0.16596128307804897,0.25437815945653225
-0.16655657346251365,0.2592285195650977
-0.16985316272564066,0.26165902059070073
-0.1677502644254173,0.2623146203753871
-0.17081580264989998,0.2508916576573481
-0.16670015839697042,0.2579100094453796
-0.1762813765459216,0.2544393190923639
-0.16082212083894748,0.2592295384742401
-0.16768466839479187,0.2530461646521146
-0.17069707677135984,0.2530498124502563
-0.17259595455162968,0.25784206484630817
-0.17170507267435808,0.2640475873341702
-0.17757474527952433,0.2563282134392025
-0.1645536031863935,0.25937925890063845
-0.1663907862396153,0.24913531938861136
-0.16262689538147118,0.269365316034185
-0.16154624356974545,0.2569943674454146
-0.16478884512823566,0.26751252937835635
-0.17090444760756052,0.2708290636859645
-0.1734490655898777,0.263019753643891
-0.1701464939897876,0.2614787492429749
-0.16926337793808482,0.2580832818731894
-0.17180971134377612,0.25769411089311944
-0.1778433401211569,0.2528849363199828
-0.16692816385119547,0.2649217340923028
-0.17014613709565604,0.2522183796903739
-0.16843096396539775,0.2618055878290244
-0.16657741231716028,0.2537088838400751
-0.1749297827149653,0.26449783213656036
-0.16548979643778897,0.25583850279369563
-0.16730566886587062,0.2501403106923166
-0.17975280207342034,0.26676262921600624
-0.16574219214578342,0.26392976966395676
-0.17600387381550964,0.26222008436417926
-0.17038909436800306,0.2557485138460937
-0.16659344104059973,0.2578730996236769
-0.17317314784342916,0.2619043412977982
-0.1548716316994046,0.25757117843605304
-0.1724097696420678,0.2526569747779204
-0.16760616450470944,0.26027235592432724
-0.17088227800929012,0.24954220808883032
-0.17139292924571772,0.25787614739465164
-0.17137224283280536,0.25858631439413354
-0.17234336914054849,0.2557757801370432
-0.16952955678129913,0.25596878443713006
-0.1681086064181008,0.25677305317082144
-0.17111426876765784,0.26437280644314454
-0.16905106601988412,0.25463098270300755
-0.1729454637697291,0.24236048884062364
-0.1773518815294871,0.2533373718789313
-0.1683154552658192,0.24775246308571366
-0.17292382359624853,0.25816321530144565
-0.17245977949753868,0.2644190564024653
-0.17690962131126547,0.2580203014475814
-0.18010737251190526,0.2575297568607902
-0.17310320807615914,0.24660099391898865
-0.1615726806339333,0.2543548843053178
-0.16361799998771762,0.2584969244923707
-0.17147413758732677,0.25535688640469195
-0.16159061736144564,0.24745402347007367
-0.1774132761573734,0.2609606002268445
-0.18204141168604968,0.2476391995069105
-0.17306752724074806,0.25114614072919617
-0.1678138607998644,0.25353440578059383
-0.17318331501311368,0.2485284011783583
-0.17702718370546744,0.24706779732891815
-0.1702347829529665,0.2596688502511331
-0.1709425921595287,0.25972384411340355
-0.1708820068455007,0.252727242083489
-0.16788924030289024,0.2492223814798848
-0.17248619518752834,0.26411029093385524
-0.17820531793852862,0.2546895477958631
-0.17206418905948376,0.2548567824091
-0.17449964568116108,0.2562110231903623
-0.1717153799716214,0.25549698622310346
-0.17000832361813842,0.25508974819931096
-0.17638530056453902,0.25269751166193255
-0.1694360110450901,0.2593864840390865
-0.16401984060245037,0.262000649297476
-0.17633954983419045,0.24887294472028376
-0.1734430745948561,0.25360686003903815
-0.16778927533496193,0.2566680763327007
-0.16704405445369314,0.2592810851819963
-0.17501122628098756,0.2547093656863858
-0.17005002855231677,0.2442716904824184
-0.1890951411321473,0.2554328118161668
-0.177820047438246,0.24926006514232352
-0.17528920340453358,0.24629791262807735
-0.16508028891781595,0.2547920792513789
-0.17125956407719373,0.2539013373922221
-0.17095754407916042,0.26115976123243984
-0.1731169731684554,0.2627319814980789
-0.1689717675940124,0.2663598595702657
-0.17383722235176927,0.25720971767563716
-0.177656208948299,0.24988389975723108
-0.16824490080285665,0.258305398702483
-0.16754581364747817,0.26315402926102793
-0.1700438663232212,0.2612433855366184
-0.17388115310945995,0.2589187795025773
-0.16414724332603037,0.2546363737946028
-0.16966444344364903,0.24892530970171353
-0.17922109662668811,0.2545124544823467
-0.16988699005333502,0.25768296305004657
-0.16742260490181773,0.25901229588795005
-0.17825692621777262,0.25960344106154043
-0.17437978281694683,0.2531884803619374
-0.17042623079672445,0.25074035219770807
-0.1676058796840349,0.2644224103390446
-0.17592212867522428,0.2647988137942566
-0.17462020714093585,0.25791258419768703
-0.16635267798736292,0.25854328261100706
-0.1753583885367567,0.2533736915431244
-0.17587144187709966,0.2578064681779714
-0.167454059422256,0.2588878265929704
-0.16509486451708025,0.2616757864337297
-0.17293488517760458,0.25519593650516853
-0.16606673020784873,0.2599723009166172
-0.1712832455554409,0.2553746134829525
-0.18277845566608505,0.25137643998344134
-0.17148207379738922,0.25243075072276644
-0.17873374197160963,0.25929814401834594
-0.17456611573526576,0.25448272743882605
-0.17307841383253592,0.25821011866284377
-0.16533923474125578,0.25092513896286295
-0.1667701361604096,0.25259311887685454
-0.16825502724798727,0.2455643435929
-0.18173121372675471,0.25157458333228633
-0.174023421480535,0.25553540902009
-0.17786768292648367,0.25605807430402355
-0.15820907707552145,0.25032306660220127
-0.17174123836390737,0.24987094058450474
-0.1774539338837593,0.26390309748978197
-0.1699617624177436,0.254912743287114
-0.17612581880420594,0.25982713974300975
-0.17292864336353336,0.2568545476155637
-0.17181318271438253,0.25528742960713674
-0.16916439252049917,0.25109698246978923
-0.1821879216761257,0.25217569879312096
-0.17100532317159267,0.2540578114038274
-0.17403781846498698,0.2437161597043801
-0.17611812970537893,0.257968749863713
-0.17877771390966016,0.25250239079146014
-0.16084121780926613,0.24912702387456778
-0.17566753050825942,0.255309235748523
-0.18393875387574812,0.25606802359207115
-0.1751946910494305,0.2531498390391081
-0.17862699974949744,0.25915792240650193
-0.1760096844931149,0.2608407251372994
-0.16402347520147803,0.25249146959575514
-0.1819956067089451,0.2511382196834483
-0.158190444358963,0.2530758606017033
-0.1765590999388184,0.2611516661364789
-0.17605019178615286,0.2553841186205089
-0.17905352346225742,0.2581726710888155
-0.17317629225383596,0.2590614068248681
-0.173765354281117,0.2498215888186884
-0.1779326336518843,0.25657302162764944
-0.1777805800748448,0.25484745361000366
-0.16596686659247584,0.26041638658085003
-0.18032321174828975,0.25916796462265007
-0.16654108629640255,0.257458318604715
-0.1827241307981923,0.25381555914031356
-0.16567073628903223,0.26328576774750106
-0.17740297333920185,0.2571129651746068
-0.1733854052826362,0.2551347433859411
-0.16868123232315463,0.2518723969002071
-0.17350422637240312,0.24934937176812982
-0.17167092705949508,0.25213927179682183
-0.16807619090922227,0.25539281576202233
-0.16718508410495442,0.2587611748472848
-0.173278892116329,0.25869254703509215
-0.17624533675816692,0.2580862233418088
-0.17426444750200676,0.25084181452085114
-0.17440306235474579,0.2578552770079947
-0.17676286560222337,0.2549111635964045
-0.17176464788603973,0.25709009579246644
-0.1731204963678987,0.25578882935297365
-0.16712751842421758,0.262519684971394
-0.17321165211479223,0.2509241730859249
-0.18602660628637124,0.269981111246311
-0.1702274755446734,0.2522228696709166
-0.18024059461233644,0.24704481573723544
-0.17830296673941928,0.2526932700672356
-0.16103792754546203,0.25047057781146664
-0.1687702505011543,0.25518066935974215
-0.17480852954231055,0.2567270164131443
-0.17132619373855426,0.2484386746316935
-0.17416332639944682,0.25352114607987486
-0.1780014385240506,0.25582081837824006
-0.17089486624450992,0.2512302484953072
-0.170631491192702,0.2604702704829506
-0.17905241824818383,0.2598264541018267
-0.1723421432273908,0.2496715617695427
-0.178390659438287,0.2509994490682985
-0.1729934165998162,0.2531443358333417
-0.175190504180919,0.25875208788903603
-0.16534394297881833,0.269049551812155
-0.17850286330748205,0.2639061804708714
-0.17918446432174095,0.25504359555297507
-0.17892867378929572,0.256064580351914
-0.17881690124829608,0.24205896540912072
-0.1585187228322235,0.2576732818821076
-0.18133336430678762,0.26155628635450096
-0.17196306327412103,0.2515480017633909
-0.17301781183374426,0.24292765960164578
-0.1796944490834243,0.26481917832587437
-0.18285361769395397,0.25749598435683463
-0.17139642947276973,0.2596566561464332
-0.17658332761370818,0.2593835867970128
-0.16907163160716607,0.2559049199997595
-0.1771129762531788,0.2575699813907586
-0.17998089248419813,0.2583117317707957
-0.16797750257035599,0.24944113754013636
-0.17860700461036946,0.2612812634459656
-0.17443647490179587,0.2534395094383836
-0.16694874944244956,0.25282702226171505
-0.18648890727130837,0.2571274268378341
-0.17755670483604905,0.23979259486404214
-0.17876618757287355,0.252738420260997
-0.17526185839555905,0.248069844673971
-0.17965420937744,0.2530540000887282
-0.1696778544169272,0.2524450157803546
-0.17313479435470863,0.25806832489992304
-0.16883369742786042,0.26050655034029196
-0.17254103553956876,0.25779484796886803
-0.1864355456077453,0.2566818838026828
-0.1716969003820441,0.24749720317446483
-0.17946594481124334,0.25093570320200803
-0.16899973138500976,0.24703451493044415
-0.1789913742165932,0.2592122633244776
-0.17473417019447002,0.24821261989159188
-0.17608479434600285,0.250546505234347
-0.16772968131142388,0.24440200099146012
-0.17537382164535237,0.24904926529699603
-0.1703474865874982,0.26254589701672093
-0.17641130948203024,0.2550317621217089
-0.1767974445848735,0.25067511395114794
-0.1769329201194189,0.2493972137615749
-0.18433765578290975,0.24874284327257498
-0.17502366852616522,0.2425359749124428
-0.1789638783759958,0.24544201801339693
-0.1774924211688969,0.2504090559220736
-0.17333691237720822,0.2538178123935847
-0.17072912084498965,0.2571944073914673
-0.17256136095910884,0.2581550444550321
-0.1737724966463511,0.25798480692825426
-0.18528292036022892,0.2551347706991513
-0.17125884641714065,0.24899803052316596
-0.1789131611643769,0.2480326805650018
-0.18490330749552952,0.2458815969838868
-0.17144349894150981,0.2383931106246566
-0.17058923668486395,0.25297350966100424
-0.18100489117548751,0.24974459025768153
-0.18275959105520065,0.24778898796478133
-0.17813562905318175,0.2514502454008889
-0.1806276024172486,0.2482355981933683
-0.17051959835538216,0.25379947598755237
-0.17376873940290583,0.2505380256803008
-0.17557759952530325,0.25716189866005634
-0.1758280717939562,0.24743392082923393
-0.17600956055665337,0.25250508903703894
-0.17648766749490127,0.2584053261452298
-0.17055538714447738,0.26932932434774115
-0.17208850892527053,0.25696649284576434
-0.17420410774540412,0.26101478344651285
-0.17092860004131402,0.25406125680917097
-0.1777115011880342,0.25908453996794223
-0.18026333996936592,0.24790783958865997
-0.17915264986752763,0.2503990260221882
-0.17548737571938594,0.24912884694237292
-0.1918003644549493,0.25158733641479286
-0.17203901778825978,0.24606192524865445
-0.17792309215249275,0.2511213615940808
-0.17674715130552898,0.2587087068065997
-0.17608344235810672,0.25147590888971405
-0.1740412030304982,0.2542368504890067
-0.17540349722943085,0.2517758327148822
-0.17879977665434968,0.24182623135746467
-0.18224616282217537,0.250578547964309
-0.18510264664333184,0.24845255366035668
-0.18147484317760218,0.2444858357004878
-0.1671839190057833,0.2576176525831712
-0.18198362580266922,0.24369048152960793
-0.1811353516329036,0.24519403685040828
-0.1845487403848305,0.2451617161095278
-0.1779705240536982,0.25192253895935796
-0.17223938869389271,0.2533852711442265
-0.17690783121865672,0.2594575229942295
-0.1825570394133526,0.24878516950855856
-0.17138578612404928,0.24716736999109754
-0.18460664022190942,0.25215842791415916
-0.18043463384164501,0.2631310846085831
-0.1749406959710188,0.26364970230226614
-0.17727991840926152,0.25694298274511806
-0.1717415107528866,0.26227929361892427
-0.17521912697264508,0.25970787972488646
-0.17717048395804297,0.2525069378606203
-0.1874588900924834,0.2528423349269783
-0.1764836553266455,0.25044285944743694
-0.17391384233787405,0.2559256745659728
-0.17995901762800462,0.260689361340114
-0.18183230182385235,0.2490394355149981
-0.17036006353191066,0.2530674869372874
-0.18641873802054904,0.25133870920677837
-0.17569766219750532,0.25775522615351637
-0.18494162062429387,0.25013956514296365
-0.18192890708614737,0.2515859232626454
-0.17995543410708453,0.24517970356549104
-0.17495958830126035,0.2522181921938054
-0.18258313747220206,0.2515178501180161
-0.1789667506040425,0.2460462823365134
-0.17698451220959882,0.2595963223708329
-0.1798603927957991,0.2598720403876833
-0.17313906988801397,0.2628655080515238
-0.17054975234247827,0.266039599093547
-0.1803979496420798,0.2578739258398873
-0.1698370607526611,0.24740714364332758
-0.1784004688922864,0.2511221151380759
-0.1872349148425184,0.25055117287773276
-0.1772195354998001,0.24789273828935834
-0.17970498346529332,0.2391477653927112
-0.1847129304240265,0.24450815287729302
-0.1678137209250622,0.24864943930028885
-0.17938607979225435,0.2563726231093333
-0.18030350854105803,0.2623179252524153
-0.17941298258285082,0.24413539703052453
-0.18564773183972644,0.2572501462231675
-0.17655049796751823,0.2526246193453108
-0.18103768779775495,0.25017213178778547
-0.17138024358828938,0.2492477557729264
-0.1793965643051178,0.2520032706139774
-0.17621951818155926,0.2551814119551941
-0.1733115692298068,0.25348112023692343
-0.17623756389705592,0.2513666457125245
-0.17439587506464121,0.2614152156936727
-0.17590074099797529,0.25531830390351185
-0.18073514090573342,0.24979705041433548
-0.17011355689204327,0.2531263991378065
-0.19134493025436128,0.24803461689170547
-0.18224498451682156,0.2546684445943107
-0.1790877118748593,0.24587703314619194
-0.1750237585075158,0.24598268162048154
-0.18798113482115528,0.24745616027472003
-0.17343379603073883,0.24763085686359435
-0.17693557894586087,0.24723266248979955
-0.17571206801633002,0.2535883955456127
-0.17929621624159345,0.2535757776445951
-0.17175731711275874,0.2499861091606132
-0.18351804142483882,0.2485419750776567
-0.17645913022881451,0.24498953740070417
-0.1657566832082247,0.2492223981523748
-0.1869940567239381,0.2513353672637752
-0.1805171457892425,0.25128591464612976
-0.17524053601085418,0.2535919564541401
-0.18588764897618731,0.2489760340985689
-0.1822052522326979,0.2513288469188921
-0.17393941333023252,0.25102509564215997
-0.1750387060291783,0.2569567114924146
-0.17603904124622605,0.25237735499502395
-0.1763454961310555,0.24114018745732457
-0.17653964790776433,0.2653798229245002
-0.17959623450817724,0.25007627100454005
-0.17827969284554743,0.24386225035705034
-0.1748719123186071,0.2472073295248495
-0.18646011169088395,0.2471638330486085
-0.17966484637368144,0.2352533519755388
-0.18081245720517064,0.2468409674995835
-0.17919675218001482,0.24856685214353516
-0.18287319703049232,0.2535519366630453
-0.17932959008067678,0.2486462796545174
-0.17074189784544233,0.2513588148697448
-0.17821486476031306,0.2556852019912335
-0.17975353537041813,0.25387318968361816
-0.17473873959693131,0.2474791221006198
-0.1819773720148386,0.25482533557864523
-0.1763454350312721,0.2449221513339976
-0.1881928657855349,0.24588440071186674
-0.18484543732785813,0.23943652544696922
-0.17821039265181374,0.24234878821092898
-0.18700176054482007,0.24624031592261808
-0.1809377216340876,0.2395554251861667
-0.17919500894512072,0.24860974989727017
-0.1792350339987839,0.24636773295194095
-0.1811464147688177,0.24818020058008786
-0.1741909929080851,0.2479248971658979
-0.17466652478048322,0.2491647267339822
-0.18159543924817584,0.2518556626564203
-0.18425074263862823,0.2488268734699021
-0.18337457607540858,0.2442233634110317
-0.17963488713538528,0.24341471682609436
-0.18151291390116658,0.2529902967516483
-0.17793547119208417,0.23910617984657456
-0.1756235250730003,0.24186267756197696
-0.18242963847011912,0.2382734294387883
-0.18122837394760766,0.25031581506685086
-0.19080098870177184,0.24814035931821735
-0.1831227204194159,0.24495761539221547
-0.1765005369164493,0.24890629797084424
-0.1890490831693502,0.23637647844554852
-0.18400037949049391,0.23816639708259255
-0.18812589579283018,0.24997570082820741
-0.18442215344073018,0.2533166998828419
-0.17894692970311737,0.2380247163137303
-0.1802095149836322,0.23732416783563628
-0.18421491452350808,0.24794092247647875
-0.17779926988402567,0.24400649234355765
-0.18933127633937138,0.23957252659119885
-0.17903212708047606,0.2514493556944206
-0.18151756394215007,0.25081055138212005
-0.18474540523510546,0.24131634342039665
-0.1813350045986729,0.24948944286033536
-0.1827433169229661,0.24694766933894796
-0.17882231493676504,0.24585492061119837
-0.19077844202903424,0.24017234446239621
-0.18295616803572573,0.24978884664142678
-0.1769065924755166,0.244865577154895
-0.1893080614015424,0.23743624494890425
-0.18090209986462566,0.2498044034408291
-0.18327953310605222,0.24904144987070814
-0.18217330082867902,0.24510247305014057
-0.17549745511454512,0.24225884681247226
-0.1890104536683577,0.2489473950692788
-0.18446324855887283,0.24594053640763508
-0.1832607373633448,0.2476784690838346
-0.1771380240417213,0.24965132594670486
-0.18350531965182765,0.2453701043892337
-0.18772239462965884,0.25433409492454495
-0.17915154207399586,0.23964812954608117
-0.1805215411384604,0.24236743405328215
-0.18706963745392563,0.24060699545529105
-0.1855948081920857,0.25315751720652235
-0.18874389040672132,0.24842682254868753
-0.17222694539930752,0.24403857078696267
-0.18298159800684083,0.25014325126499787
-0.18192000177669823,0.24446526519150807
-0.1883423087480943,0.25099061395813255
-0.1797879142261965,0.24572973724328095
-0.17789414574479223,0.24234112447032954
-0.18606416119528896,0.2510079969790539
-0.17439337305945582,0.2482841839729966
-0.17533109459839757,0.2525307620111229
-0.17147676438128737,0.24874036205588856
-0.1756688753652076,0.25907635288983616
-0.18405506310229533,0.2516402779596199
-0.185465207692063,0.2487691537642463
-0.1820885226666577,0.24594843940583394
-0.1864540996555605,0.2431660212859641
-0.18194761812701415,0.2552491588518726
-0.17290134901450724,0.24735020230441138
-0.18306836628421386,0.25427871308931377
-0.17857920448784692,0.24601205278279437
-0.1806433838559956,0.25119445431700277
-0.18240038620833873,0.24876256284450857
-0.19109982777122772,0.2538128741303237
-0.18075544425151163,0.24244307167322393
-0.18326728003826376,0.24829995442338593
-0.18290867942867794,0.24464253829054036
-0.18416173807602382,0.24041721754893092
-0.17849083551380246,0.24670936038787694
-0.17292455409901955,0.2467516132828244
-0.17708202180910243,0.24820355491914806
-0.1861256556745827,0.24281815711798407
-0.17656599715460455,0.24660123279688298
-0.17557514172789515,0.24349420717245862
-0.18314273632442132,0.24243511687057884
-0.19076878009851528,0.24093704767147478
-0.1947885350660862,0.23715407171294164
-0.175640196294449,0.2349500634156681
-0.18470276967109084,0.2480885073982584
-0.18278286869909527,0.24485684534263122
-0.1854358661514966,0.2474491219139593
-0.18313367504774927,0.2489344562608542
-0.18767317827515462,0.24195634741819022
-0.18171667113385126,0.2449667820809631
-0.18061794317367946,0.23685094613132623
-0.17978124431866213,0.24371792012042487
-0.18175344046195785,0.25544854487122226
-0.17269192226373584,0.24847733365635646
-0.1867244684864091,0.24649271883882637
-0.18183606505155808,0.24921170411494883
-0.1856768631850116,0.24534449104278575
-0.18078195870209499,0.24163294999119045
-0.1848623309760764,0.23966880188861456
-0.17220558129403835,0.24331307690666187
-0.18448719679428788,0.2501668818740431
-0.18239737709009732,0.2538329342330759
-0.17274549966414737,0.24620440936221372
-0.1797476925876106,0.25079423548583857
-0.18469300783985837,0.2530349702817136
-0.1888257809037713,0.24556475570422362
-0.17818246347997044,0.24702152219138915
-0.18140769674004328,0.2525272008426967
-0.17668138636911007,0.24752092476209428
-0.1853697296038377,0.24830771540913843
-0.171173135320973,0.24776418291617106
-0.18314173393599117,0.2517831622787541
-0.1918671901083349,0.25381170232475414
-0.18710106943948537,0.24329647505850954
-0.17954366991985432,0.24490712162108227
-0.18339028508505065,0.24461378950720225
-0.18504792806131928,0.24763063522724632
-0.17109909693718067,0.2462419630718367
-0.18294483451231824,0.2493949087223934
-0.18332355351366805,0.2415284075856722
-0.17957950395135303,0.24209714370395305
-0.18083459267859292,0.2497238804693711
-0.18407854839291227,0.2389810268989056
-0.19094156148302738,0.25188276605913396
-0.19454401005664104,0.24722027689532872
-0.17560868929480333,0.23583765509788152
-0.1863599584953775,0.24205181810516108
-0.17919694754337018,0.2410334206453347
-0.17607495168797838,0.23833218236227727
-0.1751709747124657,0.259741255555713
-0.1850260667641691,0.25536386343290307
-0.17613918116526342,0.25925587115622795
-0.18332488476143338,0.2560669883952104
-0.18401680739606566,0.2531270463498617
-0.1792022623978272,0.2551039288876102
-0.18315754616439048,0.24285347886211353
-0.1797722738383132,0.24759411823682717
-0.19218085230535462,0.2496208551568792
-0.17107437452693872,0.24890585387280453
-0.1893122475088831,0.24267811036396325
-0.18409991176923948,0.24650792920874706
-0.17757973473816346,0.24761940526924833
-0.1820380717426098,0.25073781154489866
-0.19296078447820078,0.25728099946907235
-0.18430552572023365,0.24975963084450187
-0.18487141450998607,0.23932876220588237
-0.18584082013091585,0.2439367822541181
-0.1736769362828369,0.25479726959730314
-0.18052112795679057,0.24079610516067002
-0.1852737315540968,0.24391140594301722
-0.18168655419034108,0.24984987475697715
-0.18790134545207543,0.24607312181657498
-0.17738983633303432,0.24793259716244348
-0.18724117570471943,0.2552319453726742
-0.17841999332214897,0.24486047020840748
-0.17649444432674022,0.24762227699039527
-0.18234993759292664,0.25020560298483774
-0.18579221610227187,0.24620035761324033
-0.17822635893431138,0.2487381154664572
-0.18400450969987722,0.24919508992049486
-0.16988283102896012,0.2530573854459096
-0.18154474940858373,0.25037160431566635
-0.17866350908908052,0.24522198522736693
-0.18360988540339024,0.2539996910703448
-0.17834419711832009,0.24498087761719112
-0.1755728957574334,0.2568770402092623
-0.17457884104816768,0.24506084838712797
-0.19053076927985851,0.2380666846111759
-0.1826885435724225,0.24967006676631945
-0.1851114128330012,0.25000833956410135
-0.17766427267778387,0.24897007203034474
-0.1778495933154101,0.24276102696008187
-0.1846839414784162,0.24944370608757238
-0.17743804826639142,0.2418300864848768
-0.17993025646442726,0.25262686805574663
-0.1808797888729584,0.24178496221505563
-0.18462727441752438,0.24804679368634847
-0.17462879229337844,0.2467339109610195
-0.1908035161264828,0.25282349744581784
-0.19020394610223224,0.24505009662248578
-0.18408679586658908,0.25165229787408055
-0.18368564906878984,0.25527330654019975
-0.18401943848271235,0.2491165356972415
-0.17580912516357505,0.24693942245583797
-0.1799316891601492,0.2498982870606127
-0.18512216853704822,0.25184496474511614
-0.17500305453199022,0.24954032635689477
-0.17833708808432527,0.2606138909124057
-0.17750337076233427,0.24464027661156829
-0.19006500646929952,0.2608483386202502
-0.1867822685641986,0.2535971011854584
-0.1745365853698597,0.24890671173046705
-0.1844723645358405,0.24575263546008547
-0.17231094778969192,0.24849607782516042
-0.18029174095499081,0.25222208446650657
-0.18828828689930535,0.2486925104267003
-0.177427404871504,0.24382977900167643
-0.1837743520290608,0.25608704440664376
-0.1829357428569793,0.24561437713364345
-0.19053098585389933,0.24573286095927205
-0.18341191258692738,0.24136575265731267
-0.18541696299353227,0.2524695974445725
-0.17611537383352183,0.25111149468128513
-0.18271746388511792,0.247457614109126
-0.18142755336564945,0.2447925593994411
-0.18785412114089456,0.2411423318005064
-0.18032964017016176,0.24620031071441908
-0.18956123324042956,0.2430101526838611
-0.17806034392416129,0.2469458934899262
-0.18745438639963807,0.2532259047730954
-0.18863400967046762,0.24395052401321146
-0.18447468577305454,0.24303294503095785
-0.18392275875933992,0.24213686952526903
-0.17774083933786278,0.2485332937897218
-0.1795212230445387,0.2492085108455659
-0.17559795149211274,0.2399703491168631
-0.18303541187082237,0.24720341157071812
-0.17959072425133926,0.25510667320968833
-0.1851138675504433,0.2458468645661963
-0.1831327468937477,0.24149309173408884
-0.17995595880591764,0.2456532178687925
-0.18204642154863612,0.2473376693784877
-0.178418099781672,0.23881014513830442
-0.19229523318020159,0.23703848358615165
-0.17602262698993582,0.25188272738501066
-0.18621674478858924,0.2527299829757587
-0.1872234149883341,0.25653117149174776
-0.17338693460624888,0.24935521060051843
-0.17549681941266843,0.24571082452530285
-0.18748339183529952,0.24577789551259263
-0.1906330049082731,0.25287389243270614
-0.18196292757159138,0.23922544773937246
-0.18301724287816545,0.24815448624957082
-0.1845900410787455,0.243746351936109
-0.17331577671561516,0.2517966193448122
-0.17991865479079527,0.24810108462578812
-0.1818450527217686,0.23594311935163842
-0.1820718282679398,0.24478566771958837
-0.18582979346851872,0.24051996829534814
-0.1842832752785268,0.24565803977467776
-0.17571704741935568,0.24774477712554477
-0.18218179879444912,0.24902869547279877
-0.17747900403336184,0.2533432441273652
-0.18467724157001486,0.2482974947841244
-0.18898367255574638,0.25258262583749225
-0.18544738210368522,0.24056532439727407
-0.1822576245515604,0.2423831356653976
-0.18801663356410867,0.24408290915108277
-0.18776994442254516,0.23615429635643986
-0.18598022729136132,0.2418607804600921
-0.1833846387232265,0.23830057097893792
-0.1766695382602408,0.24759193543691732
-0.18539893851590328,0.2508395313796873
-0.17805245463090139,0.2446779927214704
-0.17878846063152162,0.25497964628969044
-0.18864465380586126,0.2503446541885894
-0.18423912836594883,0.2532611969996128
-0.1787773250793389,0.2431803647017071
-0.18675525228534898,0.24954850146163188
-0.18854870407841218,0.2404405322421878
-0.19067003941467825,0.23439784485936044
-0.1845304022703919,0.23309058703129326
-0.18834195778965532,0.23726349637516903
-0.188686360815196,0.24872786555625684
-0.18060492180759635,0.23562186485687872
-0.186631315342868,0.2429706818144512
-0.18858302121780524,0.2469364198345037
-0.18077269954191127,0.25161907526113786
-0.18763538962716955,0.24221271094702365
-0.18087630511130387,0.2502608392518524
-0.1760132591170929,0.2442189625162129
-0.18345682696008772,0.24975913686264023
-0.18353414710865693,0.24368674183288194
-0.18558344790275055,0.2461936183163227
-0.19664915061819732,0.24453275552257403
-0.18689273621524302,0.23642709135619844
-0.18633695857558508,0.23074243605127548
-0.18621723716296504,0.2392862258095038
-0.18397190655648446,0.24452050612521006
-0.18541871833926338,0.24354715681624275
-0.18687186787829624,0.252622716848631
-0.17564805479356488,0.23807781056301927
-0.18010629464078615,0.24286345701462392
-0.17970744911094821,0.24408789356450483
-0.1800555398563222,0.24592724253619508
-0.1816696328085379,0.2481271585235085
-0.18110360634275136,0.24655947135638845
-0.18334008671813964,0.24974187259820949
-0.18699486540326965,0.24642050034732882
-0.19280193408487759,0.23301177242394377
-0.18120403501605423,0.23456725916361984
-0.19126433571342,0.24834728627275218
-0.19366988381545083,0.23663367159084986
-0.1880946418913777,0.24280532460668744
-0.17996490327218986,0.24269869048647144
-0.18698749842938855,0.247833354508637
-0.1826908846126644,0.24538244233207399
-0.19230725052527242,0.24068575374455908
-0.1847253154755478,0.24295223576795483
-0.18409258282338667,0.24836569104032793
-0.18704277616164933,0.23742857474766899
-0.17597629266990747,0.25436737376878504
-0.18632725025888444,0.24210996914077884
-0.18032203766034824,0.24658175600388665
-0.18124068997352097,0.24712518399998062
-0.176231143586024,0.2488206063172899
-0.18916140241244084,0.2512945956501686
-0.19162119883748305,0.24378533240003739
-0.17090393325945907,0.24865469683144384
-0.18612581768593378,0.24684854844365298
-0.18657225322148865,0.24431186819867842
-0.18861437685872523,0.2436689995979797
-0.18374642136073516,0.24206455760215687
-0.1813608437927286,0.25020579882335436
-0.1764864546833212,0.24565978903075883
-0.19201693818547313,0.24842703183137382
-0.18571553895227022,0.23603391099268603
-0.17307938324795372,0.23920493141505061
-0.18079355012155912,0.2392808655209728
-0.180801723272801,0.2523702634970352
-0.1881870358948645,0.24690586707308954
-0.18694032155104018,0.23494576043453863
-0.1956767154408966,0.23651083305545126
-0.18426938605885002,0.24282392173594924
-0.18245223359475884,0.24864156275830826
-0.19336858750609415,0.24479700298456938
-0.180967926290214,0.2355950788260363
-0.18320161759446363,0.24528818599178817
-0.18062185648761567,0.24378342251181412
-0.19382090719932402,0.24726126725864855
-0.18240429012872256,0.2456284562630299
-0.18905470082147247,0.23776449188661325
-0.18137168736972153,0.24486527826075294
-0.19075725142158723,0.2408065266633345
-0.18694967058729142,0.24164802461777937
-0.17733727394053225,0.24268624262483537
-0.1782249394563495,0.2445869716511031
-0.17950543258217885,0.24674131428872662
-0.18573914758558724,0.23558830836945086
-0.18668652882553832,0.243048002651014
-0.18903136973146822,0.2393999207528282
-0.17766196164164152,0.24662928556216843
-0.18615356912379655,0.24756832169539525
-0.18311947093268546,0.2459775008462017
-0.1890272239812202,0.2435176442329065
-0.1819884834363965,0.24194185429587342
-0.178865178008722,0.2405942688572694
-0.19493932757199414,0.23955399270262936
-0.18435102600877967,0.24278366439580565
-0.18729617244562385,0.23974154173311238
-0.18237113229460844,0.24340025261402887
-0.1752023618401748,0.24512171147771275
-0.1934078746927947,0.24105212425391798
-0.17996723400933784,0.23871009069769386
-0.18348301283994742,0.2479727554799341
-0.18818599701585445,0.2406313271212771
-0.18578593452104808,0.23557273293977998
-0.1916771080013255,0.2442020307023417
-0.19292500668609525,0.22760164656798815
-0.19092929836693692,0.2374580663040342
-0.18686539715315714,0.23479540260629658
-0.18537056180126865,0.24317003469089
-0.19107332377548397,0.2341011587683573
-0.1963726779116309,0.23726797000999547
-0.1794777072711891,0.24180015523474416
-0.19051427639502505,0.23578409520917334
-0.18428006054623977,0.24278298498934053
-0.1904603171029348,0.23892752981565468
-0.18969360080677458,0.23638519591994334
-0.17910844081030255,0.23292266133799072
-0.19193833725727547,0.23906013974783882
-0.19076342237740224,0.24197845981761576
-0.18168779425416912,0.23934310604792308
-0.19022070100425867,0.2443476875676374
-0.1878561867127665,0.2429271700575713
-0.1872903354486061,0.23833651423536448
-0.1850995261167776,0.23571810707979268
-0.1846390573006878,0.24807358736044172
-0.17273114947765203,0.24590940710209316
-0.19616199044376584,0.244540021179064
-0.1835396470499109,0.23698159611337116
-0.1938599842002293,0.23841915068591432
-0.192066068512883,0.23942018749749636
-0.17936978672437653,0.24395726967813958
-0.19446655457942755,0.22989833596859585
-0.19229492999280529,0.2425820450881436
-0.18365710313869607,0.2298009326510877
-0.18643381567137016,0.23777852579490988
-0.1832665944218066,0.24582318630034958
-0.18414799921040256,0.23633786831946493
-0.18964536485885333,0.23848677397969448
-0.18009568883665833,0.24428958007603752
-0.17932995821291525,0.23909905902931938
-0.1852442107085621,0.24210077516670575
-0.18353803378445868,0.23758622619163847
-0.1862866921940455,0.2502151791819886
-0.1930252976757809,0.24232124872728267
-0.18026760263717914,0.23640662924383213
-0.18431515080416366,0.2387087815821903
-0.1859117742611426,0.23508100460657178
-0.18906159691939317,0.2448010896488655
-0.18809087631102578,0.24380301159126203
-0.18187909336177227,0.23848399886240876
-0.18560031289493664,0.24453137158085603
-0.18218733117346583,0.24418197687412374
-0.19095182708465328,0.24816996350020276
-0.18404048784798052,0.24461728461549778
-0.19336717596332256,0.24588798210819773
-0.19180964195331263,0.23859345354858066
-0.18744181742697535,0.24604294268454832
-0.18589757429485998,0.2405591282241713
-0.19033355303660515,0.23336725313065732
-0.1796838497687651,0.2426621538215319
-0.1845455607309132,0.23649784943168653
-0.1837194614086656,0.24345828711772768
-0.18496228497580694,0.24425680561970428
-0.19071780897849241,0.24241390990949005
-0.18063086104708437,0.24648539904580352
-0.18393484155564824,0.24139680765382068
-0.18303207873454405,0.2511972620880036
-0.1876336467289104,0.25222024673263704
-0.18495535764775228,0.24164446839010542
-0.18103910671620732,0.23286640061713965
-0.18018743183464583,0.24870983770297028
-0.1873780754581224,0.24669947307152765
-0.18535108636647443,0.24894131954877965
-0.18099219919375364,0.24580643921160447
-0.18422835979943403,0.23821103945559766
-0.1834666370147711,0.2525591817675663
-0.19223765491866687,0.25838037989135015
-0.18568543403220483,0.2414690041776721
-0.17808590417489797,0.2483779166412932
-0.1774957600881407,0.2458982842477608
-0.1880707814729395,0.24768926567949473
-0.1933066098098008,0.24863900153350377
-0.1839350139910521,0.24601098728749732
-0.1821450647804567,0.24673404382101746
-0.18838535555688912,0.24990003160817545
-0.18876194642474348,0.23910221579634067
-0.1862098421255421,0.2492363106482328
-0.1828807779503769,0.23387672980032753
-0.18058300684264691,0.2403094454479153
-0.19405165513986714,0.24955212580652145
-0.18762472271907515,0.23864255530429204
-0.1869105655426831,0.24914417541409162
-0.18392270917227901,0.24586674098232586
-0.17784790746564283,0.24352321290916348
-0.18826568784808723,0.24897257636526188
-0.18446747055901752,0.24943783835312489
-0.18824559215448342,0.24116134828614566
-0.1892645836615424,0.2419393318166512
-0.1845192538591969,0.24102499098696456
-0.18742453227809588,0.23412914799215714
-0.1875200152207411,0.24663763192661575
-0.17470387270502802,0.24585648730252777
-0.17856262492374322,0.24436972257003814
-0.19544807585950072,0.24716403669597076
-0.18291499824088886,0.24215446651439
-0.1915769859348541,0.24281094595090355
-0.19112390289875641,0.23727048558942557
-0.19120210063312035,0.23801515298526718
-0.19010307793781742,0.2462542225752935
-0.18716566945911295,0.23901721158399208
-0.18922705958683578,0.24013095506769694
-0.18264734040714337,0.2450185446429729
-0.19207156119473132,0.24199032202136403
-0.18546843416000774,0.2426346490274229
-0.19087418954886845,0.2408978944908269
-0.18071958254476722,0.23697489578766406
-0.18128767531193293,0.23865174198307093
-0.18343625216492374,0.24776437512598876
-0.18995593624799034,0.2476837104523564
-0.17890398802657614,0.25133247916268464
-0.18499001485356154,0.24523393914508737
-0.18026923483080884,0.2454446139146113
-0.17779679596299938,0.2405431124699348
-0.1924230992011348,0.23663125154642967
-0.19429632986982298,0.23446190309343037
-0.19136757196225584,0.24288921765079097
-0.17886973514444068,0.24935590922818202
-0.18882672180633697,0.24038937199997096
-0.1830792736049369,0.2501688568823722
-0.18861110861288055,0.24434161182089634
-0.1772273810464132,0.2444065079077396
-0.18737473653433648,0.2388080478336525
-0.1946960994792482,0.24756785068134274
-0.18091672803327877,0.24179241268973767
-0.19334206668120707,0.24537605569479537
-0.19484510363120972,0.2488738815092529
-0.1789229082899984,0.24054774626521677
-0.17885556179366446,0.2462014492494939
-0.18509021662343644,0.24273762539762123
-0.19341795475803816,0.24354937925299566
-0.17968488151083548,0.24029844121297803
-0.19394721745101437,0.2425829396895744
-0.17942944265068664,0.2349673544791364
-0.1809905936376984,0.24616521008044237
-0.18635959391389575,0.2534389718957646
-0.19014414845517505,0.24766374603762212
-0.18093461172293665,0.2368007180607946
-0.18675936489913958,0.24201322052189625
-0.18591641689461516,0.24626717170517037
-0.18519722725201535,0.23872613789618974
-0.1835819304338438,0.24695014064855914
-0.1907123545118883,0.2381974160196183
-0.18408142327631766,0.2360906196577364
-0.19540933215727513,0.23778067250145798
-0.19255331043274238,0.24420578504132412
-0.19074907851194758,0.2289075735829663
-0.18942828995485023,0.23909812272994177
-0.17984139297220575,0.23907176205435804
-0.1911863074412994,0.24086194288017654
-0.19212626159169102,0.23257442513992302
-0.18082156327915047,0.24016753418087133
-0.1972052586081364,0.2483639318907804
-0.19193620960901536,0.24300261196513384
-0.1846450421851748,0.24773442662773232
-0.18137681015334794,0.24298363838149736
-0.1783280660418672,0.24597856452863692
-0.18263209713950196,0.2299489175395507
-0.19460894920330735,0.24520371071213032
-0.18501690935107698,0.24630966642648025
-0.1926721305440395,0.23796566139036013
-0.18793716338138478,0.23698535313457547
-0.18283141785625437,0.2436644351155447
-0.1903403000760724,0.23196951131752355
-0.18679614675191625,0.23991374122112674
-0.18910288628905322,0.25589019656937917
-0.18849837816216314,0.24662494940843352
-0.19365080095470655,0.2351307869880007
-0.1764929417625189,0.23362567624519973
-0.18633665298674404,0.2311464473939103
-0.18351181157425642,0.24048688593498077
-0.19651850104561808,0.23949026616928487
-0.17847583612750736,0.2379337406705724
-0.19199149931175272,0.24698873563009027
-0.18183000449377765,0.23494899705793676
-0.18909411274785717,0.23752699786641487
-0.19313659379067571,0.23801391533989502
-0.18818906141875322,0.23506000972003413
-0.18294529029461737,0.24095709533495516
-0.19757095297185784,0.2383670587614426
-0.19035279461976273,0.24057955607310497
-0.1874260497649179,0.23517057169014127
-0.18321724745777207,0.23939512252827597
-0.18737047224549203,0.23626271400348506
-0.18633633283492546,0.2415950489657468
-0.18016031812881664,0.24301849872334774
-0.1938899083771962,0.2491533998514785
-0.1890991221621026,0.24023762602572574
-0.1844292825351567,0.2311761970344773
-0.19342973259681862,0.23423383926826188
-0.19397360628871962,0.24557232247270191
-0.18137635588695622,0.23253486388353223
-0.18225053129208782,0.2473568780994701
-0.18125246843132342,0.24335633501273535
-0.1920163633583815,0.23285078011869978
-0.18769832871341394,0.23951085109621056
-0.19408212174495454,0.23557213307862876
-0.18897302937288019,0.242147744074881
-0.1930159278630602,0.2336154692812677
-0.18145883064115134,0.24055146685660853
-0.18164990632510292,0.2378780843951733
-0.17957432181419453,0.24493733976425278
-0.19091134373245194,0.23462846494081785
-0.18130940086825437,0.2410407689919497
-0.190644579520992,0.2407619841518081
-0.1823689824868195,0.24216985949282538
-0.19448648091659626,0.24307423044092735
-0.18197327536290525,0.24078031862435206
-0.1891834398261119,0.25250725962441584
-0.19210106630726262,0.24530483733556455
-0.18984850667465875,0.2423628225177587
-0.19462161396450192,0.2324320458557792
-0.18604143816059873,0.24012033438182595
-0.18677867989068117,0.23464135834018218
-0.18656066825627837,0.23992755974196295
-0.18647569145228687,0.24179225008078625
-0.18670002949203116,0.2469558344030252
-0.18451209863173004,0.2475645522332642
-0.18648819776511405,0.2397502162782834
-0.18829685952832545,0.2393242706341894
-0.19042412418363233,0.24743778333791852
-0.18791273325631558,0.23648109281254845
-0.19212425944319172,0.22969955266390704
-0.19087886131002338,0.23130302533759317
-0.18565351623804127,0.24298504141977362
-0.19505875216502577,0.23912650258995494
-0.19004442623089177,0.23847179296839627
-0.18683686036923508,0.23945890333166805
-0.18755432839457026,0.24443175117218557
-0.19254342664989885,0.2349109990901335
-0.18469960632564894,0.238127951060347
-0.18527471149720282,0.2389082032328626
-0.18671449953241673,0.24467006255970422
-0.19647392525616236,0.24875609716785646
-0.1802268067806526,0.23369997705945242
-0.1894478971256841,0.2410726584435036
-0.19622014394352633,0.2342976622754243
-0.18949301397667295,0.23228002644987525
-0.17626783419628636,0.23991862474805215
-0.19307490805211064,0.245153935292694
-0.1948148637622679,0.24864280270020567
-0.18994801693960447,0.24377647470037786
-0.18135623624272104,0.23677923106876625
-0.18840731149936293,0.23696025312479946
-0.18408608582653851,0.2356934034118543
-0.19498734533453355,0.23575809227639297
-0.18146907152881778,0.23807840246413764
-0.19433869224038536,0.23789954152076184
-0.19841833889571386,0.22978457974822974
-0.19133238302789676,0.23841535895774582
-0.182764037277538,0.230941163228317
-0.19255500651188012,0.22831347538813582
-0.18840865962918135,0.234683913461294
-0.18204489400829862,0.24210288343931213
-0.1846909562325518,0.2375198352822416
-0.18411197464985457,0.23704441990915837
-0.1885343080088951,0.24668782476408543
-0.18721744166584503,0.23565463456151284
-0.19470948583170586,0.24039043770610172
-0.1977211822101736,0.2237279378786598
-0.19073990085938652,0.23989787521055192
-0.19732801196455288,0.22624288197905063
-0.18800988957452933,0.2400259417313717
-0.19183358585095509,0.2450300158197684
-0.18788731457821892,0.24353230448990526
-0.183704184512138,0.2446639561945585
-0.18832573773114022,0.24380249874771295
-0.1975512004060201,0.2389285702259732
-0.1808219085059912,0.22690192366444725
-0.18724135726333196,0.2372856827870384
-0.1880785872204863,0.23890647683470537
-0.18591422913304131,0.24068907959038194
-0.1841606598429855,0.2430786590464922
-0.18862910227046828,0.24488778252311463
-0.18613769631259286,0.24808117800369658
-0.18875816987543984,0.24951660598337766
-0.1858438074251691,0.23972491552384181
-0.1887295535223959,0.24131861453112505
-0.1795994825087164,0.2365034836057259
-0.19609875968527657,0.23631616247050546
-0.18622106709302133,0.23386898851489946
-0.18339020262645286,0.23719383609029002
-0.18771367821971535,0.23873745283483774
-0.18934127597099568,0.2452007310055524
-0.19826477814460736,0.2338694564779243
-0.18540104396006454,0.2444078152163936
-0.18700280035501912,0.24090428672578762
-0.1870147464801591,0.23775590793930543
-0.179818699106592,0.23633056735254898
-0.19171394200207478,0.24779513262115613
-0.18584408367775404,0.24438314426935565
-0.18612660761487573,0.23810376426517382
-0.18850277035659668,0.24194555017555996
-0.19418167991986252,0.24126028340168806
-0.18339641384322075,0.24514804849323416
-0.18518623069798845,0.24678571018099188
-0.18798706356622216,0.24660966792533046
-0.18364043561283988,0.2413381646894605
-0.19409358123373455,0.24417143952423648
-0.18008269457283535,0.2385322491306908
-0.18714612866313407,0.24550099858945093
-0.19251264542579133,0.24604769913058408
-0.18929413091667407,0.24070917411460732
-0.1875512858320617,0.24745810120558243
-0.1916630589630063,0.2368643843528714
-0.19267940863484342,0.23170626418944015
-0.18613566719580005,0.23610690083038408
-0.1870077954449301,0.23990044183504708
-0.1902538101304739,0.24205777546935575
-0.18925019160757064,0.23528648011433814
-0.19452230480012994,0.23795717285968304
-0.18893175509740387,0.24121347806258664
-0.1850681121936247,0.24070310090673758
-0.18953469340576018,0.24021843136397886
-0.18791148208819664,0.2430405178752699
-0.1882539343676883,0.2410693855612809
-0.20083748833256887,0.24850114437295925
-0.18569917610635672,0.23533340054075483
-0.18610955955451253,0.2459567906474906
-0.19622498800990942,0.2512858842356284
-0.18479805361971355,0.2438023151363107
-0.18276956181491258,0.24009330733441234
-0.1836975528141018,0.23871267216740985
-0.1876413871340887,0.24038705041397893
-0.19033930467834506,0.2439485452640697
-0.18987825480718648,0.24174930157528113
-0.1939248785700159,0.24762637419379843
-0.18156763215339367,0.2464916538814115
-0.18381676638778513,0.23840961340493788
-0.19024663508486145,0.23479545936454246
-0.1897750685574518,0.23213968849604127
-0.19393231212082898,0.23499020091422354
-0.18758244690418444,0.23755634389821015
-0.1882800816985265,0.23797994126355992
-0.19479909915176066,0.23366408477669454
-0.19239469325688205,0.24862407808656842
-0.18819764545292494,0.23364629365735923
-0.18877520700154546,0.2416294061846479
-0.19520027937928033,0.2344823264429734
-0.18678744393266333,0.24464503776257038
-0.1913984144963774,0.2350481313922001
-0.1839680608594843,0.2402615366545598
-0.1868264648274825,0.23174982683731096
-0.18684026942900492,0.23108367371662353
-0.18759433126648797,0.24564768437472778
-0.1903598573894919,0.23127857345198952
-0.19377843774664116,0.23822401436147753
-0.18930588474546856,0.24502800098842734
-0.19081850930326294,0.23991611611692998
-0.19235028220685313,0.24112223992446544
-0.19386764820450758,0.23957526524136685
-0.18667619671310273,0.23339519948128598
-0.18911382743286856,0.2393317342167651
-0.1888990384091518,0.2356285449291203
-0.19074340272066062,0.2409385309736394
-0.19857549985596176,0.24072662608853942
-0.1925932714246818,0.22916547357027178
-0.18664956906521618,0.2331280804070354
-0.18912137744418875,0.23797714586723986
-0.1859029266492677,0.23946701975535653
-0.19332067429295716,0.2362067775171679
-0.1872964828462247,0.23843071610790426
-0.18650939938012057,0.2518695576054238
-0.19235045317997204,0.24172633922491957
-0.18727346059760663,0.23801952537348475
-0.19372745682872272,0.24242049218951792
-0.18650980638054876,0.23378500736916616
-0.1913646144742632,0.2394186940611265
-0.1873153658128814,0.24250037692042883
-0.18850426157907405,0.24466816748041276
-0.18352595096904092,0.24621160450270427
-0.19985539762767315,0.24299230825012075
-0.1830951194857029,0.24853557937878476
-0.18699203902069955,0.24749079412274017
-0.18576099659146267,0.23556799307200538
-0.1973673602596357,0.23464346242361134
-0.18863456477203114,0.24173992485907572
-0.18012865238171794,0.24073199856744795
-0.20396719476089958,0.23405832322689235
-0.18041204524163534,0.2254739088908121
-0.1920696519565128,0.23128255843037993
-0.19213746773105908,0.2424597741831963
-0.19149479054011512,0.2304323140202785
-0.18781389838468873,0.2387432721045928
-0.18943769203780686,0.24297526818863757
-0.18694601529734242,0.23533475626969433
-0.1921931060290206,0.2385393102753479
-0.1947579519502552,0.2351577618270967
-0.19516012560388823,0.23793075364591187
-0.18503813572274308,0.23090801337702382
-0.19487686705347565,0.23784612510262104
-0.1905784675062795,0.23416453815741822
-0.1860762055167328,0.23140881470997907
-0.19221348367628657,0.23600290390818515
-0.1827365780327599,0.23951179514528756
-0.19737325385439825,0.238061271064961
-0.18871882604277396,0.23172747054090062
-0.18973576450848678,0.23516859605890775
-0.18880891270439398,0.2415661161828465
-0.1982531368501394,0.2361093201587946
-0.18647157955474175,0.24070620932661707
-0.18403966784910752,0.24234538012311546
-0.1878166830571632,0.24072383260771948
-0.1855812050723614,0.24115930371686892
-0.2026779876204793,0.23653021364772003
-0.19340531836291389,0.22899053656512663
-0.18141238082517233,0.2396335510380856
-0.20329954796909003,0.24510320185353732
-0.19678628149328298,0.23385164443294132
-0.1938509322008257,0.2309970520328122
-0.1932043279698789,0.24146816536139162
-0.19056893319273016,0.2353716936692289
-0.1868718182323487,0.2352916993142775
-0.1966220962827149,0.23716342178765393
-0.18909027879490112,0.23351769306217285
-0.19011091891708493,0.23905372613649487
-0.19236552397620899,0.24027501717545888
-0.1886076940962384,0.233319363239437
-0.19075956737239197,0.2383610353106297
-0.1857401842153099,0.2380366426649934
-0.19405540817511777,0.23756251384648389
-0.17306615866721126,0.24161193952154117
-0.19032159127834172,0.2456585972350886
-0.1995044505011623,0.24219504309117584
-0.19120415397845994,0.24273261678977098
-0.18292858950906943,0.23853501896660814
-0.19241726653668495,0.24293277383005044
-0.18714983568888516,0.23766450749725185
-0.19625362274880426,0.23411755436547876
-0.1859369135393341,0.24169307525806488
-0.20045903482484942,0.2415930497146545
-0.19069772556865772,0.2433548563452645
-0.19371874948607534,0.23604321000680475
-0.19235889965124142,0.23096520230852807
-0.18834316374169754,0.23730623844217918
-0.19095675164315068,0.23520696283153839
-0.1778712349887464,0.2340920638058784
-0.18644181875874788,0.23511017027469303
-0.1934436880008423,0.2368775293703039
-0.19359577567794642,0.23911682020592664
-0.19479750302415852,0.2446072292062984
-0.19629192367127093,0.23647604458915156
-0.18323216104364107,0.2285705639081153
-0.19656812644743182,0.22926001996636974
-0.18713189028778737,0.24048032288148208
-0.19465568357507274,0.2361183446851129
-0.186089655833224,0.2360038582805516
-0.20344617672701437,0.23655300528495685
-0.18565946976729247,0.23591937256214307
-0.18815167279407438,0.2351104750897361
-0.18983278677060425,0.24100360520096806
-0.18100173624523824,0.23566742437706747
-0.18420217984082507,0.23324663269260854
-0.19613624283168787,0.2357129493003398
-0.19907550060612855,0.23209790299233335
-0.18940594032696587,0.24251554841057943
-0.19019587158129816,0.24343513780784912
-0.18936741399195328,0.23121845712112551
-0.19513080289066642,0.2349099353657269
-0.19346015625316942,0.232651788640008
-0.18357792278561083,0.23851232260224212
-0.19600451836910582,0.23672999346670853
-0.19642270541945225,0.23716983437732744
-0.1845549792772654,0.2341475289997789
-0.19416311240281478,0.23654264505431932
-0.1989443855261802,0.23137734888633216
-0.19951443070172212,0.23855927249006817
-0.18860107194418946,0.23098002602012815
-0.18359505487420005,0.23356969735103641
-0.1873914194591032,0.23353672068771167
-0.19544944787056506,0.2425238700972817
-0.18814830852930067,0.23206128203622187
-0.18295047617550797,0.23545212681647912
-0.19115140792747176,0.24208156144597884
-0.1971347274789092,0.2406218607865688
-0.18999694679806461,0.24837123291780433
-0.18695261985718603,0.2411505483563834
-0.19656406396455636,0.23106950509421564
-0.19243494641360118,0.23439794620384768
-0.18700860731964866,0.23034734553684724
-0.19126281538469697,0.23000160009349677
-0.19303913783320686,0.23589452618743958
-0.1961014839871863,0.23905451742568298
-0.19637212425903527,0.23348589023121769
-0.19297908461762364,0.2361502307887521
-0.1932719764385171,0.22943286603530585
-0.18854028721592414,0.227355970438482
-0.19540515252483154,0.2344822065729331
-0.1901067158242044,0.23181409163104716
-0.18995044253613486,0.2406633317642204
-0.19263531990792276,0.23083196459559452
-0.19356911757337564,0.23243726549392454
-0.19596961077495287,0.23309190610725697
-0.19309596340252277,0.23641990942014013
-0.1946729551717047,0.23102202104701472
-0.1950849159261576,0.2383812659950242
-0.18845161821882717,0.23265043762730903
-0.1947582569440165,0.23407592503781013
-0.2005653564612052,0.23085397689808032
-0.19171282334219572,0.233945658782992
-0.19496558753114154,0.23893280184259627
-0.19636864548017566,0.23693961466947194
-0.18376122098231337,0.23344501812188212
-0.1912209712797863,0.2372656709142647
-0.187555865464197,0.2374341378220582
-0.18668015759385562,0.23571156562537204
-0.20335198958192208,0.23394498414579176
-0.19705773266997473,0.2364942940527869
-0.18825792068996888,0.2322617768555928
-0.1962596187507614,0.23048587106263485
-0.19090695065164268,0.2383154558941645
-0.19518057774101308,0.2399824814082676
-0.19668836399436168,0.2330424469188851
-0.19190016039393099,0.23503654926817236
-0.1945383434097841,0.23716692825169344
-0.19902275326243504,0.23817303890322716
-0.18828538776359915,0.23730032183200547
-0.18876233350887556,0.2326733650661039
-0.18975710110312793,0.24045526950101245
-0.18858922164012837,0.2350108666046377
-0.1904057109364412,0.24741506350075698
-0.193727220650528,0.23537603024574055
-0.1919571684449394,0.23285103241010835
-0.19166057001677214,0.23313013121133444
-0.19159136551933767,0.23045943880045117
-0.1895168641748554,0.2339334111757436
-0.19604177063211345,0.230402369766875
-0.19591251847296864,0.23037125656937035
-0.19207025909278586,0.2363578375085887
-0.1859024320874865,0.23884234365893875
-0.19223263125430845,0.24297285915365055
-0.18492753103809956,0.2338751828656138
-0.20016734827779348,0.23074251962284437
-0.19692861664580988,0.23243241894632125
-0.18636559479396664,0.24260929485100344
-0.18888759266587168,0.23697158644273636
-0.1846322048538869,0.22969874401014387
-0.20019867817054987,0.2371285749736129
-0.1911377438311742,0.24206014673357332
-0.1984436870487182,0.2348392882984717
-0.18449147880226038,0.23038861606903727
-0.19124414919656277,0.23314701478998698
-0.1849271281585252,0.2306658918191403
-0.18977565081256242,0.2470957308673399
-0.18974909180602614,0.23831098490588545
-0.19406252258167156,0.246836069774573
-0.18899765539418534,0.2372896590661116
-0.18971177188843416,0.23826740224379836
-0.19007257493300767,0.24645223878218117
-0.1921586384020865,0.23426383464902117
-0.19592319986933338,0.24022809538657103
-0.18286491001772293,0.23232819062790624
-0.19480908011986822,0.23894004159434948
-0.1831725103331895,0.23708626084335252
-0.18886267500384885,0.23898780920291213
-0.19183156130441462,0.23404815527105471
-0.1938948251514121,0.24423563932344897
-0.19197553131819253,0.24026837124935374
-0.19500926935996368,0.25201559077843255
-0.19517250160969085,0.2426948008847586
-0.1925483481078902,0.22663716885575508
-0.19555538895256233,0.2404020875868305
-0.19345510725460177,0.24306577718737496
-0.1814956723754041,0.23720590235919528
-0.18857687963486902,0.2286890213260718
-0.18780526874077463,0.24291367650367962
-0.19413886537691263,0.23005443303197248
-0.19070410118593023,0.22893925481326718
-0.19767902356815492,0.23175212543543053
-0.19632967887229522,0.23023672064916878
-0.18704924625329242,0.2312359991167093
-0.18380872063622242,0.24017753178303985
-0.2001744440923629,0.23548300307471548
-0.18879090892772152,0.22774562096973006
-0.19688181568127275,0.23095056423765356
-0.1896846510574645,0.23827287598171534
-0.1940288057244571,0.2360692229415177
-0.18351954118435526,0.2400674660553474
-0.1939148089444352,0.23408653182239642
-0.1909038013788829,0.23523401267820745
-0.18906773217161715,0.23919606482030734
-0.1899614023688257,0.23455960297829828
-0.18961628084940893,0.2380300925196222
-0.191293174492485,0.24115043321390758
-0.18362847692387005,0.23848074006599512
-0.1929953037057142,0.24106756365074417
-0.19715804146309931,0.23145968097163053
-0.18601115449523836,0.23095346296971958
-0.19091549862487267,0.23235379629195432
-0.2005746559121506,0.23768802615065696
-0.1904225398328014,0.2330639549294407
-0.19281809576104536,0.24691223093276202
-0.20173570410258287,0.2381169852236444
-0.1941913805600948,0.2407053147183347
-0.1945565994363382,0.24275764923401189
-0.19643044668752802,0.24503426379972254
-0.18620606585425756,0.24056691599982588
-0.18930673417869637,0.24541545943065954
-0.18341017534172005,0.22874480689701243
-0.18761421186429308,0.24395913626919766
-0.1894535749502902,0.23978634703732216
-0.18660936431330816,0.24292288643715376
-0.2002013030045008,0.23326010943620526
-0.19221719057828945,0.24137135173022956
-0.19178444832336963,0.23893325679299707
-0.18856612413314183,0.23960115587218633
-0.19092176409874154,0.2390067116306511
-0.18658154280714026,0.22524726954426727
-0.19876510173983544,0.23833259320689407
-0.18662181717105672,0.23592913084975628
-0.18934197693153504,0.2443778816955406
-0.18936447517665353,0.23659165054333847
-0.19299350361430703,0.2335855509741664
-0.20039424697705427,0.23447057673817465
-0.19077621956302906,0.24051777185677983
-0.19218138841078786,0.24006743481184628
-0.193515229609845,0.23897647350755374
-0.1932352665847802,0.24086020010380035
-0.17963839284808367,0.2319459224330781
-0.1927182782643998,0.23163335807919436
-0.18703686633644068,0.24099519754766835
-0.1943197561091982,0.2380351456144235
-0.1997247716137668,0.2369385520624208
-0.19049468461274877,0.23277343790964117
-0.19125456866204413,0.23639285716319644
-0.1940319111549613,0.23589264148202366
-0.18418033505937384,0.229218975401678
-0.19906066438899656,0.23449916528976839
-0.2016657638510098,0.2319297431725689
-0.18310205017533432,0.2312114604966815
-0.1935495309194868,0.2369231324665978
-0.18982222833088974,0.23334452565073574
-0.18814212858005894,0.2355565066297923
-0.19545140087171373,0.2384579965776721
-0.19512273334633073,0.23560949746083826
-0.19362776465226433,0.22994953064091397
-0.19154870397088122,0.22656269208295926
-0.19974829679741163,0.23048582929346986
-0.1946853402456412,0.23049120744056545
-0.19670644162138554,0.23415899360912085
-0.18446139231114014,0.23423520830669717
-0.19589766131288397,0.23747697771600826
-0.19379478406116296,0.2403166549286396
-0.1922105790516602,0.23601182797328515
-0.19344444005972006,0.22744522613031168
-0.1885310239605095,0.23355057887019337
-0.19664952562366111,0.23311896010898575
-0.19452794760333408,0.24628021827234253
-0.19268133103395246,0.24197552417300247
-0.1877388415945634,0.24125545466909024
-0.18770050474771605,0.24080421298408622
-0.18856745836987782,0.2326559258630572
-0.19094767125648404,0.22934003790960872
-0.1893686194278436,0.23959256424912612
-0.19240739330757586,0.23986956972981385
-0.1874580012262812,0.22678939624917288
-0.19532041216242496,0.23018802989458365
-0.18725391696008897,0.23056881973367324
-0.19063262008958778,0.24778008278117786
-0.19461973566709434,0.2368000304405067
-0.19139779563189788,0.2342335996444661
-0.19004254597850823,0.24182138241673531
-0.19327143953321915,0.23820125776826193
-0.19357708298039644,0.2366749540593115
-0.1851610239737368,0.2394293036541553
-0.20053744469923013,0.23002790853652966
-0.19189439048705612,0.23801496562030425
-0.18735769327017604,0.23067722231645088
-0.1965035434697315,0.2329021068494349
-0.19228695338372492,0.23129045421447517
-0.19188000105383232,0.23213853782528276
-0.18825248458492702,0.2367612469722576
-0.1890029751671554,0.24182211564808279
-0.20310508544785227,0.24488106101171475
-0.19749832841333784,0.2384060718064745
-0.2019746354768102,0.23544821158980836
-0.18718617151961303,0.23558779884856143
-0.19583880684339783,0.24179682960180243
-0.1898626937491273,0.24795548298213602
-0.1913850245372664,0.2362902426992728
-0.19357189189783958,0.23431921967664335
-0.18645309687604822,0.23549745697926325
-0.1912241360644111,0.2367965336078786
-0.1931624261627972,0.23477411668013692
-0.19403042121264646,0.2467174865406639
-0.1893372869204703,0.23425263615935277
-0.19379370633127263,0.23886355358705322
-0.1891621539188877,0.23731480837962518
-0.19782485475351017,0.24147228213432348
-0.18697105217366264,0.24513445736566078
-0.19370193654573162,0.2376013936033259
-0.19281882888958182,0.23199536806165438
-0.19468505736230027,0.2379972159703771
-0.18252497753051272,0.23304858224963826
-0.1981909927393414,0.23545429962474398
-0.18993436061395133,0.23072613244759463
-0.19922350732561164,0.23129854653057547
-0.18881504645224914,0.2341476257764615
-0.19519747045068458,0.23945491728351442
-0.18756129193882576,0.2329266031205592
-0.18860624795113934,0.2344940696014472
-0.18848968006022215,0.23130610265799012
-0.19854167419300764,0.2384768365251853
-0.19181367622598774,0.23291357519453576
-0.18712795136737506,0.2410891800575985
-0.18065898608070305,0.2419915466394702
-0.19233805965169018,0.24310374174049687
-0.18698725143538728,0.24039079177494319
-0.1955399705933446,0.2354027055993895
-0.20090266157675202,0.23305485314132315
-0.20930725366403768,0.23250906054214282
-0.192425907968592,0.2276898609781003
-0.20449207247451784,0.2292390951394348
-0.1941943184597606,0.22427327962299212
-0.19448104727903895,0.22876791137309527
-0.19398528367563547,0.228241565375201
-0.19382220993346655,0.23392531265605865
-0.1939353899224208,0.23978231685964085
-0.18621350238508694,0.233417102746595
-0.19646647986730328,0.23894558380622374
-0.19081582292778781,0.23575516295454493
-0.18451243714845283,0.2326345500053493
-0.1987167069356335,0.23429611214592172
-0.1914545439650342,0.2339131653808817
-0.18657107799593653,0.2427673650200585
-0.19238859904823505,0.24813369405354996
-0.19139770567660794,0.24211298536286358
-0.19439386007665746,0.2258148601434329
-0.18790862039151338,0.22976504289100544
-0.194486323106759,0.2431059080650853
-0.19516977852010242,0.236344940408696
-0.1836682095345363,0.23114141285852433
-0.19988811461204167,0.24579203584100393
-0.19997205015489672,0.2423627292814635
-0.18974808856484296,0.23959473340290172
-0.19305225989669383,0.24106622602604982
-0.19743205098876268,0.22982963976063117
-0.1964233332609803,0.23604351839294732
-0.1843480778316559,0.23880463684941722
-0.19925370364347963,0.24202422289500278
-0.19234786455201716,0.23328541380086915
-0.19123462732204635,0.2343858179746254
-0.19051303095116082,0.23316491731754166
-0.18963190804403968,0.23452783168139235
-0.19797010473638704,0.230604161262378
-0.1978045256244225,0.23543015218385183
-0.19096217343091465,0.23398595398043295
-0.19756286994279942,0.22946159605979724
-0.19368807622857023,0.23480054072200318
-0.18586484515611917,0.23166195151001842
-0.19230786371269556,0.22828285095621917
-0.19013324625529268,0.23286395512527625
-0.19691336235238616,0.23894172986501833
-0.19300698871356572,0.2364637175271528
-0.1942431936338423,0.23773483617762914
-0.20154746216267924,0.23759518836538682
-0.1961869897981229,0.24461626738694017
-0.19287157250265588,0.2371477153128234
-0.18989850644417006,0.23349563120440325
-0.1783648957171778,0.23669197241615034
-0.19694421151086844,0.2344816748755331
-0.19911390880559082,0.2338592148172399
-0.188289290402139,0.23143958473562917
-0.18304897498050637,0.23526458813390524
-0.19492289218588757,0.22943040796609546
-0.19107314640112677,0.230494262700513
-0.1949917613551762,0.2364991581707639
-0.19126033655613806,0.23478803607049975
-0.1964472716722365,0.2406035749346758
-0.1866972962121917,0.23176629911856295
-0.18802413236608478,0.24138005404302532
-0.20376942617513352,0.2357333289093008
-0.2004120703661437,0.23504843930399286
-0.187202615530193,0.2359755843045571
-0.1885933305387487,0.23986657978925183
-0.188962961398906,0.2358974237018195
-0.19202793691383288,0.23975128809253715
-0.1873276213792078,0.2356308533037429
-0.19612444035505708,0.23885126442835605
-0.19132673922821547,0.23646913691460497
-0.1929874039345084,0.24085454224230915
-0.196967967777513,0.238818322303734
-0.1903853124067634,0.2289864853768038
-0.2094460010689345,0.23685130514654465
-0.1934779929349698,0.23624904577727326
-0.19149802015686362,0.238099763376372
-0.1937553702600652,0.23493767392209874
-0.18896329206480597,0.2374479410099865
-0.18840976037239834,0.23488596195853154
-0.18925706450804525,0.2352338319007234
-0.1936357783842377,0.23452879752232128
-0.1982158678772178,0.2277391298836371
-0.19596841470421067,0.2257369436734381
-0.19504499492945868,0.2377156742205463
-0.20471488059797335,0.2452310862144739
-0.19036119334434215,0.23861349146078825
-0.18708484068481449,0.23187610248155674
-0.19446873389471925,0.23174551193959558
-0.194743553570436,0.2264776349336734
-0.1917091969172364,0.22628457167421148
-0.19950137463470588,0.23468981136730857
-0.19304799426766162,0.233593891168804
-0.20188516184407235,0.22799831166361376
-0.18438441682079354,0.22790950444225966
-0.20507158555843244,0.22822366849089593
-0.20072702007318446,0.22636559576651796
-0.19241297670130184,0.23414254468674378
-0.18966648778925616,0.2253260840707313
-0.19910394112609975,0.23741539152911637
-0.1841387088805287,0.23334089450674275
-0.18988472544836263,0.23869453007279348
-0.19243170007920693,0.23583746122649957
-0.19934182155826863,0.23787082488227868
-0.19368626459754343,0.2401244340830851
-0.19110312379835376,0.23667299587120225
-0.19339975112110264,0.237906373499761
-0.19250610166008902,0.2375723282950113
-0.19286318911829867,0.23848031187928226
-0.19768156368369708,0.24084502161626015
-0.19240072979674738,0.23433410666746768
-0.18495218764412236,0.23866911767925258
-0.19103724854474816,0.23451932153675256
-0.19242698337375314,0.2349903479980593
-0.19873800178755696,0.23507212131330366
-0.1954928773634582,0.23636589184079893
-0.19786038847111034,0.23472945032418877
-0.19574787204519645,0.23303258493777665
-0.19956648636040047,0.23417377178022572
-0.19900728256652217,0.23214963505579433
-0.19298230163483832,0.2273017913772026
-0.19169390904353764,0.23424940286890125
-0.1943866783921047,0.23809724766659163
-0.19809218534616743,0.22823332521932727
-0.199235170361224,0.22677600840008197
-0.1975068359356381,0.23390666959394035
-0.1906914665966226,0.23296669929650182
-0.18402666830250872,0.237463345079426
-0.20038538911534434,0.23347839452444127
-0.1989697120281637,0.23408524263982097
-0.19481393958892365,0.2410509890961916
-0.19382818757613368,0.22840504069533915
-0.20144776680467355,0.23051999869661569
-0.19572892541141113,0.23003065800065883
-0.19773171160871944,0.2275706656110038
-0.19279803062691608,0.22901877305885388
-0.1887194707647689,0.2336565170030928
-0.19865675086917517,0.23443951317755046
-0.18655779960689484,0.23636248733359977
-0.19779959034286654,0.23399243171833486
-0.19878442772478747,0.24292734842853364
-0.1916210103986183,0.22967680751188135
-0.19332773687701077,0.23047257809614227
-0.19472148105175036,0.22988071734495827
-0.1943620025318829,0.2405930754848981
-0.18806265677046902,0.2276179171688361
-0.18869869513200216,0.2411155754154627
-0.18974911153767482,0.23368321454072036
-0.19272598618940973,0.23428066260132005
-0.20057107964636345,0.2343682738863059
-0.19592717083916425,0.22263376263398063
-0.2077519641047199,0.2196804734890555
-0.20085688510475624,0.23229266247229255
-0.1927657691596007,0.23449381763523583
-0.20125902608759083,0.23152764012968047
-0.19546826529973374,0.23264463934752047
-0.20064379140498825,0.23626184511178322
-0.19970813178720132,0.2341742471984679
-0.19079060522627247,0.22737702270170293
-0.19521839409348823,0.22903720583399098
-0.19778082976137437,0.22601127693825618
-0.1963353225466426,0.23315847968100914
-0.20003514300622002,0.2268797730400992
-0.19190146524149057,0.23045135995202798
-0.189414072265163,0.2324159627307374
-0.19298878601597141,0.23640843458289731
-0.20508445994131358,0.23056326430625035
-0.19854481129075363,0.23670515572887046
-0.19593510627363936,0.23147884675694724
-0.19497186626186525,0.2234157267850867
-0.19359537389910503,0.23002886856564503
-0.1960483824328914,0.23273975191869797
-0.19425557163360885,0.23711316147741884
-0.1908393322522136,0.23363284701921386
-0.20291811115293595,0.2322628448101768
-0.18221097801944633,0.23408602909898105
-0.20109661504050447,0.2295187391875584
-0.19524470764893315,0.23151849676740907
-0.20004980905033198,0.23006592522358796
-0.20471045781627017,0.2307427546255221
-0.19641248649801846,0.2351377842595747
-0.18637326718055355,0.23714109597777225
-0.20289310496336604,0.23321206000318617
-0.19560503149254518,0.2387090036035993
-0.19629612884948452,0.22942742020622117
-0.20307440136194313,0.22869545789608942
-0.1978525634612346,0.22773424919855
-0.2122133344745995,0.2251756117752862
-0.19347222050558444,0.22601736206686712
-0.20261664182166433,0.23246482118780246
-0.1942921912190475,0.23119902782369905
-0.19834346375908357,0.2315628065612241
-0.20643402185051205,0.2360171964758721
-0.18659665875426001,0.22356992972538997
-0.1935745983191493,0.23508744418940605
-0.19930926256419593,0.23719279893636366
-0.19810752970807688,0.2265967461529874
-0.195597315428503,0.23757765795237681
-0.19406890482255748,0.2364225736176763
-0.1925937510500762,0.237329799611228
-0.20025233538372436,0.22812185567970236
-0.2035907801179314,0.23618685337885156
-0.19396970409534306,0.23188443698809574
-0.18859042901929587,0.2340799886646122
-0.1942903015829149,0.2299613963177149
-0.19169808717169343,0.23766724112415918
-0.19363173077467552,0.23116683970004265
-0.19915771966575518,0.22681654544686544
-0.20040153245473769,0.23606866152429157
-0.19334119890665102,0.22603546926271445
-0.19991099245609398,0.22648722901895235
-0.19717994570379144,0.23281712050015674
-0.19370770141956756,0.22968706561249624
-0.1950842158875458,0.2314177397426618
-0.19150157378100027,0.23785639265305997
-0.20503636330053043,0.22897238041163792
-0.19146529942017432,0.23223160607600052
-0.18816847800821318,0.23426583051315747
-0.1915594923754504,0.2394359673083899
-0.19048839253419075,0.22865306042835484
-0.1989486910684126,0.2279278248510673
-0.20660346906343136,0.2294884536121704
-0.20406570854155762,0.22233650317921524
-0.19540352110404008,0.22932926887717242
-0.20428942548353732,0.24078263197962171
-0.1964007832911341,0.22501161928159177
-0.18818524947031506,0.22667924271282644
-0.19180858992893318,0.2296024063718313
-0.19405636179486746,0.23590949776785344
-0.19287707062235024,0.23512084829542163
-0.19185112602454163,0.22628733161891545
-0.19618660472161994,0.23141172153957595
-0.1974707327781244,0.2282594052493682
-0.20100886175168625,0.23438946119188067
-0.19518540710287938,0.23140978522602454
-0.20035453560346642,0.22851891463887047
-0.20065722723879686,0.2304817238926444
-0.18594842407952308,0.22779463147543091
-0.18809898322379748,0.2257913890586258
-0.20082260322707574,0.2288614873177148
-0.19444762109684216,0.22655667028374973
-0.20213699932272214,0.22982937799139708
-0.1977903681677238,0.23605762635569194
-0.1996612453615466,0.23376295549218198
-0.19889656737632067,0.22319655392638804
-0.19716158931007274,0.2280850312503846
-0.19812108621824212,0.23032447908646192
-0.18989899553836886,0.2284434010103686
-0.2019033785278988,0.23092526929135865
-0.19478898759799976,0.23292968378481113
-0.2007374307188679,0.23165898816945976
-0.19434114867567967,0.22813904760681442
-0.20121039749479294,0.23251637066761782
-0.19217396320116806,0.2292912240960394
-0.19671235182991437,0.23781947241164578
-0.18808827255183191,0.2253851344526235
-0.1972088792850268,0.23498891013258938
-0.20419970527907003,0.22913151271001167
-0.19517420800118093,0.23512829825263015
-0.19781743150363457,0.2323071599320091
-0.19705450470689806,0.2297949994487531
-0.1934228925101746,0.2341912413481506
-0.19588959364903374,0.23393760202601735
-0.1972568062532717,0.23153090206394625
-0.19779368097972808,0.23470096149552944
-0.19303296600861714,0.23626624294703183
-0.18638779570768826,0.23825423381794894
-0.19903304484876153,0.22947582554300774
-0.19935050236573812,0.22950380310114196
-0.19748598748599844,0.23274809214832234
-0.19544011951739823,0.22250361025170706
-0.19364448794490693,0.24430924068447596
-0.19633305151090574,0.23392828848349242
-0.19592789778636727,0.22781780833699344
-0.18754563674115077,0.23818842764838244
-0.1976129304798229,0.2320356213728365
-0.19886751055988414,0.23715919355342807
-0.20053991827392126,0.2347781042973863
-0.19672316527870023,0.21466852771301645
-0.20107680881255935,0.22284667936714933
-0.19918853836822467,0.23231423666323728
-0.19849438668193298,0.22634115640087069
-0.19933697424361627,0.22074598083926755
-0.1953037182365291,0.2236702243193627
-0.19846554157754007,0.23244754941815357
-0.20175364467750162,0.2235696576370148
-0.2012786645019525,0.22585462303455334
-0.1950260148914042,0.2295739561482224
-0.19364845104027473,0.2294228077791975
-0.2090204886935619,0.24092212659955625
-0.1978471048393215,0.23421326309575094
-0.19905870468733625,0.23346668529794468
-0.2009050333231795,0.23730076585115817
-0.19476060138182266,0.2281787874900239
-0.18894014788636648,0.2321310269444521
-0.19067271111279266,0.2335795844004309
-0.20247828009327792,0.2444651485989096
-0.20060376150186937,0.23453211648544728
-0.19595452321804566,0.22970166216376556
-0.19647556268306596,0.2353983026598967
-0.19262534309794305,0.228035159547276
-0.20166853028005446,0.22804654078048792
-0.19773934630874235,0.23643227268217895
-0.1923046130091646,0.23071335975496202
-0.1975839317085586,0.23325600863119664
-0.19504136201843533,0.22917398228710295
-0.19177086822128592,0.2314599495488873
-0.19874351839923624,0.22470672564373292
-0.19648894139096434,0.23018399707810114
-0.2086418988712074,0.22790679911429831
-0.20533615916398426,0.2332093342335875
-0.19178833659244812,0.22097516521366778
-0.19964579335183502,0.2300672031760679
-0.18847234422224626,0.23077260058417023
-0.2027377557009962,0.22052553955621548
-0.19604166373358667,0.22588159793269708
-0.19753753506018293,0.23555041406387583
-0.1906723135421893,0.22968059678030525
-0.19562137292171264,0.23097241589399345
-0.19788642117149896,0.23009923869759571
-0.19441162290334518,0.22232751678809304
-0.19630173662299047,0.21451048341141407
-0.20119683290267978,0.22891831972773552
-0.19218598599827674,0.23380010415796348
-0.20088343591230678,0.22842506255495434
-0.18526346071126784,0.2253686926289442
-0.1995518156473159,0.23404733873926703
-0.1940433507941221,0.2395401623864725
-0.19908738354496658,0.24595366915190503
-0.181151149602115,0.22830197875578467
-0.18959370946340728,0.23452895874174193
-0.19769403944719047,0.2394668203646167
-0.19620602626582895,0.23352477946685074
-0.19468540870517978,0.22275191479524004
-0.19352700572132198,0.234777073580807
-0.19360423616771755,0.23920474875519843
-0.1968853778668897,0.2232249085178164
-0.20025458940303645,0.22984129469170467
-0.20036624358401445,0.22268166118634686
-0.1939372959400361,0.22594425923371905
-0.20258643029356713,0.2299092650620121
-0.19519297499116658,0.22994971213015716
-0.19957821411102383,0.2218516834235499
-0.1917666927133922,0.22799655693814605
-0.20087898970970294,0.22854555575242902
-0.20016721373193944,0.2271280587707291
-0.2031863913596191,0.2273074590027029
-0.19137703054584881,0.2298598793934995
-0.21121043847088009,0.22040836194524782
-0.19834096081173216,0.22352831074910973
-0.1987232605615454,0.2242915675442843
-0.20735000198678988,0.22835285388582816
-0.18708183372845524,0.22723929162720213
-0.19194590093889718,0.23235556464110907
-0.19690260359516534,0.23663881184703053
-0.19970349213226085,0.22397942531410828
-0.1914696720317582,0.22839576306097237
-0.1909759588335736,0.2360034372059244
-0.19213434169544075,0.2217631151768484
-0.2025257735462394,0.2255615019799442
-0.20819307387993632,0.22705729809200137
-0.19840786120507364,0.22818806870026295
-0.19802092107911015,0.22802784413774732
-0.20506867586912703,0.2227471715022126
-0.19886700465183293,0.22374004759621433
-0.19169248587433135,0.22942721028472124
-0.19927282095363125,0.22210615653786803
-0.20522013300475309,0.22398739268363785
-0.1910141224821525,0.22513486741300862
-0.21082482252592377,0.23319899656491122
-0.19195489285977985,0.22990529424346973
-0.19771103803606785,0.22290639438293558
-0.2023816962894234,0.22769954481109633
-0.1972528716443823,0.2245690924709655
-0.19948599863530672,0.22638502387732626
-0.19781729597663034,0.2360193426765146
-0.20567602778494729,0.22852743312377274
-0.19813327226889826,0.23338189844168505
-0.1951544798094325,0.22353588564009663
-0.19066534262538734,0.2314230703176066
-0.19069775880230494,0.22751194967994745
-0.2024696318053432,0.23789648462367097
-0.20000422024025352,0.2347383384403105
-0.1938848143549958,0.23986050135386086
-0.18894403259777845,0.2393912329877
-0.1954028864284761,0.2429851212313956
-0.19062927195393833,0.23538447277013202
-0.1964022625579719,0.2376572848725776
-0.1988618764645669,0.23070724581626992
-0.19278197780997505,0.23106401540767196
-0.19594043797273047,0.22426240031410846
-0.20345599909754827,0.2323365903758042
-0.19238491496093524,0.22630128936418642
-0.19310544279712566,0.23055886547158722
-0.20136560736423242,0.2283462281110933
-0.20174801649832996,0.2238114048646444
-0.19370674442390007,0.22075328850040457
-0.1976468797435821,0.22808664121799424
-0.20527331364326448,0.22078868930433468
-0.19341753387794652,0.22661100451807795
-0.19893425177852467,0.22758923450108529
-0.20433623515976104,0.22037871932310654
-0.1946995583382685,0.22787507924112343
-0.20500759587981168,0.21906662532787788
-0.2071126453754162,0.2221070712467405
-0.19951804258692885,0.22751347996274712
-0.21040781751504817,0.229156002046407
-0.19658884504632576,0.22554630803413434
-0.19944208454326964,0.2296580607720956
-0.2000072742687419,0.22455844677449638
-0.19618663790700175,0.22265831252661877
-0.20120249502597515,0.22464669130179687
-0.20678509811524845,0.22751273168827396
-0.2030687664005883,0.2274401366676799
-0.20937467601709947,0.22682020787776946
-0.20018010440006292,0.2236525275917224
-0.18876546555899515,0.23350587432359549
-0.19737170756682285,0.23245993053162292
-0.19372152030483572,0.22476085717755
-0.19283750217337808,0.22890495941808886
-0.1976293418241598,0.23077469868370631
-0.19565571562410075,0.2319423866822079
-0.1892324133955001,0.23383358023176676
-0.19577633609981743,0.22918342437939773
-0.1999907078801225,0.23211707050872374
-0.19499744030456218,0.2289326705314121
-0.20049113457170198,0.23718674727942854
-0.19659222350476133,0.23994922185524764
-0.20475600409694303,0.22707721795959598
-0.19551217009913247,0.2254838076199556
-0.19642866025345554,0.23033231345479055
-0.1999489024111779,0.22608763153740427
-0.19707180536506755,0.2232998771765504
-0.20178886404642687,0.22660966704503782
-0.2021053245008946,0.2338462384873177
-0.20517796289357573,0.21971118447073634
-0.19726727830191834,0.2294645718348037
-0.19227671098148474,0.22864798907829886
-0.19996659822032514,0.2298004406000178
-0.1942712882962288,0.2284682473050904
-0.20298752837311726,0.22504044028557166
-0.20799531613916974,0.22359623139917062
-0.1896343508341961,0.2322055144479924
-0.20337916698534733,0.22802212969438476
-0.20189597340252394,0.22811812896131475
-0.19036194924997385,0.2353340676228187
-0.19578831820359852,0.22804448178929287
-0.19678893753750695,0.22969082854997958
-0.19940846274801727,0.22971043200964902
-0.19201594278187412,0.2281000256617898
-0.20103827943137179,0.23021009641991988
-0.19729196724769052,0.2242831067592671
-0.20100686348003416,0.23885646157751106
-0.18821745467804088,0.22487810270989972
-0.1985499004765635,0.23073724190367764
-0.19777004982441757,0.23636403136607004
-0.19745743586906545,0.22936111033794204
-0.20539602433857107,0.2268121356304896
-0.1944049471517098,0.2414235736303389
-0.19593080088037138,0.2299605965833905
-0.202861410110907,0.23167662196240013
-0.19239973863162502,0.22940222608996433
-0.1943307803750085,0.23409208624388972
-0.19842824210026722,0.22879736541537588
-0.1968767100444112,0.2276113802992061
-0.19567107711943743,0.2383851868208049
-0.20204529740166688,0.22680447444380522
-0.20584119530696007,0.22569017836669544
-0.20366816286623612,0.23764553696212007
-0.19808752426568954,0.22512672199961423
-0.1906718107171995,0.22713207040933506
-0.20403964312464828,0.2174743971920482
-0.20514022850769098,0.23551033593885662
-0.19067063831024714,0.2263976705457885
-0.20334418159515064,0.22993347056521538
-0.19908991681503355,0.23075358695465087
-0.20036083902337642,0.22899684903225254
-0.1974129531837667,0.23441613043755075
-0.19852640471422622,0.2238274223497859
-0.20841805788612336,0.2265023588140759
-0.2012127436979545,0.22681033526380195
-0.20613360668715403,0.2232910383833819
-0.19296385958288714,0.22732598390474507
-0.2058671243611665,0.22794553949472154
-0.2030327214031844,0.2320768711858945
-0.1973712105014692,0.23158814417437884
-0.19092101580934365,0.2284582902531187
-0.199352635889472,0.22879385228849916
-0.20209421285730522,0.2323751481938608
-0.20125885142241567,0.23058461597098823
-0.20144880290258743,0.2219080398773801
-0.19467508426013377,0.22142462282783237
-0.19982995137707862,0.2341168799106875
-0.19728494918535464,0.22497473120375255
-0.203824147881928,0.2374100409288151
-0.19768952435606288,0.2282426010849289
-0.19763648287394128,0.23689793663454262
-0.19021405323588517,0.2212829233597257
-0.19939699126489033,0.2297211926569469
-0.20203875317164027,0.23658095560272044
-0.19175079913401416,0.23110499816763627
-0.1985816688780766,0.2303814847714066
-0.19820710525078955,0.22724787661150628
-0.198680660414622,0.2278411373124581
-0.1974773417095985,0.22999214314123445
-0.19445016766261083,0.22427335291792055
-0.19954675417675763,0.23730441391381116
-0.20342139180897756,0.22406728023995617
-0.2060050211355305,0.22805436700300125
-0.1925354036359288,0.22543369069394684
-0.2024571409605079,0.22803658024548737
-0.1999521592163528,0.2257916809897746
-0.21070243064186583,0.2244606668180576
-0.19445980955337036,0.2298478892538131
-0.20011387335826644,0.23120810023040558
-0.1984872852184266,0.2171324438987355
-0.19572362531433432,0.22706815706971076
-0.19919773320540324,0.22832355977651334
-0.2078591152347447,0.2157355228796012
-0.19676888641115758,0.22928479531376905
-0.19926797922819905,0.22076166649712597
-0.19937974147605053,0.2227852040622677
-0.20631533072699318,0.2259699013828285
-0.19662193123460658,0.23226489823009497
-0.2066987233156054,0.22405287849006697
-0.1883732583473742,0.22438048448082867
-0.20442701555296644,0.22201789606074115
-0.20084504855668328,0.22195144688956078
-0.19971659489600824,0.22339395629015116
-0.19567304994554344,0.2315082694955309
-0.19699296714154363,0.22237925913042525
-0.19535653296114178,0.22877329964164206
-0.19773230290855937,0.22797387201139996
-0.2146567954209649,0.2309706224905169
-0.18930723753975584,0.22630644300006275
-0.20180107124303065,0.23515875472487893
-0.19971767796354664,0.2317372253665157
-0.20468247224406674,0.23383404835440566
-0.20431772283397626,0.221932265957246
-0.20147525776715267,0.23164844499957937
-0.19412698581694926,0.2254603076160373
-0.20289968338768805,0.23573014560483235
-0.1992951276385294,0.22571729743645502
-0.20255430705681396,0.22935411073959464
-0.20173829852512792,0.2262939119506882
-0.1865150146855068,0.23623349287299092
-0.19551652511337358,0.23046296723184695
-0.20119225563061496,0.22954619164099985
-0.20506537176747625,0.23030038801433989
-0.20214778219147486,0.2277597520115418
-0.1895067213470444,0.23008748906694035
-0.1949963671519262,0.23217992739250223
-0.20686855397475556,0.2307454340292291
-0.19680968806081792,0.22590330067828132
-0.19895764172185107,0.23264377913272372
-0.20179948712919618,0.23231579913401906
-0.1953998136613864,0.222848301844946
-0.20455546112526035,0.22622753036209206
-0.20115754166689798,0.22353138225444308
-0.1973034881550258,0.2389512492088045
-0.20352284300231105,0.22294126200866993
-0.19456548748551114,0.22133444798278137
-0.199951331448084,0.23244427208077081
-0.2031952627651756,0.2230724342966898
-0.1973193408462609,0.2315178987267411
-0.1939512226481566,0.2288626780365862
-0.20609333897046522,0.2250187454860542
-0.200164369899786,0.23374815183056857
-0.20302534320475982,0.22582468674474365
-0.20070616744466263,0.23057824249848144
-0.20985379213336783,0.22065797690831745
-0.20149914770779315,0.22997554483181704
-0.2103819268292787,0.22170884530251428
-0.19571217508902553,0.22619441194538237
-0.1968355651779764,0.23507321766118933
-0.20431060774440277,0.2257281620407934
-0.20228119741404502,0.22533562395422335
-0.19495150220452553,0.21674658615747797
-0.19970668585587228,0.22849260267498994
-0.19549008201928572,0.2283981151401304
-0.19775974364524296,0.23285966579465373
-0.20447331428077323,0.22512759256334744
-0.20057732709015164,0.2185247984355223
-0.19679785812894435,0.2158133904715486
-0.20610012434148714,0.21448524843191627
-0.20492252508644543,0.22015592133691575
-0.19913385255266883,0.2350143288424396
-0.20181233066068685,0.22324460579337352
-0.20881224469797846,0.2295176791956491
-0.19462337169960792,0.22399007311853808
-0.1957194289037817,0.22063969848675494
-0.2004659893632573,0.23428319567044692
-0.19929878254114405,0.22682824370363378
-0.20667287881205354,0.23520947806614312
-0.20046354034433975,0.22860263938118175
-0.1998943040449628,0.22723796279178865
-0.20284567776100773,0.23235606192102917
-0.197182711140346,0.23416615002539565
-0.19618001581886071,0.22789566994458507
-0.18978216250310348,0.2249399356344367
-0.20168788442422086,0.2331046531418501
-0.2036861503256076,0.2213910148849555
-0.19680803132322075,0.22412509110831438
-0.20317423102537258,0.22331291319614643
-0.19371764481619388,0.2262941229496795
-0.1981895236219222,0.23569765622363273
-0.20471964609120502,0.22551630468558082
-0.1939910987254736,0.23341709414247638
-0.2006789131481398,0.2333985173667386
-0.19992165918351185,0.23005293255787126
-0.20539848003261968,0.23297926786923515
-0.19988266537728114,0.22677694063622536
-0.19870164631451506,0.22977771674333097
-0.19408350401281335,0.2250869261969443
-0.20196089815183502,0.23861096503962073
-0.2010300193458169,0.2309321809303019
-0.19956462688183774,0.226662094404301
-0.20366546221561355,0.23674854355647273
-0.1985916855702832,0.2351847704131104
-0.19324214391820707,0.2283230645479179
-0.19978549717938354,0.22866754797955965
-0.2079734503606829,0.23456335874261583
-0.20196444002904274,0.23161444825444588
-0.2012509017108629,0.21806434766892352
-0.19917552202101918,0.23258100963751058
-0.20318989990777625,0.21866604033785397
-0.20314435623293306,0.22488471897565215
-0.19159001528174388,0.22110414036735282
-0.20399981386761037,0.225614816074316
-0.20234455021727515,0.22646646621184693
-0.20460562726045572,0.22895682788004973
-0.19484629081747729,0.2270299764239497
-0.1996897439330283,0.2275820502974331
-0.1977354084857402,0.2301494655367787
-0.20443180322607557,0.21999003619115887
-0.21004226747967852,0.21770529604033223
-0.19824384440523268,0.2233516502919039
-0.19431974759948178,0.22593190959152337
-0.19250967663609556,0.22864993027534933
-0.19676951624688405,0.2340043292846093
-0.20466540532251037,0.22765242281634213
-0.19598370479810834,0.22552906873078896
-0.1902685916279312,0.23083676038135148
-0.20279582400291055,0.22649458944355477
-0.20000697106828366,0.2244008326252976
-0.21094021293938742,0.2360769864315734
-0.2041109166166732,0.23325989843303516
-0.20617283863525984,0.21945975276264104
-0.20077339028591276,0.21945631212738845
-0.20882861644267178,0.22825392283987214
-0.19432602557282333,0.2254977433807778
-0.1974935195833578,0.21955965189915386
-0.1987496518745278,0.22627324573593297
-0.19504665396790624,0.23864312187365344
-0.1962066860267805,0.2367806185261797
-0.19806312983345806,0.22748963993474375
-0.19908362140301,0.2320306176922767
-0.1962471916099808,0.22605855371922107
-0.20645768757658195,0.22718678193641575
-0.20238273612454755,0.22511133359468433
-0.1991856049253445,0.21851085733220582
-0.19689322794123743,0.21872043333683394
-0.20106418989609617,0.22912051729099836
-0.21240817286819738,0.22377866420904827
-0.20194863404936236,0.22618088646538928
-0.2006305944169636,0.22202278144693588
-0.20207293184632322,0.22631683842908176
-0.20318695590765692,0.22840000814998945
-0.20377161603511898,0.22120112467833425
-0.2026695732947989,0.22447416714360927
-0.20310976701538905,0.22650514519979206
-0.19782150304338467,0.22344545863602525
-0.20265503059576992,0.2240872961175179
-0.2012610827368198,0.23185840046836462
-0.1963476182950959,0.23101479394680993
-0.19486299704399715,0.22485434200295026
-0.20681397457746253,0.22666767580687516
-0.19881720868511824,0.2268999657827938
-0.20363422805541068,0.22761578155335296
-0.19569480243827275,0.2161954316756965
-0.19903555945300544,0.23168811562885655
-0.20076952431424155,0.22808933862557274
-0.20463623675051623,0.227628184215784
-0.19831094331573312,0.23465867558222017
-0.20081625524929808,0.22948393269596826
-0.19603711346986893,0.2339129450719061
-0.19525089294508918,0.2234087568347361
-0.20536702169344542,0.22121642684370865
-0.1964300842334981,0.22640331024698376
-0.21101612533151604,0.2275565234272845
-0.2041951001302672,0.2278476455485587
-0.2050396064203957,0.2203261791544968
-0.20542920874162338,0.21923894047046516
-0.19718094051951607,0.21919462450065647
-0.19881708268564563,0.21910975130942292
-0.19962558744852826,0.22369560103595812
-0.1986609998461775,0.2289490963403446
-0.2037076467076544,0.2282877813295082
-0.1991779954161097,0.22200668571079737
-0.2005768498442779,0.21525486268047775
-0.21599437588070716,0.22409076321495544
-0.2061550123471114,0.21982982287999903
-0.20574119835727966,0.21681563251126423
-0.19538710775786056,0.22740419048379049
-0.20787550260634483,0.2278302703791965
-0.19932940390038045,0.22605732418241906
-0.2034354135981879,0.21511724447873146
-0.19934994093306213,0.2219481055700912
-0.19664647271160993,0.22560624177356756
-0.20201355768156576,0.2318603384292199
-0.1962614735367543,0.22000425073793076
-0.19944552502312726,0.23101928546034958
-0.20431438547095618,0.22476953578996722
-0.19266399708092072,0.22384176294790042
-0.20382888433448285,0.23317056995102525
-0.20632435561655668,0.23352371987222603
-0.20031026120926346,0.2286273875270183
-0.20406303128766193,0.2199352217968336
-0.20156343606129953,0.219163901235134
-0.20951214667457177,0.22238229035456564
-0.2032846989929042,0.22287251173896727
-0.1971467304694439,0.22380057066014583
-0.20217088464073057,0.2351350188208618
-0.19489681930339844,0.23876459025355942
-0.21055530973939277,0.22189873920173236
-0.19986363516206287,0.2244345582191877
-0.21145828227238359,0.2294239607291372
-0.19802690418197716,0.22957710712027415
-0.20524888829944557,0.2226698312174962
-0.19625538295581338,0.2143941804048133
-0.20641692876184967,0.22157075174420104
-0.20245570005224953,0.22069182134280635
-0.19782210674672257,0.22413437174689743
-0.1962550537828492,0.2257536405551518
-0.20291655114946783,0.22801872275452836
-0.20547416339788926,0.2275938780335533
-0.19526720350863128,0.22572208695887408
-0.19875357775064253,0.2253212479603706
-0.20353772801393746,0.21974576445918995
-0.20107524309147842,0.21566254476243815
-0.19639999544253134,0.22582542434463493
-0.20031522906718555,0.2242604821570133
-0.20245504038004758,0.2217105835731213
-0.2121235125989179,0.22044396870618815
-0.20900865613284858,0.21910211765122184
-0.2062855496524278,0.21906930872323332
-0.20600688329262587,0.21755609272926907
-0.2032211745071376,0.22278571453939428
-0.20146340367330115,0.22077981765751803
-0.20847120586896256,0.22445778346107362
-0.19570277995903979,0.2204089188377787
-0.2041535035577563,0.21741714182333713
-0.2013153928753913,0.22264830337885755
-0.19791103416514233,0.22554919247926708
-0.2035727764315701,0.2290542038425805
-0.20376959627926863,0.22142170958994264
-0.21125940369183938,0.22172836762317655
-0.20509422389899398,0.21748881097317763
-0.2054502226599698,0.21825432008777162
-0.2009162158852828,0.2226419396830534
-0.204067152447519,0.21825845861059165
-0.2027874995865947,0.2136278588565586
-0.2020378217774159,0.22727585623976507
-0.19903088688494192,0.2263171327261133
-0.2018313474600836,0.23050107178040233
-0.19480189708251267,0.22512221890556133
-0.20769464796690093,0.22328720328738466
-0.19905035398848842,0.21925504042229885
-0.19928280772127954,0.21838773418046717
-0.20644529591676014,0.22190258712273694
-0.1978762229257948,0.22465664343918335
-0.20917043619012582,0.221786091251135
-0.19928845346595492,0.22940972771333662
-0.20252710276542626,0.21862517886936852
-0.20981541301295753,0.2243378241738915
-0.20066904119664244,0.20806175455510328
-0.20892687824119982,0.22016444620189182
-0.20221188396785894,0.21948796051474773
-0.20058318592774185,0.21716800254714588
-0.1983141963326006,0.22139463841222828
-0.20840985390651268,0.22320509235608027
-0.19404854271504166,0.22173184402982263
-0.20695406565422161,0.22517694242666528
-0.201393285252154,0.2230170556276802
-0.20477029492115342,0.22283383884316657
-0.2010128779618887,0.21827195917630296
-0.20715363970225353,0.2172148961551185
-0.20407643740150982,0.22650478444742744
-0.19832097712053207,0.22354430058114816
-0.20289026618992315,0.2180383821805827
-0.20521683843256608,0.21925483297191703
-0.21128925359036071,0.21914865337595882
-0.2037362241388918,0.20943281141995926
-0.20063862565299415,0.2248452769660219
-0.2028977001083238,0.2232263303265101
-0.200508381561606,0.22303860468727962
-0.2053877688716224,0.22078102261967608
-0.20421029869920118,0.21868909848136145
-0.19794355539588773,0.22561891929240327
-0.20191440958360823,0.22653942293077128
-0.20275632054930146,0.22983118351533385
-0.20238116136298162,0.22228504254180018
-0.2060847969306919,0.22156801923022795
-0.20356430622223468,0.22822926021755366
-0.19490550550266206,0.22939576365087633
-0.19066639231192925,0.230163758614149
-0.20551055330112564,0.2142895973197801
-0.1992653608250475,0.22423266272901254
-0.21574245113960044,0.2261329899155149
-0.1997378889504384,0.2280580590369343
-0.20195049734814183,0.2203275931233333
-0.20491523605580886,0.22775760464847336
-0.20516777294923136,0.22162849593183406
-0.20292109296383595,0.2226922412872615
-0.2025755403254616,0.21727019453184962
-0.20064729156751854,0.21644303417249136
-0.2122065424294624,0.22233583172694824
-0.19341595113050877,0.22108944873473563
-0.2048422153064111,0.22599055037689206
-0.203727680028973,0.22129106286924743
-0.21250224375227947,0.22336477791872905
-0.20686319532526473,0.2114125454829161
-0.20073806340247954,0.23079068941597272
-0.203092531497386,0.22793645045878136
-0.19551113741724793,0.21901484399802998
-0.20668642035731133,0.22318895880071965
-0.20887176670077554,0.23524244945438386
-0.20048244627612563,0.21369951426528563
-0.19830921893411285,0.22214239318113188
-0.20127014811820362,0.22228001988573015
-0.1928078876258501,0.23229089662800878
-0.2026621070419873,0.219648718100903
-0.19663617101262218,0.21883746287194109
-0.20393071687122133,0.22863256797331363
-0.208366844307796,0.22157811050636556
-0.20740852667962859,0.2252005170108552
-0.20513476035003372,0.21278892875116023
-0.20391394216642308,0.22246980635217628
-0.20439971498922993,0.22171392569316623
-0.1940592548581464,0.21902295610648592
-0.20557091238106573,0.22381374573860635
-0.20969587786780564,0.21906438388291496
-0.21035911085623296,0.220991328422116
-0.20702814468619932,0.220856791319219
-0.2104543367694129,0.2117566892350611
-0.20199481833609445,0.21865366056334545
-0.20118931947948596,0.21621968260642774
-0.20161751352568075,0.2265193079595928
-0.21064540102254264,0.2235588158425959
-0.20352829574086936,0.22148012336133527
-0.19649306861048915,0.2152868282643413
-0.20637800030699913,0.22179805902856994
-0.19885222103516273,0.2289102860175574
-0.2034088853511751,0.21793101346152718
-0.19756491824221473,0.22005338248879236
-0.2105285724909894,0.2258087190437901
-0.20480894632853933,0.21980430955688582
-0.20095217292449913,0.21703775919590554
-0.1960794909680581,0.22045107513577292
-0.2040956243328494,0.2241936014334373
-0.20710547585512742,0.21569357942564127
-0.1925672918721544,0.21461619023352316
-0.19554467438561182,0.2188311704032474
-0.20272062088935192,0.21719714322031589
-0.21149149110030288,0.22299037496070284
-0.18595266705600752,0.21501549975622902
-0.2012568386645861,0.23253958675100342
-0.20375207159164183,0.22302498954313144
-0.19929642581811619,0.22535204502978418
-0.2115365945713835,0.22207639953485078
-0.1993891672767942,0.21618027513538832
-0.2088340212816283,0.22191834458792528
-0.1951990620005029,0.22215286895169278
-0.19662837535514194,0.22774554230301483
-0.19828600741099092,0.22368818996178697
-0.2071217880734036,0.22501382067373907
-0.20202278468654483,0.22087842226501145
-0.20769088953672693,0.2239583991728548
-0.20434243538878366,0.21594674109055467
-0.2043990917211217,0.2200123206902707
-0.20196075364596144,0.22260335959673525
-0.20208989745232564,0.23618700598481343
-0.19681735587069762,0.2246943192091115
-0.20357644915593043,0.22362511035600144
-0.20586325582173415,0.21692396096683864
-0.2082903900127737,0.2218501365527708
-0.2036652595013106,0.2183886031162478
-0.20314029265630706,0.22161832079921717
-0.19330761517078476,0.22291031243564266
-0.1983211654261988,0.22607683410357082
-0.2065683225284689,0.22775807670959972
-0.20874595023289116,0.21939358027385233
-0.20413642356570708,0.222426994718334
-0.20815256478886224,0.21890057640863173
-0.20746374157297812,0.21730905696309658
-0.20256832859646623,0.2215658459381636
-0.2040180548394927,0.21433347885244966
-0.21059916204142434,0.22079015593976958
-0.20805197187890248,0.21310140004949535
-0.2053284705623944,0.21367635482228686
-0.20571817723294789,0.23184488044966015
-0.20767345227847167,0.2262191457574366
-0.20654555529529503,0.2169912741140723
-0.20573961216062034,0.2211148670807319
-0.19729837941791825,0.21785251217747015
-0.2088820947103452,0.21910424583861687
-0.2090567212674478,0.21211452558785754
-0.20534980975555567,0.21445412120583549
-0.2027742910471452,0.21487090223128774
-0.2030212324276658,0.22266965138759418
-0.19689856557460622,0.2334511959499375
-0.2102361388099033,0.22512265183945107
-0.20894961399336742,0.21813005121928847
-0.19696818405677938,0.22001678192794
-0.2122474223427036,0.21400934721005413
-0.2103705733395808,0.2246174568764567
-0.2000644722438619,0.2267769959308771
-0.19876735336615464,0.22713994481869887
-0.20336640394737282,0.2237252472873385
-0.21217637313359583,0.2218777525145007
-0.1965898162613902,0.22343958612203077
-0.20370517870485208,0.23034506591797094
-0.20259607793675957,0.22471236881359943
-0.19696221387861018,0.22749426442723003
-0.2134472061949355,0.22352239706897808
-0.2069343847752898,0.22129873172792405
-0.21126640976177205,0.22385858915014353
-0.20138579907918105,0.2315140601853369
-0.20104281776028746,0.22616185399595823
-0.2055835566445292,0.22138169378722705
-0.20769189282188777,0.22371861970161136
-0.1934718409386815,0.22351442166946725
-0.20076784435101622,0.22566077922299393
-0.2123246488172989,0.22680910226200654
-0.20299457690725248,0.2296707125376354
-0.20517093431588118,0.2330065956677855
-0.1978831437352482,0.22825373559896275
-0.20039672112239099,0.21873984383083941
-0.20926976957446505,0.21767539806456143
-0.2008493851457267,0.21491060219442898
-0.2101992732998343,0.2222629266855248
-0.20615448843820589,0.22325986764401895
-0.20096018980499555,0.2120962686443635
-0.2101157174334707,0.21627823848072256
-0.1999801407227271,0.2327983519123707
-0.20548619464952092,0.21612950432353287
-0.20376823577200326,0.2238943716463902
-0.21490094158280323,0.2207615712475639
-0.20236249006282644,0.21942854653389537
-0.20608370555445932,0.21791185972295285
-0.1959068162582774,0.22720618092309666
-0.19881464302579777,0.22183347942163145
-0.2054611957042613,0.2275648111004199
-0.2035537561732064,0.22693070285234687
-0.2002552255344444,0.22324841115147825
-0.2089466092986455,0.2227910465844997
-0.2034905633827157,0.22328078916673777
-0.19662116374506136,0.22242398998092874
-0.215127971883608,0.227573661533487
-0.2010459623701993,0.21726632029358783
-0.1959264156947784,0.22830196111388082
-0.20316027732100445,0.23053650088432293
-0.21016015684330808,0.23188578690684375
-0.19963721222714453,0.21646997443613475
-0.19712935717059787,0.22354256679138684
-0.2015956417541277,0.2305067501788523
-0.20037121446088776,0.2239183766533112
-0.18700361794670534,0.21684934169706035
-0.20209787448944055,0.2233379551439757
-0.20922503218931573,0.2215924870074548
-0.20421167527216114,0.22513822621101467
-0.20776118703138638,0.22835458746892892
-0.20435394484322164,0.21752097348395022
-0.20338585358054412,0.2184952252745531
-0.20250955604929285,0.2212367998778714
-0.20794557626035085,0.2216563090193071
-0.1988853521788181,0.21957795871992591
-0.19747300471403184,0.22262759578427985
-0.2043281217340015,0.22961337222146536
-0.20029656082484099,0.2259373269747051
-0.1971292538592832,0.23403733287653575
-0.20290141289889893,0.21783311124358837
-0.20377987279004303,0.2253565480834145
-0.209890075918141,0.21806194489632114
-0.20801741601791207,0.2211333766423218
-0.20240983023459577,0.2242205410850486
-0.20912098351796232,0.22004565273890747
-0.20354615340417434,0.2109494269738433
-0.20984055827094236,0.21566571122615522
-0.20070026483353565,0.2180718169267965
-0.20760856856569482,0.21842053607642586
-0.19867902430955187,0.23193032576524017
-0.20860278615461164,0.23323294435332106
-0.19171432055762871,0.22224393495544148
-0.20908276236435921,0.2205704179795316
-0.20762743033009093,0.2229482109584892
-0.2031536393974042,0.22155624068061266
-0.20763091974795184,0.22736482511346412
-0.2048263768020348,0.21884780181917865
-0.19897529545914167,0.21576204910965613
-0.20003693351339355,0.22857285652650638
-0.20912109285980407,0.22568574768595098
-0.212217970111811,0.21063245236131892
-0.21137491453139326,0.22742843258659576
-0.1972220524410135,0.22724561526431405
-0.21238840158904665,0.2282742930877643
-0.20000550224778604,0.22212270169711668
-0.19921522018452856,0.21425480253113235
-0.19957511175016285,0.22527516738970668
-0.20588582152995757,0.21946920804611678
-0.19832838550837245,0.22553352422097284
-0.1953392347220965,0.22392565868203224
-0.2145738796420159,0.22347907867971453
-0.20883684316654005,0.222094707444883
-0.206376286578388,0.23385596239618064
-0.20545820895169536,0.2214143995695366
-0.20043059107067607,0.22435856405806884
-0.19250227508291717,0.21773967719136694
-0.20269719969012828,0.2176301793371665
-0.20166978435115668,0.2188627328439136
-0.20725628209435062,0.21955965896497562
-0.20728830015475216,0.22689384200677537
-0.20402120237457286,0.22360983418333674
-0.20024281848129996,0.22612030532942473
-0.2012384969529277,0.22746061381969654
-0.19736639653061405,0.21512668540044366
-0.20549095229580042,0.22154415062829974
-0.22655027155861832,0.21265732719349073
-0.20574874595333353,0.21561449005362596
-0.20614252991815432,0.21652027096620874
-0.19749454915685075,0.22220002583603699
-0.20772728130756524,0.2228095235328596
-0.20646873977676455,0.22274775569019456
-0.19501279368480817,0.21657166032246947
-0.20974013087976548,0.21811788411045382
-0.2005118456589198,0.21437841217069914
-0.2046262935151045,0.21653514065016924
-0.19986835520225082,0.21755309411873058
-0.21484422431572525,0.2167118234288021
-0.20271020062550754,0.22038616192272298
-0.20776212030774677,0.2221203334122044
-0.21393443632679193,0.2133508836613049
-0.2051438928775789,0.21520937558533282
-0.19775961271228926,0.22440830610705664
-0.21549700557032966,0.22510809576854976
-0.20691678837587732,0.22279307665526799
-0.2052267497015804,0.21917150876022867
-0.20844661454231578,0.21306548340009102
-0.20619931386697152,0.21625884335777626
-0.20720501479257616,0.2199707688719202
-0.1971414523643126,0.2197477381198751
-0.20313818845215287,0.2234895175580067
-0.2104554787347178,0.2189342714544031
-0.20123615290184033,0.21226452284251193
-0.20326923792257623,0.21099511103992477
-0.20386290531190027,0.22472964507373233
-0.1987659213983053,0.21292883543639604
-0.2122675939254419,0.22335840799751297
-0.19957205985271903,0.22160696548461664
-0.2108918902464259,0.21656815549221134
-0.21307567759680363,0.22918368621969562
-0.20109785336600286,0.2205340413742027
-0.20632533933398012,0.22187334825312907
-0.2027518109163288,0.22034954267248583
-0.19545486843555301,0.22109855013646293
-0.20569245497344457,0.2263124091739256
-0.19994828200907186,0.22157642513963793
-0.20515374535865943,0.21263419100007422
-0.21209384558147204,0.2168023025450658
-0.2093034960891153,0.2154692001245472
-0.1985973435373522,0.21702339249947875
-0.21001182904126467,0.22813637567452333
-0.20462771346436368,0.22659555226644845
-0.2008827546000032,0.2235387718291264
-0.20012055667888579,0.21921661372771215
-0.20213969084766942,0.22178247168045565
-0.206341157897282,0.21627417345149913
-0.2061659752489079,0.21789176460289028
-0.20163727082860433,0.22616299907322376
-0.19922257482110095,0.22031740834201868
-0.20650285531270224,0.2265607698941159
-0.21595132867907268,0.22418639814664224
-0.20245814416871022,0.22575311001682916
-0.19812517294568877,0.2165740562196273
-0.1993564761971616,0.21730052123839028
-0.1948183894669833,0.22470178581448388
-0.20989264360344748,0.21492502582987555
-0.20261888544879136,0.22967524259795782
-0.2075369179313841,0.22158359875996203
-0.21631916631075046,0.2206407106272029
-0.213104384558845,0.22499485090851165
-0.20407705092304157,0.21941457321785637
-0.19358699782723238,0.22619180889628798
-0.206407904854621,0.22293920671649145
-0.20167451168220696,0.2194118254910359
-0.1994447819040276,0.22232543916676492
-0.21164025487119345,0.22476934859843825
-0.20616370313406682,0.215715000862917
-0.20584803889316453,0.22203408152013396
-0.2035524153447928,0.2289703536351366
-0.21094080008700822,0.22015424675713707
-0.2028768653743569,0.2212450203072069
-0.1989764293876927,0.22637013590953844
-0.2117511211267218,0.22566218553916903
-0.2045943140741051,0.2182110920903037
-0.20269084860058376,0.22234374411912672
-0.19554405513350812,0.22676952992669952
-0.20808194142209788,0.2332493760669797
-0.20851510985045008,0.22165627071364802
-0.2057598440761911,0.22593940799670725
-0.20330898784975746,0.22322359066332004
-0.20158832820801528,0.22921527231106378
-0.20411422883811237,0.22378579791580405
-0.20698669431330563,0.225877680756886
-0.2043757107607962,0.21928172591761755
-0.19809077899695343,0.22447743798638706
-0.20554198905151366,0.22440453169361316
-0.1968797746631213,0.23040422726994417
-0.21163603247860469,0.22031964656012093
-0.20654500198088702,0.22285347356518817
-0.20963492208912438,0.22658438378789078
-0.20234967341968216,0.22531738513016317
-0.20609913909364552,0.2213616215952935
-0.19856728005565213,0.2235792948205542
-0.1985385020106249,0.22433321876693646
-0.20503162780276338,0.22196388534075012
-0.19638690892693286,0.22122246534521406
-0.2048927728476902,0.2226590942026193
-0.20206435210383958,0.21845490378908558
-0.1957835197384911,0.22362518750989643
-0.20854577139459962,0.2182309020181399
-0.20877406213126656,0.2329999844359259
-0.20214519073310974,0.21577202644803156
-0.1991552862257029,0.22472074991217142
-0.20603054137528026,0.21799656589792799
-0.21115611155629563,0.2142398641608379
-0.19973325637484324,0.2191832572174629
-0.20122400781081268,0.21756329849109526
-0.20529646922545133,0.227486517842697
-0.20603901776775432,0.22082869668676613
-0.2012961315875977,0.21343284554682532
-0.21019489764617103,0.21892307872230987
-0.2060729538381732,0.22159199933990933
-0.2024301331071166,0.21617547177502816
-0.20487456621139313,0.22695890270492855
-0.20325439417917063,0.2231958776514273
-0.20350622132019341,0.22804158890340334
-0.20430726957847342,0.22607592933603254
-0.204933671471501,0.21844265464197724
-0.2037967616317215,0.21184460801704338
-0.19700903766674696,0.21874551621105007
-0.2112297488827987,0.21783830935994705
-0.1944282202212073,0.2173843764969623
-0.20466809967674698,0.22057415448261503
-0.2124072243880823,0.23348858304450673
-0.20636508354922017,0.2171586630873485
-0.20053355848706833,0.2293719772526198
-0.19862243565571883,0.22248109599001134
-0.20259008509229476,0.2166677870959072
-0.20975939334406138,0.22790427253133771
-0.19925652166680077,0.2166826845744543
-0.20430695616728678,0.21449158939788643
-0.2044516725699013,0.21168431356213296
-0.20758487300529693,0.21738307972992954
-0.20979727540288023,0.2156597968103266
-0.20449111112044452,0.22775604681568634
-0.20362796081473047,0.21773699165268265
-0.20481901815875905,0.21838713768293017
-0.20626871282609477,0.21696554909890478
-0.2069836299926054,0.22613289747880622
-0.20297687794939906,0.21791302153755743
-0.2120411270526469,0.21786089964848682
-0.20403226671585495,0.21308969750573584
-0.2037747634170432,0.2252260394683822
-0.20531568989749996,0.23133131108567379
-0.20241350754643445,0.21959765660997466
-0.20375713211794852,0.2204380036198578
-0.21008519956958138,0.21977003817718319
-0.2025704341571303,0.22129745314917287
-0.2017273726076254,0.22126508969417305
-0.2002372662803613,0.21517303319984293
-0.21250505508863538,0.2164184755415741
-0.2047655051145702,0.21710505091995358
-0.21076952513451194,0.22630200809999987
-0.20974810500347824,0.21248262670161377
-0.20734631981767956,0.21674390255083897
-0.20884197509770971,0.21819881562197513
-0.2076126184552144,0.22087867395371205
-0.2069221626167523,0.22944304144450803
-0.20810911162757853,0.22146349597511777
-0.19800343990577335,0.21839996502008735
-0.21245935642778332,0.2138194690747294
-0.20879889852878725,0.21475501269997774
-0.21636357798656752,0.2113950410792195
-0.21537507846237758,0.20850683995288502
-0.20134195302300056,0.21796785483577316
-0.20530072285520268,0.2160392905018661
-0.2099404956316366,0.21272668495672628
-0.201738430238436,0.21952444060130366
-0.20461195074734903,0.2243173492469199
-0.2122702332793234,0.22247658384803076
-0.1971987198865054,0.2252608839003891
-0.20323372113262317,0.21919184897671595
-0.2067531871505006,0.2218024440288511
-0.21505538849344735,0.21220328282048712
-0.20414560969084297,0.2296113925292279
-0.20450250100112619,0.22941190190673322
-0.21683670549424985,0.22650565754060994
-0.2023828614342495,0.22627297262350515
-0.2010844138282488,0.22049885155810103
-0.19727889994932135,0.22371380433441662
-0.2011724653472093,0.22853313546186893
-0.21152410918429568,0.21916855758129858
-0.2068795269205647,0.21894948742530645
-0.21208498925592234,0.21962920136901967
-0.1995285782611665,0.2159177092095383
-0.20731397259445528,0.21789657989227218
-0.2078894146164674,0.2242637040172675
-0.203010616757621,0.22114170295026297
-0.19210238681091263,0.22848618635207582
-0.20830222884564983,0.22433610347527605
-0.19911896877078025,0.22722118468288377
-0.2094257100450579,0.2217563006274935
-0.2045288065894666,0.2191924805255948
-0.2014081884504259,0.21692704461103485
-0.21522806281863732,0.2189402200706332
-0.2055531088704867,0.22275624567438929
-0.2086674549344536,0.21613471009693527
-0.20418871641141836,0.22117754336295617
-0.20624538713416074,0.2143180378016755
-0.20664430081350343,0.21882477383643723
-0.19914852740403152,0.21670377467468865
-0.20346491336521597,0.21197960607931315
-0.20739632602406982,0.2288460195108782
-0.20810392163174327,0.22430180814194647
-0.21052689852754083,0.22686238779583534
-0.1992233219783345,0.21541458300683197
-0.20305752229990784,0.21882602269992388
-0.2088432045342733,0.2127572354382048
-0.21394769200244024,0.21506343447968582
-0.20763812219418992,0.22474302374300864
-0.19803322815467436,0.22254970099075164
-0.20970084075596995,0.22351913111852437
-0.1970509232233282,0.2072094759083147
-0.208765508133928,0.2209839735324924
-0.21203197352955236,0.21490471517659168
-0.2028296629245295,0.2230967669729099
-0.2035920473948723,0.21986122151629245
-0.20764789735808595,0.21930076626368286
-0.20580224588993676,0.21348792081795956
-0.20398691103631228,0.22072129365860152
-0.1991233439089418,0.2188776579507463
-0.20908039596099415,0.21998334601214498
-0.20826747034275314,0.22030646964069514
-0.20820888406719507,0.2272832895548527
-0.2134092497381592,0.21919395953901502
-0.20482269166328582,0.21985792401562249
-0.19872545294698934,0.21843467030859134
-0.1980688652225765,0.21980358899924274
-0.20960978827535603,0.2302939105395127
-0.2112701238047958,0.22276184043826763
-0.2044272031349503,0.22522321515215193
-0.200502228725767,0.22087228751977694
-0.21462008530985596,0.22135828651866848
-0.2037720860504583,0.22090354813594398
-0.2093124219240913,0.22625652566275264
-0.1983152163075989,0.22418558018446058
-0.20219713182392857,0.22373875123735942
-0.20765041473785056,0.22544435269697077
-0.21254867545156161,0.22194246878436155
-0.20380038208920323,0.2176355520048414
-0.20908592860640712,0.2213047065617921
-0.2078841355498029,0.2186117278245018
-0.20554503682960035,0.21225923936874588
-0.2084170836944108,0.23104185075229114
-0.21074792273976184,0.22291615279207633
-0.19589712791855454,0.2197606193481771
-0.2051752736990691,0.21950045329164133
-0.20801230575678753,0.22151129437889397
-0.20276175703314184,0.22133850705722044
-0.21053118604694837,0.21883955171543198
-0.20513444717881518,0.2207783648517626
-0.1994878460026261,0.22392413429068264
-0.20672530252160023,0.2138753130358557
-0.2038543355010557,0.2190065018497177
-0.20233374697936052,0.2263320431125688
-0.2111836067671524,0.21683524332750098
-0.21328907055858273,0.22662527602347743
-0.20248948364128014,0.2179116191365637
-0.2096664870341656,0.2198744234430415
-0.20996012850429016,0.2157440769311322
-0.2020631166563803,0.22388647480020568
-0.19756213322087682,0.2306213744566826
-0.20801912444469378,0.21859267305109248
-0.2038515420986517,0.21561958117007116
-0.20757956928166932,0.21836428204280753
-0.20025939100075396,0.22721950623717074
-0.20274528372145778,0.22205431609807882
-0.20606785406659256,0.21468099350700007
-0.20818849713761978,0.21120325706668816
-0.1971050075869556,0.22115993615896573
-0.20947967162319958,0.22211479265610531
-0.2031237698511276,0.2175353235865159
-0.20891653396663262,0.21639591215704612
-0.2036616525097695,0.2191405267991126
-0.21212626282237246,0.22355997205279646
-0.20896252660058792,0.2163763147903236
-0.20179973249015834,0.2194481589221151
-0.2048255814064907,0.21878900686551836
-0.20367957560795477,0.21538498995326194
-0.20585499242045177,0.21008536713263412
-0.214643383104283,0.2178184256813159
-0.20425956335775086,0.21546803564608896
-0.2133181343984801,0.22820012464621567
-0.20361975289694523,0.22092997470104958
-0.21084342615936003,0.22337116688177727
-0.2024141438127046,0.21704986770435183
-0.2136815414383333,0.2195090039138953
-0.20945494792701927,0.20668502685532325
-0.20199683736521323,0.20630022682734986
-0.21732555688250377,0.22124980804452032
-0.2054751608276893,0.21632736487001028
-0.20350098453468587,0.22182752062579567
-0.2018029516645514,0.21727647484142046
-0.2060092085685117,0.21107454456088734
-0.20433819376943727,0.2213827347266642
-0.20906714344306448,0.22194785824210406
-0.21767369851900165,0.21612855690193905
-0.19596479838764652,0.21326055995600912
-0.2156266074063444,0.21524111346522465
-0.20536605129232283,0.22397709262109244
-0.21364951531462253,0.2131922665208311
-0.2074651165768838,0.21607033579686433
-0.20625986960498438,0.20432994674461696
-0.21737250593808016,0.21394853565908636
-0.2061318871259373,0.21568515805990995
-0.20661534078166358,0.21356205493453542
-0.20737757509490726,0.218310718741168
-0.21422701235249988,0.2113175409434747
-0.21080647286322152,0.2160933507024843
-0.20015510088815938,0.22521493835294484
-0.2098401259838919,0.21544910528344496
-0.20760903165511407,0.21891155952868632
-0.19703110829793974,0.22514731627022094
-0.20130259625335234,0.22364377834946944
-0.2041225596864509,0.2222898247295118
-0.21427694161682603,0.22673133596057227
-0.2140794004132777,0.22188770334416832
-0.20484322335461108,0.22332761592990036
-0.20517787155598924,0.2209061339204227
-0.20911804581430002,0.21797935844337835
-0.19828473959160914,0.2158518440333121
-0.20642914377898938,0.21027213238427073
-0.20769441475684977,0.21505219357798366
-0.21406346405003465,0.22471344236709917
-0.19669208869498597,0.21772811475205953
-0.21429696030332737,0.22705722914873686
-0.20994097579388185,0.21639599263558362
-0.20328709704092482,0.21480585155847753
-0.21529238943779908,0.2191571360848144
-0.20176103901972142,0.2165418314579782
-0.20330919493657823,0.22243296052466804
-0.2100828720547399,0.22354212037345148
-0.20281530875879375,0.2234207681726956
-0.21093364214795135,0.21676709760112986
-0.20434714530339532,0.21049685542599608
-0.20697373004756406,0.21517461066560448
-0.19971955215746354,0.21705407247818026
-0.20516208304687458,0.22338768940689632
-0.20113848215642635,0.22278384617328656
-0.20446474007885912,0.21694156026359399
-0.2067988607639581,0.20912963783531002
-0.2081134274439559,0.21368858469314866
-0.2069110379668963,0.22075336367828197
-0.21191673260434393,0.22356303872658936
-0.20358151906458585,0.2292191876055386
-0.20238764364989564,0.22143462886761492
-0.20457709991793221,0.22026750453308294
-0.20691084660716802,0.2258817954363231
-0.21237902282778293,0.21729637845267716
-0.20662769411780058,0.21985551899193062
-0.20765430833653487,0.21375038540193672
-0.20878403065183065,0.2199783030225533
-0.20968713745271822,0.21626437805008908
-0.19970140952072654,0.2163353961665924
-0.20396024353644668,0.22336931264973858
-0.20664481941981236,0.22228670113400012
-0.2077844566011716,0.2177014079820558
-0.2085755862576544,0.22180037975461095
-0.21320370442525385,0.2184430085894353
-0.20776132140730952,0.21798956130952082
-0.21485472486642387,0.22107663690714274
-0.20793579672522122,0.2252117701416988
-0.20958619438963116,0.22383143777087502
-0.20578036800486452,0.21139612246242032
-0.20992931211411947,0.21601177445379052
-0.20711901390827728,0.21760414421858448
-0.20675868248388785,0.2092880579821353
-0.2106814648781471,0.21641421552880682
-0.21928147257524053,0.21211422923589587
-0.19905070118644977,0.2087952807252321
-0.20701388273221585,0.20569135711659733
-0.21646148137133242,0.21478621895133085
-0.2061349977991756,0.20965672753723585
-0.2099260714391622,0.2110835948754036
-0.20555601659930897,0.21694087123884076
-0.2067941020925504,0.21182594984140582
-0.20301432171399333,0.21210170057508243
-0.21288459305718802,0.21601550007839687
-0.21514747207946522,0.2121605177420671
-0.21319932497728014,0.22252979349246624
-0.20651152648492083,0.22070788422452148
-0.2058230969198265,0.22531969749524264
-0.2031107896898895,0.22086798242165487
-0.20179427357317872,0.21906922291508105
-0.20857745068570477,0.21247500496668395
-0.20874428213632126,0.21375539868756072
-0.21084184070160827,0.22396716562931276
-0.19586528358218794,0.21859699268107588
-0.20482234514921815,0.21644454146491396
-0.2114556329514807,0.21873092523558638
-0.2189745966250042,0.21341923123707743
-0.21123979677618215,0.21488344578140706
-0.20667787478696276,0.21182052974025017
-0.2168088525810025,0.21563979377204093
-0.20996970084792552,0.21466050375522985
-0.21371360607545362,0.21441566275548032
-0.20575612084727127,0.21971708427949524
-0.21074590156286135,0.21375673825527725
-0.2029929717544249,0.22091570528303864
-0.20525502214401828,0.21525768653469407
-0.20792175991333223,0.21390803250745083
-0.20097211186684044,0.22200454955727997
-0.21080586824566985,0.2165719016584803
-0.21112394945745572,0.22237747430706836
-0.21364698727570203,0.21159101545168715
-0.21012722627472685,0.2045245890153698
-0.20947533593724382,0.2191260610287126
-0.20687032872269617,0.22228492629351831
-0.2062863820889956,0.21157063102305665
-0.2013803126316851,0.2083204826608589
-0.21250603292915338,0.22254143816983823
-0.20209723963001067,0.21622733279279657
-0.2098510223633718,0.2152629895963476
-0.20933983433660433,0.22197124552908717
-0.20504585043720716,0.2222526045345086
-0.21367784933271883,0.21421289021244164
-0.209703697712366,0.2182559010454593
-0.20254081588120254,0.21101442737979798
-0.20723668275566165,0.22131526636887466
-0.20454027984876644,0.2214380468920466
-0.2070877812312179,0.21696505393790697
-0.20667038929569984,0.2138526797413086
-0.2110510407177462,0.22637389588798368
-0.20881172028382117,0.22018987728348488
-0.21198943607103624,0.2175474471848376
-0.2005842529542207,0.22213348137761937
-0.22424573603434872,0.21426437171391247
-0.20335550914436862,0.21752290382964565
-0.2064652376256945,0.22217017255307514
-0.20887883385821646,0.21728651353477127
-0.2106203339052387,0.2191360590021203
-0.20216298423832957,0.2102164975128625
-0.20995792070526156,0.22191632667678285
-0.2138755807795165,0.2178674999411609
-0.20570963646593365,0.21949178739060085
-0.20448390574353764,0.21978210980855353
-0.21586551122767125,0.22354782707591667
-0.20740262045032565,0.21671077493779697
-0.20798473045056426,0.21163513306380222
-0.21053750223446993,0.21570613023832255
-0.21162050270297528,0.21944454497167618
-0.2172568620876264,0.21163032117826253
-0.19973938931070195,0.22134697925352437
-0.20660489282666158,0.21553810212228947
-0.21403106649766865,0.2167619388708738
-0.2079759578174636,0.21813317636138682
-0.21097550516411875,0.20921392057991015
-0.22194496245890502,0.21829166224649038
-0.20832325010073524,0.21634617949632798
-0.2058590198960399,0.21255082568229858
-0.21156042809790043,0.2138744357333236
-0.2074021391554237,0.21633240205642804
-0.2024880757327102,0.21769848204412087
-0.20764949387034504,0.21710037038907368
-0.21814006480631576,0.20718598251395484
-0.2093291947710235,0.2232394854499646
-0.21235273813969888,0.2230836719539248
-0.21430046548472992,0.2079145125960564
-0.21025461169821744,0.21255412780321906
-0.20805571801475978,0.21526476504714925
-0.21181384200134704,0.21462979356437284
-0.21490641434201613,0.21351232651523638
-0.20552136022228146,0.21676368904500895
-0.20999386193435324,0.21870612944930715
-0.21066279725201434,0.21426651609649983
-0.20616304511388683,0.20954355898043805
-0.21515464488985342,0.22321951736067974
-0.20902143725439767,0.21777546891367822
-0.2094382657641131,0.22097326630298714
-0.21607839194877415,0.21711217084378537
-0.20932219685682046,0.20860124880900688
-0.20752536751175657,0.212776425986944
-0.21613593167070408,0.2164216967768974
-0.20612854125594107,0.21345870542419762
-0.20307736190310535,0.2073281026689728
-0.19176233647092877,0.21817682202367872
-0.2097176520703672,0.22360808349521294
-0.216499071946802,0.22106108417914178
-0.1995930918912553,0.21320941607314714
-0.19931558143224565,0.21460100687301054
-0.21925813098585945,0.21584889885450043
-0.21362948140459184,0.22162482114429005
-0.20038121079043153,0.21339906324903124
-0.20818045803580584,0.2141531498208847
-0.2007242620880699,0.22250547116648034
-0.21052334551081106,0.21764136310263454
-0.21083588425810443,0.21342969756924396
-0.21203433715559047,0.21688242019686382
-0.22089865524911384,0.22119121673627012
-0.2059970036334212,0.21648733334100906
-0.2118614615231701,0.2128898827353793
-0.20554168309607831,0.22012074737244883
-0.20286958714981168,0.22238049972263157
-0.20427118071199063,0.21256307113421408
-0.20992554354224138,0.21201577011148143
-0.20486746687036494,0.2167678619127082
-0.2210030536412037,0.21551845657931804
-0.2144743630057793,0.21316911174032815
-0.20026019213269908,0.21823697666008032
-0.21341222788250894,0.21613450726173045
-0.20762863828735462,0.21783316976815553
-0.2102124682837245,0.21327899021779886
-0.20339637834894125,0.21236081016932046
-0.21612285061702693,0.21223296991446158
-0.2093280302618566,0.2107330606386698
-0.21100389751944235,0.22144189710485754
-0.2164457440304797,0.20787353391158345
-0.20911562625564226,0.22011676152620882
-0.20861639407888385,0.21742951179551598
-0.20955934578141996,0.22020013582276918
-0.2078790579050837,0.21923150188083618
-0.21079953657744938,0.222464480874747
-0.20680292078637008,0.2139308091153256
-0.20951861608654695,0.21716805822753538
-0.20616193007994693,0.21209820699600704
-0.21347601556345697,0.2107633855260645
-0.2058511237857242,0.2043154705094398
-0.20947567212597298,0.21599321889364667
-0.21825261664709875,0.2102088541498823
-0.20630886250503663,0.2050042916916614
-0.20728506736180743,0.2062794786981448
-0.20951159643479186,0.22266213059984222
-0.2083767945637045,0.2151504466589982
-0.2075278077255354,0.21317586384420809
-0.2115180892606524,0.21278148053163573
-0.2157853735704579,0.2178032354133659
-0.204321374591144,0.21186749176766062
-0.2058135715689951,0.2210891042730139
-0.21048984979158364,0.2133817117143845
-0.21446139789408025,0.2175282469507348
-0.2127888648896615,0.21834937002202848
-0.20754255592746046,0.20336589421015358
-0.21062415553085007,0.21229559647038276
-0.21259479805820636,0.20606253763013666
-0.21279470191933633,0.21388351582255596
-0.20706487376142316,0.21610272766101363
-0.21407798171235334,0.2117461259824348
-0.20959569462235672,0.21448868901277068
-0.20890566245736678,0.22471505874812878
-0.21151207310444042,0.21822120883036308
-0.21033730836749104,0.21293695895516973
-0.20220330547440704,0.20998676585146397
-0.21148515294008582,0.21751616228306125
-0.20717292967075857,0.21839605637834758
-0.20106480829084425,0.21624131208496067
-0.21129859854354197,0.21883308694041329
-0.20934371695173612,0.21583003263384762
-0.21874355030480072,0.21535207897467493
-0.20933426156537457,0.20668916795651124
-0.20120973413556587,0.20270512321236972
-0.21739882027127544,0.214483694212807
-0.2030330074439239,0.2094863754329579
-0.2058054313096966,0.21223471102338254
-0.21470526588348812,0.2101574768860596
-0.21608401807039176,0.21204883479135028
-0.2073674475938293,0.20607986830091235
-0.2077730302369269,0.20934476867929486
-0.2085622050253316,0.2113127330832388
-0.2164537489886714,0.2156420336161614
-0.21231507422943074,0.22161852004441374
-0.210977575106374,0.20968185516612603
-0.21778504894735043,0.21365221835576179
-0.20753149199639695,0.20415391986216572
-0.20298539447262398,0.2097778987575911
-0.21564998586285997,0.213853370633398
-0.20215951026982198,0.21092814064165283
-0.21805338809258565,0.21211273105759262
-0.207426563106741,0.2128613678423951
-0.20367110862793797,0.21403320581288485
-0.21179718827167016,0.21065938218574243
-0.20959116912283215,0.20769047977328894
-0.2198109382377588,0.20651195485577706
-0.20643705967752368,0.21564549324842383
-0.21318662344973216,0.21685143506331112
-0.20689123128001607,0.21044885179368783
-0.21246626523732795,0.21072626817299295
-0.21323285046934068,0.19948038352314226
-0.21225352224166394,0.21146992529408493
-0.21346317060698078,0.20569065024213137
-0.20422044278513757,0.22874190402830896
-0.21019507272367183,0.21246435591657814
-0.2186962480420883,0.20994358309596717
-0.21633392782053296,0.20873781347209663
-0.213732797563253,0.20838968233026525
-0.22004514092457464,0.2100314209702052
-0.20670855276268124,0.21576748767484724
-0.2065038378494372,0.2092457821805023
-0.19808422919643362,0.21813379610613004
-0.20415571180738298,0.21920973873685745
-0.21341883910890316,0.22469832694879846
-0.21498559570932013,0.21531852632604345
-0.21307374776258614,0.22197295646305557
-0.20565760129279956,0.2164616940344892
-0.20215353292788305,0.22038592013354286
-0.21291907742019217,0.21675930492702172
-0.20878941024695635,0.22077468154287316
-0.20957377057200222,0.21682072076419912
-0.21508360883533806,0.2167797665236024
-0.2146251356018132,0.21211445711023363
-0.2084612134079968,0.2078579075780538
-0.2076197699190969,0.2117772086748777
-0.21474309539485495,0.2055891849393707
-0.2078768214435909,0.21152922170995508
-0.20442194949068673,0.2133087158735906
-0.2209816041787902,0.2144440516883917
-0.21764137014805934,0.21317206914849318
-0.21391268504262037,0.20906255742425237
-0.21851929298464218,0.20614154394623063
-0.21478334887991482,0.20682965038318982
-0.21818401335192147,0.20266945353501623
-0.20365267960238365,0.20661208367607997
-0.22296175841068352,0.2117604124520935
-0.2101976752919883,0.2070278452645398
-0.21197348636268953,0.20501109980333432
-0.21228249068657695,0.2088953004793966
-0.20976323758675067,0.20722722221678397
-0.20956323753891337,0.20861919481539967
-0.21072905319709054,0.2051278169710138
-0.21642755757431756,0.2179719639880193
-0.21393460371495557,0.2089775411057401
-0.21274622810571442,0.2127068202269286
-0.2073205316249362,0.2119710252312221
-0.2125949475969289,0.2100130373782522
-0.20922103717734064,0.21226633031794562
-0.21327457734970465,0.21300996525768884
-0.20491149171653877,0.20761283840849337
-0.21476922377867072,0.21435026701411308
-0.2252814674915311,0.21153573808919807
-0.20504987125366603,0.21204286839969186
-0.21311378913286985,0.21194832641416905
-0.2009985697027768,0.2106392505291033
-0.2055310130413596,0.2125855884663853
-0.20230770828280514,0.206848626141077
-0.21645632309058668,0.21407124342926612
-0.2078541163287421,0.21115511490645852
-0.21428889969030973,0.20940413057390858
-0.21888373609365774,0.21643866627269473
-0.20894738410696076,0.2041425068970308
-0.21364737273999473,0.21947763723655542
-0.2075362579235957,0.21147203268149384
-0.22057936132879943,0.20683469813475813
-0.20207062724135755,0.2131159126565136
-0.222885195110168,0.21955390561458846
-0.21068043710644768,0.2099514707002564
-0.21524058729747816,0.20524703018750817
-0.21320089815772525,0.2106953805263032
-0.2154726714186612,0.2087963680026583
-0.20668463047548113,0.2107991078952762
-0.21265067038063312,0.2140102343884668
-0.20802061822163698,0.20890732586380764
-0.20901070549769146,0.2154165169561144
-0.2132013523940125,0.2061952590894028
-0.2079899890926058,0.2020733941732302
-0.21516706388432602,0.20645067732526848
-0.21777760977028116,0.20911936895901764
-0.2070082903750633,0.21470265196683838
-0.217336705930911,0.21337347822430267
-0.20487230342083046,0.2134633550157407
-0.21118840250508958,0.20919227429716322
-0.19941430993306372,0.21300663301758752
-0.21362072956576067,0.2170509785201413
-0.20836652643140596,0.21988956534012652
-0.2140554090904933,0.22121797273660934
-0.20672477761423386,0.21012843801225653
-0.2104063061093905,0.2168889239627026
-0.21215422140302445,0.21651565854303412
-0.21213968156579197,0.22306490434958642
-0.20228784007620987,0.21409987825336704
-0.22029954125717777,0.2141395669723683
-0.21118268068849766,0.2137300788909842
-0.2200077163662591,0.2097146378437467
-0.21885704527279304,0.2146242909094393
-0.2092095991629648,0.21093494161387477
-0.20429693404197907,0.22241375202177252
-0.20943384880203297,0.21582320532718585
-0.20596950525964994,0.21369347359370736
-0.20524673240781527,0.2188566886776324
-0.21719514446820593,0.21720174149558247
-0.20135670567640207,0.2119625052154423
-0.22250164207088519,0.21864133964254473
-0.21687232457199326,0.2147891785322262
-0.20798286692207787,0.21559717590890332
-0.20758268247079403,0.20723765018618395
-0.21460299008410416,0.22190164977384902
-0.20524572284997647,0.21661891669824815
-0.22215263834768895,0.21385885343526564
-0.21542579965413616,0.2101862405488734
-0.20680329382074492,0.2113881216478845
-0.20685984687388975,0.20763595442531
-0.20290365327106352,0.21020316830216723
-0.21277129804641437,0.22102542672999478
-0.21450335414888635,0.22033669280633392
-0.21037882737477995,0.21920407119686636
-0.20659358101127723,0.21936950201678826
-0.21815426189063422,0.21843529831265285
-0.2140991269538554,0.2103441666518004
-0.21154433219581875,0.20929518053005267
-0.21572545665181955,0.20831783576420076
-0.20790393170970342,0.21341274521443232
-0.21043876042775472,0.21404003451724693
-0.20962913648722417,0.2205493525361753
-0.20826748829732694,0.2072264875198015
-0.21482245546442943,0.20735999880686562
-0.21136008144381077,0.20374554371708123
-0.21564506381898066,0.2084355545713342
-0.21466940416359276,0.20781980973807604
-0.19973868411542353,0.21455625438712597
-0.22535434550015349,0.2064774191443494
-0.2077860407631382,0.2096599856803827
-0.2034131022624564,0.21633514032533896
-0.21987113869223124,0.20942007202256493
-0.21262415729727036,0.20647590079300818
-0.20854916551492858,0.20806120889626092
-0.21491319623032365,0.2081608380150935
-0.21896551750961601,0.20768768513359948
-0.21874147321330054,0.20232732623805938
-0.2092920248628235,0.21187821412242455
-0.21751090823903454,0.2104134951592803
-0.2171635447926332,0.20851469241867165
-0.209867844598335,0.2053658876642483
-0.21291063380124192,0.20974505516958436
-0.213448050013685,0.20738394608058064
-0.2033043687361692,0.21033755841933333
-0.20507694937425097,0.21760182530461486
-0.20991326516007552,0.22083758410823637
-0.21433239904671442,0.20916355170314788
-0.2042827487799184,0.21229665500922876
-0.20366509032757948,0.21396589635196192
-0.2097443280223951,0.2118726412555263
-0.21585828203983443,0.2116464515465318
-0.20974008937576133,0.20861269016981251
-0.2159803033082991,0.21402156140368922
-0.20840699986116448,0.21247672139168172
-0.21694046671520392,0.20840164239406034
-0.20933464498838064,0.20975155976951446
-0.21927531480049386,0.21184745565007232
-0.2109981734894621,0.21561591107518932
-0.2168173149211578,0.20907706974470036
-0.22016385813978911,0.21100940013547673
-0.2106296428958575,0.21388464552169303
-0.20670660972308452,0.2110916673162781
-0.2096145397601085,0.21402725664676472
-0.21317641709276858,0.2126865801919917
-0.21486163360613547,0.20858044810441173
-0.21569467097160921,0.21472009381003676
-0.2120245336568148,0.2162464290103043
-0.21091039458218053,0.21292810026381298
-0.2076609402125703,0.2081329020777811
-0.21785367207234185,0.2054649689875027
-0.2149581442396172,0.20767549364808066
-0.2008626899535075,0.20674078049790393
-0.21374013952673784,0.21943419515092463
-0.22163330813242893,0.22215258898749046
-0.2088367539275275,0.21325898117240694
-0.21367060915079536,0.20584125073942455
-0.2058725589709388,0.2142611969791308
-0.20607996043042742,0.21699063506920538
-0.22050179908088635,0.21875319123311038
-0.21118946867203758,0.21632728335610787
-0.21569190109260267,0.21177372782296833
-0.2087725093709651,0.20014825312598467
-0.20953343924160006,0.210876270091552
-0.21280407123010678,0.2111350195261045
-0.21087615123552242,0.20022544868114825
-0.21348150461195303,0.21101239510728195
-0.20848641159101533,0.21435349873209064
-0.22026327634404488,0.20916984367858463
-0.2183478778762463,0.21593246064970806
-0.20976953758526587,0.2124251559711398
-0.21426017633378783,0.2147044573921953
-0.21646880071500682,0.21024862084650026
-0.22286727681312118,0.21259247719843752
-0.20462791400565294,0.21200387723945815
-0.21121492187845775,0.2135422704603811
-0.2184442457398963,0.20892779207470302
-0.20459940693871648,0.2176190397553511
-0.22079447005404296,0.21270630919024922
-0.21603674833286338,0.21265794725904225
-0.21518284442688287,0.224111328336667
-0.2110986605482182,0.21789391356663734
-0.21099596236648205,0.21218152567997406
-0.21819236528696614,0.21491980320081752
-0.20655934471701148,0.21561514183200736
-0.20596970527992864,0.21048163813961476
-0.20858962775207399,0.21904902597967743
-0.2124978004016146,0.2086360628199715
-0.2121762451254005,0.20962069527349966
-0.21978604976174757,0.20162799973142748
-0.2065265690335441,0.20960665807092543
-0.2159228137630759,0.2093551875056751
-0.20821314481823466,0.20785963425941884
-0.21069674718534698,0.21142505179090598
-0.21676373923628697,0.21570284892049962
-0.2207823149542757,0.21670391987965126
-0.20528564910669445,0.21577418296972115
-0.20519606783893346,0.21069474437769592
-0.21734486338568404,0.20851206909504602
-0.20574457791200712,0.20375654422911932
-0.21624803586808528,0.22475978870550134
-0.2169527554453966,0.2102762862609649
-0.21353593347084418,0.2055834183214553
-0.21613377258398958,0.2043732446759556
-0.21597225093719594,0.2003760126436472
-0.21695448937418646,0.20919496465724136
-0.2204782206416824,0.2036925289265941
-0.21001783855315384,0.2035247332135343
-0.209529035009335,0.20384820073795787
-0.20996692277391354,0.20729997441731984
-0.21069175974738671,0.21178680013242138
-0.2120057281915105,0.22176566228255845
-0.21048108417467168,0.20879917273126306
-0.21642347234301454,0.22125810235770538
-0.21115373232679988,0.21404581808285114
-0.2100622042669478,0.20951888481430503
-0.21111047936368932,0.20838434370064896
-0.21880658115547802,0.207123595818532
-0.20143057382910182,0.21713506642265365
-0.20984986717319976,0.21947254692296436
-0.20888402604441383,0.21274239090109498
-0.21305517374854105,0.20954358040977766
-0.21192070536911278,0.2124808684169982
-0.2175630869040139,0.21000516459338978
-0.2179542849863518,0.21059010628219538
-0.2002500894107169,0.20967479112402518
-0.20983905512140924,0.21080481286366665
-0.2048175904757708,0.2175263969835344
-0.22025270877114353,0.2154094679004563
-0.2140644672363447,0.20359962615537058
-0.22151037605285678,0.20724300985741773
-0.21494795225650284,0.2081613396690313
-0.21732091570475942,0.20998859188695848
-0.21359420267402002,0.21030086484903196
-0.21092472856542202,0.20327782838981565
-0.2176646894409432,0.20718706324068253
-0.21179983688490037,0.2060499916750676
-0.2093276480791953,0.21274934833092504
-0.21574678665251185,0.20871116921337568
-0.21755864177918252,0.21306575153072863
-0.20928728249452136,0.20697318854592184
-0.2154305981891498,0.21137033790069404
-0.20284772198633372,0.20872188461122543
-0.2060536178688857,0.21309636447554467
-0.215530998328231,0.2089230011614758
-0.21704229972926734,0.21048537758446262
-0.21269895780800144,0.21129933487486446
-0.21233514683850022,0.2123511818417198
-0.22144259192814542,0.20790299973898027
-0.21735029372250886,0.19879939415728026
-0.21211433125661813,0.20730730168638573
-0.21292371668801452,0.21343362202014143
-0.2099710742008761,0.21053998738219848
-0.21324557025882734,0.2106192251815745
-0.21257930654797283,0.20621393180116795
-0.20905823673702648,0.20077746499415158
-0.204920256804206,0.21808485325240173
-0.21369836353888183,0.21031309150992256
-0.21177213481408858,0.21305296647706767
-0.20803728644654,0.2173493013819656
-0.20856950175780786,0.21096607932216652
-0.21545759388534838,0.2090164729584395
-0.2162270860853033,0.2059571270255169
-0.21559802106385761,0.20952581991521296
-0.21360497984793989,0.20399450694102472
-0.2110622569352019,0.20961534433088325
-0.22024616325633614,0.20693407903318856
-0.21305113075492477,0.1965143321317233
-0.2144523246016665,0.2079412646740397
-0.20652426028059404,0.20783945870173948
-0.2122307371196239,0.20626045870429274
-0.2225508458544925,0.20983633829170134
-0.21675195475320017,0.20722439368184922
-0.21190940090811758,0.20111890567191945
-0.20940917903467485,0.20321406361200392
-0.21738780595216145,0.21459551781760572
-0.22174565513574943,0.2034590765002466
-0.20850043602111185,0.20316366015969886
-0.21276446426703982,0.2071650118062936
-0.21354520474619593,0.21151469035140535
-0.21492559857116222,0.2101673354209497
-0.2095463002416797,0.21060999301446814
-0.21628233847883516,0.20798937987168215
