aval,lambda,lambda_sem
0.6,-0.4914109699736481,0.004302658348902483
0.7,-0.3328704466047892,0.0036584575559455777
0.8,0.4073711072889111,0.005178421995310772
