aval,lambda,lambda_sem
0.6,-0.48801815206071397,0.002939164448927059
0.7,-0.329407067584543,0.005793349107702339
0.8,0.4067602560670405,0.004252325848622381
