aval,lambda,lambda_sem
0.6,-0.4895434333869077,0.004529262507677652
0.7,-0.32613532306033177,0.004638404060855857
0.8,0.40869454822002355,0.010351608816094026
