t_step,value
1344,0.2744976670774625
1345,0.2804594637864284
1346,0.2845643137031294
1347,0.29234757859905536
1348,0.2777515362790589
1349,0.29031634221052005
1350,0.2834699613784627
1351,0.28567264393429137
1352,0.2922431337721389
1353,0.2840792123208681
1354,0.2880604959530387
1355,0.27913979801132727
1356,0.2904965692272528
1357,0.27065159016658447
1358,0.2962022599620404
1359,0.2818031290169399
1360,0.27728660670017513
1361,0.28574124498641684
1362,0.2860642126079744
1363,0.27884819396975125
1364,0.2838473457600657
1365,0.28497752123849796
1366,0.28055856559546993
1367,0.29135895397386635
1368,0.2832669044673072
1369,0.27694479401762495
1370,0.28707968844875675
1371,0.2775027740388847
1372,0.28069124960360387
1373,0.28319141616337606
1374,0.28786522228242206
1375,0.2838158652173913
1376,0.2873432126433684
1377,0.2898528037487832
1378,0.28312266130364977
1379,0.28039611601869907
1380,0.2807710912858256
1381,0.2849868342951724
1382,0.27928536529987613
1383,0.2884084304238383
1384,0.2841940156545935
1385,0.2915061173945316
1386,0.2883120971571851
1387,0.2767864797104221
1388,0.2934593637840483
1389,0.2778115438601346
1390,0.28310837254222865
1391,0.2816958991608526
1392,0.2834156429366158
1393,0.2801433372069532
1394,0.29398491897858364
1395,0.28651691187258227
1396,0.27972847337438295
1397,0.2862797319139564
1398,0.27621125234141164
1399,0.27815835314547327
1400,0.28151424562302346
1401,0.28621548724496765
1402,0.28359866035227044
1403,0.28251229269935685
1404,0.2846788668704606
1405,0.2829617166048367
1406,0.2771328223121336
1407,0.2864024480952706
1408,0.28595780329058423
1409,0.2812166285278448
1410,0.2853307153249058
1411,0.2927603862915199
1412,0.287327282812534
1413,0.2860322847299048
1414,0.29350723129441314
1415,0.2826261955149585
1416,0.28184156134171906
1417,0.2845028406046372
1418,0.2886429957699361
1419,0.2763067077686194
1420,0.2754272198755341
1421,0.27837606356013683
1422,0.28695186965689934
1423,0.28153201226296704
1424,0.28644416388773347
1425,0.2893004802340633
1426,0.29328847990969464
1427,0.2933123758815372
1428,0.2870997556081401
1429,0.28493013957481145
1430,0.2886317586919719
1431,0.29059366056946045
1432,0.28992066830031055
1433,0.29669657879870215
1434,0.2876855810945926
1435,0.288899893338111
1436,0.28736376665963015
1437,0.29020450229563566
1438,0.2775461832745585
1439,0.28929725871905176
1440,0.2813551118302366
1441,0.29454970644450784
1442,0.29320757857082164
1443,0.2874471267641321
1444,0.27518379257741477
1445,0.2838693042391043
1446,0.28925470807301973
1447,0.2908364160435297
1448,0.2909396202002044
1449,0.28958162239471524
1450,0.28605369142885884
1451,0.2852623421005394
1452,0.29187282623159755
1453,0.28909850815804855
1454,0.2869318423960125
1455,0.29173271084374475
1456,0.2824495144561513
1457,0.2918001723566545
1458,0.28745814542915554
1459,0.28770620106891326
1460,0.28410986086755113
1461,0.28825641746353564
1462,0.2847847102280748
1463,0.2886532198524147
1464,0.2940663702961962
1465,0.2844929375174808
1466,0.28865171954997754
1467,0.29646869342608845
1468,0.29252379443925997
1469,0.2874861159335989
1470,0.27973919951360543
1471,0.28432730433415715
1472,0.28923954238748584
1473,0.28212488623071624
1474,0.2892182820169419
1475,0.2794280539884062
1476,0.2906272758230886
1477,0.27841206497920856
1478,0.29967905421006286
1479,0.2810508043400188
1480,0.295354728790582
1481,0.29088652246998314
1482,0.28357943907940414
1483,0.28532709314781235
1484,0.27633242756456283
1485,0.2905005721719821
1486,0.28883390744623033
1487,0.2860507465598336
1488,0.28054606338805493
1489,0.29057158351550993
1490,0.2896554552652359
1491,0.28671663178042545
1492,0.29953707780950506
1493,0.2895833171975616
1494,0.29191441380113337
1495,0.28695927654222375
1496,0.28450953360686404
1497,0.28294988197685705
1498,0.2928126795023235
1499,0.2899099240130897
1500,0.29568777135352264
1501,0.28785358651618775
1502,0.29176927122857266
1503,0.2913850742264179
1504,0.2856358320750563
1505,0.2912158110474305
1506,0.29307404716723107
1507,0.2832011050049662
1508,0.2940488291378151
1509,0.2847852077326503
1510,0.2888928695087059
1511,0.28962212850554947
1512,0.2883566615513351
1513,0.28390970844486446
1514,0.28427254229117727
1515,0.2977712095998494
1516,0.2982196622991575
1517,0.285668965952478
1518,0.2881752964699273
1519,0.2901688650555903
1520,0.28817253017754185
1521,0.28913531583272456
1522,0.29608086245733606
1523,0.2951628418445475
1524,0.2899005760332702
1525,0.2942988316183426
1526,0.2938196813804349
1527,0.2885310780687585
1528,0.28908069386547625
1529,0.2828448215493403
1530,0.2890855887520149
1531,0.29131145846815565
1532,0.2827076270084269
1533,0.2866065411073763
1534,0.2785569957737145
1535,0.2849007997743923
1536,0.28481806161523227
1537,0.2935683391443476
1538,0.28124404435087963
1539,0.28819475146788953
1540,0.2937944852685444
1541,0.29601679813433085
1542,0.300573227832829
1543,0.2961451184232936
1544,0.2949420779037071
1545,0.2860401060814138
1546,0.27907274614316885
1547,0.29445335806063394
1548,0.28929472114840454
1549,0.29795992355883033
1550,0.2900138779029297
1551,0.2976987552609679
1552,0.2742223514349746
1553,0.2820239498537779
1554,0.3039998836636265
1555,0.2901196658846612
1556,0.2961271282445049
1557,0.2930106049636328
1558,0.28750382892675824
1559,0.2961416858732897
1560,0.28877916828802186
1561,0.29573336150223994
1562,0.2890769849110371
1563,0.28952925021262527
1564,0.30758471486692246
1565,0.289986109627794
1566,0.29156042427567214
1567,0.28752920705894014
1568,0.2903224742254302
1569,0.2825959136445872
1570,0.28380713514536965
1571,0.28692520506375796
1572,0.2909393879627784
1573,0.28800302830163904
1574,0.29013274946178536
1575,0.29603452516240464
1576,0.2905945163119319
1577,0.28276996623652956
1578,0.2920811966466986
1579,0.2885164958655266
1580,0.2891591292177738
1581,0.2891949745834268
1582,0.28739036582406546
1583,0.28461162768195786
1584,0.295144536589997
1585,0.2995630899202247
1586,0.2875474742679854
1587,0.2919717881650709
1588,0.2888612437258842
1589,0.2946367104761878
1590,0.2866252989127274
1591,0.2954400976406498
1592,0.30404926914666863
1593,0.29765849930346316
1594,0.29464857743827366
1595,0.29504741663275824
1596,0.2966571704407009
1597,0.28179864837952745
1598,0.28603469432363715
1599,0.2921084667543061
1600,0.2902154553395229
1601,0.29605330259254936
1602,0.2840720806596204
1603,0.2864570374780762
1604,0.29419526672717183
1605,0.28995244333765485
1606,0.2911933490794471
1607,0.2977114200960095
1608,0.2850296923438789
1609,0.2917394260188505
1610,0.28989933558113445
1611,0.28798118997033617
1612,0.2903595028863894
1613,0.287551344139518
1614,0.29405486376543416
1615,0.2914405105899518
1616,0.28959441453057516
1617,0.29675400465084817
1618,0.29115630338295656
1619,0.28903964857372566
1620,0.28761465600843117
1621,0.2896177050999771
1622,0.2865493832261275
1623,0.28759619981032297
1624,0.292821295058898
1625,0.2902290138558848
1626,0.30142043643196614
1627,0.2957222517715082
1628,0.29158526113728084
1629,0.29306279249069284
1630,0.28651713891347236
1631,0.2953778251848592
1632,0.29733526479554123
1633,0.2871697555797184
1634,0.29646351550537786
1635,0.2825666070007179
1636,0.2925768999772348
1637,0.28417960883537713
1638,0.29515764948165407
1639,0.29606672924111965
1640,0.2884540993754049
1641,0.2906423242622408
1642,0.2914630993413321
1643,0.2986242586994462
1644,0.28933408355543344
1645,0.291391020551994
1646,0.3031647816379885
1647,0.30432586002801704
1648,0.2905701607239298
1649,0.29556192823767946
1650,0.2968518393679505
1651,0.2967665584029694
1652,0.29710307493838367
1653,0.29466697682651694
1654,0.289221506172255
1655,0.29232820516035707
1656,0.2985650417371538
1657,0.28977247542697854
1658,0.29581777260758974
1659,0.2893644293203163
1660,0.2947092296298513
1661,0.2891862888025915
1662,0.2983307494527028
1663,0.2918006500406882
1664,0.3044080485915838
1665,0.30392562202868795
1666,0.28817440650144954
1667,0.2985095820529318
1668,0.3020304045114322
1669,0.29077825390052164
1670,0.2992449969958767
1671,0.29196077262684145
1672,0.29630965921308794
1673,0.28963508793070747
1674,0.2891963031344187
1675,0.29370181505247855
1676,0.3031402548309102
1677,0.29195109325626306
1678,0.2895875628379026
1679,0.2977716475725511
1680,0.2932735179791697
1681,0.2975573704261858
1682,0.29384861706765775
1683,0.2962480395336536
1684,0.29854273619728394
1685,0.29061069108843424
1686,0.29961818179892663
1687,0.29069280753888255
1688,0.2973949097930767
1689,0.29558759677000807
1690,0.29238781450999507
1691,0.29807042400398054
1692,0.2890008368155637
1693,0.2894321108522253
1694,0.299865686892836
1695,0.2962255642651064
1696,0.2936059817656544
1697,0.297210634930377
1698,0.2882717678483579
1699,0.3002053946506964
1700,0.29299234197721924
1701,0.30121426614573815
1702,0.29679954793177493
1703,0.2968808416456963
1704,0.29395652879105233
1705,0.3076767889205963
1706,0.2940660166315242
1707,0.2987189626002525
1708,0.304163763558506
1709,0.2958395399049039
1710,0.30505074679666716
1711,0.2971883369686456
1712,0.2755438993811027
1713,0.2965198963410645
1714,0.29627129671009317
1715,0.2980884665734458
1716,0.2878239794179984
1717,0.2916453631565399
1718,0.30242773185668065
1719,0.3000975198790398
1720,0.29134361436908196
1721,0.28964901357315337
1722,0.2996240467682117
1723,0.3030260872258381
1724,0.2968486477374788
1725,0.2948682315861778
1726,0.2972032500153839
1727,0.3004050003440123
1728,0.30103823582580225
1729,0.2887341296942471
1730,0.30287063239621925
1731,0.3018083149690664
1732,0.30053964359070284
1733,0.29171908824878606
1734,0.3004998099520463
1735,0.28907281993617145
1736,0.3028543633502086
1737,0.3028944073099774
1738,0.2955129931511335
1739,0.292797197567182
1740,0.29996882940466824
1741,0.28454781933753753
1742,0.29789852278780704
1743,0.2978062375231088
1744,0.302456511886667
1745,0.2986129272148562
1746,0.28886389849231775
1747,0.2883606562493804
1748,0.2867916690535054
1749,0.29895027822231546
1750,0.2949794824442893
1751,0.29765371775080574
1752,0.2955857548964672
1753,0.2929994790005508
1754,0.2973072839682503
1755,0.2974475169666472
1756,0.28952544137990577
1757,0.3019950608518563
1758,0.3039814404822871
1759,0.29461744031910075
1760,0.29494338720754615
1761,0.29175988794856195
1762,0.29760915858603565
1763,0.2948250679465733
1764,0.2965701196343556
1765,0.2966148645571129
1766,0.2914168421801731
1767,0.2922014392773357
1768,0.2879917312128086
1769,0.2924438908503157
1770,0.2945204288714879
1771,0.30053130566763764
1772,0.295499236137869
1773,0.2938797554437539
1774,0.29341622671270245
1775,0.3076617348860055
1776,0.28378657571504096
1777,0.29097568648281985
1778,0.29677239508328696
1779,0.2916562823009067
1780,0.29687713692667117
1781,0.29681852659755137
1782,0.2888876243036709
1783,0.2988542444572014
1784,0.2942690429169465
1785,0.30163715462873897
1786,0.29393292740218463
1787,0.3007802833230497
1788,0.2946548269300373
1789,0.293989600163077
1790,0.2893315299314628
1791,0.2943742285494715
1792,0.29339636074988146
1793,0.2965373610857891
1794,0.29508083412921776
1795,0.29034046556676635
1796,0.29808395760352946
1797,0.29768977995256374
1798,0.2961004719167047
1799,0.29879591899898894
1800,0.28744394516545274
1801,0.2877146890040824
1802,0.289449943359081
1803,0.29801141318086727
1804,0.2975038171718906
1805,0.28786890757440914
1806,0.3019697573962713
1807,0.2887459407879742
1808,0.2877963318850734
1809,0.2927283964014385
1810,0.2951140217197001
1811,0.29138775902841024
1812,0.293679792733852
1813,0.29739950423027545
1814,0.29521306314427903
1815,0.2957109493612552
1816,0.29108428705742584
1817,0.2950137585123243
1818,0.29633342352835496
1819,0.29358861873258
1820,0.30036303485053123
1821,0.30228526718603893
1822,0.2893642109849546
1823,0.2983184472145744
1824,0.30781758055139785
1825,0.2923678264489605
1826,0.2929306161229934
1827,0.28953200351260944
1828,0.29187257885941364
1829,0.3103333923913475
1830,0.29433007492021596
1831,0.2942657020522851
1832,0.2915466378434796
1833,0.30002331972391394
1834,0.29652436263436033
1835,0.2910110391453422
1836,0.29795885972601327
1837,0.30350449760462217
1838,0.2962880822590417
1839,0.2962211338133587
1840,0.3122812668733676
1841,0.2933803371960424
1842,0.30065462630929685
1843,0.2966936145475624
1844,0.2967491486058911
1845,0.3002715595447446
1846,0.30172859586314243
1847,0.30431938042021023
1848,0.29743866687412146
1849,0.29534810992882815
1850,0.29246808955460585
1851,0.29354485673829944
1852,0.2984224719625942
1853,0.2992805073418037
1854,0.30333788750067636
1855,0.30153164007292477
1856,0.29221730969343596
1857,0.3021350875775337
1858,0.30772873670139494
1859,0.299933322701522
1860,0.2909606410623619
1861,0.3016038709742824
1862,0.296879454280817
1863,0.2982869833125058
1864,0.2989445033786381
1865,0.30271720121424994
1866,0.30442163399229943
1867,0.30216678433720945
1868,0.3031928511443784
1869,0.29646063534915484
1870,0.29083925708049996
1871,0.29777246823137
1872,0.2938335324759575
1873,0.29820925570933215
1874,0.29985041968212434
1875,0.30195854398480915
1876,0.2939394850261548
1877,0.30570465966557325
1878,0.29884121506709854
1879,0.2912017350671621
1880,0.2991497429309616
1881,0.29857879908994117
1882,0.2924893811298352
1883,0.2850215975057817
1884,0.2921978123590119
1885,0.3014301346174237
1886,0.29974850984376783
1887,0.30405374378822736
1888,0.2930978242291688
1889,0.29756851716357885
1890,0.3043681383604997
1891,0.30191594941524025
1892,0.2927214912091742
1893,0.29754285429473964
1894,0.29475768888540405
1895,0.3153302482477415
1896,0.29904276278260417
1897,0.2985942749595524
1898,0.3101633151484393
1899,0.3081910645238514
1900,0.2985888019847328
1901,0.3077883071358999
1902,0.3131094153129009
1903,0.3016116638534785
1904,0.30116907869478404
1905,0.30856258556584404
1906,0.29533503182569065
1907,0.2946176145143099
1908,0.2974261741367409
1909,0.2990826767929504
1910,0.3055533120046873
1911,0.30094701287747516
1912,0.2994781421419631
1913,0.30175240853662905
1914,0.3016737876876561
1915,0.31032992731666786
1916,0.30550742885960847
1917,0.30179614238129676
1918,0.30757757966485794
1919,0.30518639519256785
1920,0.31019376472948257
1921,0.3039300453549789
1922,0.30303161920078237
1923,0.30171471624149687
1924,0.30347973679584783
1925,0.2993593076354595
1926,0.296420760024913
1927,0.3034893616741234
1928,0.2907803828717473
1929,0.29765969993813984
1930,0.3028649017349331
1931,0.30046325954100356
1932,0.30476456611936553
1933,0.2999155335669517
1934,0.301557492363874
1935,0.3017132380317188
1936,0.3000376738266058
1937,0.29992586038750224
1938,0.3000930690570621
1939,0.3074818904239242
1940,0.311677907912139
1941,0.297126879872503
1942,0.29840341364353884
1943,0.29260687526301643
1944,0.29481043209942537
1945,0.2990532329047004
1946,0.29767281310465427
1947,0.304688962478654
1948,0.30525770512959954
1949,0.3077758661957126
1950,0.2940557094249197
1951,0.29018606394484575
1952,0.30558010563867205
1953,0.2964805498277267
1954,0.30688019076278106
1955,0.3041613815604558
1956,0.29275934009981475
1957,0.299189375614218
1958,0.30513544032841045
1959,0.2955687930741464
1960,0.3018465377089063
1961,0.2987189871143136
1962,0.2949043361414263
1963,0.30476877921321993
1964,0.3062386629884637
1965,0.2982854788833956
1966,0.30634750212216827
1967,0.3137866880788365
1968,0.3029115866263601
1969,0.3071887534025107
1970,0.294049173734651
1971,0.30056842496136327
1972,0.3025281044359271
1973,0.30038175435249037
1974,0.29728578617138307
1975,0.3046857991479922
1976,0.30444462418993706
1977,0.31053381993310875
1978,0.3011004881422621
1979,0.30549112785725147
1980,0.30305392517311386
1981,0.3132343136459841
1982,0.3033173936643517
1983,0.3018937878908566
1984,0.30488220533818444
1985,0.3010130678727079
1986,0.29600420214943124
1987,0.29720355805717724
1988,0.30781234688294257
1989,0.2998879678684834
1990,0.3058898983211754
1991,0.3014489125455571
1992,0.29656455569738993
1993,0.3010699420483894
1994,0.3050396548799355
1995,0.30830582101764337
1996,0.315431252399996
1997,0.30304831226953566
1998,0.2995004255569083
1999,0.2985017783292616
2000,0.3041265644746256
2001,0.29638198596009135
2002,0.31245374923222186
2003,0.30240070586353
2004,0.3076449266077317
2005,0.30483982691619776
2006,0.3018682341266898
2007,0.30740941736355115
2008,0.3028228872939475
2009,0.30003282237066586
2010,0.30672307167427504
2011,0.30581883137392996
2012,0.30567997611522496
2013,0.31267701168742307
2014,0.3095466974603765
2015,0.2975166677902658
2016,0.30654854146471905
2017,0.2949783566684366
2018,0.3016573865565313
2019,0.3079360835148066
2020,0.301573943958994
2021,0.3044026265684933
2022,0.30097654398220364
2023,0.3110677304869642
2024,0.2969238764374478
2025,0.3053729490216505
2026,0.30672928386195175
2027,0.2927515645592115
2028,0.2934236591517229
2029,0.3058408647884743
2030,0.3029820850231112
2031,0.3065831110439122
2032,0.3060386118843671
2033,0.30724487289381813
2034,0.29484156707514186
2035,0.3030591975090163
2036,0.29841083444216254
2037,0.3132516112028232
2038,0.3072351833748288
2039,0.2998640342546227
2040,0.30391651716660467
2041,0.30493701600067175
2042,0.29987434814194874
2043,0.30211924672297863
2044,0.2916853765556353
2045,0.2994756197200411
2046,0.3039750033567784
2047,0.3004248729359281
2048,0.30464002912219873
2049,0.2907251133963993
2050,0.29686133795366887
2051,0.3061141906975
2052,0.2976329390852626
2053,0.3042477352440314
2054,0.3077803824815925
2055,0.29795281310708654
2056,0.29572758870178006
2057,0.30645569892895314
2058,0.30052212043653204
2059,0.3031567687305269
2060,0.3012061112761534
2061,0.2988057625889335
2062,0.29558472529721525
2063,0.307177197768912
2064,0.30496695133104623
2065,0.3063200628117275
2066,0.29730464013019314
2067,0.3054104994981167
2068,0.29716563306900595
2069,0.2938283870800199
2070,0.3097094992255221
2071,0.30672760188761006
2072,0.308667625537163
2073,0.31141973211120144
2074,0.31038130898538613
2075,0.31108803776566396
2076,0.2975193651024877
2077,0.3113960275456374
2078,0.2991976510634448
2079,0.30989521533566045
2080,0.29557606368727174
2081,0.30584819804882646
2082,0.3046689383971887
2083,0.30277400353051825
2084,0.3039762203372052
2085,0.28987867045753546
2086,0.30223515639473114
2087,0.29863762708159663
2088,0.30529691047917645
2089,0.29972535486284885
2090,0.31016247832241833
2091,0.30016707997882863
2092,0.30228194158155935
2093,0.3008697707648873
2094,0.304449622338438
2095,0.302752081805061
2096,0.30485248606579873
2097,0.3005304245736475
2098,0.29861237497143595
2099,0.29907819395309365
2100,0.2989306353742857
2101,0.30096335686681713
2102,0.2889758753411096
2103,0.3112067627690105
2104,0.3043529359729669
2105,0.30323901205375225
2106,0.2926077560842056
2107,0.3051429423044468
2108,0.2968538487400181
2109,0.306217489208368
2110,0.3172994869902296
2111,0.30536960847788874
2112,0.3129539689694714
2113,0.31272829980431804
2114,0.3089142882321433
2115,0.29747392080282187
2116,0.3048355575998537
2117,0.3030331865829444
2118,0.30084153261371943
2119,0.304049993269054
2120,0.3132397474294001
2121,0.31247471624088635
2122,0.30576413427667604
2123,0.2939172468277417
2124,0.3100837045746491
2125,0.31389810275411084
2126,0.2973669620840796
2127,0.3109046651540792
2128,0.3025340087036532
2129,0.3087941644614739
2130,0.3057672120907078
2131,0.31159522459843453
2132,0.30492799504720536
2133,0.3128725253504674
2134,0.2972466104853925
2135,0.3037034196676719
2136,0.3041886095380834
2137,0.30263670459968345
2138,0.3031960251412337
2139,0.3072790758409082
2140,0.30851490987940117
2141,0.2918514933339754
2142,0.3146082552450576
2143,0.30449117787142344
2144,0.2982900382341314
2145,0.3110484465640773
2146,0.2989120319471499
2147,0.29948868613281016
2148,0.3109908862170585
2149,0.2971829523354756
2150,0.31240486212616775
2151,0.3071122747729557
2152,0.3055270262096559
2153,0.30757999634995437
2154,0.3108818789391598
2155,0.3065228744059309
2156,0.3113891954538756
2157,0.29888010021901446
2158,0.30839367722118743
2159,0.30845878252374853
2160,0.30326872139421573
2161,0.3050418755490621
2162,0.314664018141871
2163,0.3001138716430663
2164,0.3086039763499292
2165,0.30044245875428605
2166,0.30130418167133527
2167,0.30456160245734415
2168,0.29490079904182737
2169,0.3132344854704636
2170,0.30837996398083145
2171,0.30460311230398224
2172,0.3061341729869135
2173,0.31235363271924865
2174,0.31218786276669686
2175,0.31053581968817157
2176,0.3016974023631149
2177,0.2948412203882422
2178,0.30231789267296216
2179,0.29930978632494626
2180,0.3124177560136944
2181,0.311073320615898
2182,0.30623728160036007
2183,0.30649518150482125
2184,0.31206321805971954
2185,0.31798958933339416
2186,0.30701028580822
2187,0.3061531132868966
2188,0.3045687264673836
2189,0.30500635495144784
2190,0.3146753393232801
2191,0.3121615153918048
2192,0.3117657952907852
2193,0.30918136989790385
2194,0.3105028144471225
2195,0.29767034004770737
2196,0.311447868759243
2197,0.309306867938458
2198,0.30862904679298786
2199,0.30924199036758276
2200,0.3016940280303657
2201,0.31284315845459515
2202,0.3050940681064371
2203,0.3022008730129904
2204,0.31701278090307916
2205,0.31352466708819493
2206,0.3097413229192637
2207,0.30756844754073465
2208,0.309754864047973
2209,0.3087673460398682
2210,0.30063869488877315
2211,0.3136566756173032
2212,0.3092917488317816
2213,0.3061782372175818
2214,0.3129832679764267
2215,0.307554436839509
2216,0.3094323380773103
2217,0.305508134072144
2218,0.2997564403954116
2219,0.30723380452167237
2220,0.3039179686702278
2221,0.3070379781449894
2222,0.3080051655445649
2223,0.31258209760718175
2224,0.29316331568108944
2225,0.31031953753825714
2226,0.30947398154662215
2227,0.3084051438193095
2228,0.29881005701896957
2229,0.30150309555293336
2230,0.3070858835085414
2231,0.3061606266281766
2232,0.30879027116171553
2233,0.3107826410919005
2234,0.30659411826365673
2235,0.30246946947196923
2236,0.30429637460002434
2237,0.2980454065836325
2238,0.3032394606697113
2239,0.30717630876988716
2240,0.30748011155334354
2241,0.3127037862028811
2242,0.3063969733322401
2243,0.30343022021551425
2244,0.3094529973906563
2245,0.3097183836323468
2246,0.3072145409257139
2247,0.30791057890031215
2248,0.3041678557124756
2249,0.31844995603917514
2250,0.31890172968281677
2251,0.3000389365470196
2252,0.30689308125427794
2253,0.31136413996545004
2254,0.3007957673808378
2255,0.31433859157768257
2256,0.3103737251045207
2257,0.30475925263058606
2258,0.30884102325343915
2259,0.29045708351370936
2260,0.30266301126589557
2261,0.30019352242404185
2262,0.3007105742552216
2263,0.30802181816681523
2264,0.310366159165322
2265,0.30279191977558284
2266,0.3069365285945176
2267,0.3115123924604787
2268,0.3080060963116183
2269,0.310523430106088
2270,0.3018125205303556
2271,0.31955677069510785
2272,0.3085728248904312
2273,0.3046377720079094
2274,0.3031795573135741
2275,0.3162038709313938
2276,0.30697783651238786
2277,0.3026510382283691
2278,0.2985963693351752
2279,0.3184945170879926
2280,0.2918568386989538
2281,0.3024496846432424
2282,0.3076567145192529
2283,0.30981501768285485
2284,0.3082730673797425
2285,0.31037407954607493
2286,0.317231091325353
2287,0.30658284737335784
2288,0.3019367773604562
2289,0.3083843755212853
2290,0.31419705153847466
2291,0.309502043794632
2292,0.3039218830792858
2293,0.31777629976555655
2294,0.3078694014812412
2295,0.3200786239027321
2296,0.32034288858816146
2297,0.30868129217152074
2298,0.31463639144721334
2299,0.30749216914983046
2300,0.3044415605984333
2301,0.30337092759955514
2302,0.30651135826532794
2303,0.31188612987739484
2304,0.313738262498688
2305,0.3144696347579902
2306,0.3119108507463799
2307,0.31488659766656524
2308,0.312424055279575
2309,0.31094068340238673
2310,0.3088234743307503
2311,0.30863673021731014
2312,0.3090643699868439
2313,0.3074817621067605
2314,0.30786555413130406
2315,0.3101616841072889
2316,0.306368777968587
2317,0.3118187408630662
2318,0.31098835756667476
2319,0.3118092230879929
2320,0.3087556341234988
2321,0.31082219864915045
2322,0.3153399997596676
2323,0.31262784541275646
2324,0.30850680926653407
2325,0.30619764206748085
2326,0.3034490411554138
2327,0.30680655125596556
2328,0.31192418894083446
2329,0.3177336795091591
2330,0.31243699176290796
2331,0.30695431018735914
2332,0.3087368599021946
2333,0.3113314592556924
2334,0.3076282237699187
2335,0.31389454399952493
2336,0.30622022484051453
2337,0.3178433058567461
2338,0.30901765911176976
2339,0.30831843466296593
2340,0.313376749140593
2341,0.30699355278950546
2342,0.3070545229737977
2343,0.31048480910660786
2344,0.3044726175948357
2345,0.3081707304197963
2346,0.3093172337338786
2347,0.3113981090313005
2348,0.3083107107417188
2349,0.3134146430599959
2350,0.3044425511859026
2351,0.31380072349075155
2352,0.31481091935810224
2353,0.30665671754839174
2354,0.3054999759323233
2355,0.318566501380948
2356,0.3240411444147717
2357,0.31798373605177077
2358,0.31853194121777084
2359,0.3161137388681546
2360,0.31099036729645396
2361,0.31292488014408604
2362,0.30837501753941726
2363,0.3229407624519525
2364,0.313419835880994
2365,0.3149874035716744
2366,0.3099499684655304
2367,0.3185364192341569
2368,0.31239626848844504
2369,0.31016815597363945
2370,0.30827216918883743
2371,0.3089997015076043
2372,0.31546492064166715
2373,0.31733926517563854
2374,0.3176204569796317
2375,0.3218293678776667
2376,0.30923633180914156
2377,0.3117869624280749
2378,0.3130241606971473
2379,0.3164142265490092
2380,0.3061631481578165
2381,0.3103188037885988
2382,0.3107810595497863
2383,0.31449473698084346
2384,0.3132091409012992
2385,0.32216330548831235
2386,0.3107675741299886
2387,0.30307483257532725
2388,0.30968958944547037
2389,0.31624352537306033
2390,0.3170102743264333
2391,0.31362023766906105
2392,0.31090681870388526
2393,0.31340387759953964
2394,0.3123144589293072
2395,0.3110684622321233
2396,0.3147896248244958
2397,0.30596113911043266
2398,0.3023150531858297
2399,0.30953308226574455
2400,0.31266610694381347
2401,0.30861603705788226
2402,0.31045546817364367
2403,0.31533077768101936
2404,0.31048614927140683
2405,0.3140820557830647
2406,0.3094262657843201
2407,0.31425168911398366
2408,0.30471475946627247
2409,0.3167896884280269
2410,0.30555396532972673
2411,0.3142007621149263
2412,0.30758827911276404
2413,0.30570055119459477
2414,0.3114458794975707
2415,0.31670524929636173
2416,0.30831945106751957
2417,0.306306681370652
2418,0.3182529361604704
2419,0.3165889391868619
2420,0.32075535257378696
2421,0.3175380886676112
2422,0.3105505432584467
2423,0.31906752705752445
2424,0.30832362199534913
2425,0.31206508490305074
2426,0.31661400487731867
2427,0.31237644152902555
2428,0.30835228340072235
2429,0.31391940838520793
2430,0.30843651765822755
2431,0.3148960421869069
2432,0.31653065582803347
2433,0.30720301659440175
2434,0.31460814925844716
2435,0.3136797805430891
2436,0.31927722425739113
2437,0.3182605082661504
2438,0.3096884694725665
2439,0.3138007265083541
2440,0.31849407765748444
2441,0.3153864265134034
2442,0.31621987069772933
2443,0.31111007481520775
2444,0.3228833378003281
2445,0.31952270362485585
2446,0.31293538796941883
2447,0.33386823687990513
2448,0.31066161128315745
2449,0.3114792499581624
2450,0.2997411171459048
2451,0.3143551904002775
2452,0.31365762409014647
2453,0.3203210203734968
2454,0.32056860568927914
2455,0.3113757483563498
2456,0.32365595473600006
2457,0.31415113095425284
2458,0.31218338438713555
2459,0.31144063471251987
2460,0.3182048990027225
2461,0.31183644311854997
2462,0.31151362485986533
2463,0.31783615934582954
2464,0.3135681768319241
2465,0.32339425280889045
2466,0.3121798755081128
2467,0.3247086797310091
2468,0.32426792883103583
2469,0.3183968293297127
2470,0.3223148753020132
2471,0.3290782532625179
2472,0.31631428229697695
2473,0.31960200576302383
2474,0.32495049730224396
2475,0.32961861720371305
2476,0.3210224056581663
2477,0.3237209865161675
2478,0.32141907214457643
2479,0.3217041845293979
2480,0.3237042404097215
2481,0.30805859174229505
2482,0.3169322066616192
2483,0.32378267511774184
2484,0.3090964833589756
2485,0.3142968494556937
2486,0.32426396099756516
2487,0.31624977673991533
2488,0.3187154206153249
2489,0.3215731440848916
2490,0.3029041965680583
2491,0.3201448114342841
2492,0.3173060151097367
2493,0.3089165690002542
2494,0.31499195529437485
2495,0.31537537790232995
2496,0.3140119218414828
2497,0.3163876340626288
2498,0.31332476687045335
2499,0.31495227871770026
2500,0.3108459637505791
2501,0.31078668377132773
2502,0.3095998326975291
2503,0.3208806729703643
2504,0.3214261797840036
2505,0.312024656333299
2506,0.31231472419012346
2507,0.31530690960390445
2508,0.3325687468908037
2509,0.3199239010462625
2510,0.3153689957174204
2511,0.3174245780013476
2512,0.3155430475178564
2513,0.32086325796470594
2514,0.31168382135628475
2515,0.3133762000087768
2516,0.30980502205887095
2517,0.31985671217205974
2518,0.31462534207426446
2519,0.3157756981245092
2520,0.32062952437256614
2521,0.31373571549718043
2522,0.3134515498475147
2523,0.3235503991106916
2524,0.30951217114622664
2525,0.31985660175964553
2526,0.32186690160777837
2527,0.3153937935162299
2528,0.31864487008326453
2529,0.3244832873968999
2530,0.31681077930204626
2531,0.3210960096179588
2532,0.3132543327343614
2533,0.3135853111315578
2534,0.30804280225973407
2535,0.32383359076518436
2536,0.3234893204437444
2537,0.3165155403632373
2538,0.31351756137647013
2539,0.30959118296163024
2540,0.3104517267296278
2541,0.32156086746872586
2542,0.3113708227400549
2543,0.3066374631790154
2544,0.31869525740670823
2545,0.3196631125473398
2546,0.3220881321136394
2547,0.3027849763064071
2548,0.3161478799235408
2549,0.324226888846932
2550,0.3101596389348753
2551,0.3251153674990316
2552,0.3206912351811245
2553,0.31176892280967616
2554,0.3237606621043802
2555,0.3230186462609801
2556,0.31739050076229913
2557,0.3230722164905735
2558,0.3147491912754764
2559,0.31978046193883364
2560,0.3191857309219368
2561,0.3225683828412458
2562,0.32444688222009505
2563,0.3196144997623008
2564,0.3145625574905587
2565,0.3163836647473929
2566,0.3127117359380165
2567,0.313463551225004
2568,0.3239973978980686
2569,0.31172657935444187
2570,0.3169329168359239
2571,0.3184638308946798
2572,0.31331898728671886
2573,0.32266255197061083
2574,0.33008481453780675
2575,0.3236141450244152
2576,0.31667773463566257
2577,0.32124030131846876
2578,0.30724700250183157
2579,0.32584284474366504
2580,0.32361661478366593
2581,0.316392379012552
2582,0.3195760033425897
2583,0.32290464343128167
2584,0.32688185217099347
2585,0.3187199501404244
2586,0.326161986217408
2587,0.3201649037914145
2588,0.3162737458213162
2589,0.3108691494180098
2590,0.3186964712785151
2591,0.32522943614921423
2592,0.3223503270952511
2593,0.318146087009538
2594,0.326667350133571
2595,0.32319748754257566
2596,0.3209004366042948
2597,0.3271477175117612
2598,0.3218250627220366
2599,0.32204551045637575
2600,0.31789641428305293
2601,0.3189460267383853
2602,0.32198165686158703
2603,0.3242615832621429
2604,0.325619541648198
2605,0.3052671420443381
2606,0.3199807976226102
2607,0.3232357201538185
2608,0.3226579447981984
2609,0.32218173955565693
2610,0.3193360343924406
2611,0.32231843196285437
2612,0.31428757496318477
2613,0.31837290122453793
2614,0.32618375140409445
2615,0.3230485765715502
2616,0.3221954721059143
2617,0.3152298715809745
2618,0.32175159717160035
2619,0.32177516770536263
2620,0.322296100136927
2621,0.31628273497336806
2622,0.31633730525512
2623,0.32543096223330037
2624,0.31396128052071326
2625,0.31711862518991746
2626,0.32056533726275727
2627,0.32183699049039116
2628,0.312351568065771
2629,0.3159734735216263
2630,0.3160756992214122
2631,0.32264074460639613
2632,0.32139088095698476
2633,0.3192340191049084
2634,0.31990157364486504
2635,0.32692383936103825
2636,0.3163939490318036
2637,0.32081968208030476
2638,0.3205267398344386
2639,0.32544395717179064
2640,0.3247695550829292
2641,0.3104169130509529
2642,0.3227906012385602
2643,0.31810858631758127
2644,0.316422775676904
2645,0.31759809103526254
2646,0.32036975748037566
2647,0.325918697502892
2648,0.3173615368518685
2649,0.32108767273710925
2650,0.322225901781971
2651,0.32501953283710006
2652,0.31721620384142885
2653,0.31963127814758363
2654,0.3258557392381071
2655,0.3207684459441266
2656,0.32498223651472224
2657,0.31881004708427835
2658,0.32077557827389097
2659,0.32687902565089955
2660,0.329020847629215
2661,0.31122212686814443
2662,0.3287176434012264
2663,0.3215595075611263
2664,0.3181169145811063
2665,0.3226254779923126
2666,0.3220730735153234
2667,0.3257121964994468
2668,0.31656091646949625
2669,0.324309522915143
2670,0.32400119289691964
2671,0.3176241513058182
2672,0.3210772002147635
2673,0.32458555067349604
2674,0.3240258657638921
2675,0.3209479553729937
2676,0.32380103279853556
2677,0.32463292367497554
2678,0.3257441314954241
2679,0.3254550202750603
2680,0.3278195123427722
2681,0.32216899154951717
2682,0.31866519461171183
2683,0.32685866620373333
2684,0.3234455440413333
2685,0.32523806919284337
2686,0.32059165558225033
2687,0.3214415305633445
2688,0.3220628102551014
2689,0.3294871945224826
2690,0.3268424280711831
2691,0.32456221474361785
2692,0.3288233277348599
2693,0.33169401222808775
2694,0.325012938352798
2695,0.31748555627204916
2696,0.32737663567469594
2697,0.324436070079319
2698,0.3139830169217786
2699,0.3222904974243394
2700,0.3304276498454215
2701,0.3171687268686879
2702,0.32918709034220156
2703,0.32242360121498276
2704,0.31605530063903553
2705,0.3171915411819196
2706,0.3213379913190694
2707,0.3326859510200046
2708,0.32064138323409686
2709,0.32584600193128055
2710,0.3244283014908959
2711,0.319024048710528
2712,0.32292405305428296
2713,0.3129764046112387
2714,0.3185449835625187
2715,0.32091649384634563
2716,0.32780705052249803
2717,0.325626495229549
2718,0.31475006239886366
2719,0.3283593085996669
2720,0.32110505442405524
2721,0.3306598034617045
2722,0.31106451402976326
2723,0.33725816104036116
2724,0.32715660464427093
2725,0.3295726390260741
2726,0.32720103890293534
2727,0.3314956461247187
2728,0.31808859787855087
2729,0.32525418309238346
2730,0.3217641130376654
2731,0.318089672740424
2732,0.32653546468340533
2733,0.32046951743586505
2734,0.32004618996482526
2735,0.33039509908135306
2736,0.31741030151210803
2737,0.3249331056451548
2738,0.3260425682983127
2739,0.32431404497160804
2740,0.32045242066592644
2741,0.315418156036405
2742,0.32484600452502865
2743,0.3170221027047232
2744,0.3221575695757872
2745,0.3276037093913052
2746,0.3251527389934915
2747,0.313641833286525
2748,0.3252057165891562
2749,0.3343793445173523
2750,0.31392729043690404
2751,0.3266874462139013
2752,0.32282724623104503
2753,0.3240674426970036
2754,0.32646952320569034
2755,0.3153869972271294
2756,0.3275770483082803
2757,0.31915697060135173
2758,0.3230175222323507
2759,0.3208798944433751
2760,0.3219455642224448
2761,0.3279824965216711
2762,0.3310096522742526
2763,0.32394864525116907
2764,0.3210146987392735
2765,0.33317521994004123
2766,0.32044382886162015
2767,0.31836997096606806
2768,0.31754695020669876
2769,0.32069342649757254
2770,0.3193450348496322
2771,0.3186814913852485
2772,0.329645449273637
2773,0.32447413570391465
2774,0.3181624599920093
2775,0.33373186863635235
2776,0.32409819356286496
2777,0.32865241154238256
2778,0.314557264004557
2779,0.3111663345307914
2780,0.3214560270020475
2781,0.3200845149638918
2782,0.327043993849397
2783,0.32195548902282545
2784,0.31570775958120906
2785,0.3309608548325648
2786,0.3248647876921264
2787,0.330473108239019
2788,0.3176572697865596
2789,0.316513941763169
2790,0.323100965241331
2791,0.3250845442379841
2792,0.3317563178941407
2793,0.3262767188605907
2794,0.31609745122640276
2795,0.3282776685170268
2796,0.3329625211136099
2797,0.32528572476238304
2798,0.3247882427616369
2799,0.32033762049247105
2800,0.3243727911573992
2801,0.3193827809927762
2802,0.3260830795177962
2803,0.32589740861698296
2804,0.32389545798446473
2805,0.3169844133625105
2806,0.3271707646720128
2807,0.3274639164321579
2808,0.32350464022793407
2809,0.32398546661408545
2810,0.32972243582471605
2811,0.32224980820509364
2812,0.33119836225193394
2813,0.3302704905622195
2814,0.3287167037134424
2815,0.31565188831685764
2816,0.32538959795665584
2817,0.32696266011637
2818,0.3246706552889403
2819,0.3235876061165355
2820,0.33414645422649125
2821,0.3225910175469192
2822,0.31412167899751525
2823,0.32972714114210455
2824,0.3198122561554613
2825,0.3279388756418186
2826,0.3276678575930219
2827,0.3244814377321346
2828,0.3219778692478037
2829,0.31888408216895286
2830,0.32521497667331944
2831,0.32006684267093566
2832,0.32446332545431444
2833,0.32490298346160956
2834,0.3239566817541505
2835,0.32222790575110694
2836,0.3207393761369367
2837,0.31977897457894394
2838,0.3221733475789319
2839,0.3205267746652561
2840,0.3254108738792878
2841,0.32469643049414243
2842,0.3210319576394226
2843,0.32328763102691527
2844,0.33065536741571766
2845,0.3279965424572408
2846,0.3312593063888664
2847,0.3303196365140239
2848,0.3248734782703317
2849,0.3250020027842981
2850,0.32069000662014313
2851,0.3322063149963159
2852,0.31621130952504667
2853,0.3200641834459749
2854,0.3325071623875897
2855,0.32531575972616605
2856,0.3290744827862739
2857,0.32820644968321183
2858,0.33527087556041757
2859,0.32078609384617396
2860,0.3308038561790664
2861,0.32512033107291566
2862,0.3259510794539798
2863,0.3265327304178981
2864,0.32669016088153024
2865,0.3287645146775975
2866,0.31828709309557135
2867,0.31983382184562403
2868,0.3281888316864933
2869,0.31850408701868305
2870,0.3324423931840108
2871,0.325566214681613
2872,0.32675593090727073
2873,0.32848776493291443
2874,0.32490620764658146
2875,0.3287792654713478
2876,0.32148537020600443
2877,0.3208403914335324
2878,0.32901292783582203
2879,0.32629678272053636
2880,0.3249439894349141
2881,0.3323915980868219
2882,0.326884207491721
2883,0.33489442698380023
2884,0.330033530872814
2885,0.3147448223015928
2886,0.33105441352933057
2887,0.3227716633815215
2888,0.3285890150856223
2889,0.3206218727636006
2890,0.32627656187805343
2891,0.32091442440341367
2892,0.3167785936606617
2893,0.3330716259804071
2894,0.3241720533004222
2895,0.3300834769657887
2896,0.3273473766596762
2897,0.3133858739782164
2898,0.3329567047388422
2899,0.32494278529176923
2900,0.3222784364421492
2901,0.33110547501474086
2902,0.32042203746624326
2903,0.33389975144677597
2904,0.3282627227317543
2905,0.32826276344093347
2906,0.3361129374858284
2907,0.3213035111423843
2908,0.32781886965929224
2909,0.31994199545729723
2910,0.327286830016804
2911,0.3251710543082415
2912,0.32221323733047
2913,0.3240415832632365
2914,0.31484293001561503
2915,0.32144275455988947
2916,0.32884790401638275
2917,0.3339710743565227
2918,0.327813161159189
2919,0.3255654262564198
2920,0.32751646177137034
2921,0.3264585768694875
2922,0.3283085459951497
2923,0.3142706468067785
2924,0.33332099541162896
2925,0.33610024320969045
2926,0.3248948290324233
2927,0.33082039526517115
2928,0.3276828247175044
2929,0.32276465687373335
2930,0.32915008693962466
2931,0.32253490546393
2932,0.3181816869401162
2933,0.3321180591975444
2934,0.31934217557426914
2935,0.32586051716589526
2936,0.3233414961399326
2937,0.32181921596046137
2938,0.32395870507913566
2939,0.3213145306884176
2940,0.32966603241328024
2941,0.30574085916814253
2942,0.3216428073318123
2943,0.3296901774739737
2944,0.3266509491761984
2945,0.3295766905474365
2946,0.3303942936039382
2947,0.33121028907167593
2948,0.32774663884192057
2949,0.3366210047688803
2950,0.3221355092701885
2951,0.32257783777713206
2952,0.3282163975160317
2953,0.32615912514514184
2954,0.32296396439162595
2955,0.32452855979383055
2956,0.3292433475862003
2957,0.3425259611943125
2958,0.3238595086296599
2959,0.3168414951919656
2960,0.32540253133421365
2961,0.3183246787590228
2962,0.33013457023870196
2963,0.3244628215767136
2964,0.3284734343669879
2965,0.3177696560637934
2966,0.3331356844287644
2967,0.3323933644349255
2968,0.3309257263511679
2969,0.3260233804548618
2970,0.33056345560262973
2971,0.3215093929726786
2972,0.3205755910504911
2973,0.32521949933406696
2974,0.31766775883779697
2975,0.32313381498154964
2976,0.32673088217732343
2977,0.3327308170181351
2978,0.3217856255153539
2979,0.33358053126107967
2980,0.3209413849730608
2981,0.31569437270797135
2982,0.31072435030554074
2983,0.32315173977790396
2984,0.3152955224142009
2985,0.320166081586345
2986,0.3235741024758302
2987,0.3222027889700147
2988,0.31670528985566776
2989,0.3285180918552069
2990,0.32412185837718377
2991,0.32596004065964646
2992,0.32124973976607885
2993,0.3190757420917371
2994,0.3308866423297304
2995,0.32066205604757547
2996,0.31867795744234295
2997,0.3313643984184656
2998,0.3363838506374225
2999,0.325928065777755
3000,0.3330463396038879
3001,0.3292859065024994
3002,0.3247956736932306
3003,0.3223077008479801
3004,0.3320295599292547
3005,0.32742395030044075
3006,0.32519536893867595
3007,0.32807481159474666
3008,0.3233838856975615
3009,0.33179882957194046
3010,0.3297594232510088
3011,0.33778400637086303
3012,0.32839661886954485
3013,0.3220892354259001
3014,0.32260582314645087
3015,0.3307061309588391
3016,0.32610208076253483
3017,0.3284277442928146
3018,0.324354037921752
3019,0.3346732184340178
3020,0.3299863993909631
3021,0.3300945139557134
3022,0.32638781634683567
3023,0.32743515629793124
3024,0.32555777530137026
3025,0.3205764003399855
3026,0.3167398941828116
3027,0.32341636561306897
3028,0.3233716331889061
3029,0.3330150807508874
3030,0.33351234117018014
3031,0.3237676333980404
3032,0.3221728098044194
3033,0.32528899788849613
3034,0.33355843173032995
3035,0.32513230684711975
3036,0.3285944896502277
3037,0.3284704410785525
3038,0.3246089061873565
3039,0.32775251212887796
3040,0.32598997634563387
3041,0.3272897004319745
3042,0.3179455089327346
3043,0.32643065767581897
3044,0.3218626588111779
3045,0.31977931183174824
3046,0.32742014653655244
3047,0.32611488559507096
3048,0.3322272626780902
3049,0.3215906214476437
3050,0.3303849573432686
3051,0.3333822047587359
3052,0.32925115127167776
3053,0.3263712274712031
3054,0.32921707273488365
3055,0.33090545375022146
3056,0.3249618923735047
3057,0.3191879942237338
3058,0.3304142380597554
3059,0.32991700233418564
3060,0.3275404554320379
3061,0.32542133950608865
3062,0.33029432901349043
3063,0.33095701058600574
3064,0.3355464365254893
3065,0.32532977227487087
3066,0.32568815671364804
3067,0.3264366560118569
3068,0.33863162688708726
3069,0.3242220875872334
3070,0.322274725587159
3071,0.3185195370054249
3072,0.33521169953511704
3073,0.3302420272167795
3074,0.3378198613736568
3075,0.3329713569091091
3076,0.32811438470326426
3077,0.3341812246775884
3078,0.31190451184469936
3079,0.3339449163187458
3080,0.32294617086786254
3081,0.3268124902795818
3082,0.3254786219828968
3083,0.32702681365891817
3084,0.3274491251356022
3085,0.32353110202521423
3086,0.31862424873813916
3087,0.32898988489101694
3088,0.3333424617228062
3089,0.3261706737094872
3090,0.33288157794947265
3091,0.3280563446228186
3092,0.32024385300886293
3093,0.3278476881049649
3094,0.32460025006318793
3095,0.3365517066993797
3096,0.32300914168058265
3097,0.3329443066307902
3098,0.3346283910104136
3099,0.3309840006013055
3100,0.3336246946877006
3101,0.32241952592902645
3102,0.33501041365980205
3103,0.32300727878150115
3104,0.32913710838666527
3105,0.3327852066595885
3106,0.32602240717715314
3107,0.33671496224587655
3108,0.3259453831059806
3109,0.33365089335795983
3110,0.3330099526361356
3111,0.33416560696951625
3112,0.3263077082808257
3113,0.3309149832347573
3114,0.3161368745609035
3115,0.3264854708876587
3116,0.34126612370168763
3117,0.33122665970243054
3118,0.32522619017500404
3119,0.3369024527376727
3120,0.3293314238440984
3121,0.33128435431342657
3122,0.32982253463390293
3123,0.3288026557884617
3124,0.33394689949849754
3125,0.33164951935061193
3126,0.3301954925714063
3127,0.32827963511633834
3128,0.32011357636011023
3129,0.32606447163041624
3130,0.32168151281826973
3131,0.33510859919379926
3132,0.33261244533622536
3133,0.3269650405936064
3134,0.33043967157966814
3135,0.3327330245761497
3136,0.329247975127799
3137,0.3334976040669738
3138,0.3224072658783083
3139,0.3236570760235626
3140,0.3360994021729605
3141,0.3263464836886788
3142,0.33615491024010724
3143,0.32618198775933643
3144,0.3319339761279493
3145,0.32822546396592056
3146,0.32776262804957523
3147,0.32462130187172483
3148,0.3358038155992045
3149,0.3281708253188103
3150,0.329918076616383
3151,0.3329774672104557
3152,0.3269406727198234
3153,0.3205347645594261
3154,0.331507353317826
3155,0.33406038186658876
3156,0.33099535483566694
3157,0.32791361009692804
3158,0.3303042299302154
3159,0.3292430003729319
3160,0.32762095018677556
3161,0.3250902377301503
3162,0.32594498885000384
3163,0.3299517485088496
3164,0.3242950896369945
3165,0.323403443610045
3166,0.3375794153601349
3167,0.3267890573677328
3168,0.32377832516380944
3169,0.32786105824788153
3170,0.3132231990047463
3171,0.32330942727127043
3172,0.328215527195429
3173,0.32979110991808835
3174,0.3310022075809718
3175,0.32925455154063754
3176,0.32330286258260493
3177,0.33057867248038497
3178,0.3286663953661486
3179,0.3198404687062952
3180,0.3308882392818768
3181,0.3352187579709154
3182,0.34142582845390085
3183,0.328041807358348
3184,0.32769641241655334
3185,0.32800883959183946
3186,0.3424896041813384
3187,0.3341427899112887
3188,0.32659911417314136
3189,0.33601108454701034
3190,0.3352301698307223
3191,0.3289732452188694
3192,0.32658705511197444
3193,0.3308528064236833
3194,0.32806582719351945
3195,0.31966768690259867
3196,0.32945553816916034
3197,0.32513916354712846
3198,0.3236517982221763
3199,0.33269567150859636
3200,0.32490827033732933
3201,0.33472300726614573
3202,0.31845738171747134
3203,0.3272914785855687
3204,0.3301947071656129
3205,0.32807547896662037
3206,0.3392784356851945
3207,0.3236083644417574
3208,0.33170106600184046
3209,0.3179527281042223
3210,0.336210172658841
3211,0.33235725715157466
3212,0.33903722558686994
3213,0.3232038415782182
3214,0.3282252909300941
3215,0.32876267184528774
3216,0.3403914331729705
3217,0.326530681125246
3218,0.33229146893482686
3219,0.3264654845186996
3220,0.3163161611755119
3221,0.32721778265854384
3222,0.3236660532438045
3223,0.3345067340754842
3224,0.3310420868063807
3225,0.3371619480998407
3226,0.3306482800583226
3227,0.31983716065102286
3228,0.32153536370791985
3229,0.3398062668066608
3230,0.32682467845372315
3231,0.32919528787044217
3232,0.33166629010208715
3233,0.3329918365758444
3234,0.33004818139786773
3235,0.32758272082565115
3236,0.32998874991319793
3237,0.3240450687054887
3238,0.33070578474716544
3239,0.3298985175709104
3240,0.3368078299598972
3241,0.33513937852111114
3242,0.3330549186265279
3243,0.3304628579479943
3244,0.3277329629168542
3245,0.33256157203036213
3246,0.32680610677828004
3247,0.33517965325728166
3248,0.3142340573358268
3249,0.3287220355924307
3250,0.32909724967722814
3251,0.33078470819414973
3252,0.3292918665690511
3253,0.32867882357910244
3254,0.3237591293554065
3255,0.33368736813302385
3256,0.32993672716968164
3257,0.3203475615019356
3258,0.3352789951531475
3259,0.3306222768103266
3260,0.3253187794385298
3261,0.3346052110526985
3262,0.3361802628077074
3263,0.32950721664221333
3264,0.32564607451165084
3265,0.3236143964561101
3266,0.3310032500086058
3267,0.3315329742310777
3268,0.3262514310149199
3269,0.33625166730988726
3270,0.3324740349624643
3271,0.32844785576564944
3272,0.3252980427028738
3273,0.3311362671041897
3274,0.3311946807839011
3275,0.3279554090062593
3276,0.3417216653754829
3277,0.3455453248459773
3278,0.3306469171799738
3279,0.32614809881224643
3280,0.3365027910343398
3281,0.3347664038932572
3282,0.33220198762673736
3283,0.3178209580137458
3284,0.33235585387579536
3285,0.328797345111764
3286,0.33677001017349595
3287,0.33306212611451635
3288,0.323696102229261
3289,0.3320888760573978
3290,0.3326207227321323
3291,0.3289024566705567
3292,0.3314215120870073
3293,0.3300459999415025
3294,0.3270804261171632
3295,0.33246634359095506
3296,0.32648804485501437
3297,0.3215606646830634
3298,0.33459580628599134
3299,0.33003150857614016
3300,0.3345819758906896
3301,0.3347403134469743
3302,0.3375504744128173
3303,0.329333306635414
3304,0.3355353091287836
3305,0.3349391082137939
3306,0.3173487222601505
3307,0.32649500533662884
3308,0.34078013168023047
3309,0.3283392768968635
3310,0.338209046856379
3311,0.3294145329589616
3312,0.3295955494032073
3313,0.3307867926140477
3314,0.3288417938692014
3315,0.3319321002448144
3316,0.32382414571083307
3317,0.32965510184795205
3318,0.32899777832257865
3319,0.3324260341667519
3320,0.3329271701785865
3321,0.3310367867112635
3322,0.3444524208988972
3323,0.33589599712080503
3324,0.32100374036912216
3325,0.3305138716096471
3326,0.3261165294722091
3327,0.3365423706984562
3328,0.33724877833704936
3329,0.3317140393656955
3330,0.3285994728455005
3331,0.31834338776272086
3332,0.3307314910587476
3333,0.32921448795159736
3334,0.33767152473291495
3335,0.33949634101378906
3336,0.32891206174070337
3337,0.3246566776549799
3338,0.32837959361320507
3339,0.3300681801056998
3340,0.33944774617249396
3341,0.33627817432236223
3342,0.32562263954158294
3343,0.334534835921402
3344,0.33074473844568913
3345,0.33669003949108434
3346,0.3407832611921746
3347,0.33562098738959334
3348,0.33091650862870015
3349,0.3349969061336313
3350,0.334475176966529
3351,0.33829934566837977
3352,0.32910821289941417
3353,0.3281115094345989
3354,0.33707031354127376
3355,0.3320360978488517
3356,0.3315013793989037
3357,0.324999442827784
3358,0.33161402210626706
3359,0.3237434392703028
3360,0.3391524194509272
3361,0.3398735261361695
3362,0.3351174333267372
3363,0.33132867311316627
3364,0.32873731498107345
3365,0.33897702788899353
3366,0.31959536461195337
3367,0.3271297691302892
3368,0.3364792056654739
3369,0.33917520249355954
3370,0.3398316088794928
3371,0.33758479268782093
3372,0.32830205590209827
3373,0.331131507558733
3374,0.33118128404561925
3375,0.3321415801134447
3376,0.3309774681702061
3377,0.33212486011992165
3378,0.3335048199844454
3379,0.3295958169630756
3380,0.3251625656605919
3381,0.33033506248397887
3382,0.3226615081728804
3383,0.3385784759585535
3384,0.3357237683757882
3385,0.34051518254153484
3386,0.3294599727870133
3387,0.3381410703974196
3388,0.335882105832859
3389,0.33454231920927824
3390,0.3232440283150167
3391,0.3321577426288625
3392,0.332966750259861
3393,0.33760321288365236
3394,0.33671454416107777
3395,0.32499800602486467
3396,0.32970012291000317
3397,0.3218792384685683
3398,0.33791424093828554
3399,0.33352366073108963
3400,0.34052116560105505
3401,0.33518429541135963
3402,0.33748679976834983
3403,0.3278584123308232
3404,0.33613263125436327
3405,0.3309193457214652
3406,0.3280543268485073
3407,0.33475831786487487
3408,0.3339208941555927
3409,0.3284302132286372
3410,0.3228364363572202
3411,0.32799498137111194
3412,0.34821674835664623
3413,0.3366238964624531
3414,0.33219289370976723
3415,0.33932750522671895
3416,0.3263460771355259
3417,0.3401651930964424
3418,0.33200865532420976
3419,0.3389458417921273
3420,0.3334448158949311
3421,0.3423502601217506
3422,0.33691344736873763
3423,0.33190782845881583
3424,0.33504071391210594
3425,0.3278654750248837
3426,0.33382465658070826
3427,0.33280942855132345
3428,0.319357730826034
3429,0.33508399181181125
3430,0.3368406670519417
3431,0.33702846087150246
3432,0.3370898141517899
3433,0.3277302600171784
3434,0.3345067003092887
3435,0.3300637778010575
3436,0.3300630830877976
3437,0.32508885424422107
3438,0.3454155881929914
3439,0.3213351134645152
3440,0.33524857172239914
3441,0.32964438979405014
3442,0.3254832714650852
3443,0.3311984346664861
3444,0.3382859482445705
3445,0.33008864267483445
3446,0.33372054493649767
3447,0.3329963361295795
3448,0.3314735393680921
3449,0.3345188810821847
3450,0.34373956151216845
3451,0.33096010093454
3452,0.33085684395503345
3453,0.3362545696851964
3454,0.34261752978938503
3455,0.33115955387728585
3456,0.34166529366823895
3457,0.34183877851548694
3458,0.33502456642945444
3459,0.34102871775055055
3460,0.33423003442379606
3461,0.337912091018377
3462,0.3315758019989465
3463,0.3353975236857411
3464,0.33798102534410407
3465,0.3389269445122221
3466,0.3379257635196096
3467,0.3409174061613807
3468,0.3294656311475228
3469,0.3305026713944092
3470,0.336975788917479
3471,0.3302490962746016
3472,0.3253411998359123
3473,0.3304487096672668
3474,0.3257480586280564
3475,0.3423619179140177
3476,0.331312797607101
3477,0.33483631499024746
3478,0.32872657739061134
3479,0.3222137032941897
3480,0.32720655951695865
3481,0.33183753900301877
3482,0.3396248771007167
3483,0.33764867672800963
3484,0.33913321419610576
3485,0.3318051496211795
3486,0.33371376459552027
3487,0.3419870884170673
3488,0.33944845888895486
3489,0.33087544240878647
3490,0.3402821590872788
3491,0.3321003744985522
3492,0.3425718632091831
3493,0.33575511000062314
3494,0.33092114688340396
3495,0.3274847422575863
3496,0.32965729405039473
3497,0.3220745344856704
3498,0.34013743232219407
3499,0.3312140942897364
3500,0.3407842437724483
3501,0.3310932102263371
3502,0.33722103176858853
3503,0.33603755292834664
3504,0.3378695281100641
3505,0.33008258736377477
3506,0.338781445279389
3507,0.32538987864619157
3508,0.343849740938659
3509,0.3366284808993437
3510,0.33283884258795604
3511,0.33047651492391206
3512,0.33386583784919843
3513,0.3375233162065049
3514,0.3350340471205514
3515,0.3369150532019536
3516,0.33781103829448517
3517,0.33270262965384534
3518,0.3220692172386943
3519,0.3338415563401962
3520,0.3300877965460161
3521,0.3404718992903176
3522,0.33183522861117953
3523,0.3328688635317089
3524,0.32949277012832545
3525,0.34014549382023096
3526,0.33565998240779343
3527,0.32743386174811145
3528,0.33676672697259147
3529,0.33477884128297647
3530,0.3357513899488114
3531,0.32992327131268584
3532,0.33985151274512476
3533,0.33311341793187843
3534,0.33272825155606317
3535,0.324470603911548
3536,0.33465174839802436
3537,0.32184218736154874
3538,0.3372588821967684
3539,0.32646697488628185
3540,0.3300466036608674
3541,0.3361352560759229
3542,0.3406778038298032
3543,0.3407919512095255
3544,0.3340838467917825
3545,0.33313669470952134
3546,0.34178785618778446
3547,0.3300657770995483
3548,0.3343538423024333
3549,0.3368968634566558
3550,0.3272355482141777
3551,0.33283995174324144
3552,0.3356231259015479
3553,0.3405034019580902
3554,0.3347165391740443
3555,0.3391025241189767
3556,0.3352629134394171
3557,0.32950197852928675
3558,0.3366999344790139
3559,0.33560525704562355
3560,0.33542676840526686
3561,0.324375657174918
3562,0.3358357893965228
3563,0.32964075607371596
3564,0.3328105607224358
3565,0.3297277656217213
3566,0.33244246331038146
3567,0.3322478049464333
3568,0.34339829489044266
3569,0.3364583148934155
3570,0.32613756152585405
3571,0.3299328471014939
3572,0.33113335469829464
3573,0.332248254801674
3574,0.34232000503242616
3575,0.332963282143334
3576,0.3379143398070287
3577,0.33495596442378084
3578,0.32435690083173513
3579,0.3260880527971342
3580,0.3450293391390238
3581,0.33420247539759396
3582,0.3259996347413567
3583,0.3322371560343804
3584,0.3349886214211298
3585,0.336927668368049
3586,0.3333984312148535
3587,0.329284893557285
3588,0.3328626869846342
3589,0.3340300202891686
3590,0.3257709550828389
3591,0.3348165046966399
3592,0.33874245910793027
3593,0.3339741486257288
3594,0.3331176458517388
3595,0.33270519226107714
3596,0.3274015859791909
3597,0.32791962741798286
3598,0.33422041723174
3599,0.3318795937797239
3600,0.33236296003713606
3601,0.332465518940732
3602,0.3344319730383851
3603,0.335431934909465
3604,0.32629524783938424
3605,0.3385192340997179
3606,0.3344281288511893
3607,0.33791259311235283
3608,0.3378508734582382
3609,0.3441708277161148
3610,0.32908921076071984
3611,0.3342767123341879
3612,0.34039624124475487
3613,0.3374300171051202
3614,0.33479419280354744
3615,0.33805216641584523
3616,0.33230929068516324
3617,0.3272016298061134
3618,0.33828345700934165
3619,0.34029940171012785
3620,0.32929081825304335
3621,0.3332294714307283
3622,0.33698545093806825
3623,0.33642012612678224
3624,0.34024358004119165
3625,0.3396622381161188
3626,0.3336006285684052
3627,0.3406550832775225
3628,0.3376182337218624
3629,0.3352443290035823
3630,0.33496783071271824
3631,0.3347640745643022
3632,0.3451699656455054
3633,0.34482026973894003
3634,0.33674000379407415
3635,0.3341511959812765
3636,0.3375287674682134
3637,0.3416489816591285
3638,0.3299102915226822
3639,0.33692547250118254
3640,0.3362106752135111
3641,0.3367993274602156
3642,0.3251388241807811
3643,0.3323063110421112
3644,0.3366746354310298
3645,0.3361817342335123
3646,0.32721155225363857
3647,0.3407143955718283
3648,0.3362081525235824
3649,0.340495451496135
3650,0.3332549947935792
3651,0.3377428381641311
3652,0.34060506300428317
3653,0.3374596093935869
3654,0.3334642388026096
3655,0.33098199697584585
3656,0.3378226853888005
3657,0.33172647277292167
3658,0.3443968077456421
3659,0.34547804359376877
3660,0.34073433700628913
3661,0.33497133450012817
3662,0.34085906959553397
3663,0.33301147592725344
3664,0.3446627698560043
3665,0.33297350966365935
3666,0.3415886671215515
3667,0.3357799971215718
3668,0.3297193690761475
3669,0.33422256570917747
3670,0.34228120071253
3671,0.3353423666387798
3672,0.33162104041546964
3673,0.32788028765516275
3674,0.3376846748538253
3675,0.3363617519591857
3676,0.3442767260003659
3677,0.3309018647867453
3678,0.3445101845751093
3679,0.3328316036401577
3680,0.3387421932154232
3681,0.33133089969394713
3682,0.32877096235707376
3683,0.3370631603514554
3684,0.33728565963995033
3685,0.34013382283639704
3686,0.3399098034063021
3687,0.33436788065547024
3688,0.3309884187472229
3689,0.33170216410585945
3690,0.3341742311358108
3691,0.34549180169485433
3692,0.3425541735600094
3693,0.33693395763435924
3694,0.34560369712306455
3695,0.3323982359526959
3696,0.3413472654039858
3697,0.3377795802192294
3698,0.33482537217630604
3699,0.3371080464441871
3700,0.32532072922246114
3701,0.33747082387818184
3702,0.3283051856012788
3703,0.3419400817172842
3704,0.3355540325032532
3705,0.3442441245053531
3706,0.3504784331390507
3707,0.34932882783401475
3708,0.3420534570879235
3709,0.3431746105934228
3710,0.33583468831205077
3711,0.32822431402633573
3712,0.33998156995982165
3713,0.33920341175821445
3714,0.33797751573441603
3715,0.3400990518059414
3716,0.3296835965996864
3717,0.33984341534120455
3718,0.3297868193015925
3719,0.3387369023807585
3720,0.33736625818199023
3721,0.3408203005633523
3722,0.3448913955339365
3723,0.3292971903331336
3724,0.3347778926591171
3725,0.33206730381280264
3726,0.333033953210381
3727,0.332524468571222
3728,0.3403444217487455
3729,0.3420459061620031
3730,0.33075404815679055
3731,0.34154723898992456
3732,0.33452314422324275
3733,0.33629988474606004
3734,0.33956898536089947
3735,0.33533318304977733
3736,0.33773799576825037
3737,0.3439847846127588
3738,0.3418105468750972
3739,0.33920276480335043
3740,0.3354009421452774
3741,0.34090985932291523
3742,0.33700495009053555
3743,0.3351199345951396
3744,0.3416210901931861
3745,0.3468835525328012
3746,0.34331893974049615
3747,0.3447503198047171
3748,0.3356512304098962
3749,0.3378709491503146
3750,0.3484711485346621
3751,0.3387893728894709
3752,0.33798445924624737
3753,0.33952152705317434
3754,0.35111862197336335
3755,0.3344728054106835
3756,0.33611774663818644
3757,0.3363370003915676
3758,0.34154364341173604
3759,0.33950647294859065
3760,0.34148063805879136
3761,0.3351261214225648
3762,0.3337788218840354
3763,0.33813858556830517
3764,0.3437436334539386
3765,0.3442960024828795
3766,0.3331128614953073
3767,0.3436688038679066
3768,0.33663347313077546
3769,0.3390788810573836
3770,0.3431195701902255
3771,0.33483100969891133
3772,0.3440954374034263
3773,0.349239418775178
3774,0.34763043436041285
3775,0.3296182992158985
3776,0.3447328366205163
3777,0.33417232725996954
3778,0.343172097532275
3779,0.33404002073123573
3780,0.3407029729059925
3781,0.33024394959800035
3782,0.3307661471120102
3783,0.33717784846772375
3784,0.34244878082597313
3785,0.33452799668776323
3786,0.33373141322816574
3787,0.3372027086249415
3788,0.34538494128394215
3789,0.33393233550957896
3790,0.3360817652068875
3791,0.332128767758205
3792,0.334224134905574
3793,0.339847343392633
3794,0.3492719130459918
3795,0.348363491602217
3796,0.33617403246767447
3797,0.3463120922905721
3798,0.347183885557273
3799,0.3339394570602878
3800,0.33268242775962076
3801,0.34128379914479373
3802,0.34047389924285854
3803,0.33780495343783523
3804,0.3351728329996547
3805,0.34409159872521733
3806,0.3393932342580231
3807,0.33597994223631983
3808,0.3383243340518664
3809,0.3349284970949462
3810,0.33930793232014816
3811,0.32543948259864963
3812,0.3339382561406839
3813,0.33230444480967586
3814,0.3399140263169092
3815,0.3403962648517617
3816,0.34013957129508227
3817,0.33670955421553694
3818,0.34547975956105925
3819,0.3420779585094425
3820,0.3348003194448527
3821,0.345378837472106
3822,0.33014302199570955
3823,0.3415284412463769
3824,0.34018279167678755
3825,0.33299321169634877
3826,0.3457677694123634
3827,0.3391900074187018
3828,0.3284559557138365
3829,0.345820607147995
3830,0.3373671629085349
3831,0.33964764288414984
3832,0.33163404057509627
3833,0.33823128898977955
3834,0.3437440176801121
3835,0.32652576509256387
3836,0.3290830657299129
3837,0.3320516673870213
3838,0.33684266402673413
3839,0.3356866882016147
3840,0.3365373079205903
3841,0.34120683822049336
3842,0.34917765137723644
3843,0.34006373802901435
3844,0.3501957322898266
3845,0.33917153633800856
3846,0.34393250514131996
3847,0.32356791710623395
3848,0.3354068485211076
3849,0.33469749736221105
3850,0.3384558750503945
3851,0.33432206795176417
3852,0.3370660034890025
3853,0.3447140280560176
3854,0.3364709183322403
3855,0.33188607794334485
3856,0.3399213544391931
3857,0.3450549970417109
3858,0.35129296404209887
3859,0.33818179118879516
3860,0.3401939057015722
3861,0.3418401289589696
3862,0.34342919016840506
3863,0.33971484511633104
3864,0.3436271849524811
3865,0.3314866412955131
3866,0.33380333891809005
3867,0.32741674392242154
3868,0.34840402701271345
3869,0.34206488209573105
3870,0.33545443131712005
3871,0.3456737660004736
3872,0.33781830507373295
3873,0.3362440710258925
3874,0.34234257563269255
3875,0.340356573531895
3876,0.34497290152292864
3877,0.3294177169446113
3878,0.3470680835751811
3879,0.34082455844500575
3880,0.33814445962670076
3881,0.34209896197372003
3882,0.34528744167137043
3883,0.3358226754482537
3884,0.3448100358024485
3885,0.34509120534755017
3886,0.3428719459341938
3887,0.3405761337125809
3888,0.3402238954348776
3889,0.34143800606269437
3890,0.3426771627367761
3891,0.34056333705893144
3892,0.3406162509753717
3893,0.3360119968804556
3894,0.3425543843960424
3895,0.3406037640440068
3896,0.3333419246004216
3897,0.34550684906778795
3898,0.34531951137138756
3899,0.34252138239630536
3900,0.3359835027212721
3901,0.33490531775039245
3902,0.3476560170463657
3903,0.34803596863078373
3904,0.34115764132390347
3905,0.32855955475136067
3906,0.34229040542284345
3907,0.3377743082771093
3908,0.3491654123435904
3909,0.3349057810466232
3910,0.3406480403188352
3911,0.33473310660788713
3912,0.3354113393650128
3913,0.3451453564890429
3914,0.34023171604265334
3915,0.3355978544107726
3916,0.3333863190793779
3917,0.33353885573788894
3918,0.34092058792892904
3919,0.34555291480773687
3920,0.3401934417120453
3921,0.33208923017262276
3922,0.3407942488104063
3923,0.33593904327403984
3924,0.34314189765400627
3925,0.34223457045759037
3926,0.33722053267024826
3927,0.34544530193600304
3928,0.33741762061555397
3929,0.3371804171335876
3930,0.33745892184927945
3931,0.3408748542204911
3932,0.3417666656778217
3933,0.3411605825769333
3934,0.34126456852678677
3935,0.34399027883229566
3936,0.342007988744252
3937,0.3448845682673618
3938,0.3386040973634021
3939,0.3436165354722526
3940,0.3406742085627951
3941,0.33810704326405794
3942,0.3401177483240627
3943,0.34799700242634013
3944,0.3413412471710143
3945,0.3363576143620908
3946,0.3451375861473616
3947,0.33459819824542436
3948,0.34326083906431826
3949,0.3420938727514024
3950,0.3403679820539754
3951,0.34443191336211504
3952,0.34191425555311417
3953,0.34362536750802924
3954,0.343607944036567
3955,0.3338217123507898
3956,0.3496067653575093
3957,0.32988396977733014
3958,0.3358352311296326
3959,0.33875122938574076
3960,0.3381323244384716
3961,0.3347127385170786
3962,0.33801765742889733
3963,0.3409753711795897
3964,0.34072113925037945
3965,0.33548555919034617
3966,0.33549102053641894
3967,0.3428682653726734
3968,0.3407804352872754
3969,0.34267966430705415
3970,0.339642325424092
3971,0.34498118555525753
3972,0.33631370714866726
3973,0.33965750497087
3974,0.33922206925641396
3975,0.34507705572854364
3976,0.3442920859352756
3977,0.3421178295173566
3978,0.3429793148920024
3979,0.3416454705089538
3980,0.3342240671654108
3981,0.3417129280340506
3982,0.337641082165092
3983,0.3448668677517582
3984,0.33381844177035785
3985,0.3531960330648849
3986,0.3403072527259833
3987,0.3306741299624275
3988,0.3470852118198603
3989,0.3413083837525531
3990,0.3418551181767376
3991,0.3403843691795183
3992,0.3413867014455554
3993,0.3316427394570904
3994,0.3301840260891385
3995,0.3397429776002129
3996,0.3443849796396905
3997,0.3317177333432225
3998,0.34824929904651364
3999,0.3416622709918953
4000,0.3468787427321624
4001,0.33820648359010547
4002,0.338144652417566
4003,0.3436368612025168
4004,0.34079280178961435
4005,0.3313268514574141
4006,0.3309979812047061
4007,0.3377709509688912
4008,0.3378093742901965
4009,0.3388769909704291
4010,0.3443856537850805
4011,0.3401590141397075
4012,0.34343142533967946
4013,0.34110740887576174
4014,0.33357959692608896
4015,0.3340580683008033
4016,0.33966220203585373
4017,0.3378207281264451
4018,0.3417830388231263
4019,0.3392476641222964
4020,0.3398670466082146
4021,0.33732494142920766
4022,0.34575702175609935
4023,0.3414779682801145
4024,0.34274273683131057
4025,0.3287437939326561
4026,0.345099040926617
4027,0.33834934967178365
4028,0.34201605586938055
4029,0.3394610644365474
4030,0.33533191035482907
4031,0.34084798693698887
4032,0.3386357264796393
4033,0.3321166682357258
4034,0.3380342072530671
4035,0.3356878569968208
4036,0.3454670119438897
4037,0.34981182106413816
4038,0.34826907899157994
4039,0.34150195103926956
4040,0.34532994095507075
4041,0.33311488801431643
4042,0.33196947908025115
4043,0.33853788184812317
4044,0.3363590799143331
4045,0.3429862782406242
4046,0.34185109730357166
4047,0.33523073338843773
4048,0.3464261115303929
4049,0.3440744717133134
4050,0.33331838181548645
4051,0.3391276829287575
4052,0.3494335607850327
4053,0.3398554675302957
4054,0.33618535527533405
4055,0.3418003300080016
4056,0.34623086631979955
4057,0.3430915661270957
4058,0.354464122883835
4059,0.33378944145193473
4060,0.3487395931470481
4061,0.34425563215643085
4062,0.3349791897705486
4063,0.34342627136813414
4064,0.3400585856772106
4065,0.3406007081722571
4066,0.34824837042885043
4067,0.3342680116356716
4068,0.3419069576294638
4069,0.3457342399723122
4070,0.33847920235736856
4071,0.3332293034909942
4072,0.3447854761009512
4073,0.34554936237877165
4074,0.3432892067762259
4075,0.34791650183505435
4076,0.3280567266492927
4077,0.34447796960760757
4078,0.34070420531579204
4079,0.341304838214956
4080,0.33769960697873525
4081,0.34851883712105725
4082,0.3417652029064242
4083,0.33683368697781296
4084,0.3363994508630156
4085,0.34671630944571635
4086,0.3499288900024356
4087,0.3435647433760887
4088,0.3475786178529698
4089,0.35277418725940696
4090,0.34762515188464677
4091,0.34379083495246454
4092,0.3464021111662675
4093,0.34975917444603694
4094,0.3443297010482331
4095,0.3462152674730142
4096,0.3458497499783497
4097,0.3438294687443985
4098,0.34148841420289056
4099,0.34697844119764415
4100,0.34461997895606383
4101,0.3471388899954391
4102,0.34335751119728947
4103,0.35017687867615144
4104,0.3429147174714971
4105,0.3407981316732134
4106,0.3419887902403968
4107,0.32919037447389027
4108,0.343669708227529
4109,0.3364431924800477
4110,0.3407582910250403
4111,0.34791265005213057
4112,0.3479650061506442
4113,0.3438246715075728
4114,0.3475200564324775
4115,0.3472488488180331
4116,0.3434213980321137
4117,0.3396801374129492
4118,0.3463881575926764
4119,0.34571829869309306
4120,0.3383366726713542
4121,0.3367594803828833
4122,0.350077804864194
4123,0.34067389348404564
4124,0.34338258968162155
4125,0.3454759098472335
4126,0.3419843808448888
4127,0.33882151947153566
4128,0.3361245778727191
4129,0.3499867828744794
4130,0.3432181355385521
4131,0.3273489453234559
4132,0.34778089413481944
4133,0.34411833731571706
4134,0.333833441014783
4135,0.343677418498354
4136,0.33980895324192345
4137,0.33743837525882986
4138,0.342261693342602
4139,0.3364614862876104
4140,0.34602805953976196
4141,0.3507502027581113
4142,0.33936643210999884
4143,0.34280297727458997
4144,0.3320711231453136
4145,0.34867011206951526
4146,0.3462587369981172
4147,0.340328646967359
4148,0.33893115575795135
4149,0.3366034003791918
4150,0.34444313556426326
4151,0.34032078261799886
4152,0.3350106365905909
4153,0.3461898671762178
4154,0.345565679841533
4155,0.3488847066136307
4156,0.32981263322554644
4157,0.3444153816285805
4158,0.3477766058955706
4159,0.35104753888105117
4160,0.33716468442541286
4161,0.343023728523242
4162,0.33368070530491856
4163,0.345375989118767
4164,0.34384643707475726
4165,0.3409631157746906
4166,0.32983476910382425
4167,0.35099878511140475
4168,0.3319901012619644
4169,0.3401857812369886
4170,0.34382085061911105
4171,0.34439745478950784
4172,0.3439146965567607
4173,0.34796846232010437
4174,0.3414640613599276
4175,0.3436387672404945
4176,0.3404032109578507
4177,0.3351410238971795
4178,0.34470030954432473
4179,0.3347433834120959
4180,0.3486615624779771
4181,0.35250434338623066
4182,0.34259306826035973
4183,0.33789318359043335
4184,0.34426220636526944
4185,0.3421998686288627
4186,0.34279245690284854
4187,0.3433128751970021
4188,0.3308248483668719
4189,0.35098899989933563
4190,0.3319503170282912
4191,0.34431218872033437
4192,0.3295113240957481
4193,0.3390362089454234
4194,0.3428838651559329
4195,0.34951985546571823
4196,0.33609425858120806
4197,0.33896310770245475
4198,0.3506961138600549
4199,0.33100131813018285
4200,0.3415699034404186
4201,0.34486045176359803
4202,0.3448074902772425
4203,0.3414148842208691
4204,0.3530991699136318
4205,0.34152366524703276
4206,0.34577767040734797
4207,0.344580624481556
4208,0.3431876497387288
4209,0.3440089180309969
4210,0.3416311366418974
4211,0.34960551676430357
4212,0.3400507766508416
4213,0.35114716477702507
4214,0.3483409281584999
4215,0.3422975665592011
4216,0.33980145732904377
4217,0.3538504026255699
4218,0.3452956926406983
4219,0.337670977128263
4220,0.330996146606435
4221,0.347300264341362
4222,0.3431358823611648
4223,0.3458660797683682
4224,0.3441073307170872
4225,0.33916909392393413
4226,0.32987612570817687
4227,0.3444052399634298
4228,0.34754861416369476
4229,0.3416715780747606
4230,0.3390217147436221
4231,0.34905743959478064
4232,0.3328002992116725
4233,0.3395474636321252
4234,0.34119778420939595
4235,0.3494742768173001
4236,0.34388889278857265
4237,0.34104188295107174
4238,0.3323362218658539
4239,0.3423989879418178
4240,0.3373264801479438
4241,0.33750802272526087
4242,0.3434326088955019
4243,0.342575052883144
4244,0.35137969282109893
4245,0.341443325304868
4246,0.3402506144704448
4247,0.35259654101602944
4248,0.34180189559733465
4249,0.3499066401239602
4250,0.34627604657482924
4251,0.33824890810401975
4252,0.3325567145593218
4253,0.3368995568823644
4254,0.33657015531445417
4255,0.33898910421174083
4256,0.34249435983408716
4257,0.3361953778587872
4258,0.3403943617594159
4259,0.34939472918416864
4260,0.33626577018132625
4261,0.35184166548088397
4262,0.337632257261471
4263,0.3316112077769384
4264,0.34217821769178713
4265,0.3429166649443075
4266,0.3343431544982335
4267,0.3438115056051172
4268,0.3403780906088354
4269,0.35180396273325765
4270,0.34928231246279945
4271,0.3429404246534981
4272,0.33549948226144666
4273,0.3390963331818922
4274,0.3507630989949216
4275,0.33591480910627813
4276,0.3502916479170802
4277,0.34713938933656735
4278,0.3344578943567593
4279,0.3378662056361681
4280,0.3387162634618813
4281,0.34966395073652523
4282,0.3475445130583334
4283,0.3440574504267283
4284,0.3461550583324166
4285,0.3413463724706128
4286,0.3510163742620687
4287,0.3522335713556044
4288,0.3406756314180354
4289,0.33386641589005744
4290,0.34035086796695196
4291,0.34622418061327626
4292,0.3434154940582546
4293,0.34161639366469976
4294,0.3361109902706208
4295,0.3450115593012713
4296,0.34326138491352143
4297,0.3448411729475388
4298,0.33946410887591505
4299,0.3401230327963601
4300,0.346451638811132
4301,0.34834589023024753
4302,0.33708775593688106
4303,0.3434406748940872
4304,0.3459680561745031
4305,0.34481613372520514
4306,0.33669734409520297
4307,0.34222886120490204
4308,0.3467998167730942
4309,0.33732457524078013
4310,0.3431417401011506
4311,0.34235317479133975
4312,0.3411320861108673
4313,0.34346823508365043
4314,0.3349577978118298
4315,0.3356554513815155
4316,0.34400495326207137
4317,0.3377754999489131
4318,0.3404544258712607
4319,0.34128761361664317
4320,0.3446493136287111
4321,0.3437726044673049
4322,0.3493243939633347
4323,0.3447163886828038
4324,0.34809955920801416
4325,0.3407444875874261
4326,0.34518676404202425
4327,0.33617410444394513
4328,0.33813558346602973
4329,0.3550303857269076
4330,0.34621094319202406
4331,0.3539999095992917
4332,0.3475047824922229
4333,0.3432934150353221
4334,0.34019161568484163
4335,0.35252191465382837
4336,0.3440085204849374
4337,0.34898890254788995
4338,0.34820553652260067
4339,0.342566060595701
4340,0.33452350905190675
4341,0.33892763488274796
4342,0.3417172241858573
4343,0.34266536689504634
4344,0.3404061451569175
4345,0.3469190672572373
4346,0.3400931251399443
4347,0.34049283433462685
4348,0.34261970984486784
4349,0.3504485463518101
4350,0.3361459602602901
4351,0.3455653610621344
4352,0.3509952436364083
4353,0.34174268914903
4354,0.34407464659731474
4355,0.3525741592750513
4356,0.3440232492248951
4357,0.3511307201638768
4358,0.34359190520043076
4359,0.3433619854062983
4360,0.3397205178054474
4361,0.338927521487469
4362,0.3470210061406779
4363,0.3435262669243548
4364,0.34388749934819945
4365,0.3304153901571769
4366,0.3419013596240263
4367,0.3556693980601421
4368,0.33408389517688086
4369,0.33406226100289194
4370,0.3482465231006012
4371,0.341238149943243
4372,0.3354989205242884
4373,0.34095108054897333
4374,0.34556090812933865
4375,0.3438818215510865
4376,0.3290175670163348
4377,0.34686864976023696
4378,0.34054623091428027
4379,0.3335720913996979
4380,0.3455277308807924
4381,0.33839717915054074
4382,0.3411456915556535
4383,0.34433990040390966
4384,0.3434296049239734
4385,0.3494072624469443
4386,0.34156835733344804
4387,0.3430800423861787
4388,0.3458094582274354
4389,0.3450577554713462
4390,0.34437994352272777
4391,0.33981047890864724
4392,0.3470238298041542
4393,0.3444949588196402
4394,0.34475393627059525
4395,0.3368436837059993
4396,0.3441297969719444
4397,0.3295482708748041
4398,0.3474446935377273
4399,0.3484618299891952
4400,0.33900009520741303
4401,0.34338004147552426
4402,0.3410919598510588
4403,0.3437795990496471
4404,0.3375337087474729
4405,0.34266744713780667
4406,0.3394915076507359
4407,0.34716732446099613
4408,0.33542802566845703
4409,0.3468787147096755
4410,0.33203283732941885
4411,0.3485237563671747
4412,0.3409534318414916
4413,0.34347026515717305
4414,0.34707405894792204
4415,0.3384838537259666
4416,0.331831282928259
4417,0.34120434259656646
4418,0.33543848176025354
4419,0.3392190015607635
4420,0.35166569820121485
4421,0.3451610642941885
4422,0.34126772425329
4423,0.33754842596227663
4424,0.34272778726236874
4425,0.3377335271933727
4426,0.3420483716901123
4427,0.3316988807571085
4428,0.3450795908991443
4429,0.3497527834522314
4430,0.34539666595357216
4431,0.3423676042753391
4432,0.34598741402830274
4433,0.3408945448429278
4434,0.34286285696172114
4435,0.3399186627778991
4436,0.3431225490705641
4437,0.3425844631911886
4438,0.341879967240621
4439,0.3367704504656806
4440,0.35454211907547656
4441,0.3352319083445946
4442,0.3369022274388748
4443,0.33282670610121673
4444,0.34113132042595845
4445,0.3324316094385204
4446,0.34676243572938653
4447,0.33997517063967997
4448,0.35055541498378917
4449,0.34732669072612554
4450,0.3401691749860871
4451,0.3394879669555513
4452,0.3368172064736217
4453,0.3378357090533187
4454,0.34438262154763166
4455,0.3426367820222689
4456,0.34750160106773004
4457,0.34594392999068413
4458,0.3409776647748909
4459,0.347305637337963
4460,0.3486867890054122
4461,0.34081005158625455
4462,0.34380772019254247
4463,0.34188005409776145
4464,0.33803600828928926
4465,0.35139165084163293
4466,0.342565209985287
4467,0.3372154002779815
4468,0.3452507456368549
4469,0.34431088086012324
4470,0.34105424102459797
4471,0.33772245611447393
4472,0.3513169633877252
4473,0.3474621745774696
4474,0.3515720918021645
4475,0.3460483179495941
4476,0.339785209210568
4477,0.340525719557028
4478,0.34455215562708685
4479,0.3492660411588078
4480,0.3550990893958462
4481,0.343431549257283
4482,0.34526033880366747
4483,0.3550667769387131
4484,0.33641497283270433
4485,0.34443102569172845
4486,0.34437033388315663
4487,0.3547065509848537
4488,0.3501071181614783
4489,0.3459147632927528
4490,0.3510152924803315
4491,0.3398836460813955
4492,0.34087310477492433
4493,0.3445837363422137
4494,0.35426918310704514
4495,0.35289146326108506
4496,0.35292637460178267
4497,0.3438325173753666
4498,0.33957918164479833
4499,0.34120309278404626
4500,0.3469521733512399
4501,0.3463536294353594
4502,0.34811201889571325
4503,0.34459846668052646
4504,0.33997773811816306
4505,0.3405416477102871
4506,0.34108342635328914
4507,0.34187957456507506
4508,0.3488088221399368
4509,0.35147509340711414
4510,0.3454341253599707
4511,0.3460205890677244
4512,0.3400652704164621
4513,0.34476771100878933
4514,0.33998477956037965
4515,0.346543063295097
4516,0.35462575406113683
4517,0.34962272237713693
4518,0.34972962587410533
4519,0.3498953616850757
4520,0.33593522374322354
4521,0.3417270134805156
4522,0.33726911707942403
4523,0.33648131920277224
4524,0.3398511854953402
4525,0.3365188756207359
4526,0.34175586993061846
4527,0.346257096434959
4528,0.34701587568715336
4529,0.34750125782230984
4530,0.34340616744133445
4531,0.35117676271461307
4532,0.3444259682022578
4533,0.34268973048392304
4534,0.3353209845469238
4535,0.3474369552321952
4536,0.34452429742916213
4537,0.34175667011029637
4538,0.3486973122680213
4539,0.34299186795471515
4540,0.3423579872122419
4541,0.342071946727839
4542,0.3350666893635771
4543,0.34300227518466636
4544,0.3407052677326623
4545,0.3460901069618814
4546,0.3488399244942395
4547,0.3400987598620686
4548,0.34232875498473386
4549,0.3473160574544189
4550,0.35144619662598725
4551,0.33688770634167375
4552,0.3413081481852113
4553,0.34181228324125185
4554,0.3365527554902099
4555,0.3435827764839049
4556,0.34358088543240506
4557,0.3379521290889731
4558,0.34162397826192054
4559,0.34142905831918957
4560,0.3450575831843813
4561,0.3449987131259215
4562,0.34070939463147476
4563,0.34008527569951863
4564,0.340462543649983
4565,0.3463644234168944
4566,0.33902543461084533
4567,0.3515700210801346
4568,0.3353603776333812
4569,0.3413835850290578
4570,0.3440346982785362
4571,0.34486180403984595
4572,0.3475318694924925
4573,0.3431098610382233
4574,0.3374550899419928
4575,0.33655543979757313
4576,0.3430698330071381
4577,0.3371323886878608
4578,0.34356663841971014
4579,0.34325962220895073
4580,0.33736616277849557
4581,0.3482763625815388
4582,0.3436101333695228
4583,0.3365684488873615
4584,0.3408795975749503
4585,0.3484572622622078
4586,0.3450731221831565
4587,0.33835700637621763
4588,0.3401239401205829
4589,0.3445252053622348
4590,0.34086824822361805
4591,0.34053632610330586
4592,0.3438578906965529
4593,0.34528673290980505
4594,0.3454733853894801
4595,0.35080381206488537
4596,0.3443457537376736
4597,0.34150612973484884
4598,0.3463584974823636
4599,0.34027007073033366
4600,0.3483627697167805
4601,0.3435551831438231
4602,0.3374223516309345
4603,0.3439843833047212
4604,0.3577662274830304
4605,0.34371022347066155
4606,0.3416705586339972
4607,0.35027099895463437
4608,0.3369176767109453
4609,0.34065315803678
4610,0.3440444251407609
4611,0.34452337658812704
4612,0.33679834347492776
4613,0.3446764389591317
4614,0.3511767020675356
4615,0.3382798968896546
4616,0.34200801464732344
4617,0.3428324217545598
4618,0.3534265115072358
4619,0.33529698614709613
4620,0.3459077669471275
4621,0.34620905264694285
4622,0.3423644157975524
4623,0.340641425228566
4624,0.3421223146214481
4625,0.33999810879690145
4626,0.34325300865000447
4627,0.34278487179962186
4628,0.34878827048857763
4629,0.33659462022365816
4630,0.3437189471603087
4631,0.3421677334168841
4632,0.3465562938494444
4633,0.34822440088451684
4634,0.3444988400201678
4635,0.3524798011593428
4636,0.33520031898985986
4637,0.32769935956140434
4638,0.34506272064911003
4639,0.3455800272303287
4640,0.35464209000901964
4641,0.339035497620343
4642,0.3479691844583513
4643,0.3549343495481722
4644,0.34569851203331103
4645,0.3517244068462148
4646,0.3432428774451361
4647,0.3440689833284016
4648,0.3454632055479938
4649,0.3401369793611905
4650,0.3477807605544783
4651,0.34923137149310124
4652,0.354988123334045
4653,0.34808601505283165
4654,0.34277321714143366
4655,0.3506450535001468
4656,0.35108811530821243
4657,0.34445509345784814
4658,0.3398416057414231
4659,0.3585263735105664
4660,0.3469858116525289
4661,0.349502154522275
4662,0.34869970442552106
4663,0.3366497434951782
4664,0.343797613001502
4665,0.33840425726222584
4666,0.35107619681290486
4667,0.34031862949699776
4668,0.33841788714845766
4669,0.3428547017978409
4670,0.3438630987571235
4671,0.3430077036634615
4672,0.3408015780089852
4673,0.3485800654109778
4674,0.3417583031780432
4675,0.3466436692486033
4676,0.34859525391081214
4677,0.34506149175856704
4678,0.3447997489375317
4679,0.35317982021909866
4680,0.3452966175767453
4681,0.3494381653734246
4682,0.33885793835335903
4683,0.3529866952368889
4684,0.35497023608594
4685,0.3357269624688247
4686,0.3456812662378728
4687,0.35873499396433417
4688,0.3469147439676436
4689,0.34944918828883426
4690,0.3394741757579977
4691,0.3514024422998672
4692,0.3424311530660396
4693,0.3369817885533366
4694,0.3505337650200191
4695,0.3472107859028945
4696,0.3420034161494383
4697,0.34756961755548965
4698,0.3429345283880556
4699,0.3347119332443831
4700,0.33867278001379947
4701,0.35133741356870823
4702,0.342354067102703
4703,0.33587323597256796
4704,0.34952806129073954
4705,0.3389123264854168
4706,0.339814202043359
4707,0.35301332818827735
4708,0.3484830844759284
4709,0.33623970732832453
4710,0.34593678892951235
4711,0.34504922580476605
4712,0.3479648670724563
4713,0.3465595133747482
4714,0.34282263075073666
4715,0.3510683594674668
4716,0.34284048219034396
4717,0.3390133492171923
4718,0.3505191713189864
4719,0.34683808606005156
4720,0.35749551956494224
4721,0.34736780247311194
4722,0.3433855529802601
4723,0.343251651649052
4724,0.3511490981501995
4725,0.3499583142545062
4726,0.3452851592760942
4727,0.33803070550243786
4728,0.3467093614105282
4729,0.34414994563814477
4730,0.3454807452508337
4731,0.34593821529785335
4732,0.34365657840984415
4733,0.34150243902471233
4734,0.3425238594084779
4735,0.3470216131876663
4736,0.34676180126026634
4737,0.34342331682153765
4738,0.3476228575842849
4739,0.3517841277872646
4740,0.34583091798390686
4741,0.3540853557466567
4742,0.34637223110652704
4743,0.3504432198194041
4744,0.35011930955453824
4745,0.35189178452894504
4746,0.3472658488536223
4747,0.3382951311925648
4748,0.35692266459964594
4749,0.3574349000400634
4750,0.3488154288560411
4751,0.3382514810763063
4752,0.34375215811028326
4753,0.3531583877334629
4754,0.3450284516405086
4755,0.348360166033086
4756,0.342738776679148
4757,0.34971293747976384
4758,0.35199739329705737
4759,0.33480250927098776
4760,0.35316025649591015
4761,0.34964297349946694
4762,0.3468678376616573
4763,0.3515743906552654
4764,0.3476285244889605
4765,0.33678813789427686
4766,0.3571705732110677
4767,0.3342058380564506
4768,0.3447598457764413
4769,0.35329417233220245
4770,0.34040028727388105
4771,0.3456548662034705
4772,0.34209828712343016
4773,0.3389584159768217
4774,0.34661710621705816
4775,0.3432980865154184
4776,0.3449146633475299
4777,0.3453380205476641
4778,0.34817989391497906
4779,0.3447970714608305
4780,0.34866210139574433
4781,0.34020926020030484
4782,0.34586008935890095
4783,0.3540872381403453
4784,0.3427446581223459
4785,0.3414344650746385
4786,0.341516212633653
4787,0.33560516415662645
4788,0.34644278946936563
4789,0.35166796409246665
4790,0.34419283240505116
4791,0.35401342041772627
4792,0.3416539010246982
4793,0.34304982468592604
4794,0.33550568964847
4795,0.3426024179009477
4796,0.34084065751944764
4797,0.34806329042509354
4798,0.3434089013495553
4799,0.34183785435351394
4800,0.34537417987960234
4801,0.3386100914542906
4802,0.3469684728214891
4803,0.3502345044221294
4804,0.3480496614386614
4805,0.34993939600469903
4806,0.3454358580482063
4807,0.3531934788546957
4808,0.3381409762034051
4809,0.3416650660919562
4810,0.34590168585393105
4811,0.3479195160129832
4812,0.337758896821268
4813,0.3504715223972482
4814,0.35008243709878767
4815,0.35195073102138086
4816,0.35442177066808694
4817,0.35982055308025285
4818,0.3432735636424296
4819,0.3526835934980021
4820,0.34211831083316613
4821,0.3440783256816259
4822,0.34920676750419644
4823,0.34747294821702207
4824,0.3445134666030252
4825,0.347975686969677
4826,0.34996257623051874
4827,0.34505581646131106
4828,0.33946191018914346
4829,0.35373552286248333
4830,0.34935825881283017
4831,0.3502341008111594
4832,0.3538358215530975
4833,0.3522983639573519
4834,0.34319358891155716
4835,0.3431629694857504
4836,0.351945139804087
4837,0.33881989888492786
4838,0.3465518908880788
4839,0.3420245890406442
4840,0.3478889767177645
4841,0.35285738295051955
4842,0.3435485245201211
4843,0.34000403208316593
4844,0.3481753934470558
4845,0.35704403497793996
4846,0.35354883800701714
4847,0.3377815341117223
4848,0.3450117198746292
4849,0.35190929322235587
4850,0.3511716554163132
4851,0.35059609354897603
4852,0.3550192789876291
4853,0.33986207778683314
4854,0.34618898437487094
4855,0.3486367174312373
4856,0.3480027008381825
4857,0.3429891946074218
4858,0.3469015104819312
4859,0.352906319087122
4860,0.34305982125558193
4861,0.34588714680800314
4862,0.35483176732209265
4863,0.34947398805820773
4864,0.3376835179456035
4865,0.3434117393645022
4866,0.35189746054883875
4867,0.3426869869841736
4868,0.3452611780134898
4869,0.3460247661113349
4870,0.3476030409071323
4871,0.350594571631975
4872,0.3511682881710422
4873,0.3440997217434919
4874,0.34762675392662656
4875,0.3430597459284839
4876,0.3531380462125053
4877,0.3463356766190751
4878,0.3395900590239075
4879,0.3469489733624758
4880,0.33780563786594514
4881,0.35168403355195416
4882,0.3481931824172487
4883,0.3443738196607659
4884,0.3579699578446285
4885,0.3469117280369714
4886,0.3468401502249072
4887,0.3465916984792332
4888,0.35116865507822426
4889,0.35131727573249166
4890,0.3566317974574809
4891,0.35619054759127095
4892,0.35618668311710117
4893,0.3484545857042415
4894,0.34061996706106185
4895,0.3471245680531508
4896,0.3513122893793422
4897,0.34995088298094645
4898,0.35353567567631405
4899,0.34494328893371323
4900,0.34760736715779633
4901,0.3481148737533423
4902,0.3424656120523062
4903,0.3547950386785538
4904,0.3511729881740813
4905,0.3513344187012149
4906,0.35182717684484793
4907,0.3516243989256451
4908,0.35005324530994963
4909,0.3513536241954076
4910,0.3442934092094263
4911,0.349439238559733
4912,0.3509032450223975
4913,0.34885597419944603
4914,0.34307590302868696
4915,0.34339623099187044
4916,0.3487029783197775
4917,0.35136995041264757
4918,0.34844797775919073
4919,0.3506185457636294
4920,0.35187160246997295
4921,0.34877891004339423
4922,0.35123559106044366
4923,0.3499542138585026
4924,0.3443378262063543
4925,0.3518317666295773
4926,0.35968623749171635
4927,0.34296949933421544
4928,0.3508911885471179
4929,0.34666802048668355
4930,0.3386407478679338
4931,0.346396465582822
4932,0.35196349349857664
4933,0.3503583304676474
4934,0.34839938984823865
4935,0.3493579879701635
4936,0.3428736183006638
4937,0.3473909733002354
4938,0.34507251537427835
4939,0.34863924498592536
4940,0.3472198020530012
4941,0.3420110592359853
4942,0.3512055196436109
4943,0.35149175439468433
4944,0.34806293166483515
4945,0.351263601320927
4946,0.34955763688446695
4947,0.344781523076629
4948,0.34972334279441386
4949,0.344085751929991
4950,0.342800121095729
4951,0.34845707648319363
4952,0.34436843156987335
4953,0.3458124272979846
4954,0.3441951500492597
4955,0.36031577002178006
4956,0.34436545853898365
4957,0.3492079851520973
4958,0.35079974139448056
4959,0.34499656020275
4960,0.35971486597029
4961,0.34661574931619543
4962,0.34977424975572596
4963,0.3460485809458367
4964,0.3461990384553615
4965,0.34630773281260463
4966,0.346349869490554
4967,0.34472857284467867
4968,0.3363580514070614
4969,0.34922141970879794
4970,0.34026697402006806
4971,0.35198309551172907
4972,0.34728011054060964
4973,0.355091757578125
4974,0.34696835387813446
4975,0.3504341612647438
4976,0.3605620137058414
4977,0.34644790829439615
4978,0.3488169744300705
4979,0.3513553259517835
4980,0.3455618679043307
4981,0.34602728522064613
4982,0.3418557205672729
4983,0.3470865350163821
4984,0.3419624420226772
4985,0.3348388244363534
4986,0.3362439958437687
4987,0.345338906107461
4988,0.3477680480865072
4989,0.35042778314024176
4990,0.3414714754466063
4991,0.34327069085942946
4992,0.3519056283035661
4993,0.35678839283450703
4994,0.35723224174775503
4995,0.34785316528143756
4996,0.3475696580339317
4997,0.3431849797442303
4998,0.3469769363538726
4999,0.3508087710615097
5000,0.3472457681449757
5001,0.3511749942552415
5002,0.3444619949166443
5003,0.3398542681855125
5004,0.35277113619686146
5005,0.34104834204993734
5006,0.3511733106731667
5007,0.3492340648227886
5008,0.3482752120388151
5009,0.3530410057784812
5010,0.34589930990619616
5011,0.34571262248713164
5012,0.34808647656524966
5013,0.34985565546044267
5014,0.3441757100704536
5015,0.3446940118568413
5016,0.3558858176316636
5017,0.3502262223734411
5018,0.3537603470586929
5019,0.3437349698567294
5020,0.3500103769960358
5021,0.352464473395955
5022,0.3361219786579411
5023,0.3502144553406457
5024,0.34374483659623933
5025,0.3529764677996849
5026,0.3499182906894956
5027,0.34507588600420397
5028,0.346275814976404
5029,0.34943657074818657
5030,0.3546026076822774
5031,0.3450747824004233
5032,0.35091819777162836
5033,0.3490681556400738
5034,0.35317212612361853
5035,0.3537123072479785
5036,0.34952633570975317
5037,0.35136799269212027
5038,0.3459745433615815
5039,0.3345156145908194
5040,0.35084471666468997
5041,0.33999328824034314
5042,0.3470662831518405
5043,0.34245983631159044
5044,0.34549316866769986
5045,0.34976536090302573
5046,0.3555229827642199
5047,0.3478617587012623
5048,0.34837447595045695
5049,0.35402018708662175
5050,0.3508164175762636
5051,0.3507037969625441
5052,0.34151704331691307
5053,0.34511473828367867
5054,0.34735359663948
5055,0.3470940535268895
5056,0.33908519578101604
5057,0.35348802086573267
5058,0.3542079716506832
5059,0.33545636022384345
5060,0.34980403218471734
5061,0.35944940965194266
5062,0.348689620497084
5063,0.34569038861223955
5064,0.3502748542603493
5065,0.35029581958548994
5066,0.35180712038089607
5067,0.35463972227976875
5068,0.35673143519831696
5069,0.34827874845079176
5070,0.3410124257271959
5071,0.34336017969424437
5072,0.3455491221328368
5073,0.34792715263250634
5074,0.34995807789650024
5075,0.3523860894904734
5076,0.34663761830298095
5077,0.3479044013063733
5078,0.35797040688933657
5079,0.3528664118826381
5080,0.3506705096921624
5081,0.3488254371378433
5082,0.35868321766461847
5083,0.35120854573899296
5084,0.3500616275494552
5085,0.35190973564744144
5086,0.3537199068310829
5087,0.34998284132776913
5088,0.34884300212381775
5089,0.35075639762322813
5090,0.3523410010249917
5091,0.347394406017104
5092,0.34356483699633134
5093,0.35018054335445814
5094,0.35001522533785806
5095,0.3375280553048036
5096,0.35311824559072497
5097,0.3523264692098959
5098,0.35216351979054933
5099,0.3446530979270204
5100,0.3566257676641211
5101,0.3495920245620104
5102,0.3511574945934468
5103,0.3567721721260287
5104,0.3534088901006137
5105,0.34645371197056046
5106,0.3529572443882392
5107,0.34520396332795417
5108,0.3446202497512204
5109,0.3535502457925365
5110,0.3543584426645149
5111,0.3456998118442256
5112,0.3444680175337449
5113,0.35298773000489947
5114,0.3483409028115601
5115,0.3520310751826912
5116,0.3491752429942717
5117,0.34421133368726087
5118,0.3514284928584774
5119,0.34580178504638365
5120,0.35375731925631715
5121,0.3431770136510816
5122,0.3455996981753805
5123,0.34076046437372975
5124,0.34979873094255864
5125,0.3463749904940298
5126,0.3437332682092646
5127,0.34530875827674357
5128,0.34472565485901385
5129,0.34876590675206315
5130,0.3433458041873561
5131,0.34465195971773993
5132,0.3532606439361918
5133,0.34799386641231894
5134,0.3456091513506362
5135,0.3530840785331156
5136,0.3553529236476179
5137,0.3482173978769787
5138,0.3428485413492135
5139,0.35281823985037514
5140,0.3458146566039304
5141,0.3443702599445737
5142,0.3466139341201408
5143,0.3522228793749139
5144,0.35195706496542234
5145,0.3496855673158769
5146,0.3503685743975183
5147,0.35578451923317106
5148,0.34457804470748393
5149,0.3418410288596582
5150,0.3512878826779081
5151,0.35162400239688224
5152,0.34100135601275366
5153,0.3486791358554959
5154,0.34709101873297865
5155,0.3520987237576904
5156,0.3539071804893646
5157,0.3496283690067562
5158,0.35121680891953105
5159,0.3418025221239184
5160,0.3477579291436065
5161,0.35472640275433703
5162,0.3537415114964067
5163,0.34978834092854
5164,0.3492797189914096
5165,0.35112398955039914
5166,0.35007871476073216
5167,0.3483216940292781
5168,0.35249950805475927
5169,0.3451260543065839
5170,0.34640935840647574
5171,0.34873035935999475
5172,0.346596301743815
5173,0.35457550556806233
5174,0.3562413632993698
5175,0.3475781958276096
5176,0.35063551347306576
5177,0.3465911438063862
5178,0.3496750633400197
5179,0.34641984319633823
5180,0.3544354320107827
5181,0.34881465851055454
5182,0.34647933783667223
5183,0.34565092666959124
5184,0.34147616195287545
5185,0.34557516693319545
5186,0.3427411401932915
5187,0.34875923547512544
5188,0.3615877928742766
5189,0.342635692875876
5190,0.3393947177338894
5191,0.3410855509798105
5192,0.3516874754903389
5193,0.3536337663739644
5194,0.35044749505085077
5195,0.3474753364573829
5196,0.3504589336608215
5197,0.34009243060114286
5198,0.3614247299711684
5199,0.35322405777640004
5200,0.35251792601486737
5201,0.3422655713506533
5202,0.35331428271087534
5203,0.35068398084838015
5204,0.3531058970128054
5205,0.34445292809130285
5206,0.3443161765785997
5207,0.34205279937609956
5208,0.34749555545549654
5209,0.3504667064750125
5210,0.353296891711027
5211,0.3548142232784923
5212,0.34867392183710244
5213,0.3385521177984109
5214,0.3499295268771969
5215,0.34226169664492256
5216,0.3517838887579912
5217,0.3448230854234986
5218,0.34578116415269994
5219,0.34537807893724765
5220,0.3506606732769706
5221,0.345797257825754
5222,0.35230216529149705
5223,0.34708788988797895
5224,0.34011856615965763
5225,0.34809056385231557
5226,0.3524456818787763
5227,0.35400599015069584
5228,0.34106522274452916
5229,0.3469838638215319
5230,0.3514191490127629
5231,0.3482304984835797
5232,0.34926001785611377
5233,0.3497634093785742
5234,0.3463774745992336
5235,0.3385814824708249
5236,0.3459945950202838
5237,0.3570267608950914
5238,0.3425362444166178
5239,0.34139191357481524
5240,0.3439089807138919
5241,0.35428553073602725
5242,0.3539373159008592
5243,0.3476371341757862
5244,0.34355102133774795
5245,0.34395251085066036
5246,0.35289258933697515
5247,0.3488552417779853
5248,0.34882294256590757
5249,0.3498039263753008
5250,0.3524043039505911
5251,0.35005473620000543
5252,0.3484517937097626
5253,0.34466930367297066
5254,0.3491941268476504
5255,0.3377250713580899
5256,0.3433665111727101
5257,0.34923178129735205
5258,0.3466542631879113
5259,0.3440863201523739
5260,0.34121344982673024
5261,0.3493347000859447
5262,0.34594825208887603
5263,0.347417555888294
5264,0.35052505523798144
5265,0.34639024877314273
5266,0.351326573495497
5267,0.35256643543692423
5268,0.3524720050778109
5269,0.35247966189207885
5270,0.35256031642050867
5271,0.3423292807978907
5272,0.3434315254775083
5273,0.34850683117169107
5274,0.35602870654888136
5275,0.35153898008766354
5276,0.3499755329844555
5277,0.3587344769310261
5278,0.3489108556148057
5279,0.3483972426495402
5280,0.35126425587968985
5281,0.353242862409328
5282,0.3473031895123982
5283,0.3619741086598307
5284,0.34613713330227897
5285,0.3422412916544403
5286,0.3537245355661858
5287,0.34715937236963146
5288,0.34981044841188136
5289,0.3490179068063126
5290,0.3490763821927594
5291,0.34686798290307863
5292,0.34691075659273385
5293,0.34527240350284155
5294,0.3411434987562191
5295,0.3420397749059236
5296,0.3486684560042814
5297,0.3547314526920552
5298,0.35425641155633764
5299,0.3487317583941537
5300,0.34688987553280715
5301,0.3508431110184652
5302,0.3452757095622062
5303,0.35311440075209727
5304,0.3507053140920888
5305,0.3481181381869604
5306,0.3463296799837535
5307,0.3548851663283469
5308,0.3540260807121009
5309,0.35268344336449603
5310,0.3474537650655551
5311,0.33885501935976475
5312,0.3420828585470045
5313,0.3584666211544316
5314,0.3483684974531565
5315,0.3491803736978875
5316,0.3473645603485835
5317,0.33772586116473213
5318,0.3560286574202596
5319,0.3460864787723154
5320,0.3445439447700268
5321,0.34761614930819545
5322,0.35620681375921776
5323,0.34670182269398025
5324,0.3494768879577474
5325,0.35606111407707625
5326,0.35401816225991567
5327,0.35016694261138503
5328,0.34573737102507607
5329,0.3593069110848588
5330,0.3590561734537948
5331,0.35335724530473095
5332,0.34527647324219174
5333,0.34740161516772156
5334,0.3494519604632486
5335,0.3529502916911877
5336,0.3452416532895258
5337,0.3489739860878678
5338,0.3489678498401913
5339,0.35392622854549094
5340,0.3418525158408892
5341,0.35591592751163836
5342,0.34723954248114264
5343,0.3480181961409462
5344,0.3435068332918243
5345,0.3507605705038575
5346,0.3439232384572978
5347,0.362980475476809
5348,0.34986109520378156
5349,0.35089617412660734
5350,0.3493299062965111
5351,0.3504760796111785
5352,0.3555969976672065
5353,0.34755579035475015
5354,0.3539873719928127
5355,0.35380594961491985
5356,0.35267898033333045
5357,0.3546909788198111
5358,0.34323997148913776
5359,0.35089038688363755
5360,0.3475802456849781
5361,0.34714809182339923
5362,0.35054832439907485
5363,0.3540524332701538
5364,0.354157004526187
5365,0.3507976585614296
5366,0.34827111265410354
5367,0.3500348118251604
5368,0.3573267864387462
5369,0.35347181394899435
5370,0.3570559785172932
5371,0.3540107362960856
5372,0.35799867588539364
5373,0.35450343392406747
5374,0.3526334412922267
5375,0.35985953061608866
5376,0.35513613916574893
5377,0.34396735518569466
5378,0.35602184581474755
5379,0.345907801024152
5380,0.35047249524039287
5381,0.35465510533074257
5382,0.3478443141569446
5383,0.3509077355919661
5384,0.34729143366039666
5385,0.3601930240479017
5386,0.36017631947398754
5387,0.3448755405830191
5388,0.3495941962234541
5389,0.35131174301575724
5390,0.3425591158932815
5391,0.35574372834605683
5392,0.35406954848281297
5393,0.3523629904443889
5394,0.35950613106057905
5395,0.3545700513426455
5396,0.3540392643722576
5397,0.34767622097902756
5398,0.3526084100601037
5399,0.3526722219199411
5400,0.3642258714085237
5401,0.34827221798472235
5402,0.36427418139770673
5403,0.34264668373032703
5404,0.3498271838224145
5405,0.35329552390204705
5406,0.35980995652339676
5407,0.3478086484407783
5408,0.35021227760844287
5409,0.3445851119545088
5410,0.34699207592586373
5411,0.35322648178303406
5412,0.349135980995362
5413,0.3509765063542905
5414,0.35445356867615513
5415,0.3551761974071168
5416,0.34917549241347967
5417,0.3385584297477098
5418,0.3413696256775512
5419,0.35557154879494224
5420,0.3440370373321654
5421,0.3464566596347082
5422,0.3492950623130205
5423,0.3521860455881597
5424,0.35295142246172945
5425,0.35659290675169786
5426,0.3509300817660351
5427,0.35255160529322394
5428,0.33891895103746233
5429,0.3503628858432053
5430,0.35264063378913396
5431,0.350365264888378
5432,0.3518520045727404
5433,0.35683395621994557
5434,0.34508608396482315
5435,0.3493533417651476
5436,0.34633117474767866
5437,0.3485399482594263
5438,0.35328510409695996
5439,0.3533010588130278
5440,0.3439369539201505
5441,0.3513249909648637
5442,0.35918161403283133
5443,0.35677346716341507
5444,0.35262137221511763
5445,0.3457346294694433
5446,0.359656235396958
5447,0.34765557830823235
5448,0.348946411977037
5449,0.3499637232618856
5450,0.34354669377014435
5451,0.3554065386167769
5452,0.3418071999088631
5453,0.345392298074427
5454,0.3476033262397916
5455,0.34990594141019216
5456,0.3546981358463096
5457,0.34777659914341963
5458,0.3525128040792745
5459,0.3524855891745561
5460,0.3466257338129747
5461,0.348242830853658
5462,0.35580490499951994
5463,0.345955014094352
5464,0.3515612141542589
5465,0.3579225989728657
5466,0.35065420204973813
5467,0.3477151929803565
5468,0.34991866290575574
5469,0.3449111999943875
5470,0.35562096576377483
5471,0.35507328702645236
5472,0.35290995623893107
5473,0.3535262002370292
5474,0.35106902065552836
5475,0.35118882960642617
5476,0.3571291048493251
5477,0.35494941201585495
5478,0.34926347005206676
5479,0.3523743180798397
5480,0.35005760091871796
5481,0.35057846898630374
5482,0.3521827428061432
5483,0.34995304163511676
5484,0.34768251225540137
5485,0.3566253174558976
5486,0.3448085595285126
5487,0.35026755850599506
5488,0.35040625243387663
5489,0.35042793552741
5490,0.3561732905348591
5491,0.3493805014851436
5492,0.34510729033906257
5493,0.351184855751842
5494,0.34701105984350183
5495,0.35408202262614724
5496,0.35002848173429
5497,0.35114382529312893
5498,0.3464751229690061
5499,0.3495694487067856
5500,0.3493904938879781
5501,0.3629666163186284
5502,0.344002158895001
5503,0.3528916661707092
5504,0.3491628742433457
5505,0.3543507667317843
5506,0.3455788171645853
5507,0.35672963728376555
5508,0.3468742772288031
5509,0.33954207164755074
5510,0.3549460189800978
5511,0.3561541661786398
5512,0.35690030960332964
5513,0.3544896850479534
5514,0.3420536151228729
5515,0.3623049950281366
5516,0.3548347070832117
5517,0.3457540488408766
5518,0.3515033069866819
5519,0.3569444848751138
5520,0.3504277386715712
5521,0.34023057702550047
5522,0.3439993754550845
5523,0.35076450725898994
5524,0.3487110479009943
5525,0.34007539352831856
5526,0.34839792674280395
5527,0.3466408643389212
5528,0.35315448230049373
5529,0.35411546666094695
5530,0.347420738794279
5531,0.34633213515962263
5532,0.3463444253174361
5533,0.34446091640462567
5534,0.35421152707727893
5535,0.35754398843267454
5536,0.3506155916293326
5537,0.35120819355745175
5538,0.35028723234499626
5539,0.345616784757459
5540,0.36232960649374857
5541,0.3487322819741345
5542,0.35184236473734193
5543,0.34677242177818945
5544,0.355373659473831
5545,0.35097052293403536
5546,0.35170370706720966
5547,0.3528921097751482
5548,0.35264511786350794
5549,0.35327092677988403
5550,0.3431011405083103
5551,0.3498100891421326
5552,0.3530718825355177
5553,0.35142939548490865
5554,0.356867807925086
5555,0.34892832585563127
5556,0.3591750105668728
5557,0.34756061471954774
5558,0.3467006589812842
5559,0.360245273419188
5560,0.3460133427160219
5561,0.34252489202043845
5562,0.34342614921837844
5563,0.3558686236295648
5564,0.3483097552682196
5565,0.34660098141614487
5566,0.3470041426387647
5567,0.34511480760584995
5568,0.3512099566797322
5569,0.34980455266214994
5570,0.35268502270350965
5571,0.34578837085881065
5572,0.3605715901253941
5573,0.3445169099841097
5574,0.34959677286501034
5575,0.3445297344940529
5576,0.36060699954055414
5577,0.3523623285580781
5578,0.3575437237704246
5579,0.3501799095936294
5580,0.3515733384164024
5581,0.35876348950018494
5582,0.34523525826680124
5583,0.35318575892030973
5584,0.3491812593929778
5585,0.3483383727121956
5586,0.3520287287714159
5587,0.35365250473377735
5588,0.3472863821273037
5589,0.3552289584959972
5590,0.35870499635212244
5591,0.3520676631390719
5592,0.35064775683321797
5593,0.34226508133924266
5594,0.3545125504954399
5595,0.34478880583909277
5596,0.34870421253870776
5597,0.3527847267374319
5598,0.36000555782444044
5599,0.3482146833298279
5600,0.35595366438030607
5601,0.35567346535705147
5602,0.3403144198361947
5603,0.3537015296955298
5604,0.33978615311637933
5605,0.35652971548857393
5606,0.35377099520142274
5607,0.3479774839764022
5608,0.3517015461145452
5609,0.34962680283614184
5610,0.34538093303945216
5611,0.3394590615164713
5612,0.35170114023202725
5613,0.3543055559003634
5614,0.33794010971211963
5615,0.35202285621351875
5616,0.3458972574690297
5617,0.34810598186209807
5618,0.345794972435978
5619,0.35427491775616843
5620,0.3514412668805424
5621,0.35659844822430653
5622,0.35470613565848225
5623,0.3507436952884551
5624,0.3387858977170735
5625,0.34521553740105065
5626,0.3532848984061723
5627,0.3558021233072072
5628,0.3552272996277196
5629,0.3438248927910623
5630,0.3523829549912182
5631,0.3533081311301313
5632,0.35696776150895815
5633,0.35281953085175116
5634,0.3491477562307342
5635,0.35291829668890223
5636,0.35711488926402074
5637,0.35212069168942667
5638,0.35438259762784674
5639,0.3336927982373546
5640,0.3567925977978581
5641,0.34876709638551107
5642,0.3487724351918257
5643,0.3530528608943689
5644,0.3512353920636517
5645,0.35177096787183804
5646,0.3461236209547502
5647,0.3488780449313123
5648,0.3489847615892308
5649,0.3481368382740946
5650,0.34521283041353434
5651,0.3454880419060275
5652,0.357229515692231
5653,0.3443707338992798
5654,0.35584241651190734
5655,0.35582502071147615
5656,0.3563767213412602
5657,0.34374610078900364
5658,0.3533380355068501
5659,0.356531394385724
5660,0.3596364661607163
5661,0.3443582218416041
5662,0.3479647003226795
5663,0.34831183437246865
5664,0.35961855266901915
5665,0.34344207732955884
5666,0.3467615455647874
5667,0.34505370870581364
5668,0.35119654672886397
5669,0.3494180468524984
5670,0.34164930576826114
5671,0.3474707352426753
5672,0.34511855873354597
5673,0.3575831499763306
5674,0.35866700353097924
5675,0.3498412608275059
5676,0.35855263797234743
5677,0.3495993533006646
5678,0.35044119647676053
5679,0.35346297439941476
5680,0.3442063086029291
5681,0.35297273198667
5682,0.34887369753885633
5683,0.35221588926589187
5684,0.35666007211031964
5685,0.3521097276502319
5686,0.3379980838231173
5687,0.3471666350928741
5688,0.35345134889893903
5689,0.35092470720980673
5690,0.35108550704251634
5691,0.3493484856660001
5692,0.34988607057536397
5693,0.3569530049569825
5694,0.3491263504595775
5695,0.3496209365913075
5696,0.3467161672076435
5697,0.352734964016936
5698,0.3538547743885679
5699,0.351442207024127
5700,0.35384440183934474
5701,0.3557794365359109
5702,0.3571089790203044
5703,0.3506577486927024
5704,0.3583144269961743
5705,0.3452648469537011
5706,0.3541137533964654
5707,0.3521468581298255
5708,0.35705692434896324
5709,0.35194579777458423
5710,0.35173198333637673
5711,0.3529511267807256
5712,0.36095238573771427
5713,0.35273931793540975
5714,0.33790192490292453
5715,0.3507908836628842
5716,0.35399159852430295
5717,0.3436475391204289
5718,0.3472036656823483
5719,0.3524946282676194
5720,0.3520431992305757
5721,0.34993853021574156
5722,0.3456118603064089
5723,0.3557123619337129
5724,0.3575510528466927
5725,0.35770482632956985
5726,0.3438573388909254
5727,0.3483575362601905
5728,0.3516760930287158
5729,0.34434245737536767
5730,0.35589322162734577
5731,0.3549998204420435
5732,0.3504798257504153
5733,0.34670257907447366
5734,0.35573426905836725
5735,0.34890364644148725
5736,0.3434268968368125
5737,0.3435462473146643
5738,0.3481532404853201
5739,0.3488635550250705
5740,0.3495395329258487
5741,0.34793547815199954
5742,0.3550134630286052
5743,0.34710406628234175
5744,0.3415322349675462
5745,0.3570360073828294
5746,0.34616139767975573
5747,0.34553260827316457
5748,0.3655034821238825
5749,0.3403037793735764
5750,0.35221045741819423
5751,0.35917965170746513
5752,0.3509080402820808
5753,0.34453650937271135
5754,0.34992300162465906
5755,0.3510544892029128
5756,0.3509064330733234
5757,0.36141281279225135
5758,0.35296203285152167
5759,0.346799019306217
5760,0.35241773767112866
5761,0.3519793069039655
5762,0.34863868201664483
5763,0.3519424268229832
5764,0.35291753122643227
5765,0.3482643704037733
5766,0.34807948310599746
5767,0.3503364088483287
5768,0.3435809460366126
5769,0.34716884807442044
5770,0.3532750117394613
5771,0.34640578482074313
5772,0.3516760476431622
5773,0.34602748679961765
5774,0.352216858280446
5775,0.3560601169788264
5776,0.3570506235923707
5777,0.3481597569338127
5778,0.35899003715020045
5779,0.3588205000330387
5780,0.34917422915008917
5781,0.3497322324552941
5782,0.35058311932545894
5783,0.34883526091049966
5784,0.3408194081151168
5785,0.3518407725235233
5786,0.3474048072470186
5787,0.3530604863694217
5788,0.3530516357325423
5789,0.35153143234309536
5790,0.3418849102152502
5791,0.34940844899093715
5792,0.3494519455136494
5793,0.348627991707248
5794,0.3495465373206922
5795,0.35346689337229414
5796,0.3595531224434063
5797,0.34603294062127044
5798,0.3476101219859186
5799,0.33538551668387334
5800,0.3547818061806353
5801,0.35325613111634313
5802,0.3461793207340311
5803,0.35414670678697385
5804,0.3583385498427422
5805,0.3555985794492141
5806,0.35806778394403777
5807,0.34386296371458497
5808,0.34615598744567705
5809,0.3408806705022993
5810,0.35826772380386934
5811,0.3526385298261344
5812,0.3467155116244016
5813,0.35044538026256306
5814,0.3549004105351682
5815,0.35109265669518436
5816,0.351305786193953
5817,0.34632907739314833
5818,0.35923050396209516
5819,0.34997256239802016
5820,0.3517909606608698
5821,0.34987238903025214
5822,0.3540501010577205
5823,0.3567992506268846
5824,0.3500213532126025
5825,0.34331058788891444
5826,0.3573749016016077
5827,0.34135093956722407
5828,0.3442710132737342
5829,0.34461717087649396
5830,0.34849190037153366
5831,0.36486547498972977
5832,0.3507485257332642
5833,0.35153396594223785
5834,0.3419950502630586
5835,0.34943214528857724
5836,0.3408355854253105
5837,0.3473690183633674
5838,0.3534040404270951
5839,0.3598915592127016
5840,0.3477748356615941
5841,0.35830006465207015
5842,0.35334498410340415
5843,0.3540366216635556
5844,0.3454958895431644
5845,0.34519155888879405
5846,0.3581587934288851
5847,0.3465722400139506
5848,0.350558152227468
5849,0.3541200075493099
5850,0.3441300481445583
5851,0.35445140500901995
5852,0.34962323513247784
5853,0.3471367846681077
5854,0.3578677067265024
5855,0.3366479252109965
5856,0.3489055149616461
5857,0.35209216624819006
5858,0.354918599110371
5859,0.3558068404262856
5860,0.34261573487093433
5861,0.34171781564300163
5862,0.3462620422616427
5863,0.3511329276561129
5864,0.3412112341262196
5865,0.3464092533410679
5866,0.3558913418655283
5867,0.3559228259495836
5868,0.35036537476984336
5869,0.3550029624509654
5870,0.3514269378276384
5871,0.3587968033679171
5872,0.34201363462086426
5873,0.3487293443668798
5874,0.34519747856130356
5875,0.34996481893827763
5876,0.34587261277073783
5877,0.3424343351806004
5878,0.34972671551492107
5879,0.34421116208762564
5880,0.3540395967807691
5881,0.3531987350080267
5882,0.35996905946439317
5883,0.3489667403199265
5884,0.35026750200120527
5885,0.35207976591612056
5886,0.34737093692524973
5887,0.34895390543499494
5888,0.3518407595559713
5889,0.3543707984038667
5890,0.3478091766320183
5891,0.3580112637230919
5892,0.3581415727108811
5893,0.3539752164266123
5894,0.3548763432471382
5895,0.36193915409806926
5896,0.34390224946410436
5897,0.352911777776087
5898,0.35292334935634057
5899,0.35309967890182953
5900,0.35550945831792097
5901,0.34337522131706083
5902,0.3448376388880005
5903,0.3533475008072653
5904,0.3503692056580015
5905,0.35524667658554854
5906,0.35645886970593416
5907,0.3534648720849877
5908,0.340451604897904
5909,0.34864823582404714
5910,0.35188963138213714
5911,0.3509647085285471
5912,0.3485517444624009
5913,0.34570196163160144
5914,0.35572844884440463
5915,0.3483509420023719
5916,0.35409340487833985
5917,0.3513829007400523
5918,0.3558793324236113
5919,0.344825549611808
5920,0.346458150609107
5921,0.36034461300191895
5922,0.3376486109705013
5923,0.35487748502210265
5924,0.3590119535876832
5925,0.3478952217895411
5926,0.3468140485634907
5927,0.3477041098681314
5928,0.35575310170654334
5929,0.35412225102303846
5930,0.3446428692198225
5931,0.35890678708166374
5932,0.35017732064209744
5933,0.3584905039296165
5934,0.35665934849377917
5935,0.3599359410856836
5936,0.3427692608995736
5937,0.3468084259182945
5938,0.3447011057022522
5939,0.3549413900662821
5940,0.3582103956297182
5941,0.3597085422128189
5942,0.3503278654659701
5943,0.34981219100297095
5944,0.3632191248851014
5945,0.35804761996127416
5946,0.3501730433317731
5947,0.34957292794571776
5948,0.35690338744633865
5949,0.34355099883130463
5950,0.35429655735448423
5951,0.35388136603479836
5952,0.3523722740104765
5953,0.3527087964865448
5954,0.35546591198491684
5955,0.3554264979345087
5956,0.3450463268032114
5957,0.353178980686819
5958,0.3537330387699251
5959,0.34829858171970157
5960,0.35323730441719464
5961,0.3489670638902067
5962,0.343189973893048
5963,0.3546475015605368
5964,0.3632040993116045
5965,0.3502811494493179
5966,0.34663044264328485
5967,0.35578573260850993
5968,0.3522453533868913
5969,0.3568495457326589
5970,0.3511410899572893
5971,0.3545934905484257
5972,0.35480047795341607
5973,0.3446113188688652
5974,0.35490573857229146
5975,0.34457610300085534
5976,0.34446065547433263
5977,0.35262111956277775
5978,0.36058491563771683
5979,0.3542356543425038
5980,0.3549617630740124
5981,0.3494905510282746
5982,0.3569748833128422
5983,0.34730498112932334
5984,0.3554787618596875
5985,0.3513815176487486
5986,0.35759231122943486
5987,0.3512265192392481
5988,0.34335328790016995
5989,0.34994369923634355
5990,0.3519692111108427
5991,0.349601184527968
5992,0.354093133464153
5993,0.3505582833839126
5994,0.3492463866671982
5995,0.3470214587441124
5996,0.36271410817980054
5997,0.3615033882976178
5998,0.34362585778115323
5999,0.3492256144443217
6000,0.35380285888422097
6001,0.355470364576513
6002,0.3483056730616002
6003,0.3596375800338809
6004,0.35656558870640387
6005,0.34895906081935474
6006,0.3485803097436371
6007,0.3540046088992968
6008,0.35342209047220097
6009,0.35290932582296913
6010,0.34463559582883996
6011,0.3624645866703379
6012,0.34348024368238744
6013,0.34763400998857874
6014,0.3529715515187602
6015,0.35401903185472744
6016,0.3512188721012786
6017,0.350360135718128
6018,0.34177369059607476
6019,0.3456486616082685
6020,0.35313179685213497
6021,0.352944520714205
6022,0.3591699334200501
6023,0.348162389763406
6024,0.35120579081596115
6025,0.35507095749595063
6026,0.3626303485937344
6027,0.350858788276619
6028,0.356376090544676
6029,0.3544455848830053
6030,0.35814931054117105
6031,0.35953742808702277
6032,0.3395734464627046
6033,0.3475350882964984
6034,0.34949141542379475
6035,0.344435493851995
6036,0.3487894647097538
6037,0.3557024172446326
6038,0.3554608497768035
6039,0.35661835476174775
6040,0.3487645517786045
6041,0.3501906819479354
6042,0.3604468449150774
6043,0.3463853388346423
6044,0.34972250903402435
6045,0.3389977062750657
6046,0.35517942171440636
6047,0.35670884394294344
6048,0.35900352049343004
6049,0.35312421389296245
6050,0.3468214047240724
6051,0.3506157571260753
6052,0.3477615927960315
6053,0.3498987278621219
6054,0.3510038357327681
6055,0.3470895516174377
6056,0.341465765371936
6057,0.3550167801268805
6058,0.3406986206114656
6059,0.34906195877269525
6060,0.3470377684228452
6061,0.3483161019839305
6062,0.3542592537192105
6063,0.35080688524954795
6064,0.3536570434028158
6065,0.3474136233615599
6066,0.3548766734904506
6067,0.3528216413921693
6068,0.3627066127619482
6069,0.35678292275169843
6070,0.3532523065497347
6071,0.35262839402847407
6072,0.3616207304092274
6073,0.3442849342564732
6074,0.3546815693623906
6075,0.3456878477083802
6076,0.36180507314479776
6077,0.3596201089782046
6078,0.35245118460050956
6079,0.34383579674453363
6080,0.3590799149945116
6081,0.35087079029217577
6082,0.34729776144458724
6083,0.3515918466413864
6084,0.34231620781084665
6085,0.352955448195593
6086,0.3632890170804449
6087,0.3435568616657274
6088,0.3515321156098107
6089,0.35623076113478697
6090,0.356250285840603
6091,0.35254884284290067
6092,0.353216671576042
6093,0.350349288019524
6094,0.3485315526397452
6095,0.3498616245579528
6096,0.34712816874946867
6097,0.347164513309222
6098,0.34739747505254653
6099,0.3515339594842024
6100,0.34435007832523695
6101,0.34779708388063907
6102,0.3606619624792009
6103,0.3529268124641945
6104,0.3511085871055274
6105,0.344717599004236
6106,0.35804379267166603
6107,0.34591729061488263
6108,0.34807406788449236
6109,0.3458597387540897
6110,0.3564711022359701
6111,0.3546032071302086
6112,0.3605653837256645
6113,0.3497446770144359
6114,0.349245451051017
6115,0.35092486548996726
6116,0.34849320658794386
6117,0.34851794885893733
6118,0.3447956976437996
6119,0.35103721020952644
6120,0.3541547006954821
6121,0.3501628926025129
6122,0.343331752599339
6123,0.3522417613656578
6124,0.3490656798726099
6125,0.35534574052781115
6126,0.3530387901494408
6127,0.35103331812131394
6128,0.3419727028584667
6129,0.3449461657198887
6130,0.350089348888733
6131,0.34822852514713537
6132,0.3527056889741524
6133,0.356358852281495
6134,0.3498936013376636
6135,0.3458708501868985
6136,0.3513181673515277
6137,0.3538667798257206
6138,0.34498354446620416
6139,0.3454367986092984
6140,0.35192070114109775
6141,0.3457606313267412
6142,0.35293345091464995
6143,0.3484760955029041
6144,0.3501397210925069
6145,0.34235164489896447
6146,0.35217539947655585
6147,0.34581882936332
6148,0.3470906610520941
6149,0.3513576925402573
6150,0.3473069841256464
6151,0.34434971912025725
6152,0.34906364723109656
6153,0.35608953207643024
6154,0.3536106984234502
6155,0.34400634584596246
6156,0.35382363476873274
6157,0.35488132962857205
6158,0.3532723797087225
6159,0.3482209225775
6160,0.35937201700010124
6161,0.34779999845648335
6162,0.35522402528337776
6163,0.3517551668943205
6164,0.3458993366023275
6165,0.3489691132741152
6166,0.3416404919979177
6167,0.3461343432473801
6168,0.3491435580358154
6169,0.3483490200638281
6170,0.3470092131372835
6171,0.34956442005242067
6172,0.35238888498953735
6173,0.34910592134128904
6174,0.3464124879349353
6175,0.3431319953374469
6176,0.35010782671045976
6177,0.35600202638830064
6178,0.3521824177951605
6179,0.3499896243202707
6180,0.3541524095147756
6181,0.35022434402141095
6182,0.3504128935506421
6183,0.3473186913725101
6184,0.3517200455281522
6185,0.35293869565260694
6186,0.3560895593376262
6187,0.3495240249643673
6188,0.3514023365330849
6189,0.35446828795666036
6190,0.3489186610866432
6191,0.36434792605099703
6192,0.3453809312825854
6193,0.3424904362382717
6194,0.34322003351461194
6195,0.3459605553598451
6196,0.3419931015166617
6197,0.35271971046055756
6198,0.3527168363042968
6199,0.3516364101687186
6200,0.35438458801112277
6201,0.35056167098554797
6202,0.347127448595979
6203,0.3515905487922458
6204,0.3499631493580662
6205,0.3558699820542772
6206,0.34982838698116914
6207,0.3468973743305052
6208,0.34654672339537534
6209,0.3515479873157242
6210,0.35680364308300594
6211,0.34909302087115196
6212,0.3576328074855119
6213,0.34110823955714936
6214,0.35270006920728814
6215,0.34896818407888436
6216,0.35679101421370385
6217,0.35439356531725374
6218,0.3409466330036402
6219,0.3439774188122589
6220,0.3588080615610142
6221,0.3483668200281185
6222,0.34003218640792326
6223,0.3482100604940705
6224,0.35215385198931987
6225,0.3532986535274043
6226,0.3455892775453859
6227,0.358528932200325
6228,0.3432659348490908
6229,0.3522680477282001
6230,0.34910153468623206
6231,0.3463335091609728
6232,0.34238726533670344
6233,0.35113696698238517
6234,0.351811503724771
6235,0.343727467109034
6236,0.35341034830924484
6237,0.35791453875695073
6238,0.3466469676447329
6239,0.34421632439846034
6240,0.3458404199172572
6241,0.3433009421637861
6242,0.35490026293501814
6243,0.3522943854506594
6244,0.3503367992037009
6245,0.3452273442893992
6246,0.34635096645627284
6247,0.35523408451654565
6248,0.35583207677652184
6249,0.3509062738331566
6250,0.3446266667332539
6251,0.3486055011081059
6252,0.3453776676025403
6253,0.3370931501702101
6254,0.3533019696825718
6255,0.3526467736115633
6256,0.35285990861162936
6257,0.36427729146931465
6258,0.35536487858950405
6259,0.3426411712092337
6260,0.34793788736783315
6261,0.3503581650259078
6262,0.3589563959995847
6263,0.34230188830835195
6264,0.34388695182714535
6265,0.35131819212216886
6266,0.34421903673991083
6267,0.3534793939791562
6268,0.34756201478754334
6269,0.34991364957376825
6270,0.33813058146762853
6271,0.3453600520112236
6272,0.35603160747534807
6273,0.3514394053134663
6274,0.3430119493111178
6275,0.34614648065324405
6276,0.3537775307877466
6277,0.3506749475051333
6278,0.3548906768128488
6279,0.3546983448835933
6280,0.3586608925090649
6281,0.354450242249261
6282,0.34760583168584525
6283,0.34890889744937037
6284,0.3534044266087416
6285,0.3504365903719861
6286,0.34140762889942916
6287,0.35228450874991263
6288,0.346337764883741
6289,0.35415206651810827
6290,0.3390577939154558
6291,0.35706567598450795
6292,0.3542930401845008
6293,0.35817960279235633
6294,0.34864878784277087
6295,0.34768500736870894
6296,0.34425349143633305
6297,0.3519694048508827
6298,0.3468906506353282
6299,0.34698936661933194
6300,0.35134439684393715
6301,0.3455448674640496
6302,0.3486150205191034
6303,0.35317094093937174
6304,0.3432120868742374
6305,0.34583887193556956
6306,0.3541997297055794
6307,0.3464897513989577
6308,0.3587783077304899
6309,0.3604095804806321
6310,0.3572197139073802
6311,0.34975088538574617
6312,0.3547975323433893
6313,0.3409217955182511
6314,0.35062579210954214
6315,0.3531448643178985
6316,0.34688945281331984
6317,0.3455897272775523
6318,0.35833507458000663
6319,0.34917809700134067
6320,0.35863813273335443
6321,0.3616484109453837
6322,0.34771878268210177
6323,0.34833048176284703
6324,0.34480921704730594
6325,0.3643499929840193
6326,0.3530826631995396
6327,0.356276993674549
6328,0.3477446508889453
6329,0.3577693990589875
6330,0.3533529035236995
6331,0.3508380290561487
6332,0.3490690063576321
6333,0.34873766291934805
6334,0.3553182858535794
6335,0.35124369644614073
6336,0.3506561762509487
6337,0.3507156312946366
6338,0.35277427051169863
6339,0.35299472437081286
6340,0.34923534368799447
6341,0.34827616896664754
6342,0.3556945490955812
6343,0.346640249067741
6344,0.3550677655335844
6345,0.3575941164341144
6346,0.35683363591244704
6347,0.3604537606049488
6348,0.35445302338962076
6349,0.35077699096935216
6350,0.3464729266475422
6351,0.348203783442026
6352,0.35142003135266436
6353,0.355442198635587
6354,0.3510333575006121
6355,0.35923428561243875
6356,0.3532193338059464
6357,0.3478510112897311
6358,0.35524345230082627
6359,0.35557618858087636
6360,0.34129740165434214
6361,0.34758598922197137
6362,0.3412480014606562
6363,0.3457426059611433
6364,0.35081762485761797
6365,0.3591300336528751
6366,0.34365845594233807
6367,0.34684897116707514
6368,0.36053900402920386
6369,0.3522830875317318
6370,0.36154316094140865
6371,0.3512075448581359
6372,0.350324967640405
6373,0.3484863715076799
6374,0.35794156816126743
6375,0.3497357180142477
6376,0.35208496734623645
6377,0.35456248148225405
6378,0.3593463087765203
6379,0.34533302566762597
6380,0.35646964025340344
6381,0.3518440841113716
6382,0.3428354203426769
6383,0.3542908279636183
6384,0.360237309521694
6385,0.35222027181227117
6386,0.3515705179465975
6387,0.3447037667732462
6388,0.34706323607650014
6389,0.3566526074736642
6390,0.3557421484540806
6391,0.34733325754572897
6392,0.35666159118036395
6393,0.34988656639537635
6394,0.35285739819383133
6395,0.3519384727656063
6396,0.35663342605189086
6397,0.3473518886256139
6398,0.3474637057812472
6399,0.34632928905164045
6400,0.3431219825047356
6401,0.3522367710978361
6402,0.35079993601820375
6403,0.35022076389550605
6404,0.3501038722943309
6405,0.3501058753911977
6406,0.34558728345050616
6407,0.34825283064311346
6408,0.36524966959158156
6409,0.3513254167059812
6410,0.3494497365188768
6411,0.3516594864764707
6412,0.355532299520276
6413,0.3530651742170112
6414,0.3575657249143071
6415,0.3477415631468711
6416,0.34824357039566717
6417,0.352340455587747
6418,0.3509227582042776
6419,0.35368969258112243
6420,0.3501631649801537
6421,0.3579558458835784
6422,0.35847395738715476
6423,0.3513132327592719
6424,0.3458557281196045
6425,0.3409365104308969
6426,0.3470040082003178
6427,0.3578601002436933
6428,0.3462679683514774
6429,0.35501689657284924
6430,0.3592934333521363
6431,0.346836128623644
6432,0.3464984219313125
6433,0.34742393624806134
6434,0.34272936459868897
6435,0.34724634527041554
6436,0.3410850173265388
6437,0.3514886663445224
6438,0.35043513325782377
6439,0.34638374436134817
6440,0.3401799243091649
6441,0.3438983756458481
6442,0.3527607980092473
6443,0.35468450540407226
6444,0.34537484328046986
6445,0.35712615920586854
6446,0.34949183407343926
6447,0.35674784686383154
6448,0.35286132707705375
6449,0.35781872363988343
6450,0.3536582099946775
6451,0.35469776916908435
6452,0.3601117784839936
6453,0.35525458276158794
6454,0.35882676927561763
6455,0.34977083609931603
6456,0.35530417423561156
6457,0.35129646822959304
6458,0.3479443514822312
6459,0.3598012961471848
6460,0.3542041828736319
6461,0.35924754081047533
6462,0.34786752508074825
6463,0.34230253233789343
6464,0.35432912090774843
6465,0.35085059484975334
6466,0.3515582980223624
6467,0.34836339943546185
6468,0.34968639654768263
6469,0.349060361293495
6470,0.35242124422802945
6471,0.3507705192313851
6472,0.34512570728785263
6473,0.3504583273309233
6474,0.3441971573445029
6475,0.35416903123152194
6476,0.35148965503220253
6477,0.3566136571060784
6478,0.3535809063487066
6479,0.3465560654482315
6480,0.35929971098796126
6481,0.3426464640600116
6482,0.3600885246950977
6483,0.3473161404941101
6484,0.35201726280776763
6485,0.33900902968791596
6486,0.35045139645817047
6487,0.3583976602072647
6488,0.3502717604250825
6489,0.34793634452757777
6490,0.3545025226893754
6491,0.3554649781370104
6492,0.35592748919827405
6493,0.34741544235486804
6494,0.3524733985406696
6495,0.3458299149707539
6496,0.35503747014264664
6497,0.3481399459765345
6498,0.340706590483038
6499,0.35419241171394433
6500,0.3542190090978905
6501,0.3493181045303062
6502,0.361402398663636
6503,0.3481913759208367
6504,0.3456838339577345
6505,0.352334543031245
6506,0.3510851884841385
6507,0.35285869937717257
6508,0.3528702224219376
6509,0.36025487966403047
6510,0.34004595526472137
6511,0.35889110673481145
6512,0.3562383569889786
6513,0.3470340998652738
6514,0.350401166046652
6515,0.34670995027356677
6516,0.34760036877242934
6517,0.3530195668915139
6518,0.35442635803177586
6519,0.34834231371904545
6520,0.35609245657379235
6521,0.3472801240828648
6522,0.35976582748735425
6523,0.3442817712736775
6524,0.35753706125347484
6525,0.3537153048799594
6526,0.34779007520629485
6527,0.3558130816959537
6528,0.3473127201441489
6529,0.3501368668749191
6530,0.33949852162664534
6531,0.34828538352028465
6532,0.3380195472425824
6533,0.34548598135965075
6534,0.35006416152519937
6535,0.3513154659937589
6536,0.3475776547762872
6537,0.354358416896815
6538,0.3655113019497267
6539,0.3608162156814816
6540,0.3592339362111211
6541,0.3530914158437786
6542,0.35960565828968527
6543,0.35132806239407377
6544,0.3482505250894793
6545,0.35747279294373946
6546,0.3510229814938669
6547,0.3462101231460519
6548,0.349950631019353
6549,0.35109495478570374
6550,0.34453352414042376
6551,0.34590080116225225
6552,0.35243644720572137
6553,0.3485321351050017
6554,0.3545475772180165
6555,0.34944359604528474
6556,0.3554261445646262
6557,0.3523120899857418
6558,0.3503221739813017
6559,0.3498394579264522
6560,0.35656185725814243
6561,0.351264824531174
6562,0.3423194215830468
6563,0.3511071900252697
6564,0.3603613608665061
6565,0.34641110570373057
6566,0.34698677584588505
6567,0.34260827649595466
6568,0.344158407075338
6569,0.34732016832274387
6570,0.35538133481456646
6571,0.3428882448080456
6572,0.3499779702847014
6573,0.35345108515728735
6574,0.34150761355953585
6575,0.35148109464570826
6576,0.3516097991891935
6577,0.34774447686036863
6578,0.34546091722993605
6579,0.34485740276478904
6580,0.3433541487744274
6581,0.3498547097294651
6582,0.34984562491642834
6583,0.34862122543910046
6584,0.346515105689766
6585,0.3562692733021383
6586,0.35368301451426426
6587,0.34691516811292444
6588,0.3538798696168923
6589,0.340657986186484
6590,0.34955714100278973
6591,0.34867673521003895
6592,0.3553127384219369
6593,0.3472440299970143
6594,0.3520124862459721
6595,0.35563717163179137
6596,0.3539986295359583
6597,0.3538665511724927
6598,0.3615811277642046
6599,0.35912409668669903
6600,0.34655035347014046
6601,0.3497742773665676
6602,0.34796124686226604
6603,0.3599325284991022
6604,0.35059697593849115
6605,0.3449603504667379
6606,0.35203974746150696
6607,0.3518663675618618
6608,0.35509860735658677
6609,0.35249600206176174
6610,0.36478418153904985
6611,0.3398734444850421
6612,0.3562167910635215
6613,0.3481895295782754
6614,0.34670658468782056
6615,0.3551351878850109
6616,0.35640290342950165
6617,0.3439565983683197
6618,0.34430865209118394
6619,0.3474507854835413
6620,0.35726986289600426
6621,0.3654922403658228
6622,0.3587846438361913
6623,0.3661894589489246
6624,0.34726135282365755
6625,0.3552350153619559
6626,0.3484747875319984
6627,0.35305178409175814
6628,0.33904397952814286
6629,0.3485984796935532
6630,0.3518235033608679
6631,0.3549614136978732
6632,0.3614502166221003
6633,0.3374937899539622
6634,0.34559885050372213
6635,0.3480118474320298
6636,0.3468944033661729
6637,0.34248317561307823
6638,0.34472023778564626
6639,0.3500837971853519
6640,0.3515820294642125
6641,0.3543886234172443
6642,0.3520241062122466
6643,0.34787313219954935
6644,0.35304359154015075
6645,0.35296975425107624
6646,0.3541965714946106
6647,0.34703831991071543
6648,0.3457473744981387
6649,0.34787392531698763
6650,0.3527511666752545
6651,0.3582824764344573
6652,0.34452008481992286
6653,0.34736042311760484
6654,0.3445309357825094
6655,0.34401900518665296
6656,0.3496796355361334
6657,0.3482167625145375
6658,0.34419120636516276
6659,0.3545266252513765
6660,0.3555935104162696
6661,0.34768506926918763
6662,0.3582285038529271
6663,0.3502483976518626
6664,0.3584228864422561
6665,0.3391861449199769
6666,0.3606832944330488
6667,0.3559495383167252
6668,0.3470265301209728
6669,0.3507829160565602
6670,0.35905763390677675
6671,0.35183773462112583
6672,0.34679502517614164
6673,0.3531705929200167
6674,0.362827690708424
6675,0.35222305122879993
6676,0.3429010993701856
6677,0.3499479854630814
6678,0.3555124898901899
6679,0.35584681606248875
6680,0.34991563334988834
6681,0.3419278735061374
6682,0.3422648441351077
6683,0.3571914774192066
6684,0.3439632005263242
6685,0.35102440857353856
6686,0.35343804194595135
6687,0.3617103903560318
6688,0.352015800044858
6689,0.3464501345578606
6690,0.362745146002455
6691,0.3482620931278508
6692,0.3568500222121481
6693,0.34654683331914443
6694,0.3516023461271062
6695,0.3501012607037946
6696,0.3469311082932093
6697,0.3506337903998867
6698,0.3494372710624164
6699,0.35584908527542086
6700,0.356973748494489
6701,0.35210761555364184
6702,0.3515186216599352
6703,0.3491559297418578
6704,0.3413505655951773
6705,0.35514461355326066
6706,0.3536626700501567
6707,0.34916660111178227
6708,0.3611491221779284
6709,0.35487197448753577
6710,0.3469488533718923
6711,0.3528881672347154
6712,0.3545028442947832
6713,0.3442663840925894
6714,0.35658843851558075
6715,0.35227494335479786
6716,0.35445912126248674
6717,0.3453829443496427
6718,0.35021760676446984
6719,0.35595629406545876
6720,0.36090982581372866
6721,0.34618815681068926
6722,0.35035450069818125
6723,0.3487755501131945
6724,0.340635042108861
6725,0.3455059587928302
6726,0.34392546951369457
6727,0.35907827992741126
6728,0.3431279658659184
6729,0.35557840707111055
6730,0.3499721078064973
6731,0.343446421127154
6732,0.3529521306459282
6733,0.3420572811348477
6734,0.346389898114572
6735,0.3514277640473267
6736,0.3560432135585693
6737,0.3474419691024237
6738,0.3400375558691469
6739,0.34665792791969535
6740,0.346039178406856
6741,0.34338302715943764
6742,0.3503867187571368
6743,0.3465102210459072
6744,0.3474811890001904
6745,0.3499528030815201
6746,0.34893430965864725
6747,0.3530403356899429
6748,0.34131403840930274
6749,0.34431010622554736
6750,0.3499637963861581
6751,0.34907284463158117
6752,0.35641893260967505
6753,0.35449078831700187
6754,0.34803767852363354
6755,0.35011291041391557
6756,0.3512509295682587
6757,0.3583361638404965
6758,0.35236405052853703
6759,0.3488890811839886
6760,0.35090708380618085
6761,0.3495286675294454
6762,0.34916250171782826
6763,0.3457281732265149
6764,0.35225461457228857
6765,0.3495228240006633
6766,0.34978965658558114
6767,0.34160343428318724
6768,0.34479155713944143
6769,0.34972352381405597
6770,0.35351917294592705
6771,0.34629743794193707
6772,0.347910442858157
6773,0.3519650732755528
6774,0.35371716411020704
6775,0.34584082806412597
6776,0.3389530458119863
6777,0.34943562864641575
6778,0.34974875303152536
6779,0.35245334555682356
6780,0.3529754239324052
6781,0.35414145920900614
6782,0.34800518121084567
6783,0.3511140502447314
6784,0.3431347551490895
6785,0.3468254865079142
6786,0.35056904410227435
6787,0.34588780589751167
6788,0.3574200356092498
6789,0.35485494042784843
6790,0.34849514227988476
6791,0.3598342672791005
6792,0.3496235014770387
6793,0.3604590076984049
6794,0.35325115444453675
6795,0.35160595847311815
6796,0.3488022122613984
6797,0.3529037931680142
6798,0.35807809996080703
6799,0.3454396699182811
6800,0.35962886188004084
6801,0.3492244206975181
6802,0.33816137114772804
6803,0.34587483234519023
6804,0.35226196503773566
6805,0.35532824910952454
6806,0.3496451479253272
6807,0.3543934340559619
6808,0.341448032130598
6809,0.33991420285294444
6810,0.3442548264373242
6811,0.3365744274551817
6812,0.3412588460710719
6813,0.34916137324588686
6814,0.34081098453461295
6815,0.35469139055298216
6816,0.34889539384787516
6817,0.3492998898427112
6818,0.34795799411138484
6819,0.34606813927120533
6820,0.35640302913119226
6821,0.3516518371252041
6822,0.34939419333102195
6823,0.34867503829990637
6824,0.3547807834697092
6825,0.3399331726622831
6826,0.34790711275887737
6827,0.35116470495591834
6828,0.3442720117800778
6829,0.3448713111468856
6830,0.34689844353505406
6831,0.35199960291629
6832,0.3551824199941164
6833,0.35238667987043676
6834,0.3482174739809984
6835,0.3510002056138723
6836,0.3466768709516891
6837,0.3546832013830768
6838,0.35021699552081587
6839,0.35978403725910835
6840,0.34215517452032507
6841,0.3532367447851502
6842,0.35222647425834136
6843,0.3450628289731586
6844,0.34734268077979064
6845,0.35707531805777376
6846,0.3472991750600377
6847,0.34441967221385705
6848,0.3420788938333667
6849,0.34664269461784514
6850,0.34687010428645854
6851,0.33863529129721026
6852,0.34221491191919334
6853,0.3419961681196308
6854,0.34698254085391045
6855,0.35002238177792544
6856,0.3478099813015626
6857,0.3505027251053576
6858,0.34633164802939675
6859,0.34688226211811946
6860,0.3471604180736816
6861,0.358276991018184
6862,0.3401659014801671
6863,0.3499719734573051
6864,0.3531754302118787
6865,0.3551089916920822
6866,0.35500124549905937
6867,0.3527785583914051
6868,0.3422719325590699
6869,0.35218991585597736
6870,0.3520976160372924
6871,0.34386032955255624
6872,0.3490467794809827
6873,0.34783009552891675
6874,0.3399504398845971
6875,0.3474543944345526
6876,0.3539583560988672
6877,0.34220037023125255
6878,0.33941403993416586
6879,0.3443590070747974
6880,0.35361732775339066
6881,0.3523370422458856
6882,0.35302741594862774
6883,0.3520798750838659
6884,0.3591702185939029
6885,0.3504749180785721
6886,0.34969185857538404
6887,0.33760925760733995
6888,0.3472480090421558
6889,0.34106216793870325
6890,0.35479855386738224
6891,0.35586864550305913
6892,0.35119504149342684
6893,0.34845853986172926
6894,0.3584560410090277
6895,0.3578222269040602
6896,0.3565513373153517
6897,0.3407445873176731
6898,0.3549491621852648
6899,0.34405420082285243
6900,0.3382301705419101
6901,0.3498587212671618
6902,0.35476426832619523
6903,0.34709149936412076
6904,0.35224951037798213
6905,0.35262690779988254
6906,0.35280610161663517
6907,0.3473317039233213
6908,0.3454745427015055
6909,0.3469490105729617
6910,0.34919247280693544
6911,0.33946824513180396
6912,0.3498383412178771
6913,0.36147111891162725
6914,0.3494345512741514
6915,0.35138839753691203
6916,0.3575994594994051
6917,0.3419298950254607
6918,0.3485869524034182
6919,0.3413133865760017
6920,0.35222868352221365
6921,0.3528287789436327
6922,0.34710116651215916
6923,0.3489941116950062
6924,0.351789451830244
6925,0.3484815970719545
6926,0.3462406148291111
6927,0.3484046869720731
6928,0.3551964169930982
6929,0.3509526219204901
6930,0.362116251715331
6931,0.3514672939732748
6932,0.35158252129859796
6933,0.34988775107884346
6934,0.34630805654154234
6935,0.3445252807501856
6936,0.3474628523211166
6937,0.345573238043228
6938,0.3560471804490352
6939,0.350982430243374
6940,0.3473739788186274
6941,0.3544031012933048
6942,0.3437644701150296
6943,0.34184394772432664
6944,0.34883849462646155
6945,0.34428588468196225
6946,0.35614255264759836
6947,0.34458894173919385
6948,0.3481331427299323
6949,0.3412721924244123
6950,0.3485276416970965
6951,0.3402324992490124
6952,0.35061008146517714
6953,0.3465018434440031
6954,0.35133158828358857
6955,0.35075007031319827
6956,0.34677024997687556
6957,0.3468980824847422
6958,0.3533194166962476
6959,0.3427911477096459
6960,0.3539362995569485
6961,0.35602609285513886
6962,0.3445458796994581
6963,0.3471642440701943
6964,0.351456386208628
6965,0.3531082841563091
6966,0.35909590217670956
6967,0.35479479204219716
6968,0.3540449915032742
6969,0.35468024707456675
6970,0.3511998926564332
6971,0.3396634457681417
6972,0.35066021851015333
6973,0.34890984231366046
6974,0.3479174161918469
6975,0.3481991455455098
6976,0.3516236009947509
6977,0.3549320781537533
6978,0.3518131734976881
6979,0.3608334147119338
6980,0.3652561818455505
6981,0.34922335399821525
6982,0.3470388776167905
6983,0.3488985709697064
6984,0.35420345643020607
6985,0.3356519689177397
6986,0.3498563591814233
6987,0.3454411293920867
6988,0.35683209710987074
6989,0.34954902954318307
6990,0.34801278252481654
6991,0.3429288341447448
6992,0.35645579217712914
6993,0.3572388018147051
6994,0.3484416260292647
6995,0.349068387974407
6996,0.35399222957140253
6997,0.35137222002625695
6998,0.35440028136569196
6999,0.3437051523391802
7000,0.34952092389709877
7001,0.3471292639016831
7002,0.3579647640398937
7003,0.35891240129114677
7004,0.34409365559370175
7005,0.3545930023570261
7006,0.3551133485342878
7007,0.35614992514042493
7008,0.36040080041104194
7009,0.34441910071185616
7010,0.35772001943437726
7011,0.35226920609070417
7012,0.34448780895287745
7013,0.3487584654118743
7014,0.3611179997225288
7015,0.3510928846289262
7016,0.3515454100807729
7017,0.3615317462596147
7018,0.35542891721278697
7019,0.34620236464985465
7020,0.36097159989738403
7021,0.3499077176572881
7022,0.3554145053781206
7023,0.34811647887889924
7024,0.35078684861036785
7025,0.3447417359585212
7026,0.3395973739452738
7027,0.3546759806641942
7028,0.34085135676884715
7029,0.34930059337326586
7030,0.3513912773962995
7031,0.34998442684748143
7032,0.34944615629848547
7033,0.3465459763143873
7034,0.34655619304432445
7035,0.34412170371245726
7036,0.34925709136751704
7037,0.3537486268406065
7038,0.3561480280434511
7039,0.3591838617487937
7040,0.3437032472618959
7041,0.34579647974172467
7042,0.35585699501362633
7043,0.3440227720840433
7044,0.35082364243369546
7045,0.3436526585977295
7046,0.34787689816103934
7047,0.342890963182618
7048,0.34489614184948986
7049,0.34524767281660873
7050,0.3586160192854264
7051,0.35448561948824847
7052,0.35173625150542287
7053,0.355449121998709
7054,0.34062492523227733
7055,0.33705817462362697
7056,0.3589233119344557
7057,0.34721815487884045
7058,0.35486573319162124
7059,0.3427274102656091
7060,0.3527743307508247
7061,0.3421071031542838
7062,0.34386755901881305
7063,0.3561935142923529
7064,0.3428224087134552
7065,0.3395580312001327
7066,0.34159807984361074
7067,0.35379961855237596
7068,0.3570036393859994
7069,0.35727674827430617
7070,0.3625651538917252
7071,0.36381763512116594
7072,0.3455004879422416
7073,0.35608328346499973
7074,0.35055367058563336
7075,0.3539307982541435
7076,0.34699688489269437
7077,0.347675182443581
7078,0.3534166485259799
7079,0.3519233290373296
7080,0.35278004605239366
7081,0.351715668554603
7082,0.3505582787803358
7083,0.3501218598279644
7084,0.35333192826356075
7085,0.3647128055414344
7086,0.3469951557576558
7087,0.3556773531448312
7088,0.35361065408842357
7089,0.34248741383862613
7090,0.3541329457736274
7091,0.34653919449234344
7092,0.34714759111563753
7093,0.33920030448177196
7094,0.35326289111158504
7095,0.3528464531611791
7096,0.35865822663657887
7097,0.35627205155004044
7098,0.3458579703465667
7099,0.3539849805876862
7100,0.33890903250648574
7101,0.3458564631385339
7102,0.3404666994290591
7103,0.3513334839906647
7104,0.35208394584103825
7105,0.3382392349298758
7106,0.35911946827366176
7107,0.3448976545943359
7108,0.35646073087900254
7109,0.34867976893195457
7110,0.3520081569279494
7111,0.3504321288636486
7112,0.34943751007524754
7113,0.35625834434564146
7114,0.3447369991023354
7115,0.3549306173933149
7116,0.3481695013123478
7117,0.3460707517928754
7118,0.3462611442266143
7119,0.35046936121339095
7120,0.35513980501881093
7121,0.3562479934621766
7122,0.3485066190273139
7123,0.351329660825293
7124,0.34691741325687797
7125,0.3552001489879679
7126,0.34469582155920736
7127,0.35148208303756695
7128,0.3577574146239727
7129,0.3523223404079022
7130,0.34539316408906107
7131,0.34658390340482204
7132,0.3460756257887677
7133,0.3467794662912772
7134,0.34904332592698334
7135,0.3504941256351206
7136,0.35358685084511976
7137,0.3600113632284751
7138,0.35193657145654755
7139,0.3539291702979928
7140,0.3455796674585162
7141,0.3516221224550102
7142,0.34009412934908045
7143,0.3504931896855141
7144,0.35398908992207523
7145,0.34478904052203446
7146,0.343973286076149
7147,0.3497160266238629
7148,0.3487154728762376
7149,0.3539439127561498
7150,0.3512442357579763
7151,0.3444838168422039
7152,0.35142861502019185
7153,0.3547454831292318
7154,0.3446456090148535
7155,0.34178873041822055
7156,0.3470974082075809
7157,0.35253747078049064
7158,0.3548250285244058
7159,0.3456733635561697
7160,0.3402791536972738
7161,0.3570452915911323
7162,0.3501014659096719
7163,0.3484028184276477
7164,0.3442360480604908
7165,0.35379532877311826
7166,0.3406718511699109
7167,0.34498664030664533
7168,0.3488558873131942
7169,0.35843384907886916
7170,0.34222613186781176
7171,0.34399751124441225
7172,0.3520199426043626
7173,0.344010322623583
7174,0.34906570523365593
7175,0.3425343519934766
7176,0.35191563294243206
7177,0.35494427910701926
7178,0.3444720718863029
7179,0.35442185631984163
7180,0.3489549015651846
7181,0.3490807400536385
7182,0.3473045086513567
7183,0.35575352420488093
7184,0.35387774510838377
7185,0.3534137597827912
7186,0.362414457960609
7187,0.3505565330285132
7188,0.3385524295284201
7189,0.358674151180238
7190,0.3496305347560668
7191,0.34179393297358274
7192,0.3481367891266193
7193,0.3488242220909864
7194,0.35105176150472445
7195,0.35405650711696784
7196,0.3563299632070181
7197,0.3488121095660368
7198,0.35076906952584685
7199,0.347189950298368
7200,0.3453486201142647
7201,0.35090052645082354
7202,0.35650086378504514
7203,0.3505612154628758
7204,0.353732030788563
7205,0.34456125504756685
7206,0.3450947384748392
7207,0.35027415065158074
7208,0.34745995883319303
7209,0.3457997132420295
7210,0.3475832235498294
7211,0.34615790063588425
7212,0.34540661347006557
7213,0.348986372613771
7214,0.34834003079675996
7215,0.3456190694764393
7216,0.35045697151007893
7217,0.3522387673283494
7218,0.3559929730019902
7219,0.3572040790850602
7220,0.3465881943327135
7221,0.355061969566353
7222,0.3567183100561714
7223,0.3598680079516403
7224,0.35636138686555524
7225,0.34947180844956127
7226,0.34770812427999515
7227,0.3364089931060977
7228,0.35989389080281964
7229,0.3573584993840302
7230,0.3507490261308349
7231,0.34233125460910124
7232,0.35596607509875244
7233,0.35401686815438593
7234,0.34661800898548906
7235,0.35078000795668607
7236,0.3450650163181199
7237,0.3527519301320562
7238,0.35199616638264225
7239,0.3506915504305687
7240,0.3522144939727677
7241,0.35053003691755974
7242,0.3457824018076077
7243,0.34426781925048655
7244,0.35787433662297635
7245,0.3445037081212411
7246,0.3465951752435038
7247,0.3484262238019963
7248,0.3528793734217184
7249,0.3449191414352462
7250,0.35024826545743104
7251,0.3532604777308889
7252,0.34819754683210197
7253,0.3565296600569693
7254,0.3453257675929766
7255,0.343610560951812
7256,0.33800437564667674
7257,0.34419774613689913
7258,0.3474600458232273
7259,0.3461483479826433
7260,0.3512232497366404
7261,0.34345868938558227
7262,0.3538661109365706
7263,0.3540222716433592
7264,0.35510382766343856
7265,0.34955365772492564
7266,0.3512075810985549
7267,0.34641549028355395
7268,0.34341015196108743
7269,0.3556545550184363
7270,0.3501801202758671
7271,0.3540481243139228
7272,0.34902428856186263
7273,0.34592253265979783
7274,0.35572048771481485
7275,0.3537893298440326
7276,0.35198337025297277
7277,0.34972987680216433
7278,0.3413408491154902
7279,0.3460176795575881
7280,0.34764193063212434
7281,0.341488598464652
7282,0.3521075889721975
7283,0.35562957197070966
7284,0.34444022390206186
7285,0.35092753401598015
7286,0.3403588383513772
7287,0.35043534850506786
7288,0.34127685952818115
7289,0.35344374977327847
7290,0.35132681390294823
7291,0.3484553478145127
7292,0.3454780352493874
7293,0.3567898090998258
7294,0.35011687644905903
7295,0.3448757747134316
7296,0.3488127099716435
7297,0.3477771119484851
7298,0.3558491381464114
7299,0.3562744245057565
7300,0.34865367845817513
7301,0.3428453003002595
7302,0.34228130355799563
7303,0.3494912367987448
7304,0.3421947024706861
7305,0.3597266666880155
7306,0.3487495892131698
7307,0.3460837327733205
7308,0.3494285757749155
7309,0.35007633774969465
7310,0.34595131526394396
7311,0.3490945178873688
7312,0.35661440978370296
7313,0.3405834065405579
7314,0.3441382215454968
7315,0.3533810312587083
7316,0.34882360220286174
7317,0.35369036017535116
7318,0.3500056118196788
7319,0.3493077305291018
7320,0.35684224945722903
7321,0.34468013962956395
7322,0.3512971392330968
7323,0.353011338512389
7324,0.36933088559941757
7325,0.35461021827357386
7326,0.34452981448807446
7327,0.3503200956603907
7328,0.3539187646080345
7329,0.35408572552547485
7330,0.3451246515348084
7331,0.35142560423541236
7332,0.35369727625662517
7333,0.3499766086425162
7334,0.3452390187743605
7335,0.33955344573209434
7336,0.34588480596755616
7337,0.3503206540802619
7338,0.34649732490824225
7339,0.3457686236770169
7340,0.33963237251639666
7341,0.3469287610284388
7342,0.346279158253117
7343,0.3480162422022582
7344,0.35131160210019324
7345,0.3564879451476837
7346,0.343727918569704
7347,0.3436268292627456
7348,0.3369401469759716
7349,0.3459275775880842
7350,0.3518900483422587
7351,0.35268630462040157
7352,0.3518003319560766
7353,0.34730068912111367
7354,0.33909462901352794
7355,0.34713559563580204
7356,0.35667800767251734
7357,0.346378301909298
7358,0.3528594618680822
7359,0.35136949610357526
7360,0.3546214739080159
7361,0.3500292944103773
7362,0.3428382315054511
7363,0.3653865529363931
7364,0.3512187799560975
7365,0.3523346330235929
7366,0.35578803946850657
7367,0.34549554062753607
7368,0.3533497641480643
7369,0.35490981351511675
7370,0.3487168138452754
7371,0.34793585055624643
7372,0.3546003885163442
7373,0.3491224756648974
7374,0.33614021731636023
7375,0.3424389304887847
7376,0.3443285934315971
7377,0.34892895597512436
7378,0.3514135044386114
7379,0.3479343484997844
7380,0.3516208279704618
7381,0.3440781189249884
7382,0.3414603225507996
7383,0.3484857540000118
7384,0.34431935676843434
7385,0.34475551654074926
7386,0.34349215906452724
7387,0.35061999173012454
7388,0.3482658607494692
7389,0.3496475346182759
7390,0.3599306116959184
7391,0.3522116627384687
7392,0.34749953077679047
7393,0.3542421377067963
7394,0.34627429735260745
7395,0.3446393644891316
7396,0.34626587909193085
7397,0.352728826960895
7398,0.3482282274675867
7399,0.35135315105240883
7400,0.34037564605321313
7401,0.3503199411095688
7402,0.36246992270852846
7403,0.3396291553179059
7404,0.35293818743249483
7405,0.3452088052116601
7406,0.35018763604178066
7407,0.3499269377064157
7408,0.33995085798806485
7409,0.34887279522927883
7410,0.35373751767809924
7411,0.34951682028906556
7412,0.3532514165286211
7413,0.35155232018490845
7414,0.3525796682851107
7415,0.3436119255427098
7416,0.3479702436444848
7417,0.3538007629526715
7418,0.3512315605584396
7419,0.3439306935693384
7420,0.34713832456974664
7421,0.3400457975162545
7422,0.33798995562567036
7423,0.35571649617286677
7424,0.34084767763172436
7425,0.3358715700062997
7426,0.3468493305849202
7427,0.3512966748256157
7428,0.3474772641385525
7429,0.3418160600400779
7430,0.3459065430643063
7431,0.3495336422054546
7432,0.35060638818322737
7433,0.3520119777962885
7434,0.3450051422042041
7435,0.3410420416470234
7436,0.346993128100428
7437,0.3543208433332176
7438,0.35227012216443493
7439,0.3507895721157902
7440,0.3491728211964379
7441,0.3573566392670666
7442,0.35553091253710567
7443,0.34758595552067423
7444,0.34488913760336
7445,0.3441606241884521
7446,0.3487962335154144
7447,0.34542486625514046
7448,0.35426701189281945
7449,0.35751220004432
7450,0.35293620186070557
7451,0.34785992650485353
7452,0.34635965171448657
7453,0.340975639786457
7454,0.3447878028942515
7455,0.35315092062054626
7456,0.3431222459242495
7457,0.34926734531646625
7458,0.34699782872463336
7459,0.35039488777875727
7460,0.34043856669335526
7461,0.34431377995841794
7462,0.34626438863805586
7463,0.3530470469851132
7464,0.3586701093777393
7465,0.3501832567900968
7466,0.3609219467538609
7467,0.34237143480987525
7468,0.34920854422054187
7469,0.3504209637903959
7470,0.3463651457566227
7471,0.3459338978964676
7472,0.3452681063728357
7473,0.34763605507889217
7474,0.35301454652986414
7475,0.35458422981718407
7476,0.34465510349476347
7477,0.3436309902894916
7478,0.3482062131419658
7479,0.35321488115376504
7480,0.3545166197862553
7481,0.35134917938853183
7482,0.3385528071770441
7483,0.34151796496019843
7484,0.35133620254724196
7485,0.3546921027468961
7486,0.34652043961718854
7487,0.3508059644715562
7488,0.3480692950852207
7489,0.3436514656514835
7490,0.34492585363330064
7491,0.3440895458838966
7492,0.3512369844623579
7493,0.34802063627460644
7494,0.3493608697661647
7495,0.3415507605257789
7496,0.33647596030887794
7497,0.3418731531342556
7498,0.34706190245901125
7499,0.3415377842763614
7500,0.3446409521728348
7501,0.34465440159416355
7502,0.3417339175193151
7503,0.3382498140526185
7504,0.34711444024006044
7505,0.3538314996295126
7506,0.3448576001952694
7507,0.34701270699026104
7508,0.35125007998271895
7509,0.3545533149781461
7510,0.3514837979564981
7511,0.34743980996128854
7512,0.3355053764733476
7513,0.344185907915823
7514,0.35360654865465574
7515,0.3479103883219523
7516,0.34036365197346247
7517,0.3404366394281427
7518,0.33778583460309375
7519,0.3436017977609446
7520,0.3486575338815309
7521,0.3399656779785693
7522,0.34584030167423063
7523,0.3462094364224362
7524,0.35298473931426605
7525,0.3391929550073568
7526,0.354372910126026
7527,0.34730848327180125
7528,0.3452621838056638
7529,0.341757482056917
7530,0.3392342078992732
7531,0.34474844001360844
7532,0.3375850191451445
7533,0.3399244995453046
7534,0.3569905010817734
7535,0.3476785858926879
7536,0.35121871195128357
7537,0.34379260052299915
7538,0.3479304325602256
7539,0.34710214175814796
7540,0.3546086380863308
7541,0.3519383559990063
7542,0.33987205071143833
7543,0.343614696632618
7544,0.34581189267301926
7545,0.3442914569002951
7546,0.3515863879543872
7547,0.3462307024503007
7548,0.3426077322783346
7549,0.3387346019011134
7550,0.34399567925341995
7551,0.35516556054168447
7552,0.34659601304885906
7553,0.3568006863636769
7554,0.3481982325483339
7555,0.3480302668499383
7556,0.3566320937153872
7557,0.35143301827230145
7558,0.353247801342852
7559,0.3485511255519794
7560,0.34611195990047605
7561,0.3465982657404018
7562,0.34629765228989845
7563,0.3487287333363549
7564,0.34239629979650327
7565,0.3393198719612105
7566,0.35274582714263797
7567,0.3558882408568362
7568,0.35454536983835333
7569,0.34555807152386875
7570,0.36225607131344684
7571,0.34292435013860034
7572,0.3472324187636
7573,0.3462210606096506
7574,0.355166073194381
7575,0.34652756317446637
7576,0.36304734581538667
7577,0.3432784997442544
7578,0.3502130915256913
7579,0.35105490107398707
7580,0.359121594334134
7581,0.3465354850779329
7582,0.3448300986096908
7583,0.3492525605669809
7584,0.34206104252891967
7585,0.3509502589965013
7586,0.3587924931047757
7587,0.356312249270925
7588,0.35082628924069353
7589,0.3399661267336305
7590,0.3444769649161694
7591,0.34999496902538535
7592,0.34323364884508634
7593,0.3460690253660589
7594,0.34910175140205824
7595,0.34559848427879936
7596,0.3477682726046887
7597,0.3517610522600179
7598,0.3352575739834136
7599,0.35442366511897316
7600,0.3377694783415494
7601,0.3532862062784474
7602,0.3458147813478828
7603,0.34484130864790075
7604,0.35124485237479036
7605,0.3439975533671792
7606,0.3463425554265845
7607,0.3477935929679108
7608,0.34876083710378075
7609,0.3521911775077918
7610,0.34771079187832515
7611,0.3517312457179131
7612,0.34974110707744743
7613,0.3474301852762062
7614,0.3412642312943927
7615,0.3524641724983383
7616,0.34641286215884576
7617,0.34643587426079275
7618,0.3489154300044114
7619,0.33453048442470673
7620,0.34353900682903865
7621,0.34506919140381087
7622,0.35224495945124
7623,0.3476166794787189
7624,0.3506811976368618
7625,0.33866566509978835
7626,0.3479826721544058
7627,0.34752374432397987
7628,0.34384821673280946
7629,0.3273558474925779
7630,0.35771551046737954
7631,0.35290227631738297
7632,0.3592817732678803
7633,0.34624352712104634
7634,0.3502731513781921
7635,0.3505519130430483
7636,0.342924802889736
7637,0.34505439342255356
7638,0.337176574911203
7639,0.3536487715546508
7640,0.34751953709749567
7641,0.3462242195894142
7642,0.3392489230564436
7643,0.346102118778628
7644,0.34145330735436985
7645,0.3429170382747793
7646,0.35284604538763775
7647,0.35193564943308536
7648,0.3497184977775884
7649,0.3429960547467895
7650,0.3469471199324843
7651,0.3504825126699832
7652,0.3540949045503818
7653,0.35103747718268774
7654,0.34729222015573435
7655,0.3574384303656617
7656,0.3491809600190417
7657,0.34923312382919586
7658,0.3482771052805868
7659,0.3429108416664618
7660,0.3606876920581655
7661,0.3411867618018332
7662,0.3419083040778667
7663,0.34622713598432653
7664,0.34279169595661396
7665,0.3495299703330767
7666,0.35593061809306126
7667,0.35711862440343906
7668,0.34380809150450825
7669,0.34037937823555353
7670,0.34942132938044185
7671,0.35433954855629973
7672,0.3364245296690121
7673,0.3470232708626856
7674,0.34991159233413816
7675,0.3473632034982044
7676,0.35297814329610766
7677,0.34738876036496097
7678,0.34411207007512207
7679,0.35235224522763714
7680,0.34897876936231026
7681,0.34917620773226016
7682,0.348456192503093
7683,0.35093624812323615
7684,0.3527749189734301
7685,0.35431526039346095
7686,0.34483532308053727
7687,0.34553650643919576
7688,0.3532815140919221
7689,0.35075831556889536
7690,0.352573055466019
7691,0.34711725553640405
7692,0.35129686270317295
7693,0.35230111257914426
7694,0.3470749835665072
7695,0.3469261372277571
7696,0.3445070235533032
7697,0.34608947512025606
7698,0.3509110074162151
7699,0.35348154809383886
7700,0.3445060036527133
7701,0.35085661968860765
7702,0.3476864751501109
7703,0.3512259250551807
7704,0.3402995031369859
7705,0.3469738980844734
7706,0.34607397318199146
7707,0.3503786654955568
7708,0.3499550037176166
7709,0.3534787181675838
7710,0.34935384203503045
7711,0.3533996179434076
7712,0.3410147912939662
7713,0.35044579412958204
7714,0.3494338711046558
7715,0.34885497835398166
7716,0.34858099909830637
7717,0.35522548023369876
7718,0.35510420034923085
7719,0.3401961942952651
7720,0.34678903988206866
7721,0.35667525528145577
7722,0.34330816371659745
7723,0.34387141221879164
7724,0.3507072717027626
7725,0.3408685186767763
7726,0.3460021226442757
7727,0.3481951582809162
7728,0.3504264205558936
7729,0.34615696062797163
7730,0.3539023859186035
7731,0.3459756456899297
7732,0.3493149357618873
7733,0.3635837340603269
7734,0.3501075440319512
7735,0.35592633618535324
7736,0.3491565006448394
7737,0.3523617348385455
7738,0.3498935424955142
7739,0.35256779801235594
7740,0.346035939532994
7741,0.35284427750442043
7742,0.3393929949760342
7743,0.34382496050128414
7744,0.3506849469656623
7745,0.34039287011608593
7746,0.34606547508111574
7747,0.3466902826260528
7748,0.3434155069054055
7749,0.34133921026871517
7750,0.3436819684755582
7751,0.3390637725327617
7752,0.35857519513822317
7753,0.3516987246134193
7754,0.35417373143299297
7755,0.3496950245802546
7756,0.33768933559964287
7757,0.35328858863162305
7758,0.3439538075213333
7759,0.33947547023370145
7760,0.3434710861710217
7761,0.3496856457542375
7762,0.34382404104281766
7763,0.3452770345196468
7764,0.33981359814839096
7765,0.3472196373579041
7766,0.3416024467918128
7767,0.3536864477732047
7768,0.3475911741129085
7769,0.3549832431542216
7770,0.351387576973247
7771,0.3514136789956466
7772,0.34207149092773054
7773,0.351597446653226
7774,0.35084029310599846
7775,0.34148236449915464
7776,0.35955040232576374
7777,0.3492386157737143
7778,0.3468788705705033
7779,0.3543849404821476
7780,0.3525692051215303
7781,0.34841990571490744
7782,0.341325655221404
7783,0.34782877795351586
7784,0.3321611259063707
7785,0.3566340260666953
7786,0.3459949494256206
7787,0.3519405373987067
7788,0.3397754817252215
7789,0.3524881495468138
7790,0.3442950346854127
7791,0.34884505226244106
7792,0.3474945142817191
7793,0.35010447596351113
7794,0.35131726478792724
7795,0.35608604718663084
7796,0.3437253386608512
7797,0.3508885450582313
7798,0.34767241977249197
7799,0.3537544817229191
7800,0.3435203196251868
7801,0.34628107008823267
7802,0.3452375559277647
7803,0.3512641087271901
7804,0.3367279612250036
7805,0.35659112957169575
7806,0.35067864927294773
7807,0.3536045155507878
7808,0.35949468113398675
7809,0.35073741621684157
7810,0.34765919965927317
7811,0.3466834648249733
7812,0.3400590473221432
7813,0.35168888759614075
7814,0.35487616534861033
7815,0.3423896733538584
7816,0.33864334294265247
7817,0.3529951548969636
7818,0.35193358616038745
7819,0.3441646021587943
7820,0.34505029197954706
7821,0.3497469749993141
7822,0.3408206253863547
7823,0.3545499804834877
7824,0.3492385094722824
7825,0.3453668176696943
7826,0.34186054156427453
7827,0.3503725368783308
7828,0.34894629616681055
7829,0.3349972650811798
7830,0.3507749466737314
7831,0.3493644711848757
7832,0.3457317325011778
7833,0.3478000901299804
7834,0.34112764264485435
7835,0.3481169718184622
7836,0.33632621823309805
7837,0.3539345927928376
7838,0.35959256406312956
7839,0.3403019576098008
7840,0.3506487248828698
7841,0.3534588575875644
7842,0.3510487828115003
7843,0.3515993940776128
7844,0.33971878673092804
7845,0.3500770746683966
7846,0.34809574289298834
7847,0.3462377780683336
7848,0.35775039070197445
7849,0.350030387208197
7850,0.35197452745066005
7851,0.35074680367022604
7852,0.3505674030643241
7853,0.3440841698319589
7854,0.3470333879465022
7855,0.3525679176899961
7856,0.34647137568956204
7857,0.33637200582692445
7858,0.34021400753997905
7859,0.34637817549144123
7860,0.3488213039870486
7861,0.34690835805360387
7862,0.3446679817097483
7863,0.3455067970251548
7864,0.3500880610297521
7865,0.34429778305643516
7866,0.3478710249074917
7867,0.34237605290886014
7868,0.34351668152326387
7869,0.33939347834409445
7870,0.34547751071186267
7871,0.3456382741627321
7872,0.35765205988580834
7873,0.33567400121491187
7874,0.3444931139697833
7875,0.33791240956347934
7876,0.34881150718187715
7877,0.3487132683030889
7878,0.33878594385356464
7879,0.3489082270659226
7880,0.3486881443073434
7881,0.345239808030153
7882,0.33936947002701334
7883,0.34228262651086433
7884,0.3457922227227171
7885,0.3471645948807659
7886,0.3397251444008048
7887,0.3552483534484747
7888,0.3531515068464226
7889,0.3534728284298098
7890,0.3411659729092824
7891,0.33916968858340446
7892,0.339858653501735
7893,0.35149417231703317
7894,0.34580646383276054
7895,0.34196240663082783
7896,0.3498744662370353
7897,0.33674960128033404
7898,0.33898386767837824
7899,0.3523604654595829
7900,0.347378630407278
7901,0.34777748712618706
7902,0.34873873237016145
7903,0.35014427531349473
7904,0.3483197670929824
7905,0.3497770653155426
7906,0.3401096897799201
7907,0.3335954789670939
7908,0.3468350215024566
7909,0.3531082233283225
7910,0.3406985736498779
7911,0.351109742451143
7912,0.34899947953984467
7913,0.3487420013901247
7914,0.3342970247214276
7915,0.35346285275744815
7916,0.34396057653370904
7917,0.34415819608527326
7918,0.34188673595215896
7919,0.34796268672127667
7920,0.3472460941298116
7921,0.34829749879609606
7922,0.34692231253545547
7923,0.3565104945602415
7924,0.34359560188752747
7925,0.3502203743251477
7926,0.3423052309097324
7927,0.3574995935951395
7928,0.3453711303590577
7929,0.3563873207212058
7930,0.34158389126377375
7931,0.3470080721769797
7932,0.3515961729863186
7933,0.3431202117832803
7934,0.34745745171273745
7935,0.34671623631478665
7936,0.34145223290571075
7937,0.35036196296109473
7938,0.3421983635475507
7939,0.351452066745219
7940,0.3508847711597293
7941,0.35059557265947777
7942,0.34296908026102674
7943,0.336986648883055
7944,0.3487935362833949
7945,0.3463293071237198
7946,0.3469279419390247
7947,0.3558351140934699
7948,0.33865826306167973
7949,0.3556900928163687
7950,0.350791330812169
7951,0.3527268719344311
7952,0.34758293450357
7953,0.35409555550463945
7954,0.3392747994148631
7955,0.35204565041215147
7956,0.35441499564318973
7957,0.3454709903002302
7958,0.35160293915126917
7959,0.3526837162214105
7960,0.3480438034121783
7961,0.34823843592919884
7962,0.35550861870371175
7963,0.346721370427538
7964,0.3515799609608277
7965,0.3575629107875076
7966,0.34001387941764705
7967,0.34983435343322566
7968,0.34260378525170077
7969,0.34712641868239436
7970,0.3507483868629551
7971,0.34369875694028174
7972,0.34824651850727223
7973,0.3388277277777908
7974,0.3499004652317156
7975,0.354927980314111
7976,0.3467307131073637
7977,0.34997417354004623
7978,0.33506869093734715
7979,0.34822366259669574
7980,0.3489068556869338
7981,0.34738623684103975
7982,0.3406830500585498
7983,0.34224122839376586
7984,0.341843712066621
7985,0.3511903048971174
7986,0.34607086746455845
7987,0.34444855882318526
7988,0.343603424044677
7989,0.3475602575850737
7990,0.35211184425445885
7991,0.33792790661971983
7992,0.3395553205318353
7993,0.3321824979618193
7994,0.3404323446991914
7995,0.3414847190243121
7996,0.3327446977674384
7997,0.33871403088833246
7998,0.3399243807046362
7999,0.3501627170352228
8000,0.34823417819397406
8001,0.3507524823186576
8002,0.34425202231378305
8003,0.3447221202054666
8004,0.3470237283378613
8005,0.3537784602847415
8006,0.34350927621449984
8007,0.3459177824137326
8008,0.3498379674921778
8009,0.3449897292223637
8010,0.3506677688835862
8011,0.35153728006308604
8012,0.3511483208099623
8013,0.34279595374785654
8014,0.34059686212586926
8015,0.34589968113097835
8016,0.3513373136230465
8017,0.34668731842063283
8018,0.34661678067165813
8019,0.34357363923971973
8020,0.34675326223967257
8021,0.3414324610537805
8022,0.3387904354675313
8023,0.3391909838958135
8024,0.338860698760548
8025,0.3568076161737175
8026,0.33556038332008603
8027,0.3500017964632547
8028,0.3333144888739174
8029,0.34308738993506327
8030,0.3502352647203949
8031,0.35172288515822947
8032,0.3540034169982201
8033,0.34079360488981075
8034,0.35490390740976613
8035,0.3403320089292749
8036,0.349114866630979
8037,0.3567012443692542
8038,0.3453590061490561
8039,0.34111113730781106
8040,0.35232352361701025
8041,0.3404528496222823
8042,0.3468392846076204
8043,0.35173185972660276
8044,0.3509851020697596
8045,0.33927532367676455
8046,0.3532479125296018
8047,0.34796719276617943
8048,0.3468216179012837
8049,0.3445359996272066
8050,0.3510777843441297
8051,0.34274064229823586
8052,0.3449653329006185
8053,0.33322087939824335
8054,0.3401928358864929
8055,0.3390986139863844
8056,0.3328172966197452
8057,0.3393797931026987
8058,0.34707381365761764
8059,0.3440281527102513
8060,0.34538191272638613
8061,0.3420813452814907
8062,0.35771412702695227
8063,0.34972433155262667
8064,0.3523390420294581
8065,0.35004578913592876
8066,0.3440871093724701
8067,0.35023293771120056
8068,0.3392494388296462
8069,0.35037163680332756
8070,0.3511185422115483
8071,0.35319112457251306
8072,0.35358532201162524
8073,0.341909263367153
8074,0.3468116138429684
8075,0.3406836538610282
8076,0.35499747249571023
8077,0.35355425720730166
8078,0.3310700238069591
8079,0.3457151356876621
8080,0.34876927112733747
8081,0.3509645395496333
8082,0.34670610710755856
8083,0.3519655508285455
8084,0.3476847658932911
8085,0.35079980423553075
8086,0.3478714311664
8087,0.34984781769457274
8088,0.3411813677704726
8089,0.34426963816686257
8090,0.34228706493183664
8091,0.34087258778940616
8092,0.34178112342324407
8093,0.3493029240021774
8094,0.35409580371483523
8095,0.33936745421469044
8096,0.34528265314640655
8097,0.3384948746526979
8098,0.3403925922274787
8099,0.3464408017602825
8100,0.3513722801173344
8101,0.3418366052039711
8102,0.34247358194648275
8103,0.3472503464344303
8104,0.3383564571905408
8105,0.34303672266401475
8106,0.3388279534168871
8107,0.3568980837502728
8108,0.3372771931575334
8109,0.34121256229811847
8110,0.3490799373635407
8111,0.36043820204618804
8112,0.3417446944320653
8113,0.35778481243166993
8114,0.3416009394893175
8115,0.34801295346023114
8116,0.34931189296813137
8117,0.3485345175626212
8118,0.3461393844871552
8119,0.34427243617847925
8120,0.3470262271279131
8121,0.3395124035376772
8122,0.3474798308752593
8123,0.3498968275914639
8124,0.34390446207001685
8125,0.3400888084499065
8126,0.34489610388427916
8127,0.35368996478814524
8128,0.3455031842433101
8129,0.3568319092554299
8130,0.34808338175866477
8131,0.3452346921766681
8132,0.3403928565030848
8133,0.3528505800533416
8134,0.35145454101121354
8135,0.34975535174230266
8136,0.33978204155835146
8137,0.3500400664975232
8138,0.35291714841107796
8139,0.3342206299221798
8140,0.34584893819087653
8141,0.33902051509498315
8142,0.3505897862295961
8143,0.3469944301399132
8144,0.34624574682900516
8145,0.351711790428784
8146,0.353878097444827
8147,0.34314028176996036
8148,0.34515749525509487
8149,0.341847641086193
8150,0.3503624338940752
8151,0.3534075313730923
8152,0.34357675728776355
8153,0.3518330678983394
8154,0.3441672085932598
8155,0.35012009015826745
8156,0.34332986491467254
8157,0.3387857434771058
8158,0.3363665406714331
8159,0.35609462283716253
8160,0.3417093773087889
8161,0.3514337486177254
8162,0.3354939383924517
8163,0.34933745423248647
8164,0.3485597860469676
8165,0.3430781545674636
8166,0.3358943032146004
8167,0.34190080124778566
8168,0.3455554406568308
8169,0.3503528802055311
8170,0.353540677924479
8171,0.34979381860762565
8172,0.35310825037597054
8173,0.34690229723043975
8174,0.3418484311164198
8175,0.34673016504242665
8176,0.34813134467637297
8177,0.3497373058793945
8178,0.34929933491697573
8179,0.344354370726225
8180,0.34188816134552147
8181,0.34975480601298364
8182,0.3409483070772425
8183,0.3549802914490215
8184,0.3359752120790437
8185,0.34626687484995794
8186,0.34430667684674543
8187,0.33445931543302854
8188,0.35000055790012524
8189,0.3414731844084978
8190,0.34975579784909094
8191,0.34758138286577356
8192,0.3521019261478008
8193,0.3497084125971261
8194,0.339885713197393
8195,0.34879696334680704
8196,0.346679942407848
8197,0.3506034475915019
8198,0.3418640293054721
8199,0.3455118989989574
8200,0.3486745829967336
8201,0.3555119487463765
8202,0.3413273578526868
8203,0.34336163182031404
8204,0.34470141466555443
8205,0.34343598631031397
8206,0.3383778711671934
8207,0.34084568553052413
8208,0.34002757706215625
8209,0.34482218910931617
8210,0.3413553402872209
8211,0.3493574891165846
8212,0.3513200261533054
8213,0.34873164592268185
8214,0.33657985945266805
8215,0.33678509922174105
8216,0.34685737837666136
8217,0.3513765131762056
8218,0.3447434023205426
8219,0.35539778099383806
8220,0.34647907794889
8221,0.35595957071241785
8222,0.3476432266095235
8223,0.34561915016992034
8224,0.35513340514264763
8225,0.3461885647753737
8226,0.3467239120944905
8227,0.34045516185395547
8228,0.3526631964557048
8229,0.3438211900401568
8230,0.3514177648614927
8231,0.334175885693801
8232,0.3480773731506982
8233,0.34187214189933235
8234,0.33591775174004107
8235,0.3460994686442769
8236,0.34997810225355774
8237,0.351757419027862
8238,0.35037245161153907
8239,0.3419594559881655
8240,0.346803573866913
8241,0.3455337637471515
8242,0.3528567222775065
8243,0.34373451287056983
8244,0.3489809121845204
8245,0.3542170252756126
8246,0.3479698647836427
8247,0.3439446299492481
8248,0.33601584675769347
8249,0.34418951719104124
8250,0.34437518172858295
8251,0.34680406075558584
8252,0.349823047987741
8253,0.3514831157363987
8254,0.3378529441287666
8255,0.34346674069317584
8256,0.35105461187632647
8257,0.3571701174070079
8258,0.344410472098768
8259,0.3446717822747171
8260,0.3415537628622174
8261,0.3424056961044567
8262,0.35041686985707127
8263,0.3389987490445446
8264,0.3520864664008973
8265,0.3471233143670918
8266,0.3451144518697358
8267,0.3485758704429316
8268,0.34310385148380684
8269,0.3456418533062094
8270,0.3447651764835171
8271,0.33877370771254484
8272,0.34475171080971784
8273,0.34585952551523064
8274,0.3526726112904993
8275,0.34810713809157967
8276,0.3486279248450468
8277,0.347639014260397
8278,0.34383830241741914
8279,0.342323311883978
8280,0.33899310154877943
8281,0.34564872802603136
8282,0.3437091389611034
8283,0.347943160950433
8284,0.34598515874776314
8285,0.33688991878259994
8286,0.34862497719051144
8287,0.3499766677073231
8288,0.3535536323150416
8289,0.3450286139521822
8290,0.3469595076199722
8291,0.33599445577952447
8292,0.33900329860347317
8293,0.3507930888438877
8294,0.35143230071684484
8295,0.3421962254963256
8296,0.3424717764092075
8297,0.3414696666959095
8298,0.343046428345313
8299,0.34179854529372683
8300,0.34018634255880664
8301,0.35344616370776066
8302,0.3453043796262286
8303,0.33797019195547473
8304,0.33757413766635186
8305,0.34520072100475735
8306,0.351671704940749
8307,0.3549446196270915
8308,0.33620178632199754
8309,0.3374243961411461
8310,0.3366223783320716
8311,0.3524072934430601
8312,0.33268475663329267
8313,0.33972462071005727
8314,0.347189187326974
8315,0.34259301650121105
8316,0.3392701478551828
8317,0.3523950915233196
8318,0.3465944178090079
8319,0.3400506065461665
8320,0.35239975341299906
8321,0.34409713711820217
8322,0.35021187936916637
8323,0.33766660534336884
8324,0.3405840906905543
8325,0.34556765729652716
8326,0.3455884002799295
8327,0.341416199058051
8328,0.33958019081949853
8329,0.3438209859288366
8330,0.35124499498280964
8331,0.3504239615637939
8332,0.3458403503739332
8333,0.34844970465120095
8334,0.3489401118034434
8335,0.34547039249790257
8336,0.34111920691441605
8337,0.34679948310413405
8338,0.34272694234289675
8339,0.3522879235997526
8340,0.34202271620219626
8341,0.34120345701777816
8342,0.3419579358516142
8343,0.3483543571362118
8344,0.3451366829193868
8345,0.3432651740455844
8346,0.3516311092938504
8347,0.35333156272136285
8348,0.3468903662290509
8349,0.34791543455631835
8350,0.33645143290844015
8351,0.3453273814832498
8352,0.3371938609855824
8353,0.34214115999570316
8354,0.35375309408514716
8355,0.3369989306096903
8356,0.34542951240071945
8357,0.34227535638393297
8358,0.3371841866115797
8359,0.34045221531942116
8360,0.3457695582150151
8361,0.34594445422247777
8362,0.34553634359931196
8363,0.3485914715418064
8364,0.34355651749788324
8365,0.3477266000006667
8366,0.34551472278847994
8367,0.34662907888149347
8368,0.3411881916315254
8369,0.33922707437625066
8370,0.35064582045194137
8371,0.3367086828653409
8372,0.3491316622682088
8373,0.3579654522239672
8374,0.3554143306499912
8375,0.3349532340752658
8376,0.35619535165625815
8377,0.3596337484614426
8378,0.3508817627065951
8379,0.33349976810143006
8380,0.35792394950303064
8381,0.3495771477035727
8382,0.3515635621975397
8383,0.33291784701777194
8384,0.33815327494221137
8385,0.3347780330963175
8386,0.34416641562132777
8387,0.3410761851902799
8388,0.34796102095083736
8389,0.34823293497754537
8390,0.34123282262878873
8391,0.3473590733001868
8392,0.35203346043402783
8393,0.34575056581059727
8394,0.3448629288080835
8395,0.3418534178977711
8396,0.3478993055282275
8397,0.3447174843776299
8398,0.3605543641168921
8399,0.34002074711409525
8400,0.33814319403235205
8401,0.3481468785654274
8402,0.3466878715853867
8403,0.336160541223434
8404,0.33786759446655146
8405,0.3404550896185667
8406,0.33721658493008966
8407,0.3360495792585748
8408,0.3389861351910799
8409,0.3448963852404211
8410,0.34219994409979165
8411,0.3529069926587733
8412,0.330379609199497
8413,0.3555037794575563
8414,0.3454319566643718
8415,0.3376763508038812
8416,0.33891606096835863
8417,0.3456472156445116
8418,0.3401929266430577
8419,0.34036641701788745
8420,0.34335817818664593
8421,0.34898035833307434
8422,0.34473730734887187
8423,0.3416720945708506
8424,0.34029943576434013
8425,0.34062520311134353
8426,0.3452085524632077
8427,0.3436706297914126
8428,0.33916266629126846
8429,0.3542403012773058
8430,0.33853246655794544
8431,0.34217920217588926
8432,0.3468027722391292
8433,0.34267625106930794
8434,0.333699868647387
8435,0.3323810105601525
8436,0.34374276136002685
8437,0.3461666294809901
8438,0.3494402454712025
8439,0.3338644772158244
8440,0.3363533372215363
8441,0.34778349992260527
8442,0.33562330649806255
8443,0.3446031800930546
8444,0.3438065775063416
8445,0.3339648561554512
8446,0.3426099897447524
8447,0.3400792607638463
8448,0.3464713187624866
8449,0.3451550103994846
8450,0.3412645998601771
8451,0.344698308837394
8452,0.34794389606068904
8453,0.3468957775490242
8454,0.3476799747923075
8455,0.3435840242361853
8456,0.33680901290859294
8457,0.3490645599311352
8458,0.34324449481950636
8459,0.34136529151044986
8460,0.34005342626498253
8461,0.34616593490193215
8462,0.3437959040791745
8463,0.345478920196018
8464,0.35167092024328817
8465,0.34128518916282047
8466,0.3474167970834465
8467,0.3516483952525273
8468,0.3510479287150104
8469,0.34404388215467463
8470,0.35425684384082556
8471,0.36119491249999724
8472,0.34903727211908914
8473,0.33404695818931646
8474,0.34425241037892895
8475,0.33770673593175854
8476,0.3396848100119595
8477,0.3419228900123481
8478,0.349484158851616
8479,0.35091765956395177
8480,0.3433490250023497
8481,0.3371613796244476
8482,0.3509219269587149
8483,0.34376334916730095
8484,0.34439307071706604
8485,0.34605928364352373
8486,0.3430222086776064
8487,0.3376093932640147
8488,0.3453538259097324
8489,0.346824581015721
8490,0.3424643794111601
8491,0.3352436835184662
8492,0.3432937245372914
8493,0.34741603528082043
8494,0.34716918588649504
8495,0.34040399850697184
8496,0.3368429967911146
8497,0.34496972341389615
8498,0.34080680584719436
8499,0.3502230394010653
8500,0.33955094776057865
8501,0.34663973642179485
8502,0.34632731406128475
8503,0.34156429160078605
8504,0.3456675158256966
8505,0.340314996422015
8506,0.3451427863618239
8507,0.34656547031394036
8508,0.34665538322054223
8509,0.3456062783449895
8510,0.3568096795439595
8511,0.3460339406687287
8512,0.34177829989748854
8513,0.35338686592560004
8514,0.34170778000808943
8515,0.3483937408949834
8516,0.34025673596805933
8517,0.342634034205497
8518,0.3531823641432125
8519,0.34750577538900856
8520,0.3495560953509432
8521,0.35278639142898854
8522,0.3459052125335303
8523,0.3513758895591098
8524,0.3524740436594234
8525,0.360683624760852
8526,0.3439140288544017
8527,0.34555694712975943
8528,0.3508009196646921
8529,0.34255518153793574
8530,0.34965552777553144
8531,0.3430454208697945
8532,0.3476590441187637
8533,0.3451335674700911
8534,0.34043706040095684
8535,0.3397548505801373
8536,0.3422929508716691
8537,0.34571390175867406
8538,0.34630227321798485
8539,0.35021840948865374
8540,0.34310184402515587
8541,0.3588362203181301
8542,0.3390659167083188
8543,0.34624354745810465
8544,0.3411977112858803
8545,0.34475292226690984
8546,0.3398056289731028
8547,0.3535905884067359
8548,0.34960146745625786
8549,0.34091533995015666
8550,0.3412314955101148
8551,0.3487993500215334
8552,0.33632138614460594
8553,0.3463808777819165
8554,0.3448039513796679
8555,0.3346163657338128
8556,0.3446645883769698
8557,0.3439228672930296
8558,0.3437292228125376
8559,0.33874268205212044
8560,0.3409907186185846
8561,0.3379870563885637
8562,0.3404057134076157
8563,0.3361605661318908
8564,0.34883737196699033
8565,0.34276797104112094
8566,0.34944724680023037
8567,0.3459858836883712
8568,0.34173153638503523
8569,0.3454654374481598
8570,0.3354067443044804
8571,0.3484063988399846
8572,0.3416210996687901
8573,0.3448132193289337
8574,0.33840257450940486
8575,0.35224385191696805
8576,0.34310192086993074
8577,0.3456901371887372
8578,0.3482608586016219
8579,0.34225482450629735
8580,0.3444471736313156
8581,0.34403238267022
8582,0.3437164784501268
8583,0.344596745171132
8584,0.3498573918596779
8585,0.34445086976382827
8586,0.3425528603725374
8587,0.34687654438422083
8588,0.35503032732999174
8589,0.3528316125139172
8590,0.3546685667555901
8591,0.3486146779588264
8592,0.34387936140605835
8593,0.3390611155213683
8594,0.3414562382035816
8595,0.3463183413257967
8596,0.3439610588746616
8597,0.3411267499479389
8598,0.35237676813412383
8599,0.33124474144264426
8600,0.3444635798265502
8601,0.33478094746547155
8602,0.34213561414761684
8603,0.34065327459971684
8604,0.3459016079860808
8605,0.3523266041381051
8606,0.3404425090888898
8607,0.3478893614186068
8608,0.3402051809759592
8609,0.3423672346530555
8610,0.3444799267843959
8611,0.3469740453644145
8612,0.3423386709266561
8613,0.3359361440783516
8614,0.34186625518478875
8615,0.34548253240752325
8616,0.3421733277176237
8617,0.3388612406739915
8618,0.3404916114009876
8619,0.3314023227346512
8620,0.33392498880540616
8621,0.3414840672687435
8622,0.34079866435111905
8623,0.34126529344069273
8624,0.3476352630996433
8625,0.3352108928429633
8626,0.3444868272187869
8627,0.3407157836791764
8628,0.3323352880346857
8629,0.3257987506430319
8630,0.35006369902866347
8631,0.350700648384526
8632,0.34400431706351087
8633,0.34264887045843206
8634,0.34497748641377723
8635,0.3539746831102624
8636,0.33993305023206777
8637,0.3522802426225735
8638,0.33504946740709834
8639,0.3440922944636339
8640,0.3391237270766474
8641,0.33492927713782616
8642,0.3370542083038815
8643,0.3387732779107519
8644,0.33176253812785866
8645,0.3385635729567616
8646,0.3494020470066206
8647,0.34560570139555624
8648,0.3356994544463642
8649,0.34780497537870153
8650,0.34891839363736515
8651,0.3491120361010868
8652,0.35207897224003604
8653,0.3451831515341319
8654,0.3415670233875317
8655,0.3438848500879414
8656,0.3437461553204521
8657,0.34468199509519626
8658,0.349403212236467
8659,0.34544395437043224
8660,0.3363097165703911
8661,0.34152542498064636
8662,0.34224166391509014
8663,0.3394524644887469
8664,0.34737330988280024
8665,0.35143290799453025
8666,0.34381655076102763
8667,0.34284747883942795
8668,0.348187544631844
8669,0.3423809700306632
8670,0.34443690569561464
8671,0.3466456146744011
8672,0.34234002762642096
8673,0.35513419480260494
8674,0.3461159324876022
8675,0.3529312821178222
8676,0.345244729245414
8677,0.3370547802580111
8678,0.3484204871606045
8679,0.34718380482571465
8680,0.3432813692945778
8681,0.3422822340186961
8682,0.3454379244645939
8683,0.3432588114328634
8684,0.3394324012646719
8685,0.3423161602608224
8686,0.35196392158919787
8687,0.3386612063663606
8688,0.34539332079474666
8689,0.34774804147132593
8690,0.34524638154625714
8691,0.3519429416397015
8692,0.3419211787761581
8693,0.345956440381396
8694,0.34665727386641415
8695,0.35104035981372617
8696,0.34329569935487475
8697,0.34880844683070206
8698,0.34754696332718127
8699,0.3549218387446941
8700,0.34108599390251465
8701,0.34096568237353914
8702,0.3471012983968144
8703,0.3418445548845484
8704,0.3466004716065192
8705,0.3393910099039493
8706,0.34434801433087114
8707,0.3493900298889139
8708,0.3474653426408113
8709,0.3396194943572908
8710,0.3453307830035391
8711,0.3454785930484558
8712,0.33471899074130423
8713,0.3417663496901216
8714,0.34738730050450967
8715,0.3375283014364744
8716,0.3459236568718969
8717,0.3430730676223651
8718,0.34454090603904286
8719,0.34530876894352486
8720,0.34297456610676447
8721,0.3387799701477081
8722,0.34506068756808284
8723,0.3349525271729926
8724,0.34638820579704854
8725,0.33956870611791784
8726,0.33840227610227047
8727,0.3407798589739865
8728,0.34167827241156395
8729,0.33914241329639155
8730,0.34833210748089793
8731,0.34698089767944584
8732,0.3536074652196135
8733,0.3467230667761709
8734,0.3471061019293285
8735,0.34390111917240723
8736,0.32783571879369106
8737,0.3383365626709029
8738,0.3397449826519065
8739,0.33673808163120356
8740,0.33737522756227484
8741,0.33799033533914674
8742,0.3383220606363744
8743,0.3382875133603102
8744,0.3381484529890192
8745,0.33604454778774223
8746,0.3428367983347956
8747,0.34233635903617593
8748,0.34496331457479185
8749,0.34686444660984966
8750,0.34760624316378824
8751,0.34419111731108476
8752,0.34408722867104413
8753,0.34494786131653116
8754,0.3352253205198487
8755,0.33697211078522865
8756,0.33272768938840946
8757,0.3418850764194996
8758,0.34650870590342236
8759,0.33940309933377505
8760,0.3402748057926722
8761,0.33833543187949633
8762,0.34318830271358813
8763,0.33437817052843133
8764,0.34573006187975486
8765,0.3370768296267042
8766,0.3447027117115956
8767,0.33659662038076316
8768,0.34702946999513323
8769,0.3419680540997868
8770,0.3437001838579471
8771,0.33954872105441647
8772,0.34698225607970357
8773,0.3490321565826205
8774,0.34617163096458226
8775,0.34970989235897487
8776,0.33722017132913856
8777,0.3438500322086926
8778,0.34601129677751463
8779,0.34407668484423104
8780,0.34874442733963346
8781,0.3433328511441246
8782,0.34132251444050987
8783,0.34767300448129507
8784,0.333702153450091
8785,0.3483166828697778
8786,0.34678267604040003
8787,0.3448836238536365
8788,0.34927613124044893
8789,0.3465246862826787
8790,0.34018363740898333
8791,0.3392629178652017
8792,0.3478954445731601
8793,0.3444641049463089
8794,0.34443748192280677
8795,0.3396662594806672
8796,0.3397216260764016
8797,0.35120121561179535
8798,0.339373749812471
8799,0.3347920035432352
8800,0.3486864642312225
8801,0.3386341466860246
8802,0.3405121529706124
8803,0.34216945531486287
8804,0.3468446524341262
8805,0.3402448124842081
8806,0.34495956668661804
8807,0.3452339433817182
8808,0.3391653789479892
8809,0.34305811260985813
8810,0.3477688508821963
8811,0.3407003390301201
8812,0.3448018202432749
8813,0.3405673084983123
8814,0.342984427932045
8815,0.3486105324650285
8816,0.33566572781093196
8817,0.34147551571964635
8818,0.33697006159616283
8819,0.3367695525433117
8820,0.343820097519811
8821,0.34473332495075476
8822,0.3429794119202782
8823,0.33609963372050905
8824,0.33642962943982707
8825,0.33795102663409415
8826,0.3421336995965778
8827,0.34006796898025127
8828,0.3412806360197565
8829,0.3429961166694874
8830,0.33949120562235846
8831,0.33927624143394836
8832,0.33976313074097686
8833,0.3436187546387085
8834,0.3304361855967523
8835,0.3352846441931486
8836,0.339774835945824
8837,0.3382229653241066
8838,0.3441729065833962
8839,0.34175189520166754
8840,0.33289005265462607
8841,0.3433266817187023
8842,0.3356088530118064
8843,0.33611142837039476
8844,0.3460129921855826
8845,0.3414701449996729
8846,0.3538882027870399
8847,0.3386172505314071
8848,0.3472877057257628
8849,0.3401606183561459
8850,0.34812983924457125
8851,0.344858261209003
8852,0.3424343771236887
8853,0.3455993879835816
8854,0.3362536538725832
8855,0.3471602317501707
8856,0.34003896433275416
8857,0.34422973422752834
8858,0.3391790700817374
8859,0.34116426827116664
8860,0.3352328308244707
8861,0.35361288228968857
8862,0.33831918639428055
8863,0.34592013944752176
8864,0.3470298939869192
8865,0.34824759309973846
8866,0.34601145764497454
8867,0.33936726062699624
8868,0.33574872397794925
8869,0.34142182052012165
8870,0.34844384138412093
8871,0.3443408639770613
8872,0.3484101526053416
8873,0.3441839065012226
8874,0.34361476351917064
8875,0.3448489512381748
8876,0.331996307718375
8877,0.339393573597072
8878,0.3350214859921316
8879,0.34745256735506486
8880,0.3465561580528437
8881,0.3358139043274457
8882,0.34266533732195154
8883,0.3331630477961595
8884,0.34031107966890833
8885,0.35027743914225107
8886,0.3483597887747913
8887,0.3445246117427502
8888,0.35166779911951535
8889,0.3307622937279152
8890,0.34421840248477126
8891,0.3467636943616282
8892,0.3420862158654415
8893,0.338347849042684
8894,0.34146971155199396
8895,0.3459540690170552
8896,0.34075921681273436
8897,0.3412448083968914
8898,0.34515442404110536
8899,0.3433742219359382
8900,0.3442675452830578
8901,0.3467516126208455
8902,0.3456478343599789
8903,0.3359252648288859
8904,0.35296042980197584
8905,0.3310801400281062
8906,0.34663298449030716
8907,0.3329448717643776
8908,0.3374929583770492
8909,0.3424258967457572
8910,0.33891868240748907
8911,0.3425807948463559
8912,0.33929643888063055
8913,0.3414914718590923
8914,0.33648318867110705
8915,0.3409611346593343
8916,0.3412274970468408
8917,0.3441596792826548
8918,0.3443419916893594
8919,0.3450214717985616
8920,0.3395966261659421
8921,0.33614129010685057
8922,0.3460183060936942
8923,0.34109067998419057
8924,0.34636803354038576
8925,0.34893070842688695
8926,0.3449975367128523
8927,0.33610573588258974
8928,0.33896016533472284
8929,0.33481942519955155
8930,0.3403665000868036
8931,0.33985714933464467
8932,0.33835125316013087
8933,0.34415072462883056
8934,0.3393216775390716
8935,0.33405317660947925
8936,0.3435230575451485
8937,0.3301861770781375
8938,0.3457239252558126
8939,0.3380556495437012
8940,0.3420188691006099
8941,0.3396613261679789
8942,0.3446980409224865
8943,0.33563261125236044
8944,0.3470836735326223
8945,0.3381425043342196
8946,0.32773471721465963
8947,0.3314011236220934
8948,0.3360536920164017
8949,0.341869313345912
8950,0.34044371999827966
8951,0.33908399922326415
8952,0.3413685263280648
8953,0.33479486272054965
8954,0.33761276797839324
8955,0.33802678512039186
8956,0.3393971511918652
8957,0.3316310180417706
8958,0.3403156988656449
8959,0.33815693597155866
8960,0.34742767022533094
8961,0.3462872213430375
8962,0.34465597949732524
8963,0.33630515971015307
8964,0.3432664432663176
8965,0.3407008843488756
8966,0.3399435485424436
8967,0.3386697751324613
8968,0.34556054047656665
8969,0.34265616211845595
8970,0.3445988483791487
8971,0.33474714004878087
8972,0.35440549856149145
8973,0.35368802087774975
8974,0.3404929489173649
8975,0.339277696118735
8976,0.32585361057058193
8977,0.3430690774792667
8978,0.3296666176181298
8979,0.34851657067422404
8980,0.34988161006296886
8981,0.3411647166386558
8982,0.33961786702224184
8983,0.333189855805842
8984,0.3459280456780008
8985,0.3423890390177547
8986,0.3323217407975037
8987,0.3331005513952936
8988,0.32991715564320695
8989,0.33662072103090973
8990,0.34612978625328455
8991,0.3487789220297308
8992,0.33167867707619375
8993,0.3409850192026243
8994,0.3456640750301666
8995,0.34103041090877123
8996,0.3483258681339451
8997,0.334573564608369
8998,0.34164368142666407
8999,0.34555804669813833
9000,0.3483365358367719
9001,0.33620568950202
9002,0.3362362206937259
9003,0.3459140289150095
9004,0.3342977051172261
9005,0.34909039940990616
9006,0.3299498202572955
9007,0.331366150834832
9008,0.34236071980022376
9009,0.35451382253473673
9010,0.339008613899535
9011,0.3437014138947379
9012,0.3350525391506358
9013,0.34637505100725985
9014,0.3412282629044158
9015,0.3408665096537493
9016,0.348152944757602
9017,0.34358336249215654
9018,0.32846892184892146
9019,0.3324532286554251
9020,0.3375394225403401
9021,0.3457553996457062
9022,0.339298249809993
9023,0.33919353802317215
9024,0.33905939150044334
9025,0.334414123329091
9026,0.3453728465879165
9027,0.34259023546103196
9028,0.33993852833302207
9029,0.3370274566580577
9030,0.33687929538749756
9031,0.3344242285681112
9032,0.33915658117746583
9033,0.345756841492884
9034,0.3412694123332542
9035,0.33180941704442557
9036,0.3418278514904238
9037,0.3312816752038074
9038,0.3500052265012737
9039,0.34844767089194356
9040,0.3475837917290843
9041,0.3365632213784975
9042,0.34126218265692454
9043,0.3328658421364193
9044,0.3431393852007633
9045,0.34610554939327226
9046,0.338590295405919
9047,0.3494010563478589
9048,0.3337692647673874
9049,0.33238109114157877
9050,0.3399471256056041
9051,0.3456763750922402
9052,0.3464918530556481
9053,0.3449880027342467
9054,0.3379525792955412
9055,0.33789072289128097
9056,0.34084221671016657
9057,0.34541851707723564
9058,0.34055876420081216
9059,0.34575606128136155
9060,0.3369995589103628
9061,0.3392023720411888
9062,0.338263511545659
9063,0.34434856516445145
9064,0.3513225360252135
9065,0.33184912142808426
9066,0.34781557964520615
9067,0.3374196856708004
9068,0.33819915251065147
9069,0.33643917320873296
9070,0.3423800442757986
9071,0.33970961817284817
9072,0.34566786174421754
9073,0.35098855250125094
9074,0.3455187408594203
9075,0.33845005334299477
9076,0.3361494296743122
9077,0.34159415668447435
9078,0.33466723478389176
9079,0.33812829440400843
9080,0.33630994577405876
9081,0.3443825606667572
9082,0.3433873432268407
9083,0.3400493495822217
9084,0.33473362088096104
9085,0.34257852032650143
9086,0.3319260539503235
9087,0.3383086371724122
9088,0.3440443901035607
9089,0.3501998410684992
9090,0.3465710985651609
9091,0.33516826187610665
9092,0.33646653942755256
9093,0.3423189295772691
9094,0.33560534344751375
9095,0.3376300924875133
9096,0.34372201340585984
9097,0.33393757077672737
9098,0.33808981568236035
9099,0.34547178151614205
9100,0.33282631069441243
9101,0.34213331313495116
9102,0.342755556864342
9103,0.3391119805767277
9104,0.33882884922564654
9105,0.32898927303486414
9106,0.34475013812210387
9107,0.33343828961564626
9108,0.34859784133182475
9109,0.33630739333434345
9110,0.3308194368489329
9111,0.33355556297941263
9112,0.34894688071529734
9113,0.34661743495897857
9114,0.33387332042134993
9115,0.33662385101874204
9116,0.3330722173046949
9117,0.32898898215046946
9118,0.3462741533018135
9119,0.3463995470716332
9120,0.3425529756854899
9121,0.3407023855363006
9122,0.33951147016360517
9123,0.33910454728916
9124,0.34301108142797054
9125,0.3399471976000933
9126,0.34202849220469617
9127,0.3419096518074455
9128,0.3329597393954744
9129,0.3345119454143144
9130,0.3434730061368433
9131,0.348548287595881
9132,0.3316289475526507
9133,0.34451500228994425
9134,0.3416246184641902
9135,0.34052646805655185
9136,0.34412564223091613
9137,0.3360185590781595
9138,0.3447130079927048
9139,0.33569868709446254
9140,0.348517485511425
9141,0.33562867200743673
9142,0.33750314468421794
9143,0.334237899543698
9144,0.3434641626943243
9145,0.3382632910791267
9146,0.3411006956735313
9147,0.3299201257653126
9148,0.331641662634492
9149,0.34033061454999963
9150,0.34610301887916656
9151,0.3346685333636512
9152,0.3365560898209006
9153,0.3357376466275955
9154,0.332112948770345
9155,0.3436873134513298
9156,0.3303271687475227
9157,0.3306907854253224
9158,0.33762337970095974
9159,0.34575593600433
9160,0.3466060894002081
9161,0.34115456528263427
9162,0.3306874073674061
9163,0.34831184301444623
9164,0.33826914804044844
9165,0.34487072298793164
9166,0.3485637560587678
9167,0.3450716411984547
9168,0.3384695775968579
9169,0.33926459274793014
9170,0.3390136463417777
9171,0.34808248089121346
9172,0.34157272792907223
9173,0.33413969779954955
9174,0.34420304895476966
9175,0.32951960246215384
9176,0.34105286525256545
9177,0.33971377110837825
9178,0.3497362330381803
9179,0.35394434003913927
9180,0.3309330875192976
9181,0.34104624723391624
9182,0.3388767501382854
9183,0.33605871873543325
9184,0.33332041269665774
9185,0.34364034434053664
9186,0.3385364522697577
9187,0.33559108569017804
9188,0.33580154992650996
9189,0.33440342864645484
9190,0.34358080102785105
9191,0.3372560823334234
9192,0.3340796772406617
9193,0.3322055088158298
9194,0.33513878105149947
9195,0.3344800120207866
9196,0.3303717258729946
9197,0.33344181791035143
9198,0.3410217314804894
9199,0.33854298532446164
9200,0.3420757238874354
9201,0.3435781914204329
9202,0.3308436622254695
9203,0.33979879646469
9204,0.3406398645383769
9205,0.34364654672920064
9206,0.335780047572064
9207,0.33938353995993154
9208,0.3363000690205037
9209,0.3394121847625096
9210,0.3394307014360569
9211,0.33617596834044533
9212,0.33933328181192557
9213,0.343810034559323
9214,0.3389376626361118
9215,0.3410513008699059
9216,0.3416109938763369
9217,0.33181465849458963
9218,0.3391015340609807
9219,0.33670714375524124
9220,0.3302885910152152
9221,0.3425973830457846
9222,0.34105704655922664
9223,0.34440706780168795
9224,0.33947179493306257
9225,0.34246948698538804
9226,0.3461906210887912
9227,0.34061209568992695
9228,0.3333385531187618
9229,0.33992235072474575
9230,0.33605697652492406
9231,0.34461329957002124
9232,0.34295760684071275
9233,0.3355107891285585
9234,0.3340915566080879
9235,0.34040332923421884
9236,0.32800329583787524
9237,0.33683985792276844
9238,0.3446367221729204
9239,0.33649339801347294
9240,0.3353155398567635
9241,0.343687465573162
9242,0.33623736262806103
9243,0.35190736371858644
9244,0.33732449708851403
9245,0.3478117034204697
9246,0.34583251235086276
9247,0.3413812756002695
9248,0.343981504561892
9249,0.3373947210229543
9250,0.34391748668563427
9251,0.33468221827127576
9252,0.3324665653831954
9253,0.33973714517958536
9254,0.3340534283877963
9255,0.34681895698837073
9256,0.3383322694201069
9257,0.33934587617457657
9258,0.34061819286110195
9259,0.3294171746842219
9260,0.3321651568463813
9261,0.34496714486053154
9262,0.32741362406994323
9263,0.33829399538679755
9264,0.3416778376755843
9265,0.32867328412024716
9266,0.3402073221137148
9267,0.32910162241083396
9268,0.33345772772574356
9269,0.3413743535155952
9270,0.3418239247878383
9271,0.3436418161259207
9272,0.33847931982617935
9273,0.33826480954197036
9274,0.3466703067852401
9275,0.34204259429284517
9276,0.3368686770545753
9277,0.34330259409882463
9278,0.33142589022693697
9279,0.34046500463519075
9280,0.3270859044203569
9281,0.3471654146987577
9282,0.33670555898381516
9283,0.3357431003412997
9284,0.33906347476067206
9285,0.33844438299036755
9286,0.3386609706519273
9287,0.3439377383951897
9288,0.34048544607897235
9289,0.3386781649925491
9290,0.3307673728795991
9291,0.33819645397946396
9292,0.33230400607808447
9293,0.3419581168667944
9294,0.3493879107217589
9295,0.34168276295256306
9296,0.34303399718222943
9297,0.33984609333769594
9298,0.3459756793423991
9299,0.3368628075136966
9300,0.3385608486607318
9301,0.34443606784506475
9302,0.3362286478252897
9303,0.3426568230499641
9304,0.3311394864015272
9305,0.3392005676827101
9306,0.3419746118537362
9307,0.3452768352633673
9308,0.33999465500401643
9309,0.3383487267437602
9310,0.335234194517545
9311,0.34764720512986425
9312,0.33919002928972225
9313,0.33977833665252893
9314,0.34074972516084806
9315,0.34816103714824254
9316,0.33454683341782687
9317,0.34352097260428777
9318,0.3401140848922035
9319,0.34247847436438167
9320,0.3482207797730186
9321,0.3441637610146275
9322,0.346315841184306
9323,0.3377149707271334
9324,0.34257383422207865
9325,0.3379786157645805
9326,0.34332358270116625
9327,0.33755206510484076
9328,0.3338504077813236
9329,0.3441532453359192
9330,0.33865762391768184
9331,0.3452369898180737
9332,0.34197470265444135
9333,0.3375348610134619
9334,0.3398195607987549
9335,0.3411818411219449
9336,0.34167457319527217
9337,0.33884547581021796
9338,0.3348568752312454
9339,0.3454962921977443
9340,0.33510388961639087
9341,0.3289889205959407
9342,0.3320215319973078
9343,0.33725531933452557
9344,0.32514774944622526
9345,0.3419152702580373
9346,0.3274884605645402
9347,0.34489642575236557
9348,0.32348553722963524
9349,0.3338574503353164
9350,0.3377840526836066
9351,0.33477503041322526
9352,0.34013762353467636
9353,0.33593188360836995
9354,0.34019771602409177
9355,0.33923775655308924
9356,0.33480064864702946
9357,0.33216685825192854
9358,0.3424993153982969
9359,0.3342551470402037
9360,0.3419954304762038
9361,0.33389068738613503
9362,0.3401304676842549
9363,0.33200384818927325
9364,0.3445647008569996
9365,0.33027894279199527
9366,0.340181835898836
9367,0.34529492514360804
9368,0.34777603241405863
9369,0.3299694251024529
9370,0.3373104697982884
9371,0.3299198227337938
9372,0.3356382924530383
9373,0.3355811635925744
9374,0.3426816943107728
9375,0.3277158643295744
9376,0.3329331934712896
9377,0.33678121619253054
9378,0.34042493158104875
9379,0.3305018288800306
9380,0.3430349312097306
9381,0.3410383723905228
9382,0.3436990557781642
9383,0.33796088559656134
9384,0.33566030090697374
9385,0.3463129324648316
9386,0.33468615281413855
9387,0.33595900991901817
9388,0.32437249069937163
9389,0.3369288665549352
9390,0.3395659393189606
9391,0.33359544519722883
9392,0.33779905710921704
9393,0.33085529853689083
9394,0.33600137843048866
9395,0.3435658234457777
9396,0.33408842461916843
9397,0.3338424141443017
9398,0.3382833374875656
9399,0.34023754820798824
9400,0.34153679661173447
9401,0.33149117386565835
9402,0.3459271092641558
9403,0.329407899558666
9404,0.3343503479283913
9405,0.33522370617284797
9406,0.3399157278805849
9407,0.3443357946018632
9408,0.33559187238674837
9409,0.33192172054226743
9410,0.344134841393182
9411,0.34568780836832946
9412,0.3398881432656752
9413,0.3336939593378977
9414,0.3431090289483038
9415,0.3380157356627116
9416,0.3401227290640874
9417,0.3434721750290535
9418,0.3423182632457469
9419,0.33267471091652223
9420,0.33978802665669783
9421,0.34995930264629155
9422,0.33874535606284595
9423,0.34625868451728675
9424,0.33998988794724305
9425,0.33356415361693387
9426,0.3430660624829645
9427,0.3337458918791252
9428,0.3485034577524425
9429,0.34138890160964086
9430,0.33608666021895567
9431,0.3446843384789768
9432,0.3342512154444912
9433,0.3429509792519923
9434,0.34262814797530416
9435,0.3362466020159019
9436,0.35365295840583094
9437,0.3401535252633749
9438,0.3391306783885988
9439,0.3339509942081665
9440,0.33799592738709694
9441,0.33913336904068303
9442,0.34202167742479767
9443,0.3449704728891287
9444,0.3367415714158075
9445,0.3346049940235163
9446,0.34218158432660645
9447,0.33861858452961474
9448,0.33245911570841086
9449,0.3453248122505757
9450,0.3376840790719013
9451,0.33714223997890624
9452,0.3341130253725599
9453,0.33706714912248154
9454,0.3462044702757476
9455,0.3349406002839841
9456,0.34013812239115915
9457,0.32711134753241766
9458,0.3428313119652834
9459,0.3337161395669925
9460,0.3396782794816816
9461,0.3386095891222636
9462,0.3487856243864709
9463,0.33852764144425446
9464,0.3258444637401032
9465,0.34517665703851674
9466,0.34326161178530806
9467,0.3349490852446671
9468,0.3410627801554494
9469,0.33362827493929664
9470,0.3441915943907877
9471,0.3274744806473785
9472,0.34551791318073516
9473,0.3440260715878619
9474,0.34632935248716423
9475,0.3505618655889058
9476,0.33797406282101977
9477,0.3378771325015688
9478,0.3375133319537197
9479,0.33875716937617273
9480,0.33322888342603646
9481,0.3357565338682484
9482,0.3410980795553573
9483,0.3347895300179304
9484,0.3346225969405819
9485,0.3418303174756876
9486,0.33688659561399076
9487,0.34005962466790524
9488,0.3489643268294723
9489,0.33421736113089423
9490,0.34141486884473177
9491,0.338313759925895
9492,0.33854746148458864
9493,0.3367412210568472
9494,0.3394181450993916
9495,0.3378592530580395
9496,0.33560594987561826
9497,0.33941750854230107
9498,0.3448966027696487
9499,0.3352305773548819
9500,0.33399197597238517
9501,0.337248850110989
9502,0.33764506827127433
9503,0.341893026516119
9504,0.3387861236406494
9505,0.33076225923890235
9506,0.3330429160064287
9507,0.33320838654825036
9508,0.3321778738934346
9509,0.3393528992975048
9510,0.3355947828875436
9511,0.33162401069578895
9512,0.3251074861242706
9513,0.3467968039678002
9514,0.33543512495072375
9515,0.32803870872830104
9516,0.3379010967182073
9517,0.3411640831771404
9518,0.3375357310544201
9519,0.34643464116970374
9520,0.3396665547903591
9521,0.3353660699103005
9522,0.3386317106168341
9523,0.33705358733883406
9524,0.3402973742957266
9525,0.33433735493180994
9526,0.3386444237210612
9527,0.3334290525655546
9528,0.3317726897308271
9529,0.3221342336703292
9530,0.33946916477354366
9531,0.33066652673486124
9532,0.34143324115972595
9533,0.33843723012836446
9534,0.337339294017731
9535,0.32571720435944246
9536,0.3309288485658913
9537,0.3224842004929687
9538,0.3321343064392827
9539,0.33144739998645995
9540,0.3389562405225564
9541,0.33185000612506
9542,0.34311610582251795
9543,0.33064846164437517
9544,0.33283932739306515
9545,0.33461440871452
9546,0.347770891662308
9547,0.33557790337631843
9548,0.3295403680231551
9549,0.3340596059737981
9550,0.3352637136211972
9551,0.3432252118740462
9552,0.33115211666572064
9553,0.3320250141878135
9554,0.33639904846217455
9555,0.33308787385565175
9556,0.3318064536833264
9557,0.34124790020791934
9558,0.3445053709878384
9559,0.32837890010684523
9560,0.32854523591258955
9561,0.3334684575516389
9562,0.33984948802533554
9563,0.338192024829615
9564,0.3386088323192955
9565,0.3383294722211903
9566,0.33989902789559895
9567,0.33578509410211044
9568,0.32944286276631857
9569,0.3437286947707018
9570,0.34637395805334303
9571,0.3394254638037313
9572,0.33643842820339465
9573,0.33463435255642976
9574,0.3358874279261193
9575,0.33837647491513273
9576,0.3302267126445006
9577,0.3402383020688733
9578,0.33609798186824247
9579,0.32914954934948676
9580,0.33792868191805875
9581,0.33447062886750517
9582,0.3459118025022333
9583,0.3463513458540277
9584,0.34287318374816184
9585,0.3421826517949837
9586,0.3327457786861253
9587,0.3377603557724107
9588,0.3405832752844434
9589,0.34117441809992044
9590,0.3383683206170903
9591,0.34186742863634795
9592,0.3366620014614161
9593,0.3395194043563555
9594,0.34218590062418325
9595,0.3352360840543739
9596,0.34152402088178896
9597,0.33453493172937127
9598,0.33371414345931605
9599,0.3349764984943366
9600,0.33727828237733326
9601,0.32928651512938445
9602,0.3384472835890681
9603,0.3303268675492987
9604,0.33558600502096125
9605,0.33003952112067536
9606,0.35202795152328514
9607,0.3453911676910539
9608,0.33568235247539313
9609,0.3493890640773953
9610,0.341384508053611
9611,0.33076740250165243
9612,0.34300323592240795
9613,0.3353926370131027
9614,0.340065277285744
9615,0.3427960126732663
9616,0.341004859719514
9617,0.3294362867691533
9618,0.33376337005246187
9619,0.3410873150881619
9620,0.3326939400530176
9621,0.3343119260393466
9622,0.33871535873639774
9623,0.33380623168215184
9624,0.34194488329588507
9625,0.33689267102048576
9626,0.33259945821167175
9627,0.33116117295531633
9628,0.3401126873836498
9629,0.33069766612042295
9630,0.33461142880579064
9631,0.340097012807358
9632,0.33249802195447575
9633,0.3244222885184389
9634,0.33210657674938643
9635,0.340565968210922
9636,0.32647926992955595
9637,0.3401285294848026
9638,0.3421176568466397
9639,0.33488318117647614
9640,0.3402466540601328
9641,0.3316764592877746
9642,0.33999152694242046
9643,0.33709663248170013
9644,0.33950704433246726
9645,0.3357733683662077
9646,0.3259408875010983
9647,0.33770801784896076
9648,0.32737162098443173
9649,0.3329216786199441
9650,0.3286178329329041
9651,0.3393963001261457
9652,0.3376350143181912
9653,0.33126660150296466
9654,0.3279474678861728
9655,0.33517399918828666
9656,0.33148063619002116
9657,0.3402769549882569
9658,0.33406598785072755
9659,0.33066982040339765
9660,0.34356100280570023
9661,0.34116832891802107
9662,0.32883392876336304
9663,0.33627716002683
9664,0.33187897351796347
9665,0.33925874970409964
9666,0.3347786972752548
9667,0.33766286968410086
9668,0.3216238545721969
9669,0.33624299259066354
9670,0.3236752916146145
9671,0.33592203798751347
9672,0.32985987816529816
9673,0.3339001729963028
9674,0.3422661182599957
9675,0.3499557509253509
9676,0.33379010079917454
9677,0.34142015852003044
9678,0.33725253165221264
9679,0.3388779896878445
9680,0.3375059592780583
9681,0.3394383537350414
9682,0.33415651144369063
9683,0.3382133680090414
9684,0.3345778872457798
9685,0.3381906856902578
9686,0.3367199852501363
9687,0.34274512546812463
9688,0.3454484981185833
9689,0.34309228204833403
9690,0.33576683633013715
9691,0.3339802266120755
9692,0.33145050774689716
9693,0.3310401306849307
9694,0.32882487733694504
9695,0.33504516846817645
9696,0.33823270586867
9697,0.33882995722221554
9698,0.3327472416280647
9699,0.3298846014542156
9700,0.3406360499602145
9701,0.3398237206853673
9702,0.3284604646815731
9703,0.3459058894597264
9704,0.33653893500493043
9705,0.34109765656501784
9706,0.3343592146174013
9707,0.33522572177094506
9708,0.34049604360767605
9709,0.3361060272597981
9710,0.3389865280110377
9711,0.33725184995684443
9712,0.3445885830965663
9713,0.3395615372368907
9714,0.34084406154226016
9715,0.3341812274984114
9716,0.3427176865588523
9717,0.3413096191943361
9718,0.33949071210495796
9719,0.34587211712690086
9720,0.34132657293253854
9721,0.33713278593558355
9722,0.3362115548890131
9723,0.34287166916727185
9724,0.3427240235486385
9725,0.3377819580298178
9726,0.33079208928127435
9727,0.32897034609274267
9728,0.34094564338983796
9729,0.3481427203409802
9730,0.34066239450357083
9731,0.33755603802797945
9732,0.33467593582865673
9733,0.33717897383618356
9734,0.33921096926684907
9735,0.33991748974467834
9736,0.3347755742219856
9737,0.33697239271138013
9738,0.33307727463043235
9739,0.33385747979515973
9740,0.3396438390697496
9741,0.341301175021353
9742,0.3369286557387222
9743,0.3341820483761798
9744,0.3325282252455377
9745,0.3411553264608384
9746,0.3339480785938676
9747,0.33022203292673064
9748,0.34312208052948623
9749,0.34363327631412605
9750,0.32765015903106154
9751,0.33372169205731655
9752,0.3389835022942311
9753,0.3373586158399306
9754,0.33064318421881767
9755,0.3417051270027901
9756,0.3243590357088923
9757,0.33893756212169174
9758,0.3326911241341262
9759,0.33656018342729704
9760,0.3377862376616816
9761,0.3328410762200102
9762,0.34099635734629025
9763,0.34615451689231114
9764,0.33079850841235536
9765,0.3415615816930954
9766,0.342796120827376
9767,0.34159894739390345
9768,0.33346728450884394
9769,0.33160890481397687
9770,0.34078680007292783
9771,0.33343885312171184
9772,0.3315040144314306
9773,0.32918470927360916
9774,0.3306663538559596
9775,0.3405644627894325
9776,0.340880837333296
9777,0.3320321754632413
9778,0.3391174294757766
9779,0.33429789007212307
9780,0.3312634076488801
9781,0.3372212783011663
9782,0.3385934626579686
9783,0.3198846620508883
9784,0.3284941995376364
9785,0.3404159735164694
9786,0.3294662496897024
9787,0.33168476580024975
9788,0.3279467324328152
9789,0.34359207022023835
9790,0.3343099786425679
9791,0.33608605447350226
9792,0.333853093280794
9793,0.33942541967783685
9794,0.3428022608882564
9795,0.33968238407389717
9796,0.3375709439264512
9797,0.32978979473704595
9798,0.3381980642920996
9799,0.33857621310032293
9800,0.3381422369036169
9801,0.32999039895916815
9802,0.3339243508179949
9803,0.33120863400398154
9804,0.3341183017631765
9805,0.32837392229389406
9806,0.34224618648109106
9807,0.33113057689091385
9808,0.3359398888351073
9809,0.3301001564734337
9810,0.3296774641012443
9811,0.33120838911667216
9812,0.3311321328245917
9813,0.3365340089274106
9814,0.33497248985416034
9815,0.33433969014517384
9816,0.33329639992083054
9817,0.33873255590420615
9818,0.33460531588650305
9819,0.3299041199625426
9820,0.3459449228887398
9821,0.3345229774099635
9822,0.33504742083954664
9823,0.3332978965379058
9824,0.3414627066355523
9825,0.3363831607748632
9826,0.3335581169902141
9827,0.3363836114347961
9828,0.3292620930892734
9829,0.3336035093198463
9830,0.3206591102547968
9831,0.32769400674337423
9832,0.3358674139197681
9833,0.32150589476673114
9834,0.33914918992495724
9835,0.32730374798613915
9836,0.31792610211527045
9837,0.3341914277034164
9838,0.3279290011372068
9839,0.3230831309166533
9840,0.3342754367278274
9841,0.337259070070089
9842,0.32805017768316597
9843,0.3283514540821121
9844,0.32987671609715924
9845,0.32746951712100264
9846,0.3408749681334909
9847,0.3373227494456648
9848,0.3322432703502484
9849,0.33925447484408244
9850,0.3349698380917723
9851,0.3302566437446434
9852,0.3400507634147179
9853,0.33644666270047985
9854,0.33061428261522796
9855,0.3333745355118421
9856,0.33171154342130404
9857,0.3301943203478121
9858,0.3326894712505402
9859,0.33793428397412273
9860,0.3402226832764312
9861,0.3451591047160112
9862,0.34108294578950543
9863,0.34241217448981126
9864,0.33565765318551544
9865,0.3394898010941351
9866,0.3401576254511273
9867,0.3315829659738159
9868,0.3347416258466392
9869,0.3376107896974419
9870,0.3336550520339758
9871,0.3420127819030336
9872,0.3334941673494204
9873,0.3457506275568456
9874,0.33453461353801006
9875,0.3334122046636646
9876,0.33427744124216063
9877,0.3336143619586105
9878,0.32831677728238984
9879,0.32892731530887764
9880,0.3365999165561402
9881,0.32571581617715
9882,0.3340041984124061
9883,0.33661463544325493
9884,0.331821569130639
9885,0.3350429551537687
9886,0.33922710291840097
9887,0.33584008873790333
9888,0.3418036456052268
9889,0.34041347481365736
9890,0.33804013410326755
9891,0.33351300796323624
9892,0.3400524723604644
9893,0.3342406335961399
9894,0.33590548983556073
9895,0.3347914537267216
9896,0.34226581062528294
9897,0.3318909463478601
9898,0.33028816226932073
9899,0.3400562224029176
9900,0.33624719810045267
9901,0.33014295801409205
9902,0.33513011499213
9903,0.32819468361933984
9904,0.3338101628434764
9905,0.3338564600293513
9906,0.3400339549003498
9907,0.3358087999735789
9908,0.32253846404721276
9909,0.3332258740305342
9910,0.33591331291650744
9911,0.3441416393789332
9912,0.334895359876474
9913,0.341915627840501
9914,0.34324557099984054
9915,0.3346130417132357
9916,0.341107726509215
9917,0.3352073784035968
9918,0.3351998101021695
9919,0.33670146384152755
9920,0.3439858385150032
9921,0.3214246530734732
9922,0.3319041878824587
9923,0.33621236787583364
9924,0.32993084119077065
9925,0.3235562729363718
9926,0.3325718797445792
9927,0.3360085447020376
9928,0.32233226073067206
9929,0.3351884828096134
9930,0.33349156118672413
9931,0.32382143577667216
9932,0.33400816517939114
9933,0.32506530855634347
9934,0.3300220861989835
9935,0.3363448972307024
9936,0.3305528532612241
9937,0.3337855265018296
9938,0.3384675568671332
9939,0.3413425904466669
9940,0.3389375822386491
9941,0.34577913498970336
9942,0.33812418433250097
9943,0.33357809915190123
9944,0.3246257163107093
9945,0.3301221614883155
9946,0.3414302839296782
9947,0.32850257261589827
9948,0.3352103428488776
9949,0.33518939537666526
9950,0.3330914764453222
9951,0.3354441201260671
9952,0.3374821684733391
9953,0.32755691762002187
9954,0.3320995812487823
9955,0.33270761947310723
9956,0.3337115754409762
9957,0.3297396622991872
9958,0.3324691784441891
9959,0.3372507836293536
9960,0.3329146478333357
9961,0.3342376301466584
9962,0.3288418795227556
9963,0.32538236297182255
9964,0.32105389887513974
9965,0.3409196449600029
9966,0.3216142166887483
9967,0.3279813015952201
9968,0.33324773621400977
9969,0.3442884053583224
9970,0.34536570715014825
9971,0.34601647665375107
9972,0.3397384740019905
9973,0.3406709084506231
9974,0.32826621655632887
9975,0.3249757102490322
9976,0.3301889301523292
9977,0.33195010522669793
9978,0.33290822437440803
9979,0.3366062843104366
9980,0.33382194379670105
9981,0.3309397611051981
9982,0.3302738987819734
9983,0.33168038650955894
9984,0.33743309976837904
9985,0.34602810650388516
9986,0.33490047968161807
9987,0.3321214076745373
9988,0.32810145861167456
9989,0.32769424079011555
9990,0.32494069777520557
9991,0.33680214407457804
9992,0.33245422170349126
9993,0.3223660203830333
9994,0.3363870251731616
9995,0.3296468339432548
9996,0.33374104582172537
9997,0.3392733407163871
9998,0.3262188791527476
9999,0.3377728741094327
10000,0.32307475266552016
10001,0.337051700730553
10002,0.3372743126932443
10003,0.3345063070644669
10004,0.3310586984747623
10005,0.33475128887567956
10006,0.3411941896285219
10007,0.32665404948939386
10008,0.3352467292539702
10009,0.32169766968634306
10010,0.3278102359977916
10011,0.3286481707502849
10012,0.32945432479794745
10013,0.3377835382917608
10014,0.3360591061830014
10015,0.32650139624911806
10016,0.3340767635504465
10017,0.3284540592113715
10018,0.32737364334714386
10019,0.3337588236579884
10020,0.32463553278473856
10021,0.33236457613880666
10022,0.33489638959132506
10023,0.33300000575502053
10024,0.3351046145599045
10025,0.33434119118123967
10026,0.3349054942641756
10027,0.33870526964690323
10028,0.3252556870420816
10029,0.33152832628070245
10030,0.3298748833478782
10031,0.3335058763761871
10032,0.33755966647402974
10033,0.33799044197856903
10034,0.33129118350343384
10035,0.328235094280404
10036,0.33075465640970864
10037,0.3416891263703191
10038,0.33659445709923175
10039,0.32988706910706533
10040,0.33393115835111936
10041,0.3254303924320009
10042,0.33316335963606913
10043,0.3432621473890598
10044,0.3300173357476661
10045,0.32349737031311976
10046,0.3350318235073282
10047,0.33303136266829914
10048,0.3327546093147819
10049,0.3359266564852631
10050,0.32903752571791534
10051,0.32864026327595774
10052,0.33420091726676376
10053,0.3317026960982196
10054,0.33156935664794096
10055,0.3208442249891633
10056,0.3295990702943407
10057,0.3315068294747714
10058,0.3256748249404283
10059,0.32394502627345184
10060,0.3388756583124319
10061,0.3207337624763108
10062,0.3369451504778796
10063,0.33992402550323153
10064,0.33771167307695527
10065,0.33536751207204907
10066,0.33368794392200823
10067,0.3321956127032316
10068,0.3366078082609983
10069,0.3356790367561546
10070,0.3318741889052765
10071,0.33752000469516164
10072,0.3265601483897672
10073,0.3257140472091454
10074,0.3317640405699769
10075,0.3277639533288762
10076,0.33076256253434816
10077,0.3279602668975381
10078,0.33721089385442204
10079,0.3315848378099396
10080,0.33382301420651894
10081,0.33192948965345725
10082,0.3320230964869497
10083,0.33430836513326534
10084,0.3240382154049371
10085,0.3310326827864521
10086,0.33800810126420616
10087,0.3304527202746511
10088,0.3303271491265337
10089,0.33568003298933713
10090,0.33953700939533776
10091,0.33210639437748773
10092,0.33535312906775705
10093,0.3371761719589792
10094,0.33430583103668216
10095,0.3287788778563793
10096,0.3306312942236162
10097,0.33561481999642606
10098,0.3345916047804351
10099,0.3382107371794388
10100,0.3371135198631028
10101,0.3356545028380962
10102,0.3330626641337463
10103,0.34264643520469706
10104,0.32579376756972106
10105,0.3307534691389829
10106,0.3358176051209518
10107,0.325923097548293
10108,0.33873380910149364
10109,0.33721778378545425
10110,0.3273239691772142
10111,0.32003868868111207
10112,0.34183562126019124
10113,0.3330496922374555
10114,0.3333453395308721
10115,0.3366366046060774
10116,0.3341545773536627
10117,0.33437028463876106
10118,0.3333371515752961
10119,0.32917390901304505
10120,0.33828305902757194
10121,0.33694916600101404
10122,0.336656279429136
10123,0.33118469385462584
10124,0.3316441035282201
10125,0.32233539711521403
10126,0.3353154754128671
10127,0.33325557485328877
10128,0.33563946671448064
10129,0.32895723777876057
10130,0.33162223514561434
10131,0.3338923602276294
10132,0.32390679248123344
10133,0.3405800075464607
10134,0.3323810365395418
10135,0.33816296593964995
10136,0.3385023084602388
10137,0.3337314115463997
10138,0.3289509935346848
10139,0.3308262937535993
10140,0.3355309723639628
10141,0.33625857538688186
10142,0.34166662734114933
10143,0.32870083188863947
10144,0.3302359567966828
10145,0.32844650337336245
10146,0.32692785413167386
10147,0.33269516068670646
10148,0.34067911221175723
10149,0.341973130284088
10150,0.33603779988269494
10151,0.3326033130981407
10152,0.3378065802996154
10153,0.32805099986273795
10154,0.3304301133661492
10155,0.3278598837754553
10156,0.3322645108960391
10157,0.3358197302311075
10158,0.32387790873337224
10159,0.33135423932065566
10160,0.332359211036032
10161,0.33691119871200803
10162,0.32925919854775987
10163,0.33237910547680677
10164,0.3413670918604669
10165,0.34179745750401197
10166,0.33520547951338364
10167,0.3271368017244987
10168,0.3220551860692358
10169,0.3337970244846723
10170,0.33522061948626597
10171,0.32855633575788984
10172,0.33028605478770784
10173,0.33740426682778607
10174,0.32871509463917314
10175,0.33153920769356826
10176,0.33052334736094235
10177,0.3340511321372731
10178,0.32914380783321506
10179,0.33332666511224923
10180,0.32503901969760174
10181,0.33028621214427356
10182,0.3268545304814151
10183,0.32827329148150736
10184,0.3407552736274074
10185,0.3250671679782583
10186,0.3278156849535096
10187,0.32967363684898343
10188,0.33163628630362985
10189,0.3272385788513712
10190,0.3214432438724083
10191,0.33917155051897074
10192,0.3254147859303157
10193,0.3312425272704849
10194,0.32760624293255985
10195,0.33245705783867746
10196,0.3324556301400742
10197,0.3279659045293939
10198,0.3342139560829326
10199,0.3374960569114365
10200,0.3379990817200762
10201,0.33001319461198886
10202,0.3295176486115543
10203,0.33091504052610227
10204,0.33203668829346134
10205,0.32826215561024963
10206,0.32974746404869903
10207,0.3331950681198687
10208,0.3366980500982535
10209,0.3379378879030945
10210,0.33045945280429806
10211,0.3361777996875655
10212,0.33366476389317545
10213,0.33235937738681415
10214,0.32982094538032897
10215,0.3333448129257454
10216,0.3174184460828238
10217,0.33859384537106074
10218,0.34083694059513353
10219,0.34234070032310043
10220,0.3339680962036993
10221,0.3314847283647328
10222,0.3386963093188567
10223,0.3393110380374066
10224,0.3399559177445524
10225,0.33215965330825
10226,0.34376244275025203
10227,0.3400022914586608
10228,0.33565614841825514
10229,0.33438417641419876
10230,0.3256624340144644
10231,0.3339262003864239
10232,0.3211749031422882
10233,0.33692153406847797
10234,0.32311481727139696
10235,0.33514938973141734
10236,0.33836980595391103
10237,0.32872501540453813
10238,0.3292443538566787
10239,0.3308445794565981
10240,0.3360389170516755
10241,0.33703586783709116
10242,0.33014145377043164
10243,0.3330557571387404
10244,0.32688087844160946
10245,0.32289075092056463
10246,0.327925108139119
10247,0.3375132873118022
10248,0.3420954429817272
10249,0.3374424327314809
10250,0.32907852163095447
10251,0.3254696878568665
10252,0.3282090731240766
10253,0.3324973974294411
10254,0.3289518767083953
10255,0.33219809120206484
10256,0.332949269387157
10257,0.3246457215236981
10258,0.329317742562438
10259,0.3252024034464255
10260,0.3241564423928019
10261,0.33138081063269303
10262,0.3356649188686224
10263,0.3334141860137736
10264,0.32636227466603585
10265,0.3274124297263176
10266,0.3337485220282995
10267,0.3278488503430569
10268,0.33655440604663295
10269,0.3301141264321078
10270,0.3287872656549947
10271,0.32640285790060636
10272,0.3439708426794854
10273,0.33136574391904117
10274,0.3282443153854678
10275,0.3292439075586096
10276,0.32953958733304395
10277,0.32934699949971186
10278,0.3213440294082696
10279,0.32999565294503613
10280,0.33405721737513977
10281,0.32609082531878736
10282,0.3270053810685846
10283,0.33048262499069575
10284,0.32257901760558233
10285,0.3261441995155198
10286,0.3219414565724155
10287,0.32077332455488283
10288,0.32944564824162054
10289,0.33303198226544806
10290,0.3370753387883403
10291,0.3343346801678039
10292,0.324094050365386
10293,0.32589696968184423
10294,0.333388373081764
10295,0.33099690272725074
10296,0.3265241284060829
10297,0.3276471660044025
10298,0.3310636305230201
10299,0.334137047815465
10300,0.3379721683753459
10301,0.33503951730572396
10302,0.3319890508776764
10303,0.32463588830829465
10304,0.3363262093697144
10305,0.3206599256060819
10306,0.33883286869287677
10307,0.32356694285277376
10308,0.33018386986923665
10309,0.32364325444683184
10310,0.32587597279310004
10311,0.3199992138054013
10312,0.3336009186875936
10313,0.332621216242868
10314,0.3282886472736597
10315,0.3244258841933364
10316,0.3262498701583934
10317,0.3401387236115613
10318,0.33659946056792633
10319,0.33587340743990185
10320,0.32286903150199997
10321,0.3317081020169137
10322,0.32340877079879987
10323,0.3377886412921718
10324,0.3444599991805328
10325,0.32937558026172625
10326,0.3353876695699642
10327,0.33663576455259775
10328,0.32550354250062197
10329,0.33538655223798297
10330,0.33769680960333875
10331,0.3368418628689208
10332,0.33418018833032886
10333,0.333841032339204
10334,0.32817127364701026
10335,0.34011808921030773
10336,0.32765093308882687
10337,0.3384425224473242
10338,0.3333224223485097
10339,0.3313747547288195
10340,0.33151557523856456
10341,0.3364301071186117
10342,0.3321636843229562
10343,0.33599384524125325
10344,0.32995618042816754
10345,0.33212977947708516
10346,0.325001019238718
10347,0.3428263232815195
10348,0.3416344509408245
10349,0.33652536322630505
10350,0.32590972776144045
10351,0.3273101824083356
10352,0.3309503117291339
10353,0.3247406512016434
10354,0.3234973410469281
10355,0.33052509801183205
10356,0.3256993667120338
10357,0.3270532996428959
10358,0.3204939583050871
10359,0.3245595034997287
10360,0.32971037552846594
10361,0.33919936887956553
10362,0.3293714576776635
10363,0.32928437006889555
10364,0.3331821841125766
10365,0.3351333842243341
10366,0.3222957785141656
10367,0.33928151604196793
10368,0.3351629026246893
10369,0.3343475697912757
10370,0.32776586500832056
10371,0.3387678888805105
10372,0.3449649933643955
10373,0.3315669935569685
10374,0.32868360918313627
10375,0.3269143262309898
10376,0.3271963163936354
10377,0.3332541138170725
10378,0.3299709017295303
10379,0.32600149816337143
10380,0.3242453089598126
10381,0.3238082602032591
10382,0.3199909504841616
10383,0.3326622208997059
10384,0.3310495658811688
10385,0.32409999654751925
10386,0.33902770867873405
10387,0.32525552734012936
10388,0.33475785247043593
10389,0.33641515172124303
10390,0.32013015491231456
10391,0.3396780274781045
10392,0.32651203591339356
10393,0.3313716804227672
10394,0.3208048947221048
10395,0.3293298798924513
10396,0.3326011233647615
10397,0.3282462831167821
10398,0.3299555839384878
10399,0.32142276944279025
10400,0.31975127094367195
10401,0.33336754743402186
10402,0.3268978709628707
10403,0.32544510335240023
10404,0.3309310141793688
10405,0.3211709454506534
10406,0.32754036412436555
10407,0.32933463236587585
10408,0.3273675733371878
10409,0.33180221309814933
10410,0.33319048755343456
10411,0.32714494263603705
10412,0.3175179999082421
10413,0.32323412322125683
10414,0.3236695070882701
10415,0.3306506963897819
10416,0.334186036818263
10417,0.33779087419080006
10418,0.3389808746730557
10419,0.33422565446600444
10420,0.32887884245927035
10421,0.3334700317455709
10422,0.3275482816648099
10423,0.3319541843162368
10424,0.3298555529940779
10425,0.31661110611363624
10426,0.3256649279974104
10427,0.3381191990406725
10428,0.3217378254902011
10429,0.3321843229169094
10430,0.3333024021383767
10431,0.32988032627307107
10432,0.3287549473897882
10433,0.32800954248912223
10434,0.326298270098219
10435,0.32820622719590187
10436,0.32896423796218754
10437,0.334739865792413
10438,0.33092393429588524
10439,0.3351875130795758
10440,0.3358637086922006
10441,0.33608127475713395
10442,0.327569405411777
10443,0.325561190536824
10444,0.3255969611627575
10445,0.3314349430594573
10446,0.3303683540773969
10447,0.3283477738980753
10448,0.32595623981189076
10449,0.3296048127131226
10450,0.33193375079643644
10451,0.33700265590315076
10452,0.3308492303116645
10453,0.3311701220053847
10454,0.3295683919482224
10455,0.32682879642152335
10456,0.3302866421081533
10457,0.33129003513394034
10458,0.33380481135936707
10459,0.3302164696543959
10460,0.32845231323306323
10461,0.3290202723309197
10462,0.33217297204713075
10463,0.3265204801231244
10464,0.3164338032650551
10465,0.3268133223390928
10466,0.3311053937564271
10467,0.3386836397483835
10468,0.33250214320591964
10469,0.32735993093644367
10470,0.3300769504951377
10471,0.3280477050554216
10472,0.3406485152357664
10473,0.33629590236332335
10474,0.32761755055643527
10475,0.3243068061701434
10476,0.3288581471280145
10477,0.3352165174852238
10478,0.33159291462336205
10479,0.3256629445052241
10480,0.32129070147096106
10481,0.3331752230143767
10482,0.3264657119492198
10483,0.32319694879107735
10484,0.3310211181782475
10485,0.3188355549460551
10486,0.3208613068988253
10487,0.3302861071366881
10488,0.32153150313268397
10489,0.32232720839901496
10490,0.3288412608720353
10491,0.31982861846508764
10492,0.32509946255008854
10493,0.33113822719599006
10494,0.32925136479494194
10495,0.3408948574532463
10496,0.33460843126302636
10497,0.3255168883820872
10498,0.3328873929023479
10499,0.33445208488827144
10500,0.33189299197860406
10501,0.32994795526870807
10502,0.32123415681337114
10503,0.3296023989154127
10504,0.3308652151893642
10505,0.32706141131238514
10506,0.3292029913264629
10507,0.3353731846129757
10508,0.32564161103779393
10509,0.3317817300074737
10510,0.33080506924195135
10511,0.3247416302512293
10512,0.329628056690613
10513,0.3319075351307452
10514,0.3229964469827747
10515,0.33871001886255814
10516,0.326003515264228
10517,0.3366508486775357
10518,0.33225920300655887
10519,0.326194440846371
10520,0.32257900654855975
10521,0.3267246947719219
10522,0.3254581989897487
10523,0.32505589710925636
10524,0.3274338969293061
10525,0.33061184660609494
10526,0.3192204998519103
10527,0.3285272274071331
10528,0.3324725638360974
10529,0.3343061696618764
10530,0.32775227041776
10531,0.3244030507847819
10532,0.32333570649074195
10533,0.33429595253388134
10534,0.32896856476506836
10535,0.32663008655194065
10536,0.3297610300602267
10537,0.3252100395867222
10538,0.3309448853331311
10539,0.32127429714118466
10540,0.33016003145468464
10541,0.3243924055102741
10542,0.32074389125955255
10543,0.33334071503661716
10544,0.32272023961106855
10545,0.32610371537264615
10546,0.33169212260016795
10547,0.3252862266713842
10548,0.3242078907641888
10549,0.3349673070592653
10550,0.3334757149378886
10551,0.31637157995328163
10552,0.33262490471345846
10553,0.3354987425563785
10554,0.33508448043912353
10555,0.3225020079448117
10556,0.33725302001453655
10557,0.3407311190584338
10558,0.33934475057047486
10559,0.33324756103248715
10560,0.33157793154702464
10561,0.3246502122032038
10562,0.33890375421880725
10563,0.3294709598575227
10564,0.32421758650025706
10565,0.33126280918308354
10566,0.3301326311173944
10567,0.3363734097755883
10568,0.32925972112359003
10569,0.3272404318018925
10570,0.32883672889000914
10571,0.333110448985928
10572,0.3279970615684237
10573,0.3313381015887241
10574,0.32575542363555
10575,0.33152197964770835
10576,0.32684096851170186
10577,0.32216478452392494
10578,0.3250695215607794
10579,0.33428782702894144
10580,0.3240053622159774
10581,0.32469108694452536
10582,0.3309803262572885
10583,0.3286261240876277
10584,0.3328154752875184
10585,0.3370329013674983
10586,0.31452391837280175
10587,0.3288565934053974
10588,0.32784370901553805
10589,0.326638658422238
10590,0.3352329645649597
10591,0.3184883090481471
10592,0.3175510322785704
10593,0.3268462198131837
10594,0.32874444638867
10595,0.32624410065686815
10596,0.32854808663079604
10597,0.32361104330974705
10598,0.3325421013254205
10599,0.31371738778797725
10600,0.3319825676443974
10601,0.33188989239329997
10602,0.33274026973673115
10603,0.32804048744572856
10604,0.33488963052039933
10605,0.32041038550076867
10606,0.32466181198033345
10607,0.31954284614166567
10608,0.3283147716646451
10609,0.33544502141276905
10610,0.3177972019291081
10611,0.31767013487737533
10612,0.3314474230645978
10613,0.3256540051431199
10614,0.3253245865261964
10615,0.32517367683857124
10616,0.33074350117582274
10617,0.32269728885435006
10618,0.33041494394257354
10619,0.33724216508187543
10620,0.32081175660948474
10621,0.3222938417291724
10622,0.3304901561319485
10623,0.32498302046408534
10624,0.3219247758500396
10625,0.3245916945436818
10626,0.3304499168225256
10627,0.33268645098184835
10628,0.32307688516069444
10629,0.320113723487161
10630,0.3209425005516402
10631,0.3351980414339716
10632,0.3354881442409787
10633,0.3224105987106126
10634,0.3256890667964768
10635,0.32350484758494497
10636,0.3285950304731986
10637,0.325095069187839
10638,0.3282706687970614
10639,0.3349565279302195
10640,0.32591730153549053
10641,0.32582995473412113
10642,0.33064576605825846
10643,0.32276807905371013
10644,0.3252516628445797
10645,0.3235536566517697
10646,0.3256269105935308
10647,0.32933360372583237
10648,0.3243833684979302
10649,0.32543122154594306
10650,0.3304341821781926
10651,0.32262425634726527
10652,0.32375731022188087
10653,0.3186118490527186
10654,0.33092239927734646
10655,0.3309359737108844
10656,0.3221911591216626
10657,0.33343970085250274
10658,0.31857393611387747
10659,0.3201314890021297
10660,0.330907811684017
10661,0.3226303046872766
10662,0.3382081466696398
10663,0.3221699870313461
10664,0.3211799673861739
10665,0.3243103611951364
10666,0.3341481657642414
10667,0.31820470922441263
10668,0.33385539182073926
10669,0.33815859911665846
10670,0.32153960128603837
10671,0.3272677701266562
10672,0.33039639485394695
10673,0.3253737162399652
10674,0.322323792083105
10675,0.3298625272174346
10676,0.3300205649474722
10677,0.331780404133717
10678,0.32734775802325766
10679,0.34206354352760904
10680,0.3263368731792534
10681,0.32294690566965867
10682,0.332043356532142
10683,0.3296277493169902
10684,0.3196000804376737
10685,0.33117397325108955
10686,0.3251020157887988
10687,0.3339344777749044
10688,0.32467069625338285
10689,0.3249192936563531
10690,0.32418566496677026
10691,0.3237510400279779
10692,0.32663086671738273
10693,0.3288805954483818
10694,0.319308660127127
10695,0.32109040401504163
10696,0.3299931357680168
10697,0.33499923459351294
10698,0.3191453753934696
10699,0.3284457266788554
10700,0.3377596422549525
10701,0.33944420610830905
10702,0.3390122249638281
10703,0.32318014421033564
10704,0.33502341792300416
10705,0.3308920981233791
10706,0.3204293021079503
10707,0.3374772878755061
10708,0.32063212124713625
10709,0.3292038705480698
10710,0.3287307307222879
10711,0.32929536551979066
10712,0.3351604558870399
10713,0.3298172960595284
10714,0.33310989729632207
10715,0.32132827268873076
10716,0.31873376186598645
10717,0.3259202441730352
10718,0.3277443122497125
10719,0.32374665211398945
10720,0.3273728301492938
10721,0.3235144725067318
10722,0.33087377974990495
10723,0.32929738955348575
10724,0.3383272617233673
10725,0.3268391640149165
10726,0.322637850107456
10727,0.3376188729026716
10728,0.33550179032691113
10729,0.34060178288722087
10730,0.3285207863738198
10731,0.3356993540329072
10732,0.3337689270450395
10733,0.33191946241085046
10734,0.33934865830259237
10735,0.32130903434243885
10736,0.3300210862582856
10737,0.33447636915102463
10738,0.32158796421766705
10739,0.3326683937174533
10740,0.32461664099911947
10741,0.3264210361600628
10742,0.3318653764308062
10743,0.3224567134032456
10744,0.32860800456699363
10745,0.32680425438271554
10746,0.3236449578930927
10747,0.330303534484267
10748,0.33102444629197375
10749,0.32878316149220155
10750,0.3297377371375634
10751,0.3228828329251149
10752,0.3291950148669486
10753,0.32856137625988147
10754,0.3254004222279017
10755,0.3271636868272329
10756,0.3275010970549725
10757,0.3292500762437037
10758,0.3283747952875389
10759,0.33218703948567235
10760,0.329179360243167
10761,0.32803305441872554
10762,0.33009498510499335
10763,0.3254905568245174
10764,0.3222093263135585
10765,0.32850212730975575
10766,0.3226577329824785
10767,0.3289848990229613
10768,0.32985582387680096
10769,0.3229576216559565
10770,0.3273976819368494
10771,0.3293709287937203
10772,0.3350596594449481
10773,0.3257610097098058
10774,0.3307252645068205
10775,0.3229742876754978
10776,0.3240677951892663
10777,0.3283220511153975
10778,0.3334270117049883
10779,0.3314601906225464
10780,0.3307156223594204
10781,0.3224594684497109
10782,0.3303881143323167
10783,0.32604019592162964
10784,0.32491248323794286
10785,0.3220027151977837
10786,0.3282422212955631
10787,0.31594525097492315
10788,0.3202601996747985
10789,0.31967840589281754
10790,0.3256211366939298
10791,0.3218800881619192
10792,0.3246759379773892
10793,0.3119953126597837
10794,0.3087390016133446
10795,0.32284551608763246
10796,0.31816664462278893
10797,0.32065998816379854
10798,0.327779405135918
10799,0.33289643424508564
10800,0.3282034954083912
10801,0.3391777317081468
10802,0.314236676191229
10803,0.3361797888082902
10804,0.3228424057071292
10805,0.3330546553627082
10806,0.3238817570641406
10807,0.3268209902769989
10808,0.3148616765064726
10809,0.33040539024817167
10810,0.3243005323772795
10811,0.32208230434311735
10812,0.31190295307957216
10813,0.32932084106543125
10814,0.3196195397030243
10815,0.3108829830544823
10816,0.32277008562400633
10817,0.32006878494205065
10818,0.3264514068353576
10819,0.3356795354520846
10820,0.318377275190541
10821,0.3289879450755374
10822,0.3264572904870964
10823,0.32112419599294106
10824,0.3247954999033879
10825,0.3287411833775782
10826,0.3283651715590073
10827,0.3369247593438951
10828,0.3281412859412369
10829,0.3260814764966037
10830,0.33105633880619006
10831,0.33040345426313095
10832,0.32435859124060934
10833,0.3263210887729392
10834,0.32145556555369587
10835,0.3248890301536174
10836,0.3274729217403851
10837,0.3304015054397405
10838,0.3239137823998669
10839,0.33291619563587493
10840,0.3356052477031193
10841,0.33030207988502785
10842,0.3313365597500622
10843,0.3216950009747844
10844,0.32806508553793073
10845,0.34188248981606645
10846,0.34308574592542296
10847,0.32910142534890385
10848,0.3267690125104488
10849,0.334658194104865
10850,0.3261584813296706
10851,0.3253374815749021
10852,0.3244560955107034
10853,0.32893684118871663
10854,0.32495999557807465
10855,0.319378290321109
10856,0.3184425230088303
10857,0.3270867491304771
10858,0.32617215036750297
10859,0.32400008636732075
10860,0.32123119584815174
10861,0.3340328675505243
10862,0.3225928970652736
10863,0.33436075011067723
10864,0.33501765655955823
10865,0.32056290908601015
10866,0.3234710818495293
10867,0.3245184182250184
10868,0.3259229283045785
10869,0.33114250997512673
10870,0.324961332374681
10871,0.326031058328796
10872,0.3365264442440789
10873,0.32308386497958685
10874,0.31779427177972774
10875,0.3266902060902115
10876,0.32733431470356517
10877,0.3223975057678591
10878,0.3334687508031605
10879,0.3216067801285688
10880,0.32865951987939174
10881,0.3383614783055739
10882,0.3306414255986275
10883,0.32758206353336505
10884,0.33302040377527703
10885,0.32424958050166597
10886,0.3244816951576015
10887,0.33329829323971455
10888,0.3278457040687738
10889,0.32805944946270943
10890,0.32908215859566203
10891,0.3153371532219166
10892,0.3284345525811471
10893,0.32606209810620185
10894,0.33725009483688123
10895,0.32951017236727104
10896,0.32040400262221147
10897,0.32622827061509374
10898,0.33299977367558986
10899,0.3188800502563286
10900,0.33188686896925224
10901,0.3206772895776161
10902,0.3287615408435041
10903,0.32889338643474936
10904,0.32674391767393257
10905,0.3302573732320345
10906,0.32702341841644406
10907,0.3348383428406293
10908,0.33006453163188343
10909,0.33136776741215507
10910,0.3306319407145788
10911,0.3240993914290771
10912,0.33000652396589875
10913,0.3199589396615209
10914,0.32371928010962553
10915,0.3251369376137136
10916,0.3276287576160186
10917,0.33160275984960214
10918,0.3210322603692052
10919,0.33211343686165645
10920,0.3246635329604961
10921,0.32598870409933345
10922,0.32216951604388405
10923,0.3295956474625005
10924,0.32864087793999014
10925,0.3293895525311888
10926,0.3296809535775009
10927,0.3273946681211979
10928,0.32132695600326605
10929,0.3286838733692237
10930,0.3227087962127248
10931,0.3199782587677599
10932,0.32582039320646106
10933,0.3237769719080136
10934,0.31823275033598014
10935,0.3178672867060333
10936,0.32498804746382703
10937,0.31878679518207925
10938,0.3141431016028435
10939,0.32270017333414075
10940,0.3275627268764824
10941,0.33088503248251633
10942,0.32380184716721316
10943,0.3293204925543774
10944,0.33440956711175346
10945,0.32541239749514045
10946,0.3233821824085029
10947,0.32050458796187375
10948,0.3194612884834857
10949,0.32731674381795167
10950,0.32616993655337295
10951,0.3159535935867959
10952,0.3145572919798868
10953,0.3195952167766684
10954,0.3301030633990962
10955,0.3159088198102403
10956,0.323305966295834
10957,0.3220004437040908
10958,0.3289194130716747
10959,0.3256333019405121
10960,0.32513628630406394
10961,0.3311705054397151
10962,0.31946912174766984
10963,0.3204892496911173
10964,0.33435520163077775
10965,0.32509693976382376
10966,0.33254321265533676
10967,0.3229433429712993
10968,0.3193094035878407
10969,0.3190203536966465
10970,0.32487278160574357
10971,0.3242140973305377
10972,0.32603572618443505
10973,0.326326217356368
10974,0.32864100788593015
10975,0.33250915816950083
10976,0.31774643352870513
10977,0.3216045794391612
10978,0.3281232692801845
10979,0.32154320534586406
10980,0.3143644338720658
10981,0.32186575867843387
10982,0.31814621886584993
10983,0.32237026523328327
10984,0.3237463528005617
10985,0.32428465443361904
10986,0.3238787901002967
10987,0.33148460010450564
10988,0.3323669410752711
10989,0.326255228679511
10990,0.3161738130829029
10991,0.3267314564924485
10992,0.3221698531514886
10993,0.32545076604944895
10994,0.3212077400711565
10995,0.31939284919366484
10996,0.3294963795253287
10997,0.32298206456032386
10998,0.3339138427649763
10999,0.3136648749044372
11000,0.31897842419075667
11001,0.32060482347910857
11002,0.3215132316332525
11003,0.3302763285468446
11004,0.32361550967438385
11005,0.32607814170644644
11006,0.3298986365658689
11007,0.3205254691290956
11008,0.3222085675575138
11009,0.31802945906063157
11010,0.328971780915106
11011,0.32211555621164417
11012,0.332929024232176
11013,0.32774635422542103
11014,0.3308260580028314
11015,0.32109223972461537
11016,0.32773714962706096
11017,0.3294102217808607
11018,0.33292931476680476
11019,0.33349795129346294
11020,0.3378337354859501
11021,0.32774997280494494
11022,0.33660531711226177
11023,0.32094449040102424
11024,0.3251544299952244
11025,0.3129953526731846
11026,0.32266350099872215
11027,0.32074120362889064
11028,0.32082937250911747
11029,0.3130557916250478
11030,0.3257531857299468
11031,0.31756939837688036
11032,0.32225264088227173
11033,0.32947394669677477
11034,0.31967226606954274
11035,0.32747696159816986
11036,0.3274953860675279
11037,0.32039076782318043
11038,0.31547977869726207
11039,0.3237375501922776
11040,0.3204924073818237
11041,0.33809796308815493
11042,0.32385456696215453
11043,0.32611126087934483
11044,0.3238590492884263
11045,0.30607526827867265
11046,0.32827192838985936
11047,0.3307178389984328
11048,0.3191193910703229
11049,0.32077795543036264
11050,0.31704065109535995
11051,0.3314884718295218
11052,0.3169962182034184
11053,0.32512036731701616
11054,0.3316527767733662
11055,0.33231316881706
11056,0.31596227219461787
11057,0.3241087474460784
11058,0.325025416840002
11059,0.3142765739346594
11060,0.33092587980920785
11061,0.3238938895173747
11062,0.31281598050354925
11063,0.32925890932023794
11064,0.3251155445942981
11065,0.32562539903181964
11066,0.3234531954631869
11067,0.32197454388191193
11068,0.31620734407008144
11069,0.3312129596263409
11070,0.3223505782439981
11071,0.3225740777061488
11072,0.3307641723329027
11073,0.32201398192325476
11074,0.31745936516504414
11075,0.3264410680222138
11076,0.32327990396530676
11077,0.32000787935100794
11078,0.3198977928279024
11079,0.3260718120945276
11080,0.3176232959200591
11081,0.32352784237601595
11082,0.3302509373334883
11083,0.3303884821950537
11084,0.327918000687454
11085,0.31413878097096926
11086,0.3301965402089023
11087,0.321923590417739
11088,0.31974985041926945
11089,0.326144843301768
11090,0.3177871172812346
11091,0.32464447061466184
11092,0.32911700937882493
11093,0.3204605288397582
11094,0.31661351962164813
11095,0.32449681675388203
11096,0.32489753428854573
11097,0.3202926320124907
11098,0.3296482456240654
11099,0.3284590906321116
11100,0.3212248376098862
11101,0.31718416591106807
11102,0.31725628483016366
11103,0.3265317157807455
11104,0.3229425283594276
11105,0.3187112423648049
11106,0.3292309140553389
11107,0.31483395690311666
11108,0.3228430178087511
11109,0.33172828362534446
11110,0.3260971192859775
11111,0.3243885767493949
11112,0.32665178253916227
11113,0.3232733376006751
11114,0.31934059515723373
11115,0.3272590956960947
11116,0.3282726196372833
11117,0.3211086865074731
11118,0.3268630166503842
11119,0.3266399077139626
11120,0.32506894312638446
11121,0.32564129959676674
11122,0.32171093306804716
11123,0.33084747944837267
11124,0.3295814109663595
11125,0.3280847315586835
11126,0.31739274199536943
11127,0.3263472400908587
11128,0.3294037338430665
11129,0.3214108123770478
11130,0.32141721455299344
11131,0.3210021948611424
11132,0.3222029208625019
11133,0.3236701708189777
11134,0.3178673017008023
11135,0.3251016762797997
11136,0.3184054142903818
11137,0.31393824979300167
11138,0.32210435060790626
11139,0.31382796492177006
11140,0.3251562493641097
11141,0.32595583130774647
11142,0.31728696895385367
11143,0.3220918284613454
11144,0.31981768110353836
11145,0.31796417145224654
11146,0.32391296876366965
11147,0.3271034116067956
11148,0.3235665549606418
11149,0.3139790151971503
11150,0.3239862856691301
11151,0.3237941431142533
11152,0.3255679055360086
11153,0.3286272237857357
11154,0.32322863035597915
11155,0.32655584857842296
11156,0.3206633840941123
11157,0.3308079838353035
11158,0.32011268950529376
11159,0.3356068569629758
11160,0.32722354982134855
11161,0.3215201431647603
11162,0.32346921382888066
11163,0.320359015583937
11164,0.3293646894403316
11165,0.3165180022255316
11166,0.3248174527526322
11167,0.31904660221659353
11168,0.32453888331548775
11169,0.3132598804251144
11170,0.31932662607986406
11171,0.3265053164620198
11172,0.3213488832159788
11173,0.31600450425942034
11174,0.32915158929212623
11175,0.32345855280900576
11176,0.31927558232700815
11177,0.32880424356620347
11178,0.33107450793383514
11179,0.3234464824560426
11180,0.32772145033956
11181,0.3220776585663471
11182,0.3151366937984948
11183,0.32593021638119224
11184,0.32964181131875664
11185,0.3193195587681689
11186,0.3219828630217081
11187,0.31906218561667893
11188,0.31623758336706137
11189,0.3220071505257662
11190,0.32560238939294894
11191,0.3226689671193227
11192,0.32926378104951154
11193,0.31901512922204656
11194,0.32352317950124077
11195,0.3214618420186243
11196,0.33073365006758204
11197,0.3305140102870508
11198,0.32266572949298744
11199,0.32884188964315
11200,0.31605781773475305
11201,0.32358204427380066
11202,0.3244903104368234
11203,0.3218033205347846
11204,0.3148554446237474
11205,0.32183219899325205
11206,0.31614928380392165
11207,0.318535311995089
11208,0.328083291573953
11209,0.3252147755910194
11210,0.33015359674453276
11211,0.31869697251899876
11212,0.32748218195239304
11213,0.32227219006547836
11214,0.32968709814234193
11215,0.3225956454755493
11216,0.32835228352649515
11217,0.32331621286500395
11218,0.32390537519693346
11219,0.32189112696472605
11220,0.3245534015409124
11221,0.33168334242286185
11222,0.31899647850458873
11223,0.33073704415607713
11224,0.3260115661416894
11225,0.3204780918973909
11226,0.3214073974037101
11227,0.3237398864830042
11228,0.32096952795439815
11229,0.3106570623903126
11230,0.31655739124770343
11231,0.3210004469934875
11232,0.3289259080226619
11233,0.3273787361956257
11234,0.3206247957876727
11235,0.32452511130737693
11236,0.3265732984888736
11237,0.3244508001358391
11238,0.3317448441025695
11239,0.3218337654355392
11240,0.3262763939690756
11241,0.32737176356648334
11242,0.32679165411691563
11243,0.32214517938163595
11244,0.3124452514262264
11245,0.31937261173359477
11246,0.31643004338511715
11247,0.3288505809799431
11248,0.3151493083347204
11249,0.329407114343147
11250,0.31134155867420216
11251,0.32117118889721435
11252,0.31623248146038907
11253,0.32076466135259746
11254,0.3305937245659315
11255,0.3202758215589124
11256,0.32027840811426
11257,0.32870081959568576
11258,0.33097837352133175
11259,0.3117338080502673
11260,0.3210803760742001
11261,0.3311043008706888
11262,0.3200580868986075
11263,0.3289069094660448
11264,0.3297136738252773
11265,0.3272817348395349
11266,0.31797381148978926
11267,0.31844804837295265
11268,0.31923413140605106
11269,0.32057021865930346
11270,0.314454398043718
11271,0.3279640379191643
11272,0.32466579156787395
11273,0.3254475341826255
11274,0.3235552743210787
11275,0.3191322466293728
11276,0.3231366150094469
11277,0.3236955787242687
11278,0.32728924333026377
11279,0.3254432581944159
11280,0.33697570071917693
11281,0.32420003179547546
11282,0.3183155334219761
11283,0.3147031431484206
11284,0.3252323799584459
11285,0.328157353387238
11286,0.3269604925383532
11287,0.3268792676082322
11288,0.32526894890052255
11289,0.3193215686576357
11290,0.3309116874743891
11291,0.31717768944068836
11292,0.32361663467397467
11293,0.32604192679157884
11294,0.32036761716072376
11295,0.3249050162021251
11296,0.32492003647327977
11297,0.3262319426449161
11298,0.3145495920039003
11299,0.3113665949492553
11300,0.3199410823882727
11301,0.3287281316519577
11302,0.31736865987312324
11303,0.32049970484725443
11304,0.32107614824464153
11305,0.31612462343726877
11306,0.31931236295137955
11307,0.3165980466939064
11308,0.3262768497304543
11309,0.3204532612612382
11310,0.3205681387249981
11311,0.3295751377612493
11312,0.3235126794710429
11313,0.31795793933838357
11314,0.3222933441704413
11315,0.31419107370724475
11316,0.3145005575984126
11317,0.3235211009269424
11318,0.3143595016786527
11319,0.32233984545397926
11320,0.3250446616367499
11321,0.32870024093260625
11322,0.3253947516029902
11323,0.3187544718445837
11324,0.3234353207836092
11325,0.31422508576689234
11326,0.3204302707090834
11327,0.31955602021418655
11328,0.3245439265803576
11329,0.32464763989541556
11330,0.31301192152821133
11331,0.31913980186766594
11332,0.31748578180278497
11333,0.32016099380939
11334,0.32805727225884734
11335,0.32314399452789744
11336,0.3204475127806602
11337,0.31415549134345916
11338,0.3115231930204183
11339,0.3187957098373166
11340,0.3251976830402831
11341,0.3223179201756782
11342,0.32148369228527174
11343,0.31953439168597436
11344,0.3181680998811472
11345,0.3226325149581938
11346,0.3185641612462046
11347,0.322640748203551
11348,0.32182946601819884
11349,0.3224520795549797
11350,0.3125669121482601
11351,0.3265939096366384
11352,0.3082285693441045
11353,0.31231631480400757
11354,0.3080300651670265
11355,0.31837387964408526
11356,0.32878217732618886
11357,0.3279173453760511
11358,0.31899745027105847
11359,0.32919962397131586
11360,0.31491223252788436
11361,0.3195719310869018
11362,0.31833823195506655
11363,0.31264854896336797
11364,0.31342665018935767
11365,0.31856484670196755
11366,0.32070676260159336
11367,0.3235745840155469
11368,0.3218241066140962
11369,0.31626571804596504
11370,0.3123033998806144
11371,0.3263093813386054
11372,0.3355159638092103
11373,0.3227466339552131
11374,0.3277199965190162
11375,0.32111395442805335
11376,0.3241971566124031
11377,0.31806823762271025
11378,0.31805224702775375
11379,0.33253999442429905
11380,0.3265521710637315
11381,0.3212039051296065
11382,0.3151992603342045
11383,0.3292019764048988
11384,0.3252345482340035
11385,0.3270668407617951
11386,0.3215762379473365
11387,0.325166589560201
11388,0.320828412566289
11389,0.32578135822476006
11390,0.3199155167929665
11391,0.3176839891224896
11392,0.3249769542863828
11393,0.32242319735259656
11394,0.306404980206855
11395,0.31631865871109627
11396,0.3244279441932945
11397,0.32289382617153795
11398,0.3252199871594817
11399,0.3279368231321569
11400,0.32181747173673875
11401,0.3194419181869595
11402,0.3122021011460994
11403,0.3267929774996598
11404,0.3194189718165431
11405,0.3147660278120234
11406,0.326685389661328
11407,0.31997244140412145
11408,0.32718173815273743
11409,0.31494576610670194
11410,0.3286486264237446
11411,0.3112478806516321
11412,0.3178489879065099
11413,0.3273731256723102
11414,0.32944213737854183
11415,0.3240358860300824
11416,0.3317061670316416
11417,0.3243377450883342
11418,0.32598970736162725
11419,0.3255783620984207
11420,0.3191011606230804
11421,0.32466918183229876
11422,0.3279002310177199
11423,0.3274748849975549
11424,0.32096780588335555
11425,0.3307835720673689
11426,0.32017818423093775
11427,0.3324478187637654
11428,0.3151472985210138
11429,0.31677886082441736
11430,0.3303568398165903
11431,0.31271779399697147
11432,0.3311993355349933
11433,0.3278797354860687
11434,0.31980597420132906
11435,0.3253139245620617
11436,0.31839771650177223
11437,0.32835337841535234
11438,0.3215252952116902
11439,0.3280295061505773
11440,0.32027530593247844
11441,0.3211551301506912
11442,0.32103080484124635
11443,0.3242231308501993
11444,0.3256009573744983
11445,0.32547312633053677
11446,0.3234273095515644
11447,0.3151919570068891
11448,0.33245444816099967
11449,0.3276614443872824
11450,0.3203317618254019
11451,0.32278639234692363
11452,0.3355392425960044
11453,0.3246063408200813
11454,0.32265696582971376
11455,0.3213053268559498
11456,0.3150118233350137
11457,0.3237954206383054
11458,0.3183532715540954
11459,0.31958286300794353
11460,0.31118900065568283
11461,0.31938962276275024
11462,0.31719791176099854
11463,0.3298485851789276
11464,0.31216847363043815
11465,0.3213406843294559
11466,0.32037752118704177
11467,0.3339423919950072
11468,0.327657818363589
11469,0.3196943103360856
11470,0.3211173143502683
11471,0.32641987610428214
11472,0.3324322861803838
11473,0.32833138442435794
11474,0.3272349244168745
11475,0.3294745741044962
11476,0.3210270820255599
11477,0.3275230236960864
11478,0.3229727532378544
11479,0.3169356661771748
11480,0.3244694822559099
11481,0.3224044038432203
11482,0.32182858385346336
11483,0.3324788838223602
11484,0.3221414517977223
11485,0.32400216975451257
11486,0.3293215777497936
11487,0.31613919791183814
11488,0.3245012812164959
11489,0.3295153423637667
11490,0.32325155929051885
11491,0.32638439890444415
11492,0.31763304197592934
11493,0.3287672434918907
11494,0.3300875155335207
11495,0.3198377848597003
11496,0.32190484998276603
11497,0.3304769145629926
11498,0.32296961037837
11499,0.3211269542104439
11500,0.32271308973223173
11501,0.32736136312813585
11502,0.3275837013220983
11503,0.32490847763109837
11504,0.32718135140095
11505,0.3231604613886038
11506,0.3111867543867723
11507,0.3197171702785151
11508,0.324807108339406
11509,0.32142964918823436
11510,0.3291156214370623
11511,0.315592006108017
11512,0.31947605232689974
11513,0.3223029321575321
11514,0.3334850829513817
11515,0.32074141936859923
11516,0.325421307472681
11517,0.3205038648980951
11518,0.33113934830988573
11519,0.32086194595043255
11520,0.3230243389317045
11521,0.31995759974974314
11522,0.32429186990526926
11523,0.3274825095552232
11524,0.324726329573929
11525,0.3212437318719125
11526,0.3245300607602789
11527,0.3283027401434984
11528,0.3242766850742287
11529,0.3263269827057011
11530,0.3168002457752054
11531,0.3171899647049697
11532,0.32136466995356966
11533,0.31199081767650694
11534,0.3164237671639887
11535,0.32434590344456604
11536,0.32775145260840877
11537,0.31856525381626405
11538,0.31889480696499534
11539,0.3228026461865944
11540,0.3219763599623922
11541,0.31778236288918177
11542,0.32947596411340996
11543,0.3174328279523069
11544,0.32295246553680484
11545,0.3322808816982459
11546,0.3218759505776585
11547,0.3148855655215313
11548,0.33144188603705615
11549,0.32527321354480376
11550,0.3256764012045866
11551,0.3270763180614197
11552,0.3195385230775075
11553,0.31363724203399057
11554,0.3115398440830165
11555,0.3233184524651207
11556,0.32310613690501916
11557,0.31615972907065026
11558,0.3162201081912657
11559,0.31187837681722896
11560,0.31589970771241355
11561,0.3344347855523391
11562,0.3205695007982534
11563,0.3166973019834259
11564,0.31396206966886375
11565,0.31244551356917505
11566,0.3238492971523399
11567,0.3232509470500422
11568,0.3108058434188472
11569,0.31431466381544504
11570,0.31266497971681845
11571,0.3197481728148044
11572,0.31566256756359373
11573,0.31799364444269324
11574,0.3258208227385197
11575,0.3255897602111743
11576,0.3219582727436364
11577,0.3132569973540435
11578,0.3180954036213679
11579,0.32785448211706386
11580,0.3210597206136623
11581,0.31858297950290504
11582,0.32206511437228597
11583,0.3292762251087549
11584,0.31996186104486735
11585,0.31979097482514734
11586,0.3177021375687012
11587,0.3135890465965672
11588,0.325851036456908
11589,0.31826691797630197
11590,0.32997172638355937
11591,0.33207407379336545
11592,0.32035644539156205
11593,0.3259007452635855
11594,0.32464562422344906
11595,0.31711135820974357
11596,0.31932784091011707
11597,0.32430042088092814
11598,0.32152791537535347
11599,0.3235754321254363
11600,0.30891599895162625
11601,0.32838548562787145
11602,0.33650523319058345
11603,0.3189990760523018
11604,0.32896604429973497
11605,0.3234343877273884
11606,0.32218060809137195
11607,0.32052174881880563
11608,0.31624182963359604
11609,0.3240236035659956
11610,0.32423481185312775
11611,0.31838743565995553
11612,0.3149090618568482
11613,0.3186463972773859
11614,0.32385697799106217
11615,0.32285100525353716
11616,0.3188401276323474
11617,0.32927505962791365
11618,0.3295062802291734
11619,0.31880800703969736
11620,0.31108503948431276
11621,0.3181833342114526
11622,0.3216302836841003
11623,0.3189966747445925
11624,0.30912188194545565
11625,0.3128568279661468
11626,0.3206511870341882
11627,0.3158567598224432
11628,0.31152453815818676
11629,0.31757443228622734
11630,0.3108213587339489
11631,0.3213306872843806
11632,0.3248449873897954
11633,0.3201785101340235
11634,0.3239401036977178
11635,0.3182520247283564
11636,0.32261666581643317
11637,0.32514889192905755
11638,0.30985385633645635
11639,0.3195179222059066
11640,0.3163613830318527
11641,0.3229558850506717
11642,0.3279591368223304
11643,0.31814519708236705
11644,0.3185950682736111
11645,0.319324159965424
11646,0.3242912119313762
11647,0.32925754649844763
11648,0.32145115637490285
11649,0.3200828257424681
11650,0.319380644271562
11651,0.32432348080654666
11652,0.3157753196993577
11653,0.32322484206749247
11654,0.3264358667967323
11655,0.3181786878170325
11656,0.32498475744667255
11657,0.3082318114909982
11658,0.3140958184034295
11659,0.31965474774139924
11660,0.32431073399762256
11661,0.32406340554882207
11662,0.31794377787792105
11663,0.3240113888593011
11664,0.32174745876783456
11665,0.31976623342979105
11666,0.32393818660620777
11667,0.3141286836409168
11668,0.33259371123300846
11669,0.31588856112297753
11670,0.32543095208838846
11671,0.31321871074579977
11672,0.31816470915738193
11673,0.3261192979844295
11674,0.3281332081131554
11675,0.3261389734779691
11676,0.32521482646950145
11677,0.31717858982810765
11678,0.3256997099515952
11679,0.32538371255355186
11680,0.32525943978346666
11681,0.3247265089048824
11682,0.335178915056308
11683,0.33172534362211586
11684,0.3273021049099506
11685,0.3194528931422794
11686,0.31743010658870663
11687,0.3220343258164377
11688,0.30798026467762873
11689,0.3182849252937664
11690,0.314323829529149
11691,0.31840507981243665
11692,0.3240413295488915
11693,0.3292883709414041
11694,0.31582360762697725
11695,0.3115178474195754
11696,0.30808692240438307
11697,0.31737795118686307
11698,0.3139053348688425
11699,0.3233798878475727
11700,0.3283583523738359
11701,0.3223424533458152
11702,0.32359629591801997
11703,0.3252980447440258
11704,0.3181658865400908
11705,0.31775749659156005
11706,0.3187814086561252
11707,0.32611747897472215
11708,0.3143210068869548
11709,0.3236698363998652
11710,0.31572151870012166
11711,0.32627726998392814
11712,0.3238708364963267
11713,0.3251489166922592
11714,0.317804390703934
11715,0.325838938943747
11716,0.32942522561255705
11717,0.3282816396853533
11718,0.3219923143923921
11719,0.31434612680481067
11720,0.32203899149466464
11721,0.32528552515336245
11722,0.31970170848696156
11723,0.31714666654784507
11724,0.31722172008384736
11725,0.3156320331840494
11726,0.31905701418675614
11727,0.32555752019268797
11728,0.31772434135571964
11729,0.3083541362749416
11730,0.31640655469123274
11731,0.3209345377299063
11732,0.3199175384474499
11733,0.3146490610313603
11734,0.3248713082606172
11735,0.32767774146084927
11736,0.31726555891048513
11737,0.3229406920059055
11738,0.3214441747243657
11739,0.31940934680774563
11740,0.316360486364765
11741,0.3145013597503097
11742,0.32006216211938093
11743,0.31751391486070174
11744,0.3265601987269922
11745,0.32517454504523335
11746,0.30962262473602636
11747,0.3186627764663149
11748,0.33538612349794933
11749,0.3200570172277758
11750,0.32095007124486535
11751,0.3219902821889133
11752,0.3178275760158842
11753,0.3147998265656773
11754,0.31601183304045644
11755,0.3205385248901743
11756,0.33034219204513504
11757,0.32752995020828324
11758,0.3153922440907616
11759,0.3211492175505618
11760,0.31080770226245136
11761,0.3237788394719963
11762,0.3248021764487138
11763,0.3286284868491908
11764,0.3196103380036798
11765,0.32166641356370546
11766,0.3258595940230833
11767,0.3186186103764614
11768,0.32538326838059073
11769,0.3176846451287477
11770,0.32305909485438133
11771,0.31869064674334563
11772,0.32235886696549765
11773,0.31748412094160755
11774,0.3171561005932894
11775,0.32234941438544007
11776,0.3207912953807517
11777,0.32317343524553155
11778,0.32179094351462545
11779,0.3200656065029886
11780,0.3249679271612307
11781,0.32333638554274546
11782,0.31571327865940807
11783,0.31269379518802876
11784,0.31744178867973677
11785,0.31783192451013786
11786,0.32113217849021364
11787,0.31700199959620406
11788,0.3149637964643996
11789,0.32353636096303184
11790,0.3067313632308724
11791,0.3098544423924095
11792,0.3227248701024981
11793,0.3102425283330585
11794,0.3089845056197741
11795,0.30587116247849705
11796,0.3208564602358427
11797,0.31529646425270513
11798,0.31721123228351705
11799,0.3176340328089193
11800,0.3176211680625683
11801,0.3240928571040636
11802,0.322447091681139
11803,0.3127885264423357
11804,0.3223588894436033
11805,0.31643133817588004
11806,0.32374078210908924
11807,0.31977728512877807
11808,0.3196675488136142
11809,0.31730747762161815
11810,0.3133002649982809
11811,0.31644167629577824
11812,0.323182950851945
11813,0.33103293124706745
11814,0.324897521446415
11815,0.3268809897208426
11816,0.3200149367524547
11817,0.32178001225166564
11818,0.3217234055413384
11819,0.3160832144804786
11820,0.31597460967700286
11821,0.3159576576845988
11822,0.324525915277521
11823,0.3300760899336499
11824,0.3269429720446876
11825,0.3202184435219795
11826,0.3283846319480151
11827,0.3177955699553397
11828,0.3241138335625672
11829,0.3192293315737483
11830,0.328148913918373
11831,0.3180364968274098
11832,0.3206221691189833
11833,0.3110776703771803
11834,0.3251675665004404
11835,0.3169239691352308
11836,0.31651537155750653
11837,0.31677652441274745
11838,0.31456614701448254
11839,0.3136400406528429
11840,0.3182217236948997
11841,0.3243743240257016
11842,0.31781355467594863
11843,0.31575669520328253
11844,0.3134613603602541
11845,0.3181081130933366
11846,0.3185632225068464
11847,0.3274819557415094
11848,0.31709916315214065
11849,0.3198520901185328
11850,0.32172841484216996
11851,0.31675729444755274
11852,0.3130273879981351
11853,0.31274306247276723
11854,0.32178609827138005
11855,0.32247201325071684
11856,0.3166925870731548
11857,0.3128809922275077
11858,0.3197069002356554
11859,0.3127901612048897
11860,0.3239223655581085
11861,0.32255913034801276
11862,0.3131735188953556
11863,0.31896851086053307
11864,0.314260080793335
11865,0.3139378431137312
11866,0.3126724053432844
11867,0.31738837634803946
11868,0.3083945911469382
11869,0.3161005369592833
11870,0.3268389115536423
11871,0.3110559943622766
11872,0.3177201780313615
11873,0.30953822702548545
11874,0.31810792831675605
11875,0.3214514905019147
11876,0.3208204306544755
11877,0.31287364818022173
11878,0.32194963446543146
11879,0.3126414723299662
11880,0.3203991030221171
11881,0.3207243123285787
11882,0.3125084931084935
11883,0.32484618188253694
11884,0.3237905714970998
11885,0.32056620705112615
11886,0.31011065885287653
11887,0.3203632276683722
11888,0.3078982016491637
11889,0.31516666790277953
11890,0.31688070701865345
11891,0.3150773063544927
11892,0.3127637319222841
11893,0.33535355803634426
11894,0.31756345602642533
11895,0.3216800212921337
11896,0.31842166648069437
11897,0.3301166836128872
11898,0.32385013858888395
11899,0.31407279683048744
11900,0.3198845068506254
11901,0.319324384817677
11902,0.31754490833969
11903,0.3170481292900665
11904,0.3268060752997785
11905,0.321714475960428
11906,0.3286907101429623
11907,0.3204708477962978
11908,0.3066513237475305
11909,0.3081108310985934
11910,0.3189593204718275
11911,0.33151052677124077
11912,0.31238726586326193
11913,0.3108663598204993
11914,0.3131944603449343
11915,0.32596372009508584
11916,0.3230087109678443
11917,0.313727301662845
11918,0.31328472855203043
11919,0.32458448194082773
11920,0.3151357234832067
11921,0.3120427478574259
11922,0.31706351079223694
11923,0.31476404449675993
11924,0.31792684776262986
11925,0.31465023811517256
11926,0.31639552876581123
11927,0.31527617422151133
11928,0.3229532202570386
11929,0.31064292307300845
11930,0.31693018393370004
11931,0.31096135289195265
11932,0.31835404255921834
11933,0.3163362178314479
11934,0.3148389730701486
11935,0.32329547334957837
11936,0.31466928718066284
11937,0.31168743462230514
11938,0.31781449817719726
11939,0.32079566399348614
11940,0.3126741432446495
11941,0.32189563117652215
11942,0.32267693276850923
11943,0.3219387404215282
11944,0.3214465340821948
11945,0.3251497649276867
11946,0.3214467565195712
11947,0.3213412924737807
11948,0.3178173631211396
11949,0.3191494605234406
11950,0.3215458449188557
11951,0.3202805587810753
11952,0.32036360014546816
11953,0.32253008708819186
11954,0.316983742297886
11955,0.3156537210817979
11956,0.3091798946946655
11957,0.3129998678384531
11958,0.31580641657100866
11959,0.3197113529831417
11960,0.3161393047724066
11961,0.31423934398921977
11962,0.3158763194891771
11963,0.3167464512945549
11964,0.31595530103707525
11965,0.3219346211027102
11966,0.313522611882611
11967,0.3207872773707762
11968,0.32221129348051925
11969,0.31653370806621156
11970,0.31567484738037105
11971,0.3141295947971796
11972,0.32249200561775215
11973,0.32035628270452865
11974,0.3183719547897722
11975,0.3091789992620622
11976,0.3257891355164189
11977,0.32024831839197915
11978,0.3215213404600231
11979,0.3221037896716251
11980,0.3218299853714801
11981,0.32771976224762867
11982,0.32389162319200654
11983,0.32392493446995685
11984,0.3269580203674081
11985,0.324869716306804
11986,0.31995450837164285
11987,0.33114816037577793
11988,0.31868823755161224
11989,0.32007979979996815
11990,0.32163805285051605
11991,0.3339397921185012
11992,0.3206731622911859
11993,0.3184243122429568
11994,0.31915870080051306
11995,0.3173448148345526
11996,0.3195021839133696
11997,0.3126640164254313
11998,0.321435084315074
11999,0.31650607797067326
12000,0.31380599176677954
12001,0.3152664959745771
12002,0.314411019646159
12003,0.32090586219382367
12004,0.32180307170818406
12005,0.31098335347238426
12006,0.3164033953853543
12007,0.3128086610106504
12008,0.3172691208179357
12009,0.32297513382215987
12010,0.322051570811721
12011,0.31942287017484045
12012,0.31007575737684906
12013,0.31762340455208476
12014,0.32369127020234084
12015,0.3191246284039614
12016,0.3223210388590478
12017,0.3183758076264159
12018,0.3227125199291313
12019,0.3221429442676485
12020,0.3194781002982345
12021,0.3209969249834451
12022,0.32101573703077146
12023,0.31500248254072594
12024,0.3173457719289443
12025,0.3111766924075701
12026,0.3197149308424158
12027,0.3186239082711875
12028,0.3173255186488185
12029,0.3137472354720262
12030,0.3207689080265756
12031,0.3221003975973471
12032,0.31006687635756214
12033,0.31619264875313946
12034,0.3094876014953736
12035,0.3182265502705326
12036,0.31872526738920387
12037,0.31442508141367365
12038,0.31293852256915755
12039,0.3182103702111282
12040,0.3172902625581119
12041,0.31996327581989714
12042,0.31542624972769756
12043,0.3190583552433189
12044,0.3132570773644986
12045,0.317478328620916
12046,0.32158328897708954
12047,0.315825294525257
12048,0.31441797276825967
12049,0.3299031971913198
12050,0.31593159080410577
12051,0.31002831566366784
12052,0.31221189919979386
12053,0.31681787880275925
12054,0.3173529817382279
12055,0.3272470854167795
12056,0.31352787243100644
12057,0.31308213047234784
12058,0.3097669574830299
12059,0.31123363866968534
12060,0.31510269991312656
12061,0.3126037718878195
12062,0.3192755435552003
12063,0.31382003408089554
12064,0.3133783917626994
12065,0.314335852693346
12066,0.3244260609513521
12067,0.3209825425430322
12068,0.3172668828020166
12069,0.3174869572903391
12070,0.31445509410440586
12071,0.3181456042428336
12072,0.3095271196796231
12073,0.31642620968746904
12074,0.3134567707417173
12075,0.3173498089094498
12076,0.32401933676804034
12077,0.31021817539415686
12078,0.32244824376465775
12079,0.32125301990694216
12080,0.31766595734182224
12081,0.31859844019965244
12082,0.32153226653032585
12083,0.31564670506234316
12084,0.3186203263333447
12085,0.31722649753332915
12086,0.32150899110221914
12087,0.31552433550026987
12088,0.3221821439711864
12089,0.3197537406750092
12090,0.3192110647243743
12091,0.32736357593878984
12092,0.3091711386700865
12093,0.3132703015300899
12094,0.31748802845957996
12095,0.3181155277001683
12096,0.3173587321737906
12097,0.3151168577293859
12098,0.3250084289065396
12099,0.3277935644842474
12100,0.32094545608804537
12101,0.3162688937958603
12102,0.31991790838445405
12103,0.31069733599849
12104,0.31441527615048714
12105,0.33487469644564943
12106,0.32107961348231995
12107,0.3199402992095719
12108,0.3258279021985586
12109,0.3164897793976147
12110,0.32054855735600896
12111,0.325384288684181
12112,0.3217827810256536
12113,0.32708520606575286
12114,0.3126946497505895
12115,0.3272126334124567
12116,0.31767872691531446
12117,0.31299485970147783
12118,0.3170402761702906
12119,0.3132922999550213
12120,0.3187871325425644
12121,0.3255071717630198
12122,0.3311315932401234
12123,0.3239610829696731
12124,0.32053976494942465
12125,0.31425379354364325
12126,0.3151184985261374
12127,0.3232655809254274
12128,0.3319617332937301
12129,0.3192134351179961
12130,0.31744202380463654
12131,0.32076441346114815
12132,0.31883520557447365
12133,0.31190893993355023
12134,0.3155998277525397
12135,0.31340090280364397
12136,0.31712214331987804
12137,0.3226471771901287
12138,0.31907701590155774
12139,0.3251890903172092
12140,0.32175309151278103
12141,0.3076081785049787
12142,0.3114633965096722
12143,0.30673750939324
12144,0.31329251302634925
12145,0.32571854840622716
12146,0.3014873506875268
12147,0.31340802897929554
12148,0.32416650000644637
12149,0.313919134193263
12150,0.3133902897499756
12151,0.3089255060631347
12152,0.31790706502847976
12153,0.31119103738468334
12154,0.3321572063829362
12155,0.31703860645334586
12156,0.3072240855810601
12157,0.32644018921120316
12158,0.3219766356874464
12159,0.31527232102625447
12160,0.3271211966983826
12161,0.3034799248381246
12162,0.3139734691438805
12163,0.31477156827207114
12164,0.3140427509166949
12165,0.313931955965631
12166,0.3131606773440589
12167,0.317181276088571
12168,0.3138228685967532
12169,0.31894336188526573
12170,0.3138697362829635
12171,0.32298483806457257
12172,0.3182891246466814
12173,0.32696141148473595
12174,0.3170714439880112
12175,0.3173552060781574
12176,0.3196602033557932
12177,0.3149321378048743
12178,0.31434000437245135
12179,0.3126162373724144
12180,0.3175052561393999
12181,0.3142017495543214
12182,0.3206842166611528
12183,0.32535477255045575
12184,0.3192293186123285
12185,0.31907801717714174
12186,0.3189243413154642
12187,0.3137685557326286
12188,0.31110510647533096
12189,0.3117849964902113
12190,0.310230838164843
12191,0.3082959461876495
12192,0.31941516852311014
12193,0.3117362855606821
12194,0.31582462043347803
12195,0.31572461281354347
12196,0.32044941200682975
12197,0.32430250441729513
12198,0.319808537894656
12199,0.329088860726953
12200,0.31570733098181375
12201,0.3125232674581398
12202,0.3089293331199608
12203,0.3240622739510637
12204,0.31939478233206137
12205,0.311076916273365
12206,0.3180532972886084
12207,0.30595267268971227
12208,0.3189855429865292
12209,0.3170871513894313
12210,0.318963238007022
12211,0.32941651714229425
12212,0.3141115380002748
12213,0.32121858787859503
12214,0.3107658986712269
12215,0.31229061224338306
12216,0.3332059205581316
12217,0.3120564026622376
12218,0.312705253588703
12219,0.32180165715592474
12220,0.32359979006415995
12221,0.3111600019049278
12222,0.3111615534403544
12223,0.3214912941523305
12224,0.32016250506485433
12225,0.3141754965756251
12226,0.31085690480117034
12227,0.3127309471312704
12228,0.3160724114263867
12229,0.32156456097284236
12230,0.3143968812855073
12231,0.31401047376857893
12232,0.3203974099363378
12233,0.3201127062432962
12234,0.3205333754527453
12235,0.3106624545661333
12236,0.3222937385324826
12237,0.3226224615931619
12238,0.320409842966681
12239,0.3169242783916237
12240,0.3208015504237685
12241,0.31567571006046824
12242,0.32364970042901003
12243,0.33085101728932137
12244,0.3206308808776409
12245,0.3211167163223369
12246,0.32294857851363507
12247,0.31778720894125717
12248,0.3169449051298442
12249,0.31384632648172783
12250,0.3075171217268468
12251,0.3098560304173109
12252,0.3145206337778698
12253,0.3216319168098861
12254,0.32198004932318897
12255,0.3222442408115444
12256,0.31930259108125314
12257,0.3226541708628964
12258,0.3126082176086517
12259,0.317550555243781
12260,0.31230177206921866
12261,0.31657507515290484
12262,0.32007189353560855
12263,0.3125087075271611
12264,0.3225976128362794
12265,0.32092916000959615
12266,0.3150071090740804
12267,0.32093328711402347
12268,0.3210930001629711
12269,0.32282909511322455
12270,0.31153225953215097
12271,0.30903931048704614
12272,0.3227913842753377
12273,0.31296748552883785
12274,0.32000489345483996
12275,0.32666480992055047
12276,0.31408278400143036
12277,0.32918446389443745
12278,0.3211040450528832
12279,0.3281093839131873
12280,0.3204615730420297
12281,0.3156834889196406
12282,0.32051644454177886
12283,0.31496551241725274
12284,0.3243833266177535
12285,0.3171309879446483
12286,0.31905620648883826
12287,0.3247490901371133
12288,0.3249989635661796
12289,0.317725907012273
12290,0.32417889066845523
12291,0.3185851966040806
12292,0.3231648745578468
12293,0.32202298424190506
12294,0.3154195795539452
12295,0.3203966390542257
12296,0.3231783475627255
12297,0.3103787448155094
12298,0.3200561958698627
12299,0.31891188266814047
12300,0.313222417257538
12301,0.3084330792605315
12302,0.3183895429947035
12303,0.3256723854478744
12304,0.3158055592405163
12305,0.31685149624634984
12306,0.3152414449739432
12307,0.3165688266714345
12308,0.3251712168276817
12309,0.3207272247698643
12310,0.32144131916676794
12311,0.3124064915024305
12312,0.3040974658514397
12313,0.3150600960550209
12314,0.3108625712896629
12315,0.31773850966006195
12316,0.31707445877171686
12317,0.30924047245547936
12318,0.3217648283887674
12319,0.31946668978503573
12320,0.30467312939638985
12321,0.3092815831212571
12322,0.31868810443076173
12323,0.3075403235724406
12324,0.31356806286485384
12325,0.3218730121070444
12326,0.3062372457599217
12327,0.31245541582137143
12328,0.31280669857150667
12329,0.3181130785610835
12330,0.3132287916461302
12331,0.3116474284439362
12332,0.3132479212081985
12333,0.31685744006593286
12334,0.32376427137738
12335,0.3292262303059998
12336,0.3154202453992663
12337,0.31797547390181363
12338,0.32942823218118417
12339,0.31665513800392286
12340,0.3226712594727542
12341,0.3122695166047036
12342,0.30849814882387594
12343,0.3131444614359527
12344,0.3214652716821741
12345,0.3157781127702614
12346,0.31738821187204436
12347,0.3183889889750709
12348,0.3131099843072059
12349,0.31647161713728417
12350,0.317298982022018
12351,0.32306199895795157
12352,0.31975866834990424
12353,0.32914715979211684
12354,0.31623890553180956
12355,0.32241123100857183
12356,0.3152630971935585
12357,0.32270900779058415
12358,0.30086341243817627
12359,0.3149722878560662
12360,0.31611315168622606
12361,0.322960650498939
12362,0.3191010059315298
12363,0.32138703973882315
12364,0.3134644821745059
12365,0.31218593484475676
12366,0.314892957502721
12367,0.31323923682901
12368,0.32212031117891154
12369,0.31692311264597933
12370,0.31494145663955875
12371,0.31619318546920455
12372,0.3122978369686998
12373,0.3194616421257317
12374,0.31228238346823955
12375,0.31159655953238125
12376,0.31524356240491086
12377,0.31257946075954446
12378,0.31835210513500783
12379,0.31456038091549426
12380,0.3202467553715595
12381,0.32544794505391517
12382,0.3190810985554383
12383,0.3179205398863122
12384,0.31187002323340046
12385,0.31311109377591534
12386,0.32675160281077836
12387,0.31132680581076055
12388,0.31950557657220907
12389,0.32157737807542985
12390,0.31450318444274605
12391,0.3181491120764568
12392,0.3136399911260636
12393,0.31021446749994225
12394,0.3198357061919103
12395,0.30796681908032675
12396,0.3275324651047189
12397,0.3301380769542103
12398,0.3112399933286638
12399,0.3215679815833261
12400,0.3138823782723951
12401,0.31691524930826126
12402,0.31620935519403637
12403,0.32408138773359
12404,0.32021280263583773
12405,0.3179754719810523
12406,0.3214976190961399
12407,0.3126649677252579
12408,0.33129441739213983
12409,0.31204759606739974
12410,0.3111558369339376
12411,0.31383311814069836
12412,0.3158395028235541
12413,0.31469898102054117
12414,0.31585811529203606
12415,0.31402430948725835
12416,0.3185019121858513
12417,0.3084606730205776
12418,0.319420881062818
12419,0.31726123210605395
12420,0.3173453492308398
12421,0.32351336903572375
12422,0.3090392593948556
12423,0.32028280328845443
12424,0.31861116217230173
12425,0.3160064774973562
12426,0.3193380226078209
12427,0.31699443721760334
12428,0.3126025506491594
12429,0.3034637387381549
12430,0.3156910287288845
12431,0.3359942228855505
12432,0.3152643213965703
12433,0.3049098257024083
12434,0.31573779766272947
12435,0.3242552263647657
12436,0.3218706677474954
12437,0.32480248891678953
12438,0.320408877993181
12439,0.3274165595479265
12440,0.31235461139701126
12441,0.317321104489525
12442,0.3167269855380127
12443,0.3187305980893033
12444,0.306099254165951
12445,0.3116538281885839
12446,0.31129847795874366
12447,0.31130847677354606
12448,0.3163963994706794
12449,0.30131709740322826
12450,0.31574213011737884
12451,0.3217430304936383
12452,0.31767112180712326
12453,0.3041251156307598
12454,0.3130362110977993
12455,0.31008180470269986
12456,0.3218716592713475
12457,0.3170468336145217
12458,0.3197686629837851
12459,0.30959519717311457
12460,0.32903310569139377
12461,0.30420816058774724
12462,0.314456105957322
12463,0.3248301029853872
12464,0.31729691201103294
12465,0.3167323916418371
12466,0.31140406555565414
12467,0.31376406484698155
12468,0.3143952339105619
12469,0.31916383014769134
12470,0.3084166987852815
12471,0.3205717583850066
12472,0.3149406951743427
12473,0.30229470495603933
12474,0.3146775928159235
12475,0.31209949672058096
12476,0.3263521879267973
12477,0.32007878853506894
12478,0.31252166906684864
12479,0.3100278439454793
12480,0.31359347065168636
12481,0.3142210681246681
12482,0.3111749950155984
12483,0.31873713342370114
12484,0.3136616068458327
12485,0.32365890263531
12486,0.31631537491162226
12487,0.31297933426003327
12488,0.30837739329972597
12489,0.31369376077639255
12490,0.31476853882547284
12491,0.31770075610692
12492,0.3164395454908226
12493,0.3155153998819277
12494,0.31080618197415727
12495,0.31784094963419296
12496,0.3135533721741947
12497,0.32789465252897243
12498,0.3128885724089235
12499,0.309446841938805
12500,0.30832798316282073
12501,0.317467386155459
12502,0.3034078275322646
12503,0.3067204626848323
12504,0.3149944858288514
12505,0.3175220325801639
12506,0.3078835334934295
12507,0.3102777919417141
12508,0.3121895207919658
12509,0.3191989888509438
12510,0.3171352179941904
12511,0.32354847530984693
12512,0.3197502497782054
12513,0.31965862533924705
12514,0.32236380056022274
12515,0.3196457252544437
12516,0.3221218862959146
12517,0.3098433620043031
12518,0.3189718645416117
12519,0.32169626098835796
12520,0.3183501055671582
12521,0.3135233666632913
12522,0.31993250126403705
12523,0.31259628519277355
12524,0.3136227206896658
12525,0.3168164822263157
12526,0.31952243927404345
12527,0.30727800317982945
12528,0.3093930286167129
12529,0.3086997946919809
12530,0.3122072914422792
12531,0.3182556990186861
12532,0.31029432033285864
12533,0.3171262533690529
12534,0.3161636686380645
12535,0.3165811183609314
12536,0.31673894253780754
12537,0.3134525170203555
12538,0.3107107691458235
12539,0.31720881786963756
12540,0.32035925045304336
12541,0.312125210044035
12542,0.32136582298675487
12543,0.3194594670991941
12544,0.31866192493289786
12545,0.31834449134012915
12546,0.3124421300495233
12547,0.3184671026672496
12548,0.3125424351143708
12549,0.3095608070810803
12550,0.3181798065309105
12551,0.3122191356195747
12552,0.3161666741189509
12553,0.315697353252104
12554,0.31506755734665326
12555,0.3225388529008695
12556,0.3111505560497436
12557,0.3190008777065005
12558,0.3201887129116199
12559,0.3190402157444343
12560,0.3102718421162228
12561,0.32218879374844045
12562,0.3216860586257535
12563,0.30969176998166115
12564,0.31563754915839104
12565,0.32417912613728533
12566,0.31788855679616307
12567,0.30658114122143476
12568,0.32139464933309186
12569,0.32286059569378023
12570,0.32327441449116096
12571,0.31794670014526344
12572,0.3206260675630948
12573,0.3107510723225962
12574,0.31407426263971294
12575,0.3051682636560054
12576,0.3162504651586492
12577,0.31290978661531726
12578,0.31912213925789407
12579,0.3239990226554663
12580,0.3213259269014017
12581,0.31664033508952255
12582,0.30925579126898584
12583,0.3145565940045675
12584,0.3180380594101719
12585,0.3079085580315083
12586,0.30859286039458594
12587,0.3123913011887677
12588,0.3146529892605358
12589,0.32063077313592897
12590,0.3145171764852842
12591,0.3180651533374477
12592,0.320988993376972
12593,0.31891847562738346
12594,0.31035234045546445
12595,0.317388183180391
12596,0.3234595052661438
12597,0.3213807902108159
12598,0.32059276399183273
12599,0.32965147982420107
12600,0.330254455935869
12601,0.3320895574179684
12602,0.33441110697775484
12603,0.314173837420636
12604,0.3200268682822819
12605,0.315520684011082
12606,0.32229825519134825
12607,0.3143019509681264
12608,0.30961999950492136
12609,0.31938670988263734
12610,0.3208911094073998
12611,0.3107871578007022
12612,0.31598617086707964
12613,0.31325401359058835
12614,0.3172190076556111
12615,0.3126289466772309
12616,0.31983478638284657
12617,0.31806199436160615
12618,0.32071549709143454
12619,0.31457771958744346
12620,0.3217418187741961
12621,0.31499281557314257
12622,0.31240336536783436
12623,0.32362584245887355
12624,0.32420477759765765
12625,0.3125299136435761
12626,0.3111649610302782
12627,0.31410817810890906
12628,0.314167518402762
12629,0.3076871549068123
12630,0.3081000564419063
12631,0.31722284953973795
12632,0.308391062066036
12633,0.31584579915800304
12634,0.30961675429291213
12635,0.3125581380157939
12636,0.3071838292163347
12637,0.30919179164362676
12638,0.3224469575615898
12639,0.31045074105093384
12640,0.31400146620568464
12641,0.32162168489762927
12642,0.302209076007337
12643,0.32190314065817754
12644,0.3113308551197391
12645,0.3215247190171043
12646,0.3100388901734521
12647,0.31477871689453923
12648,0.3154849135666322
12649,0.31266483593421335
12650,0.312207908482271
12651,0.31357157746485054
12652,0.31296752096337793
12653,0.32229629926162623
12654,0.31261169885674156
12655,0.3107005127852301
12656,0.31062033066032485
12657,0.3085948382495134
12658,0.3141984716562793
12659,0.31318227183619896
12660,0.30643160947607806
12661,0.30835219523160967
12662,0.3137557976509729
12663,0.30661692454680173
12664,0.3178948726094479
12665,0.3083311223910796
12666,0.31103793694628507
12667,0.31003485447735646
12668,0.31963013451330446
12669,0.3241997756166959
12670,0.32877906036717336
12671,0.3072953630046206
12672,0.31453714575079345
12673,0.31988949864638927
12674,0.3155660893335826
12675,0.31448115753040684
12676,0.31928741852231957
12677,0.31909937458499815
12678,0.3174040029623617
12679,0.3217779320796249
12680,0.32359007470934054
12681,0.3061449393080932
12682,0.3138586309902482
12683,0.3248293431793042
12684,0.32008317772052247
12685,0.3098188734798912
12686,0.31108167363802236
12687,0.31521599539765244
12688,0.32198983580169904
12689,0.31683514657007944
12690,0.31053474835384887
12691,0.3089070475050213
12692,0.31537646394685775
12693,0.3152877568559645
12694,0.3047128716817588
12695,0.32002503116094466
12696,0.3207511628882848
12697,0.30705703951784247
12698,0.31639516522456085
12699,0.3042923194964314
12700,0.3052335356583705
12701,0.3138623313595977
12702,0.31093001084829147
12703,0.3198863343733061
12704,0.32020324690021623
12705,0.3111089609351447
12706,0.329050777084346
12707,0.31632364737396407
12708,0.32990562811339313
12709,0.31390701036973245
12710,0.31454897429996487
12711,0.3050573410404697
12712,0.31575006331935784
12713,0.31993098183742985
12714,0.3084526976622475
12715,0.31247261363836254
12716,0.31330103833442974
12717,0.3196712168070041
12718,0.3170179041771457
12719,0.3121757270572147
12720,0.3154218487380815
12721,0.31071644597728093
12722,0.3153879855814744
12723,0.3107338090081753
12724,0.3096547315315681
12725,0.31328824911955677
12726,0.312383541778845
12727,0.31842126040753854
12728,0.31493636975270206
12729,0.318647598500617
12730,0.3091302055087834
12731,0.30900248138191266
12732,0.31909686787217195
12733,0.31509049385465
12734,0.3129787413229366
12735,0.30876420291274503
12736,0.3135745154893532
12737,0.3178682455301213
12738,0.31248540476067105
12739,0.30578361827718686
12740,0.31300723542346026
12741,0.3141239459114834
12742,0.31646366790438896
12743,0.30834256237631447
12744,0.3148479756536348
12745,0.31890082488760807
12746,0.3091430378931018
12747,0.3137692769366734
12748,0.30561189930757804
12749,0.31087558751197764
12750,0.3170190911588921
12751,0.32737272369781895
12752,0.31436227913097264
12753,0.3176416691464713
12754,0.3101437913299291
12755,0.316628522566416
12756,0.3129009440216709
12757,0.30731568737400866
12758,0.3128361905536923
12759,0.3124599827281186
12760,0.3105278401971438
12761,0.311796711227992
12762,0.30972473244856247
12763,0.3172565781698928
12764,0.30372259229503396
12765,0.300896922973189
12766,0.31507454671292
12767,0.31293184233752913
12768,0.30839951170885177
12769,0.31752421176523066
12770,0.3196818587762122
12771,0.30709734306176006
12772,0.31500883037384386
12773,0.3068025899627981
12774,0.31798997568505705
12775,0.31070327282499377
12776,0.31218514743622583
12777,0.31640308602090284
12778,0.3214747612930799
12779,0.32294694616702324
12780,0.3163783881394537
12781,0.3231964350297872
12782,0.31344928641079134
12783,0.3143997789138219
12784,0.31557983694759745
12785,0.31728345836732624
12786,0.3197454212146626
12787,0.3145894986721722
12788,0.31598147667206417
12789,0.3123080682833957
12790,0.31555096445147923
12791,0.3139770225107935
12792,0.3114098232482423
12793,0.3212239183292163
12794,0.3122411399814658
12795,0.3115771915295152
12796,0.3179639921195904
12797,0.31508701671283157
12798,0.3159735597604081
12799,0.32038552540501114
12800,0.3118028014227055
12801,0.31120622434489503
12802,0.3135502510974235
12803,0.313025917017611
12804,0.31022105307252246
12805,0.3147350143086378
12806,0.31149544215461705
12807,0.3120799059852989
12808,0.3110219042170589
12809,0.32014999825563856
12810,0.31096382597644473
12811,0.31375581540507186
12812,0.3168099726507955
12813,0.32335973004977014
12814,0.3138709205169113
12815,0.31139680479051857
12816,0.31474065172458854
12817,0.31548755170469356
12818,0.3127293163184217
12819,0.31617790233925924
12820,0.31400305964515346
12821,0.31305243281763806
12822,0.3330734224679024
12823,0.324571387732997
12824,0.3090245620229235
12825,0.30915794790702344
12826,0.31771826090768823
12827,0.31383439417603
12828,0.30871656558697486
12829,0.31397225280955066
12830,0.31674747493797833
12831,0.32274695137417936
12832,0.322630345222383
12833,0.31873407568196876
12834,0.31789234391760535
12835,0.3167517151467108
12836,0.31785551874716267
12837,0.31388243579424835
12838,0.3212891723144976
12839,0.3135452037831389
12840,0.30128270202649854
12841,0.3142391353737852
12842,0.32132024094338424
12843,0.30328316526171717
12844,0.30973892485615523
12845,0.3109403895606767
12846,0.31078660985284706
12847,0.3134935001175721
12848,0.3073554587704665
12849,0.3202353529406108
12850,0.3130317096156015
12851,0.31480911188078453
12852,0.3147306265187142
12853,0.31031837854858685
12854,0.30658636878160705
12855,0.30142728342857983
12856,0.31409929167451084
12857,0.3150957128889891
12858,0.31331941450627626
12859,0.3125016866246095
12860,0.3018615783381107
12861,0.31178168418956465
12862,0.30908062393764607
12863,0.31523161817547596
12864,0.3189309968507295
12865,0.3143947694484293
12866,0.3140369241844763
12867,0.30745320350393546
12868,0.3145178957475157
12869,0.3223759500319726
12870,0.3086099716321382
12871,0.32257117242394545
12872,0.3062103228796452
12873,0.3143422930728925
12874,0.31604185611168284
12875,0.31615564491266346
12876,0.3088366270809483
12877,0.3131294311391523
12878,0.3216850048221336
12879,0.3191191466754803
12880,0.30917573131019155
12881,0.3090728026068576
12882,0.3191263213663217
12883,0.3161932152767776
12884,0.3143518478664626
12885,0.30725642135868947
12886,0.32112630908741147
12887,0.31095207074443393
12888,0.31420792680895104
12889,0.30358039655936364
12890,0.3210080164819804
12891,0.3178458200481171
12892,0.31683689618070243
12893,0.31247662432101925
12894,0.31072873398813156
12895,0.3081416635488228
12896,0.3078362911773577
12897,0.3194680885283691
12898,0.3131522451866178
12899,0.30159284746794546
12900,0.3219405145005436
12901,0.30840437452407904
12902,0.3082708800227257
12903,0.3096362699480473
12904,0.320229965691111
12905,0.32153585444240196
12906,0.31049844314056113
12907,0.3186549276873658
12908,0.2951715974675373
12909,0.31873230882251097
12910,0.3012042094109594
12911,0.314672196438224
12912,0.3113495974267802
12913,0.3102790028956322
12914,0.3159923158489231
12915,0.30485201276208335
12916,0.30910280530944223
12917,0.32022182254158105
12918,0.3067949746777524
12919,0.30421957618095624
12920,0.3101161553402782
12921,0.3187260042510951
12922,0.31147072685466654
12923,0.32017465553234187
12924,0.31505658151420673
12925,0.30302291277108473
12926,0.31221232316847825
12927,0.30693585139892754
12928,0.3118050804786672
12929,0.31283568810204404
12930,0.31489689229730644
12931,0.3180519145494074
12932,0.30727734072063795
12933,0.308200635504805
12934,0.30461473760326535
12935,0.3120376092126926
12936,0.3085172059690834
12937,0.31590395552418604
12938,0.31531648013817565
12939,0.3201942788040663
12940,0.3100765489864545
12941,0.31854937060519745
12942,0.30714879404352524
12943,0.309448115313513
12944,0.3183639221863004
12945,0.31126788069618544
12946,0.3145982549716216
12947,0.31836501886956803
12948,0.3205436885136537
12949,0.31287829143674856
12950,0.3160206437099116
12951,0.3125367642982251
12952,0.30880272161105304
12953,0.31234450511759615
12954,0.3079108971568042
12955,0.3170584347549406
12956,0.31146861047334584
12957,0.30375214059960615
12958,0.32037111294782616
12959,0.31099887925997527
12960,0.3108609344636824
12961,0.31107785433342344
12962,0.303091055783833
12963,0.3155902576018885
12964,0.3048264905096596
12965,0.3066302701064537
12966,0.3203359911851601
12967,0.31682245927254743
12968,0.30948457113662636
12969,0.30774772646771403
12970,0.3146838813681874
12971,0.3056879007527721
12972,0.3060306090672231
12973,0.3127496318499987
12974,0.310729300253955
12975,0.30309469557839536
12976,0.3081095814091949
12977,0.3110448525348351
12978,0.30910503676275375
12979,0.31986310887380215
12980,0.3159491738428604
12981,0.3031545540210525
12982,0.3066722470761973
12983,0.31771069280087777
12984,0.32298805030978567
12985,0.31101454500620945
12986,0.3183101129780679
12987,0.32016170631235125
12988,0.31630174459417576
12989,0.31347458426434055
12990,0.31939615290905055
12991,0.3175374434901514
12992,0.3265111573312478
12993,0.3143576377955547
12994,0.31573203293251534
12995,0.32169638651834426
12996,0.31072747278590446
12997,0.3152140713802819
12998,0.307880056284886
12999,0.29969499035288555
13000,0.3045803809360157
13001,0.3101761665790363
13002,0.3103539300424573
13003,0.3137234505502304
13004,0.3151860933368691
13005,0.31455033942676397
13006,0.30533624189030945
13007,0.3111457604625424
13008,0.32239544281506843
13009,0.31397117114335754
13010,0.3094768183477294
13011,0.31277501640489425
13012,0.30752223570987275
13013,0.3127556173348819
13014,0.30543797648716325
13015,0.31345286388667426
13016,0.31444725959000497
13017,0.3170182487448148
13018,0.3111853182564932
13019,0.30452072336630315
13020,0.3119324945534989
13021,0.31567101567200534
13022,0.3152398786874691
13023,0.30554078984521665
13024,0.31252324568080647
13025,0.30732468173372157
13026,0.29545975578009276
13027,0.3205885591055716
13028,0.30348545559821266
13029,0.3059410144804546
13030,0.3204781465992554
13031,0.31434784815970496
13032,0.3179108745006263
13033,0.31749290502243327
13034,0.30593452929981796
13035,0.3133457591823666
13036,0.32301787344803407
13037,0.3160175739758211
13038,0.3046118796502197
13039,0.30833541568131057
13040,0.32670991463654153
13041,0.3014326460330272
13042,0.3106833897452182
13043,0.31450170893883617
13044,0.3132587190160842
13045,0.31853759615137456
13046,0.3177884384352281
13047,0.3160877187416795
13048,0.3223958969627794
13049,0.30004556781648833
13050,0.31633216913771606
13051,0.30288349671978354
13052,0.3174672451652561
13053,0.3181057068983448
13054,0.31660915609636475
13055,0.304987562307693
13056,0.31297880285755203
13057,0.3057748588835849
13058,0.31353798321970855
13059,0.30642727624886074
13060,0.3104239822072575
13061,0.3209591888434368
13062,0.313836816014385
13063,0.30706144081793485
13064,0.3093531649455937
13065,0.3073872718005897
13066,0.31026640241195685
13067,0.3071027866883235
13068,0.3104300350937015
13069,0.31690128877850987
13070,0.3181867757661027
13071,0.3219439833871837
13072,0.3103046301764988
13073,0.3094729463510686
13074,0.3183495928258043
13075,0.3055315699327493
13076,0.312660306472561
13077,0.311203887386449
13078,0.31812109232021957
13079,0.31313851983239904
13080,0.31132858336867125
13081,0.32111078361149786
13082,0.3136163618174074
13083,0.3111892244268057
13084,0.31531855380401025
13085,0.31422205781748214
13086,0.3031534507697053
13087,0.3175160166582386
13088,0.30674909245903176
13089,0.3122377306976847
13090,0.314548725925158
13091,0.310218073875697
13092,0.3090715465310018
13093,0.3142747036241763
13094,0.30455993005395104
13095,0.3133187867371682
13096,0.32143412553967476
13097,0.3187508351659802
13098,0.31864609650436077
13099,0.31720833988031283
13100,0.32161512996475794
13101,0.3155071185673486
13102,0.31172652164869047
13103,0.3088314779888566
13104,0.3105210955486347
13105,0.31026674279005617
13106,0.3108495995985473
13107,0.3068603260345345
13108,0.3142371641744845
13109,0.3041721056204927
13110,0.31797810187320524
13111,0.31951920222315183
13112,0.31130075540660335
13113,0.3060484371726315
13114,0.31504506400041254
13115,0.30565931717149736
13116,0.30817740516561015
13117,0.30730097459658395
13118,0.3096708117921576
13119,0.30996157590105355
13120,0.31492995632460014
13121,0.30356970725446536
13122,0.31691771452754375
13123,0.3106129314415148
13124,0.31345194793209485
13125,0.31348681964069014
13126,0.31016769267445077
13127,0.3093243265877809
13128,0.3087346821938702
13129,0.3127153700523311
13130,0.31108533135332006
13131,0.30776429028770164
13132,0.3111976852068836
13133,0.31497185109248255
13134,0.31324831583747237
13135,0.30966796471384755
13136,0.3122285311738675
13137,0.31870393186891516
13138,0.32405635095701213
13139,0.31784514835211297
13140,0.3149669036275452
13141,0.304217923857837
13142,0.31940306806924496
13143,0.32322972229580493
13144,0.3136771209080442
13145,0.3157244640800873
13146,0.31459173213705516
13147,0.3138717868864556
13148,0.31787063918822184
13149,0.31835482092141826
13150,0.3254275850705946
13151,0.3064233834184168
13152,0.3183424051038905
13153,0.31480869159652836
13154,0.3041969826931459
13155,0.3139520029004572
13156,0.297416697319571
13157,0.3191866238149869
13158,0.309290094022944
13159,0.30962756883145576
13160,0.3033171651929115
13161,0.30745511697441513
13162,0.3179197008871885
13163,0.30435715033936434
13164,0.3045415989080531
13165,0.30603208412372734
13166,0.3115030285378804
13167,0.30863450624239497
13168,0.3111181735737358
13169,0.31021458672342467
13170,0.3116076300595082
13171,0.31836613015638004
13172,0.3194970222708331
13173,0.3091896485826977
13174,0.30632464794810166
13175,0.3140035177257923
13176,0.3082783475575651
13177,0.3104607981887653
13178,0.3122532657037434
13179,0.31228939046209075
13180,0.31576034573601786
13181,0.30181281184395425
13182,0.30269079700176205
13183,0.30494614322644803
13184,0.2977547056554347
13185,0.30559522532716815
13186,0.3061776104267589
13187,0.3154230710032768
13188,0.30591636929748767
13189,0.30941475080352465
13190,0.3013838699790088
13191,0.309137480916356
13192,0.30110697375498885
13193,0.3138007315299614
13194,0.30199483953894074
13195,0.31410957335400846
13196,0.303641244520132
13197,0.3041109880331011
13198,0.3089318871935546
13199,0.3049069349932676
13200,0.29636405837123403
13201,0.30884736345008595
13202,0.30507136374023686
13203,0.3152260650425524
13204,0.3122188615776103
13205,0.31869245661365836
13206,0.3078738365397318
13207,0.31213896295356797
13208,0.31058034868656026
13209,0.31353461443049874
13210,0.3094282693605661
13211,0.311471323660586
13212,0.31284687356027474
13213,0.31622955993293345
13214,0.31260515592889004
13215,0.3179641024158603
13216,0.3120913177949777
13217,0.323623569915367
13218,0.3082726531094984
13219,0.31679074822933584
13220,0.3042387215084257
13221,0.3046889974486884
13222,0.3088640514704496
13223,0.3113052530058561
13224,0.311420548182939
13225,0.307435867759766
13226,0.3090973055875823
13227,0.30777685164506
13228,0.31240970652875377
13229,0.3054928587023821
13230,0.29741040223181847
13231,0.3125475340655748
13232,0.31143928104945084
13233,0.30209299021201974
13234,0.31073879977507973
13235,0.30692151890170094
13236,0.3119097671784525
13237,0.3215825439055641
13238,0.3074102200838461
13239,0.30481323755753403
13240,0.3088903400506627
13241,0.3032297617556194
13242,0.3122587407574066
13243,0.3118029031068162
13244,0.3071730519631176
13245,0.3066332271604889
13246,0.3089763505694554
13247,0.310785157183171
13248,0.31872853300753357
13249,0.31117814674389666
13250,0.3061043546673086
13251,0.3077213923975887
13252,0.31506113292856963
13253,0.318430230168581
13254,0.3135578629878359
13255,0.30229437871837295
13256,0.3043609515232399
13257,0.31156065694590057
13258,0.322334357036934
13259,0.3148630316718788
13260,0.3188515773377202
13261,0.31542868682143205
13262,0.31059732508019827
13263,0.3125375432372488
13264,0.3092956131519362
13265,0.30993335893400703
13266,0.3052353984485343
13267,0.3184735852075201
13268,0.31467027391731067
13269,0.30570606334679234
13270,0.29975705393672225
13271,0.30079357896395936
13272,0.3051982526447276
13273,0.3148874177437702
13274,0.31341615645848114
13275,0.31591622615148607
13276,0.31096478088354
13277,0.3081039395578755
13278,0.30010205057702083
13279,0.3029679690488329
13280,0.30911809716785515
13281,0.31483387693760806
13282,0.30070470197302196
13283,0.30529655075262807
13284,0.30651122798094965
13285,0.31174318929141365
13286,0.30560488618580195
13287,0.31250272740961227
13288,0.3177474835661388
13289,0.31363117754510694
13290,0.3150779524382847
13291,0.315401661794413
13292,0.31128184393874486
13293,0.30775911824694413
13294,0.3196965435829945
13295,0.3067914691180057
13296,0.31552501700880314
13297,0.3149880556937135
13298,0.30930469517146947
13299,0.3124636742903741
13300,0.31026473108783886
13301,0.31252309253703764
13302,0.295797466444444
13303,0.30892888163583077
13304,0.3193199468416918
13305,0.31698949400235515
13306,0.31676149761509576
13307,0.30712868578033947
13308,0.30462394057828823
13309,0.310171587417094
13310,0.31679169447637145
13311,0.3166035210197397
13312,0.308958511088379
13313,0.3141786789234742
13314,0.31030729870128704
13315,0.3130133212490014
13316,0.31871368482642276
13317,0.31814905536422095
13318,0.30325253086948906
13319,0.3048040654686524
13320,0.3134800579503025
13321,0.30969562163739545
13322,0.30418746230184185
13323,0.3159478279355357
13324,0.30822143239855937
13325,0.3074305133279558
13326,0.3017651920099736
13327,0.31598446293258686
13328,0.31028926665976525
13329,0.3100519252725788
13330,0.3102563407657772
13331,0.3065159536060544
13332,0.32502088940205526
13333,0.30203740129897255
13334,0.3110804255241424
13335,0.31403364274626033
13336,0.3127778472964056
13337,0.30646221615553443
13338,0.3083233956457166
13339,0.32006606676405214
13340,0.30827737827766444
13341,0.32033338245202936
13342,0.31726662814444245
13343,0.30935779995052864
13344,0.3000079152069917
13345,0.3163686617836122
13346,0.30926160062559016
13347,0.3140074015146884
13348,0.30959586384351856
13349,0.3053714514157736
13350,0.2954550419494404
13351,0.30233470467861245
13352,0.3185850111513992
13353,0.306323000501109
13354,0.3125891932860914
13355,0.3028211801866248
13356,0.30614517162883265
13357,0.31619019424245703
13358,0.310757347165439
13359,0.3029115227502417
13360,0.3094103485561176
13361,0.3119155458956907
13362,0.3182989371261132
13363,0.3116764488991566
13364,0.3017082551918967
13365,0.3147159395065379
13366,0.3144101983620908
13367,0.3113851577329314
13368,0.3174390244558738
13369,0.31391431015066074
13370,0.3100856939663224
13371,0.32147360551314574
13372,0.3174848720511348
13373,0.3142687387320474
13374,0.30430565116327307
13375,0.3093687567164165
13376,0.3117802846157341
13377,0.31270233833532557
13378,0.31209339193067015
13379,0.31158943989184523
13380,0.3100657614642095
13381,0.314289896876406
13382,0.3061301396996631
13383,0.30905965971306576
13384,0.31021645273138637
13385,0.3073396963109261
13386,0.308752771735403
13387,0.3176083954091144
13388,0.3030736857403564
13389,0.3111284585621579
13390,0.30632278377426797
13391,0.2994079457421758
13392,0.3053449895214538
13393,0.30835790638758315
13394,0.3023352182235927
13395,0.30423730515623776
13396,0.309634440645506
13397,0.30621648404784524
13398,0.3079493984493
13399,0.31835490021188234
13400,0.30734586157544125
13401,0.30073145108276433
13402,0.30960628893534026
13403,0.303882030283293
13404,0.3141663008514912
13405,0.3169029858067755
13406,0.3080579856770666
13407,0.3070218316721065
13408,0.3104383925479401
13409,0.31210674768589153
13410,0.3076259841856577
13411,0.2997628682791925
13412,0.3000012828360603
13413,0.3021785936456798
13414,0.3147140994299009
13415,0.3115425738836521
13416,0.3094115211009866
13417,0.30817602299152724
13418,0.31491989816994026
13419,0.318473666512493
13420,0.31256506406929385
13421,0.30261876390855674
13422,0.3123901600807882
13423,0.31398744746002527
13424,0.3182184904986048
13425,0.3133121092397084
13426,0.3105889388193388
13427,0.3162382799657306
13428,0.30372532408961883
13429,0.3198567169319961
13430,0.3044677610009688
13431,0.31474410047832285
13432,0.3166329068635448
13433,0.32090338944971175
13434,0.3042725573599749
13435,0.3191915782293842
13436,0.3108134472515882
13437,0.3121279500967992
13438,0.32329859039213843
13439,0.30460105469511517
13440,0.30741577586946844
13441,0.31605247691264254
13442,0.30838813472756266
13443,0.30549240875536926
13444,0.31597666931853036
13445,0.30873103998230833
13446,0.3007447472343324
13447,0.30661016445442835
13448,0.30106676584085684
13449,0.30614989800040376
13450,0.3126887558890484
13451,0.30665031105513474
13452,0.3132035563473874
13453,0.30879562354860357
13454,0.3128427358762321
13455,0.3037962115189731
13456,0.3061797425216312
13457,0.3116697772825653
13458,0.308545930329214
13459,0.3149629079084677
13460,0.3151082468395732
13461,0.304993756032578
13462,0.3083942388588299
13463,0.3124478935258947
13464,0.3108924110574559
13465,0.3120675018048673
13466,0.30945476383122267
13467,0.3048315197820567
13468,0.3099062490497592
13469,0.30486116902196875
13470,0.3062562181213561
13471,0.31132855759846234
13472,0.3112354063881188
13473,0.3114977955572381
13474,0.3093441791978181
13475,0.31606909764600705
13476,0.31497398557948647
13477,0.31600325483174774
13478,0.3145460179778733
13479,0.30960721791855533
13480,0.31035449380122787
13481,0.3096884719754065
13482,0.3142450108611424
13483,0.30079126843845944
13484,0.30723651634152643
13485,0.30633682465074397
13486,0.3188711682004733
13487,0.3203622119856622
13488,0.3063280905889754
13489,0.3060246650814983
13490,0.30347268438128255
13491,0.3095083346015547
13492,0.3149671037626944
13493,0.3158384503264975
13494,0.3036040783197607
13495,0.3209395600002827
13496,0.3030134965772672
13497,0.31791571224820075
13498,0.3138435357318031
13499,0.31584532526561915
13500,0.3118634621805426
13501,0.3153544787390846
13502,0.307785965168607
13503,0.30577826989237294
13504,0.3181008293409954
13505,0.31339535234950583
13506,0.3153429089344074
13507,0.3034276589216451
13508,0.3074285152407756
13509,0.3089624917948891
13510,0.3075183113468031
13511,0.3077098408362872
13512,0.30626868400027973
13513,0.31304724263813505
13514,0.31249505719632203
13515,0.30982213587331675
13516,0.31129307873192785
13517,0.31205055664378234
13518,0.30005287728317936
13519,0.3025800752061375
13520,0.31650763997951775
13521,0.31078853458155825
13522,0.3051730713341985
13523,0.29318375703442723
13524,0.30444465543901367
13525,0.30151745609515385
13526,0.31651149179648835
13527,0.3112313561080863
13528,0.3119120140418118
13529,0.305064743016706
13530,0.2986689130780586
13531,0.2980659254608554
13532,0.3110863302673093
13533,0.31335485713102545
13534,0.30874193701067704
13535,0.3071002934268337
13536,0.3159164037728725
13537,0.3062343460940982
13538,0.31412519591553556
13539,0.30839274014797086
13540,0.30939014369023543
13541,0.31515766840540943
13542,0.30895952525505715
13543,0.30842011045102175
13544,0.310254760604013
13545,0.30601496351747337
13546,0.3027520843084001
13547,0.3110689545258424
13548,0.3032865483538446
13549,0.30432409068209865
13550,0.30766620719058524
13551,0.30750651837605003
13552,0.304786393944177
13553,0.29817563509034734
13554,0.31686896997659814
13555,0.3105768813542248
13556,0.30849676649902463
13557,0.319530371283407
13558,0.3102625985188422
13559,0.31256024403682064
13560,0.3100827900308427
13561,0.3128826834064125
13562,0.3197404710787698
13563,0.3164093983425881
13564,0.3158934012349452
13565,0.31325915061288623
13566,0.30420160364982696
13567,0.3134793085006581
13568,0.3103712030215795
13569,0.30245469178215817
13570,0.31599345691848696
13571,0.30323682810935987
13572,0.3129910928277128
13573,0.30917907830057184
13574,0.3123297762465968
13575,0.3062660884206457
13576,0.32230826387280614
13577,0.31303956173297476
13578,0.3162697169765722
13579,0.30628904958227426
13580,0.31907257836650355
13581,0.32114291709423715
13582,0.29921292615508843
13583,0.3070715180340383
13584,0.298079813393231
13585,0.309255622681979
13586,0.31494304528315875
13587,0.32251209270733355
13588,0.3144583242181047
13589,0.32015387083675223
13590,0.318351402390949
13591,0.30406572018855504
13592,0.30750441802354783
13593,0.30746770426509124
13594,0.3017603054419588
13595,0.30910175408101287
13596,0.3042419035307974
13597,0.2979543896329705
13598,0.3007028441560036
13599,0.30334574999789476
13600,0.3084005510823075
13601,0.3094772548129956
13602,0.312757495860997
13603,0.3133139506204262
13604,0.30507322031608547
13605,0.30687519082704623
13606,0.30603055120022765
13607,0.3094653131327952
13608,0.29821101649056964
13609,0.3027097515658688
13610,0.30348891867912714
13611,0.3035854650288744
13612,0.3061016470573375
13613,0.3098366119316159
13614,0.307658353625846
13615,0.30420745059158855
13616,0.30725993765619436
13617,0.29841670924871555
13618,0.30450610324823624
13619,0.30081005320897236
13620,0.3085924202341827
13621,0.29743376974975105
13622,0.3149363442184271
13623,0.3028124915079369
13624,0.30313833010209723
13625,0.299130838896077
13626,0.3063487269542528
13627,0.3080466524892545
13628,0.2993172484020719
13629,0.3046815988748291
13630,0.3121359853303666
13631,0.30790726488960696
13632,0.3073028886257854
13633,0.30462884281280544
13634,0.3032774996561242
13635,0.3077727226715413
13636,0.31083655520005826
13637,0.30514288977010984
13638,0.30754406148122204
13639,0.31526033331229675
13640,0.3136574285319129
13641,0.2998115567632382
13642,0.32392900365040217
13643,0.3122464076642489
13644,0.307009163526334
13645,0.3134620917290734
13646,0.3110024447347093
13647,0.3106685368989778
13648,0.309226343844104
13649,0.305058037222421
13650,0.3070930253492256
13651,0.31958494082499805
13652,0.3046790816666048
13653,0.3073935171207338
13654,0.30860186215458546
13655,0.2979193469212918
13656,0.3058553183561073
13657,0.2996238351976579
13658,0.3087516996861407
13659,0.29956512567788707
13660,0.30387242158482575
13661,0.3062112743532031
13662,0.30236655984677013
13663,0.3064164621173035
13664,0.3069944598912751
13665,0.3057318250710999
13666,0.30569678699015823
13667,0.29986887011976104
13668,0.3041208681259177
13669,0.3057060357896929
13670,0.30855180152126166
13671,0.30038772762695487
13672,0.30927662126383854
13673,0.30171391138290476
13674,0.312795702376923
13675,0.31559760196254993
13676,0.312789257543982
13677,0.3175993377134524
13678,0.31434482679140846
13679,0.30477258817226904
13680,0.3054825914284956
13681,0.3154101317644494
13682,0.3075029942301206
13683,0.3114557616665302
13684,0.307983244429447
13685,0.3079283542393204
13686,0.3046122129114693
13687,0.3065132882258323
13688,0.31790760522469647
13689,0.31078471326640955
13690,0.31036804102087256
13691,0.3081704854366637
13692,0.29525695133903795
13693,0.2986258050155497
13694,0.3035194112691201
13695,0.31507494238118655
13696,0.31015277066235597
13697,0.3061586572244005
13698,0.3038866314000351
13699,0.3087052549782148
13700,0.3094409888521014
13701,0.31590272430348504
13702,0.30546318434555286
13703,0.29700898453172947
13704,0.29499717627194294
13705,0.3004941223767875
13706,0.3106217514693532
13707,0.3090372283013714
13708,0.3072943092053664
13709,0.3082617786842628
13710,0.30920009609012084
13711,0.30745635774817104
13712,0.3038103437548815
13713,0.2981901331424365
13714,0.29830068078183236
13715,0.2983860354176928
13716,0.30751305315932054
13717,0.2989416126507179
13718,0.31511495296665365
13719,0.3119640416548092
13720,0.2994136504196325
13721,0.30766776801076967
13722,0.3105410892243803
13723,0.31628341140377836
13724,0.30950343555831117
13725,0.30882509820560045
13726,0.3161950715986887
13727,0.3074847983851742
13728,0.30600639051941547
13729,0.30307929051512905
13730,0.30723487041997033
13731,0.30656319537509014
13732,0.30685556944821096
13733,0.30796875966464154
13734,0.3119377326517924
13735,0.3043778307354134
13736,0.3045197270429163
13737,0.31179285370857085
13738,0.31784432804577756
13739,0.31804049234508575
13740,0.3082250333164344
13741,0.31252371294065867
13742,0.3087743085884222
13743,0.3013695715811466
13744,0.3125333112390887
13745,0.3121178374393607
13746,0.30606412296922364
13747,0.3030012984329733
13748,0.3194885737074487
13749,0.3019953257284234
13750,0.30086816411676615
13751,0.31110898102247836
13752,0.30579622305274917
13753,0.3092278360297244
13754,0.306515914742453
13755,0.3039785139836843
13756,0.3069987933231232
13757,0.3122773049380209
13758,0.30537518266470914
13759,0.3104276482728563
13760,0.3084946304470671
13761,0.31571263421862367
13762,0.3060940180949431
13763,0.30336663983010664
13764,0.30221753786486366
13765,0.3154997149541943
13766,0.3069973850211541
13767,0.3138921104034582
13768,0.3230605273983649
13769,0.30973546830713566
13770,0.3183895410848581
13771,0.32045074892637015
13772,0.3127523706589269
13773,0.3059745606630904
13774,0.29847137105740584
13775,0.31046432950414665
13776,0.3000668353962321
13777,0.30791464692163006
13778,0.30560121478934216
13779,0.3099622356650212
13780,0.3119385278062516
13781,0.30940294337386787
13782,0.31885358144661935
13783,0.3102065446558708
13784,0.31445290972014067
13785,0.31004916452473574
13786,0.3055327815642391
13787,0.3059822167734537
13788,0.3059452830263358
13789,0.303241863081724
13790,0.30459969795947617
13791,0.31396156258687863
13792,0.3136734098242931
13793,0.31043965919737554
13794,0.31274246038679365
13795,0.3115886522723589
13796,0.29831262541507636
13797,0.3062214867594489
13798,0.310950925943049
13799,0.30401356003059393
13800,0.31363059752275646
13801,0.3278727794691743
13802,0.3188794040464493
13803,0.3113930491254817
13804,0.32006516085203796
13805,0.30904336761442847
13806,0.30841728077372016
13807,0.3085118210925912
13808,0.3075499534258985
13809,0.31316743527326835
13810,0.3064603362140913
13811,0.3085132701603347
13812,0.31038905596523775
13813,0.31035441613138426
13814,0.3134218373739464
13815,0.3137655206008007
13816,0.3120898552291594
13817,0.3085050643041028
13818,0.3109135635497254
13819,0.299978054025333
13820,0.31028549279242523
13821,0.307480127843361
13822,0.30223694816285834
13823,0.3051935191523636
13824,0.3047703948999699
13825,0.3128944414711286
13826,0.3008613530561511
13827,0.3127471850826024
13828,0.31193639729709854
13829,0.3124206788870047
13830,0.31239143004794123
13831,0.3187241212923103
13832,0.3089325142337262
13833,0.3210225299870416
13834,0.3054947773139748
13835,0.308730371731751
13836,0.31908412572964856
13837,0.31183700986114604
13838,0.31177434034776463
13839,0.30753538856663787
13840,0.30858255153544834
13841,0.3062167158004446
13842,0.3077544398834698
13843,0.30995089411068827
13844,0.31063429567578194
13845,0.3177531921445974
13846,0.30396682464084684
13847,0.30314298781188453
13848,0.29990424834322404
13849,0.3082463192836474
13850,0.3033705211722639
13851,0.3082532428795184
13852,0.3136020905543526
13853,0.30587961287539495
13854,0.30634406082892135
13855,0.31198385774291304
13856,0.29889119569478256
13857,0.3128038141933249
13858,0.307054850678377
13859,0.31515845516259583
13860,0.3069499684622853
13861,0.3073622820905396
13862,0.3093849320219984
13863,0.3055938640052839
13864,0.3056656946477815
13865,0.3048948080221747
13866,0.31507448873872573
13867,0.3087172374937249
13868,0.3150349332597707
13869,0.3103360669393534
13870,0.31104401427942024
13871,0.31119044221819947
13872,0.31223251960294707
13873,0.3062197800994968
13874,0.30535279343291
13875,0.3068633013875308
13876,0.3074772082407772
13877,0.305903571895021
13878,0.3169670149001835
13879,0.31322878856523856
13880,0.3086612629488609
13881,0.3027153437895596
13882,0.3127795657622104
13883,0.30551035822684164
13884,0.3096437486804041
13885,0.30601666594439186
13886,0.3086388606899802
13887,0.31036337255601304
13888,0.2993252980062354
13889,0.3095838339271143
13890,0.3112835741708844
13891,0.3076630266312881
13892,0.31164319053110184
13893,0.3155868894211311
13894,0.3174204681184431
13895,0.3169476496524568
13896,0.3055326031357536
13897,0.31558647106288784
13898,0.30951193084305506
13899,0.3129148214593091
13900,0.29430986354817856
13901,0.30311023713269447
13902,0.30001692853465844
13903,0.3119501450825655
13904,0.31474863206954334
13905,0.3134210378420679
13906,0.29945308511125757
13907,0.3179882797245877
13908,0.3107472920892122
13909,0.3095468147386725
13910,0.3249401581032508
13911,0.3208984632116546
13912,0.30122637978521
13913,0.3092700447982667
13914,0.3095806411487242
13915,0.3070376085455541
13916,0.30268899945074174
13917,0.31796709018352326
13918,0.3113209762615091
13919,0.30916740871480736
13920,0.3041695134310092
13921,0.30125679789762766
13922,0.30972177685698626
13923,0.30489949119928667
13924,0.3030353943308531
13925,0.31024412632319737
13926,0.30757590767611576
13927,0.308027076954677
13928,0.30501748774962134
13929,0.32203983612536585
13930,0.2987485689860434
13931,0.3040079833132117
13932,0.30584118200069726
13933,0.3067555048619671
13934,0.31066247052874374
13935,0.3069135693385338
13936,0.302279480822299
13937,0.3086037456859549
13938,0.31000374359733046
13939,0.30916803128557807
13940,0.30226046970741305
13941,0.30886112551322686
13942,0.30658410433139155
13943,0.30816416084989845
13944,0.3016148203524956
13945,0.3149796795170063
13946,0.30860140093847366
13947,0.3036274361669292
13948,0.3107325608588522
13949,0.2995327831660773
13950,0.3068151581674388
13951,0.31226536941291
13952,0.2920989702370307
13953,0.30926681233680475
13954,0.30574226394609344
13955,0.3029104852825257
13956,0.30756921406203935
13957,0.3127231835910327
13958,0.2944157131220628
13959,0.2980009978145322
13960,0.3050244430045148
13961,0.3010410845259528
13962,0.30575318251482225
13963,0.2971049446890853
13964,0.30352018223573507
13965,0.3045979497477202
13966,0.2998697590645267
13967,0.3109637757677032
13968,0.30591082802993524
13969,0.30100382040706747
13970,0.31390960824525793
13971,0.3087162699247876
13972,0.30210694399044324
13973,0.30516644698524
13974,0.29787354589780546
13975,0.3031738784358227
13976,0.30150760775260715
13977,0.31340462130263236
13978,0.31891681435719343
13979,0.3131613891109791
13980,0.31014419188317044
13981,0.307435838539669
13982,0.3094216805774998
13983,0.3145908628928714
13984,0.3090640647827147
13985,0.3042549763356182
13986,0.3180675432217741
13987,0.29563088863842873
13988,0.3123665951777021
13989,0.3175374029715875
13990,0.31219242360400806
13991,0.3110863871079898
13992,0.30685018586727897
13993,0.31953465978580675
13994,0.3104251319178944
13995,0.2999991752390322
13996,0.31636868726254713
13997,0.3094067928017693
13998,0.3071148134210978
13999,0.3136972549076632
14000,0.31468027115259284
14001,0.30959145455640846
14002,0.3094777986718046
14003,0.3127470998432303
14004,0.32018968133279424
14005,0.305785985954175
14006,0.29281953817588413
14007,0.29785617329496
14008,0.30542100565725466
14009,0.30815347768460416
14010,0.3073835391371824
14011,0.3117331668846211
14012,0.3172680979107127
14013,0.31223974265666515
14014,0.3092938798824946
14015,0.3075439622853971
14016,0.2960006735392054
14017,0.3027644726297484
14018,0.3105437777478429
14019,0.3068757232584859
14020,0.31866161377148927
14021,0.30140044920699344
14022,0.304981636580325
14023,0.3101391487776624
14024,0.30597093814898585
14025,0.3060996696357913
14026,0.3190605755893176
14027,0.3069364751627279
14028,0.3035593543031711
14029,0.3103906673074786
14030,0.31593369320756315
14031,0.31531881583956733
14032,0.30693887189580665
14033,0.3140118629148928
14034,0.31340526288919346
14035,0.31134263412023694
14036,0.32189866622009117
14037,0.3106301512672352
14038,0.31412480348270455
14039,0.30958506276075415
14040,0.30948408800957605
14041,0.31399570277544525
14042,0.3052096653339206
14043,0.3058984776015831
14044,0.3040459929753524
14045,0.3155414537193857
14046,0.3076426909208717
14047,0.30496976286077254
14048,0.2967050724015116
14049,0.30572053283890666
14050,0.3059416598386047
14051,0.3008930560601119
14052,0.3112528813107696
14053,0.30336121405020144
14054,0.32513620965951395
14055,0.2967052364853826
14056,0.2988939625771694
14057,0.30810123259011707
14058,0.31005125147699547
14059,0.30668775495524114
14060,0.3033743630200488
14061,0.2980841298122541
14062,0.30569439038245344
14063,0.3080948546158138
14064,0.3030236113422988
14065,0.304633443312641
14066,0.3093533060986551
14067,0.3099588914704811
14068,0.30587399974646623
14069,0.3153347333907158
14070,0.30873550291080043
14071,0.31681922211369123
14072,0.31047182358299397
14073,0.3031191611031025
14074,0.3019272250779867
14075,0.30987649813262574
14076,0.3113656773283402
14077,0.30935123176992635
14078,0.30641007939308584
14079,0.3089623278800084
14080,0.30477607565270753
14081,0.30689491549953213
14082,0.29992548063804625
14083,0.3153784913977545
14084,0.3112655055053834
14085,0.30899263644285746
14086,0.3131508367777756
14087,0.313850019085817
14088,0.3105099550046238
14089,0.31367374440103024
14090,0.30653168260247077
14091,0.31200576228549703
14092,0.3039987511225904
14093,0.3142474165399745
14094,0.3039047813810737
14095,0.2987332653059713
14096,0.30396556168688843
14097,0.3169559284459313
14098,0.31132617516421085
14099,0.31024587318130054
14100,0.3146671496414964
14101,0.3135496889772577
14102,0.3195816004275414
14103,0.31381394256447226
14104,0.3053659049387465
14105,0.30733974709923123
14106,0.3061522627766606
14107,0.3100771814898475
14108,0.31297481112979764
14109,0.30452975515593467
14110,0.3132769613938151
14111,0.3135113768209924
14112,0.31480711631592045
14113,0.29945447968149225
14114,0.3080342010239703
14115,0.3132893334957262
14116,0.3030142370669979
14117,0.29945358807327177
14118,0.31092917855849983
14119,0.3143572621740535
14120,0.3053643379193722
14121,0.30419545602748393
14122,0.30868436414004397
14123,0.3033395270829021
14124,0.30338949079372374
14125,0.30709190554535604
14126,0.3069926680606646
14127,0.30115296438743205
14128,0.30647322437298097
14129,0.3092820440495808
14130,0.30446969530645995
14131,0.3010478366109728
14132,0.3096947854283668
14133,0.29961580946987415
14134,0.30746042767197074
14135,0.3023426810594344
14136,0.3017722268036252
14137,0.29380158710691645
14138,0.2959087703640169
14139,0.30479370523489024
14140,0.3088500428390994
14141,0.29410376930016363
14142,0.3142254538381808
14143,0.3201262379184112
14144,0.31021726991087295
14145,0.30642696925073
14146,0.3017250292612847
14147,0.30285321528966946
14148,0.3054535685228824
14149,0.2951222121650968
14150,0.3028533757521685
14151,0.31019659415007356
14152,0.3095931287054029
14153,0.2988694662685793
14154,0.31294522112151246
14155,0.29928564036822713
14156,0.305476182552016
14157,0.298335839724161
14158,0.31036593729681883
14159,0.30796023690332675
14160,0.30757800023541965
14161,0.3062561164174324
14162,0.31131387918542563
14163,0.3105861149536869
14164,0.29486124266768593
14165,0.3125349619793828
14166,0.32037640133456663
14167,0.3053033158560283
14168,0.3118780417270386
14169,0.3099380937254111
14170,0.3186846460038346
14171,0.3117068079281444
14172,0.31002608604136317
14173,0.3067421598642805
14174,0.30236735749893756
14175,0.3028824968424366
14176,0.3099244546234423
14177,0.30934738888845165
14178,0.30124314739339236
14179,0.3012975771295704
14180,0.3095693171804097
14181,0.3104764768248329
14182,0.30644038807709273
14183,0.3073250938857857
14184,0.3045426008860376
14185,0.30039139881646243
14186,0.3018088695732844
14187,0.3008976182456613
14188,0.30018071659762874
14189,0.3051336165494862
14190,0.2974470967814811
14191,0.3045310355717024
14192,0.3034631215686057
14193,0.2982840156248741
14194,0.30616978029701314
14195,0.3054115179835183
14196,0.30078937444071646
14197,0.3133618558166901
14198,0.30488651951327067
14199,0.3057210089985315
14200,0.3006740698519149
14201,0.31116897799646
14202,0.30107016814416837
14203,0.29936749420525616
14204,0.303464269058526
14205,0.30551334506977107
14206,0.30712072958586356
14207,0.3012732800621489
14208,0.30553918217799786
14209,0.30573567950277253
14210,0.30860445331856423
14211,0.3093217695056518
14212,0.3128578725173797
14213,0.2949845005519728
14214,0.2996300954042247
14215,0.3052573413544252
14216,0.3070751342131828
14217,0.3111846625161055
14218,0.2980031145708911
14219,0.3054747824824592
14220,0.30506567371968213
14221,0.3043056944748374
14222,0.29751313997999507
14223,0.30119559792554634
14224,0.2964655329454258
14225,0.3127515387166988
14226,0.30416811659224063
14227,0.3050594842827615
14228,0.2928512826957502
14229,0.29707091232480193
14230,0.30074062827653364
14231,0.3117282070196306
14232,0.30967847033493
14233,0.3048663621718577
14234,0.2940746868084495
14235,0.3027041404243871
14236,0.30789090250825013
14237,0.3049107721464768
14238,0.3061098262363366
14239,0.30324085042254023
14240,0.3124102070971843
14241,0.31353958068986415
14242,0.30509445700936977
14243,0.30149913902743813
14244,0.3106184882602855
14245,0.30701924405139985
14246,0.3143134205894693
14247,0.3049021797051719
14248,0.29510376284311707
14249,0.3002418649460421
14250,0.3034512260594839
14251,0.31669071938608495
14252,0.309548379682643
14253,0.30078434713424385
14254,0.30451130642779706
14255,0.31357390181094286
14256,0.30671703225514285
14257,0.31059791800585973
14258,0.30866544922439976
14259,0.31294695433432934
14260,0.311936589985675
14261,0.3115005048701353
14262,0.30732840293756386
14263,0.30430965381192565
14264,0.29463142136747716
14265,0.3114976884960983
14266,0.2994080514843219
14267,0.30550371711529023
14268,0.3055834111190732
14269,0.30295742526843994
14270,0.30402517853085587
14271,0.31347968614930455
14272,0.3001532327359901
14273,0.2945856594131452
14274,0.3034005265851248
14275,0.3022393553947575
14276,0.307423346492801
14277,0.30782244280074667
14278,0.3090867118595441
14279,0.3002595664122246
14280,0.3143439316313713
14281,0.3028016317489993
14282,0.3101744495171914
14283,0.3109147847644315
14284,0.30441265586728006
14285,0.30529555405334124
14286,0.31142690962015973
14287,0.30702750725897565
14288,0.3107630571006628
14289,0.3075629401694157
14290,0.30259064502836663
14291,0.31074680093745877
14292,0.29764163198049104
14293,0.293510698622588
14294,0.3047133753952385
14295,0.29413033990646553
14296,0.3085893290225314
14297,0.30319977066346887
14298,0.3018396744070017
14299,0.2946101924558045
14300,0.2973656631242746
14301,0.30260523093283426
14302,0.30633435211735505
14303,0.301932965188165
14304,0.3124926117421916
14305,0.3223897702115002
14306,0.30654562191663554
14307,0.30460458078175306
14308,0.2966789901383394
14309,0.30864801291414273
14310,0.3022600199378225
14311,0.3122040923651548
14312,0.30768357874926794
14313,0.30688942149485604
14314,0.30695574754209065
14315,0.29592122474403887
14316,0.30850519889782524
14317,0.29967148079527345
14318,0.3009245734975535
14319,0.3131068124331882
14320,0.31324440929566455
14321,0.2996329294289209
14322,0.30351425224045686
14323,0.305680469327515
14324,0.3032100535185783
14325,0.3114983659373824
14326,0.29798242468882696
14327,0.2998959996434171
14328,0.29929571480100126
14329,0.30233544480545654
14330,0.29524994426032886
14331,0.30286082182183666
14332,0.29962243055719917
14333,0.3020478521572845
14334,0.30847842894685706
14335,0.30826119089087806
14336,0.3017485821491962
14337,0.30576623854637835
14338,0.30709868084429137
14339,0.30425489932364996
14340,0.30225811984661805
14341,0.3060787544053591
14342,0.29895137839332486
14343,0.29440581148081363
14344,0.3021219923473235
14345,0.30082340228459237
14346,0.30281283827620986
14347,0.300381380696186
14348,0.30162716104720394
14349,0.3025731059315249
14350,0.30221537881326077
14351,0.3036211568158005
14352,0.29971643112569035
14353,0.2995421460077756
14354,0.30779218564457217
14355,0.2914069586157234
14356,0.2970447737437151
14357,0.3040751393034807
14358,0.30225670497403745
14359,0.29559780623063003
14360,0.29993989014354994
14361,0.31164296131490604
14362,0.30680414922003174
14363,0.3081503951110362
14364,0.2987587738968367
14365,0.30187328963601284
14366,0.3006056086084495
14367,0.30057181282244244
14368,0.2969319950729662
14369,0.30503089525202576
14370,0.3098310098439117
14371,0.2980536687157155
14372,0.2981943409993739
14373,0.29673763413226156
14374,0.3080249624675612
14375,0.3031782519864892
14376,0.3034360562063007
14377,0.306551812197554
14378,0.2968849059506359
14379,0.30135164100198075
14380,0.3062263761516251
14381,0.3040855629896951
14382,0.30394774282638526
14383,0.31573819444359474
14384,0.30472757307789144
14385,0.3025270494484871
14386,0.3041089381512218
14387,0.301614837941279
14388,0.30631040336831
14389,0.3058536375524938
14390,0.3014388992106133
14391,0.3083891913760525
14392,0.28656491305937676
14393,0.30274600883353914
14394,0.3014712790272659
14395,0.30057418950617
14396,0.3027966709440209
14397,0.30140759026488195
14398,0.30420113191262715
14399,0.30771581153727207
14400,0.3011346868345045
14401,0.3035475898294717
14402,0.29606551123785213
14403,0.3011685028721123
14404,0.31386514060012666
14405,0.3019929998544397
14406,0.3027697198359605
14407,0.3010846657934592
14408,0.3037257644366113
14409,0.30063931924227566
14410,0.29600315847928904
14411,0.28666385400999783
14412,0.289845196432813
14413,0.3152024236805237
14414,0.30896659013817485
14415,0.3050849814111405
14416,0.3167507984810903
14417,0.3008763867371677
14418,0.29878608298935094
14419,0.3021644067943508
14420,0.30720684490436084
14421,0.3038932831953278
14422,0.3005573248801632
14423,0.30549667118654383
14424,0.30682932229529786
14425,0.30752534748388427
14426,0.2953035290933067
14427,0.3147078717948288
14428,0.3094871798034964
14429,0.3006778731176839
14430,0.30098229955808603
14431,0.2996505994514056
14432,0.2974028229890664
14433,0.2945140884254865
14434,0.30393732841799587
14435,0.3015862129166588
14436,0.2990605130454787
14437,0.2931347034818697
14438,0.30847463312828377
14439,0.3038131811444965
14440,0.29679114933880224
14441,0.3029760081065954
14442,0.3007824494353236
14443,0.30996857148443024
14444,0.2931246558758912
14445,0.3022027385645481
14446,0.3050847899800311
14447,0.30140148809861134
14448,0.30236531495585106
14449,0.3071580785484048
14450,0.30007844056077376
14451,0.30307356894168225
14452,0.30217548255743254
14453,0.30345591378219966
14454,0.3042777138264786
14455,0.3078901188297574
14456,0.30512929883522355
14457,0.29377707512526957
14458,0.29944478119733947
14459,0.3016116292052968
14460,0.30615538729756414
14461,0.30015081365888535
14462,0.299717565986564
14463,0.29876432299204536
14464,0.3014061586948161
14465,0.30323061860171724
14466,0.3056911143829666
14467,0.2982336478752164
14468,0.30425954155849955
14469,0.29759244649779676
14470,0.30459432879433657
14471,0.30595544196680396
14472,0.30146760029638314
14473,0.2985309922342
14474,0.30344391011106314
14475,0.29735754255717084
14476,0.30628357805534506
14477,0.3013101087850494
14478,0.3071860750552944
14479,0.298225549599892
14480,0.30681147044583656
14481,0.2977719151907629
14482,0.2989954180194764
14483,0.29979235138311744
14484,0.30115586415201123
14485,0.3053455737615201
14486,0.30934194816426247
14487,0.29386301378847673
14488,0.3004742567131151
14489,0.3025582392342681
14490,0.29607376080643
14491,0.2950906320774282
14492,0.2999223841572099
14493,0.30134232677020517
14494,0.3005023027702748
14495,0.2968163569113257
14496,0.30217747350552304
14497,0.30038794549176745
14498,0.3010489329721757
14499,0.30129277083175215
14500,0.3006165136584513
14501,0.29972490984053013
14502,0.2950599590348472
14503,0.30350790450016424
14504,0.302233171880364
14505,0.30963677104329035
14506,0.29859867799375694
14507,0.2959928065445819
14508,0.3059384736934158
14509,0.28804976415122696
14510,0.2961820240086972
14511,0.296418344138494
14512,0.3072082028095402
14513,0.308619376446433
14514,0.31037831866470905
14515,0.30126015561913133
14516,0.30809458840962517
14517,0.2956316006970451
14518,0.30536811864612257
14519,0.3070573482765192
14520,0.30783911616168735
14521,0.2992948186933892
14522,0.2999975690606529
14523,0.30891766714989105
14524,0.299740879579052
14525,0.30404368089709316
14526,0.30564469078135065
14527,0.3065816814846329
14528,0.3066986768288777
14529,0.2923410001585553
14530,0.30774407729518377
14531,0.30566943804883606
14532,0.3021896261792124
14533,0.3031346977389353
14534,0.30192915514673924
14535,0.3161231919027601
14536,0.29393446660045475
14537,0.299909085677818
14538,0.301727768174767
14539,0.30233595497494675
14540,0.3052881567054604
14541,0.2933114331752274
14542,0.2978758683105849
14543,0.3038549099525477
14544,0.30201341321212927
14545,0.30334110637026296
14546,0.30729408338135195
14547,0.30104378923868647
14548,0.3056090408031493
14549,0.30887391309113665
14550,0.30375999784728225
14551,0.294115865067621
14552,0.30434158293747304
14553,0.2916492358405522
14554,0.2909200900105274
14555,0.29167551209946924
14556,0.28828549783251856
14557,0.3033516998340769
14558,0.29867748333740246
14559,0.29906509130857534
14560,0.3004603815161583
14561,0.2901465548273312
14562,0.29898995975345843
14563,0.30144268520225215
14564,0.3069507732098942
14565,0.290568617227057
14566,0.29755983037196027
14567,0.29631436392382837
14568,0.297263215964158
14569,0.3043264428631426
14570,0.2991877010391923
14571,0.30214773761891467
14572,0.2951270050840055
14573,0.303026448819261
14574,0.29858726924736234
14575,0.2986594934767931
14576,0.3025248864699416
14577,0.29659600854736495
14578,0.29860795434106085
14579,0.3074362906017053
14580,0.29375635977213616
14581,0.307497071371876
14582,0.29881470091304546
14583,0.30050644683416694
14584,0.2980790791943292
14585,0.29674720965139667
14586,0.3007786976424436
14587,0.3051535360474691
14588,0.3063627680120494
14589,0.2954911730274351
14590,0.29431597664802994
14591,0.30369677642699744
14592,0.3023978753190243
14593,0.29905594418132714
14594,0.300726795019098
14595,0.2976059489177769
14596,0.2795382121030021
14597,0.2997182551178553
14598,0.2892044489648451
14599,0.2986120586666122
14600,0.3044758204746828
14601,0.2953565090145075
14602,0.29756923560140974
14603,0.3004319660312196
14604,0.29733776075223334
14605,0.30114615689340496
14606,0.29918500723772573
14607,0.2957695180689383
14608,0.2972582305219864
14609,0.30167196234983573
14610,0.299091211226652
14611,0.314627922271364
14612,0.30036257326983984
14613,0.30284352884451965
14614,0.3031070798475732
14615,0.30324418715110507
14616,0.3131988784159453
14617,0.30799827596794993
14618,0.29994138740499526
14619,0.30173979893445974
14620,0.30587216289571934
14621,0.31031553417273744
14622,0.30719786068422134
14623,0.29982742962273634
14624,0.2903300208079134
14625,0.30662175672887515
14626,0.29724436986747177
14627,0.2965257667746367
14628,0.306862439996785
14629,0.3045048098160356
14630,0.3029992553625171
14631,0.29498647497629515
14632,0.30119264600963125
14633,0.30267517215446654
14634,0.298696733001975
14635,0.29802089275758314
14636,0.296308533543458
14637,0.29538511483285457
14638,0.29587937158832833
14639,0.2933356640049012
14640,0.29914609516561663
14641,0.2954374667295035
14642,0.2985818068792872
14643,0.29862858530825653
14644,0.29912263807213396
14645,0.303747393450646
14646,0.3044469192224038
14647,0.29656401417599193
14648,0.30463808712160423
14649,0.2964175463618418
14650,0.29974401783167337
14651,0.2969683538225175
14652,0.2949939312796027
14653,0.3053054475551641
14654,0.2966483199779367
14655,0.30854327791968655
14656,0.29910093374876506
14657,0.2914797902161728
14658,0.2994025733532675
14659,0.29974327992303257
14660,0.29696774834744233
14661,0.2974790667203308
14662,0.30074420411616654
14663,0.3018519184020158
14664,0.3020067118931102
14665,0.2920403546333175
14666,0.30717395733373254
14667,0.2958078480811932
14668,0.29530419050894413
14669,0.304638949523402
14670,0.30830132397670285
14671,0.3007921205736735
14672,0.2892447828866019
14673,0.2926609333094135
14674,0.31410118883538996
14675,0.3067488645296164
14676,0.3070572576885355
14677,0.30355953024321486
14678,0.29675614900869246
14679,0.3061020088167816
14680,0.3030463435506666
14681,0.30508557198600056
14682,0.3005847126432429
14683,0.3069225064806265
14684,0.29664369286697057
14685,0.3026348007690729
14686,0.31003199662187036
14687,0.2949169155576329
14688,0.305227054653185
14689,0.29979789617315655
14690,0.304154489206087
14691,0.29503224621872226
14692,0.3026353667836643
14693,0.3080962621094391
14694,0.3041391604702275
14695,0.30377914125399835
14696,0.302572537155788
14697,0.30599341937333685
14698,0.30071071382777825
14699,0.2989372702526372
14700,0.30228564027923677
14701,0.3066400099531065
14702,0.3011018604974408
14703,0.29916671170809284
14704,0.3034764233801347
14705,0.30059521245760495
14706,0.30413399018688064
14707,0.3033098761076947
14708,0.30706065256732756
14709,0.2981664095339691
14710,0.3060976060326604
14711,0.30145466309737934
14712,0.298733658890632
14713,0.2919728679244235
14714,0.3036714694388929
14715,0.2952789036063945
14716,0.30460586950390944
14717,0.31094722020739984
14718,0.3023097513931624
14719,0.2996409298736794
14720,0.2949319401506457
14721,0.3045110662546904
14722,0.29662538374440695
14723,0.2998405446853831
14724,0.30784856095863466
14725,0.3064909885575332
14726,0.2970719540786889
14727,0.3084690928066506
14728,0.303790219560852
14729,0.3036622634110605
14730,0.30515167311238617
14731,0.29610528071039677
14732,0.3105235187511204
14733,0.296312125243739
14734,0.29060862621339717
14735,0.30143843092737194
14736,0.2961960687373623
14737,0.29574867216682527
14738,0.2978514414672013
14739,0.3020008411999344
14740,0.3013407236939473
14741,0.3022100900579787
14742,0.294002798671715
14743,0.30480762916307674
14744,0.30117582894479883
14745,0.2932862856808142
14746,0.29212268864577196
14747,0.30389734973578375
14748,0.30486896595900115
14749,0.30723293793023854
14750,0.3061327355830742
14751,0.3029376174404343
14752,0.30605579932274546
14753,0.29851911704837186
14754,0.2968275651302596
14755,0.2957851354196595
14756,0.3028551563034615
14757,0.28938866039830274
14758,0.2927064022160974
14759,0.2914127604210851
14760,0.2948688776914104
14761,0.30477118447491125
14762,0.301763049189608
14763,0.30924174249129366
14764,0.3068944516157495
14765,0.30155251825420126
14766,0.29184017030056225
14767,0.2901292121668909
14768,0.2927124287592951
14769,0.30150063322426107
14770,0.3076910586780143
14771,0.31140807998463776
14772,0.2933991872162747
14773,0.3027508161320075
14774,0.3022502538898089
14775,0.30202713129723346
14776,0.2939806253968841
14777,0.3099837231627921
14778,0.30883060648899563
14779,0.3020040306854402
14780,0.29682204817919317
14781,0.2998786507784488
14782,0.30480936030140665
14783,0.29736976875585297
14784,0.30150533566485593
14785,0.30075361166603437
14786,0.29105461075332256
14787,0.29389270873053497
14788,0.29573379311716946
14789,0.29341785081933053
14790,0.29926325158359157
14791,0.29900415022180715
14792,0.2986238712202371
14793,0.2966635767777862
14794,0.30069583741910805
14795,0.29884529985356145
14796,0.2945654037124576
14797,0.29597964358309103
14798,0.2932596744706394
14799,0.31207824319744987
14800,0.30299519145715104
14801,0.3076999323011799
14802,0.30419314740285786
14803,0.3068363092105866
14804,0.2985465114809234
14805,0.30787873757495177
14806,0.30902623301075527
14807,0.30271609480223893
14808,0.3073251355120056
14809,0.3073419317482804
14810,0.301519219384762
14811,0.30222708997165443
14812,0.3006101404390947
14813,0.2909677162519361
14814,0.2884278335712885
14815,0.2941015855346738
14816,0.30478540501886636
14817,0.2978548745117055
14818,0.2884294249594871
14819,0.28707904026995557
14820,0.29719904663331054
14821,0.2975180189413582
14822,0.2969763619260646
14823,0.30111407243474314
14824,0.29786784476085043
14825,0.28076896546241015
14826,0.2879034058564258
14827,0.30023030666568373
14828,0.3069758987562393
14829,0.3003301295402939
14830,0.304459602575499
14831,0.3101867557871557
14832,0.30020414774069626
14833,0.2959610720564961
14834,0.2948541177884679
14835,0.3000892058667312
14836,0.31039346166354204
14837,0.30716532312226436
14838,0.30636699797691314
14839,0.30510698212411286
14840,0.29855206413175045
14841,0.3109394807692856
14842,0.29438547419733646
14843,0.30013487153042084
14844,0.30203956869462106
14845,0.2944339958791062
14846,0.299530345348646
14847,0.29672851289954505
14848,0.2934962866532537
14849,0.29235277565520196
14850,0.31061358933904504
14851,0.29763855864116207
14852,0.29508558394757517
14853,0.2941534370597839
14854,0.29080774630041034
14855,0.3047972349162271
14856,0.3106227014477118
14857,0.30086940077588903
14858,0.2964853646590775
14859,0.30025923530169873
14860,0.30381946807225896
14861,0.29544374137904755
14862,0.29740252351455987
14863,0.29671101202157324
14864,0.30032074073037063
14865,0.30142882899146023
14866,0.2977323245702239
14867,0.3078384985164927
14868,0.30480825195066547
14869,0.29739335905348985
14870,0.3073597319995249
14871,0.2965588988831032
14872,0.2895897671263419
14873,0.3030896635074768
14874,0.30357532186797764
14875,0.2982803436099035
14876,0.2956792601364547
14877,0.2943824337306463
14878,0.29244026060143263
14879,0.2883549998757535
14880,0.29936780313173555
14881,0.2888203333218979
14882,0.3035660124118463
14883,0.29712777616866937
14884,0.2892686735365086
14885,0.29734063177500963
14886,0.2989051856344599
14887,0.3042607730921972
14888,0.3101047102958608
14889,0.3044613946367386
14890,0.29726206096220364
14891,0.2994266068142016
14892,0.30870857823622117
14893,0.30179815763685686
14894,0.30270634849760764
14895,0.29661505385487197
14896,0.2922736899124729
14897,0.29607079064690417
14898,0.2943869963569846
14899,0.3014069484178816
14900,0.2983107849157233
14901,0.2926206473573765
14902,0.2972093428993949
14903,0.30443659784923954
14904,0.30501872357961995
14905,0.2986013615246297
14906,0.29240949927257
14907,0.3007144606518665
14908,0.29906827181456064
14909,0.2894940604459779
14910,0.2899259195372978
14911,0.300191505550147
14912,0.29314664082652186
14913,0.29294633391842456
14914,0.2965591323255776
14915,0.28855443206394105
14916,0.30076340759217607
14917,0.3036255854703645
14918,0.29214260596488606
14919,0.2976133710697887
14920,0.3097351855569719
14921,0.3076044500594758
14922,0.29607710755537014
14923,0.29396082027530973
14924,0.30092377144931504
14925,0.3006721619298948
14926,0.2912443529641599
14927,0.2981550105334198
14928,0.3002396396503843
14929,0.29785534042056083
14930,0.3030427121750969
14931,0.30384077276973664
14932,0.30009300882306816
14933,0.3066459116433901
14934,0.3047619758278228
14935,0.29048569926716405
14936,0.30254832951092014
14937,0.29249847557684533
14938,0.29824089235431145
14939,0.29901701026027855
14940,0.29769751843544495
14941,0.2935500228628233
14942,0.30488001697707706
14943,0.29632964119598365
14944,0.2990338610624285
14945,0.29591329713489223
14946,0.30158754339715804
14947,0.311541687242
14948,0.3046289235941272
14949,0.30607773506465175
14950,0.3011097221396619
14951,0.302979834251932
14952,0.30609876466798863
14953,0.29761328334547005
14954,0.306327032094966
14955,0.31409244050929586
14956,0.3011595939054123
14957,0.28926668135803824
14958,0.3056084259052848
14959,0.292719274708563
14960,0.2984070800718846
14961,0.3024417533911789
14962,0.2996695515591033
14963,0.3001874493093322
14964,0.30653061047338087
14965,0.3047588336441925
14966,0.3078104808990883
14967,0.2986733662948182
14968,0.3014825629994622
14969,0.3044759793095798
14970,0.2990108333697093
14971,0.31066671383421285
14972,0.2975129900316918
14973,0.2993518354660971
14974,0.30527359684479977
14975,0.3002564516549134
14976,0.3007530131858008
14977,0.2951852032215652
14978,0.3010565591297324
14979,0.2998864183080924
14980,0.3074418995288299
14981,0.30444474517759496
14982,0.3090608621813849
14983,0.29596870025987937
14984,0.2972543243285341
14985,0.30127723053178845
14986,0.3011526924086903
14987,0.3035751712205751
14988,0.30422250198374745
14989,0.2938559688906731
14990,0.2948337011075109
14991,0.29815309909569926
14992,0.30147519759592634
14993,0.3057464890316185
14994,0.2951511935449023
14995,0.2928712509294362
14996,0.29933066026389166
14997,0.3058302372726831
14998,0.3042922247744805
14999,0.2968695888449796
15000,0.29745433264478344
15001,0.2993132312090407
15002,0.3028049564351399
15003,0.29320599545318343
15004,0.2947294151200869
15005,0.29494108538227215
15006,0.3055853953917255
15007,0.30378550455024034
15008,0.3058654046953514
15009,0.30304202488078813
15010,0.3010288735328169
15011,0.2911874554137045
15012,0.29356505791899784
15013,0.2886565187359855
15014,0.296864085699543
15015,0.2939913868445583
15016,0.2915222693759234
15017,0.2940161170220918
15018,0.28864597409990883
15019,0.2960909288646696
15020,0.2862101134770686
15021,0.2953466085233206
15022,0.296316080522338
15023,0.2905184296388196
15024,0.29229828958974036
15025,0.30007105539846085
15026,0.30291171448577225
15027,0.29184337928732523
15028,0.2894735126257405
15029,0.28816532701437203
15030,0.2935980038226852
15031,0.2951137141986624
15032,0.30186261479764614
15033,0.2938036689597064
15034,0.30056672471047996
15035,0.3028302956950867
15036,0.2928849650827054
15037,0.29109323363659073
15038,0.2925725596977267
15039,0.2854874936933549
15040,0.30010179970817363
15041,0.295651478234996
15042,0.30072134971296055
15043,0.30765713513436654
15044,0.2958150976431219
15045,0.30047271953282384
15046,0.2959078211891574
15047,0.2887580566476548
15048,0.29843845221232335
15049,0.2941961831521994
15050,0.2977764197328432
15051,0.3026472808551871
15052,0.3038398048738957
15053,0.2964963703707767
15054,0.2874298303389087
15055,0.296479634656977
15056,0.29405330816459935
15057,0.30266851323233224
15058,0.29843935214833767
15059,0.298340968322996
15060,0.30231509586747085
15061,0.30210073775750623
15062,0.2902944940754212
15063,0.2947869984932416
15064,0.2982389233709592
15065,0.2974019755759918
15066,0.30286182835380127
15067,0.2934545789718841
15068,0.29838976584506777
15069,0.2953285915716765
15070,0.2924224101803242
15071,0.2935329645722556
15072,0.2925014305303313
15073,0.2929913069637414
15074,0.2994774861403579
15075,0.29883503591256166
15076,0.29990978249204636
15077,0.2936020198639805
15078,0.2969182178212061
15079,0.30746742430610274
15080,0.3059570408386586
15081,0.3032509278070517
15082,0.2983598532010101
15083,0.2992016351903791
15084,0.2965836903952697
15085,0.29688021021068495
15086,0.30487341626337855
15087,0.3077369579702845
15088,0.2963372140565112
15089,0.29671270350047396
15090,0.29906265626693074
15091,0.3007940821117861
15092,0.29096167088623426
15093,0.30409766123802784
15094,0.30991384968279057
15095,0.3120106958446862
15096,0.3061799099072713
15097,0.3006980723023386
15098,0.29842534447568103
15099,0.30074416481567157
15100,0.299796311114419
15101,0.2957540786026442
15102,0.29491373041574803
15103,0.29257199569913134
15104,0.29228539862370895
15105,0.29715735270602467
15106,0.2932620398347494
15107,0.3019678134404224
15108,0.28429093087628043
15109,0.2915176474643022
15110,0.2889281441379052
15111,0.29217629084104313
15112,0.2941137820677342
15113,0.2962357390193521
15114,0.29311343719015437
15115,0.30322237761503623
15116,0.30612183302542323
15117,0.3061834912480025
15118,0.3051477629828966
15119,0.3018270601107259
15120,0.2938503042282732
15121,0.2977450988212961
15122,0.3036386347745665
15123,0.2921490388204231
15124,0.30165355141601585
15125,0.2949706430573953
15126,0.29393682550508027
15127,0.2995555137368333
15128,0.29609094977513634
15129,0.29187525116005925
15130,0.29584982795521686
15131,0.28951408577880816
15132,0.2855703176198127
15133,0.3026996245531441
15134,0.29806059872762314
15135,0.29510298507028426
15136,0.29331404195502747
15137,0.298512281028808
15138,0.2991910809325804
15139,0.2964127037164483
15140,0.29009836756080676
15141,0.30227136177700664
15142,0.30689928098703007
15143,0.29686147412954034
15144,0.28538356510643403
15145,0.29879072961609165
15146,0.2929263507609705
15147,0.3037850865572337
15148,0.29701151995936587
15149,0.29642330213742907
15150,0.30124132729912123
15151,0.2967950985275172
15152,0.29566213081492027
15153,0.2973332595368832
15154,0.3032712874563268
15155,0.29884637847744727
15156,0.3002794041544797
15157,0.29659479794262616
15158,0.29819502960821576
15159,0.3036719801393649
15160,0.30029328878268835
15161,0.2994271093918079
15162,0.3049484323339737
15163,0.3009423694922006
15164,0.29385181318704967
15165,0.29960560795659735
15166,0.29555039266506394
15167,0.30201166260799245
15168,0.2900991017221569
15169,0.29993965084733926
15170,0.3134509541941889
15171,0.2970784423529014
15172,0.29921896792544816
15173,0.298111878098775
15174,0.30396101331334147
15175,0.30601276838010827
15176,0.28575139553882034
15177,0.2997506242222924
15178,0.3091330589958673
15179,0.29943585164977693
15180,0.292828999982923
15181,0.2958860369968512
15182,0.30018512065199177
15183,0.2882529282303351
15184,0.2963119674920801
15185,0.301598459845746
15186,0.30082349950805315
15187,0.29381921626145324
15188,0.2841173169012391
15189,0.2991263759904059
15190,0.2945241820724132
15191,0.30039441782570786
15192,0.30742557965581657
15193,0.29475540006926937
15194,0.2925978859171
15195,0.30332484131405485
15196,0.29570138837370596
15197,0.3007079146018744
15198,0.2980477890615637
15199,0.3141247734458103
15200,0.30830665791290307
15201,0.3072895393381795
15202,0.30326133986582493
15203,0.3041498058328217
15204,0.2944782881702838
15205,0.3002061986927511
15206,0.2914012846205552
15207,0.3012120191584489
15208,0.299398736516674
15209,0.2986551401005463
15210,0.3043118360744949
15211,0.2938217974712997
15212,0.2936083088775077
15213,0.29651372614995747
15214,0.29591713770772243
15215,0.30242802305478117
15216,0.29690177100707393
15217,0.3012162801852301
15218,0.3074122154954985
15219,0.2924035943640712
15220,0.2948046010317945
15221,0.28800681788067284
15222,0.30122638418156417
15223,0.2936949755672092
15224,0.3052921045432937
15225,0.294726244100252
15226,0.29755477948008763
15227,0.2974410163436962
15228,0.2965667318959661
15229,0.30077540810788456
15230,0.29952697196975714
15231,0.29590211336200345
15232,0.289560926406496
15233,0.29524640225718707
15234,0.3079511360795419
15235,0.2972475717323986
15236,0.2941552022903196
15237,0.29909316985408657
15238,0.2986487751397329
15239,0.2970228235245533
15240,0.2993512283577811
15241,0.29834286563225154
15242,0.30164490207057876
15243,0.2979767224177307
15244,0.2935559996601429
15245,0.29862481381230865
15246,0.3023619993438376
15247,0.2956370508865652
15248,0.286583410866015
15249,0.3042046207139588
15250,0.28762344535850115
15251,0.2969436806827924
15252,0.2908870998213068
15253,0.29431769039373645
15254,0.2850295863665219
15255,0.29330940978998105
15256,0.28789494622804956
15257,0.2958706133361628
15258,0.2870407902669092
15259,0.29993184383084454
15260,0.2922929687074695
15261,0.2950044746922242
15262,0.29676250604410764
15263,0.29890485657495236
15264,0.29533279464207807
15265,0.2996631749134905
15266,0.295421580870745
15267,0.290005612726788
15268,0.298475193715206
15269,0.2881884745752075
15270,0.2954820825972401
15271,0.29315509260919526
15272,0.2939934337926964
15273,0.2912392069545835
15274,0.2965742823558789
15275,0.30197510564277275
15276,0.30653585134373107
15277,0.29785487954748835
15278,0.2999865862446131
15279,0.29897733366278706
15280,0.3017192624405851
15281,0.2929359792316393
15282,0.29658906184272926
15283,0.2877504150668945
15284,0.2986648576134203
15285,0.2972527311554602
15286,0.29117021160961915
15287,0.29035418046638534
15288,0.28283405126402167
15289,0.29270419158700073
15290,0.29830236086750256
15291,0.2934403175972955
15292,0.3053260047735343
15293,0.28804739824735065
15294,0.2927558717695275
15295,0.29181446395269034
15296,0.29645920842424267
15297,0.2887557135462291
15298,0.29579257847116924
15299,0.30438253361553214
15300,0.30113088837662616
15301,0.29799251716359965
15302,0.2997771411034807
15303,0.28722360399038743
15304,0.30546687435762243
15305,0.28551195684254527
15306,0.29123188490105406
15307,0.293636660983949
15308,0.29103040951938236
15309,0.2970132823044246
15310,0.3031208696818101
15311,0.3033159527220249
15312,0.29558707525150296
15313,0.3024351824775901
15314,0.3016763499404872
15315,0.30183860751378305
15316,0.30423499860665026
15317,0.29827025866676143
15318,0.29914100518162107
15319,0.2969444178847476
15320,0.2901441284936152
15321,0.2914625194653993
15322,0.29180674278577057
15323,0.2906632762651224
15324,0.2920881161663885
15325,0.2991305462651207
15326,0.30121443396962216
15327,0.30269744789461367
15328,0.28758199150251035
15329,0.2828067269561128
15330,0.2957531709717669
15331,0.2837942637079897
15332,0.30541212445776333
15333,0.2909051540714021
15334,0.30235429206417636
15335,0.30355352549534315
15336,0.28324849846003497
15337,0.2873845356065214
15338,0.28973225813306924
15339,0.2952512753444748
15340,0.29066194623554964
15341,0.29692982493471926
15342,0.2979014191738846
15343,0.2935956272551566
15344,0.2891110786841375
15345,0.2946119167434942
15346,0.30332449120647154
15347,0.3016206707564626
15348,0.29534747078358997
15349,0.29885903757553317
15350,0.30211284258003507
15351,0.3011422876833319
15352,0.2885516142370874
15353,0.2987283076020902
15354,0.2941561019993603
15355,0.2902819770125988
15356,0.2849357052562537
15357,0.2883397163427371
15358,0.2868942722188411
15359,0.2893787124682691
15360,0.2997294989171571
15361,0.28663054955934103
15362,0.2954529471189595
15363,0.29688700094902376
15364,0.2874264680746779
15365,0.291716365547431
15366,0.29346330032614
15367,0.2997011135589908
15368,0.3024265790351859
15369,0.29820062165336386
15370,0.28791305320694643
15371,0.3053546031059321
15372,0.2960922308876399
15373,0.2890597371345901
15374,0.29349619055077136
15375,0.2914291622643184
15376,0.2991661973860332
15377,0.28977415991402966
15378,0.2968966732562026
15379,0.29671757727513004
15380,0.29618028236756166
15381,0.3062097778733162
15382,0.29516550775114025
15383,0.3000746068954806
15384,0.2904850434157253
15385,0.2914622500860593
15386,0.291325055350297
15387,0.29271116726486307
15388,0.2934798526134064
15389,0.292976582872524
15390,0.29293677873183693
15391,0.2907634923613608
15392,0.29365913692018547
15393,0.2942787270301957
15394,0.2954028719792746
15395,0.29437726824259824
15396,0.2931934025864214
15397,0.29562342709206174
15398,0.2850503787899977
15399,0.2999205107961391
15400,0.2933250437998277
15401,0.3065668034399349
15402,0.2961066870530175
15403,0.2965144987039636
15404,0.29280548073548823
15405,0.298439653074876
15406,0.2894580443025351
15407,0.29960943345985885
15408,0.2942923311303778
15409,0.28997051062221985
15410,0.29325958683698905
15411,0.2901583216280355
15412,0.29789747728553195
15413,0.29436622002881513
15414,0.30389864923007043
15415,0.29899816574610555
15416,0.30020377247558777
15417,0.28938897393543017
15418,0.3025963381500626
15419,0.29243637687028645
15420,0.2977124416165158
15421,0.30102280766644174
15422,0.2954242664337565
15423,0.2945750585330002
15424,0.2915682819992378
15425,0.2991682773048989
15426,0.2903644485829692
15427,0.2966343702409998
15428,0.30133095237806523
15429,0.2937340010665257
15430,0.28844407401343947
15431,0.29707356600285006
15432,0.2938933743351878
15433,0.29314912681416716
15434,0.2971727270950744
15435,0.2993761374928739
15436,0.3003519135508064
15437,0.2938542552504231
15438,0.29750532690312514
15439,0.29828897011864713
15440,0.28957468319630203
15441,0.30043301183850046
15442,0.2958236360345667
15443,0.2976934714226856
15444,0.29691516172365007
15445,0.29296525712502636
15446,0.2864471463023839
15447,0.3010411618671895
15448,0.285849352326434
15449,0.28852099949651905
15450,0.2909322721301785
15451,0.2859114489032097
15452,0.2966611592659413
15453,0.29654147724652097
15454,0.28805074489546756
15455,0.2964746346482797
15456,0.287692327974362
15457,0.2913425923239964
15458,0.2963347522909162
15459,0.2909149367274729
15460,0.2948082197052301
15461,0.29591582442723047
15462,0.2971842858157252
15463,0.28297403613322203
15464,0.2903208507912013
15465,0.29527698075479925
15466,0.2904242849120495
15467,0.2855548662186112
15468,0.2996907642579756
15469,0.2852419188732097
15470,0.2858156789423361
15471,0.2915409479046433
15472,0.29306650231799697
15473,0.29557329867276166
15474,0.29987674322290353
15475,0.29755389894458806
15476,0.2908143613482147
15477,0.2915391967315597
15478,0.29679449021889576
15479,0.2936970309288791
15480,0.2950571905352202
15481,0.29339057463453794
15482,0.30049469567933057
15483,0.2914494622960763
15484,0.29166237067527945
15485,0.2947258416857829
15486,0.3029791341380414
15487,0.28855759810576115
15488,0.2918073271395074
15489,0.29959439798319554
15490,0.2883047610254029
15491,0.28302743056991847
15492,0.28477665488987564
15493,0.29903917320738793
15494,0.29563128298430846
15495,0.2897029745072382
15496,0.2971478500321525
15497,0.2897604581516006
15498,0.2920707429848276
15499,0.30220718629115056
15500,0.2938952143641709
15501,0.2920695732211951
15502,0.28161031423999866
15503,0.2883971587852349
15504,0.2878951332607966
15505,0.302233688960055
15506,0.2897472737597999
15507,0.303504783444249
15508,0.28462983019034827
15509,0.2961073957937892
15510,0.2935717609419582
15511,0.30076389893252703
15512,0.29540152799003416
15513,0.29283895276596095
15514,0.2989983761230472
15515,0.2843838644883812
15516,0.29034434366110906
15517,0.28798544898935496
15518,0.2933898655869338
15519,0.2923361781024894
15520,0.30458330704451103
15521,0.2985900389768585
15522,0.301560627307707
15523,0.28937291087950784
15524,0.2883152715533224
15525,0.28335090333922963
15526,0.294042012328517
15527,0.2852037283762354
15528,0.28970454043042165
15529,0.29471164695566454
15530,0.29871230024432227
15531,0.28625002823201195
15532,0.29058178381880906
15533,0.28649567184791164
15534,0.28946809233762877
15535,0.29951516117594496
15536,0.2788994956236109
15537,0.28995174084187925
15538,0.29445433365441787
15539,0.2945487038799393
15540,0.28651870554704234
15541,0.2828227501115709
15542,0.2868943368454384
15543,0.2773651276907347
15544,0.28454646700724234
15545,0.29159242817069986
15546,0.2929741367637611
15547,0.2997875288575832
15548,0.3000484230888542
15549,0.294051685830445
15550,0.3061986909395993
15551,0.30051849585482354
15552,0.28380235308333207
15553,0.2954334660668438
15554,0.28766428204359684
15555,0.2891293429631732
15556,0.2997286975604297
15557,0.2911917155160205
15558,0.2974998500940037
15559,0.2928285233142666
15560,0.29889935769942794
15561,0.29436912230397855
15562,0.28894992706948686
15563,0.2966376872990164
15564,0.2909502802961583
15565,0.28985623156934304
15566,0.29405441833792273
15567,0.28718799420450725
15568,0.29059636630214225
15569,0.28381679028767165
15570,0.28629845519254804
15571,0.2860303252425437
15572,0.2811895386853339
15573,0.28586566585904105
15574,0.2898645741702666
15575,0.28958201987425974
15576,0.29548168287668003
15577,0.298079227621306
15578,0.29509956801491044
15579,0.2978375850597931
15580,0.29783304161438534
15581,0.2929104651506096
15582,0.29286857732675564
15583,0.2910292498177983
15584,0.2955700458281366
15585,0.2854224925154981
15586,0.2971147084809409
15587,0.2965556126488825
15588,0.297182489710513
15589,0.2991196731675749
15590,0.3011704772750851
15591,0.30467612564181623
15592,0.3005279007226731
15593,0.28790982622777667
15594,0.28046236082270287
15595,0.29997293646662376
15596,0.2906523634075898
15597,0.294160402432854
15598,0.27918955949085866
15599,0.292843277160604
15600,0.2857995365873593
15601,0.2823734420060513
15602,0.29367626870878577
15603,0.27885368454658616
15604,0.28734108550447734
15605,0.28549037410560196
15606,0.29566858590104445
15607,0.28534290158568576
15608,0.2913802955563837
15609,0.2953186474200679
15610,0.28677181866009577
15611,0.2966277488211958
15612,0.2934509275933039
15613,0.2968396124315798
15614,0.2896432154773591
15615,0.3024520143390347
15616,0.28559910677027944
15617,0.28847557823185405
15618,0.2932783025990489
15619,0.29066425902945
15620,0.29048582347416785
15621,0.28813355940043406
15622,0.2904031945783347
15623,0.2973702795103565
15624,0.28407412040841373
15625,0.28547372268999477
15626,0.2899665623174323
15627,0.2904720876902238
15628,0.29950249973616866
15629,0.2945617387057958
15630,0.2890106346175108
15631,0.29044541746417235
15632,0.29095304471937283
15633,0.2875504749142548
15634,0.29266886184847646
15635,0.29149939988244844
15636,0.29278938030338786
15637,0.29621764350690977
15638,0.2972284198271501
15639,0.30021575289653024
15640,0.285212367184785
15641,0.29104863979707646
15642,0.296305139415628
15643,0.29364264034016696
15644,0.29787418164701096
15645,0.2955223731249277
15646,0.3010873892681641
15647,0.2929455014963051
15648,0.29362640820627234
15649,0.2844893811076326
15650,0.29286168475989427
15651,0.2986368164868281
15652,0.2991464108846768
15653,0.29196809623589765
15654,0.28403065727205457
15655,0.292580173277774
15656,0.29196177297380876
15657,0.2966023058836719
15658,0.29228250383849674
15659,0.291274816560776
15660,0.3025220010546664
15661,0.2918005582765099
15662,0.27963645133775683
15663,0.2902157580513794
15664,0.29079922423032256
15665,0.2919033038537605
15666,0.28632947245057194
15667,0.2921646060225348
15668,0.28504727776423805
15669,0.30089857379076795
15670,0.2954972461447104
15671,0.2897596222784622
15672,0.28323446100698474
15673,0.287925252082726
15674,0.28682526546293063
15675,0.29091034986751424
15676,0.2926817701329734
15677,0.30447530524082456
15678,0.283879608370927
15679,0.2973837789907969
15680,0.286565613927814
15681,0.2939865716089511
15682,0.2879259496284603
15683,0.2840594783088466
15684,0.29046013771761653
15685,0.2903137461650598
15686,0.29893499119883965
15687,0.2911271283451816
15688,0.29457453121620547
15689,0.28438320529612265
15690,0.2967946589811218
15691,0.29711445068855197
15692,0.30242708650905703
15693,0.29317340552998006
15694,0.294807789570775
15695,0.28974225900232015
15696,0.2924606933924644
15697,0.28240090949872243
15698,0.2926122648363253
15699,0.29006189687833384
15700,0.2847603035732685
15701,0.2869710288110678
15702,0.2854226416672744
15703,0.29522882060723565
15704,0.29468997963848614
15705,0.28188229395299774
15706,0.2929092410877313
15707,0.2878811971071461
15708,0.2894146397369962
15709,0.2873960698338838
15710,0.29287832586614
15711,0.280104851311455
15712,0.29673151356316
15713,0.2994262937890437
15714,0.29217071410861
15715,0.29607681097663396
15716,0.2843507003238512
15717,0.30044086813249943
15718,0.29032941751025576
15719,0.29609978331457226
15720,0.2834887381597067
15721,0.2870400787694473
15722,0.284969148538934
15723,0.29622614536906167
15724,0.289994204637109
15725,0.3084706130925121
15726,0.28596707811629746
15727,0.28576842210438513
15728,0.2774023451110851
15729,0.29037734881622596
15730,0.2829196368103306
15731,0.2982277771158847
15732,0.290697264146359
15733,0.2952908978580213
15734,0.29581958996174595
15735,0.296274560836024
15736,0.2904364239182296
15737,0.29055349889060506
15738,0.2932362703654841
15739,0.29529383739754456
15740,0.2965198243244106
15741,0.28251685845763247
15742,0.29619111927241076
15743,0.2943692209170831
15744,0.28769496671229483
15745,0.29988119242154065
15746,0.2898365963738519
15747,0.28952972843193786
15748,0.28968422502219915
15749,0.28855014175124644
15750,0.28979538290375956
15751,0.2879531988249267
15752,0.2929577119418306
15753,0.28685784597208236
15754,0.28137041550037817
15755,0.2983329919803044
15756,0.28872410181537217
15757,0.29155968237508867
15758,0.28272103104508134
15759,0.29501027147433573
15760,0.29046959993546717
15761,0.2882177266165878
15762,0.29997727196483365
15763,0.2847740330206621
15764,0.283905769492773
15765,0.29300388912991643
15766,0.2914515912955165
15767,0.2900131026902686
15768,0.2958233598789482
15769,0.29373526880955614
15770,0.2922341595180476
15771,0.29570728524300327
15772,0.28990537447418047
15773,0.2968358805313401
15774,0.29129593131526305
15775,0.29435425783862335
15776,0.28316979672189846
15777,0.2941346571985568
15778,0.2947815997408303
15779,0.2892973999246224
15780,0.2978933477070819
15781,0.2903322991885587
15782,0.28082041001998387
15783,0.28606820133558525
15784,0.29634132376924044
15785,0.28792440023422267
15786,0.29200627389287687
15787,0.28750791711809875
15788,0.30205558399906846
15789,0.28751847801713637
15790,0.28454492659669295
15791,0.29125659467458054
15792,0.2821753566824062
15793,0.2918795002553173
15794,0.2896596100848937
15795,0.2880844400990654
15796,0.2823323909570137
15797,0.28070406159937655
15798,0.2902351966516481
15799,0.2804569642558228
15800,0.2900138826086713
15801,0.28525107478969697
15802,0.2890331052547117
15803,0.2945787261929881
15804,0.2910670004032836
15805,0.2864307278642041
15806,0.29171032271354785
15807,0.2883910726831685
15808,0.2895516045044378
15809,0.2978454524730301
15810,0.28705625198561935
15811,0.2786656731275547
15812,0.29576100586345755
15813,0.29482122072413325
15814,0.28890996454705414
15815,0.2849468607725393
15816,0.2898263052749428
15817,0.2798613226827033
15818,0.2963402416657109
15819,0.2871190201004084
15820,0.28699872270439986
15821,0.2904198937677877
15822,0.2939288697170015
15823,0.28655541039931287
15824,0.2947455494106862
15825,0.2996086825762926
15826,0.2902610054356481
15827,0.2897503160860068
15828,0.2845109337198083
15829,0.2810744517784219
15830,0.2814214043181535
15831,0.2935938946224096
15832,0.2928070977273827
15833,0.2957502079829984
15834,0.2955481411842052
15835,0.28827157716791574
15836,0.2922243527220105
15837,0.29065123840900203
15838,0.28509856043561604
15839,0.29566300454945627
15840,0.28939914596019106
15841,0.2896366385606107
15842,0.29238059107552794
15843,0.2900560942155094
15844,0.29190183738924497
15845,0.2851136701459396
15846,0.2921684718519205
15847,0.2936422993696864
15848,0.2873963091992153
15849,0.2927136825999428
15850,0.2851380084014804
15851,0.28208373527481756
15852,0.2810238973860983
15853,0.290380300532469
15854,0.2910891730387556
15855,0.28094321633264274
15856,0.28008252246523463
15857,0.29250525803320676
15858,0.29468698746890093
15859,0.28886622959873853
15860,0.29167783688520216
15861,0.28928504094922236
15862,0.287232318141858
15863,0.29211039245567116
15864,0.2946291753793085
15865,0.28873482076824464
15866,0.2919233011891133
15867,0.28752292056412454
15868,0.2918766388524051
15869,0.2933378115977602
15870,0.2848186352565886
15871,0.29326086282008873
15872,0.29165934484094713
15873,0.29156078680651776
15874,0.28363601415963885
15875,0.2874435002916429
15876,0.28233830958692047
15877,0.28275485527843114
15878,0.28799745729388476
15879,0.28959807600612936
15880,0.2876848382093684
15881,0.2859186597587915
15882,0.28715505781877043
15883,0.27979473101088725
15884,0.2864274852281955
15885,0.2950034287108417
15886,0.28581337833200565
15887,0.2867510077498206
15888,0.28645194165691434
15889,0.2892052090774369
15890,0.2902133342214499
15891,0.28984728133527765
15892,0.29076009135413955
15893,0.2904811306249169
15894,0.29356730539454845
15895,0.2869311374639369
15896,0.2887433258809098
15897,0.3035127890718678
15898,0.29384792632299545
15899,0.2928634764527297
15900,0.29346076006779725
15901,0.2822410444991693
15902,0.28417294400743015
15903,0.2860973028194142
15904,0.29394303414301526
15905,0.2850029597391403
15906,0.2857996174846853
15907,0.2955104450812944
15908,0.2928398869740141
15909,0.28967425231076943
15910,0.2912333676798369
15911,0.2893621555978241
15912,0.28787811097913985
15913,0.29206060995507427
15914,0.28834688258936436
15915,0.2894350962088416
15916,0.28579557767056313
15917,0.29548293021398697
15918,0.2843182190257792
15919,0.2871979117589081
15920,0.2855032909599072
15921,0.2871318012318981
15922,0.2866033265558916
15923,0.28454043177104943
15924,0.28916997295340374
15925,0.289031318259533
15926,0.29197468382076486
15927,0.2837168999635353
15928,0.2896416524809402
15929,0.2834520106958781
15930,0.2938571667571306
15931,0.2911417343151235
15932,0.28737318428490843
15933,0.2952526339307925
15934,0.2902844023387081
15935,0.29191191342985584
15936,0.2956419116965564
15937,0.2901074723679838
15938,0.28178952681162206
15939,0.2921629696037785
15940,0.2895048810002123
15941,0.2920674063772855
15942,0.28418147634326696
15943,0.2815897320446092
15944,0.29083864277910715
15945,0.2812477794386051
15946,0.2838716062124826
15947,0.2873406148275211
15948,0.28788320396410316
15949,0.30131953780134546
15950,0.28964691526820946
15951,0.288141475570625
15952,0.292246360256377
15953,0.28707479259384494
15954,0.28716175405133487
15955,0.2885818967196525
15956,0.28342302196094077
15957,0.28759815385066895
15958,0.28316753765391556
15959,0.2766964919424059
15960,0.2897486633253787
15961,0.2944439867458268
15962,0.27645587897149687
15963,0.284397411443443
15964,0.2841958529247515
15965,0.29118314340903234
15966,0.2905495377646004
15967,0.2926960412250254
15968,0.291675774557062
15969,0.28755343280551987
15970,0.29430549731012107
15971,0.2908513692628485
15972,0.2961615495142327
15973,0.28671307596901785
15974,0.2866104537348717
15975,0.30108151504761027
15976,0.294761543453588
15977,0.2927587120153892
15978,0.28554498177874194
15979,0.29317215688179565
15980,0.2861410179237225
15981,0.2835018884283763
15982,0.2970788511610116
15983,0.2888266321847267
15984,0.28796056617564403
15985,0.2852699585068356
15986,0.2985912838692232
15987,0.2902247473669202
15988,0.28135652170416375
15989,0.28925353458833564
15990,0.27846024082516824
15991,0.2809396936940128
15992,0.29413462948288077
15993,0.29153164976111945
15994,0.28475447878129356
15995,0.2878151286966683
15996,0.28950989142472044
15997,0.28594618210662687
15998,0.2860195125476782
15999,0.2903172828425781
16000,0.28307748976010716
16001,0.2831701613035768
16002,0.29613563626497624
16003,0.2838220371637423
16004,0.286727487539788
16005,0.2923436512254528
16006,0.28572826450362726
16007,0.2900057847847462
16008,0.2894624973012066
16009,0.29354017557862716
16010,0.29126893802494286
16011,0.28634898259324176
16012,0.2995709669651101
16013,0.2840770288405739
16014,0.2901730354323178
16015,0.3013441582737913
16016,0.28594537273211984
16017,0.2877364765305802
16018,0.2945269823649543
16019,0.27991462064509054
16020,0.2939234675378421
16021,0.29208591942581114
16022,0.2909167028502911
16023,0.28515592295886993
16024,0.2884314396047313
16025,0.2984571112337683
16026,0.2904725400543817
16027,0.2920569687359793
16028,0.28283768393856645
16029,0.28554803664193307
16030,0.2859085529566619
16031,0.28476124578662754
16032,0.30084595718534324
16033,0.29451697241085795
16034,0.2915086929985692
16035,0.28790990880047623
16036,0.28668242637608365
16037,0.2898224893739918
16038,0.29779650636411503
16039,0.30360513265347494
16040,0.2965889301715632
16041,0.2877543322232854
16042,0.28858363206184573
16043,0.2965687108906764
16044,0.2840883220335787
16045,0.294333020037039
16046,0.28450436038646426
16047,0.2871655327858352
16048,0.28915694858946456
16049,0.28375481948089426
16050,0.28136509443258645
16051,0.2926007985027408
16052,0.2956745117287875
16053,0.2853696847646016
16054,0.28916902382698145
16055,0.28947214153326994
16056,0.2866602679756663
16057,0.28904252721246004
16058,0.28990845612817645
16059,0.28560963145707946
16060,0.2913695150039003
16061,0.2919159961660463
16062,0.2924642630623321
16063,0.28883037980510845
16064,0.2931852236630446
16065,0.28970414717836057
16066,0.29412954460580026
16067,0.28494955323438936
16068,0.27944523480902606
16069,0.2893909043878632
16070,0.28682777429363543
16071,0.2887017818962216
16072,0.2948820662373592
16073,0.2938055272525636
16074,0.28461136697453543
16075,0.28409996599532505
16076,0.28343605756918594
16077,0.2917627313669955
16078,0.2871218535682676
16079,0.28708496561004676
16080,0.30099771995292207
16081,0.28787672736512987
16082,0.28292280336926007
16083,0.28326951920439597
16084,0.28389143779145265
16085,0.2844876588689327
16086,0.28953064761339126
16087,0.2959755496720993
16088,0.3001487723768647
16089,0.29802854745762275
16090,0.2895877327505328
16091,0.287233474061807
16092,0.28846028645319727
16093,0.2965740678411589
16094,0.27610645233078346
16095,0.28912380652231073
16096,0.2901264097235054
16097,0.28678160054199403
16098,0.29390832607397227
16099,0.291266829354032
16100,0.2914315312392434
16101,0.29852293997505
16102,0.2935278296423788
16103,0.29580733683783333
16104,0.2983180641420237
16105,0.284783968618929
16106,0.2990749796733927
16107,0.2979659318127269
16108,0.2955687443470909
16109,0.295218711500903
16110,0.29857954651058144
16111,0.29563771759090607
16112,0.290404912168763
16113,0.2890480852545179
16114,0.2777468071066899
16115,0.2812019368519807
16116,0.2837335612398368
16117,0.2922704087167897
16118,0.2801108273487594
16119,0.28260427833683066
16120,0.2824129074108506
16121,0.2882396178504942
16122,0.2843826331208004
16123,0.2905026840188455
16124,0.29093263592262175
16125,0.2822507334417371
16126,0.2847870354889626
16127,0.2852114824836608
16128,0.28676228042699536
16129,0.2811702951970309
16130,0.28008450323370987
16131,0.29213295478218126
16132,0.2840653149217858
16133,0.2823992876988687
16134,0.28456906720801917
16135,0.28452031884456475
16136,0.2822133915357268
16137,0.2841702066447964
16138,0.28273246936170054
16139,0.2845520840326562
16140,0.28905486585326373
16141,0.28791697490831447
16142,0.2872263777235172
16143,0.2944127969860126
16144,0.28895250606454526
16145,0.2956309523953602
16146,0.2834288584701872
16147,0.2997991510121994
16148,0.29252735660715584
16149,0.29111807839008536
16150,0.28646735662829736
16151,0.28680871158917365
16152,0.2897195601586946
16153,0.2831676831934993
16154,0.2876877976850508
16155,0.29368869649853646
16156,0.28801675020082523
16157,0.28905527590823593
16158,0.2932323401786117
16159,0.28674583212630084
16160,0.2934838642011191
16161,0.2874895519429496
16162,0.2924715999841992
16163,0.29422422090511735
16164,0.30011673359292584
16165,0.28640872181093474
16166,0.29145291854901134
16167,0.2935366227722396
16168,0.2797386102280644
16169,0.2813769331509708
16170,0.2892887885694842
16171,0.28238711611436096
16172,0.29258180858505994
16173,0.29158105830579917
16174,0.280953170084586
16175,0.2802028261883634
16176,0.28806554952470176
16177,0.28849900455903366
16178,0.28372673104916357
16179,0.2854792884740627
16180,0.28865795970734826
16181,0.29505956452212484
16182,0.2910621558457558
16183,0.2840095060074403
16184,0.2889527367287391
16185,0.2908660458549016
16186,0.2874162076089085
16187,0.29419129784806114
16188,0.2767134585053957
16189,0.27905047781642994
16190,0.2815298776297573
16191,0.28155532570959263
16192,0.29412790936584343
16193,0.2848631930879014
16194,0.28685822998039345
16195,0.29776485689465115
16196,0.28971956444120245
16197,0.2884890306104777
16198,0.28279711326069124
16199,0.288297578718955
16200,0.29302417352491184
16201,0.29210155059768184
16202,0.27759543260680647
16203,0.28807528275413813
16204,0.28256091827317287
16205,0.2776280711871343
16206,0.288316085518872
16207,0.28505548987385443
16208,0.2883812303016342
16209,0.28031345688946935
16210,0.2793544598103712
16211,0.2845256512151093
16212,0.2877744620999738
16213,0.27904150821121565
16214,0.27783959644181744
16215,0.27683319802992823
16216,0.28303008255593093
16217,0.28736549126599015
16218,0.2841624165655243
16219,0.28467098136296753
16220,0.2828688272912809
16221,0.2870374635118751
16222,0.2887625431335506
16223,0.291524510809141
16224,0.2907065544318373
16225,0.2860232838551374
16226,0.28791375984696416
16227,0.2811510537387526
16228,0.28819464814814433
16229,0.2864231103885726
16230,0.2893056932708032
16231,0.29348162887277995
16232,0.28492396397053354
16233,0.2781258122098634
16234,0.2767639714250862
16235,0.291431659826723
16236,0.2835206628983961
16237,0.29613263563022585
16238,0.29179729836220597
16239,0.2785870296162212
16240,0.2845908299486308
16241,0.2854116365222076
16242,0.28867075912076984
16243,0.2860636880256573
16244,0.28928618063435224
16245,0.28510954056024673
16246,0.2926723988020776
16247,0.28874831011601537
16248,0.2900629075410454
16249,0.2906844441864094
16250,0.286469838037556
16251,0.28060575214128125
16252,0.28353244724539883
16253,0.28686779685330116
16254,0.2780575496469458
16255,0.2920664922455662
16256,0.28740716978764336
16257,0.29487778460171377
16258,0.27116955426689937
16259,0.2875478818862355
16260,0.2795479725124354
16261,0.2872126859044593
16262,0.2844828079203576
16263,0.28824138693118834
16264,0.29038303017923733
16265,0.2829377698975467
16266,0.286970667286488
16267,0.2828012572209948
16268,0.28630012098357305
16269,0.289117785340766
16270,0.2917040493598904
16271,0.29062488283396654
16272,0.29183415105342697
16273,0.28825779167213017
16274,0.28955691328529853
16275,0.28693322137953226
16276,0.2816581061815621
16277,0.2912705501393384
16278,0.285739860909928
16279,0.2955288528709801
16280,0.28593409086591093
16281,0.28380141699698974
16282,0.2985577224300902
16283,0.2884377098130068
16284,0.28610481167922375
16285,0.285805533135859
16286,0.2902075181758891
16287,0.28730697351056683
16288,0.2796983648432663
16289,0.29128756517643645
16290,0.2909466051822858
16291,0.2914584487223189
16292,0.2820941036430542
16293,0.29258800475744273
16294,0.2812177312324347
16295,0.286467592057999
16296,0.2865887751923662
16297,0.2935083151728261
16298,0.2918041408257151
16299,0.29278384413172653
16300,0.2885449455652649
16301,0.2857002899384652
16302,0.288219133767999
16303,0.28939225841275956
16304,0.29410889946581337
16305,0.2923857967953547
16306,0.2806825284580353
16307,0.29016840580751374
16308,0.2947230232069573
16309,0.2782612005242768
16310,0.28872923761810176
16311,0.2803125560587814
16312,0.2915950095212671
16313,0.28675017311650297
16314,0.2826204110660161
16315,0.28877825372688604
16316,0.2889754625950539
16317,0.2878098313205789
16318,0.28972765993810107
16319,0.2923623405313496
16320,0.3020737829147087
16321,0.2894494519589805
16322,0.2785060520194059
16323,0.2880680913065545
16324,0.2841166417597114
16325,0.29520960695031373
16326,0.2818323261442691
16327,0.2876487396921342
16328,0.28937950134436774
16329,0.2723874569728331
16330,0.27971871457621283
16331,0.28185409702762315
16332,0.27857619816794277
16333,0.285772777890345
16334,0.28457205404914926
16335,0.28482199264210356
16336,0.2821144707543758
16337,0.28187291123810543
16338,0.2911403482727266
16339,0.2857296770372014
16340,0.28202522820674286
16341,0.2918523442650743
16342,0.2739947371775361
16343,0.2865860768560198
16344,0.2801521578811928
16345,0.28772386329076005
16346,0.28083550323841033
16347,0.2856496732514264
16348,0.28468342075533687
16349,0.27541217920762834
16350,0.2859305045261279
16351,0.28624322890844583
16352,0.2783297381263266
16353,0.2915625921720506
16354,0.28545113638141684
16355,0.27708824324775194
16356,0.2892878546477932
16357,0.28129811338527205
16358,0.28324979715413295
16359,0.28146624598467723
16360,0.2830753394787501
16361,0.27555821169922845
16362,0.2911469272368847
16363,0.2819436908580476
16364,0.27568666952887494
16365,0.2893889612102578
16366,0.28719840306651434
16367,0.2866566602607548
16368,0.2808968896077428
16369,0.2793071279347831
16370,0.2901068095914998
16371,0.2863250317501496
16372,0.2889975665791797
16373,0.28121154525367126
16374,0.2800423933116855
16375,0.2810282445421788
16376,0.28361344105309505
16377,0.2879066508598931
16378,0.28222381827526954
16379,0.2936519435698151
16380,0.28487607193504316
16381,0.2694574142237404
16382,0.28050621133263665
16383,0.2790764749846474
16384,0.28420696617002755
16385,0.2759836379239604
16386,0.27287444438739983
16387,0.27756896539996984
16388,0.2894328282260667
16389,0.2829537914631083
16390,0.27932113885249515
16391,0.28777623133713204
16392,0.28674933011553283
16393,0.28710657395454486
16394,0.28662129175813045
16395,0.2885917603387755
16396,0.2807561586561474
16397,0.28069977517802863
16398,0.2770042536992031
16399,0.2836190588159745
16400,0.27335333794828487
16401,0.2818901149514747
16402,0.27436747393673555
16403,0.2837192981238726
16404,0.2820619235378283
16405,0.28101466644753403
16406,0.2803919449199561
16407,0.2877565766572153
16408,0.28197575429432087
16409,0.2859260812392497
16410,0.2761194268822679
16411,0.27796515524283016
16412,0.2790111507005384
16413,0.2709264487508311
16414,0.28019866645529284
16415,0.27867236550724284
16416,0.2796775187283278
16417,0.27897515800291617
16418,0.2873623214857467
16419,0.29335021512838594
16420,0.2833209286763944
16421,0.26935857260061585
16422,0.2798219319429789
16423,0.27117338035696553
16424,0.2731192465025301
16425,0.275839861367553
16426,0.27221472283680603
16427,0.28704183563747876
16428,0.2872211988305715
16429,0.29079139248568453
16430,0.2845354799408666
16431,0.2745474606698343
16432,0.27310227381258523
16433,0.2713848555087454
16434,0.2757496483403474
16435,0.29261601544174765
16436,0.28095934031796427
16437,0.2869462279594587
16438,0.291885437212926
16439,0.27901514197447447
16440,0.2802050426963076
16441,0.28826708175957355
16442,0.2897064242664728
16443,0.2812010560365071
16444,0.2878851042305037
16445,0.27735091201002726
16446,0.28629319693660643
16447,0.28256309575345356
16448,0.28329872241922954
16449,0.28667926322926746
16450,0.282591860915819
16451,0.2835649669061336
16452,0.2861113927069712
16453,0.28480993220868794
16454,0.2875688002507655
16455,0.28506858585288636
16456,0.28967845893936617
16457,0.2920239067908452
16458,0.2847535077875805
16459,0.29869167627867427
16460,0.28289051725959474
16461,0.2870237842639677
16462,0.28771059285101563
16463,0.28304472078618037
16464,0.2868687616478333
16465,0.28089949026885497
16466,0.276805071904532
16467,0.28625157236050686
16468,0.27891716497218894
16469,0.27781010931712213
16470,0.2757946491466191
16471,0.28251718186620534
16472,0.2829703892558541
16473,0.28783104690875283
16474,0.2872881417292226
16475,0.27542322271583647
16476,0.28398212620404595
16477,0.27661431789744456
16478,0.28246510732509195
16479,0.278110049276778
16480,0.27878834497038624
16481,0.2797635062861496
16482,0.2951372284184431
16483,0.2923271860250208
16484,0.2821244914320636
16485,0.276572444196062
16486,0.28565551137591133
16487,0.28993530428584946
16488,0.29283203567825544
16489,0.2820802314023501
16490,0.28803735487435034
16491,0.2867280227096951
16492,0.28613961486624423
16493,0.2899213681025986
16494,0.2857622177529105
16495,0.2806910768688707
16496,0.2858878239165838
16497,0.29120684669973024
16498,0.27395149120978946
16499,0.28460331593675375
16500,0.2806731100401806
16501,0.29615917025474076
16502,0.28384231661772524
16503,0.28124575866852186
16504,0.287890049122635
16505,0.28941610078971863
16506,0.28195142207373824
16507,0.27194506477811103
16508,0.28249324074355403
16509,0.28298465761140196
16510,0.29248221319405876
16511,0.2924280914562278
16512,0.28280894343509305
16513,0.274412503066059
16514,0.2817317026680523
16515,0.29011183019495335
16516,0.292238888449607
16517,0.2734859206455501
16518,0.2832739378932433
16519,0.2778303738968841
16520,0.28510284699348437
16521,0.28302359497555085
16522,0.283999289675767
16523,0.27530356243099113
16524,0.27469560885623884
16525,0.2861165185397883
16526,0.2910945227594499
16527,0.2823977662937649
16528,0.2759692276246978
16529,0.28684784052476303
16530,0.28280487574237123
16531,0.2831959793267625
16532,0.2857979917197774
16533,0.2895637291976826
16534,0.28208963421968386
16535,0.28434785190375017
16536,0.27970886412407175
16537,0.29407134541127217
16538,0.28526821775194333
16539,0.2813954028862909
16540,0.27304421758706515
16541,0.28178852919921693
16542,0.2858254107945708
16543,0.2810218892331462
16544,0.29121451158500866
16545,0.28546472145902063
16546,0.2792151248033919
16547,0.2819627826469714
16548,0.2851909725812853
16549,0.2833077284743731
16550,0.27887960302007286
16551,0.28220928238830006
16552,0.2813181078470939
16553,0.28750433670130243
16554,0.27300824197757195
16555,0.2847252645811574
16556,0.282468910366181
16557,0.27459335980469285
16558,0.290534371472563
16559,0.2820751657269826
16560,0.2808941070425326
16561,0.27848976278243365
16562,0.2820726184179373
16563,0.28594682274073574
16564,0.28912320232380395
16565,0.2787181737291445
16566,0.27651952855495726
16567,0.2778777041068587
16568,0.2858888577107631
16569,0.2900793987840177
16570,0.27723592423539545
16571,0.28646811587037424
16572,0.28121919139632484
16573,0.28960032798591717
16574,0.28901461042289806
16575,0.2787025951271678
16576,0.27759054882762285
16577,0.287697155240503
16578,0.2799561047963515
16579,0.28029334701235953
16580,0.2816178882567748
16581,0.28317108034730987
16582,0.2849496724688729
16583,0.27680362806898146
16584,0.2939080374357334
16585,0.2863873650149517
16586,0.2889972764404006
16587,0.2790813401129346
16588,0.2700441346820352
16589,0.27551386918948073
16590,0.28398598266798397
16591,0.27861786916734915
16592,0.2812744754513301
16593,0.28859398408923315
16594,0.27820495200359824
16595,0.2787373549941367
16596,0.2734005367488394
16597,0.2827702803749845
16598,0.2790934470595081
16599,0.28032500617011386
16600,0.27691882887776875
16601,0.2848854234000745
16602,0.2820962203297737
16603,0.282955131268437
16604,0.28176527684790365
16605,0.28575118939344296
16606,0.2823125691857826
16607,0.28297379500486186
16608,0.28735125216551227
16609,0.28671534934693166
16610,0.30146833759771974
16611,0.2785986144783146
16612,0.2838260011077849
16613,0.28306090081001845
16614,0.28148213116832393
16615,0.2793854246859928
16616,0.27422146613263826
16617,0.2836595339727828
16618,0.28717028233689507
16619,0.28400451415352485
16620,0.2798515093629781
16621,0.2839492047600059
16622,0.2847738534553515
16623,0.28259048391422537
16624,0.28287991787684924
16625,0.2913571570048996
16626,0.2910077312380223
16627,0.2902422698105835
16628,0.2829521157171283
16629,0.28752169073320244
16630,0.27744862747397897
16631,0.2724470201687899
16632,0.27105573746628514
16633,0.27898267522620634
16634,0.27524682250699717
16635,0.27620751640448077
16636,0.27971121890517825
16637,0.28651339044247687
16638,0.2868574545110956
16639,0.2823071846141457
16640,0.2787514142609115
16641,0.27804249096205097
16642,0.2819622833013497
16643,0.2841092825767986
16644,0.2838470360186481
16645,0.27920294752002256
16646,0.2829333455352435
16647,0.2754023058548513
16648,0.2784871323465476
16649,0.2815170078989289
16650,0.27925079827824456
16651,0.2910697513190129
16652,0.2771825795704924
16653,0.2829519356427139
16654,0.2797067143882933
16655,0.27733818300865604
16656,0.28364716317715805
16657,0.27722296319980483
16658,0.2705637453244493
16659,0.2819333202120579
16660,0.2837943503643133
16661,0.28618018852405586
16662,0.28063472532980926
16663,0.284331981436558
16664,0.28165373863904
16665,0.2721286881103151
16666,0.27983589925697927
16667,0.29004410850345597
16668,0.2840193195290562
16669,0.2771036680655888
16670,0.28021625595324584
16671,0.2766324347155047
16672,0.27749450631592165
16673,0.2814067396793685
16674,0.28120291801816727
16675,0.2873899746490011
16676,0.28240480893610626
16677,0.2877584072619188
16678,0.2747736811734971
16679,0.2858493179527584
16680,0.284356758610263
16681,0.2889288501549908
16682,0.2908572830709564
16683,0.285506547977888
16684,0.27613445295009803
16685,0.286223873556988
16686,0.28424193625985417
16687,0.27424597466004486
16688,0.2786904556759838
16689,0.2797869212673607
16690,0.2754145769938502
16691,0.2896978272724615
16692,0.28589181798031976
16693,0.285990791705715
16694,0.2805154381206511
16695,0.27478262182657454
16696,0.28298287914150716
16697,0.2728319887949523
16698,0.28280498475130816
16699,0.27621867546174667
16700,0.277089350256701
16701,0.277385704209528
16702,0.27470452160635456
16703,0.27582174635702417
16704,0.2769472393367315
16705,0.2805034387181499
16706,0.2849032673315856
16707,0.28857321250268536
16708,0.26897070400162115
16709,0.2801290237874454
16710,0.2767827657314165
16711,0.2828448111550735
16712,0.2835932237039678
16713,0.27863304598017313
16714,0.2750019483280135
16715,0.2769186733701182
16716,0.2848793060323904
16717,0.2835933675730684
16718,0.28990190635490776
16719,0.2840621356898457
16720,0.2797974048000929
16721,0.28822328277788023
16722,0.2897281736441231
16723,0.28455842774243945
16724,0.2794637051120088
16725,0.28875319074873895
16726,0.2753662812803653
16727,0.2755498071057515
16728,0.2867831332698355
16729,0.2796363496159065
16730,0.27670488346937894
16731,0.27781846749229944
16732,0.27566384308637243
16733,0.2776966443080767
16734,0.28409873984101675
16735,0.27338794558209334
16736,0.2818162943086141
16737,0.2761421705941485
16738,0.2808895984258939
16739,0.28026542175932184
16740,0.2688583477077084
16741,0.2800497125463288
16742,0.27569135239231307
16743,0.2890969774212845
16744,0.27852455368983753
16745,0.28205817436240943
16746,0.28654037770451757
16747,0.280253112708391
16748,0.28509794154216217
16749,0.2838393988533569
16750,0.2702071544740575
16751,0.2807875692094116
16752,0.2734803359283493
16753,0.27121095275527496
16754,0.28555947349266386
16755,0.2763638314524097
16756,0.27753616866117353
16757,0.27352065055254426
16758,0.28396278444617634
16759,0.27799408324340186
16760,0.2803769208656458
16761,0.2810003668582854
16762,0.2757037727715704
16763,0.28321573561476404
16764,0.27783322327230714
16765,0.2817317664032142
16766,0.2825908628613286
16767,0.28155540044936045
16768,0.2772180819704691
16769,0.2865227672278361
16770,0.2880289884779385
16771,0.286610724965252
16772,0.2900159587467591
16773,0.2894902747228598
16774,0.2843264230710696
16775,0.288930064176382
16776,0.2849548921770069
16777,0.2881722772104426
16778,0.29085000281590623
16779,0.2769251324600271
16780,0.2879265511732229
16781,0.2713903593149698
16782,0.28800574079045
16783,0.2850097378028505
16784,0.28859814404323214
16785,0.28201652892515394
16786,0.27204338490433627
16787,0.2768412396928686
16788,0.2881661261257503
16789,0.27487775203107384
16790,0.2890459864455062
16791,0.2824178955424847
16792,0.27452686531377624
16793,0.2760365901626546
16794,0.2853852792920757
16795,0.283857970991118
16796,0.29146698857597503
16797,0.2864772311485917
16798,0.28066246812731144
16799,0.28549290624606777
16800,0.28503836231573965
16801,0.268981390961401
16802,0.2768991850850269
16803,0.28278057654585237
16804,0.2840261256166869
16805,0.2839211224764118
16806,0.28128531773297044
16807,0.2780991717915265
16808,0.2849666093817434
16809,0.2722560641825546
16810,0.2721179624021996
16811,0.2863361089496527
16812,0.2848946158824683
16813,0.28618094251724163
16814,0.2842135455447424
16815,0.2821424176281561
16816,0.28569708140141553
16817,0.28218766843720217
16818,0.28842560860932537
16819,0.2928207571902887
16820,0.2861298355305361
16821,0.2838797703043171
16822,0.28372174466313416
16823,0.27987391203800255
16824,0.2902350103375009
16825,0.2773261448702545
16826,0.2840195191866064
16827,0.2827414127032942
16828,0.27275415383627294
16829,0.27851267049495704
16830,0.28190326214632655
16831,0.2692258446954419
16832,0.28214162267392495
16833,0.2809453823623685
16834,0.28706357019268947
16835,0.28393193377657505
16836,0.2790064576854126
16837,0.2894686811479834
16838,0.28297878768000745
16839,0.2861648298805291
16840,0.2862073358096508
16841,0.29257194153329963
16842,0.2983477327718704
16843,0.2886442841499043
16844,0.2848256669612816
16845,0.2881568801260275
16846,0.2767326358058339
16847,0.29070183946073797
16848,0.2819968162140277
16849,0.28397481956568627
16850,0.27746388108761566
16851,0.2901492176215638
16852,0.28256030775959357
16853,0.28433452975733303
16854,0.2750096508618254
16855,0.2880717984047094
16856,0.28814086365421837
16857,0.27307069937210565
16858,0.2757321623263553
16859,0.2811255812459649
16860,0.28242872332670554
16861,0.28013830696061987
16862,0.28129865366138673
16863,0.2858751992085761
16864,0.2910773882433503
16865,0.29049701815907414
16866,0.2827924849452326
16867,0.2838126266914826
16868,0.28179190018249745
16869,0.2790189577330505
16870,0.2832724162721702
16871,0.27841072788663346
16872,0.2881458882548145
16873,0.29019438666065156
16874,0.28339256004558266
16875,0.28563671958266174
16876,0.2858123202126127
16877,0.2830986133091691
16878,0.2852841626824344
16879,0.2877305008778971
16880,0.27490046977204696
16881,0.2810764919853595
16882,0.2802398180684119
16883,0.28030833919283205
16884,0.2732079760975516
16885,0.2763060393050297
16886,0.27700234991957556
16887,0.28568450587180344
16888,0.27615089625826733
16889,0.27107368210347876
16890,0.2800937620106224
16891,0.26732902957290877
16892,0.2850500290619463
16893,0.2918717512152079
16894,0.2796712278030369
16895,0.2822932767497876
16896,0.2805919672626174
16897,0.2833673913404071
16898,0.2860940564651095
16899,0.2809528440697591
16900,0.2782179635605892
16901,0.27679009046223346
16902,0.29228305400635374
16903,0.2819867346271019
16904,0.28404325222658494
16905,0.2723349160959837
16906,0.2904536132865497
16907,0.28787552137412337
16908,0.2812393952286453
16909,0.2760356169814988
16910,0.29295884661516297
16911,0.27640049930553523
16912,0.2792454127050533
16913,0.2780268224036952
16914,0.28619570867639677
16915,0.27752295743715183
16916,0.27742988990179157
16917,0.2825820540522017
16918,0.28055193427652236
16919,0.2850106996357117
16920,0.2834603914251893
16921,0.2854044078184458
16922,0.288948049519945
16923,0.27735680581658123
16924,0.2814615000085916
16925,0.2756038166770545
16926,0.2918666599301799
16927,0.2875366551263852
16928,0.28503771135996503
16929,0.28937985423420076
16930,0.28573208879240325
16931,0.28344110146506407
16932,0.28183212862317175
16933,0.27888257363894753
16934,0.28024328101702906
16935,0.27601717598624237
16936,0.2847672739520021
16937,0.2855003272318372
16938,0.2826952352330585
16939,0.28741485387108706
16940,0.27735047507582444
16941,0.271650521057852
16942,0.2794548563123371
16943,0.2799836031725561
16944,0.2916110001034838
16945,0.28452004367488176
16946,0.2820106440434163
16947,0.2843202910734351
16948,0.28169989098306186
16949,0.2819883983326967
16950,0.2746178594260756
16951,0.2796137790221973
16952,0.2794489677337477
16953,0.2797339579465835
16954,0.28328248405321343
16955,0.2728712213460152
16956,0.2757852190500381
16957,0.2811064032247356
16958,0.2860611396146856
16959,0.2935859748450359
16960,0.28727200200029634
16961,0.28072390934149366
16962,0.2801501023578425
16963,0.2871287252966086
16964,0.28011983756507663
16965,0.2877033833202018
16966,0.2772360939849415
16967,0.27974868233659606
16968,0.2769127987151932
16969,0.28500697602077324
16970,0.2855715118108774
16971,0.28808104410792396
16972,0.2822469629440672
16973,0.28398840330126823
16974,0.28507652805548783
16975,0.2835797429331684
16976,0.2798819194579851
16977,0.27854896988995204
16978,0.27887269420878896
16979,0.27646079854255906
16980,0.28620905640871563
16981,0.28205599288418653
16982,0.2827518028750527
16983,0.2877867508238892
16984,0.2828266547849242
16985,0.28533751986277966
16986,0.27780949079093503
16987,0.28489157620380773
16988,0.28951265275657667
16989,0.2713357545206641
16990,0.2850316118977401
16991,0.2767702361926724
16992,0.2760346862754486
16993,0.2887335657801799
16994,0.2874202393178659
16995,0.2763821003670966
16996,0.2850406755472417
16997,0.2767849405267727
16998,0.27213599507528935
16999,0.2849469795742108
17000,0.27132527343115004
17001,0.27404225920615244
17002,0.27129725001307725
17003,0.28625485607881257
17004,0.2746024651455952
17005,0.2736610355215978
17006,0.28649254801029467
17007,0.2855895757483974
17008,0.27733781115390654
17009,0.2824088977731419
17010,0.2718050264537946
17011,0.28437761506230963
17012,0.2767175795370738
17013,0.28719562557675443
17014,0.28726946592359537
17015,0.2859625616342613
17016,0.2819290383756022
17017,0.27625009754106356
17018,0.2873614193528403
17019,0.29200168714366737
17020,0.2874951133058105
17021,0.28070315751401426
17022,0.2862400849460423
17023,0.27569255841930984
17024,0.2806165749684567
17025,0.2832104142701845
17026,0.27856257119839034
17027,0.28543760991947303
17028,0.2850818318777386
17029,0.2862875774812242
17030,0.2793149825754624
17031,0.2917148997666713
17032,0.2906292229890464
17033,0.2902606241860357
17034,0.2760370987233482
17035,0.27556568920961877
17036,0.2769150035480798
17037,0.27860200278609676
17038,0.2754623743389849
17039,0.2887079224553616
17040,0.2871128569408497
17041,0.28290769359579154
17042,0.27088927296216053
17043,0.2686781259504227
17044,0.26776452828491304
17045,0.2762922526965274
17046,0.2770802273980805
17047,0.26303231276057454
17048,0.2787634121048199
17049,0.27468786715398164
17050,0.2762802612220272
17051,0.2755836494399838
17052,0.28229908350737454
17053,0.28877449631152363
17054,0.2704927161173871
17055,0.26892494968840996
17056,0.2783190309612295
17057,0.27848263880403135
17058,0.28205469961570434
17059,0.27379480122877653
17060,0.2837937719040716
17061,0.28074871570604915
17062,0.28320306428931025
17063,0.27466022551194236
17064,0.27859764382837404
17065,0.2818681186937725
17066,0.2799882343557868
17067,0.2786145473612932
17068,0.2803308730452772
17069,0.2737065857534673
17070,0.27798320164942864
17071,0.2842821702267232
17072,0.2760798123544185
17073,0.27922204535038664
17074,0.2836007581053674
17075,0.2869854411347764
17076,0.27458606585325496
17077,0.2731155253444227
17078,0.28516095151975607
17079,0.27216386378094665
17080,0.2723526193893858
17081,0.2720409919750303
17082,0.27384027325055976
17083,0.26939938965298804
17084,0.2741774657951143
17085,0.2825252897036784
17086,0.2820965612240519
17087,0.2747098313342655
17088,0.2821762920506478
17089,0.2775075678365368
17090,0.27387896406083073
17091,0.27395505486312133
17092,0.2841233308196928
17093,0.2815774385912146
17094,0.2847919642686337
17095,0.28577809221374767
17096,0.2800923730551557
17097,0.2778450541568822
17098,0.27822216948354894
17099,0.28022624015842457
17100,0.27267905631609357
17101,0.27760730505935804
17102,0.2764404988313102
17103,0.27035083006826316
17104,0.26719984253875745
17105,0.2865259679586253
17106,0.2722215683234507
17107,0.27723424481123027
17108,0.27569062670593164
17109,0.27237633653469856
17110,0.2856797868451784
17111,0.27362535820097195
17112,0.28789601285844624
17113,0.27759922555341016
17114,0.28177433929332524
17115,0.2758549213957386
17116,0.27786513968457827
17117,0.2821910966815355
17118,0.2764203169949671
17119,0.27711522091707635
17120,0.2855931697288962
17121,0.2828161822160619
17122,0.28907704408743273
17123,0.28440926078880907
17124,0.2744405927226689
17125,0.27799829280236205
17126,0.2849167827320489
17127,0.2827917371594115
17128,0.28102664967419266
17129,0.2805378977995075
17130,0.2812896150558239
17131,0.2821204183792131
17132,0.3000805975021435
17133,0.27738018002187026
17134,0.27576963576645686
17135,0.28493487703375114
17136,0.27645275123540275
17137,0.27666459063104054
17138,0.27970687624455803
17139,0.26963318279545523
17140,0.2796164354801323
17141,0.28618192074763416
17142,0.2769304724433685
17143,0.28879598623041797
17144,0.27489982851507383
17145,0.27231452471524775
17146,0.2874740803698901
17147,0.28778831725839227
17148,0.28060768135450326
17149,0.2741753810669641
17150,0.27134385440308956
17151,0.2772003442518321
17152,0.28485435315030483
17153,0.27880753771962713
17154,0.28171894944659914
17155,0.28558125472526047
17156,0.28158892392304685
17157,0.275559023892895
17158,0.28220406944578735
17159,0.2866317226847781
17160,0.2774596853403076
17161,0.27386031034084685
17162,0.28573895087753276
17163,0.2769508099502692
17164,0.27994193738070156
17165,0.27808495710933256
17166,0.2816378873162307
17167,0.2773259853310197
17168,0.2841518086733779
17169,0.2762504001956561
17170,0.27845724980738185
17171,0.28528003300216037
17172,0.2810691648076918
17173,0.28568764610965597
17174,0.27551909038317784
17175,0.27651717862633207
17176,0.28131326316014166
17177,0.28093818299525203
17178,0.2811193912451904
17179,0.2741482965779455
17180,0.2868168516361959
17181,0.27257230249728354
17182,0.2801475310703726
17183,0.2774766926572017
17184,0.28382458785366477
17185,0.28364853951411256
17186,0.28016426020059776
17187,0.27742015019819505
17188,0.27281718524863136
17189,0.2816080871741138
17190,0.28806823810788157
17191,0.2806709270409303
17192,0.2731833372726907
17193,0.27050080680398836
17194,0.27549550290892544
17195,0.28298825227932445
17196,0.26714233665154635
17197,0.2890243564053101
17198,0.28202949090419194
17199,0.28028061231739343
17200,0.2820896622112027
17201,0.2741221413430838
17202,0.27966502494169665
17203,0.27687660840688927
17204,0.27518041971393553
17205,0.2794391837142564
17206,0.2850834667860753
17207,0.2786275158384554
17208,0.27936392594273474
17209,0.2807296448605069
17210,0.28066255744571017
17211,0.28057145771041403
17212,0.27328412262101254
17213,0.27246563077718594
17214,0.2778704307391353
17215,0.28204034884294543
17216,0.28346189832081936
17217,0.27757650112745424
17218,0.27610306847303145
17219,0.27421489829885365
17220,0.26960616653422026
17221,0.28482671721521463
17222,0.28703652894460124
17223,0.28427129424429426
17224,0.2909909921419769
17225,0.28623277560581095
17226,0.2827402291299045
17227,0.28214160608621897
17228,0.28506390597575065
17229,0.2780623580535657
17230,0.27541917696919016
17231,0.2817193274346849
17232,0.2795414343011449
17233,0.2787327043447228
17234,0.28019097095945655
17235,0.2740709585244885
17236,0.27492329056576154
17237,0.26893737735981926
17238,0.27097312415573854
17239,0.2771074638499209
17240,0.27806233943613473
17241,0.2810515319923645
17242,0.2787487138811374
17243,0.2717215211446984
17244,0.27652549310073593
17245,0.27859878884102374
17246,0.27943974902536906
17247,0.2844998958903015
17248,0.2835714316947498
17249,0.27964315806122625
17250,0.27753449757785154
17251,0.2700779363075588
17252,0.27860707605766244
17253,0.2713202806122209
17254,0.2832468636939474
17255,0.27749194146656087
17256,0.27687723912989204
17257,0.27211358187957013
17258,0.28173805730703405
17259,0.2851999773113081
17260,0.27225719106093876
17261,0.2769364406743906
17262,0.2704763610129871
17263,0.27205602706227944
17264,0.2774269427946658
17265,0.27859049873983627
17266,0.2792028857604653
17267,0.27504831024464926
17268,0.27252867371727435
17269,0.29244204132452906
17270,0.27324374524140294
17271,0.27147089453876644
17272,0.27337637768793965
17273,0.27158635945834264
17274,0.2676952060399123
17275,0.27352206578818816
17276,0.2761000191516214
17277,0.2721773548591064
17278,0.2733500843819848
17279,0.278202606667461
17280,0.2695109335168247
17281,0.2793888494687516
17282,0.2723544371623068
17283,0.272559754031152
17284,0.2796524174380761
17285,0.2735845820306418
17286,0.2655039047725424
17287,0.26974612072582155
17288,0.2802902003898752
17289,0.26651727334055664
17290,0.27721214015193213
17291,0.27359668882693416
17292,0.2731846127334262
17293,0.27663781717977487
17294,0.266947357269279
17295,0.2663501775426307
17296,0.27395538902938205
17297,0.27684649647567083
17298,0.27512913844001863
17299,0.2773892894993982
17300,0.2732308783180274
17301,0.2721393208897588
17302,0.2790304640670477
17303,0.27633266009131724
17304,0.27267823445594047
17305,0.2720542080229088
17306,0.28714907606678836
17307,0.2796018402868926
17308,0.2772349789687204
17309,0.282666944190773
17310,0.272671151855927
17311,0.27706464406198555
17312,0.27691280528494117
17313,0.2742142860954799
17314,0.27150243922586814
17315,0.27937573502088814
17316,0.280454648362543
17317,0.27139893397881537
17318,0.27341535225185815
17319,0.2654591502010567
17320,0.2780964007777799
17321,0.2728139530399783
17322,0.28262657970572325
17323,0.2741321254232984
17324,0.2813602096096071
17325,0.27721562536474037
17326,0.27757675662850245
17327,0.2839968656373465
17328,0.27002512128739975
17329,0.28190587235237635
17330,0.2727693374505236
17331,0.27198987898739974
17332,0.2751270766362787
17333,0.2808561913977475
17334,0.2733805519926224
17335,0.27449186168178513
17336,0.2737607954900379
17337,0.27824365337595713
17338,0.27504792903852976
17339,0.2752470572143086
17340,0.27583634776912536
17341,0.2700410396104792
17342,0.2802637145102531
17343,0.2747720675968334
17344,0.27254597126703534
17345,0.2725234680396941
17346,0.27702769100202645
17347,0.27127150233317243
17348,0.27857529361140454
17349,0.28478406257604344
17350,0.2713647448995429
17351,0.27450831302945233
17352,0.2756293867831851
17353,0.28027989238489764
17354,0.2778835127626373
17355,0.27574047654206496
17356,0.27877878303868
17357,0.27739996477092765
17358,0.2801564685580016
17359,0.2700820281257886
17360,0.2748086956194946
17361,0.2703843125310447
17362,0.27817245404391705
17363,0.27796655827173017
17364,0.27339147688769266
17365,0.28332726423424975
17366,0.28491575638303884
17367,0.27662104752078487
17368,0.2784062993436255
17369,0.27414643220245133
17370,0.2718992624250843
17371,0.26943672336948443
17372,0.2737633353169244
17373,0.2726503909359948
17374,0.2768902705314467
17375,0.2777332626362683
17376,0.2810104727764807
17377,0.27151806370610804
17378,0.2707487649155846
17379,0.27480256998116676
17380,0.277181304044391
17381,0.27685899668160063
17382,0.28636644450658416
17383,0.27996841074720163
17384,0.2705268548765805
17385,0.27231059779323064
17386,0.27747877729431325
17387,0.2737680936925445
17388,0.27953642290426334
17389,0.27055663083349624
17390,0.28152388986857585
17391,0.2802456220699024
17392,0.2811697752844301
17393,0.26633121341958854
17394,0.2706512200218965
17395,0.2819105705379609
17396,0.27756169258961516
17397,0.2788501139073991
17398,0.2752747570257601
17399,0.28127679488031043
17400,0.2796807403571073
17401,0.29033648093841546
17402,0.2772934846126663
17403,0.28670252934772217
17404,0.27554782329983357
17405,0.2820301949238976
17406,0.2770711042268341
17407,0.27261133459186876
17408,0.27550489983766036
17409,0.26753000752326944
17410,0.28220119177164477
17411,0.2814562994876167
17412,0.2775374294406235
17413,0.27512192573543015
17414,0.27355644323393324
17415,0.27544355165550427
17416,0.28167443546093085
17417,0.27560034275802153
17418,0.27023239748321337
17419,0.2719832848488046
17420,0.2721300039979663
17421,0.2708869412343693
17422,0.2685786923600145
17423,0.26545208679035276
17424,0.2736467551645835
17425,0.2762214001647199
17426,0.27788575807095256
17427,0.27556442931948455
17428,0.26248917806022654
17429,0.26535713952996554
17430,0.2760089198083069
17431,0.2796960267728349
17432,0.273922979040758
17433,0.27892777857859713
17434,0.2831634453667749
17435,0.2722011189198248
17436,0.26552066850513784
17437,0.2806652569491029
17438,0.26687409716457033
17439,0.28565512139177307
17440,0.27083759384866934
17441,0.2676124659698402
17442,0.27263558112524333
17443,0.2757654973081111
17444,0.28596948750898593
17445,0.2802460049211119
17446,0.28595249925204935
17447,0.2830692238255446
17448,0.28421592558452713
17449,0.2789508513656903
17450,0.2674089559586237
17451,0.2757399414106463
17452,0.2779595405596344
17453,0.26768920589237044
17454,0.27450704816405375
17455,0.27416322379567853
17456,0.26710700769833867
17457,0.2792726507395996
17458,0.27421861644937146
17459,0.26905718687635183
17460,0.2791861758788752
17461,0.2748280455129705
17462,0.2731660030011101
17463,0.2703155619603265
17464,0.2754847583379131
17465,0.27887539573937364
17466,0.27815337553590824
17467,0.2796344163697962
17468,0.2732832068714495
17469,0.2676928260442328
17470,0.27333812968455107
17471,0.27122941482364576
17472,0.2780861313456204
17473,0.27234464255745633
17474,0.2745504428755285
17475,0.2723906916810959
17476,0.2755538136784467
17477,0.2745310858828417
17478,0.2749179293684663
17479,0.27025240679656803
17480,0.26971318334568195
17481,0.2759620066008683
17482,0.27439068217435986
17483,0.27350644263587875
17484,0.26876969394913336
17485,0.28663072782178206
17486,0.2757830362683558
17487,0.27869613063458354
17488,0.27841180654814696
17489,0.2791377852285754
17490,0.27051852893173217
17491,0.28031159398516453
17492,0.2736404890624492
17493,0.2770747093283701
17494,0.2810963227909475
17495,0.27355302587966407
17496,0.2694645317361363
17497,0.2783263970186516
17498,0.276358818596086
17499,0.28127520413668733
17500,0.2752474536839271
17501,0.2727443559497391
17502,0.268712416279213
17503,0.27714992923527515
17504,0.27591553211714753
17505,0.2741886483982536
17506,0.273126228366938
17507,0.2778932018328577
17508,0.27905616744813777
17509,0.27206724589990794
17510,0.2819051412171053
17511,0.26663318134707065
17512,0.2767643581630375
17513,0.2797085816047758
17514,0.27072095583840644
17515,0.28344677784199757
17516,0.273298605571269
17517,0.2817959474991556
17518,0.2787160863469705
17519,0.2681209506978609
17520,0.2826485713268257
17521,0.27437847547273886
17522,0.27299731722626314
17523,0.27628029840230933
17524,0.2831614655270353
17525,0.27480206913091887
17526,0.2759270735606255
17527,0.274396877633876
17528,0.27440706333363046
17529,0.2680730522117489
17530,0.285067992085078
17531,0.2793118309064957
17532,0.2726016247565151
17533,0.2731056586289756
17534,0.27869745162541804
17535,0.28241748486063567
17536,0.2794170305828675
17537,0.2800255111012548
17538,0.28379881987262173
17539,0.2875847227127716
17540,0.2746445968799379
17541,0.2750221119955379
17542,0.27705644217086495
17543,0.26746313358387674
17544,0.2820145918384856
17545,0.28231789071446795
17546,0.27668498181900353
17547,0.2684489825759119
17548,0.28029336818850986
17549,0.2744648140169912
17550,0.28286369857479915
17551,0.2772225921092039
17552,0.2786129509264293
17553,0.27131074652807885
17554,0.2780897511672895
17555,0.26800995568757857
17556,0.2720908867698169
17557,0.27034319308672444
17558,0.2839611812072841
17559,0.26678592047258554
17560,0.26674148264788905
17561,0.27155532908841584
17562,0.27338599972161304
17563,0.27413199773184754
17564,0.2773291122025434
17565,0.2760638914235456
17566,0.27984813267424624
17567,0.2744740750772878
17568,0.269544102483716
17569,0.27254039670835495
17570,0.2849653407586045
17571,0.2773628461316624
17572,0.27165079921057245
17573,0.2827314020429219
17574,0.26917976755335127
17575,0.2749130905101984
17576,0.2730044394838636
17577,0.2707300302054891
17578,0.2762819274638043
17579,0.27198759063007455
17580,0.270019191857139
17581,0.2735222575493232
17582,0.27203947244529003
17583,0.27960458627486556
17584,0.2713026710439371
17585,0.2814206788932695
17586,0.27462386838262787
17587,0.2797791530217814
17588,0.26852299364659055
17589,0.2708468703338649
17590,0.2698997393522246
17591,0.277793097457259
17592,0.27396488832176275
17593,0.2658492906005123
17594,0.2738792559642233
17595,0.26233460128003544
17596,0.27149277039829417
17597,0.27790248587334676
17598,0.27331091807592445
17599,0.2709357887688967
17600,0.26350817402290744
17601,0.2640049555145917
17602,0.275046285303341
17603,0.2674412293611656
17604,0.2697047306342681
17605,0.2684777366557191
17606,0.2784488627411981
17607,0.2734866267091117
17608,0.2690450898332132
17609,0.2762148128616377
17610,0.2721177724742258
17611,0.2763085496939264
17612,0.28183338500239197
17613,0.2727461086198811
17614,0.27410478591972526
17615,0.2568253673539341
17616,0.2728363820151456
17617,0.274100109947742
17618,0.2741308548826941
17619,0.273364983155398
17620,0.27603966214928666
17621,0.2797300561621911
17622,0.27606336758927325
17623,0.27577726626508614
17624,0.26947866899379735
17625,0.27581761723960135
17626,0.27502334420194086
17627,0.2748571378381335
17628,0.2759556422700936
17629,0.2698145035011224
17630,0.274618550405797
17631,0.2695958636251904
17632,0.2664782542509186
17633,0.2725653472822905
17634,0.2804261717335697
17635,0.2743609898524546
17636,0.27349639204805953
17637,0.27705114159180666
17638,0.2769912250579403
17639,0.267936879076574
17640,0.2641441195720382
17641,0.26304393187775543
17642,0.2721587599976297
17643,0.2729608673878337
17644,0.27699475626362496
17645,0.2713229659447085
17646,0.27954387682437837
17647,0.2700101317210972
17648,0.27447330102809436
17649,0.2749532254483896
17650,0.26374552195235185
17651,0.26620206472646535
17652,0.26688043232464925
17653,0.27371078990645636
17654,0.26365805206741794
17655,0.2755546153724436
17656,0.2742817467851286
17657,0.2794330920077303
17658,0.27109635820987327
17659,0.2702986052063192
17660,0.27160954536101045
17661,0.26600304537224795
17662,0.2662055240368214
17663,0.26744073270471747
17664,0.27034090613144174
17665,0.26778177033819806
17666,0.2716991344333408
17667,0.2745455261873356
17668,0.26958090346957875
17669,0.2751812796002507
17670,0.282395133100472
17671,0.274595008593883
17672,0.2760567450588631
17673,0.27288647697820834
17674,0.2745992039332054
17675,0.27744325204835896
17676,0.2761290229987052
17677,0.273291465179515
17678,0.26421392356252416
17679,0.27399952913227044
17680,0.27347120609714315
17681,0.269012309445487
17682,0.26705193914464503
17683,0.27129027905137026
17684,0.25536500403915297
17685,0.2774317140398933
17686,0.2761141675174148
17687,0.27292161901931294
17688,0.2709174973708129
17689,0.2764661988387919
17690,0.2723152013722614
17691,0.27472418614116906
17692,0.27590980507009744
17693,0.2805917378768165
17694,0.282129559331304
17695,0.28464230306482413
17696,0.27890705640460106
17697,0.26454122400499025
17698,0.2694342170155708
17699,0.27118737816845656
17700,0.27355135841280614
17701,0.2831381330972249
17702,0.27452326607146693
17703,0.27458526911477715
17704,0.26259971516283864
17705,0.2725047899774443
17706,0.26570897525779213
17707,0.265941489216114
17708,0.26729692220443
17709,0.27112493955738914
17710,0.267608991195263
17711,0.26412344873079896
17712,0.2706105098334058
17713,0.27519695626736185
17714,0.2626746331765328
17715,0.26363349747664305
17716,0.2702961020293139
17717,0.2690792346721202
17718,0.2841389748331532
17719,0.2787415438377112
17720,0.28673192813048987
17721,0.27544608168327045
17722,0.2700601080458469
17723,0.2741813213833009
17724,0.27348374839245215
17725,0.2696783307523951
17726,0.2677548261730777
17727,0.2705280264535464
17728,0.2706324460628122
17729,0.2694528937236554
17730,0.2705977142249779
17731,0.27457673008532407
17732,0.27201390978596174
17733,0.27408828916586003
17734,0.2788501415742481
17735,0.27665007278856013
17736,0.26807151227868453
17737,0.271336285428122
17738,0.2740142977667491
17739,0.2675558668824413
17740,0.27442042813375805
17741,0.2756250368626728
17742,0.2703442219738406
17743,0.27599203612780965
17744,0.2767656374347868
17745,0.27113408788429333
17746,0.2798474909560121
17747,0.27502941079251986
17748,0.27359236325789854
17749,0.27152221134297355
17750,0.2706300680424678
17751,0.2724226211631975
17752,0.26746320672856794
17753,0.27608716204965084
17754,0.27851039286478035
17755,0.2769802991736737
17756,0.2845137236391256
17757,0.266055641731524
17758,0.27980562776869683
17759,0.27636296861091036
17760,0.2763270203653984
17761,0.277666858159478
17762,0.2746170915930702
17763,0.2654319323776659
17764,0.27628488273763
17765,0.2764704851203262
17766,0.27467317118357454
17767,0.2701630150914817
17768,0.27506792394916063
17769,0.2712948217731136
17770,0.2644269653033406
17771,0.2691400616262626
17772,0.280716543471431
17773,0.2672893153047662
17774,0.2724014126153762
17775,0.2632704991922755
17776,0.27038434920529675
17777,0.2665443705004111
17778,0.2591955967364636
17779,0.266953096099024
17780,0.2764907235782385
17781,0.27536477668735776
17782,0.2726401900035282
17783,0.27438085970274906
17784,0.2765522277560335
17785,0.27135062038038177
17786,0.2749701658043503
17787,0.2797401086319877
17788,0.2800543177028996
17789,0.27546019024052276
17790,0.27026400387425686
17791,0.26860289042015084
17792,0.2737758362892879
17793,0.27585766443585424
17794,0.27652388888148827
17795,0.27561464066773206
17796,0.2761157037611125
17797,0.28059158230963477
17798,0.26657713720692344
17799,0.2782653228960226
17800,0.26910646679927985
17801,0.27471362823398165
17802,0.2722406542571189
17803,0.2705832336282668
17804,0.27448026986118795
17805,0.27538148193278317
17806,0.27510577118651075
17807,0.27457100393845474
17808,0.27621064955262
17809,0.2698737161259464
17810,0.27979167900509677
17811,0.2688245587419807
17812,0.27049864029850823
17813,0.27053368840125663
17814,0.26493697152822815
17815,0.2777125547134307
17816,0.26853291090986176
17817,0.27820649751919063
17818,0.27913737160821855
17819,0.2790702856180846
17820,0.27658269999702506
17821,0.27516790913877415
17822,0.2712124538540038
17823,0.28060539893253217
17824,0.2751617219814153
17825,0.2728355063619327
17826,0.27116843165609095
17827,0.2753558026155063
17828,0.26637122132717844
17829,0.27412531401113815
17830,0.26326212456928233
17831,0.26998387254720113
17832,0.2745108605855725
17833,0.2786325405707723
17834,0.2666918192195643
17835,0.28242997742489767
17836,0.2735023644162014
17837,0.2819950224463396
17838,0.2758271033754017
17839,0.26176012773107765
17840,0.2613204503907621
17841,0.2799056592751748
17842,0.27491595638264754
17843,0.2739642522572039
17844,0.2806835996366629
17845,0.27496398005162004
17846,0.27115496623705637
17847,0.2717790857630313
17848,0.27878789331700404
17849,0.2724001493690543
17850,0.2743099069138488
17851,0.27402728229448925
17852,0.27153610601219014
17853,0.2706729348385905
17854,0.27292005885484194
17855,0.2668415816890223
17856,0.2749099683453971
17857,0.2710551854711216
17858,0.27907424743635795
17859,0.2808397078675212
17860,0.267211003794997
17861,0.27685838888631875
17862,0.28272621637383766
17863,0.276563095311881
17864,0.26860981569463904
17865,0.27208987228618126
17866,0.2751083270325983
17867,0.26558519929334257
17868,0.283429385868959
17869,0.2854217833037072
17870,0.2748032521981203
17871,0.2855309467527011
17872,0.27862973927084933
17873,0.2884673318094838
17874,0.2753133755051065
17875,0.28095310145365576
17876,0.2778139240038171
17877,0.2840594382419309
17878,0.27959111664975195
17879,0.277438300553841
17880,0.27009936041567373
17881,0.27770558778015225
17882,0.2752616535285318
17883,0.2689762783164102
17884,0.27550102238596513
17885,0.27833533510162833
17886,0.27715853712606936
17887,0.2728808152084967
17888,0.2697521737828067
17889,0.2743567464212549
17890,0.27487446303150836
17891,0.2685449131865126
17892,0.26148327539154326
17893,0.2717834919140305
17894,0.273340427815956
17895,0.26602914833182045
17896,0.28302341541218773
17897,0.2729941624189333
17898,0.27089060057294195
17899,0.2703970622636705
17900,0.2748650451313637
17901,0.26882805088418116
17902,0.2678498945649249
17903,0.2713018760958036
17904,0.2806248011852784
17905,0.2705232728170623
17906,0.2596766702004934
17907,0.27806126442891094
17908,0.27081739281502804
17909,0.2688284991393324
17910,0.2737512023498562
17911,0.2740014759540448
17912,0.27363075877753
17913,0.2807762207450745
17914,0.27501273370695484
17915,0.2731958877674026
17916,0.2742703110015366
17917,0.2827346821602356
17918,0.2741240159262291
17919,0.2715587606983264
17920,0.2828469525950986
17921,0.27667881608577116
17922,0.27409798955912523
17923,0.2739782732803773
17924,0.2756426060944615
17925,0.2719687936076137
17926,0.27159703568888593
17927,0.2755115974910632
17928,0.26086913167640946
17929,0.26700241810271774
17930,0.2799899057627718
17931,0.2732248777532348
17932,0.2759961526640316
17933,0.2847816500145294
17934,0.27239197257670245
17935,0.26983049531447406
17936,0.2627351724008644
17937,0.27261532999553767
17938,0.27355847001449923
17939,0.2687918424481255
17940,0.27334147847347134
17941,0.27096056317640327
17942,0.2755824524368228
17943,0.2753774636448811
17944,0.28273313745577905
17945,0.27137214133150556
17946,0.2781123876568598
17947,0.27518221034279267
17948,0.27328620618413246
17949,0.26954323306841876
17950,0.2766167097752108
17951,0.27101155409599076
17952,0.275769575017866
17953,0.28092874136675966
17954,0.2773895389602912
17955,0.2729449276423208
17956,0.2808019337321243
17957,0.2730135916871074
17958,0.2747533803584914
17959,0.2688548533954895
17960,0.27579819155660346
17961,0.27898314434116694
17962,0.2744993132677717
17963,0.2726025914740115
17964,0.2727209941590969
17965,0.2723190785092011
17966,0.26616669977429075
17967,0.27268745904854563
17968,0.26520930521824837
17969,0.2706216697726004
17970,0.27237258633808176
17971,0.28275461886748593
17972,0.26904815254661246
17973,0.2658562375859246
17974,0.26384281619045624
17975,0.2608650050994568
17976,0.26882478816211286
17977,0.27965028709834405
17978,0.28054705171658517
17979,0.26709675271146843
17980,0.2766362563658935
17981,0.2814694399855054
17982,0.28532520252352234
17983,0.2808449210856076
17984,0.2820167448194361
17985,0.27416320812747097
17986,0.27323131664220557
17987,0.27166133404287307
17988,0.27430729291833084
17989,0.2631987832938512
17990,0.2722229734120637
17991,0.27686264405060124
17992,0.2743115490167259
17993,0.26895192525639183
17994,0.2721825151300179
17995,0.2694444628326045
17996,0.2621944890325345
17997,0.2691989943390742
17998,0.2837340044341794
17999,0.2760018358924313
18000,0.27039761714962685
18001,0.29392069496240997
18002,0.27257882878853423
18003,0.2667683587516052
18004,0.27393051044970385
18005,0.26923206938437927
18006,0.2677593653832432
18007,0.26800750208809593
18008,0.2734905435564995
18009,0.2697131241958881
18010,0.27909318561479246
18011,0.2777390445421916
18012,0.2684291795107268
18013,0.27275032255230297
18014,0.26856265595951434
18015,0.26628615447888604
18016,0.2658748006487505
18017,0.27467405724443356
18018,0.2657097113663116
18019,0.27596401141124954
18020,0.26096218305460667
18021,0.26649757431057614
18022,0.27246117459482483
18023,0.2688090895975647
18024,0.26374365144597334
18025,0.26936218010350466
18026,0.26898604794835645
18027,0.2804891622234033
18028,0.2715720505222664
18029,0.26432313479371394
18030,0.277866167451679
18031,0.27371698014889756
18032,0.27321441485684395
18033,0.2635614101721784
18034,0.2736725321685868
18035,0.2788219342754137
18036,0.2696406681915398
18037,0.26990716605221843
18038,0.2689262908680582
18039,0.2615383501763238
18040,0.26830369664968057
18041,0.28542886310728555
18042,0.27717873005656235
18043,0.2798668609561171
18044,0.27183880357493495
18045,0.29079916754711244
18046,0.2726707645874162
18047,0.2845175209483738
18048,0.2600381117767447
18049,0.26457143605351
18050,0.2669506187356627
18051,0.2635827666724263
18052,0.272153052642521
18053,0.2690875997331947
18054,0.2688325254445709
18055,0.26817741465224637
18056,0.2773992343001258
18057,0.2741520003137316
18058,0.2700758308749163
18059,0.26628634921487254
18060,0.27730332442638744
18061,0.26227526584087135
18062,0.2611273880780628
18063,0.2705291001748148
18064,0.2755156978474424
18065,0.26623504215050436
18066,0.2755147964820313
18067,0.27310522618534194
18068,0.27658774128441377
18069,0.2713451287771043
18070,0.26495895948115394
18071,0.2771471247438529
18072,0.2800715846730245
18073,0.2690116500598343
18074,0.26848300634230543
18075,0.2683930394369905
18076,0.2731375236277905
18077,0.27426507082525736
18078,0.27517618095541285
18079,0.2755383331185053
18080,0.26966871418018723
18081,0.2735200207009742
18082,0.27427763739806776
18083,0.27245168299703904
18084,0.271259790294427
18085,0.27679997577486515
18086,0.2712633920612242
18087,0.27487330289390793
18088,0.27579678596050256
18089,0.27383117946908436
18090,0.27577184857725506
18091,0.27440978402925276
18092,0.27104162420666117
18093,0.2761389354086539
18094,0.27331190941837186
18095,0.26522422653386024
18096,0.27292382111054214
18097,0.2667362494519458
18098,0.26948874425792213
18099,0.27266130860794524
18100,0.2708753360990896
18101,0.26145668309281234
18102,0.26734992195520907
18103,0.2680517018402151
18104,0.27169456431897626
18105,0.26743234462063536
18106,0.26831752737126824
18107,0.2667667719971253
18108,0.27288903039721685
18109,0.27201162591287514
18110,0.2800201703518279
18111,0.2708857215946286
18112,0.27880385943195896
18113,0.2747101687603576
18114,0.2708473473340957
18115,0.27778661887629713
18116,0.2718945662812023
18117,0.2670130496451921
18118,0.2708317172353333
18119,0.2673852947402339
18120,0.2740161571569927
18121,0.2692323343287687
18122,0.27575411970067687
18123,0.2799291063049618
18124,0.2692064939850808
18125,0.27042994131409176
18126,0.2690613862630044
18127,0.2764924005207405
18128,0.2740529174424822
18129,0.2712830659811818
18130,0.2610827147029977
18131,0.2704295325537261
18132,0.2629367455419878
18133,0.27113520696908566
18134,0.2623480312178537
18135,0.2662869959893836
18136,0.26740176121067544
18137,0.2686875924279706
18138,0.27375330273116444
18139,0.2705800196203764
18140,0.26275098218722315
18141,0.2682418171748154
18142,0.27263839656585853
18143,0.28589656429826316
18144,0.26544718768746906
18145,0.2730891742820333
18146,0.27624122875651075
18147,0.27020976977127203
18148,0.2721811972989777
18149,0.27565419097691973
18150,0.26633900137855504
18151,0.2748575973219948
18152,0.26885521498503406
18153,0.26988789199878616
18154,0.2654140605570358
18155,0.26975976605629104
18156,0.2739352790703945
18157,0.2729239326749483
18158,0.2735754662782749
18159,0.2712224362015361
18160,0.2672250051038861
18161,0.27238925131383956
18162,0.27285277460722723
18163,0.2704529110013335
18164,0.2661468869332505
18165,0.264072706829368
18166,0.25925018577487363
18167,0.2676216092880244
18168,0.26929110545696805
18169,0.2695538900430413
18170,0.2767716486617137
18171,0.27273683153182293
18172,0.27478220755354577
18173,0.27945066585710865
18174,0.27146565361965563
18175,0.26772769479166514
18176,0.2689390926438358
18177,0.28203252370045756
18178,0.27749484152666215
18179,0.2828952891241806
18180,0.2802591777483923
18181,0.27360630339084313
18182,0.2685152589312014
18183,0.2764283784891161
18184,0.2680415672153028
18185,0.26855740777766557
18186,0.2760394444793639
18187,0.28589806102463206
18188,0.27633120276486395
18189,0.26693449221801413
18190,0.2657185630082452
18191,0.26791421058327003
18192,0.27900091745852656
18193,0.26864327368209545
18194,0.2726109655157976
18195,0.2750704474532441
18196,0.2698779025941499
18197,0.2671344547886251
18198,0.2714115899006605
18199,0.26654462366963777
18200,0.2695375788398859
18201,0.2773271783793127
18202,0.271904382701369
18203,0.272321402387835
18204,0.2693352386685678
18205,0.2700443864823198
18206,0.26791585368902826
18207,0.27121414165156693
18208,0.2609215685521701
18209,0.27305127201589846
18210,0.2668710070764242
18211,0.26900029258019814
18212,0.2687849957982325
18213,0.2725686855121065
18214,0.2711101097124586
18215,0.2706136550579918
18216,0.28054051512078315
18217,0.27276416081936045
18218,0.2699084289049142
18219,0.27553054666235377
18220,0.2666753057488183
18221,0.2677419743313191
18222,0.2660034269302065
18223,0.2702276671842626
18224,0.27131794647217594
18225,0.2664687813700177
18226,0.28144281671286525
18227,0.26832735092878524
18228,0.2780103476421725
18229,0.2680845827698817
18230,0.2763413682795897
18231,0.27150081103977924
18232,0.2647114932155729
18233,0.26926749035461817
18234,0.2759844348210506
18235,0.27013740412733683
18236,0.26812630154044
18237,0.2637699253592537
18238,0.26248156712853016
18239,0.26481887682043703
18240,0.2726697389883737
18241,0.2648110573838028
18242,0.2874830709635727
18243,0.26796527125502206
18244,0.2667346219855716
18245,0.2673083412627433
18246,0.2703234445453064
18247,0.271015477067976
18248,0.276791645870767
18249,0.26670952784791013
18250,0.2685205062910503
18251,0.27204373367439233
18252,0.2715929326586774
18253,0.2617099577356873
18254,0.2622591506916768
18255,0.2786423662621726
18256,0.26373747743765547
18257,0.26138649119769897
18258,0.2697573266849402
18259,0.26422672451461837
18260,0.2676065766215098
18261,0.27261752403703415
18262,0.26635981527952457
18263,0.2635994143342239
18264,0.27913491417618297
18265,0.2751275466344381
18266,0.2725356796871582
18267,0.26831861970382354
18268,0.26841374482557
18269,0.26484901857119514
18270,0.272156611904576
18271,0.27044651006416426
18272,0.26830522054959516
18273,0.27020964808500264
18274,0.2688592705187296
18275,0.2575193007386409
18276,0.27218748397428827
18277,0.26340267488852903
18278,0.2721774229039576
18279,0.26494322762020583
18280,0.26779760549092646
18281,0.2660913902137597
18282,0.2617065335559445
18283,0.27545255888479375
18284,0.27060171728831495
18285,0.2697293090503519
18286,0.25268868038876774
18287,0.2811112054972387
18288,0.2671393345644373
18289,0.26723475270239166
18290,0.2567709533188868
18291,0.2619327896402641
18292,0.2729464711710513
18293,0.2656799326940991
18294,0.2721267208099957
18295,0.2729754522215629
18296,0.26414272192346727
18297,0.2733612956979491
18298,0.2718775620514909
18299,0.2671561959585733
18300,0.26689100299576674
18301,0.26631039132207585
18302,0.27155934101017065
18303,0.2669280300266576
18304,0.26285989564278656
18305,0.26874641899713453
18306,0.2652137589098553
18307,0.27322548265946867
18308,0.2671559874988885
18309,0.2572008953512766
18310,0.2678470289321407
18311,0.2656955475617416
18312,0.2781584206733955
18313,0.2681525765180672
18314,0.273382481624484
18315,0.2696229115516563
18316,0.2671135595373495
18317,0.2661642031115348
18318,0.26643882869885605
18319,0.2661625886481266
18320,0.268781466190096
18321,0.26664219209627144
18322,0.2721806232118271
18323,0.2843282609313244
18324,0.2608869250220475
18325,0.2604758069853096
18326,0.2600731376746844
18327,0.26255028375067974
18328,0.2632498272669187
18329,0.27091755292134806
18330,0.26845687026193793
18331,0.27135410913614455
18332,0.2709007129390983
18333,0.272492693339177
18334,0.27448945012798764
18335,0.2653576724687205
18336,0.27155886145756364
18337,0.2648094570208219
18338,0.267007680184459
18339,0.26467076558741914
18340,0.2615919417159728
18341,0.26474642496428896
18342,0.2682439612209553
18343,0.26550057240884484
18344,0.258169879880299
18345,0.2697109815956369
18346,0.2680024077109835
18347,0.2737487232173175
18348,0.265821433395221
18349,0.27512178934886383
18350,0.2812601994309291
18351,0.27146083652408454
18352,0.2742339330082205
18353,0.26154011238997654
18354,0.26784921882828616
18355,0.26224047901196934
18356,0.2713466843893779
18357,0.2597202405004953
18358,0.2621136396879692
18359,0.26847317387702374
18360,0.2634920974879967
18361,0.25665557148620666
18362,0.26995188271121406
18363,0.26964987138412155
18364,0.2617929607775745
18365,0.26127953359034106
18366,0.2653730599905793
18367,0.2760385878318048
18368,0.26787974822186517
18369,0.2645752873000432
18370,0.25737782871332787
18371,0.2646073828101777
18372,0.25778470336500586
18373,0.27184391375339007
18374,0.2650055695557978
18375,0.2734145168199378
18376,0.2619997278890953
18377,0.2658762787314057
18378,0.2645881988029729
18379,0.2691249090544191
18380,0.26696054959921234
18381,0.26037766685558866
18382,0.2563736430734948
18383,0.27126133550286413
18384,0.26594513005321535
18385,0.2650730949902472
18386,0.266157605389315
18387,0.2671026267649985
18388,0.27291229260293404
18389,0.250066015981027
18390,0.2735518757162804
18391,0.2631122693276356
18392,0.26509472117864424
18393,0.27927336753362286
18394,0.27024072942159116
18395,0.2742766449630591
18396,0.27010534730926183
18397,0.2673433441634577
18398,0.2711679358020114
18399,0.2723010953246438
18400,0.27928780248894475
18401,0.2631153316684618
18402,0.26971293957177817
18403,0.26237404734414077
18404,0.2701569143097811
18405,0.27014990234330344
18406,0.2670976041905742
18407,0.26560730086683015
18408,0.2716461802659269
18409,0.2654592560130149
18410,0.2679814644734312
18411,0.26506076445844473
18412,0.2691930682242605
18413,0.26933386689112354
18414,0.27072903220059186
18415,0.2730847764036876
18416,0.27240215473276297
18417,0.27015587061997387
18418,0.2668308852040391
18419,0.2737519636658822
18420,0.2746788842055406
18421,0.27647456121020547
18422,0.2716428984951858
18423,0.27550382933930534
18424,0.2725511984953844
18425,0.2794803011740557
18426,0.2656118560366032
18427,0.26459436298439165
18428,0.2608820831602454
18429,0.2535602825550963
18430,0.2599502167130911
18431,0.2579472287651556
18432,0.2719820486503792
18433,0.27024576926840543
18434,0.26741801300975315
18435,0.26309603939623316
18436,0.266693563848839
18437,0.2682558899650807
18438,0.2787334908667443
18439,0.2750562383063398
18440,0.266038744470269
18441,0.2716008919424371
18442,0.2651641559962859
18443,0.2730602641122074
18444,0.2673953480698756
18445,0.2731613928964603
18446,0.27145130104279586
18447,0.2740064570376112
18448,0.27307201268007353
18449,0.27064737652240844
18450,0.2710951447495156
18451,0.2753886484048658
18452,0.2727786422641527
18453,0.2647160636445478
18454,0.26120876257390646
18455,0.26255760975972814
18456,0.27338825197702227
18457,0.2753875471637581
18458,0.27035529403963643
18459,0.2716198564856822
18460,0.2687702489366866
18461,0.2698623140853828
18462,0.2704708419000238
18463,0.2613620052218927
18464,0.25977760223268703
18465,0.2634399203175002
18466,0.26352361501064336
18467,0.2696093898759365
18468,0.2653531536446039
18469,0.2658040632264976
18470,0.26384436987458015
18471,0.26729781654932605
18472,0.26792636509705187
18473,0.2625805990516562
18474,0.266780588874738
18475,0.26691763601189195
18476,0.2664246566218946
18477,0.26403381761900935
18478,0.26883726302409
18479,0.2648111242092143
18480,0.2669458730065186
18481,0.26477897060217237
18482,0.25828551761292357
18483,0.26700047706563906
18484,0.2611483801290661
18485,0.26628810458328445
18486,0.2747220435871484
18487,0.26444435676732436
18488,0.2706437166263953
18489,0.256054197822904
18490,0.2646629528210625
18491,0.2646948848329662
18492,0.27560346674585323
18493,0.26816672310696615
18494,0.2705088599011029
18495,0.2622973315800972
18496,0.26904948068830964
18497,0.2637208677042874
18498,0.26577545609311565
18499,0.2671736533597563
18500,0.26132114270173334
18501,0.25534761352107727
18502,0.26684896621641935
18503,0.26031689523781626
18504,0.2680665631671152
18505,0.27777664373383554
18506,0.26792229850105914
18507,0.2695318117129887
18508,0.2662003767064559
18509,0.2548684771593433
18510,0.2618139201244827
18511,0.2612771152287942
18512,0.2637136123745338
18513,0.25863264438714295
18514,0.2657419441566381
18515,0.25698912214956676
18516,0.2621345328255714
18517,0.25936359017765587
18518,0.2613811245691112
18519,0.2556989833606001
18520,0.26909492279874014
18521,0.26864448457751766
18522,0.26289111398270193
18523,0.2673791862474875
18524,0.2670839867606859
18525,0.2781939545754567
18526,0.26847191378121166
18527,0.26598699107526574
18528,0.2652718309506852
18529,0.27281040556531005
18530,0.262754174099149
18531,0.27614659889321297
18532,0.2621029013780285
18533,0.2658662417575387
18534,0.276359134516292
18535,0.2626024794105093
18536,0.2627715589346994
18537,0.2667294650162787
18538,0.26678752379450354
18539,0.2692555658367254
18540,0.2659564229363061
18541,0.26439371455159527
18542,0.27572874246405776
18543,0.26992687066528087
18544,0.2693085833219851
18545,0.2705151799643842
18546,0.26217454333655993
18547,0.25888952083291705
18548,0.26728914008221444
18549,0.267656517082972
18550,0.26964459957222897
18551,0.2695202195266037
18552,0.2713434923118248
18553,0.2550404298213022
18554,0.25396593474685003
18555,0.2674441022448714
18556,0.27626079444043317
18557,0.27151420347671523
18558,0.2643142896590522
18559,0.26925995161536814
18560,0.2629877759294729
18561,0.2810222502811699
18562,0.2682556649741237
18563,0.2717023734992951
18564,0.26586775708227706
18565,0.26766859535766097
18566,0.258869346525527
18567,0.2674983708323819
18568,0.2659669137323053
18569,0.26923493158527634
18570,0.2763310372301682
18571,0.2755204137926963
18572,0.26623149594988194
18573,0.26756452911076567
18574,0.2607318603803782
18575,0.27089636643844994
18576,0.27605116677484565
18577,0.2769995907691137
18578,0.27033790706223787
18579,0.26680852603052546
18580,0.2647043301850437
18581,0.27451869796119654
18582,0.2686169024985427
18583,0.2639958776591139
18584,0.27510049494067174
18585,0.2710825833196673
18586,0.2698589489197437
18587,0.2592052113583034
18588,0.2681425579982944
18589,0.26004826138507636
18590,0.2815325429297299
18591,0.26906918525611734
18592,0.26129494214765936
18593,0.2625828153693046
18594,0.2737343227464532
18595,0.27449964557311934
18596,0.2654352844313643
18597,0.2632863491457892
18598,0.2676190486230241
18599,0.2684071464339407
18600,0.2698073553979288
18601,0.2727998174115969
18602,0.2683775880953418
18603,0.27398957795429946
18604,0.2647204567796495
18605,0.26678611463986823
18606,0.2704172339424618
18607,0.2570500387943383
18608,0.2704645707961243
18609,0.26735007330692134
18610,0.26344668802061294
18611,0.2697738809772732
18612,0.26540992323381224
18613,0.25690770747019886
18614,0.2655798677256911
18615,0.25465686977180346
18616,0.25269651918775043
18617,0.25128362962728773
18618,0.26076282346636204
18619,0.27120911857456387
18620,0.26331834359519135
18621,0.25306082830446613
18622,0.2537392464557025
18623,0.2543682802514991
18624,0.26595863930487174
18625,0.27087525569946175
18626,0.26251821132955555
18627,0.263039655270647
18628,0.25985804365922527
18629,0.26044946845509864
18630,0.2689949701886887
18631,0.2584243373484926
18632,0.2595139120523642
18633,0.2617777276264264
18634,0.2596019479734411
18635,0.266430549314833
18636,0.2652576474002411
18637,0.25866275218933255
18638,0.2725392030213649
18639,0.268843570761822
18640,0.26421873053746153
18641,0.27244102073111903
18642,0.27171363765978696
18643,0.2610972009775656
18644,0.26909745968959464
18645,0.2690625925438063
18646,0.2734046221164869
18647,0.2646075919061309
18648,0.2608504212809427
18649,0.2679887276488687
18650,0.2653913157791616
18651,0.2570959728479123
18652,0.2608407169385747
18653,0.2664205065533486
18654,0.2632144449052177
18655,0.2660353779151924
18656,0.2718923430494287
18657,0.26539504018259696
18658,0.2716064435070248
18659,0.26959931803641635
18660,0.26872830407202275
18661,0.2616014887603555
18662,0.2650943498923572
18663,0.26744461890741134
18664,0.2630341184653668
18665,0.2682742332422105
18666,0.2716300822360382
18667,0.2702089577660348
18668,0.27226232742004114
18669,0.2662763752566123
18670,0.2653573635522136
18671,0.2615330925201069
18672,0.27156108561744924
18673,0.2721235470460204
18674,0.25817960791837463
18675,0.26548874618872775
18676,0.2671764251439669
18677,0.2696930074722931
18678,0.2723405008608007
18679,0.26590911495412695
18680,0.2659297836216001
18681,0.2748496690411333
18682,0.2683995063802919
18683,0.2667613530399009
18684,0.2697854776495382
18685,0.2784038730670078
18686,0.26577231322462513
18687,0.27473860027126407
18688,0.279134818929598
18689,0.2731532557076364
18690,0.26090611438275746
18691,0.26943433893220325
18692,0.26377460632783306
18693,0.26877077456430604
18694,0.27126333471388525
18695,0.2675474165809619
18696,0.26911110750271605
18697,0.2623061151791392
18698,0.2655058379180913
18699,0.2668223703413094
18700,0.2699890389461677
18701,0.2795883848502744
18702,0.2584651607349677
18703,0.26778828402627564
18704,0.27508356492089503
18705,0.2710850700908857
18706,0.2677933420092665
18707,0.26770604512799573
18708,0.26378323473586307
18709,0.25319875011286314
18710,0.2630191000181242
18711,0.2629940162158674
18712,0.26353675349461336
18713,0.2728546621348033
18714,0.27557644433882855
18715,0.27007196780968806
18716,0.26838125124099055
18717,0.26937550790451675
18718,0.27068738225504546
18719,0.2774041521669917
18720,0.27119460703625137
18721,0.26682565486826637
18722,0.27200804746424073
18723,0.2626612013111969
18724,0.2694738971925518
18725,0.26001693058909214
18726,0.2704351465327885
18727,0.27455608036227186
18728,0.26853776261744966
18729,0.263459901387772
18730,0.26221909056364745
18731,0.2584949241637109
18732,0.26467007846817237
18733,0.2623407400476067
18734,0.265358703727269
18735,0.2583860949707952
18736,0.2665432570198864
18737,0.27228747155380467
18738,0.26124787804604466
18739,0.26099358453623406
18740,0.2575805564908511
18741,0.26034269185182773
18742,0.2619767231811759
18743,0.2609297553586806
18744,0.26681326023057306
18745,0.2605901243215333
18746,0.2573730688517004
18747,0.26007685668369335
18748,0.2691362208109456
18749,0.27072707626951104
18750,0.2616319282983703
18751,0.2655053244281033
18752,0.2691918114242489
18753,0.26750019321896484
18754,0.26496414924238026
18755,0.2700435413890217
18756,0.271318583732719
18757,0.2689572797619595
18758,0.26762616666083694
18759,0.27228026370913666
18760,0.2672091033016778
18761,0.26324673523672826
18762,0.2596701046260543
18763,0.25871036700517747
18764,0.2663615349941176
18765,0.2563776156362437
18766,0.25481406068297235
18767,0.2640037596040787
18768,0.26658959502553586
18769,0.26726953964507605
18770,0.26170620715304704
18771,0.2631976000507654
18772,0.26759663076231166
18773,0.26146611953704163
18774,0.2626089571311139
18775,0.26493061093143333
18776,0.2623195396244001
18777,0.27036877448259294
18778,0.26557205346798396
18779,0.26744156001811337
18780,0.26910850714057694
18781,0.25421530066639497
18782,0.2662105295101068
18783,0.26632169065757033
18784,0.2625101628832137
18785,0.27421745536706527
18786,0.26704174569132016
18787,0.2717041725766922
18788,0.26641812634463996
18789,0.2669284926305422
18790,0.2708084961596789
18791,0.26152951141835257
18792,0.26608828923851585
18793,0.27179509158693665
18794,0.2708305827595009
18795,0.2650678813662944
18796,0.266019848455681
18797,0.2694131461950382
18798,0.2723145448029678
18799,0.26568483150476657
18800,0.268818425785269
18801,0.26449785117120467
18802,0.26015894652596516
18803,0.26974291238981
18804,0.2608087436331827
18805,0.2668335522381678
18806,0.2698633513040136
18807,0.26096967006267735
18808,0.2599111887896943
18809,0.26330087047380435
18810,0.256010364140671
18811,0.26468425686726044
18812,0.2659454729702268
18813,0.2652117822002565
18814,0.2641858184773754
18815,0.2770449583459102
18816,0.2709906876888584
18817,0.2645479379178494
18818,0.2631080144082924
18819,0.26435780544658627
18820,0.2635004708655
18821,0.2719035116609441
18822,0.2675084425198523
18823,0.25872280911205986
18824,0.2669398756922994
18825,0.2641584990598894
18826,0.26320096945368227
18827,0.27074334550851425
18828,0.2692167113989099
18829,0.2766832488477014
18830,0.2761271052425755
18831,0.27083150441567216
18832,0.2769512742798779
18833,0.2684622274873682
18834,0.2680261544474643
18835,0.2667705724983793
18836,0.2620775187539309
18837,0.2660807610781853
18838,0.2618637021355498
18839,0.2653732984258282
18840,0.26319111207349893
18841,0.2676902704738338
18842,0.2697403144424122
18843,0.2721345207519947
18844,0.2662017268315699
18845,0.25994230179778716
18846,0.26196862295979073
18847,0.2676314965817189
18848,0.2646705959523997
18849,0.262592650909317
18850,0.2696643407171568
18851,0.26796265184147594
18852,0.26577743502103235
18853,0.2694658035297661
18854,0.2642008079349585
18855,0.26748303803927037
18856,0.26141804255963125
18857,0.2561114405778817
18858,0.2656527475010401
18859,0.2595253214787763
18860,0.25929598939397835
18861,0.27015526496204084
18862,0.26155152869875276
18863,0.2601536663030503
18864,0.26342908145101873
18865,0.25763994869714923
18866,0.270622174772656
18867,0.2605794809139756
18868,0.25566000805218003
18869,0.2588537826073302
18870,0.2513597076249332
18871,0.2624331337630017
18872,0.2650853615148166
18873,0.27027861914110135
18874,0.26934391673188507
18875,0.27458412405021676
18876,0.2697060406126156
18877,0.2760542355330839
18878,0.2678086048177522
18879,0.2682794023866019
18880,0.26359848619399845
18881,0.25608540250349654
18882,0.25962529043862814
18883,0.2700869422402183
18884,0.2653804480752108
18885,0.263737729354389
18886,0.27088907813548513
18887,0.27140826235866816
18888,0.2707927489475584
18889,0.2718846161664117
18890,0.26533600963686715
18891,0.270531485448465
18892,0.26038437321385016
18893,0.2671967078754119
18894,0.2636258710245727
18895,0.2642139312918912
18896,0.25447979660965747
18897,0.26735178323768777
18898,0.262663208491297
18899,0.27089959213411996
18900,0.260248449406202
18901,0.26308476326150626
18902,0.26587411074427275
18903,0.2601683007683983
18904,0.26132888717794517
18905,0.26361276364459446
18906,0.2618658387134448
18907,0.2624589669569224
18908,0.26285464774611683
18909,0.263428209597132
18910,0.27218363787923516
18911,0.2591159525056457
18912,0.25464732920436206
18913,0.27245951291021325
18914,0.2636252709380131
18915,0.26344439735225744
18916,0.26117548040737465
18917,0.2586484959056386
18918,0.2550157899201699
18919,0.260549227613586
18920,0.2522997379117164
18921,0.26012684287766763
18922,0.2584342954014135
18923,0.25902280950597906
18924,0.27012675452668067
18925,0.25964306501725837
18926,0.2516394825213927
18927,0.2600088680243576
18928,0.26751600881521326
18929,0.26104525875548223
18930,0.25487031850207614
18931,0.2669267021219735
18932,0.2645335811932602
18933,0.2614619456473403
18934,0.2688512131619613
18935,0.25673067922441334
18936,0.2573781343633903
18937,0.266136848595295
18938,0.265863628307563
18939,0.2617303572821842
18940,0.2643230826792536
18941,0.2638267497991817
18942,0.2594623046673999
18943,0.2632181287836898
18944,0.27264016549651404
18945,0.2597472642606148
18946,0.2631551099071587
18947,0.2691366343256569
18948,0.25994115039829047
18949,0.26901767377675057
18950,0.2695756410317189
18951,0.26506538616270253
18952,0.26694087100706354
18953,0.2677180925091821
18954,0.2706128277871739
18955,0.25843572783778385
18956,0.2511232403127069
18957,0.25974757815652244
18958,0.2556439586992246
18959,0.264821374539102
18960,0.26147987726589517
18961,0.26266345225210147
18962,0.25779963534856465
18963,0.2613091034913435
18964,0.2670952662279927
18965,0.26574996223721403
18966,0.2626027427220588
18967,0.2711939522409274
18968,0.2657497221036214
18969,0.2669577728757894
18970,0.2673913558680102
18971,0.2630853532408834
18972,0.26183403142595413
18973,0.2608087040089812
18974,0.2618725466757653
18975,0.2627009782203885
18976,0.2592371347595137
18977,0.24674678390003185
18978,0.2556118224544538
18979,0.25979765634059415
18980,0.25829855499871485
18981,0.2577048268239002
18982,0.2570170567214499
18983,0.25728919561665436
18984,0.2621434830982671
18985,0.2686994242790965
18986,0.2629302570488147
18987,0.2571178996023773
18988,0.25550477966249996
18989,0.2604931168608813
18990,0.25653439383870713
18991,0.25316732965663724
18992,0.2572115912240074
18993,0.26297029741819705
18994,0.26388820286208114
18995,0.262552633853861
18996,0.26863466957657867
18997,0.25543011967004003
18998,0.26338963482448763
18999,0.26634348812319647
19000,0.27103368082795337
19001,0.2689117577822803
19002,0.26123095302729593
19003,0.25880533820063834
19004,0.26665322436177735
19005,0.2594472296196692
19006,0.2662735591162687
19007,0.2791790682669277
19008,0.263237299099865
19009,0.2601151602994891
19010,0.26287435947258203
19011,0.2597992843808028
19012,0.26831313554058756
19013,0.2650766225217994
19014,0.2621615794329193
19015,0.26580003480399683
19016,0.25534071441854866
19017,0.26963191438609635
19018,0.25731592057659
19019,0.26695345806302223
19020,0.25572080424103844
19021,0.26324036516437543
19022,0.2567794700450014
19023,0.269495996795714
19024,0.25932602817662714
19025,0.2563031612217232
19026,0.2659091273478001
19027,0.26027619692088927
19028,0.26472049173784956
19029,0.26894779428025134
19030,0.26369296135966536
19031,0.25951467816480356
19032,0.2557010317441916
19033,0.27055806695859586
19034,0.26329287125084017
19035,0.26458744469017587
19036,0.25763207232307
19037,0.2612827531205
19038,0.26126238609679414
19039,0.25354295246228153
19040,0.2583988877364643
19041,0.26551330870578077
19042,0.2581520213519316
19043,0.2602103736315006
19044,0.26159718845352986
19045,0.26023636670985223
19046,0.256888028635901
19047,0.2477442004889907
19048,0.2573064854046582
19049,0.2579307939559755
19050,0.26140736265061615
19051,0.2470840535201607
19052,0.2668456621609768
19053,0.2569232550169394
19054,0.2584035654121495
19055,0.25372166452069883
19056,0.2618032887535844
19057,0.2612961697705341
19058,0.25992620496321023
19059,0.2599297351911401
19060,0.2659489844792866
19061,0.26287177361255787
19062,0.2657292648219189
19063,0.25935832066841047
19064,0.2634504608671245
19065,0.2724654998682623
19066,0.26327834836999403
19067,0.2690055283305827
19068,0.2619555698446383
19069,0.26336133706313614
19070,0.26863084019678013
19071,0.2731078344631685
19072,0.26742643426960533
19073,0.27187802873977274
19074,0.2650453880595103
19075,0.25996853460953817
19076,0.25660160216659256
19077,0.2617169890766515
19078,0.267490232308373
19079,0.26796475348333443
19080,0.27282951900094204
19081,0.26164002981064527
19082,0.2605269164483106
19083,0.2602612982708799
19084,0.2620603428854909
19085,0.2565220348344483
19086,0.26352418315499926
19087,0.2706617348675335
19088,0.2738321932290324
19089,0.25851900766169433
19090,0.26553531944464726
19091,0.26282462500560766
19092,0.251588406452257
19093,0.25288992815977857
19094,0.2678422479135584
19095,0.2630958530054754
19096,0.26465660897171606
19097,0.2626581737475825
19098,0.26688109069694016
19099,0.2611049428766696
19100,0.2685778022665439
19101,0.2613496715292596
19102,0.2621447050056071
19103,0.25985213294452
19104,0.2618049736853963
19105,0.255809808376422
19106,0.26457074873094627
19107,0.2607247086968263
19108,0.25982774677317855
19109,0.2649046455203108
19110,0.2567497015120401
19111,0.27000429442499335
19112,0.25772579731839146
19113,0.25968414367373055
19114,0.26649281929792545
19115,0.2660906893443807
19116,0.26712706501421146
19117,0.2595068075120571
19118,0.26213387315762643
19119,0.2669636067370095
19120,0.26928746707647266
19121,0.26236403889504983
19122,0.2544064786414158
19123,0.25989545110193024
19124,0.2579136699239151
19125,0.2590644925360072
19126,0.26850912997105286
19127,0.2611556334555377
19128,0.2550439319360264
19129,0.2659541281927343
19130,0.26875451586852656
19131,0.2617799625436411
19132,0.2617791727294171
19133,0.2530058738450612
19134,0.26392965202819485
19135,0.2622131385958378
19136,0.266349732246295
19137,0.2570323990033558
19138,0.2606621896501884
19139,0.2676681490194235
19140,0.27325359773355723
19141,0.27110579609329816
19142,0.2624959948464805
19143,0.2629777967085634
19144,0.2681313766449159
19145,0.2642355942474296
19146,0.26630495844666613
19147,0.26559475465182775
19148,0.2717794602352517
19149,0.2714378999605346
19150,0.26672143343481086
19151,0.2675241594101954
19152,0.2555323430860988
19153,0.26305848712427826
19154,0.2599941320677781
19155,0.25583358096779646
19156,0.25632390826026685
19157,0.26963842998927207
19158,0.2634643268101179
19159,0.264459550600382
19160,0.2624806106058426
19161,0.26367952220844737
19162,0.26347731238707356
19163,0.2634261826037428
19164,0.26035807484154194
19165,0.26212631675136244
19166,0.2614865037301839
19167,0.266068637654705
19168,0.2650062124847668
19169,0.2536691144605523
19170,0.26920587466020857
19171,0.26340006223445356
19172,0.253869278795233
19173,0.26253390085032613
19174,0.26877371826256125
19175,0.2727401735210643
19176,0.26410408974914773
19177,0.2608291872404653
19178,0.25892306203467197
19179,0.2623923616802852
19180,0.2528617789906167
19181,0.2597816480344929
19182,0.26104951394707776
19183,0.25495160516408233
19184,0.2649911786368906
19185,0.268261494752667
19186,0.2613317867366092
19187,0.2625544323515694
19188,0.26039702811186427
19189,0.2598153276526494
19190,0.2604194315946018
19191,0.27372371075882757
19192,0.2586511180922315
19193,0.2609172347912155
19194,0.25725509249682466
19195,0.2534555262802473
19196,0.256981968410135
19197,0.2647984403699058
19198,0.2512205711190689
19199,0.26188977654216317
19200,0.25511003330870796
19201,0.2663944831623787
19202,0.26212384181385157
19203,0.2675215171596538
19204,0.25839359700849107
19205,0.2521754944818698
19206,0.2547683328632449
19207,0.2607865709939901
19208,0.2592436646940873
19209,0.26324539612124603
19210,0.25950665158601305
19211,0.26213779423903066
19212,0.24526053337635803
19213,0.2595230157744552
19214,0.255018612788929
19215,0.26198667620157523
19216,0.2588455830600994
19217,0.24987103495243776
19218,0.2568494680665435
19219,0.2573191119765313
19220,0.2510331967219658
19221,0.2542109528014815
19222,0.25771627689109966
19223,0.26454867414264405
19224,0.25920343202685525
19225,0.26813499085276504
19226,0.2675084679532754
19227,0.26899036790611514
19228,0.26711174084781425
19229,0.25724733873675354
19230,0.2561496451242951
19231,0.2645054769388517
19232,0.2631746678477826
19233,0.2568635677779045
19234,0.26031982245990515
19235,0.2564081218114514
19236,0.25127390103983793
19237,0.26629972486764014
19238,0.26719690245273514
19239,0.2658296219472124
19240,0.25480019164064094
19241,0.26049354950410164
19242,0.25841301760766816
19243,0.26431119352249843
19244,0.2644041552977387
19245,0.26919481016788127
19246,0.2687786728983515
19247,0.26110230308604665
19248,0.25970712101641247
19249,0.26750291996440556
19250,0.2640002406433551
19251,0.26674782741364134
19252,0.2693185232094149
19253,0.2568136690876734
19254,0.26180949734173137
19255,0.26608748440265567
19256,0.26228183202201133
19257,0.2633357704043188
19258,0.2548658901165625
19259,0.2627189752584065
19260,0.2596399004513986
19261,0.2684494102503016
19262,0.26852659882108965
19263,0.26728938102907535
19264,0.26198963484509624
19265,0.26698324544249735
19266,0.26261156929708246
19267,0.2643995306860003
19268,0.2598729974191912
19269,0.2630054463108665
19270,0.2679511854806977
19271,0.26116989071910274
19272,0.26125806243358896
19273,0.2714925625368479
19274,0.2608327999535139
19275,0.2623928793688225
19276,0.26438272002175467
19277,0.2646519964063394
19278,0.2559987429899134
19279,0.25186221394432917
19280,0.2615566883329261
19281,0.26530263047661856
19282,0.2669012697118393
19283,0.2702622385420464
19284,0.26880923334128315
19285,0.268713572238186
19286,0.2585918062658681
19287,0.2608900922562052
19288,0.2608420534017113
19289,0.2577869249411019
19290,0.25679994732626327
19291,0.2510184371802846
19292,0.25771869790409274
19293,0.25821308550054256
19294,0.2538653143451069
19295,0.2608119655392134
19296,0.2604955721972034
19297,0.269890450141668
19298,0.26492695915427633
19299,0.27214813803854504
19300,0.26830200578008967
19301,0.2558419941349947
19302,0.2612730454619278
19303,0.2671451046365383
19304,0.262492601363795
19305,0.2704903148720677
19306,0.25987144120459726
19307,0.26445175899261536
19308,0.2551594248304792
19309,0.2675677488113948
19310,0.26629013967622694
19311,0.2707450765047095
19312,0.2666325654711225
19313,0.26405990031526105
19314,0.26215893195488915
19315,0.273630843280945
19316,0.26398737949052775
19317,0.25278643434423065
19318,0.2626008177417704
19319,0.26142533834481635
19320,0.2627986376820729
19321,0.2567757956555415
19322,0.25617228557058824
19323,0.26118187307651314
19324,0.2614052108122737
19325,0.2674238745334145
19326,0.2656882338039146
19327,0.256213240935822
19328,0.26198269747286507
19329,0.2565860610050293
19330,0.2625826820005836
19331,0.26301981361062365
19332,0.2706152511138036
19333,0.2650709842204494
19334,0.2616853842634999
19335,0.26412895563251554
19336,0.2651827037581003
19337,0.25772265491351115
19338,0.2697866965707591
19339,0.2618329396302324
19340,0.2609246637014119
19341,0.26223976886737455
19342,0.267152243169541
19343,0.2565467174291708
19344,0.25967961856964605
19345,0.2609474128610202
19346,0.2648374847094988
19347,0.26503493463941263
19348,0.2554738543938492
19349,0.2609962212629425
19350,0.26659902249865625
19351,0.26352601361418015
19352,0.2616824386687327
19353,0.25851652841636413
19354,0.2721543819060426
19355,0.2649442415378256
19356,0.26135928822544563
19357,0.26053272604789157
19358,0.26580840452395743
19359,0.25868895199223113
19360,0.2583831756642575
19361,0.26300869207771377
19362,0.2706527892173007
19363,0.257522580822858
19364,0.2690807900407437
19365,0.2617286220683604
19366,0.26332395174446116
19367,0.2627720036546409
19368,0.2574134218518936
19369,0.2649466874431831
19370,0.26484095092358095
19371,0.2530209147517531
19372,0.265121281653873
19373,0.25429322154756145
19374,0.26561279575303987
19375,0.26274486774077477
19376,0.2559918943565731
19377,0.2541207079600625
19378,0.2628212296950865
19379,0.2713307107557662
19380,0.27020282435046156
19381,0.25675945190005306
19382,0.26647602328786707
19383,0.2601468474746312
19384,0.2647311346731337
19385,0.25985785765042657
19386,0.26220644198318144
19387,0.2583536964411361
19388,0.26181250423750835
19389,0.26481900182962137
19390,0.25771828036453853
19391,0.2519185979402583
19392,0.25490841509622925
19393,0.2602719694744424
19394,0.2578903628135977
19395,0.26176339495760076
19396,0.2604771322245769
19397,0.26455261073174635
19398,0.26078495072408536
19399,0.25622790782902866
19400,0.26228447011715306
19401,0.26235976225444807
19402,0.26235216098425856
19403,0.26362123408230353
19404,0.2607757467124653
19405,0.2561510823082591
19406,0.26184677473772094
19407,0.2580683696441146
19408,0.2635236362664051
19409,0.2564755372216943
19410,0.2574980299566149
19411,0.25323145693307203
19412,0.2586264012473003
19413,0.26295977597554826
19414,0.26532932831686384
19415,0.2633529296425842
19416,0.26078658703214774
19417,0.26055272115939165
19418,0.26253291872624807
19419,0.2624747037969566
19420,0.2569624391489743
19421,0.26195985217123874
19422,0.2634765737301777
19423,0.25535452565181554
19424,0.25553056866109963
19425,0.26838142523780256
19426,0.2583383640269464
19427,0.26242330934749236
19428,0.2559118753298635
19429,0.24989277981105346
19430,0.25799273479142926
19431,0.2609003248863595
19432,0.2645416661860282
19433,0.26527727267742074
19434,0.26579729593294016
19435,0.25646063124433255
19436,0.2548912799701225
19437,0.2609082876935886
19438,0.2629573174330443
19439,0.2624331146836949
19440,0.26285032866797314
19441,0.2706789821935333
19442,0.25706806363745166
19443,0.2705579218551449
19444,0.2569100328494834
19445,0.26059616811218256
19446,0.26144792957028823
19447,0.25793396031874616
19448,0.26963809117583504
19449,0.26833501341718197
19450,0.25854411707942127
19451,0.26615158472514994
19452,0.26447089602321705
19453,0.2598852453868366
19454,0.25844349461530103
19455,0.25407521890814244
19456,0.2651136882848293
19457,0.26110229800792384
19458,0.26195855053495093
19459,0.26234298656567906
19460,0.2661841660513076
19461,0.2663513271708962
19462,0.2562481955635982
19463,0.2660441896212349
19464,0.2736256146305592
19465,0.26240768561884814
19466,0.26266721947801985
19467,0.2669592441097902
19468,0.2612981300074679
19469,0.24766352017310017
19470,0.2531151458404965
19471,0.2634498687796573
19472,0.2692500413673797
19473,0.27141508915058493
19474,0.2650908287011956
19475,0.25581451148062345
19476,0.25208770766303007
19477,0.2539244312594069
19478,0.2602717898199089
19479,0.2546717036010404
19480,0.26513650059950883
19481,0.2668967474112509
19482,0.2684505090272698
19483,0.2637027246502509
19484,0.26780053676135857
19485,0.2647939965848984
19486,0.2634364014756095
19487,0.2606465479480116
19488,0.2604835664000756
19489,0.267405226514123
19490,0.2570670704930839
19491,0.25574010405019576
19492,0.25992164679665625
19493,0.2587839405198138
19494,0.25887614961148364
19495,0.2609641705166176
19496,0.2650655762147806
19497,0.27154662674189384
19498,0.25947050305817093
19499,0.26486600215804557
19500,0.2584273269523822
19501,0.2616109472333687
19502,0.25615934681201813
19503,0.25607799807512
19504,0.25777418219548986
19505,0.26160596081694953
19506,0.2600708844723831
19507,0.2656273775980758
19508,0.2625410096829404
19509,0.25065976372352944
19510,0.25904444618765593
19511,0.2592577647956492
19512,0.26071122139549135
19513,0.26114957228589014
19514,0.26335382271931124
19515,0.2706460214355151
19516,0.2607662096205197
19517,0.25699806348373233
19518,0.2588471782932719
19519,0.26229943249818605
19520,0.26229205529651084
19521,0.26121874528347017
19522,0.26699278458759096
19523,0.26434742586037596
19524,0.2649896912876186
19525,0.26095378484898574
19526,0.2618564350220684
19527,0.26755005835224616
19528,0.26280827937531176
19529,0.257539413191539
19530,0.26119343772867815
19531,0.2500593878468063
19532,0.25351214166411246
19533,0.26330594849293354
19534,0.2574942891035971
19535,0.26346431931579656
19536,0.2637916483916983
19537,0.2615870056791686
19538,0.25878953772276286
19539,0.2627499888919138
19540,0.2615345291662074
19541,0.2623784725046351
19542,0.26302150959927134
19543,0.26321358274675644
19544,0.2684283745696848
19545,0.26324869817149965
19546,0.26001387998411296
19547,0.26364659796040585
19548,0.2534686308267145
19549,0.2546913550495928
19550,0.2562804134802402
19551,0.2698348455190523
19552,0.25775991693609634
19553,0.26274781068311753
19554,0.2641378194578612
19555,0.2700720623863674
19556,0.2597809134701234
19557,0.25479810711067036
19558,0.2640488159787215
19559,0.26097050306617686
19560,0.24819253291030202
19561,0.25698317241140783
19562,0.2608148376031377
19563,0.25637651219286794
19564,0.26533548359202275
19565,0.25776343235224314
19566,0.2593685878788957
19567,0.24913578029467603
19568,0.25973493094396194
19569,0.26067847019008195
19570,0.2615277550110151
19571,0.25031507954950427
19572,0.25797854021223443
19573,0.25138128130397375
19574,0.25581299295744503
19575,0.25328177058303325
19576,0.26460241251050065
19577,0.25854261460785233
19578,0.2565682835198909
19579,0.25803222856191055
19580,0.26083042230751524
19581,0.25675191435473527
19582,0.2512450218836436
19583,0.2672963058751639
19584,0.2600182863905702
19585,0.26009378403164274
19586,0.2595283279814263
19587,0.2638483612243945
19588,0.26149147691109115
19589,0.26438686196482064
19590,0.26687896175947773
19591,0.26371211425488433
19592,0.2635689710061549
19593,0.26251119506639276
19594,0.2692738077056443
19595,0.2573774380428722
19596,0.259096669229894
19597,0.2657502408763869
19598,0.260843816721199
19599,0.26161282699773425
19600,0.25021853026486224
19601,0.2610852187977306
19602,0.2579978550217239
19603,0.26134428498254847
19604,0.26882260184079304
19605,0.26560479519397756
19606,0.2583659478732087
19607,0.26203562328567137
19608,0.25656384385316505
19609,0.2619572801594606
19610,0.2608205983075523
19611,0.24744524902756726
19612,0.2535173528726292
19613,0.25966176565119253
19614,0.25807319814742335
19615,0.25789097720174886
19616,0.25879435344049045
19617,0.26008004171636084
19618,0.2627419716115942
19619,0.26207754729630894
19620,0.26014495098148605
19621,0.26054895167998093
19622,0.2572126568449275
19623,0.2595716435167559
19624,0.25339457923893643
19625,0.249385908383917
19626,0.24843712130155723
19627,0.25434217420493366
19628,0.2535040483307001
19629,0.24847232274656383
19630,0.25535781651845646
19631,0.2528258777063288
19632,0.2562496307453709
19633,0.25381407314026155
19634,0.2558517814863115
19635,0.25101307752220137
19636,0.2611236906211487
19637,0.25545271821129845
19638,0.2589404986732356
19639,0.254857892436334
19640,0.25070462107386166
19641,0.2537412427231928
19642,0.2582788908771604
19643,0.2661046435781845
19644,0.2651540415391383
19645,0.2540752169281228
19646,0.2546290186960096
19647,0.2691659101735635
19648,0.2637104067411541
19649,0.2661093420971484
19650,0.2609092491086999
19651,0.2539671376440076
19652,0.2626888635009427
19653,0.2641069900082438
19654,0.2657051719309043
19655,0.25954910676437776
19656,0.26397294911813546
19657,0.261186495457816
19658,0.25382797561721343
19659,0.2583984422747138
19660,0.2549651143314327
19661,0.25509377145733636
19662,0.2571625497192011
19663,0.25350293595112977
19664,0.24588761544794355
19665,0.2623745759490933
19666,0.25757295893546517
19667,0.24918850931967934
19668,0.26337919941696186
19669,0.2657910688315819
19670,0.267368419284703
19671,0.26144389179433886
19672,0.25797169432157374
19673,0.25515760758972816
19674,0.25442167752813205
19675,0.26030877469553515
19676,0.2599253458345672
19677,0.26208181719281964
19678,0.2667601594266344
19679,0.2588012170571498
19680,0.25656550065645495
19681,0.26414298854059104
19682,0.26583143578125706
19683,0.26268850466857263
19684,0.2591415994664641
19685,0.24867704192729972
19686,0.2609768858504628
19687,0.2602055842952991
19688,0.2672217496689979
19689,0.25881140660064356
19690,0.2599421524379263
19691,0.26021856874279353
19692,0.2484198374336298
19693,0.25274270118933045
19694,0.2567561371750269
19695,0.2560136995864616
19696,0.25241741151861646
19697,0.2600001667675204
19698,0.2588437869356596
19699,0.26061626683328276
19700,0.26345687448255545
19701,0.26071726902753983
19702,0.2578995005316357
19703,0.25907993574819227
19704,0.2567343948937981
19705,0.25638804660292974
19706,0.25179533180158226
19707,0.25985676393736334
19708,0.2640799389779375
19709,0.26787182927471825
19710,0.24930686337855304
19711,0.2502244542273176
19712,0.24835702074973565
19713,0.25740988604362347
19714,0.2508040497995363
19715,0.26461845667683387
19716,0.2660353909123675
19717,0.26394467843062097
19718,0.2516026326747224
19719,0.2598769227923842
19720,0.2657077229208008
19721,0.26086211495194395
19722,0.25510411130186206
19723,0.26646342390057315
19724,0.26039724374823164
19725,0.2674455372236019
19726,0.2624580301261737
19727,0.2576262861113872
19728,0.2662445606812787
19729,0.26464025619405374
19730,0.26765676722715126
19731,0.2724549337148468
19732,0.27621280653334285
19733,0.26466239321509166
19734,0.26289590938251983
19735,0.2556693852732852
19736,0.26583681421598354
19737,0.24935512460243112
19738,0.26823551293660564
19739,0.26718357843228774
19740,0.26712638584248366
19741,0.26871354906211253
19742,0.2616883967377303
19743,0.25751041641696487
19744,0.2643781891446546
19745,0.26038579475943674
19746,0.26513742847230715
19747,0.2595536197577325
19748,0.25179633031532705
19749,0.25363725567983975
19750,0.25985163428579827
19751,0.2658289750135359
19752,0.2607936988685328
19753,0.26164272611577544
19754,0.2550281959194915
19755,0.25787411137951627
19756,0.25293496077918104
19757,0.25800346157108217
19758,0.2569921788255359
19759,0.25885662914260454
19760,0.25059720775583105
19761,0.250992204630309
19762,0.2598155075604241
19763,0.2561876538427664
19764,0.2626206552274275
19765,0.2551559074266324
19766,0.24543162856941353
19767,0.2586496009897364
19768,0.25804571199948273
19769,0.25640053002771146
19770,0.2607212560896289
19771,0.2562296384977863
19772,0.2581063449421762
19773,0.25064486266048935
19774,0.2597252292767188
19775,0.2592766382416966
19776,0.2588066401868227
19777,0.26061909828599666
19778,0.27009802639441727
19779,0.26759878892001976
19780,0.26477081334201474
19781,0.25345467961503754
19782,0.25721316112918613
19783,0.25509996687349024
19784,0.2680876536676903
19785,0.25497168698828027
19786,0.2508530540266064
19787,0.2507832949168499
19788,0.25617026167171997
19789,0.2551808561328958
19790,0.25814778252505405
19791,0.25855290834816896
19792,0.25660300398356484
19793,0.2602433513372067
19794,0.26708929923006974
19795,0.25798503796115807
19796,0.2539725506907029
19797,0.26580877590998503
19798,0.2558048398020015
19799,0.26053738180408825
19800,0.25966050893110515
19801,0.27403130543763476
19802,0.2683458402184061
19803,0.26436110927645345
19804,0.2710587401257057
19805,0.26523843482237985
19806,0.2511841667073414
19807,0.25651586568660145
19808,0.26134496508564037
19809,0.26859344993182727
19810,0.25066267312733204
19811,0.2594293224765656
19812,0.2611708406312438
19813,0.26440403715133237
19814,0.25952265646471523
19815,0.2643428836360801
19816,0.25094640368152465
19817,0.26320659809891284
19818,0.26322672711357414
19819,0.2510013483303009
19820,0.25087040386338766
19821,0.2620697158484675
19822,0.257060792969394
19823,0.25308334007319655
19824,0.2568029469736423
19825,0.2607615167569431
19826,0.26231449579978633
19827,0.2612375975458866
19828,0.25242786523712135
19829,0.26088155650373696
19830,0.24881715495886228
19831,0.2594350560324279
19832,0.2601824030749861
19833,0.26384370081235475
19834,0.25850613968113506
19835,0.252064011750073
19836,0.25080592052594
19837,0.26597888918502394
19838,0.254750409699807
19839,0.2572271166189222
19840,0.25894363487087635
19841,0.26013548842721557
19842,0.2573940138611695
19843,0.2499931354399912
19844,0.2580559493411122
19845,0.24967433273252534
19846,0.25023104486882874
19847,0.24782783555798105
19848,0.25714068471671075
19849,0.2570118617929604
19850,0.2635565810533701
19851,0.2554380475271893
19852,0.26614895630024077
19853,0.25835515444653256
19854,0.25580856210672276
19855,0.2599356863913217
19856,0.2546395598363126
19857,0.2521946636148148
19858,0.2511291810202115
19859,0.2551112637089894
19860,0.25098337102538065
19861,0.2645508649322402
19862,0.25457075193912043
19863,0.25280032663457275
19864,0.24697853131065717
19865,0.25878930345568807
19866,0.25620375765977016
19867,0.25307399517733153
19868,0.25867311423127637
19869,0.25642968183253206
19870,0.2540345770754388
19871,0.2601371953310908
19872,0.2556034313734394
19873,0.26150858884005823
19874,0.2610585242532067
19875,0.2672810657612894
19876,0.24931212388513826
19877,0.25930013308357114
19878,0.2544772235024691
19879,0.2690294499084265
19880,0.26521553114541224
19881,0.25817231200536295
19882,0.26208975081226954
19883,0.26554688219257994
19884,0.26179634309478916
19885,0.25404245308018786
19886,0.2520775302158226
19887,0.2651111370099077
19888,0.25664289692158515
19889,0.26126792566593304
19890,0.2602489865726738
19891,0.25926597012213026
19892,0.2586261278869625
19893,0.26899944598544145
19894,0.27124146479366934
19895,0.2609226822663576
19896,0.2672900311603641
19897,0.26551680769264
19898,0.2615748242765102
19899,0.25614448737820505
19900,0.2569983616342853
19901,0.25234684493445003
19902,0.26641265406413106
19903,0.25476432491311274
19904,0.2583901087392355
19905,0.2610660963097702
19906,0.25823531311397313
19907,0.26153153646501454
19908,0.26025022193404507
19909,0.2508943523575457
19910,0.25976230814061946
19911,0.2601322295228864
19912,0.26397209839536623
19913,0.2618529337800894
19914,0.2657628013892079
19915,0.2640900036810447
19916,0.2643000054211634
19917,0.25729525342050463
19918,0.2543278344431949
19919,0.26233551999483057
19920,0.26003796348127267
19921,0.2660436169506613
19922,0.2633954746470067
19923,0.25518766481366145
19924,0.26072437362118506
19925,0.25459948209995137
19926,0.2502440371888162
19927,0.2671936955814884
19928,0.2562370093615794
19929,0.2551513318892542
19930,0.2626440183483327
19931,0.25569276385132256
19932,0.2616595182513467
19933,0.2570945363611576
19934,0.26134315975582173
19935,0.26367636850687126
19936,0.2626733378085352
19937,0.25715332869091295
19938,0.2598862456184829
19939,0.26798738474890793
19940,0.26396817513758414
19941,0.2569197955156063
19942,0.2554840036269833
19943,0.2533304106795161
19944,0.2602775390534464
19945,0.25500660990794827
19946,0.24871300795391987
19947,0.2589915624432225
19948,0.2554136956328572
19949,0.2498488974065545
19950,0.2537279189109738
19951,0.2531984397772773
19952,0.2518384348482949
19953,0.26150785595354
19954,0.2639808920423005
19955,0.2608412686023184
19956,0.2582533647709526
19957,0.25983763618431416
19958,0.26212329780608334
19959,0.253454799831246
19960,0.25370543299663423
19961,0.265234992312978
19962,0.25839599082501785
19963,0.26238569468713846
19964,0.26340573630596
19965,0.2653568312971875
19966,0.2599823934021121
19967,0.2598450766477701
19968,0.25660355635577314
19969,0.26034110366373614
19970,0.25689434370139935
19971,0.2575041010502506
19972,0.256452441569223
19973,0.25083113670137525
19974,0.2621868977123593
19975,0.26270271939274925
19976,0.2592515840213305
19977,0.27229316250485713
19978,0.2666245425621057
19979,0.26432000822905133
19980,0.26644425774151326
19981,0.259741207472554
19982,0.26386124872212163
19983,0.2610516284003011
19984,0.2626951942599048
19985,0.2599247257348352
19986,0.2569078045072242
19987,0.2596877757722103
19988,0.26337488975397927
19989,0.26343195926297347
19990,0.26029894420839483
19991,0.26699801226445424
19992,0.2681073929866291
19993,0.2678743545064139
19994,0.25669396805147504
19995,0.2552412999971654
19996,0.24981408964395257
19997,0.2523013311472211
19998,0.2543983952729645
19999,0.2536836528984272
20000,0.25594092139059954
20001,0.25551723605080623
20002,0.24710998497072356
20003,0.25855271311881634
20004,0.255024349176101
20005,0.2574837589292528
20006,0.25774939749967263
20007,0.26021852526750416
20008,0.2562004274019674
20009,0.2537605507486154
20010,0.25361944899692634
20011,0.2501370470708589
20012,0.2590962332180171
20013,0.2515626735738097
20014,0.26142396776382365
20015,0.2549859824095016
20016,0.2531644469232154
20017,0.2658276130264774
20018,0.25739105552190356
20019,0.25638002131451915
20020,0.2597298991913271
20021,0.2512093989529553
20022,0.24947581690024503
20023,0.2469829040448618
20024,0.25529122113143776
20025,0.25161467404423593
20026,0.2539382020031368
20027,0.2559668078618123
20028,0.26022939592669403
20029,0.25863380990512386
20030,0.2494140894639958
20031,0.2567042606404812
20032,0.2538186259027157
20033,0.2523205035665778
20034,0.25446904428580014
20035,0.2551317488808122
20036,0.2596051976339765
20037,0.2536856715263803
20038,0.25890263751255294
20039,0.2608329540855985
20040,0.25276500196626356
20041,0.25395903380640245
20042,0.26125993423987237
20043,0.25227665492506757
20044,0.252303743252058
20045,0.2597055376937791
20046,0.24891235787277122
20047,0.26541798895641566
20048,0.26740927816570664
20049,0.26056496890788516
20050,0.262621414997408
20051,0.26114144079574886
20052,0.2523663646410427
20053,0.25869665957700244
20054,0.26209187375193027
20055,0.26278824731163586
20056,0.25660426055307667
20057,0.2642246753820741
20058,0.2698078283558487
20059,0.25527772394276826
20060,0.2664987431832624
20061,0.2621654310824717
20062,0.2641074624257386
20063,0.2606537458023556
20064,0.2549857225007796
20065,0.25640919449509636
20066,0.2666372176817658
20067,0.2615266824066412
20068,0.26096632476500553
20069,0.2750387832773012
20070,0.27211421494219196
20071,0.27438656264261974
20072,0.2730333432342421
20073,0.2646554854010155
20074,0.2666585961566672
20075,0.2566598957130479
20076,0.26834046420508073
20077,0.2633085134949307
20078,0.2597708663118962
20079,0.2623261304487647
20080,0.25818487258448863
20081,0.2625291830430565
20082,0.261767923739698
20083,0.25569699655155403
20084,0.260575161121314
20085,0.25806431057983975
20086,0.26033313123318114
20087,0.26084146198849223
20088,0.25797643680593874
20089,0.26099496097689295
20090,0.25167918660941124
20091,0.26564417173501464
20092,0.26949406370348333
20093,0.2644347492270442
20094,0.2596479247309741
20095,0.26090161134822465
20096,0.2522225239147293
20097,0.26131309804067276
20098,0.2521370604991325
20099,0.2592907671980673
20100,0.2592271614491761
20101,0.25076596166612336
20102,0.24481225611007223
20103,0.2495592851706114
20104,0.25440863410097136
20105,0.25240569648530775
20106,0.25406108875823136
20107,0.25407476909601334
20108,0.25329051664007146
20109,0.2584410067893148
20110,0.2561218496847618
20111,0.2616158953005568
20112,0.2661483991618076
20113,0.2668102618641119
20114,0.26945351140808155
20115,0.24849725525188898
20116,0.25185972700776194
20117,0.26480970266120285
20118,0.26610548091956415
20119,0.2573351612240461
20120,0.2560754376370403
20121,0.25845726193946866
20122,0.2488014794893348
20123,0.259054170982558
20124,0.25647635518367823
20125,0.26438796187278424
20126,0.261501755987923
20127,0.2647825442354218
20128,0.2604322455619683
20129,0.26273621373610867
20130,0.26127161399500104
20131,0.2511595458304386
20132,0.26101711356828405
20133,0.2567509792813523
20134,0.26363102973189473
20135,0.2571503033401626
20136,0.2560327711577569
20137,0.26223184153379525
20138,0.257383489680156
20139,0.25758171075498304
20140,0.2614666468569739
20141,0.25322910727170284
20142,0.2624681634072586
20143,0.2589172225082837
20144,0.2509427574008991
20145,0.24623224765738516
20146,0.24882120900260507
20147,0.2433339385392878
20148,0.24416333525845393
20149,0.2522603180421326
20150,0.25452781392183393
20151,0.26202446683433983
20152,0.2551754315815553
20153,0.2532407835182319
20154,0.25496960637862515
20155,0.25067032655731913
20156,0.2626030675979112
20157,0.2595770086610962
20158,0.24766324147081378
20159,0.24473786636801612
20160,0.25722911317413755
20161,0.2546056152470323
20162,0.26168624361240567
20163,0.253822167938046
20164,0.25545344470369336
20165,0.252451886913728
20166,0.2521206061067853
20167,0.26114415064657365
20168,0.255523931588656
20169,0.25355447777631707
20170,0.253473257168337
20171,0.24920465208939815
20172,0.25832790817253465
20173,0.2540205410457713
20174,0.25788712413747694
20175,0.2523177230874283
20176,0.2575256519671211
20177,0.2600223106796412
20178,0.25924520065462897
20179,0.26198317162625767
20180,0.24258108254975064
20181,0.24880924635094054
20182,0.2554309769317406
20183,0.2597477473639851
20184,0.26162564412960293
20185,0.25815824014547206
20186,0.24859164894967634
20187,0.24750071785577224
20188,0.2556236727500347
20189,0.24678726949508487
20190,0.2577842543952418
20191,0.2531333908689901
20192,0.24914705964809222
20193,0.25379404527105065
20194,0.25300147101513326
20195,0.25915798032023557
20196,0.24622254371513022
20197,0.24634026001204978
20198,0.26043986059925367
20199,0.25540980984223033
20200,0.256573972011801
20201,0.25736868236308114
20202,0.25937157897657076
20203,0.2551688864308921
20204,0.26143318659904624
20205,0.25658883726758636
20206,0.25626279149812287
20207,0.2578629943411223
20208,0.2613993968623722
20209,0.26084781723107087
20210,0.2630786681625587
20211,0.25073328544138523
20212,0.2593906624913357
20213,0.2576541890917502
20214,0.2595566471918822
20215,0.25920687084085703
20216,0.25838233717884546
20217,0.2543314097698583
20218,0.262745609313053
20219,0.2627353078891276
20220,0.2561753586041398
20221,0.25071450252942273
20222,0.25507988836923323
20223,0.25537077372668454
20224,0.2580015571284858
20225,0.2565089864686624
20226,0.2545027184460947
20227,0.2571109250932088
20228,0.24825150783709554
20229,0.24824401381411038
20230,0.25870508180585255
20231,0.25611275797545435
20232,0.2622829934919242
20233,0.25758874589898567
20234,0.25845363834017104
20235,0.24818222998117004
20236,0.253496481028728
20237,0.25357070392836156
20238,0.2561390665123918
20239,0.26467095552331854
20240,0.25296626327761096
20241,0.2615161661380902
20242,0.26627736791973744
20243,0.2623885478441808
20244,0.25290618207790405
20245,0.25705091256035445
20246,0.264446425620033
20247,0.2531971384050514
20248,0.25814619097595304
20249,0.2668137856058034
20250,0.26359208750989416
20251,0.2538504288198906
20252,0.2594229046960607
20253,0.25779263204788816
20254,0.25739899407970085
20255,0.25902705084826694
20256,0.25036045720270833
20257,0.2545296831342847
20258,0.2633950574696086
20259,0.26112882051472985
20260,0.2568076233816905
20261,0.2584058796282561
20262,0.2556429718661711
20263,0.2597067959422555
20264,0.257639590462224
20265,0.2630604487355662
20266,0.26650120901310714
20267,0.25953100281276564
20268,0.25592155308579395
20269,0.2619068301979748
20270,0.24986823846895337
20271,0.2637984756431775
20272,0.2586100061922187
20273,0.25940927952196485
20274,0.2643029976168813
20275,0.2525468835260185
20276,0.26285854958735655
20277,0.2593347437050744
20278,0.2541511763146206
20279,0.2636368093308596
20280,0.2583990360933151
20281,0.25459365482894886
20282,0.2578684993416743
20283,0.25143875074889915
20284,0.25605149443667247
20285,0.25432714789045857
20286,0.24929751637606867
20287,0.2590720392746408
20288,0.2568814586042252
20289,0.25652348542317344
20290,0.2561364576343113
20291,0.26257573804759465
20292,0.24891449794006387
20293,0.26112106720339606
20294,0.2595336263397417
20295,0.2546885407654428
20296,0.25677283395891304
20297,0.2566200125789171
20298,0.26248256444752643
20299,0.2663182601649148
20300,0.2624286405168816
20301,0.26021762748425886
20302,0.2583178874976591
20303,0.2632744328312805
20304,0.25886107200040914
20305,0.25426133489182395
20306,0.26289126306583727
20307,0.2564311701074361
20308,0.25775663201437704
20309,0.2501361400631962
20310,0.2588811312322755
20311,0.2550857788279172
20312,0.26160491088345283
20313,0.26528811967221416
20314,0.25455673464430256
20315,0.26188241597367834
20316,0.2575745197007315
20317,0.26012863138545045
20318,0.25103662776738944
20319,0.25669596310141257
20320,0.24917847851911873
20321,0.25840001923459416
20322,0.25624344430503143
20323,0.25918294629582783
20324,0.2565742714118026
20325,0.24990489877228172
20326,0.24907961871305725
20327,0.24483986849504644
20328,0.24936470767947078
20329,0.25192644448720486
20330,0.2493374932276892
20331,0.25492711241157484
20332,0.2583219702032315
20333,0.25497630738736193
20334,0.2523283806164197
20335,0.2520590278450372
20336,0.25512517178986727
20337,0.2430768124430274
20338,0.26105147121330213
20339,0.24939572871119117
20340,0.2505908395950645
20341,0.25902609730962745
20342,0.26052018564267787
20343,0.25084740322192783
20344,0.260750471058821
20345,0.26306933195333815
20346,0.2632097649111722
20347,0.25757354128938037
20348,0.25320446035769223
20349,0.25851812736304947
20350,0.256080307267134
20351,0.26263436952370606
20352,0.2530322795734862
20353,0.2563333759534199
20354,0.25991388649305847
20355,0.2562357115549663
20356,0.25927810530162226
20357,0.25909275463874887
20358,0.2615789289889407
20359,0.2546582675860735
20360,0.2592395655325621
20361,0.2534733082681438
20362,0.26110146097412223
20363,0.25138104340263107
20364,0.2590531929508528
20365,0.2578527522434693
20366,0.2622725337343189
20367,0.2564237945359489
20368,0.24901786357716293
20369,0.2577328452073659
20370,0.2581365305343563
20371,0.26284028312631635
20372,0.25903687475658926
20373,0.25696937857309743
20374,0.2549494170503107
20375,0.25329105414192604
20376,0.2500014125192326
20377,0.25627077739713733
20378,0.256182718766937
20379,0.26104235543094967
20380,0.2507954391694943
20381,0.2531851390754397
20382,0.25211770478475465
20383,0.2595128297371892
20384,0.25580569271406534
20385,0.2566620766932646
20386,0.2676484881523934
20387,0.2662713684238662
20388,0.2609433296553869
20389,0.24541154163477866
20390,0.25998517712477015
20391,0.2509823274361277
20392,0.2578488073513376
20393,0.25955323680899534
20394,0.2610140251209625
20395,0.2525426617479129
20396,0.2528356680107462
20397,0.24921622317584693
20398,0.2467917392860075
20399,0.2616485158837514
20400,0.2504221079251309
20401,0.2591830210460032
20402,0.26226694481331403
20403,0.252258126755203
20404,0.26387755055107726
20405,0.25652182567704956
20406,0.2566220831004224
20407,0.25294045171275764
20408,0.2579754960096837
20409,0.26575041183538445
20410,0.25146836272086504
20411,0.2519123074258762
20412,0.2634188445154336
20413,0.2557129894394393
20414,0.26801903235370406
20415,0.26345341555911717
20416,0.25967103720220547
20417,0.2554857700737105
20418,0.24915764302862042
20419,0.26036586492467284
20420,0.2529992126963376
20421,0.25631063194795667
20422,0.25656839169432033
20423,0.26142104378970527
20424,0.26280894671807997
20425,0.2547951853939522
20426,0.24964552758779973
20427,0.26469177915429554
20428,0.259043672919385
20429,0.2567717418087182
20430,0.26688257773734686
20431,0.26109720730619773
20432,0.2547529205722907
20433,0.24740031038554525
20434,0.259605091658627
20435,0.2542637149127734
20436,0.25928174415991034
20437,0.2525157506717592
20438,0.25398253533098847
20439,0.258118678718451
20440,0.24422573168550568
20441,0.2539325872144557
20442,0.250506093079607
20443,0.2519398811635109
20444,0.2588580602008047
20445,0.25902019674578475
20446,0.25216746502387727
20447,0.2567843928992442
20448,0.26050329812561834
20449,0.26304497562108947
20450,0.25754350988138053
20451,0.25158747067672016
20452,0.25099145573094456
20453,0.2591560113002773
20454,0.2529903081683974
20455,0.25654065238389295
20456,0.2598018066246906
20457,0.257024431362805
20458,0.250026533518441
20459,0.24833285898443727
20460,0.24842295445850948
20461,0.26309708691704037
20462,0.2524908681113679
20463,0.2572266197098565
20464,0.25114931509427507
20465,0.2504577145091232
20466,0.2612608878521874
20467,0.2545817730002865
20468,0.2620203120057272
20469,0.255513935251124
20470,0.2548821852116494
20471,0.2694847295580752
20472,0.2593307426933215
20473,0.2623604014307521
20474,0.2534178087154604
20475,0.25667983067308553
20476,0.2606797230828471
20477,0.2540871055626277
20478,0.26655541958709184
20479,0.26242981709233176
20480,0.2588662984166959
20481,0.25211456043033603
20482,0.24446144288942634
20483,0.25773500228434126
20484,0.25563733955164863
20485,0.25209848416703035
20486,0.25590941336563455
20487,0.24998837439073435
20488,0.25639623339540923
20489,0.24783471624516548
20490,0.2509927224584757
20491,0.2682835623369229
20492,0.2548882618986152
20493,0.26136767891115437
20494,0.2607116720725575
20495,0.25850375164330597
20496,0.24734134897616575
20497,0.25400090204860054
20498,0.255353363765909
20499,0.2626666188312637
20500,0.24767431047647043
20501,0.2546606951664203
20502,0.25820900808219677
20503,0.2501141550891219
20504,0.2583152617967762
20505,0.26284101186620884
20506,0.2621751932848033
20507,0.25505266391329023
20508,0.2608645958664073
20509,0.24842040204870303
20510,0.2556873372509388
20511,0.24735489683177353
20512,0.25560203677946436
20513,0.2518127698198585
20514,0.2586296169388574
20515,0.2577592183907223
20516,0.26554755471999114
20517,0.2557359558246325
20518,0.25392677161174537
20519,0.26042620074663536
20520,0.2590863262520115
20521,0.25250392434969815
20522,0.25422530452402614
20523,0.25592441103636243
20524,0.2610461359693696
20525,0.25847092765724455
20526,0.2536396796311546
20527,0.2559823644608155
20528,0.25549872577375465
20529,0.25925101106272946
20530,0.260890749704915
20531,0.26384970265885455
20532,0.26329400735278835
20533,0.2542043092016517
20534,0.2569220058714712
20535,0.26525032453418856
20536,0.26095155605947723
20537,0.2600553890520185
20538,0.253282237618537
20539,0.25699792692435064
20540,0.25443927485881296
20541,0.25172481677901754
20542,0.25569394622992747
20543,0.25744922887400234
20544,0.24977526898488775
20545,0.26244823268906226
20546,0.25552442924890106
20547,0.26461882847284357
20548,0.25640214859924204
20549,0.2458439920515591
20550,0.25587956788970806
20551,0.2603476818491409
20552,0.25619540172205224
20553,0.2452414139425571
20554,0.25050923946539705
20555,0.25109208193674293
20556,0.2509785636967677
20557,0.2565125063094167
20558,0.25209327381021324
20559,0.24919471547281774
20560,0.25785534663247744
20561,0.250240682097395
20562,0.25485297422084613
20563,0.2651923341375117
20564,0.24832454699192755
20565,0.24976957219679047
20566,0.2614886544050594
20567,0.2529686898741831
20568,0.2564761648735237
20569,0.2582547505981338
20570,0.25320834677444104
20571,0.26172673681494163
20572,0.2533022552153962
20573,0.25475095966932276
20574,0.2554771142699597
20575,0.25823037161983725
20576,0.2505460044133351
20577,0.24948128149034002
20578,0.2544211502677662
20579,0.25434380322707
20580,0.246034626148643
20581,0.25062240136113156
20582,0.2653913301089862
20583,0.2515066421667613
20584,0.2551613296493704
20585,0.254937463906342
20586,0.26039390196720547
20587,0.25884594049154913
20588,0.25052384415014844
20589,0.2588862105459715
20590,0.2472330883407958
20591,0.25407876090976905
20592,0.26737163862747526
20593,0.25559600284025424
20594,0.2501986874004834
20595,0.25719934144520673
20596,0.2536010930353099
20597,0.25988288186591996
20598,0.2493771022528041
20599,0.2547695434453572
20600,0.24997287683126695
20601,0.25950402423184726
20602,0.2604853239079429
20603,0.2616207957239043
20604,0.24885016882824676
20605,0.2613058594297923
20606,0.26086179879530624
20607,0.2527389270359182
20608,0.25477188251676247
20609,0.2515129725800901
20610,0.2616100774993473
20611,0.25576798161867864
20612,0.25733350373437386
20613,0.2548826447874254
20614,0.25824046903269493
20615,0.2602693544067705
20616,0.25936460828630786
20617,0.2558819476771227
20618,0.24895139472734926
20619,0.25766865610586537
20620,0.256804279165268
20621,0.2511222918296422
20622,0.25689665172207016
20623,0.2529358020229913
20624,0.2599074341826783
20625,0.25296098771580516
20626,0.2501507084401107
20627,0.26604591628289354
20628,0.2545668939772304
20629,0.25586683060535914
20630,0.25854824438896734
20631,0.25463750968139764
20632,0.25673180989773003
20633,0.2522260742230527
20634,0.2514599841333915
20635,0.24523144964967306
20636,0.2551521856367254
20637,0.2663543636828267
20638,0.25040955980561913
20639,0.2575684327757271
20640,0.25634093603208663
20641,0.2551354311614767
20642,0.2549337256514446
20643,0.25712125406489494
20644,0.2566880118380086
20645,0.2603310876100601
20646,0.2560976244282875
20647,0.25316145899090264
20648,0.25400457929303855
20649,0.2499842147659282
20650,0.2426738740571057
20651,0.2535386595879677
20652,0.2540648974721179
20653,0.2596590680106469
20654,0.2530871232810718
20655,0.25058582684623487
20656,0.2517883869320027
20657,0.25648539323261504
20658,0.24865869508277144
20659,0.2609208429191727
20660,0.25628012355712043
20661,0.2591926970377179
20662,0.25551593715729554
20663,0.25091928790612067
20664,0.25542484502117874
20665,0.24519146374732348
20666,0.2546594912277788
20667,0.25544441425505915
20668,0.25437782047113816
20669,0.2520794839619606
20670,0.2638407932964645
20671,0.26034856537556866
20672,0.25021381378239066
20673,0.24685393253032561
20674,0.24698053050234117
20675,0.25880836207735497
20676,0.2492169614559178
20677,0.2562024080632129
20678,0.2526256000921234
20679,0.25755150456627907
20680,0.25913135284293326
20681,0.25893866693729145
20682,0.2653780231047805
20683,0.25320762959540094
20684,0.24827150261687808
20685,0.2527380234891012
20686,0.26261256136806677
20687,0.26388151506553004
20688,0.25227740408885746
20689,0.25118862261593117
20690,0.2486852002222698
20691,0.2555414018706462
20692,0.25109109513953504
20693,0.24802207160680634
20694,0.24831492036973848
20695,0.2549234494690586
20696,0.2539216188994023
20697,0.25339728121185795
20698,0.2545556213100501
20699,0.2626752888463301
20700,0.2523328692285124
20701,0.2550475838210107
20702,0.2440785909135349
20703,0.254329525667915
20704,0.2536293490951241
20705,0.257761636294425
20706,0.25487987921518895
20707,0.250946246466818
20708,0.25794619845152156
20709,0.2606471242322494
20710,0.2676633752081474
20711,0.26224330544760477
20712,0.26056576534312703
20713,0.24963148871179974
20714,0.25828715721443785
20715,0.2587005641143188
20716,0.27113147001852156
20717,0.2606959106285291
20718,0.2668519223895387
20719,0.2525499905953045
20720,0.2563711932416313
20721,0.24729716550270545
20722,0.2498552020229831
20723,0.2589725726131592
20724,0.24726384618139674
20725,0.2605347776488865
20726,0.2488892483274189
20727,0.2492118552180263
20728,0.24833430324889635
20729,0.2493084808372059
20730,0.25059910656821677
20731,0.24815998044551438
20732,0.24783783235062912
20733,0.24561328381344255
20734,0.2597929116492306
20735,0.26295227672866106
20736,0.25520509067567837
20737,0.25480301145941886
20738,0.24539460473196842
20739,0.2596189563887845
20740,0.2662622653184001
20741,0.2553297636097844
20742,0.25514789333657883
20743,0.25825855859814517
20744,0.2534856163652584
20745,0.2549436075870908
20746,0.2580086929937378
20747,0.2493154854241673
20748,0.2588363192516305
20749,0.2551486057469471
20750,0.24992379423307678
20751,0.24960635024594663
20752,0.25455348943613604
20753,0.2605868388154299
20754,0.25718631411800413
20755,0.24426621527602377
20756,0.2550447025625878
20757,0.2580320782421178
20758,0.2660162057351874
20759,0.2634180556624515
20760,0.2525641431026451
20761,0.26018915530228215
20762,0.25643113340723106
20763,0.24967731813473276
20764,0.24804547403780158
20765,0.2556764835365295
20766,0.2529908440324002
20767,0.2541737252395631
20768,0.2620342867730483
20769,0.2602302323986088
20770,0.2542954513282459
20771,0.24815584518466477
20772,0.25656294706200616
20773,0.2517303745547857
20774,0.2525549858805115
20775,0.25177425645782153
20776,0.2580185716374181
20777,0.27136808326071865
20778,0.2541849709158148
20779,0.2517673855228176
20780,0.26374152942143025
20781,0.25023344557998006
20782,0.2594001273019363
20783,0.25347002410734887
20784,0.25912744476684346
20785,0.26105212160884683
20786,0.25264103850746994
20787,0.261161950379955
20788,0.25561080523564095
20789,0.25965051344285073
20790,0.25578079986662816
20791,0.248808604078082
20792,0.2596029809690255
20793,0.258660626734903
20794,0.25186464507246004
20795,0.2553069544814504
20796,0.2692836646917715
20797,0.24758877359005538
20798,0.2516968680824305
20799,0.2521452256962583
20800,0.2546798181786159
20801,0.24809453032023304
20802,0.2520574072055596
20803,0.23852472970373473
20804,0.2517377054227471
20805,0.25402746833323736
20806,0.2530108834453521
20807,0.25515257118851425
20808,0.26017398188566787
20809,0.24762789099693508
20810,0.2518144094411188
20811,0.259666634982261
20812,0.25171336504985214
20813,0.2563219017520872
20814,0.2562425984235247
20815,0.2536748941899615
20816,0.253787816251812
20817,0.2540398292738776
20818,0.2549562626323883
20819,0.250799444156841
20820,0.2625840975058855
20821,0.2590089032109557
20822,0.2539009793786241
20823,0.26134854563153925
20824,0.25130989376791674
20825,0.25631462699654534
20826,0.2557315933248312
20827,0.2557515179454858
20828,0.25967192932600985
20829,0.26335169126987096
20830,0.265187463838755
20831,0.2624915135939152
20832,0.25611267768884893
20833,0.2594785367540317
20834,0.26059484453783954
20835,0.26235515339815896
20836,0.25064517316052654
20837,0.24816920812931378
20838,0.25303127201829456
20839,0.26304064517484305
20840,0.25463855008326425
20841,0.2544879938932733
20842,0.256120635249901
20843,0.2569030062109582
20844,0.26280104525014647
20845,0.26402300931622275
20846,0.25763473414325344
20847,0.26874093271861466
20848,0.25648789949963985
20849,0.2543090543969194
20850,0.25900318932558547
20851,0.26429583372208826
20852,0.2576875298289064
20853,0.25342299792088885
20854,0.25075270524154436
20855,0.26128684928767365
20856,0.25930291216240015
20857,0.25843146817997464
20858,0.25287095975717605
20859,0.251556245642256
20860,0.25825417420206725
20861,0.26651224917372673
20862,0.2630434165850309
20863,0.2672712179630958
20864,0.2506706095152208
20865,0.25267391145661683
20866,0.25239342090273353
20867,0.2600345326923226
20868,0.25087065352748816
20869,0.2538126160877328
20870,0.25814688384629
20871,0.24967454915197532
20872,0.2617324235842419
20873,0.26537583355537514
20874,0.25290655212646546
20875,0.2545599506923395
20876,0.2525588124762493
20877,0.26286222517884134
20878,0.2569213532536999
20879,0.2564581758387985
20880,0.25429401214538283
20881,0.2538127202795544
20882,0.2483317414540818
20883,0.256096915524293
20884,0.25498909451265644
20885,0.2608076919252815
20886,0.24860270136267645
20887,0.2560341286278942
20888,0.25174115438095174
20889,0.2700106546226997
20890,0.2535425174328274
20891,0.2534264683451248
20892,0.254836932245543
20893,0.25300812870587436
20894,0.25238357795363126
20895,0.25027938560206164
20896,0.2614621018429696
20897,0.26136682678001694
20898,0.25808114563236045
20899,0.25993718575404734
20900,0.2689583586595383
20901,0.2594701224389204
20902,0.25500263473016227
20903,0.25146072830572663
20904,0.25197713630369645
20905,0.25546626896658725
20906,0.26045458536913935
20907,0.26267739227673514
20908,0.25703632221710343
20909,0.2588995889211434
20910,0.2635772340634064
20911,0.26324241125107395
20912,0.2573138528817317
20913,0.26045570364887954
20914,0.25775656162848626
20915,0.2596099792000706
20916,0.2554453002554288
20917,0.2565502537986863
20918,0.24936117476306502
20919,0.25901772862368444
20920,0.25402273651709145
20921,0.2529033820211677
20922,0.2550275195487926
20923,0.2525486514405779
20924,0.26368807554241347
20925,0.2609596183451735
20926,0.2511710493788638
20927,0.26153131332913454
20928,0.25913101344786427
20929,0.26151681742845095
20930,0.25470531548967085
20931,0.264843804066783
20932,0.25442634669530173
20933,0.26101710826979113
20934,0.2603969710626043
20935,0.2557043809080176
20936,0.2554744817452689
20937,0.2512496986777105
20938,0.26129851331968185
20939,0.2599714852657681
20940,0.25737057285380693
20941,0.25856236215097006
20942,0.2639400533592226
20943,0.2502613292618311
20944,0.2654743948774762
20945,0.26269981366888934
20946,0.25300652260792794
20947,0.2612455186648142
20948,0.2592539600495081
20949,0.2513218246825299
20950,0.25398282319117765
20951,0.2517686619137336
20952,0.25208270519682885
20953,0.2517750282427575
20954,0.2585731899399473
20955,0.2514137626564453
20956,0.2555905752345868
20957,0.25347708110188044
20958,0.2470054621962458
20959,0.2615081650860423
20960,0.25160408275918256
20961,0.2562820027816287
20962,0.267374531679801
20963,0.2621639829426818
20964,0.25153732544301693
20965,0.25452948734921044
20966,0.25333398882749797
20967,0.25063952074153334
20968,0.26762167558031036
20969,0.2517464154132985
20970,0.2550621871789617
20971,0.2648951423942891
20972,0.25288205891663723
20973,0.2516224249553174
20974,0.26232423867549737
20975,0.26663520670544844
20976,0.2588037128651397
20977,0.25482016147233255
20978,0.2535599407393206
20979,0.2537994347281199
20980,0.25354234899897043
20981,0.2519442244720892
20982,0.25268044430607245
20983,0.2494580233725361
20984,0.260046319325445
20985,0.2516433248844415
20986,0.24838991969768995
20987,0.24885885964217544
20988,0.24838229585050647
20989,0.25940658027008884
20990,0.2527551669193601
20991,0.25947118335051117
20992,0.2577332693844726
20993,0.25202943857764226
20994,0.25566206776766454
20995,0.25370474933576037
20996,0.2584549772639402
20997,0.24870833165198428
20998,0.2553115116238369
20999,0.25032700264390206
21000,0.25190598318182783
21001,0.2550036130045115
21002,0.25753081562055885
21003,0.2558356839084562
21004,0.2564966838530658
21005,0.2582784605982081
21006,0.2514895425257476
21007,0.2503611538695758
21008,0.25254711481820163
21009,0.2502205451551154
21010,0.25744437230619444
21011,0.25096039060458203
21012,0.2591011375536035
21013,0.257884459377465
21014,0.24477577781163795
21015,0.2534057357478575
21016,0.2572264189799474
21017,0.250374563923033
21018,0.2482480948636057
21019,0.2696013536252404
21020,0.24960100215987766
21021,0.2472260359387149
21022,0.25349431429998914
21023,0.24797252423920021
21024,0.2496009479667039
21025,0.25006523890165044
21026,0.25280739810189157
21027,0.26873710228094355
21028,0.25277852231116055
21029,0.2501045112564586
21030,0.25998557522278576
21031,0.25425434037895567
21032,0.2566048907335223
21033,0.2507296508372053
21034,0.24852800377171388
21035,0.25800615284743955
21036,0.25948574329214835
21037,0.25624158610609554
21038,0.2624005792165273
21039,0.26774235517267003
21040,0.25595142423370415
21041,0.26265222823645906
21042,0.2538801034583724
21043,0.24955350989578473
21044,0.25613161656654365
21045,0.26230246892194986
21046,0.2647608077608825
21047,0.25199555977769683
21048,0.2626975555502265
21049,0.25955388923595935
21050,0.2581810158572501
21051,0.25348751294868793
21052,0.2563345090022085
21053,0.25884564699827267
21054,0.25964453494361406
21055,0.2443108634694416
21056,0.25704122057989937
21057,0.24541352137645378
21058,0.2548189085146147
21059,0.24316349511528496
21060,0.2543508524790461
21061,0.24829942502196808
21062,0.2567154130550271
21063,0.25703189179575453
21064,0.2530213161456908
21065,0.25695287166769937
21066,0.25861067107205415
21067,0.2593148236007143
21068,0.25118379420875453
21069,0.25575324551760376
21070,0.2620659502419878
21071,0.25026038790089744
21072,0.2492895096373843
21073,0.2591764626711338
21074,0.2551032003803063
21075,0.2612350704504053
21076,0.2612935854451096
21077,0.2628015999095355
21078,0.2608592267346414
21079,0.26452518973356515
21080,0.2620363826047
21081,0.2664228573790168
21082,0.24972623885087494
21083,0.268154438104778
21084,0.25874924431011775
21085,0.268129843766742
21086,0.25824110391936983
21087,0.25826522646217726
21088,0.2511785740185663
21089,0.2587511965308963
21090,0.24742274808788364
21091,0.25729716648122036
21092,0.25464439891458013
21093,0.2422806716295639
21094,0.2524060109195038
21095,0.24713877077248372
21096,0.2532517479274249
21097,0.24723740709109346
21098,0.24711751209852956
21099,0.2536766803919606
21100,0.24845458811078172
21101,0.25326381438261863
21102,0.2542865308101714
21103,0.246219516788021
21104,0.2521630515980255
21105,0.254886554511378
21106,0.25298268810021635
21107,0.25563596405024036
21108,0.2519885309670457
21109,0.25027565619723957
21110,0.25195820222848825
21111,0.260084252034634
21112,0.2559042091480993
21113,0.26059053402782045
21114,0.25751656527778954
21115,0.2596210311536844
21116,0.2474012591337297
21117,0.25262581048260563
21118,0.2535651735204659
21119,0.2480682651918995
21120,0.257727030643775
21121,0.26145150271949746
21122,0.25029950309287996
21123,0.2539085686795744
21124,0.2528447214452901
21125,0.255556662014473
21126,0.2644684058699523
21127,0.25626480327579926
21128,0.2565347823643553
21129,0.25367604060974386
21130,0.2565008650114602
21131,0.2618561416382484
21132,0.26333728614050045
21133,0.2573686706742745
21134,0.26897409359856217
21135,0.26036122968522224
21136,0.25921274880828066
21137,0.25746781626891213
21138,0.2560745475446284
21139,0.25661717727176353
21140,0.25669981331200165
21141,0.25685258564507224
21142,0.2547528919307375
21143,0.2604124432498528
21144,0.2593490628122902
21145,0.25457402028967346
21146,0.2610375251268612
21147,0.2579789668859324
21148,0.24686430365947756
21149,0.2595739799679695
21150,0.2592154605881225
21151,0.26707689274450375
21152,0.25264071163963775
21153,0.25381329089922255
21154,0.25019998619683975
21155,0.2592060478017861
21156,0.2633210159363198
21157,0.2627427665852334
21158,0.2549245800578906
21159,0.2567361937924612
21160,0.25166975818611675
21161,0.2563753141399396
21162,0.27054772865976984
21163,0.26029911074373924
21164,0.25419765910406356
21165,0.25942663011933104
21166,0.25844887533617017
21167,0.2590833889756048
21168,0.25222522247306994
21169,0.25202214617951546
21170,0.2535614177392853
21171,0.2621444874956862
21172,0.25659029909561976
21173,0.2497482652512731
21174,0.26504386004601976
21175,0.25639239377635825
21176,0.26007200621029286
21177,0.2625369349979196
21178,0.2503749062435064
21179,0.2544370547941356
21180,0.24466156690487134
21181,0.25846403085686415
21182,0.2598421114021055
21183,0.25702022093738397
21184,0.25507860926832926
21185,0.2572701736150786
21186,0.256304106412296
21187,0.2636206005376785
21188,0.25887209482056234
21189,0.25297498722543055
21190,0.25651257401394173
21191,0.2500287840273638
21192,0.2590489757858826
21193,0.25271854513319447
21194,0.25248723418878827
21195,0.24985915706604578
21196,0.24726400255891157
21197,0.2555453382723657
21198,0.24771943709525007
21199,0.2622324373814307
21200,0.2513461740137809
21201,0.2515356696257486
21202,0.25554225058464075
21203,0.2611923620425056
21204,0.2606704264302408
21205,0.25699781399142946
21206,0.26015099713338913
21207,0.25162334165888145
21208,0.26164681748080193
21209,0.25779071018931293
21210,0.2507701789501377
21211,0.25518776728763515
21212,0.2556595055962433
21213,0.25730041331723125
21214,0.2533993292348574
21215,0.25428822334282203
21216,0.2648961113903237
21217,0.25651706729539037
21218,0.25700595283759176
21219,0.2660920734347333
21220,0.25627370453954795
21221,0.25956258713850816
21222,0.25946575662446303
21223,0.26097268518780903
21224,0.2545193818844066
21225,0.2605097467491914
21226,0.251003201237297
21227,0.2586490880956025
21228,0.26484405206162526
21229,0.2626375031791105
21230,0.2509363404431379
21231,0.2581889087218032
21232,0.26135731096851234
21233,0.24839693636066956
21234,0.24828197411055367
21235,0.25365853226752444
21236,0.2630124751918585
21237,0.25113970610731773
21238,0.2473669571705186
21239,0.26418224233272997
21240,0.2534087386089021
21241,0.25446475251200174
21242,0.25383533531071956
21243,0.2552175596919386
21244,0.2511731707148445
21245,0.2546520977018218
21246,0.2544648260242849
21247,0.2554500762854938
21248,0.24873328266273795
21249,0.24848531628142093
21250,0.25309025270419533
21251,0.2501076916778494
21252,0.25562247494416585
21253,0.2581401112533917
21254,0.24141021775462218
21255,0.24819527307999237
21256,0.256050699419106
21257,0.25537011830720807
21258,0.23731582406492907
21259,0.25345193457170706
21260,0.2596168841661942
21261,0.24993892321960703
21262,0.26047868203709745
21263,0.25482532270304625
21264,0.257906642561541
21265,0.25726349345575805
21266,0.266107284022107
21267,0.25450145812520275
21268,0.2520580460330199
21269,0.2559895833119288
21270,0.24924863725269883
21271,0.25099098586199176
21272,0.25261459495195876
21273,0.2558354306298514
21274,0.25512911585823034
21275,0.24795512079117263
21276,0.24816304149541943
21277,0.2538110059378674
21278,0.24959502121274327
21279,0.2415256821260188
21280,0.2502588744202873
21281,0.2595485278734476
21282,0.24762495792664765
21283,0.2524037452353254
21284,0.25909924791650124
21285,0.25113638453427206
21286,0.26217505667483537
21287,0.2562891670637601
21288,0.25457671027658396
21289,0.25289362066250715
21290,0.2613738068209243
21291,0.2568397943466363
21292,0.2546121387521375
21293,0.25003610090506495
21294,0.2563902696644441
21295,0.2574652418647352
21296,0.2480768830303597
21297,0.25039286178779613
21298,0.25498537101590235
21299,0.24441814690124083
21300,0.2518136534436608
21301,0.26568251352227135
21302,0.2685355466227291
21303,0.2600164634298812
21304,0.25682338655179743
21305,0.25896799313631275
21306,0.2510127825900847
21307,0.26260752853972513
21308,0.25242808131337613
21309,0.2547673817768497
21310,0.25148641887042794
21311,0.25204980070108407
21312,0.25749259598574487
21313,0.24913907146836678
21314,0.2405608273046002
21315,0.25674174210146444
21316,0.25350347706180754
21317,0.25595108858664256
21318,0.2570687897175973
21319,0.25063099390965493
21320,0.2475566657454704
21321,0.24964350665599172
21322,0.2567407859417362
21323,0.24370786716299897
21324,0.24990914096865857
21325,0.2446681996762612
21326,0.2563407245234605
21327,0.24270688352930408
21328,0.2475429789372651
21329,0.24719828738562102
21330,0.24515330096543517
21331,0.2524670837981075
21332,0.2516817303272734
21333,0.25146583707694653
21334,0.25668681103340124
21335,0.2513514908773777
21336,0.25072973749158994
21337,0.24840969078670808
21338,0.2518565364516358
21339,0.2568818466801531
21340,0.25677064223005286
21341,0.24765217792638883
21342,0.255168840026987
21343,0.2520329516933511
21344,0.24580786172824617
21345,0.25484999257097
21346,0.24786007388521272
21347,0.2503605206855626
21348,0.255701321124256
21349,0.24820058180756016
21350,0.2467070162499957
21351,0.24307727330941012
21352,0.25666012592589044
21353,0.24665097077670423
21354,0.2540192816971618
21355,0.25354827769123855
21356,0.2488678233003197
21357,0.2531327194683565
21358,0.25078291552250603
21359,0.25827581190013177
21360,0.2553648806101102
21361,0.2530864718476529
21362,0.25374273241455825
21363,0.23975531288167562
21364,0.24398982700736882
21365,0.2565368321494384
21366,0.25479480147158695
21367,0.26003371297777095
21368,0.2524508046241332
21369,0.25285337780529155
21370,0.24344408703690465
21371,0.2544679947482333
21372,0.24796923391676784
21373,0.24717654985625734
21374,0.2479625699153139
21375,0.25770790756322426
21376,0.2559477913697822
21377,0.2523799207139433
21378,0.2529865171009059
21379,0.2533569479694445
21380,0.24792967018900328
21381,0.25280279694160873
21382,0.25595286416825724
21383,0.2534225784136005
21384,0.24581287265084506
21385,0.2571784716062206
21386,0.25537491964885717
21387,0.2548881023030235
21388,0.24977323858357306
21389,0.24525838963824986
21390,0.24784823351056115
21391,0.24347902057155016
21392,0.24587167738552998
21393,0.25492251876941696
21394,0.2537698303010876
21395,0.25536169254352087
21396,0.2531641572495975
21397,0.2596983008720983
21398,0.24442242499568848
21399,0.26053509600772246
21400,0.2576343122037547
21401,0.2570592399520901
21402,0.2516238036216168
21403,0.250112292446876
21404,0.2479064053901293
21405,0.24637031984893815
21406,0.2624200815284754
21407,0.24577434288833935
21408,0.2477463316886356
21409,0.25696624421816516
21410,0.25357245236601283
21411,0.2591734273373303
21412,0.2663465848465424
21413,0.2515285237019161
21414,0.2489838263052641
21415,0.2476599169260665
21416,0.2563350534639669
21417,0.2597226672463237
21418,0.2505802683936068
21419,0.25810218286247416
21420,0.24152582578412846
21421,0.2478427318662572
21422,0.2514613275193812
21423,0.2504444765978427
21424,0.24903503150030656
21425,0.24443700035881025
21426,0.25508633032784683
21427,0.2570804629051202
21428,0.25244718490656276
21429,0.2511328577408662
21430,0.2507505265541956
21431,0.26337411080604184
21432,0.2530531903216589
21433,0.25788597355328385
21434,0.25794063689139923
21435,0.2526132758721281
21436,0.24847099528765823
21437,0.2526936347124934
21438,0.24741266949810214
21439,0.25601892652390396
21440,0.24506331834552877
21441,0.25640816157979907
21442,0.24804307170830048
21443,0.25341980024872784
21444,0.25577499707109236
21445,0.27037012863318804
21446,0.2563701260642789
21447,0.25510734705792176
21448,0.2504889208156674
21449,0.2549427369909219
21450,0.25505086185571707
21451,0.2503694095767798
21452,0.247122177001854
21453,0.26017342461217213
21454,0.2515290001098482
21455,0.2512493244832424
21456,0.25344008150645436
21457,0.25196268937804683
21458,0.2582485887312301
21459,0.2579184360123905
21460,0.25438641834159753
21461,0.26268879918849997
21462,0.2537137627179326
21463,0.24675840100606655
21464,0.25703859049322686
21465,0.25127683830078557
21466,0.24855449277182468
21467,0.25227439211121416
21468,0.24914013571091076
21469,0.25441925903165885
21470,0.24791929317661482
21471,0.2498438347199077
21472,0.25221607319387834
21473,0.24514023014826813
21474,0.25722891365310524
21475,0.2535635336062974
21476,0.25122805456379593
21477,0.2477980169319777
21478,0.25859594775631684
21479,0.2552759771879378
21480,0.25301150559089036
21481,0.24974937950510764
21482,0.2525066283405592
21483,0.2572906129818865
21484,0.26287432282518597
21485,0.2509734246634227
21486,0.2588263906885611
21487,0.251192870705484
21488,0.24873300446634602
21489,0.2427481490812904
21490,0.25048516107285534
21491,0.25183745506368166
21492,0.2590781039021196
21493,0.2691928177556332
21494,0.25497147959204913
21495,0.2538301791338643
21496,0.2663182131903885
21497,0.24695610348433925
21498,0.24725223590347495
21499,0.2568611117418358
21500,0.26633543362011863
21501,0.25855343450699886
21502,0.2509603537412861
21503,0.26182593043242713
21504,0.25355574455836555
21505,0.25550139951908946
21506,0.2644472599575491
21507,0.26311167514573613
21508,0.2530957671008974
21509,0.2597406196521837
21510,0.24760393005044118
21511,0.25582676808548477
21512,0.24942130399559795
21513,0.25395326137858926
21514,0.25221115709344494
21515,0.2569388769237346
21516,0.25207696226108794
21517,0.2604975362171681
21518,0.2694388721169936
21519,0.2577312919171809
21520,0.2569581112529056
21521,0.2497043264103539
21522,0.2536108791349208
21523,0.2503921874877024
21524,0.25706043499949577
21525,0.24857548636337212
21526,0.24264362767141168
21527,0.2545173585449272
21528,0.25243705467036337
21529,0.243629671054595
21530,0.2621615615205935
21531,0.2581505584161138
21532,0.25460391271580946
21533,0.25497176750415695
21534,0.25839067357023865
21535,0.2556072932283865
21536,0.2597551942769117
21537,0.25595684251472783
21538,0.25882986599727836
21539,0.25915267770177125
21540,0.24549825888816784
21541,0.25764293615086875
21542,0.2504448410598913
21543,0.258727688502785
21544,0.26655542640391744
21545,0.2593243071583788
21546,0.2528151429304786
21547,0.24946848056846052
21548,0.2551789144024447
21549,0.25274492486026884
21550,0.25858218629487806
21551,0.24931823663465708
21552,0.25558020401511805
21553,0.2611006873857838
21554,0.2577559409109257
21555,0.2507130091426834
21556,0.24821748733073581
21557,0.2471228357064208
21558,0.25639020782839844
21559,0.24519088835074718
21560,0.2573595203337077
21561,0.24998555416498563
21562,0.24950537307750079
21563,0.25714539896669614
21564,0.24785156744008463
21565,0.25238535810530394
21566,0.2445559399421867
21567,0.25284303022049215
21568,0.2471169607283464
21569,0.2544987088863087
21570,0.2429204491681944
21571,0.2506164353607609
21572,0.2509568294276465
21573,0.25083952269355253
21574,0.2549424184553959
21575,0.25516160308538105
21576,0.2558281670916519
21577,0.2554953651338623
21578,0.25597070263539085
21579,0.2549647085338053
21580,0.25791590301338874
21581,0.26094826929845943
21582,0.26361017916191876
21583,0.24981287022674176
21584,0.2540779780909003
21585,0.2543273866630244
21586,0.25911724781364054
21587,0.2483814521062861
21588,0.2492835407075494
21589,0.256509978735885
21590,0.2580585324219509
21591,0.2541426728761289
21592,0.25996853892850563
21593,0.2566065930456594
21594,0.2576720043694657
21595,0.24862605489241177
21596,0.2676517576651505
21597,0.25094403653059794
21598,0.2632548368126113
21599,0.25284509927615684
21600,0.24773893001587466
21601,0.254642814969626
21602,0.2593607875797925
21603,0.25589015325479963
21604,0.2545614516412512
21605,0.24724255555396435
21606,0.2579227617243729
21607,0.257657422304868
21608,0.25656295352035147
21609,0.24516618333104154
21610,0.2580800835681915
21611,0.24350103740257698
21612,0.2495429726245676
21613,0.24894623812646877
21614,0.25222937313993143
21615,0.2460609547956478
21616,0.2450029608804601
21617,0.24226494394402037
21618,0.2547732613237747
21619,0.2493942669108992
21620,0.25521969805107564
21621,0.2529393739638846
21622,0.24791477951344706
21623,0.24879449183256805
21624,0.2601082637700364
21625,0.24686280692101215
21626,0.2524568339533517
21627,0.25750243606754036
21628,0.2522403814396275
21629,0.2528379415305773
21630,0.25251029604276864
21631,0.2539452536316206
21632,0.24465336616153566
21633,0.2549942438390073
21634,0.2529380583857395
21635,0.2557552802113374
21636,0.2579093457168786
21637,0.253390461139186
21638,0.25008490868566785
21639,0.2568420779916022
21640,0.2475847533370496
21641,0.25021824275473276
21642,0.25538777367033805
21643,0.24843868479368625
21644,0.24812032508735166
21645,0.250784235091569
21646,0.254712364152758
21647,0.2577230133367463
21648,0.2498214005637308
21649,0.2530265365928448
21650,0.24563201127503942
21651,0.24973065369223807
21652,0.2586347409679618
21653,0.2581822942557254
21654,0.25250699254012526
21655,0.24612016860667224
21656,0.26399052194622014
21657,0.2529943940317896
21658,0.2580785122942864
21659,0.25346868187273036
21660,0.2573970079459226
21661,0.25334284538897056
21662,0.246620891192775
21663,0.2489243779038558
21664,0.25231629305432346
21665,0.25398251472226424
21666,0.24858363634153227
21667,0.2603315140076873
21668,0.2524390540262078
21669,0.2512153998196523
21670,0.2592217560551767
21671,0.24875923060542054
21672,0.24953968862981749
21673,0.257063167625799
21674,0.2600534194091004
21675,0.2536276880314409
21676,0.2546792938316391
21677,0.2519375751097748
21678,0.24984300088285974
21679,0.24391351745596204
21680,0.2638389075200513
21681,0.2612795695425427
21682,0.24874699669661915
21683,0.24873851475510977
21684,0.252433143221292
21685,0.25842867909562445
21686,0.2554664312750093
21687,0.26130440133168975
21688,0.2517169509915046
21689,0.2553405217056584
21690,0.254191858683313
21691,0.25261800110362026
21692,0.2601547726466817
21693,0.25394769003670276
21694,0.2546788121559055
21695,0.24921915176997014
21696,0.2552890732262817
21697,0.26427455512149567
21698,0.257065751416868
21699,0.25102951652051136
21700,0.2642521041109777
21701,0.25787534031756415
21702,0.25560602904359814
21703,0.2588804470113579
21704,0.25137191073760035
21705,0.2485893953882137
21706,0.2449246186765057
21707,0.25315771761635464
21708,0.25871916087298485
21709,0.25522596162921085
21710,0.2534975422407572
21711,0.25652456377441263
21712,0.25088064353349276
21713,0.26071691799630003
21714,0.25183204943164683
21715,0.24696111430652085
21716,0.2531548789622635
21717,0.25168109972039304
21718,0.2610729485076416
21719,0.255916086412205
21720,0.2581904631385461
21721,0.25253709254171325
21722,0.2592934460643839
21723,0.25357853569150346
21724,0.25493896575866076
21725,0.25562450181032614
21726,0.2512773381540059
21727,0.25090540983113013
21728,0.25636319972440325
21729,0.2536445686509643
21730,0.2510209316796809
21731,0.2505992941385618
21732,0.24082886806701673
21733,0.2416510969608154
21734,0.2488082340947361
21735,0.25071975938281105
21736,0.2542980559368373
21737,0.2563241266795016
21738,0.24203125690570826
21739,0.24856148785325471
21740,0.25124373407245526
21741,0.23781192187582942
21742,0.2522271113989786
21743,0.24608281015467673
21744,0.2549756770493819
21745,0.2511800441934064
21746,0.24740036248139644
21747,0.24935683715122062
21748,0.24837961208481513
21749,0.25398067644664163
21750,0.24837940273278095
21751,0.24361445560690723
21752,0.2541060063293171
21753,0.2569415886360348
21754,0.2478297025635975
21755,0.24451417064543232
21756,0.2485088773744085
21757,0.24379831521262496
21758,0.2619177238189231
21759,0.25477939121517257
21760,0.24203687477763952
21761,0.25222006070090075
21762,0.24314210502321723
21763,0.25260708328205506
21764,0.25175710335284257
21765,0.25638658024005556
21766,0.2465103767057655
21767,0.2554137088512427
21768,0.2569984444368409
21769,0.2452818225074943
21770,0.2561184841129038
21771,0.26204202770083024
21772,0.2554759161057392
21773,0.26055144544058495
21774,0.2531717867721566
21775,0.2578399430124672
21776,0.2487712597354966
21777,0.2501312685926161
21778,0.2584378657624501
21779,0.2509824139394563
21780,0.24980791615541553
21781,0.2574602630979062
21782,0.2562758386057562
21783,0.25252827037076697
21784,0.25190257991312776
21785,0.25663877732444085
21786,0.24865817888573769
21787,0.24821587036297071
21788,0.2485764392197176
21789,0.2534780252785378
21790,0.25398756140498263
21791,0.2547155246553442
21792,0.2529262450320436
21793,0.24881119981358796
21794,0.2574630883120754
21795,0.25292846393335117
21796,0.24562907510535734
21797,0.2650051896143405
21798,0.24587633060006195
21799,0.2438415962913038
21800,0.24799506256167722
21801,0.24999626184011964
21802,0.25075404347253444
21803,0.25940063250112894
21804,0.2503316852010781
21805,0.2548019887829239
21806,0.25348674900504603
21807,0.24981333890821
21808,0.2504315965449739
21809,0.2562409582243081
21810,0.2431200452059749
21811,0.24329843343741062
21812,0.23877371365471114
21813,0.24992204935655274
21814,0.25467016953233756
21815,0.25434962788315046
21816,0.2567452211937761
21817,0.24667954983219403
21818,0.2460170147751887
21819,0.241587759093863
21820,0.25418191659777906
21821,0.2623288911473273
21822,0.2502470975886437
21823,0.24612920405809202
21824,0.24313263307620356
21825,0.24904582780918064
21826,0.2570091097891502
21827,0.25403393238336014
21828,0.25170470461688976
21829,0.24422422819223197
21830,0.25184135776694694
21831,0.25811490109031365
21832,0.2513670568863178
21833,0.25573995384159215
21834,0.24693266139072523
21835,0.2542148606920029
21836,0.2517411874251706
21837,0.25192486686474375
21838,0.2466438609404713
21839,0.24736309296263465
21840,0.2539410782084798
21841,0.24979307390984953
21842,0.2520854561952193
21843,0.2563057858651283
21844,0.2509457777162188
21845,0.2579960651506223
21846,0.2510167379828698
21847,0.2464457091915249
21848,0.246324934611759
21849,0.24958239585013983
21850,0.25191373293836683
21851,0.24578776549851428
21852,0.25947710317476963
21853,0.24815378940298263
21854,0.25172078949147997
21855,0.2470983301026959
21856,0.24683258222149854
21857,0.24631843937549755
21858,0.24809284001939585
21859,0.248388226404286
21860,0.2439353096910417
21861,0.24460098017132628
21862,0.2537637642018258
21863,0.24499098129791871
21864,0.2544707693863398
21865,0.24715272808607514
21866,0.2548671350832551
21867,0.24625243084067244
21868,0.25300269125876906
21869,0.24100650077963046
21870,0.24891428411227667
21871,0.23782798534890512
21872,0.25024312574929836
21873,0.25286889341007573
21874,0.24281660131708047
21875,0.2506676030722315
21876,0.2579129551191902
21877,0.25368063707137073
21878,0.2552796890245271
21879,0.2519965232867486
21880,0.24435762050604784
21881,0.24672210923092644
21882,0.24012369087719745
21883,0.24673020738892612
21884,0.24135338312526744
21885,0.24724547663369573
21886,0.24796379737240654
21887,0.24491226305983946
21888,0.24759997569239578
21889,0.24151604524664994
21890,0.25137065349331117
21891,0.25049281129154455
21892,0.252658611537232
21893,0.25316034024581474
21894,0.2530854404812841
21895,0.25164032534072045
21896,0.2492052859379494
21897,0.2518814638060918
21898,0.24871065022367614
21899,0.25605505537007184
21900,0.250862038895695
21901,0.25330526480282994
21902,0.242220811465259
21903,0.24638780440328664
21904,0.25128287710909697
21905,0.2581030249244537
21906,0.25356987448540713
21907,0.2526609714918165
21908,0.2592039009655997
21909,0.24985811484089687
21910,0.2542814399402418
21911,0.2518205763326091
21912,0.25205275763389107
21913,0.2539531862051874
21914,0.24411760036303648
21915,0.25337929948828763
21916,0.24503453377960252
21917,0.2509616544822893
21918,0.2524523110949969
21919,0.2518895769627865
21920,0.25247093078762045
21921,0.25655233233127767
21922,0.24781253613766288
21923,0.2576127892090217
21924,0.25490551917983784
21925,0.25861431293909565
21926,0.25475974870324275
21927,0.26313362367309323
21928,0.25530823719580287
21929,0.25957727740033026
21930,0.2596501125200111
21931,0.25093625313950374
21932,0.25002369344486286
21933,0.2540180981380038
21934,0.24415682687547913
21935,0.25910416598371244
21936,0.2521518051020228
21937,0.2593627173186923
21938,0.24829427169822207
21939,0.2516711569756785
21940,0.25865837584146834
21941,0.2457497097619312
21942,0.24763469128872004
21943,0.25234413639825026
21944,0.2472139105089122
21945,0.26145746432230943
21946,0.2605696225802608
21947,0.24978478541291815
21948,0.2511601039790232
21949,0.25191810394942693
21950,0.2454996504491901
21951,0.24872062058887745
21952,0.26366888236415487
21953,0.26043692453342365
21954,0.24898564235690437
21955,0.24848649848574095
21956,0.25755240562082354
21957,0.2573692713088676
21958,0.25411656699643476
21959,0.251689732094576
21960,0.2653126078557261
21961,0.25876149192456716
21962,0.2589872902466639
21963,0.2518660270835053
21964,0.24365363605487125
21965,0.25472083495941905
21966,0.2584971333651698
21967,0.2421469579594565
21968,0.2525133575880875
21969,0.25367392429692437
21970,0.2506517470037718
21971,0.2577550550862015
21972,0.2511008539034628
21973,0.24877111064659055
21974,0.254769727530822
21975,0.2557764328434703
21976,0.24982480120423348
21977,0.25017309382396025
21978,0.24515896565709225
21979,0.24463540921318783
21980,0.2359451922996646
21981,0.2454619828528605
21982,0.24259905876044308
21983,0.24983074786283316
21984,0.24568658295043683
21985,0.24795360561027277
21986,0.24755754858258422
21987,0.2515276944642594
21988,0.25118527708406263
21989,0.2517921209612138
21990,0.24374896110219751
21991,0.252056389022686
21992,0.25123597359523636
21993,0.24757590149937872
21994,0.2488250896734203
21995,0.2513201795032036
21996,0.25267024248741987
21997,0.2465858432496665
21998,0.2553367848376266
21999,0.2555784866577676
22000,0.2397988676222465
22001,0.2560992913363485
22002,0.23983052106000802
22003,0.25474847971709813
22004,0.25216052001352185
22005,0.2421089317585393
22006,0.2582177367899281
22007,0.25175799816644917
22008,0.2508240628084079
22009,0.2510974548306315
22010,0.24098975293658
22011,0.2394150411022897
22012,0.24478388498455986
22013,0.24864714113819322
22014,0.2507092382135827
22015,0.25023884193976714
22016,0.2522212687954107
22017,0.2520333998910625
22018,0.26054826920424323
22019,0.26246584353937524
22020,0.2528451264234605
22021,0.24724253516843597
22022,0.25393535838986114
22023,0.24897587404358296
22024,0.24756562416909036
22025,0.24749973756746527
22026,0.2440831699227925
22027,0.24850215713652923
22028,0.24855636245663712
22029,0.24683754480682354
22030,0.2455627489398789
22031,0.24021917839143028
22032,0.24446615519914858
22033,0.2504458430911125
22034,0.24678024414566826
22035,0.24496344562219816
22036,0.24369303660576982
22037,0.24716122342652558
22038,0.24577043029965778
22039,0.2509260253468517
22040,0.2429528690047112
22041,0.25350169051744664
22042,0.2549211347560262
22043,0.24967986665666633
22044,0.25019779315406915
22045,0.24998048691942065
22046,0.2526021098344031
22047,0.24939068066424677
22048,0.2523575009565794
22049,0.25584253267827844
22050,0.2517410877302395
22051,0.25184627412943056
22052,0.259021887005107
22053,0.2459301357249367
22054,0.25404260504544857
22055,0.2501225812938593
22056,0.2527074555668617
22057,0.25940642525976865
22058,0.24911120978662077
22059,0.2466270439104915
22060,0.24998001421763527
22061,0.25015963625534654
22062,0.2497377670570159
22063,0.24664850850972958
22064,0.24821387500275174
22065,0.2571097504945536
22066,0.25259538067233256
22067,0.258406981590683
22068,0.25150099187013725
22069,0.24823196239343845
22070,0.24943579132758165
22071,0.24333420953686768
22072,0.250266027817565
22073,0.2506364498467932
22074,0.2468044544458015
22075,0.2564850065145712
22076,0.259182885619094
22077,0.24698126690277833
22078,0.25827788410407526
22079,0.25500906251420463
22080,0.2516225821942684
22081,0.2565136158147387
22082,0.2540720946776703
22083,0.2623714951462594
22084,0.2564670562101931
22085,0.24669772022463235
22086,0.25255317334144
22087,0.25599244582303465
22088,0.2509668477967487
22089,0.25345215608827426
22090,0.2589397192167651
22091,0.24327983968365927
22092,0.25414355967081553
22093,0.24899995583223883
22094,0.24970115265632795
22095,0.25634451628153737
22096,0.25346086968496484
22097,0.2382096098877469
22098,0.2471280085730813
22099,0.25783404397597226
22100,0.24819392610025365
22101,0.246688950385641
22102,0.24554037411533722
22103,0.2464829331931977
22104,0.2493620294822689
22105,0.24476602358153082
22106,0.24468204017002831
22107,0.24603481709707836
22108,0.2441637261194474
22109,0.24094256444635268
22110,0.24652633601654755
22111,0.24944018749843097
22112,0.24357809659038962
22113,0.2506789678494163
22114,0.2444267463297312
22115,0.25498417218989816
22116,0.24054564221545527
22117,0.2412339561598542
22118,0.24523856451793052
22119,0.24806739774724273
22120,0.24189827782519427
22121,0.24587121004139434
22122,0.24513437695967807
22123,0.2482048936535555
22124,0.2462110838029192
22125,0.24132796975609624
22126,0.24646733774517662
22127,0.25719117524946905
22128,0.251426449931316
22129,0.25536285899935957
22130,0.2421199618603293
22131,0.24360063825613493
22132,0.24457025814086267
22133,0.2432084219596755
22134,0.2414937800206815
22135,0.24954773187984083
22136,0.2538602265741645
22137,0.2500051676723863
22138,0.24968159043019555
22139,0.2501285043798132
22140,0.25317956390424895
22141,0.24830544416125339
22142,0.24954979168468341
22143,0.2441862414381845
22144,0.24676503002042707
22145,0.25741093022117606
22146,0.2452928702703385
22147,0.25824180011412556
22148,0.2535562024281713
22149,0.23816888848051726
22150,0.2416430335433546
22151,0.24573519772843705
22152,0.24607185733967096
22153,0.24775844236436087
22154,0.25626326526227783
22155,0.24456785407105958
22156,0.2488452431367357
22157,0.2471464944432646
22158,0.2456867021932773
22159,0.2498114180088967
22160,0.25620670103195436
22161,0.24721715101352107
22162,0.24400898736563106
22163,0.2553588094465855
22164,0.2558171130122863
22165,0.2520848282989765
22166,0.25553211850029145
22167,0.24623517063417608
22168,0.25456801177540567
22169,0.2566999209364669
22170,0.2511262951339555
22171,0.2607961362494136
22172,0.2541873742855473
22173,0.2464322434346724
22174,0.2537766342320319
22175,0.2430045679814516
22176,0.24862000780486826
22177,0.2493527123076826
22178,0.2485343016548192
22179,0.2503384493786248
22180,0.25344825529967724
22181,0.24753048964880175
22182,0.25174592423346975
22183,0.246321287421423
22184,0.250239823631272
22185,0.24766250373486445
22186,0.24685730339259165
22187,0.24439853944723117
22188,0.2569398277256586
22189,0.2506687593441003
22190,0.2497025091237122
22191,0.25358313762525236
22192,0.2478342649334735
22193,0.25126473531688087
22194,0.2505929593290969
22195,0.24682220992580442
22196,0.2559531078137164
22197,0.2533230295370717
22198,0.24986832175120607
22199,0.2456793118699217
22200,0.25007757319832735
22201,0.24592503429151705
22202,0.25193656505581097
22203,0.25098352494473153
22204,0.24628791175854065
22205,0.2469162725083711
22206,0.244939434078194
22207,0.2583484216476764
22208,0.244359377032461
22209,0.24320530009850333
22210,0.24902117429470258
22211,0.251692640968153
22212,0.25014463685409866
22213,0.24329796331957093
22214,0.2472343505977097
22215,0.2438044637934259
22216,0.24708556676042676
22217,0.2523262095258131
22218,0.2444039853738227
22219,0.25316677388637476
22220,0.24974735919364893
22221,0.24783548656594215
22222,0.25433257353665545
22223,0.2483235778212785
22224,0.2498473236729682
22225,0.24308322682283115
22226,0.23704317018007115
22227,0.2419710005350851
22228,0.23726240858825887
22229,0.24310099734183563
22230,0.25875173132067025
22231,0.25662756971330153
22232,0.24556683078845623
22233,0.25739195844194646
22234,0.25375437566901055
22235,0.24972749763596075
22236,0.25368103886845583
22237,0.24836954824676954
22238,0.2535621342767587
22239,0.2462879618844858
22240,0.25950097650654597
22241,0.25052347220285437
22242,0.24424339080102908
22243,0.24509807121620658
22244,0.24606851250631373
22245,0.24441774892089602
22246,0.23529756691906586
22247,0.2487191255813782
22248,0.24932981543058325
22249,0.25958505902601814
22250,0.24795724711197897
22251,0.2648503820132124
22252,0.25574739390651596
22253,0.24664394903577835
22254,0.2508741293136452
22255,0.2543588561281451
22256,0.25028685821662267
22257,0.24637469737986142
22258,0.25583246380297014
22259,0.24856232517800622
22260,0.24846968619687135
22261,0.24330359454164505
22262,0.24328644346598927
22263,0.2517098738885696
22264,0.2450716915972693
22265,0.24579042047536018
22266,0.24558658731195523
22267,0.25044812457573123
22268,0.2602366991153852
22269,0.24828668779544677
22270,0.24801966360149527
22271,0.24956845148437548
22272,0.2360609216402589
22273,0.25514827662119205
22274,0.2420611236248692
22275,0.25355286225447576
22276,0.24640405513424837
22277,0.24130642304901379
22278,0.25461682093339977
22279,0.24564560318585718
22280,0.24932148017371406
22281,0.25592102507251807
22282,0.2549831292316127
22283,0.2550005668886273
22284,0.2529713417296458
22285,0.25462553933150106
22286,0.257168231202425
22287,0.24927521356521634
22288,0.24866489650665874
22289,0.25493301919353517
22290,0.25384879123126675
22291,0.24476695520006292
22292,0.2468072490198199
22293,0.24619780558448837
22294,0.24890483972075522
22295,0.25287074044325947
22296,0.23505359235464035
22297,0.2462773352149969
22298,0.24024576723135177
22299,0.24649399244182768
22300,0.24962315831836518
22301,0.24778862400218468
22302,0.2500267983253299
22303,0.24243728022860198
22304,0.2491268314993191
22305,0.24895014449470831
22306,0.2380624855871469
22307,0.25135051579875023
22308,0.2452613194282648
22309,0.2451055334585827
22310,0.24877721347496903
22311,0.2534013136429148
22312,0.25112477025418
22313,0.24306248324872293
22314,0.24592929288190335
22315,0.24769965637674166
22316,0.23479916363002976
22317,0.25123636747202527
22318,0.2444388017117847
22319,0.25313427337297906
22320,0.244011757313784
22321,0.2474019757091023
22322,0.24645433385686866
22323,0.24346042688711356
22324,0.24762818920199425
22325,0.24703770678061046
22326,0.24428360238058217
22327,0.2512742114647895
22328,0.2513070937095325
22329,0.24932767468375142
22330,0.2448929069384178
22331,0.24976306414792035
22332,0.25018358751026565
22333,0.2472063771719258
22334,0.24770687905539288
22335,0.23876526385376406
22336,0.24483504705089498
22337,0.24352190447377722
22338,0.2484471329501453
22339,0.253083959915506
22340,0.24650086250309947
22341,0.24257830141090775
22342,0.24644948383049226
22343,0.25000457652115704
22344,0.2580954407055432
22345,0.24600871992556902
22346,0.24778035907770304
22347,0.2518038589748657
22348,0.25603164991898486
22349,0.25085967945120047
22350,0.25596121027654023
22351,0.26214966305432097
22352,0.25822186182428614
22353,0.2505837206332068
22354,0.25498532443176775
22355,0.25341246008623813
22356,0.25883034101033375
22357,0.2616704735516083
22358,0.2510990148326346
22359,0.25004750166607176
22360,0.25111756811035413
22361,0.25412424712319537
22362,0.2528918542681916
22363,0.24693996451626002
22364,0.2538894561095015
22365,0.24189933982865694
22366,0.25269309886824715
22367,0.25908525595665
22368,0.25621533264424967
22369,0.250822799518286
22370,0.24801032469875176
22371,0.25519489993825634
22372,0.2518451481870773
22373,0.24582714768284541
22374,0.24566031442540773
22375,0.249200044067664
22376,0.2461456655462934
22377,0.25648502071904705
22378,0.2456569228090226
22379,0.24205048173851285
22380,0.24308905643918888
22381,0.24572809109907404
22382,0.2546946970930045
22383,0.25115154138036444
22384,0.24867894544191224
22385,0.24378586680765263
22386,0.24327175239360735
22387,0.24725330730431028
22388,0.24740314713091244
22389,0.2489752577147229
22390,0.2564032531475468
22391,0.2537435098821659
22392,0.2518939480822596
22393,0.2422407192833405
22394,0.24858971713667574
22395,0.248689516311578
22396,0.25146804025524067
22397,0.25549744393992774
22398,0.2495102169636143
22399,0.24142416125711907
22400,0.24767221311282098
22401,0.2413973325278661
22402,0.25226071460578425
22403,0.24403945136853883
22404,0.24443125508824656
22405,0.252416537434195
22406,0.25251646424991087
22407,0.2514253673132805
22408,0.2495303054755201
22409,0.24517288928507772
22410,0.24268140951954562
22411,0.250236798886311
22412,0.2570197351012376
22413,0.24697345956239322
22414,0.2519720116425892
22415,0.25945278395662913
22416,0.23694662880853798
22417,0.24338040730246144
22418,0.24287870659995137
22419,0.25398760106349266
22420,0.2484837493016589
22421,0.2529137841784968
22422,0.24718997119228703
22423,0.2469760370680822
22424,0.24912710953400402
22425,0.2546048578428065
22426,0.24258862137576848
22427,0.24218003722917006
22428,0.2455337374651994
22429,0.23848993912428637
22430,0.25774111716140896
22431,0.25274000487418785
22432,0.2561972190208232
22433,0.25106075400600686
22434,0.24926627890507172
22435,0.2536083941105879
22436,0.2406634758284185
22437,0.2502106295254365
22438,0.24571115549480313
22439,0.2548627552114077
22440,0.25005220507485226
22441,0.25547856318961554
22442,0.24436908121857812
22443,0.2381443955396964
22444,0.25295733165499257
22445,0.2445932081791327
22446,0.24517104699977446
22447,0.2437498638399427
22448,0.25590449310142066
22449,0.2482920676952884
22450,0.24353713742142502
22451,0.24632373661914034
22452,0.25056049640387684
22453,0.24442474242936668
22454,0.2547823693799436
22455,0.24840803655491417
22456,0.2536062001868456
22457,0.2533554862656454
22458,0.24526075179132933
22459,0.24887609617072187
22460,0.24627051019653154
22461,0.24715640091815408
22462,0.23859301723620965
22463,0.24990966542232665
22464,0.25126613897736927
22465,0.2502771865252317
22466,0.24530910380668822
22467,0.24402130701168367
22468,0.25509665305016693
22469,0.249956569231914
22470,0.25602635430665127
22471,0.24985799279768214
22472,0.24802620827476551
22473,0.2431460847896565
22474,0.24210355048254015
22475,0.239915492955226
22476,0.24427632821076808
22477,0.24333606526441143
22478,0.24791127680656785
22479,0.25007516584202655
22480,0.2537845008788958
22481,0.24448521993503208
22482,0.24719045760643915
22483,0.2497737020525157
22484,0.24289564324637722
22485,0.24049326228116233
22486,0.24863484139286496
22487,0.25196561285146396
22488,0.2505687243539622
22489,0.2444265985412446
22490,0.24726506343845536
22491,0.24467321543117063
22492,0.2427947633811949
22493,0.253841291966299
22494,0.24489896082799295
22495,0.25096188883119286
22496,0.24778078372169943
22497,0.24518718579274762
22498,0.2504032038559545
22499,0.24879974690555123
22500,0.25639395043191243
22501,0.25498567133482086
22502,0.24589671948553912
22503,0.2418572180769354
22504,0.24975503604534804
22505,0.24199517220842479
22506,0.24691606535385077
22507,0.2537100851394224
22508,0.24739152498569358
22509,0.2531067728622373
22510,0.24948831211887706
22511,0.2562119950437693
22512,0.24893243902474596
22513,0.2513653238042017
22514,0.24840220862819748
22515,0.24893053045453942
22516,0.2529067234328315
22517,0.2542203241719176
22518,0.25963612158604676
22519,0.2466755396038705
22520,0.2489871756235161
22521,0.2519335916965452
22522,0.25635291550576944
22523,0.25607515486726284
22524,0.25185924041193564
22525,0.25422844850131937
22526,0.24940134971399236
22527,0.2478468042052312
22528,0.2429316586481494
22529,0.24578071411228467
22530,0.25204568661655474
22531,0.24264759622730653
22532,0.2414568172500562
22533,0.24473415858247222
22534,0.2501185174466023
22535,0.24431451449685843
22536,0.24121152057379305
22537,0.2534336913745811
22538,0.24918318292705707
22539,0.24276259243014547
22540,0.2494413742241073
22541,0.240774739244339
22542,0.2441732249139927
22543,0.24958792516945014
22544,0.2580936849497664
22545,0.23928575137299113
22546,0.2505129387494231
22547,0.24962479989184072
22548,0.24018879574331786
22549,0.24283348091074097
22550,0.25198400383513186
22551,0.2510748996688637
22552,0.2504436556338547
22553,0.2520845378081688
22554,0.25250747285320535
22555,0.24768900515588066
22556,0.2435489208592528
22557,0.25780877384121037
22558,0.2479795881727152
22559,0.2384005958562049
22560,0.2512866619192921
22561,0.24616876562107498
22562,0.2516702972186522
22563,0.2511152346038781
22564,0.2526440874856774
22565,0.24532977503488224
22566,0.24581911568311335
22567,0.2421099772235073
22568,0.24834834246883683
22569,0.2547624746080772
22570,0.24582964742223207
22571,0.24171715960646292
22572,0.25370474008941896
22573,0.2491772287636894
22574,0.24803294430324735
22575,0.2515889258720608
22576,0.25049244965281675
22577,0.24950118658569645
22578,0.25358770078307463
22579,0.25371338148561473
22580,0.24158767479093193
22581,0.2410856734796325
22582,0.25665839395953177
22583,0.25245413291751895
22584,0.24352025728464577
22585,0.24712332104566154
22586,0.24679772699819089
22587,0.24145459040751957
22588,0.25232276068465637
22589,0.2482075712783176
22590,0.25116939478430184
22591,0.23746195504089138
22592,0.24816109136716905
22593,0.254661889237006
22594,0.24515216432827244
22595,0.24581586125306193
22596,0.25197935719108294
22597,0.2487919408701485
22598,0.24229936215215753
22599,0.24806213540888428
22600,0.24631851331573643
22601,0.24782403817092175
22602,0.25139519339772687
22603,0.24816693328207523
22604,0.25255907201529265
22605,0.24461076258502681
22606,0.2459505090993121
22607,0.24750837272178722
22608,0.2538459185814589
22609,0.24993266716849
22610,0.25513855587519574
22611,0.25019051761396477
22612,0.2528071458040844
22613,0.2543799714943701
22614,0.2455142552236308
22615,0.24916566048949235
22616,0.24872055472255383
22617,0.24949036983835202
22618,0.25118375009807026
22619,0.2476807333214244
22620,0.24535988416789162
22621,0.2537732823843981
22622,0.2477363829360615
22623,0.24494293037257855
22624,0.257442959297381
22625,0.24467107248638725
22626,0.2367775438730221
22627,0.24397132858004061
22628,0.2478972605837349
22629,0.2537378817262405
22630,0.25208469783675796
22631,0.23405875029588777
22632,0.24506390651025584
22633,0.2456796829279541
22634,0.2448406378164052
22635,0.2467326203532961
22636,0.25320360939912373
22637,0.2450152376562705
22638,0.24821443731989468
22639,0.24477552285374513
22640,0.23941759141751365
22641,0.24746189769695895
22642,0.24803195681149684
22643,0.252275885526249
22644,0.2519667969071167
22645,0.24388606530631435
22646,0.2558816318629562
22647,0.24994070287870068
22648,0.24716385952523148
22649,0.2547791428071792
22650,0.24266881135251836
22651,0.24595519110101896
22652,0.2409962093359736
22653,0.2447725652235739
22654,0.25457115833892113
22655,0.2480481880494732
22656,0.24944249819133085
22657,0.2481730391506466
22658,0.2407530109175707
22659,0.24313310407300218
22660,0.2419427388261475
22661,0.24366709755467303
22662,0.24332547986401448
22663,0.24832719994679217
22664,0.2531110306755392
22665,0.24359853857040834
22666,0.2552883776112713
22667,0.24888626799004268
22668,0.2533823156072357
22669,0.25507534794725817
22670,0.2545311617788334
22671,0.2496528678104626
22672,0.2515992039285014
22673,0.24411625031308848
22674,0.24538898267774284
22675,0.24515726225999313
22676,0.24771961830555236
22677,0.24780901532408062
22678,0.2509840445788867
22679,0.24492019359960934
22680,0.2443562824739378
22681,0.23870315848020526
22682,0.24444246123698612
22683,0.247131514731705
22684,0.24446189101862068
22685,0.24396260779520385
22686,0.23586697251374228
22687,0.2410900189468729
22688,0.24767676663151017
22689,0.25266473510311865
22690,0.2524351950410931
22691,0.25333330177372543
22692,0.24763611206032876
22693,0.2557132411133294
22694,0.2504703285460605
22695,0.25396615032454006
22696,0.25081441465033955
22697,0.24683795828911786
22698,0.24277510785151268
22699,0.24804490176094948
22700,0.24942299744227386
22701,0.25716704439129623
22702,0.24697067781993706
22703,0.24074495022430717
22704,0.2451965500845912
22705,0.24602521527941001
22706,0.2517857811682397
22707,0.24393691958811667
22708,0.24692146614081
22709,0.24190339335588099
22710,0.24453287891786019
22711,0.24906364874493903
22712,0.2446295818445701
22713,0.24093816136548402
22714,0.25083094773901116
22715,0.23856800619375898
22716,0.2531423523354918
22717,0.25079713821408867
22718,0.24511410379652018
22719,0.25357657090464897
22720,0.2511642982100927
22721,0.2525773549462913
22722,0.24687581136687944
22723,0.24247584012974488
22724,0.2512382732377727
22725,0.249025847181525
22726,0.2528251443958595
22727,0.2529727554177624
22728,0.253308530177527
22729,0.2572692445817912
22730,0.24832390992196438
22731,0.250462304619287
22732,0.2509225963177442
22733,0.25132623170115015
22734,0.24299284421512232
22735,0.2469590904761076
22736,0.24436592537914384
22737,0.2473417768384315
22738,0.24174509759920093
22739,0.2336760740885283
22740,0.24968127323507594
22741,0.23834027611715347
22742,0.2522266172844237
22743,0.25586435775165334
22744,0.24273148746327283
22745,0.24439390729712565
22746,0.24040228846569894
22747,0.25151172616353346
22748,0.23855957788969467
22749,0.2559909318914296
22750,0.24418215546366448
22751,0.24284063977340836
22752,0.24672537506930012
22753,0.24330395711347327
22754,0.2524739406821258
22755,0.24538386828710215
22756,0.24675428916275202
22757,0.24678258673851777
22758,0.24729872399195785
22759,0.24976845201768702
22760,0.25031725714665076
22761,0.2356219105868338
22762,0.24856480526993138
22763,0.25082367669732936
22764,0.2542036562932521
22765,0.25002412375517385
22766,0.242298709300895
22767,0.2528152714334568
22768,0.249646737475017
22769,0.2482981033381555
22770,0.2483193755447198
22771,0.24180617917645272
22772,0.2483356919439465
22773,0.2486180946172457
22774,0.25046804475202655
22775,0.24483850671554114
22776,0.24969675252738543
22777,0.2480020956644779
22778,0.25268385322892395
22779,0.2529943871910034
22780,0.2501420419709487
22781,0.24873318467137912
22782,0.25114273416257316
22783,0.2552689173696827
22784,0.24324666736008224
22785,0.2534396397260882
22786,0.23925533752878786
22787,0.2522130974248278
22788,0.24473432777655368
22789,0.24578753873703205
22790,0.2455793229208865
22791,0.2539695280227618
22792,0.2435973809503988
22793,0.25401553664145377
22794,0.2534371375490825
22795,0.24193692380726495
22796,0.25161675403479594
22797,0.25191106423501886
22798,0.2477168980766045
22799,0.2434472461519752
22800,0.2438315664756582
22801,0.24765867156330743
22802,0.243178050533063
22803,0.25327574861683594
22804,0.25223286371934867
22805,0.25279706822495696
22806,0.242791630047959
22807,0.24357922373310162
22808,0.25043820750268286
22809,0.24499544870900636
22810,0.24845355990533272
22811,0.24801353479353608
22812,0.2539097771750251
22813,0.24250828274763514
22814,0.2525490031584854
22815,0.2530867183354729
22816,0.24788985239421116
22817,0.2498975421921792
22818,0.25226261157085755
22819,0.24529333772557801
22820,0.24683561829591155
22821,0.25206610658352946
22822,0.2544399114519111
22823,0.24071459655930155
22824,0.24648076043488443
22825,0.24964609225902804
22826,0.25505745946757935
22827,0.2490494325304835
22828,0.25491652692431965
22829,0.2541032936998146
22830,0.2453458830584875
22831,0.2468218061371382
22832,0.23980610571179742
22833,0.25157666510709
22834,0.24398582654653278
22835,0.24992039517309264
22836,0.2556070123518689
22837,0.25648576705583376
22838,0.25443113640018084
22839,0.2535923544418832
22840,0.25023403692701146
22841,0.25178722594804454
22842,0.24375366152186498
22843,0.2618997277974875
22844,0.24671150072272258
22845,0.2526548417089289
22846,0.23472861553130325
22847,0.24819990467768105
22848,0.25210532460532636
22849,0.259632891415114
22850,0.24515592115960128
22851,0.2484157314461701
22852,0.2533918062785087
22853,0.24715403594724117
22854,0.24443358544024812
22855,0.24776842754881812
22856,0.2496372513020866
22857,0.24054785226260317
22858,0.24692879414425514
22859,0.23281138316439234
22860,0.24591444268378715
22861,0.246051170549486
22862,0.24330549628496545
22863,0.2512046124237009
22864,0.24811724068326785
22865,0.24712115729957423
22866,0.2362120836972469
22867,0.24548372093076698
22868,0.24455919162619055
22869,0.2445254664464932
22870,0.24324597887482147
22871,0.24518514705906763
22872,0.24891745984382047
22873,0.23823114877943607
22874,0.24672557644365897
22875,0.2519382220587709
22876,0.24832695588046289
22877,0.24953664400685796
22878,0.24061557348416818
22879,0.24032879816885502
22880,0.2478847697284934
22881,0.2486246119063017
22882,0.2511870112195676
22883,0.24823782128218597
22884,0.25292741748696607
22885,0.2450829879891192
22886,0.2431712160933666
22887,0.2472277273610562
22888,0.2545592923668104
22889,0.2455651057802713
22890,0.25025939039923206
22891,0.25740956465432097
22892,0.24205789716015041
22893,0.2416873601808064
22894,0.24572318858397801
22895,0.23715923283761992
22896,0.2377390903706169
22897,0.2385739539331703
22898,0.2540359578822052
22899,0.24350005614024808
22900,0.24529809235552802
22901,0.23231849465120727
22902,0.2353513592843431
22903,0.24161119278311058
22904,0.24532717288829786
22905,0.24738537030799168
22906,0.23753845963541104
22907,0.23591913375400417
22908,0.24732023547607268
22909,0.24176783211399963
22910,0.2449188590178772
22911,0.24748514281159714
22912,0.24438267491060175
22913,0.2544579739154412
22914,0.2436000615389305
22915,0.2428092976939232
22916,0.24040434108146547
22917,0.2493598510866651
22918,0.247854382438857
22919,0.2463354761152423
22920,0.24701543149924624
22921,0.2516153567538324
22922,0.2457079129128941
22923,0.23928716083821885
22924,0.24304064393905722
22925,0.24932277534140976
22926,0.24794253418440595
22927,0.24823110077692678
22928,0.2470224407035104
22929,0.24464639857818443
22930,0.2505803975459348
22931,0.24720177607382884
22932,0.25359264143400595
22933,0.2404453041025081
22934,0.24729260015237328
22935,0.24419046367578498
22936,0.24381379742655127
22937,0.2607168385985263
22938,0.2494096743235518
22939,0.24996129905553358
22940,0.2449836469516433
22941,0.24179147723783262
22942,0.24719459876571334
22943,0.2532129134647331
22944,0.2520617510833608
22945,0.2497706008634464
22946,0.2428940607741161
22947,0.24738219700972522
22948,0.2500352902766044
22949,0.2436977878706499
22950,0.24358996981043565
22951,0.24580964098750552
22952,0.25001998552989774
22953,0.252089279922305
22954,0.2448914933618019
22955,0.24710497451573118
22956,0.24499170852095567
22957,0.25389093474867463
22958,0.25395140525521986
22959,0.24922777800126655
22960,0.24622839379395417
22961,0.24605517646094396
22962,0.24645745157329152
22963,0.24461201859932868
22964,0.2542995208239049
22965,0.25093901000373886
22966,0.24360959774769986
22967,0.24610531871761293
22968,0.24463692512413743
22969,0.24964951272433963
22970,0.2553895921759648
22971,0.2571913548624058
22972,0.24033113718484192
22973,0.2464519195053257
22974,0.24711808990337664
22975,0.248231481722691
22976,0.24735094268813618
22977,0.23866329912958684
22978,0.24251410434678514
22979,0.2579960604641311
22980,0.24831539822798365
22981,0.24851493815620843
22982,0.24496005829699571
22983,0.25375434658263385
22984,0.24648665409800774
22985,0.24153465232730237
22986,0.24891362221939226
22987,0.23383660388432612
22988,0.2413142361044587
22989,0.23731930813724264
22990,0.2478683771484029
22991,0.246519379272344
22992,0.2500660165868453
22993,0.24085245259695418
22994,0.2527846008965711
22995,0.25060035352869914
22996,0.25404942517065393
22997,0.24972834475274996
22998,0.24331035457618264
22999,0.24022576982051166
23000,0.24967942559850123
23001,0.24130184589786854
23002,0.24632372182526951
23003,0.24271425592737209
23004,0.24399346622204066
23005,0.24879639997012906
23006,0.2480624938624512
23007,0.24401035674748883
23008,0.25163526801847536
23009,0.23640007121433065
23010,0.23716299835661425
23011,0.24480725816117532
23012,0.2515689571059441
23013,0.24725635902154117
23014,0.24712020436707366
23015,0.2608008569833985
23016,0.2518722790315871
23017,0.25210964686613
23018,0.24339267704203066
23019,0.24718246319134413
23020,0.24419255179106106
23021,0.24385542484891112
23022,0.24022036249762188
23023,0.2490968193162682
23024,0.25115118693778327
23025,0.24096263371464033
23026,0.25000750837282665
23027,0.23659173453123258
23028,0.23469389881499111
23029,0.24339141735193587
23030,0.24972576741082386
23031,0.24362288013952987
23032,0.24806080255696297
23033,0.24656396682667242
23034,0.24593756410575346
23035,0.25115789344396117
23036,0.25079156785977097
23037,0.2534990340816983
23038,0.24554567068388594
23039,0.2502804012868827
23040,0.2472128967561861
23041,0.2455311506086336
23042,0.24933504964395153
23043,0.2516615962788473
23044,0.24164635356679692
23045,0.24433919047754227
23046,0.251280833221442
23047,0.25036828830514096
23048,0.24332554929719236
23049,0.2379167189330649
23050,0.2533984334080871
23051,0.24528898906820024
23052,0.24146668684426845
23053,0.24043008696788207
23054,0.2403671168307046
23055,0.2427333621586805
23056,0.25364675214735644
23057,0.24087173256509736
23058,0.25089774763085343
23059,0.24080718178569713
23060,0.24191003241790687
23061,0.2506709182353131
23062,0.25322545031009897
23063,0.23999737590068204
23064,0.23718188927735515
23065,0.24638854776266225
23066,0.24454994621536236
23067,0.24178111705178737
23068,0.24390847939217122
23069,0.25001405696090084
23070,0.2521621899295972
23071,0.23991125986733589
23072,0.2449694940996304
23073,0.249452324783421
23074,0.24581538575642917
23075,0.24871810030008445
23076,0.241123065058711
23077,0.24435604386487797
23078,0.23883526026129398
23079,0.23613171882393094
23080,0.25081661612555417
23081,0.237668331265107
23082,0.24844803301918428
23083,0.2468032729771353
23084,0.24767808184475593
23085,0.24936718687484624
23086,0.24663862920672258
23087,0.2471890146993673
23088,0.24779137921708427
23089,0.24580337878883482
23090,0.2523823311770891
23091,0.2457418513190049
23092,0.25237840820492086
23093,0.24574712014158911
23094,0.2572525669695947
23095,0.2464525201252129
23096,0.2475646915621909
23097,0.2445873042650058
23098,0.23771741921584466
23099,0.24688701919579012
23100,0.23792153966851137
23101,0.247939523293736
23102,0.2430591194041251
23103,0.2480499794274796
23104,0.25363011012845843
23105,0.2413114251023168
23106,0.2581609774844133
23107,0.24531466358917098
23108,0.25468623530222734
23109,0.23783375207249005
23110,0.24849857694643718
23111,0.2477110482385954
23112,0.24548136425203634
23113,0.2557685443817929
23114,0.23865759211321597
23115,0.2493426289564523
23116,0.2410585631667054
23117,0.2377653192747692
23118,0.24979614271603803
23119,0.23982879022866455
23120,0.2547341520716552
23121,0.2430069354109059
23122,0.25306867273463624
23123,0.2454842334207108
23124,0.24814755572524277
23125,0.24616131415540823
23126,0.24776021541065213
23127,0.24669843387745954
23128,0.2426008467442921
23129,0.24933159003029415
23130,0.2534969330801132
23131,0.24462764803764728
23132,0.2408662986432539
23133,0.24538180897300405
23134,0.24604079983727323
23135,0.24023300449312962
23136,0.25248292731469996
23137,0.24574971069387733
23138,0.24598248658140268
23139,0.24517532304161022
23140,0.24889350398737528
23141,0.24794507495271015
23142,0.24259784032788864
23143,0.2479778653372381
23144,0.2487017791777733
23145,0.24220406718318388
23146,0.24611530321436723
23147,0.23982831372383237
23148,0.24577993133606343
23149,0.24344302828256095
23150,0.24563706510031516
23151,0.2429979306652059
23152,0.24349423640934972
23153,0.25451200116488626
23154,0.25872726885535513
23155,0.2475228850762434
23156,0.24802222131897347
23157,0.24248209082878242
23158,0.2484801305286424
23159,0.2461285283412929
23160,0.24367296314260395
23161,0.24034903515241882
23162,0.24371160987031865
23163,0.23826413154139242
23164,0.2571941729187897
23165,0.25043540359763866
23166,0.2521140426172772
23167,0.23889046228317126
23168,0.2474864362207212
23169,0.2391579640259088
23170,0.24342146747729848
23171,0.24219917339703187
23172,0.24215801527568512
23173,0.24761834747485378
23174,0.24525279188401647
23175,0.2543051719814946
23176,0.25727720146620403
23177,0.24728768952117192
23178,0.2406414035513583
23179,0.24871277100232023
23180,0.2436771709727272
23181,0.250356379211548
23182,0.236006659303445
23183,0.24385052447211156
23184,0.2478059751304359
23185,0.24063626640610505
23186,0.2509072128819816
23187,0.23394912847138363
23188,0.2431145321946014
23189,0.24619621091269825
23190,0.24437355979028974
23191,0.24739122155182586
23192,0.2477120762913128
23193,0.24608851602239754
23194,0.24557980650610248
23195,0.24949914529324177
23196,0.24729081983830092
23197,0.24527925684623889
23198,0.24568384162549936
23199,0.2416137364911824
23200,0.2430030608729698
23201,0.24520220304991383
23202,0.2467681775316558
23203,0.23076850685762043
23204,0.23755486073516435
23205,0.23862875141172935
23206,0.2518735593409088
23207,0.24999715253069546
23208,0.24595117880891085
23209,0.25298783456135837
23210,0.24264766272369107
23211,0.24662446551769962
23212,0.24021311837106443
23213,0.2502729628353873
23214,0.24139210869143585
23215,0.2417476172125202
23216,0.24404843698208967
23217,0.23065692048458988
23218,0.24786078158645905
23219,0.2414376960104201
23220,0.2421324157111175
23221,0.24567929503431998
23222,0.2395333798058991
23223,0.24302056627126234
23224,0.24621699913589956
23225,0.24445853299738013
23226,0.24045516060366323
23227,0.24434765397409292
23228,0.2429252179650654
23229,0.24378812008967715
23230,0.24597807489266446
23231,0.2421817992909355
23232,0.24983916775945933
23233,0.24957960525400003
23234,0.2397768570103792
23235,0.23651449914072306
23236,0.2508162639853523
23237,0.24487819730658153
23238,0.24619696567606073
23239,0.24255834069388083
23240,0.25232017255906997
23241,0.2418181409048286
23242,0.2441305117051009
23243,0.2456250916724298
23244,0.24792443685956833
23245,0.24955086624519598
23246,0.24045348955672266
23247,0.24103647088173058
23248,0.2381230570120916
23249,0.24327469045228398
23250,0.2359750711321398
23251,0.24308807359432585
23252,0.24126865412299547
23253,0.24349286258180758
23254,0.24292654338350733
23255,0.23697242409346253
23256,0.23858863783336762
23257,0.24228499074476212
23258,0.24868728782660285
23259,0.24231107496785723
23260,0.23252870701458245
23261,0.24290285966895478
23262,0.24570509640495067
23263,0.24958430684139016
23264,0.24606357410269006
23265,0.24180216426291756
23266,0.24534515667740653
23267,0.24371702530097356
23268,0.23947076109555618
23269,0.24210307982247023
23270,0.24084313007922192
23271,0.24850977920460626
23272,0.24326277512956423
23273,0.2476932997355197
23274,0.24441049168682655
23275,0.24818310369154178
23276,0.24735715438048017
23277,0.24137833796695815
23278,0.23918962743169522
23279,0.24799646342734
23280,0.2348571074123429
23281,0.24076203569552046
23282,0.24176898660932525
23283,0.24182739265033087
23284,0.24687403264778449
23285,0.24811710616339017
23286,0.23188750056645296
23287,0.252182812123193
23288,0.24416942687555268
23289,0.24380761660240532
23290,0.2506720251881582
23291,0.2523803367026206
23292,0.25853824151409627
23293,0.24672339016638956
23294,0.23841878198666142
23295,0.2426608875304565
23296,0.24227405503920443
23297,0.2455789094765934
23298,0.23867811677713885
23299,0.25544649468293845
23300,0.24431050313653918
23301,0.2490057208964754
23302,0.2442612102352474
23303,0.24303961195957793
23304,0.245492164183952
23305,0.24824696380002081
23306,0.23736172557821697
23307,0.246535912584311
23308,0.24522287736647022
23309,0.24363700890275114
23310,0.23910481041140055
23311,0.24147112182621475
23312,0.2516075924978451
23313,0.2556750340739151
23314,0.2544865939451751
23315,0.2511805532793454
23316,0.244107337888267
23317,0.2323817368823038
23318,0.2515765962286207
23319,0.24439337388548052
23320,0.2488403471600398
23321,0.24498098780793526
23322,0.24236118162285916
23323,0.24426729595486046
23324,0.24395973754500988
23325,0.23977032258867725
23326,0.2444477428013478
23327,0.24567019540062052
23328,0.25169250740164356
23329,0.25451734522970354
23330,0.25029620036285
23331,0.2457956578490066
23332,0.2444750029359428
23333,0.24687005119626065
23334,0.24718600349124414
23335,0.23914170407602447
23336,0.23955053369703644
23337,0.24327411077762867
23338,0.24276436947780855
23339,0.2420466512313457
23340,0.25305330163465906
23341,0.24960733074886715
23342,0.2461462065840607
23343,0.23408687876515685
23344,0.24854927730969384
23345,0.24789435528308051
23346,0.24357502476444934
23347,0.24266210323275217
23348,0.24388599330462327
23349,0.2429559872289864
23350,0.24796044049175817
23351,0.2517913643471178
23352,0.24624680218914413
23353,0.2413362294239574
23354,0.24768398945278605
23355,0.24938043540462682
23356,0.24074735395699234
23357,0.2490722346716899
23358,0.2511277210458962
23359,0.23621413203933073
23360,0.24273994418074193
23361,0.2413524989714624
23362,0.2472102827098046
23363,0.24700112421106
23364,0.24532833174350446
23365,0.24751452306524538
23366,0.24741569695533364
23367,0.2468855094539871
23368,0.24804626770798383
23369,0.24559397437748495
23370,0.25148924657490546
23371,0.2519198042563838
23372,0.2488730733135901
23373,0.24162873452516911
23374,0.24580246236511574
23375,0.24522831919979377
23376,0.2569973779588122
23377,0.2419527622042573
23378,0.24175922297811642
23379,0.24820098139603425
23380,0.2414696751727994
23381,0.22965665599094812
23382,0.24710063064538007
23383,0.24567990469288623
23384,0.24447887012632857
23385,0.242919189925201
23386,0.24278999671432394
23387,0.2452844616814823
23388,0.24083122132557858
23389,0.23842544383166817
23390,0.24051063356312155
23391,0.24220134928841058
23392,0.24391401269390836
23393,0.24050641203691558
23394,0.24145851292067252
23395,0.24809891196890993
23396,0.24841001054477974
23397,0.2419708067584827
23398,0.24764642362277178
23399,0.23756153184062037
23400,0.24691141248710372
23401,0.2458581744123145
23402,0.24929805783070594
23403,0.24604680626447284
23404,0.24652134891386898
23405,0.25448661480517437
23406,0.25160750527014636
23407,0.23891546087009544
23408,0.2552846474519429
23409,0.24726288558378692
23410,0.2375704266802495
23411,0.2386980060204662
23412,0.24584754253205657
23413,0.2423440494963093
23414,0.2419593613578447
23415,0.2525687887399958
23416,0.24485360214740198
23417,0.23499366733445212
23418,0.24272135114886756
23419,0.2419184311125478
23420,0.24007966655435084
23421,0.2368272031316166
23422,0.241934528063143
23423,0.2469640575777602
23424,0.24464141959348606
23425,0.244913927904562
23426,0.24457158032558476
23427,0.25769252874230475
23428,0.24380986717272893
23429,0.24689027696406454
23430,0.23645982117890132
23431,0.24485726233076724
23432,0.23931639540420116
23433,0.24420340386209272
23434,0.2449449051684443
23435,0.24770276799489174
23436,0.2460764768697536
23437,0.24150505492082558
23438,0.2433156109468317
23439,0.24173299611426557
23440,0.24391644192767026
23441,0.2364330108819189
23442,0.2471817148100823
23443,0.2443600260092553
23444,0.25037739555287525
23445,0.2432392007359504
23446,0.24215196031729092
23447,0.2456408394475156
23448,0.23861294358396148
23449,0.2473010084561916
23450,0.23577270329230976
23451,0.22941024345915836
23452,0.2377779708315551
23453,0.23786941329537556
23454,0.24357790573967011
23455,0.2483491934087412
23456,0.24674409055060287
23457,0.23969247417561604
23458,0.2372088660631737
23459,0.24625609063292864
23460,0.24056044196659698
23461,0.2387251815070189
23462,0.23693100984544527
23463,0.23797029033665407
23464,0.23912758064037695
23465,0.23768147032559364
23466,0.24302332160481974
23467,0.2473527902619491
23468,0.24112070529731675
23469,0.24556985846625065
23470,0.24876544182820384
23471,0.2407702881314039
23472,0.23753772481877078
23473,0.25075096996454305
23474,0.23898312359527904
23475,0.23924716629466675
23476,0.23477624863448998
23477,0.2505076338947605
23478,0.24462255020912138
23479,0.23713194724192357
23480,0.24275926049058952
23481,0.24827511395457103
23482,0.24695923968962769
23483,0.24348297330452753
23484,0.24697582967985923
23485,0.24251343201160247
23486,0.23937469753115811
23487,0.2537254150524033
23488,0.24403470019706466
23489,0.24204205960961975
23490,0.23666210467684531
23491,0.23919005869518273
23492,0.2494150377087095
23493,0.251427010194447
23494,0.23659101976917324
23495,0.2514811904469231
23496,0.24492880364664832
23497,0.23532594570465293
23498,0.2459899367273433
23499,0.24490452526197323
23500,0.23600646743845244
23501,0.2423981099023455
23502,0.2501574949493074
23503,0.23972464899527096
23504,0.24484624646179481
23505,0.240918722993502
23506,0.2500742101424777
23507,0.24362401428714778
23508,0.2457129870056608
23509,0.23945979108543736
23510,0.24305683184174523
23511,0.2365505292641015
23512,0.23898164329002874
23513,0.23778943732637814
23514,0.24203741228760406
23515,0.23734165924016842
23516,0.24607437384254374
23517,0.24274760253468403
23518,0.23332304580857566
23519,0.24367887432419388
23520,0.23927815018310167
23521,0.24207771889937033
23522,0.24460912377618949
23523,0.24377808005499152
23524,0.25555315388610195
23525,0.24762410933206694
23526,0.2487668431643164
23527,0.24678134852606054
23528,0.24058334223179334
23529,0.23318604926866646
23530,0.2441053277569458
23531,0.24021822068987075
23532,0.24764229271782345
23533,0.2439092161918995
23534,0.23851674687400315
23535,0.23612426171023082
23536,0.23748891655196835
23537,0.23705744463215114
23538,0.2511887008088601
23539,0.25228149666121436
23540,0.24820155855901763
23541,0.2346379073012334
23542,0.24485724686016724
23543,0.24147643970428107
23544,0.25037006625113917
23545,0.24526250543967865
23546,0.24813073534826902
23547,0.2508621221102151
23548,0.24730043511588956
23549,0.24577592751626454
23550,0.24280564435775123
23551,0.23480757937715702
23552,0.24493120303347068
23553,0.23930182111637524
23554,0.2427708548818324
23555,0.24472948837139608
23556,0.2463603339025029
23557,0.24327095713280425
23558,0.2387476640248461
23559,0.2373705043598079
23560,0.23754199699440046
23561,0.24694631259372615
23562,0.2408583008885139
23563,0.23963174942969462
23564,0.24283871674226085
23565,0.24767160510538597
23566,0.24850866146698822
23567,0.24155543820033568
23568,0.24504472474051694
23569,0.24350040035677234
23570,0.24289647520765464
23571,0.24326826955771408
23572,0.2424685452540906
23573,0.25292924470914163
23574,0.24218381839735617
23575,0.24011838163108296
23576,0.2368918655431867
23577,0.2377487476159022
23578,0.23783552474892536
23579,0.24822906979545448
23580,0.24043700403278853
23581,0.252477606596887
23582,0.24280333475834442
23583,0.24916855321653972
23584,0.24248066129715268
23585,0.23618033326918744
23586,0.2381343758018617
23587,0.2429738149834912
23588,0.24285877725924712
23589,0.23057797338986152
23590,0.23950475879754435
23591,0.24116499717525133
23592,0.25073567966770804
23593,0.24385968784820983
23594,0.2421432136921511
23595,0.2468655762088497
23596,0.24095866868331198
23597,0.24618774814281155
23598,0.247790471957807
23599,0.24064348330988025
23600,0.2345339880778189
23601,0.24610629950628604
23602,0.24458449392804812
23603,0.2407842629127194
23604,0.24806447155044314
23605,0.24389251391268463
23606,0.2452336482106124
23607,0.2518402479161077
23608,0.24569970669426028
23609,0.2501446193591002
23610,0.2431394426290532
23611,0.2445233273559708
23612,0.24247246354346083
23613,0.23514660301067125
23614,0.24526546960614912
23615,0.2523768146164912
23616,0.23094125816029004
23617,0.24404727857397718
23618,0.24255819674092322
23619,0.24339108650879657
23620,0.2352950421237613
23621,0.24062300469930747
23622,0.24034383466320336
23623,0.24492197742028984
23624,0.23869606369009727
23625,0.24991923168561173
23626,0.24614626506313994
23627,0.23731550684332
23628,0.23854029623671866
23629,0.25175241558696704
23630,0.2472897775391408
23631,0.24870734902801253
23632,0.23771040012227287
23633,0.23716831636677663
23634,0.24218085537824302
23635,0.24168318744529563
23636,0.24567760688640303
23637,0.25103626165347154
23638,0.24278586715639633
23639,0.24125822175744013
23640,0.2433454177487458
23641,0.23324123502766156
23642,0.23643032176377488
23643,0.2330661804158579
23644,0.24172779553757945
23645,0.24294678619842128
23646,0.2336326588539437
23647,0.24257656717607498
23648,0.23690733579460993
23649,0.24049244442296774
23650,0.23661047855324882
23651,0.23597082065418593
23652,0.23577615313097514
23653,0.24730531928281227
23654,0.24202805849133857
23655,0.24200784126372205
23656,0.24288601000373672
23657,0.23747398721375879
23658,0.24126550501522406
23659,0.2431501211240159
23660,0.23567290679101208
23661,0.23479186553407785
23662,0.2387247701683223
23663,0.24102611118958475
23664,0.2463634087252264
23665,0.23993631469541069
23666,0.24705880182081394
23667,0.23853082012699633
23668,0.24394549293929071
23669,0.24256746541907098
23670,0.24265986827681543
23671,0.2420347514842606
23672,0.24823725637502222
23673,0.2517078639917015
23674,0.2410365163466064
23675,0.24502476182072724
23676,0.24352994611369813
23677,0.24928253725803168
23678,0.2356852079870321
23679,0.2342105152084075
23680,0.23157176748688166
23681,0.24466437917493286
23682,0.24541943041557018
23683,0.23258917928108266
23684,0.2357680670382237
23685,0.2350985744312208
23686,0.23802264910411583
23687,0.23622705849122816
23688,0.23784414354760286
23689,0.23192994663126842
23690,0.23436278566648852
23691,0.23598215950110651
23692,0.23807029082089393
23693,0.2381845144319174
23694,0.24407211125287848
23695,0.24820570849781143
23696,0.2400882466063583
23697,0.23809183064739425
23698,0.23820855220976547
23699,0.24273325798328876
23700,0.24317842536153436
23701,0.24782642708059077
23702,0.2437110521261591
23703,0.2457921703275315
23704,0.24093491414693652
23705,0.24471942703142877
23706,0.24291899262481945
23707,0.24133662191094996
23708,0.23996248196713624
23709,0.2473522157795155
23710,0.23972037459374382
23711,0.24789655268267333
23712,0.24251236891378256
23713,0.2368016211999618
23714,0.2413448310329571
23715,0.2575175228420819
23716,0.25094145902942155
23717,0.2459700434416358
23718,0.2526711013764242
23719,0.24786051069277545
23720,0.24518394214813666
23721,0.24017308188628042
23722,0.24525512370571345
23723,0.23966827564674079
23724,0.23745052455631463
23725,0.24034297887878528
23726,0.24375414084523425
23727,0.23512242852315565
23728,0.24598068170520895
23729,0.24665989399612648
23730,0.24018678201269425
23731,0.24707667156207022
23732,0.24579613047812565
23733,0.24355309266434122
23734,0.24251280975719156
23735,0.24193117058811586
23736,0.24243628050837623
23737,0.23712949181515477
23738,0.2425640625111875
23739,0.23802341977781477
23740,0.24014578885631077
23741,0.23513230925387593
23742,0.24224070325724387
23743,0.24008446121075924
23744,0.23460139935893637
23745,0.23296733496701288
23746,0.24031645838129576
23747,0.2461468276036077
23748,0.23901379416214366
23749,0.23696643824088282
23750,0.24015581387114993
23751,0.24535870613605376
23752,0.24036742461713617
23753,0.23529852809132082
23754,0.23514671843092366
23755,0.2463294933991172
23756,0.24607750846676882
23757,0.24447805960835003
23758,0.2402821643240376
23759,0.24005817278113
23760,0.23542617541532587
23761,0.2425864189048729
23762,0.24074619802015818
23763,0.25017235993591286
23764,0.23634479958310037
23765,0.24420895201181012
23766,0.2471958748931795
23767,0.24723902811613976
23768,0.24604883456604737
23769,0.23469167962398785
23770,0.2426909842672195
23771,0.24504898328382443
23772,0.24829620676845274
23773,0.2425641592901765
23774,0.24467265215488368
23775,0.23733182436810474
23776,0.24148197912784206
23777,0.23744306204796084
23778,0.24882219641160336
23779,0.2436678608975867
23780,0.24005999142483442
23781,0.24552357388400306
23782,0.23747641058311944
23783,0.23787488879893398
23784,0.24394901280843723
23785,0.24529064229511685
23786,0.241666649253368
23787,0.25320303222968216
23788,0.24468275218063332
23789,0.24513289477343048
23790,0.24461631699912295
23791,0.2462665873231214
23792,0.24345868178427596
23793,0.23644078721956951
23794,0.24965916713143593
23795,0.24319462992214558
23796,0.2458140724886405
23797,0.2476145320919046
23798,0.24290742041549757
23799,0.24070438959314533
23800,0.2467997122813923
23801,0.24472289639394762
23802,0.2338557148876823
23803,0.248104290827807
23804,0.2487261698852475
23805,0.23941716040188388
23806,0.2350039760489242
23807,0.24024033092367728
23808,0.24227525859127996
23809,0.24165271777621383
23810,0.2514699451747393
23811,0.2406388647775452
23812,0.23777009337444868
23813,0.24773463260943365
23814,0.24447657810521764
23815,0.24545056333354148
23816,0.2469800526343062
23817,0.2465132189136056
23818,0.23993790383240535
23819,0.24164165355142467
23820,0.2425544215230929
23821,0.23936600528590796
23822,0.24825520984076752
23823,0.25378337129603235
23824,0.24397291065572388
23825,0.2483068073690223
23826,0.24517263487135035
23827,0.24446241764852822
23828,0.2400438134107216
23829,0.2455344784699944
23830,0.2331553939930247
23831,0.23249457608905855
23832,0.23185942824507308
23833,0.24697933339342076
23834,0.24335864266107363
23835,0.2476158867781833
23836,0.2407197992024364
23837,0.23875179566354002
23838,0.23481467338386872
23839,0.2328843042461156
23840,0.2284169499269831
23841,0.24709587277078826
23842,0.24199000155083394
23843,0.2489593071139102
23844,0.23419619419475735
23845,0.23449661409335135
23846,0.23946863411004674
23847,0.23938250555571713
23848,0.24342838170261227
23849,0.23257942002553655
23850,0.23906939020037093
23851,0.24062286343717776
23852,0.23904001068232697
23853,0.24861682267697383
23854,0.25268679057912463
23855,0.24091580995230535
23856,0.2397535335338647
23857,0.24525707337557726
23858,0.24801487074347153
23859,0.23530315821092807
23860,0.23732094754183264
23861,0.23926298426184256
23862,0.23945294731503416
23863,0.24867470297833777
23864,0.24883793547140687
23865,0.2441397973109088
23866,0.23620909593839365
23867,0.25036933075163104
23868,0.25200538889889823
23869,0.24293417085979851
23870,0.2472874895832374
23871,0.23479051679367738
23872,0.23584672390932718
23873,0.24229979303307222
23874,0.24366020140666628
23875,0.2399690483147977
23876,0.2433739251876469
23877,0.243182541918694
23878,0.23734516049375748
23879,0.24656841202132493
23880,0.23722594545875636
23881,0.2430927100911034
23882,0.2492819068972144
23883,0.2500270488134478
23884,0.24402476215616156
23885,0.23689258399315066
23886,0.24916234161375894
23887,0.2526594570503975
23888,0.24597948373201087
23889,0.23600533977801375
23890,0.24140935526351562
23891,0.24007923897687913
23892,0.23745067842341538
23893,0.24705241111519285
23894,0.2398374263978109
23895,0.2420748522414674
23896,0.23800507824232464
23897,0.2370143303187073
23898,0.23948109781494065
23899,0.24800223547888728
23900,0.24699442666405566
23901,0.23345113476974588
23902,0.24500094922290538
23903,0.2481318279332944
23904,0.2365625397580767
23905,0.23780058585136776
23906,0.24663327129928322
23907,0.24028261008146287
23908,0.24822279901020078
23909,0.2395587626981416
23910,0.24207936232625404
23911,0.248024740046892
23912,0.24032860419716195
23913,0.22953802517704716
23914,0.2427464992766092
23915,0.24624890788835369
23916,0.24401222483063234
23917,0.24596836914165537
23918,0.2469881807504611
23919,0.24777345347950105
23920,0.23870652273280202
23921,0.24848566086999094
23922,0.2390395733107231
23923,0.2409283866432135
23924,0.23548391299140195
23925,0.2431474910023939
23926,0.2341019171829706
23927,0.2400975112702965
23928,0.24250107290328318
23929,0.24204208412075803
23930,0.24251680856706256
23931,0.24913053444477162
23932,0.2434607300015169
23933,0.24481074478791742
23934,0.2394969895248047
23935,0.23701894713623672
23936,0.23791907516761204
23937,0.24136355011883423
23938,0.2470484462684427
23939,0.24763880932374896
23940,0.23697757596933716
23941,0.24540657706447946
23942,0.2387868198745126
23943,0.23835862669770497
23944,0.2378646926212077
23945,0.2404823252274758
23946,0.23049357405007495
23947,0.24244585051392906
23948,0.232835850395242
23949,0.24109178595935463
23950,0.24969471365672297
23951,0.2519395747742362
23952,0.25234382588971904
23953,0.24568886959313246
23954,0.24112264533478595
23955,0.24836272853651914
23956,0.24971062558257287
23957,0.24721241433561045
23958,0.24925913443823242
23959,0.243773707075802
23960,0.2448956324452693
23961,0.23165686786107476
23962,0.23008845467520667
23963,0.2367479667522387
23964,0.24374352807141653
23965,0.24558128879230345
23966,0.24827162931921176
23967,0.23150713594768138
23968,0.2369735185547119
23969,0.23402155259694238
23970,0.24072247004115607
23971,0.23463611917416155
23972,0.24318138539021558
23973,0.24596431755266338
23974,0.2441567049519734
23975,0.23695647107635592
23976,0.23750807431576096
23977,0.23530286805620068
23978,0.2371745062058296
23979,0.24425841826082834
23980,0.24500219257478958
23981,0.2343375903484997
23982,0.24111557456562713
23983,0.2438656887475118
23984,0.24683309686922997
23985,0.23770685185395346
23986,0.23978979779761084
23987,0.23895223250937064
23988,0.23771589614898092
23989,0.24495608645221084
23990,0.24089455607941918
23991,0.23899858434925997
23992,0.23903695872170933
23993,0.23987104508282062
23994,0.22864761513042325
23995,0.23941598835274674
23996,0.23466986913975135
23997,0.23471548192040614
23998,0.2419051126411453
23999,0.24198718442214484
24000,0.24672799545263707
24001,0.2369905000841269
24002,0.24149035540825475
24003,0.2387490248754903
24004,0.2482203883734063
24005,0.23913717759714806
24006,0.23484367546665322
24007,0.2485422227434408
24008,0.24225621377296538
24009,0.24496631512208683
24010,0.24775616531847944
24011,0.2495469128870623
24012,0.24154236544956043
24013,0.24185534625571858
24014,0.24356484425945046
24015,0.2406613869148669
24016,0.24241305930474769
24017,0.24703306155898316
24018,0.24091346134266092
24019,0.23527704526665136
24020,0.23991252903453583
24021,0.24506318684070424
24022,0.23757640080328657
24023,0.25274730813473045
24024,0.2443279674208833
24025,0.24023105479671933
24026,0.24851492712626327
24027,0.25161045323368547
24028,0.23882956805214822
24029,0.24603546646329208
24030,0.2474855854020809
24031,0.2494838575337462
24032,0.25947552892450043
24033,0.24997634951478512
24034,0.23851626089801536
24035,0.24020503037271287
24036,0.24485832847492878
24037,0.24238525177397693
24038,0.2503146303119108
24039,0.23682637331880932
24040,0.22813693485654812
24041,0.2350464232934389
24042,0.2484501914057521
24043,0.2368012742862607
24044,0.24105164994171555
24045,0.23958940784717897
24046,0.24597412279970826
24047,0.2534725853445361
24048,0.24955914095844636
24049,0.23397546290942606
24050,0.2412037711951346
24051,0.2475663674070653
24052,0.23896371814715164
24053,0.24224677434327538
24054,0.24238993864908448
24055,0.23688286936980257
24056,0.2396727458801655
24057,0.2471739556394752
24058,0.2353182931822204
24059,0.24799365528964898
24060,0.23379478067059675
24061,0.23825859487273018
24062,0.23868493998104376
24063,0.2373928942913488
24064,0.2446757011341647
24065,0.25355047349132154
24066,0.2406751087125976
24067,0.24508581551517655
24068,0.2377420418744602
24069,0.2414026354010345
24070,0.24751718227434444
24071,0.24292031163797959
24072,0.23932975295180536
24073,0.24202887130011433
24074,0.23232731266555615
24075,0.24800914534327756
24076,0.24338329745635812
24077,0.24336893286934613
24078,0.24095742089490751
24079,0.24183679405759043
24080,0.24621316409252578
24081,0.24152383030137795
24082,0.24222516942286776
24083,0.2369209133208662
24084,0.24476136958533495
24085,0.24327909970691447
24086,0.23920242384747284
24087,0.23008801507398632
24088,0.2401536681749646
24089,0.23763329149435025
24090,0.2421930351150353
24091,0.24308999117693683
24092,0.23370946910249993
24093,0.24324248947547913
24094,0.24784928166785802
24095,0.2434158530465419
24096,0.24331191621965034
24097,0.2438834886976588
24098,0.24345569054038563
24099,0.24477552128269617
24100,0.23553086748198315
24101,0.2315784310073109
24102,0.2394269454659082
24103,0.23676844634787514
24104,0.24318718345557977
24105,0.23974259917211396
24106,0.24383983575501234
24107,0.2423636701704975
24108,0.24305131811982808
24109,0.24076338512654125
24110,0.24338399777231534
24111,0.23805354682606042
24112,0.24507734818258806
24113,0.24018939422482677
24114,0.2388634467844859
24115,0.24250523003661031
24116,0.24008556438830125
24117,0.2405944174465297
24118,0.2419665887508944
24119,0.24809694360174372
24120,0.24687984363438928
24121,0.24433145239990745
24122,0.24144519670653433
24123,0.23742918631306834
24124,0.23958299306241918
24125,0.23499809369223618
24126,0.23612152268166361
24127,0.24972004742039444
24128,0.23503463050844206
24129,0.23795443340436118
24130,0.2420013626424385
24131,0.24602026539444788
24132,0.24990122033101358
24133,0.25024035135071643
24134,0.24073202027736368
24135,0.24160759298167242
24136,0.23527470995530114
24137,0.25388758090491464
24138,0.24260140880939698
24139,0.23835363084651043
24140,0.24192696928541207
24141,0.2455594930306154
24142,0.2332281404648865
24143,0.2424230758142862
24144,0.2493451010251308
24145,0.24179185982898485
24146,0.2382328995366221
24147,0.23215418160439918
24148,0.24005275138475007
24149,0.24089438152020615
24150,0.24150231013797877
24151,0.24232504228712323
24152,0.23565618275071265
24153,0.23675788000223602
24154,0.24324665934277262
24155,0.24285993721574553
24156,0.23851367574862575
24157,0.23487437710102047
24158,0.24179545170273145
24159,0.24486760245759132
24160,0.23602298664941876
24161,0.23424382986211653
24162,0.2365335755877226
24163,0.23644644555948316
24164,0.2386846472709337
24165,0.2343813672044818
24166,0.23654765193843072
24167,0.23256707287083092
24168,0.24110095375477872
24169,0.24284323592536927
24170,0.24333161644532308
24171,0.24091384013617562
24172,0.23526104147519514
24173,0.23851147302657189
24174,0.23398753012334164
24175,0.24584606370823575
24176,0.23800018090774683
24177,0.2363203000690964
24178,0.23685941305366248
24179,0.24593493428008992
24180,0.2433775854273032
24181,0.2425756698187217
24182,0.24498862314554157
24183,0.250963539889865
24184,0.24557164402855594
24185,0.24354179246883895
24186,0.24654539058962738
24187,0.23751665790118504
24188,0.2331351100029351
24189,0.24968047482280342
24190,0.25294594909439105
24191,0.24254556279888564
24192,0.2445528392169021
24193,0.24464339189487558
24194,0.24689385676524458
24195,0.23862483820754035
24196,0.248017709819037
24197,0.23701753299496334
24198,0.2356831183172307
24199,0.2382275528281028
24200,0.23483796840680216
24201,0.24211780135950742
24202,0.250545675781483
24203,0.2381339153573533
24204,0.24439038140802774
24205,0.247882078617144
24206,0.2496035168250965
24207,0.24875147977978398
24208,0.24868603540318635
24209,0.2361895984235246
24210,0.23669931256211507
24211,0.23643910928413753
24212,0.2472145866103209
24213,0.24260028510477236
24214,0.23885347867731385
24215,0.2321274592797323
24216,0.23530691052920044
24217,0.2434949558369703
24218,0.2357300878199052
24219,0.24519785575691325
24220,0.25329621396990254
24221,0.23912441302785128
24222,0.23585217484998086
24223,0.23965122477521852
24224,0.24347093911396564
24225,0.24178233085703926
24226,0.2392760179539379
24227,0.2419373970566379
24228,0.237870174929095
24229,0.2410064885785194
24230,0.23567406180876635
24231,0.23120716727970328
24232,0.23328141445240516
24233,0.24100659420404902
24234,0.23976624966638957
24235,0.2378157112093113
24236,0.24149256996331803
24237,0.2371884293818831
24238,0.2399571596785663
24239,0.23769096756207733
24240,0.24024886635252835
24241,0.2284336092834359
24242,0.2315551019435077
24243,0.2341936318088494
24244,0.2310226655507908
24245,0.2358881264716147
24246,0.23541415859076956
24247,0.23080058497208508
24248,0.22753670818710678
24249,0.2353088276738941
24250,0.24095427690729504
24251,0.23790156067441098
24252,0.2458237674115413
24253,0.2251602595611389
24254,0.23979793354560566
24255,0.23975196397057644
24256,0.24622648364603633
24257,0.23885416863305733
24258,0.24709366351207457
24259,0.23715266237290583
24260,0.23828175098589832
24261,0.25303447409603125
24262,0.2474185639463752
24263,0.2401800149104722
24264,0.24162884609700366
24265,0.2376600087892935
24266,0.24413086341470383
24267,0.24041675589336936
24268,0.24183072448517542
24269,0.24460325755716533
24270,0.23596252222701503
24271,0.24059058945102332
24272,0.2497285662080182
24273,0.2459181454376392
24274,0.23636593981578313
24275,0.24237340965174883
24276,0.24121309746381805
24277,0.23671602110933895
24278,0.24497346615426263
24279,0.23718831621853337
24280,0.25007927139292396
24281,0.23951144218387188
24282,0.2420196950282425
24283,0.24026175091835855
24284,0.23648824528345402
24285,0.2431358091685387
24286,0.2508579638730636
24287,0.24536700812366294
24288,0.24051298250852693
24289,0.23739848119677193
24290,0.24124692214570742
24291,0.23844222041101829
24292,0.2402596727592388
24293,0.23642686367684468
24294,0.2478063876693784
24295,0.24499164834502937
24296,0.23787447276408333
24297,0.23831231104150405
24298,0.2294078354603893
24299,0.22777048824535262
24300,0.23251432554818205
24301,0.2401743239393984
24302,0.24329235395637652
24303,0.24231511030908953
24304,0.25029678858380966
24305,0.239326782325858
24306,0.24619062210510895
24307,0.24236142854133977
24308,0.2375749236909689
24309,0.23947024721089205
24310,0.24261922869708225
24311,0.23686590727330953
24312,0.24204122275376652
24313,0.23651437702895664
24314,0.2379846450933848
24315,0.23731257975714476
24316,0.24071465540454795
24317,0.23222151038555697
24318,0.23095613352584382
24319,0.2323934071957438
24320,0.23801446025691284
24321,0.2360168426502272
24322,0.2473256411666258
24323,0.24067512510518072
24324,0.25104943799900614
24325,0.2451496520205028
24326,0.238214559452808
24327,0.23667722488100054
24328,0.24518406397834386
24329,0.24245666627971382
24330,0.24680293444431886
24331,0.24149139476939227
24332,0.2472446679271623
24333,0.23984241828886266
24334,0.24214328162553586
24335,0.24372157305965125
24336,0.2398976223126835
24337,0.24117987057747586
24338,0.23821457810990226
24339,0.24448643886902882
24340,0.2448741258385483
24341,0.23894794024435587
24342,0.24001403135178528
24343,0.240311664101801
24344,0.23924369114870175
24345,0.2447936697966998
24346,0.2305366573378062
24347,0.227482910233428
24348,0.23767107854172842
24349,0.24422237207184516
24350,0.24133853666182895
24351,0.2521924592248301
24352,0.24416424852072657
24353,0.2423940424723881
24354,0.2391960199267871
24355,0.23475091514458882
24356,0.2379511551348312
24357,0.24680659331018093
24358,0.23982108464484003
24359,0.24122545453633046
24360,0.23641194290073317
24361,0.24387068143974483
24362,0.24104424795347296
24363,0.24295589700138717
24364,0.2356102223451392
24365,0.24198499659435785
24366,0.24126775075164134
24367,0.23626525976235402
24368,0.24360091127579728
24369,0.2405448433121671
24370,0.23856563335306424
24371,0.23362021621992957
24372,0.23815302605587982
24373,0.24588104471415928
24374,0.23493615119769687
24375,0.23299448175601498
24376,0.23312728681624692
24377,0.24278946575853502
24378,0.23657815887394767
24379,0.23775763998698785
24380,0.24730315345020132
24381,0.23714769957542964
24382,0.23365183753273297
24383,0.23776012822055786
24384,0.23397512510276383
24385,0.23725662954265503
24386,0.2323932624916559
24387,0.23213667026575746
24388,0.2395751753491791
24389,0.24521519188141555
24390,0.2349987231997505
24391,0.23929393303678242
24392,0.23737336770860992
24393,0.23167114952620182
24394,0.23721827835202913
24395,0.23298633304846406
24396,0.23341097236237487
24397,0.2343412605412584
24398,0.23428600399766303
24399,0.24436766805734542
24400,0.231321321174003
24401,0.24464748501634667
24402,0.2452046993961735
24403,0.24762425725587708
24404,0.23324510744157884
24405,0.23353972161322822
24406,0.22742983033076974
24407,0.23455025481857097
24408,0.23888955034252177
24409,0.2402970614137255
24410,0.2414176580073217
24411,0.24062588416246503
24412,0.2393308134744533
24413,0.24405925406420423
24414,0.23092515174462716
24415,0.24014574522584103
24416,0.2504617726850247
24417,0.23973324077526265
24418,0.2437888536978034
24419,0.23335054475486475
24420,0.2368256990902264
24421,0.23746882252798124
24422,0.23865932737823978
24423,0.2437226478813281
24424,0.23951164915938786
24425,0.2310323785481178
24426,0.23590853558973077
24427,0.2378128896478631
24428,0.24300566135530052
24429,0.2522806099738153
24430,0.2450782684529257
24431,0.2421434681102796
24432,0.2492578970145222
24433,0.2323155666543445
24434,0.2445789995307172
24435,0.2424014662543188
24436,0.2384069948336688
24437,0.23212747782740142
24438,0.23000611738322946
24439,0.2345061594914416
24440,0.2353011568347231
24441,0.24234285256980956
24442,0.2375892105429268
24443,0.24485011233059015
24444,0.23783629836093798
24445,0.2322149203536536
24446,0.2435606485911563
24447,0.23649524279145567
24448,0.2332254823990876
24449,0.24104070104769865
24450,0.2368755269638374
24451,0.23214458155085194
24452,0.2385977397510937
24453,0.2370382389253997
24454,0.22958175956256516
24455,0.23111266599337638
24456,0.2317676121922031
24457,0.23683446160345298
24458,0.24043803210840564
24459,0.24243343217770014
24460,0.2403683081463376
24461,0.23924082311217748
24462,0.23166933394571204
24463,0.23630337773832666
24464,0.23429687231680038
24465,0.2436805486548939
24466,0.23492453431486365
24467,0.23853731161550498
24468,0.24607938066141816
24469,0.23745925336450666
24470,0.2313201808139912
24471,0.24230469055456147
24472,0.23762811193403724
24473,0.2348444839133886
24474,0.23416242707048915
24475,0.23290954666499064
24476,0.23088410409523707
24477,0.23322247460790857
24478,0.2361972197821441
24479,0.2329130560863026
24480,0.23546692949113224
24481,0.23153415595141993
24482,0.24280524795567845
24483,0.2392962881787809
24484,0.2423990575795865
24485,0.2402554902403936
24486,0.24344949646475778
24487,0.23871264885840407
24488,0.24072234904646056
24489,0.23714244014184568
24490,0.24673199205140303
24491,0.23209214887975063
24492,0.24197656590867467
24493,0.24671665377231095
24494,0.23289188476440784
24495,0.2427146646691035
24496,0.2381857460266905
24497,0.2337140319934033
24498,0.22364021878720985
24499,0.22605242759861485
24500,0.23087219456667332
24501,0.23223222007565736
24502,0.23773787734391297
24503,0.23323873332436
24504,0.2401869803210193
24505,0.2323056151012426
24506,0.23085788108770647
24507,0.24238213244168919
24508,0.23657533844464967
24509,0.2438405825202932
24510,0.23725266172999904
24511,0.24640983961217486
24512,0.23391840223999516
24513,0.2431739644181303
24514,0.23533676446172266
24515,0.23659864196462116
24516,0.24815982836992992
24517,0.23873196634364038
24518,0.23969426896822618
24519,0.24031556070819254
24520,0.23491904521331455
24521,0.23978463535981887
24522,0.25102012538127855
24523,0.24430731249291537
24524,0.2418615050130765
24525,0.24563934677686283
24526,0.24699928538986635
24527,0.2462485188557096
24528,0.23826428168200733
24529,0.23574730707008937
24530,0.23995211398849356
24531,0.23814769101701486
24532,0.2355341749883812
24533,0.2389481053989051
24534,0.23722458858669523
24535,0.24660434152433766
24536,0.2460529025468594
24537,0.24031929535364788
24538,0.23529088834815312
24539,0.24609185170691275
24540,0.24150196565771423
24541,0.24173763131799508
24542,0.23128682054863084
24543,0.22663322125430835
24544,0.22991951857743395
24545,0.24060833916833205
24546,0.2475174485463454
24547,0.23681211020891427
24548,0.24329897560375996
24549,0.23916193230500485
24550,0.24955870910467548
24551,0.23214218688630606
24552,0.2309844034154721
24553,0.24583936547016544
24554,0.23282729495874216
24555,0.23354136485376525
24556,0.2365901344836236
24557,0.24125772921406577
24558,0.2305961339122347
24559,0.23553843110851802
24560,0.24282913408437898
24561,0.23241963859552484
24562,0.23882792481724138
24563,0.23062213206283158
24564,0.2309215158455177
24565,0.23873914486091294
24566,0.2444417295588115
24567,0.2423788400308185
24568,0.24619130466653108
24569,0.2488882723206071
24570,0.24445647317822505
24571,0.2429633443991475
24572,0.23378387389900213
24573,0.24196100551462318
24574,0.2488259146809027
24575,0.2389417048754831
24576,0.23827650518767976
24577,0.24091818545976149
24578,0.23850521690741572
24579,0.24070177829920306
24580,0.24735361994186397
24581,0.246182499694254
24582,0.2430242416486182
24583,0.24386144867971798
24584,0.2426824962745194
24585,0.23924248640417364
24586,0.24247468398495917
24587,0.24541646713249962
24588,0.24954915699965055
24589,0.2444932533315013
24590,0.23825418648825722
24591,0.23965282673989213
24592,0.23669780139565788
24593,0.23683477444992018
24594,0.2374136267498642
24595,0.24130136704245966
24596,0.23765079381066498
24597,0.2457430052242505
24598,0.23130975581570576
24599,0.23772369906301916
24600,0.23731673401350087
24601,0.2398455236753394
24602,0.24501515288685377
24603,0.24590173740747887
24604,0.23341116261634673
24605,0.24643309810414843
24606,0.2428122668815571
24607,0.24877703254133798
24608,0.23882817285913943
24609,0.23805336201485702
24610,0.23921071812254646
24611,0.24259662455989944
24612,0.2467252463053245
24613,0.24814718045695586
24614,0.24084273318145102
24615,0.24684977235559782
24616,0.25049544396539086
24617,0.23980691248926136
24618,0.24028515090644056
24619,0.22584401044650368
24620,0.2405936391939057
24621,0.23834623075905642
24622,0.23168893088437023
24623,0.23526662803748927
24624,0.23688073139250637
24625,0.2502222474713445
24626,0.24192646443282476
24627,0.23263355874866137
24628,0.235453766167818
24629,0.24142309075933788
24630,0.2352037161636301
24631,0.2463440807903324
24632,0.23483520356198986
24633,0.23998670154895801
24634,0.2351376885800735
24635,0.2345566134846048
24636,0.23622896386612754
24637,0.23176430013158528
24638,0.22834408562753436
24639,0.24374395919531408
24640,0.23159016197723314
24641,0.2429038722405607
24642,0.2370149416646799
24643,0.24387081401783733
24644,0.23776768285818947
24645,0.24145559324485055
24646,0.23506270987893607
24647,0.22793656249858943
24648,0.2356851982781592
24649,0.24217967382746225
24650,0.24358269772323488
24651,0.22713952000490917
24652,0.23336464600791376
24653,0.23136005678658053
24654,0.24037939963854396
24655,0.22679727864708
24656,0.23371376440186473
24657,0.2389807620586735
24658,0.24283439799928916
24659,0.2429139543861954
24660,0.24001278043585542
24661,0.23522208741676387
24662,0.23541210546596392
24663,0.24125236757299182
24664,0.24265693896453616
24665,0.2329747252564823
24666,0.23399327712898152
24667,0.2384468415718978
24668,0.23715106647558562
24669,0.23493043440897932
24670,0.23625724256407363
24671,0.228124238831677
24672,0.23969009324362994
24673,0.2346367993469068
24674,0.23159386000831658
24675,0.2355212424501265
24676,0.23829122011153445
24677,0.2425076417474063
24678,0.23622292147258867
24679,0.23759417804090502
24680,0.23234022617887787
24681,0.24902795780832718
24682,0.22655591434696415
24683,0.24041074164441556
24684,0.2339638501466981
24685,0.23340096874516034
24686,0.2418682253988513
24687,0.24716420604367598
24688,0.23110813055960366
24689,0.23707206118968735
24690,0.23270979347727475
24691,0.2277837767290923
24692,0.23562424001644758
24693,0.2435668344863596
24694,0.23682836620934378
24695,0.23879387735806137
24696,0.24366109327301977
24697,0.23406911377900622
24698,0.23346846352727885
24699,0.2337887265097873
24700,0.2327616661699681
24701,0.23497629005593676
24702,0.2233519684842798
24703,0.23075139790304394
24704,0.23839334564896966
24705,0.229231354258158
24706,0.23925809723187513
24707,0.22915298592884098
24708,0.22713424895168544
24709,0.23838169351279379
24710,0.23426724525221748
24711,0.23204133088646098
24712,0.229294903113249
24713,0.23438532751271057
24714,0.24204826375736768
24715,0.23243180318549714
24716,0.2356271503301279
24717,0.23900409220456725
24718,0.22711737783693112
24719,0.23376187210249766
24720,0.23398155921554717
24721,0.23322481163908992
24722,0.2372541200598021
24723,0.23357107974134647
24724,0.2405013986449348
24725,0.22783316310125273
24726,0.23845166602397683
24727,0.23103998960727706
24728,0.22830873821040742
24729,0.2344164497880575
24730,0.245454791652224
24731,0.24024081291097976
24732,0.23621742489067318
24733,0.2302589099097588
24734,0.23129547855751828
24735,0.23953030266896033
24736,0.23449865736256148
24737,0.23207303559435627
24738,0.23136789095866223
24739,0.23851339857720197
24740,0.23174031907518483
24741,0.23086313386277887
24742,0.22863294849637036
24743,0.23742792554595984
24744,0.23688551796731264
24745,0.2354575690882041
24746,0.23799684743654528
24747,0.23555277043585846
24748,0.23257381142010683
24749,0.22912528963726678
24750,0.23718624227430898
24751,0.23671987661289232
24752,0.23275070251147814
24753,0.24116230088079102
24754,0.23842648597993377
24755,0.23358608161244745
24756,0.24207923527199102
24757,0.2371155328110046
24758,0.23774402798962688
24759,0.23643568066857512
24760,0.22793620256535088
24761,0.22952751338451183
24762,0.23183523567219588
24763,0.23748311933809285
24764,0.22720526213406342
24765,0.23579426928906957
24766,0.2321594183237576
24767,0.22766462600791335
24768,0.2271058164110147
24769,0.23154475474071762
24770,0.23616791211912744
24771,0.23812480708171757
24772,0.23863836161405658
24773,0.2349408173724632
24774,0.23177232714671392
24775,0.23457474093815145
24776,0.2364110457220143
24777,0.2361685094232345
24778,0.24543099806487215
24779,0.24029275538705908
24780,0.2387908210692219
24781,0.24445118536694233
24782,0.24382344277957602
24783,0.24250653316318824
24784,0.23203490730105314
24785,0.23906236500744402
24786,0.2444221363370225
24787,0.23773146824939917
24788,0.23515756282770783
24789,0.23938618983951557
24790,0.23424404531389412
24791,0.2440827229904115
24792,0.2394539350683282
24793,0.2345257132867488
24794,0.2369584369296253
24795,0.2420600730747151
24796,0.24030597808713697
24797,0.23964866127655146
24798,0.2394059887891295
24799,0.245013466859481
24800,0.2343169970188522
24801,0.23112622682612954
24802,0.23637215455764593
24803,0.23208341375292144
24804,0.24628833300610095
24805,0.24536122105274352
24806,0.2357394923429449
24807,0.24104599920012684
24808,0.23850131950797496
24809,0.2461509565092036
24810,0.23412597341712038
24811,0.23317689311814646
24812,0.23381456443387275
24813,0.23271793702352428
24814,0.24073431575662732
24815,0.24792167291415143
24816,0.2419493500925231
24817,0.23954135895873274
24818,0.23235700797084322
24819,0.22920936537360095
24820,0.24322200326219362
24821,0.2344679329034433
24822,0.23517858917931916
24823,0.23985482024647028
24824,0.24400838238485262
24825,0.2374837889418416
24826,0.23646986990895874
24827,0.24465399401442484
24828,0.2327102533632634
24829,0.2487539983688888
24830,0.24147518196720982
24831,0.24237711894671574
24832,0.23874390549421504
24833,0.24134346960302458
24834,0.23922745779836285
24835,0.24358172675197612
24836,0.2335544651341485
24837,0.23440802046094664
24838,0.23922528717958916
24839,0.24255726248651238
24840,0.2307854098702787
24841,0.23899363211478675
24842,0.2434496701554206
24843,0.23403198196436528
24844,0.23769339964010125
24845,0.24081913641855413
24846,0.2307036225076948
24847,0.22842798628245375
24848,0.23651740209643465
24849,0.2362436261541931
24850,0.244682253631493
24851,0.23951865227987904
24852,0.2351819175754069
24853,0.2417298417366113
24854,0.24681708841161848
24855,0.24321520212007333
24856,0.2353674041611245
24857,0.23609990482844473
24858,0.2379508520834734
24859,0.2419282055146973
24860,0.22676486585221112
24861,0.22949073948676033
24862,0.23275818407282847
24863,0.24283702385224365
24864,0.23572287299786512
24865,0.22701474930133425
24866,0.23326945921321546
24867,0.23917176758854483
24868,0.23802932200443272
24869,0.23687089452046567
24870,0.2396157158138783
24871,0.23541405476714794
24872,0.23260879865355347
24873,0.23139399360732904
24874,0.2356257669620032
24875,0.24746221336069615
24876,0.23515677005719288
24877,0.2425487831175684
24878,0.2375544424465109
24879,0.23404190410868375
24880,0.23815837212094723
24881,0.23691204462317159
24882,0.23824476651484738
24883,0.23501750319685324
24884,0.2379789919592216
24885,0.23244280682301205
24886,0.23832568422671505
24887,0.23507258269940345
24888,0.2358249297805907
24889,0.23561452357303295
24890,0.2355398947859396
24891,0.23923752959053216
24892,0.24411539070541455
24893,0.24184748711768142
24894,0.2329771761801005
24895,0.22737686587243594
24896,0.2425448268471388
24897,0.24113313240806883
24898,0.23313337504916667
24899,0.23355754231476575
24900,0.23200380845370594
24901,0.22960560902267071
24902,0.23712380922493612
24903,0.23902261772525651
24904,0.23837222668347308
24905,0.22926420549322318
24906,0.23429761559507176
24907,0.22428542063020568
24908,0.22589743555713515
24909,0.22901276237793766
24910,0.2351653588342726
24911,0.23076451908255535
24912,0.23182911557176744
24913,0.2404192526186051
24914,0.2330835583739721
24915,0.23648033467206542
24916,0.23387822871357247
24917,0.23597681814333152
24918,0.23640081280090616
24919,0.24719633105789124
24920,0.23800820135054676
24921,0.23670178237352626
24922,0.23969596833918877
24923,0.23931673548052004
24924,0.23609764372109687
24925,0.23564145056611838
24926,0.22904366128252643
24927,0.23285085175403375
24928,0.2250557940378149
24929,0.2353006006485612
24930,0.23481634181949051
24931,0.23712272476698168
24932,0.23973138185657106
24933,0.22980445102711608
24934,0.23084249454794442
24935,0.23678125960165552
24936,0.2386748785412769
24937,0.24204744998620745
24938,0.24438084218104822
24939,0.23463726897996365
24940,0.23064980950918113
24941,0.23768397346995976
24942,0.24155495161228227
24943,0.2368121470078216
24944,0.23720785665529479
24945,0.24637723585686874
24946,0.24077454802118095
24947,0.2368364689482221
24948,0.23467031281961492
24949,0.237742653070403
24950,0.24091845480402518
24951,0.24366943546691405
24952,0.23548840585173228
24953,0.2301336661411142
24954,0.23638094599534773
24955,0.2424178579462296
24956,0.2344312060000504
24957,0.23526109441041848
24958,0.23477124643650193
24959,0.24092491962009296
24960,0.23204186301416374
24961,0.23129534603406704
24962,0.23539896152499024
24963,0.22884137664172907
24964,0.23965649563306
24965,0.23515888914044278
24966,0.2343353974790301
24967,0.2312051663747326
24968,0.24254020712176952
24969,0.2368271085137364
24970,0.238765507084233
24971,0.23690434809666291
24972,0.24392672085055467
24973,0.23876129289830558
24974,0.2319953931476798
24975,0.22740324132778994
24976,0.2444204812166709
24977,0.23882350739184766
24978,0.23392378226849941
24979,0.2415337018085821
24980,0.2380993074700029
24981,0.24377423541647741
24982,0.22846369774404585
24983,0.23015326042663414
24984,0.22950960452424088
24985,0.23547881464402182
24986,0.23390407702808777
24987,0.22275619692720347
24988,0.2293823677243925
24989,0.22753112364898617
24990,0.22191361366122328
24991,0.2337681410364293
24992,0.2333906343999917
24993,0.233339643976854
24994,0.2345901918313047
24995,0.2275182844911551
24996,0.22659857627197735
24997,0.2267335596741909
24998,0.2329608246046367
24999,0.24215956374856815
25000,0.2386345827498297
25001,0.23121054102752361
25002,0.23838056636742097
25003,0.2297953749075475
25004,0.23490398972616328
25005,0.24666609661071828
25006,0.23263904251429898
25007,0.23911748364918015
25008,0.2303147776215687
25009,0.23679528282277143
25010,0.24422334425110934
25011,0.2424242709406221
25012,0.2386221462102162
25013,0.24032731641867539
25014,0.24988703656481254
25015,0.2450501876705694
25016,0.2390241013265393
25017,0.24176295133399645
25018,0.23054905148572233
25019,0.22996816306511142
25020,0.2364131870088845
25021,0.2312664329057442
25022,0.23123350872813653
25023,0.23515605846915122
25024,0.22370481574527482
25025,0.24297110949423018
25026,0.23947498625583752
25027,0.23178073583662076
25028,0.23141630378583677
25029,0.22838402016996248
25030,0.23866959673087923
25031,0.23742775887281503
25032,0.24353237801458988
25033,0.22547642269245305
25034,0.2379776006306021
25035,0.22931461240191578
25036,0.2334826724599319
25037,0.2335023859941776
25038,0.23465343963022256
25039,0.23408354658280975
25040,0.24167857626042177
25041,0.23839013649960683
25042,0.23318518738259825
25043,0.23771709888068426
25044,0.2383649905610166
25045,0.23727504823301918
25046,0.2358579959282605
25047,0.2389560468430018
25048,0.2366018495399744
25049,0.24289378637632988
25050,0.24795459633396888
25051,0.231113324876612
25052,0.24205321395094695
25053,0.2408164195739822
25054,0.2335050383805701
25055,0.23025495885582406
25056,0.22909898184342115
25057,0.2219383858302286
25058,0.22457622692799645
25059,0.24335873979406786
25060,0.23888105996483638
25061,0.2398757565962917
25062,0.233189036347963
25063,0.2290888596472119
25064,0.23903894589869695
25065,0.23430785062279286
25066,0.23393671895563475
25067,0.23115964116818433
25068,0.23101251918098398
25069,0.23343548929001232
25070,0.23768532326418118
25071,0.22986352333743687
25072,0.23248584187547777
25073,0.23482980792047012
25074,0.24954312743219423
25075,0.23452539234853012
25076,0.22832703346728578
25077,0.23554859038020473
25078,0.235539540263058
25079,0.23113664884554425
25080,0.23127540493628804
25081,0.23920282825119693
25082,0.21789823594269514
25083,0.2283259943038512
25084,0.2299998636446067
25085,0.22833491324389302
25086,0.22537814397799788
25087,0.2219829176530769
25088,0.2352824268755178
25089,0.2414115038761347
25090,0.232839446167381
25091,0.23449093393463255
25092,0.23500769062934448
25093,0.22929197286026476
25094,0.23340948822445703
25095,0.23701742195770725
25096,0.24029768238567065
25097,0.23975190125043816
25098,0.2443006940231965
25099,0.23516885391067197
25100,0.23445482532941617
25101,0.2301237421811806
25102,0.2367165993945431
25103,0.22854579084207896
25104,0.22661462227792373
25105,0.22695828890513345
25106,0.240026947957989
25107,0.23662104394869612
25108,0.23412855040700684
25109,0.22987557792440605
25110,0.23289317918039684
25111,0.2359128148595771
25112,0.2355677478347326
25113,0.2389168314680243
25114,0.23446147487895438
25115,0.2264865208498487
25116,0.22892031365720442
25117,0.22983858834396767
25118,0.23209455487926806
25119,0.23175140109078465
25120,0.2345027190875982
25121,0.22697634320595533
25122,0.22640117558021672
25123,0.23768154993149904
25124,0.2302401576039795
25125,0.23763220797112275
25126,0.23850463931984633
25127,0.23794055046146262
25128,0.23113771150197718
25129,0.2296206300011637
25130,0.23392943892901885
25131,0.23374561194597995
25132,0.23362048065102659
25133,0.23271039524910317
25134,0.23833816668290148
25135,0.24026067797146394
25136,0.23557531503463644
25137,0.23909711282170354
25138,0.23185602221406365
25139,0.23785839367031114
25140,0.23670886606796665
25141,0.2318204613964045
25142,0.23544796702517704
25143,0.2264949979197598
25144,0.24708124709422363
25145,0.22770460962789052
25146,0.2342578286217009
25147,0.23567578316847712
25148,0.23091252512377627
25149,0.22826747783128085
25150,0.23366325988739511
25151,0.23832072946604718
25152,0.23365672500691517
25153,0.23982552111315053
25154,0.23581097847107516
25155,0.23423759608787928
25156,0.23651783581015864
25157,0.22465937061721306
25158,0.22666613489671167
25159,0.22570916185291118
25160,0.23212720366022027
25161,0.23181874449376094
25162,0.23411294916401293
25163,0.22425668304047847
25164,0.22708554278650186
25165,0.2318818154041314
25166,0.23109697137845422
25167,0.23351679490409002
25168,0.24223438367150976
25169,0.23388266412986877
25170,0.23856458910940137
25171,0.22843471118486844
25172,0.2319317379520925
25173,0.23304610111710727
25174,0.22946872499014082
25175,0.23137510154784655
25176,0.2223098702882124
25177,0.23126848456273336
25178,0.2258836611486991
25179,0.23088543422243496
25180,0.22888306691745772
25181,0.2297264741842152
25182,0.2318105951076748
25183,0.22610215254308472
25184,0.23192725595619987
25185,0.22846915558653355
25186,0.22006943468396403
25187,0.2267010451163767
25188,0.2257381562400762
25189,0.23155905890751244
25190,0.23252986319004884
25191,0.23502139878749304
25192,0.2343392573246713
25193,0.2332078884791045
25194,0.23412430709154936
25195,0.2279960511348872
25196,0.24519858668213504
25197,0.2290679219964136
25198,0.2422925326763574
25199,0.23336530343647097
25200,0.23794658357282839
25201,0.23676197251150824
25202,0.23262528545487984
25203,0.23250462094457267
25204,0.2332531491193455
25205,0.23172980339925237
25206,0.23449434360185223
25207,0.22869674476639232
25208,0.2336408985863162
25209,0.22864603410518958
25210,0.2370721946395634
25211,0.23153247850637626
25212,0.22653698857940277
25213,0.2325737889408319
25214,0.2282047728944437
25215,0.22414337523936947
25216,0.23680084615325744
25217,0.23853889054580327
25218,0.22988116063934966
25219,0.23786562759904425
25220,0.2364744832228231
25221,0.2347928168913309
25222,0.23690366872381163
25223,0.22390767800066794
25224,0.2294689340425619
25225,0.2339699326512433
25226,0.22451693825426866
25227,0.2367343110850864
25228,0.22853397371112863
25229,0.22693553431061556
25230,0.2312114252200162
25231,0.2337413619309291
25232,0.22729116388183632
25233,0.22666206992534266
25234,0.23521955687177987
25235,0.23353443390213607
25236,0.2304536516072849
25237,0.23773991119140742
25238,0.22514932410714894
25239,0.23401221315638027
25240,0.22798067724820648
25241,0.2258002621192407
25242,0.23680907949947447
25243,0.22404357890170132
25244,0.23434774381811568
25245,0.23897998365908002
25246,0.2325773263800496
25247,0.24123362998412476
25248,0.22648380721821734
25249,0.24651900766201584
25250,0.23736803066541906
25251,0.23122807787493274
25252,0.22850116116089342
25253,0.2255044013591906
25254,0.2281069560773962
25255,0.22679814757371936
25256,0.2271828367557525
25257,0.23815074887954119
25258,0.22797179743750837
25259,0.23428533794646544
25260,0.22726559818371525
25261,0.22165334296770442
25262,0.2367907624481832
25263,0.2264536648533466
25264,0.2237654625749182
25265,0.2331406815250636
25266,0.2301419323819921
25267,0.23270507142310326
25268,0.23120136940182506
25269,0.23097441463693044
25270,0.23595698507678223
25271,0.22223139279990814
25272,0.23435033818864065
25273,0.22202099496395525
25274,0.23371241990867517
25275,0.22115089432217747
25276,0.22379297575132412
25277,0.230594989170414
25278,0.23151945728880569
25279,0.22589439884195261
25280,0.23642638360861096
25281,0.22856605097700805
25282,0.22505190124775903
25283,0.22453699478368946
25284,0.23512416483347368
25285,0.23276538264089544
25286,0.23611234695405914
25287,0.23412432531907623
25288,0.23681020283690135
25289,0.23058709546904993
25290,0.23024105466904032
25291,0.23030448496097594
25292,0.22309749663817607
25293,0.22502497323770013
25294,0.23309437348920742
25295,0.23439346943980574
25296,0.23230422874090154
25297,0.22553232117279773
25298,0.23264905030052346
25299,0.2209182205046399
25300,0.23095024764528962
25301,0.2281072532349744
25302,0.23825070052876832
25303,0.22899609038119284
25304,0.22883297557350543
25305,0.2329726807378473
25306,0.23051967636638251
25307,0.23108542208923633
25308,0.2334438307802025
25309,0.22451627324856646
25310,0.22900158927315586
25311,0.22542177536982455
25312,0.2269913581607594
25313,0.22569705516936575
25314,0.23750354107934793
25315,0.22700379918654726
25316,0.23302744425392652
25317,0.23385263918671895
25318,0.22110514691357133
25319,0.23460352858414768
25320,0.22630116930434663
25321,0.22940066513128196
25322,0.22470576834433306
25323,0.22837241825264148
25324,0.22234203673408492
25325,0.22455166801399645
25326,0.22879445061972492
25327,0.23561778746847473
25328,0.23179867223078648
25329,0.2418014878382088
25330,0.2321827462902594
25331,0.23728129085182464
25332,0.23172687050478785
25333,0.22802024315553746
25334,0.2304649522594421
25335,0.22624253035381298
25336,0.22681922921328776
25337,0.22988383098271994
25338,0.2331116386044011
25339,0.22789696475151663
25340,0.22524892955824513
25341,0.22707377196043038
25342,0.22332191770917595
25343,0.22947343294813038
25344,0.23062781193188991
25345,0.22145584678349978
25346,0.22817067077681444
25347,0.2299322074168834
25348,0.2347538132039719
25349,0.229893918619928
25350,0.22294650042876563
25351,0.23461112005571275
25352,0.22468067684222587
25353,0.23105030215232866
25354,0.22334779057500687
25355,0.22066996975954592
25356,0.23295215081095003
25357,0.22228041212764885
25358,0.23685108829343654
25359,0.22082299469191335
25360,0.23271585363896646
25361,0.22594798651257156
25362,0.22514650391104551
25363,0.23005980461497944
25364,0.22878084405942514
25365,0.22842975129021134
25366,0.22229400925363266
25367,0.23236386126473466
25368,0.2306684631422969
25369,0.23314663469070845
25370,0.2232112112663841
25371,0.23223358637428138
25372,0.2361147615666153
25373,0.23184116366294638
25374,0.23614332804694957
25375,0.23533721676676125
25376,0.22279675011505268
25377,0.23475599255329663
25378,0.22548414243259646
25379,0.22939826892682016
25380,0.2335590588178881
25381,0.2406238956906433
25382,0.226879496611634
25383,0.22176060941070988
25384,0.22960991928213625
25385,0.2307059881722442
25386,0.23403053462530682
25387,0.23412929472921457
25388,0.2361401403382842
25389,0.23433150845660544
25390,0.22760863654131328
25391,0.23255088468537297
25392,0.23105183609951646
25393,0.23742629430785275
25394,0.22437778730688254
25395,0.23121677028939175
25396,0.22170836340272326
25397,0.22692660912429363
25398,0.23503226061628335
25399,0.22353669289098405
25400,0.23696170652710694
25401,0.23015063272686595
25402,0.2365851741083297
25403,0.22910559906044092
25404,0.2273623908017248
25405,0.24034612820568593
25406,0.2289294821524797
25407,0.23278151046645928
25408,0.2304664346222474
25409,0.22694100752367213
25410,0.23109969971816963
25411,0.22945014492287683
25412,0.23350285146470703
25413,0.22551403098798298
25414,0.22433612282965112
25415,0.2296066131486226
25416,0.22026459281708186
25417,0.2300907006997863
25418,0.22299019740055376
25419,0.23281067934373723
25420,0.23304226715151735
25421,0.22901994891305574
25422,0.2340084028548838
25423,0.23294697793725944
25424,0.23613981004453194
25425,0.22955081897088617
25426,0.2317518590229013
25427,0.22927329910227695
25428,0.2274089731672771
25429,0.22518762157567515
25430,0.22645884866047303
25431,0.22588078649164825
25432,0.23693935301106095
25433,0.22752697711488304
25434,0.2290868615683824
25435,0.23205771708591477
25436,0.2281602609799178
25437,0.22639785366097612
25438,0.22675644634767253
25439,0.21901444798819
25440,0.22749975122671529
25441,0.2292487149481227
25442,0.2332470657359446
25443,0.23005987018007062
25444,0.23364665913971308
25445,0.23525890028131805
25446,0.2318491781183363
25447,0.2243768284193391
25448,0.23012455382340302
25449,0.23659535010900654
25450,0.23583728522919764
25451,0.22800364286994323
25452,0.23655756794649158
25453,0.2286383768374996
25454,0.236126495587306
25455,0.23732851588147877
25456,0.23167704095372182
25457,0.23761258984225334
25458,0.23830792524488667
25459,0.2373253822606625
25460,0.22808980556906525
25461,0.23996386531545538
25462,0.24222501606847796
25463,0.22963188562710785
25464,0.22714179852714683
25465,0.22170688465867916
25466,0.22768490163069707
25467,0.2229619714037109
25468,0.23175966035200268
25469,0.2351381398551192
25470,0.23106710255195245
25471,0.2304102344133799
25472,0.23070420624080187
25473,0.22247266713280253
25474,0.2321223050481912
25475,0.23399450096980623
25476,0.2385919014500431
25477,0.23466634059203287
25478,0.23909657192610684
25479,0.23651694754829292
25480,0.23991479687238362
25481,0.22738901283727717
25482,0.23664692807208565
25483,0.2353571881793406
25484,0.2338361530680354
25485,0.2277341471034715
25486,0.2254440941965857
25487,0.2188150912641621
25488,0.23193574395287525
25489,0.22743283687932023
25490,0.24316091632419215
25491,0.23192492673290752
25492,0.23631552642340858
25493,0.23840156028127477
25494,0.23265612082578352
25495,0.23349470731379962
25496,0.23237314675141676
25497,0.22514723010934753
25498,0.23190079534163463
25499,0.23302745519008697
25500,0.22871533556294998
25501,0.2334669475006874
25502,0.2348059976154146
25503,0.23979466874097957
25504,0.2371774027177599
25505,0.2282431943779055
25506,0.22144761353710277
25507,0.2358686946956577
25508,0.24483974942472686
25509,0.23823989481801663
25510,0.23866450095398192
25511,0.22981656995780544
25512,0.23650134507713166
25513,0.2370995402252776
25514,0.23640109688230437
25515,0.239322127980148
25516,0.23469297237635522
25517,0.23248631226301156
25518,0.24116571305609796
25519,0.23608073020686113
25520,0.23254864502070027
25521,0.22574161630526748
25522,0.23072388809729327
25523,0.23366524973078162
25524,0.23816954040540445
25525,0.22902973769604226
25526,0.23072046467748936
25527,0.23806830292629574
25528,0.23115930984203178
25529,0.23006404637905753
25530,0.2336487345410024
25531,0.23608535466612907
25532,0.2439863807583163
25533,0.23036111319960656
25534,0.22757935582049196
25535,0.2289841871180468
25536,0.2316594484200455
25537,0.2435694354872498
25538,0.2347856580398144
25539,0.2323306693441354
25540,0.23729802645143871
25541,0.22788027532711544
25542,0.23158374878635746
25543,0.23570802415912948
25544,0.23934309614485594
25545,0.23800654284023998
25546,0.24068447486452074
25547,0.23409477388470948
25548,0.23172577159826566
25549,0.23577539381550933
25550,0.2289142417609961
25551,0.22648061980282777
25552,0.2336427414669341
25553,0.2388361705606987
25554,0.23393441972782433
25555,0.22805963294962786
25556,0.22904209018007984
25557,0.2346345311981935
25558,0.2359486361533377
25559,0.2337286552576676
25560,0.22905020172138457
25561,0.23484110157898083
25562,0.22308211862806554
25563,0.22600419652735043
25564,0.23342973509366
25565,0.22475039848282075
25566,0.2418533447094942
25567,0.23243182499183726
25568,0.22448445675789874
25569,0.22160379816470105
25570,0.2338184021811014
25571,0.2310912631312604
25572,0.23998896288827734
25573,0.23160432190814872
25574,0.2388622561795189
25575,0.23541377209420836
25576,0.2346562483266421
25577,0.23482314300425836
25578,0.22932378935592582
25579,0.22912074266825633
25580,0.24046919363432642
25581,0.24229276619158407
25582,0.23032315193886557
25583,0.23233446026640098
25584,0.23190280213891348
25585,0.24138382367628408
25586,0.23843228856852788
25587,0.22757126883078627
25588,0.23285527634481615
25589,0.22926413783308028
25590,0.23045553745010328
25591,0.2299181947380049
25592,0.23009804416921148
25593,0.23021283926077624
25594,0.22919052424896014
25595,0.21989771161312752
25596,0.21960322049739026
25597,0.23290036689857607
25598,0.23032861537673424
25599,0.22670692486738778
25600,0.23201073669125027
25601,0.21975808491135032
25602,0.22373975790890846
25603,0.22457180846282399
25604,0.23645346546947096
25605,0.2314308167029529
25606,0.2318942591216169
25607,0.23192162827798726
25608,0.2278746670730177
25609,0.22578270380502333
25610,0.22661144156893398
25611,0.2371563762055418
25612,0.23112870291316437
25613,0.2291689024631416
25614,0.21760889808400782
25615,0.22857425920814833
25616,0.23194340770862645
25617,0.22496551213724345
25618,0.22579036984462517
25619,0.22870623656458214
25620,0.22682479851358167
25621,0.22579562127694316
25622,0.23326498413682178
25623,0.22217211710797088
25624,0.22734327537066668
25625,0.22725488484848907
25626,0.23203837361966695
25627,0.2264660285770816
25628,0.22817378533936883
25629,0.23019296667239003
25630,0.22695909110251392
25631,0.2300971318227593
25632,0.22954985570796987
25633,0.23639673144354914
25634,0.22688126740037562
25635,0.2327973035883898
25636,0.23575719071626497
25637,0.22211280880217307
25638,0.230121720959104
25639,0.2246594538191604
25640,0.23336059035959283
25641,0.22640457550990895
25642,0.2275902035645432
25643,0.22821489532743108
25644,0.22787335787761326
25645,0.23503231475496453
25646,0.23466564700515685
25647,0.23037504293030053
25648,0.22211819077741715
25649,0.2278369030442722
25650,0.2273078659721696
25651,0.22848960466400184
25652,0.2218821753654866
25653,0.23230552564357568
25654,0.22511916044412264
25655,0.22435385575885652
25656,0.22767747240205854
25657,0.22645960170211513
25658,0.2267915156056399
25659,0.22495315138236108
25660,0.23397961967556824
25661,0.23244033561715743
25662,0.23172444465177067
25663,0.2292932199245053
25664,0.2269589369990755
25665,0.2250010385937187
25666,0.22625277494835216
25667,0.22487857935711048
25668,0.22596105907378497
25669,0.2311440759328905
25670,0.23025193590713494
25671,0.23482139263906324
25672,0.22406760470116144
25673,0.22763048980260966
25674,0.22400672430651933
25675,0.23232710802887702
25676,0.22925483857762313
25677,0.2299169310335682
25678,0.23713102926132287
25679,0.2298120344112725
25680,0.22660717357004062
25681,0.22780365795854657
25682,0.2268983468768835
25683,0.23902585798174805
25684,0.23357305688864408
25685,0.23513617964415107
25686,0.22564314131065136
25687,0.2368839049593612
25688,0.2175527345517909
25689,0.2213238345967522
25690,0.22456293337379454
25691,0.2291611489473982
25692,0.2261799823381049
25693,0.22212319433127237
25694,0.23053871303980378
25695,0.2255751089012213
25696,0.22835311793819374
25697,0.22895241741223812
25698,0.23605740292564126
25699,0.24270503618275846
25700,0.23451334789781506
25701,0.22477931200423668
25702,0.23379910592443975
25703,0.23410257138580345
25704,0.23202914066454436
25705,0.23261203643540174
25706,0.2318049059363318
25707,0.2346141256947604
25708,0.23488581674423212
25709,0.2270761434602569
25710,0.2315436676583586
25711,0.22858171891209925
25712,0.223442324737494
25713,0.22372245360654955
25714,0.2290690163192986
25715,0.23055139501974561
25716,0.23200825867735372
25717,0.22954725048894334
25718,0.2394488244246938
25719,0.22267757963765106
25720,0.2282764431376268
25721,0.2395189641972249
25722,0.23223873378154108
25723,0.2371064216792
25724,0.23494030809184377
25725,0.22407071868127254
25726,0.22324479778457992
25727,0.23170996429926186
25728,0.23090302440683338
25729,0.23271148721217655
25730,0.23150437890109293
25731,0.22974504923820027
25732,0.21818035434497368
25733,0.24170881131338978
25734,0.22212031598879595
25735,0.22626911951622686
25736,0.23255995132858992
25737,0.22765472417823782
25738,0.22964976705856277
25739,0.23427749459166897
25740,0.22593783915879542
25741,0.22462191625311895
25742,0.21659771840592598
25743,0.2273763487555991
25744,0.24201171715563474
25745,0.22488906586115567
25746,0.2206241486941255
25747,0.22419726681500277
25748,0.23047218872877198
25749,0.22509436372800004
25750,0.2328452693716794
25751,0.22882811417559973
25752,0.23375054206708565
25753,0.21903395388349015
25754,0.2282987638804089
25755,0.22128700405987692
25756,0.23039379079138123
25757,0.23632420745513136
25758,0.22911740561787403
25759,0.23619200542134483
25760,0.23100829095137104
25761,0.22867075313066768
25762,0.24242166026859277
25763,0.2343807687620206
25764,0.22897634773820066
25765,0.22333621958247107
25766,0.21715077949967093
25767,0.22643533909735955
25768,0.22141284009656026
25769,0.22988685476158244
25770,0.2295244560448123
25771,0.23185208912120636
25772,0.22248508774271755
25773,0.2252244796479017
25774,0.23025026251409664
25775,0.22633708854424897
25776,0.23135531046884739
25777,0.22574546875773052
25778,0.2297396912682377
25779,0.22819517948856582
25780,0.22826502744572746
25781,0.22245054313058502
25782,0.22199304839031542
25783,0.22365683236971098
25784,0.21840000330775577
25785,0.22402602814191838
25786,0.23257686682994097
25787,0.22684262498747734
25788,0.23395718043883712
25789,0.2271884846840278
25790,0.22479060368124698
25791,0.22944655406996087
25792,0.22574874158116812
25793,0.22595060108532314
25794,0.22501374465067941
25795,0.22440270213382113
25796,0.2325004091067409
25797,0.23748979903732328
25798,0.2308693811088807
25799,0.23701658107525397
25800,0.22800941038801742
25801,0.23533052678407868
25802,0.233565144899927
25803,0.21813929484199984
25804,0.23420519095293946
25805,0.22821045916456623
25806,0.2274290057038557
25807,0.23251921243125537
25808,0.22568785259375276
25809,0.22476734463747475
25810,0.23088996937461057
25811,0.23334921219186316
25812,0.23076372424309605
25813,0.22860231034689502
25814,0.22843518632102983
25815,0.22127815856979827
25816,0.22752688558259548
25817,0.22529853184256668
25818,0.22687786614332084
25819,0.22117723067055517
25820,0.229979392952575
25821,0.22670513551167687
25822,0.23620097591298592
25823,0.23213817423034744
25824,0.22903734603554896
25825,0.22413086308651864
25826,0.2242204969033537
25827,0.23250375987681546
25828,0.22878679139839495
25829,0.23077690805074164
25830,0.22408421708712467
25831,0.22678805444224057
25832,0.22527214969468584
25833,0.2208106553762669
25834,0.22192022183274598
25835,0.22010421350656012
25836,0.22548750477696847
25837,0.21735878437467043
25838,0.22006129976946331
25839,0.23513377659410534
25840,0.23210728449138177
25841,0.23000781714832888
25842,0.2377789399393469
25843,0.2347623755768719
25844,0.21903881813074227
25845,0.2228878812508264
25846,0.23407745218942624
25847,0.23176559226036658
25848,0.2255440248029146
25849,0.22361094883704546
25850,0.22523807532498547
25851,0.2206686301960407
25852,0.2209890949965036
25853,0.23527885520874936
25854,0.22527310103225104
25855,0.22771887708184982
25856,0.23168305355586732
25857,0.2314453510844965
25858,0.21827832991006108
25859,0.2247958495903401
25860,0.2282033427134365
25861,0.23045395267824975
25862,0.23106943763830187
25863,0.22533878399563478
25864,0.2323860170811087
25865,0.2294790072388867
25866,0.22643493073573667
25867,0.22998173230497118
25868,0.2252777029726668
25869,0.22353971234697984
25870,0.22205105063306219
25871,0.23159133195387335
25872,0.22900258211036492
25873,0.22631962870766686
25874,0.2309574871642548
25875,0.23004376882043845
25876,0.2282367081691434
25877,0.22277021701898556
25878,0.23608931440378375
25879,0.23344940666317288
25880,0.2277792982834475
25881,0.2189433951951977
25882,0.22494844508339887
25883,0.2245399227513355
25884,0.23345635249356514
25885,0.22569877180435852
25886,0.23110137856496135
25887,0.231316203257127
25888,0.2263972261835339
25889,0.22102537295304572
25890,0.2187970400616735
25891,0.23110313045514042
25892,0.2266942590920824
25893,0.22231628410725598
25894,0.2302408749905607
25895,0.2215347492248585
25896,0.21914780846980744
25897,0.22203183969581516
25898,0.21140587729923094
25899,0.21090669178347407
25900,0.22550458007560795
25901,0.225347989169237
25902,0.22278901880821697
25903,0.229747918709406
25904,0.215000570951196
25905,0.22279549843894325
25906,0.22042512110089077
25907,0.22582253030947017
25908,0.22220671948882015
25909,0.22053912456743782
25910,0.22166359002463076
25911,0.22312745981515966
25912,0.2202741035301861
25913,0.22053460436054678
25914,0.22395212116409924
25915,0.22307733801938465
25916,0.22041861311470473
25917,0.2235202723194823
25918,0.22874561932617596
25919,0.23270203893170863
25920,0.22915657074349738
25921,0.22910218647666386
25922,0.22368887815328103
25923,0.23858955759161504
25924,0.2274916751402322
25925,0.22877668554324557
25926,0.22846740655857498
25927,0.22449363105535772
25928,0.22518190263798094
25929,0.2279505374568728
25930,0.2319374514198257
25931,0.22931651942682912
25932,0.22779791033150656
25933,0.23450429758242525
25934,0.22891424190578702
25935,0.2220339994099313
25936,0.22333168019862193
25937,0.232114824178349
25938,0.22793474111483472
25939,0.2266492264623728
25940,0.2345768025890408
25941,0.22270978040455777
25942,0.230993438822731
25943,0.2307148668156332
25944,0.2271974462969834
25945,0.23404538537078265
25946,0.22914554958652897
25947,0.22285466768128182
25948,0.22441946786344824
25949,0.23194713600351624
25950,0.2274638060405171
25951,0.22682200730616867
25952,0.22999877398978036
25953,0.22953458896909992
25954,0.22290627515044975
25955,0.22302809966319082
25956,0.22689670607004989
25957,0.23090289827760122
25958,0.2262159226123977
25959,0.22590856867905007
25960,0.23206433040976615
25961,0.22989514125835628
25962,0.2240622121016381
25963,0.22615331582224507
25964,0.22437975644911945
25965,0.2274575396770416
25966,0.22725370785596555
25967,0.22513317148478687
25968,0.22187372061182548
25969,0.22434202223566507
25970,0.23132175200351043
25971,0.2259482197499702
25972,0.2271483662892216
25973,0.22886900622277487
25974,0.23191248454598237
25975,0.22487607230971104
25976,0.2216250265453876
25977,0.22639219858629858
25978,0.22302758566667946
25979,0.22381739963978847
25980,0.22822083374998628
25981,0.23281727458527088
25982,0.22586887063626546
25983,0.22633314966217602
25984,0.2249136602292833
25985,0.22328958272219956
25986,0.21991082863224193
25987,0.21855360391264372
25988,0.22178204068203
25989,0.22785386029380356
25990,0.22078211374235704
25991,0.2232843362185509
25992,0.22695108496544752
25993,0.22503701715919955
25994,0.2243334079420667
25995,0.21730083235883532
25996,0.22927189856982122
25997,0.2233256584376091
25998,0.22677366567978108
25999,0.2189942415084959
26000,0.2323334302940102
26001,0.23765584792804542
26002,0.22811015838829035
26003,0.2257388193372376
26004,0.23847339197144693
26005,0.22431979947757066
26006,0.22086452054775582
26007,0.22766967618964914
26008,0.23433247957889694
26009,0.23775374992578105
26010,0.2342866113115786
26011,0.22956959250183895
26012,0.23013902405322703
26013,0.224454859168396
26014,0.22904969637425968
26015,0.22628575109257917
26016,0.22008745046733696
26017,0.22326112586815464
26018,0.22446351903160414
26019,0.22578097564839575
26020,0.22940151404127657
26021,0.2285567290588889
26022,0.22694609098888832
26023,0.22082123694334066
26024,0.22016069441610475
26025,0.22933651729690696
26026,0.22642627580380653
26027,0.233196243679375
26028,0.22354017189409747
26029,0.22681420578867312
26030,0.22043369877088745
26031,0.2212583405625006
26032,0.21676557249289904
26033,0.22037251851966871
26034,0.22426748341222724
26035,0.22862007797790482
26036,0.22361622848538706
26037,0.23046152890902782
26038,0.22100682408014113
26039,0.2187506526990042
26040,0.22743959328440505
26041,0.2180962329866338
26042,0.23013265420916618
26043,0.22448851421673846
26044,0.22934941890385657
26045,0.23071865984184847
26046,0.22975795300937324
26047,0.2305814741735632
26048,0.22634739689148867
26049,0.22199812565519686
26050,0.23188370045299703
26051,0.22653239216470158
26052,0.22760051861373826
26053,0.22669864702638545
26054,0.22922323805700792
26055,0.21946922874845767
26056,0.2185800571400158
26057,0.22481299229391816
26058,0.2247455673377655
26059,0.2185530279203345
26060,0.22170891126948158
26061,0.2285707064075863
26062,0.22450645690616106
26063,0.2173622780811127
26064,0.225198250645325
26065,0.22844835173380723
26066,0.22658543625360278
26067,0.22607994599764833
26068,0.22090605993967707
26069,0.23277502990409027
26070,0.22782476875035415
26071,0.21740202269122885
26072,0.21439879194173553
26073,0.21163523709309187
26074,0.22362527183956563
26075,0.21854314520438176
26076,0.23214565357323047
26077,0.23283264089344444
26078,0.22964228810694381
26079,0.22712669089763204
26080,0.22733682196768795
26081,0.2155287747521064
26082,0.2267196690707242
26083,0.22699960298972735
26084,0.22027733149476547
26085,0.2237865726682677
26086,0.22442490352811537
26087,0.22704143643283564
26088,0.22377125130470277
26089,0.22680077174331645
26090,0.2346425468169979
26091,0.227655527688436
26092,0.21763652921658555
26093,0.22189276947226724
26094,0.2263178752514632
26095,0.22825171206286768
26096,0.22665837113263274
26097,0.23560269712701504
26098,0.2256511623500697
26099,0.2171355414113911
26100,0.22046197601727258
26101,0.23121378985850247
26102,0.23353811319452705
26103,0.2214846310719799
26104,0.22235233049561476
26105,0.22776005936733884
26106,0.22413600080550214
26107,0.22589180997621894
26108,0.22801024085362523
26109,0.2256887629160493
26110,0.21946803972336734
26111,0.22341389307771659
26112,0.22367957530642513
26113,0.22837372712947737
26114,0.22780881073081724
26115,0.22601383737089617
26116,0.22891310499519202
26117,0.22535829366208993
26118,0.22577996890919277
26119,0.23148690659178886
26120,0.21835033319963718
26121,0.23157034445469277
26122,0.22777314420862108
26123,0.23224617286902238
26124,0.22578564830583353
26125,0.23435379515047558
26126,0.2335602475297972
26127,0.23760628894976893
26128,0.22914458596293513
26129,0.22915176278705
26130,0.22121551561051492
26131,0.23242782351907781
26132,0.22665950364227042
26133,0.23335039499485655
26134,0.23248940219393313
26135,0.22978485425593817
26136,0.23051025043715664
26137,0.22872312344165827
26138,0.23212825793868164
26139,0.226517387568669
26140,0.22739835479983278
26141,0.2218272527082553
26142,0.23483339992805446
26143,0.23262579506556083
26144,0.23092393654731105
26145,0.21931916107542215
26146,0.223843277010003
26147,0.22223833644059154
26148,0.23453908023671927
26149,0.23323013471011103
26150,0.22764149163811417
26151,0.22587754323672404
26152,0.2250976718110891
26153,0.22068339287608768
26154,0.22533287525268753
26155,0.23230611901215392
26156,0.23052420054392733
26157,0.2306395426038452
26158,0.22441217544432995
26159,0.22598444517484165
26160,0.23064300308451138
26161,0.22752530826669531
26162,0.2327118841123867
26163,0.23984614561143183
26164,0.23108283365195947
26165,0.2212735658900707
26166,0.23830560693395908
26167,0.22981736795849786
26168,0.22836148171200565
26169,0.22421194815701523
26170,0.22758274533498896
26171,0.22702572031634616
26172,0.22769642927655664
26173,0.23197399977657518
26174,0.2323080774120493
26175,0.23636878054846078
26176,0.22660339871312185
26177,0.2265767381304838
26178,0.22878458316306882
26179,0.22826198550695923
26180,0.23174775683969454
26181,0.2280227535639965
26182,0.22042246905145133
26183,0.2325741226493545
26184,0.21572619427581474
26185,0.2264016620442596
26186,0.23670479676865744
26187,0.22881231113465436
26188,0.2292808437104537
26189,0.21949831595542954
26190,0.2344234257477879
26191,0.2337582220288127
26192,0.22373785877862915
26193,0.22882597765782867
26194,0.23235484313057056
26195,0.2305240108521785
26196,0.24571642247455583
26197,0.23403992366868362
26198,0.22663578329019707
26199,0.22867127174097426
26200,0.22555384701984607
26201,0.2266915356940974
26202,0.2313399032552538
26203,0.22656758934179627
26204,0.2253238624991014
26205,0.22067500099660484
26206,0.22561224251153908
26207,0.23544830718218218
26208,0.22825760585815363
26209,0.2262596970228567
26210,0.2359380369529419
26211,0.22604542245766632
26212,0.22590627581640163
26213,0.22816979288027725
26214,0.21989337362489306
26215,0.2195670152542258
26216,0.22545239427638605
26217,0.2188047256666022
26218,0.2283154896674361
26219,0.22904699001209344
26220,0.21707073772551772
26221,0.22659324178576615
26222,0.2360834751579458
26223,0.2313244171869997
26224,0.23015929525684262
26225,0.22667498228979863
26226,0.23076237626170398
26227,0.23179084985695503
26228,0.22868130205099144
26229,0.23583600371792512
26230,0.2251931177227975
26231,0.22973825971967748
26232,0.23410278760041486
26233,0.22400034247851608
26234,0.22627893215011383
26235,0.22718173280256232
26236,0.2387517156808089
26237,0.22899427196396505
26238,0.2350571124313121
26239,0.2273517045332512
26240,0.22759567369397007
26241,0.2226375475062479
26242,0.22242843649298605
26243,0.22902254303905809
26244,0.2272412907146004
26245,0.22298076965962346
26246,0.22893638563104723
26247,0.21894244277435976
26248,0.22674909636144402
26249,0.22268876481072777
26250,0.22598115250090017
26251,0.22385415075387646
26252,0.2314277472345923
26253,0.22422810078034527
26254,0.21225181072446012
26255,0.2280227370326922
26256,0.22350841541822
26257,0.22975370910653664
26258,0.2254618238194869
26259,0.23245202026235165
26260,0.22631842693542456
26261,0.2210733643538265
26262,0.22744534194927807
26263,0.22656319682417916
26264,0.22149536096059233
26265,0.23062170317425207
26266,0.2279247891759003
26267,0.22025807776128062
26268,0.23440427509191877
26269,0.2301534583741942
26270,0.23190521651871182
26271,0.22768559222476537
26272,0.2258191127222684
26273,0.22738374629166763
26274,0.23040978054143074
26275,0.21935046459493704
26276,0.23043120088750754
26277,0.23798451004591506
26278,0.2357641558685905
26279,0.23557531883533825
26280,0.2331624709904751
26281,0.2300999080061938
26282,0.23684460533191456
26283,0.23554371522803727
26284,0.22742782803196793
26285,0.21917087973638102
26286,0.22168009839995992
26287,0.23014877909175074
26288,0.22626114626739202
26289,0.23194108211289255
26290,0.21711925266598278
26291,0.22905924145706272
26292,0.2156187358558388
26293,0.21882465766200995
26294,0.22089069987555973
26295,0.22891869822917835
26296,0.22338571085466558
26297,0.2196077414067142
26298,0.22515877041847557
26299,0.23443061988926311
26300,0.23068293774503942
26301,0.2278178093718097
26302,0.23316863016452735
26303,0.23066856246282436
26304,0.230162777489879
26305,0.2255214830223716
26306,0.2276792587229404
26307,0.2302064134485651
26308,0.22364069218594687
26309,0.22413942400145243
26310,0.22922552250012876
26311,0.2285760417032549
26312,0.2325797925641492
26313,0.2304779939658129
26314,0.22278557960276668
26315,0.22109837558571252
26316,0.2272159716182882
26317,0.2260017651203908
26318,0.22160210068447198
26319,0.2263154623307806
26320,0.21855516158058083
26321,0.22873499252193416
26322,0.23288959830753275
26323,0.22284636635321256
26324,0.22358968742862553
26325,0.21880262117498378
26326,0.22344969182227178
26327,0.2324071413788591
26328,0.2314796080446101
26329,0.2236846283171589
26330,0.21965135431942617
26331,0.22577228165291474
26332,0.21938164584191341
26333,0.22860410484399743
26334,0.2301055360513148
26335,0.2319004356653645
26336,0.2329718470159052
26337,0.22575801102284376
26338,0.22989143786764374
26339,0.2286345208049225
26340,0.21987666855194674
26341,0.23012565463892046
26342,0.23702355556353602
26343,0.22490774039025285
26344,0.22565011875024168
26345,0.23477387505509698
26346,0.23167340756457708
26347,0.22221148581213934
26348,0.2294583112451717
26349,0.22305168463891067
26350,0.21991310597976674
26351,0.21950450639034572
26352,0.23078270710092885
26353,0.23026904836856707
26354,0.23080075141811593
26355,0.2261059547774128
26356,0.22545845866479414
26357,0.22156106153204186
26358,0.22093887632898515
26359,0.22499587012749508
26360,0.22282464076645797
26361,0.22024482422834185
26362,0.2273115533521829
26363,0.2281494936367629
26364,0.2155951669109213
26365,0.2282881931720164
26366,0.22542779712584188
26367,0.22159664481688104
26368,0.22109324241601067
26369,0.21770133835520772
26370,0.21531572995781384
26371,0.22204218657771954
26372,0.22521269006681435
26373,0.23650713280124355
26374,0.22012732907480473
26375,0.22622741982402364
26376,0.22378756578532227
26377,0.2211800054457664
26378,0.21972649095593041
26379,0.22601502955434155
26380,0.2411051413837173
26381,0.2178342510612952
26382,0.22534901241049166
26383,0.22831704731893188
26384,0.23431586832739795
26385,0.21778705476012053
26386,0.21922438494411065
26387,0.2240563418509572
26388,0.22233189139775422
26389,0.22923111699086385
26390,0.22692987110117802
26391,0.22430717908007286
26392,0.22636757859733267
26393,0.22590005285140421
26394,0.23391261913914635
26395,0.23127104853728975
26396,0.23632261454159362
26397,0.23042995242910158
26398,0.22094784386470787
26399,0.23231790380680017
26400,0.2396541477648696
26401,0.24031359710913106
26402,0.23210675779525422
26403,0.2297410180454261
26404,0.22923365501160567
26405,0.22677509843539248
26406,0.22865202784411384
26407,0.22128959139457904
26408,0.23645944532055754
26409,0.2221641688215027
26410,0.23113080952455922
26411,0.2267963907914128
26412,0.22704923738141264
26413,0.23019200088138025
26414,0.22098398640833872
26415,0.22910679090246924
26416,0.23590537376878903
26417,0.23416618535047165
26418,0.23569241661069854
26419,0.2306274678028901
26420,0.22567190744665133
26421,0.2264233167616396
26422,0.22136502063928948
26423,0.2272846835689072
26424,0.2174422896509804
26425,0.22721091008396194
26426,0.22656822096890705
26427,0.2196091779466767
26428,0.22633870884668073
26429,0.22482829356397638
26430,0.22529554268896615
26431,0.22001972887952584
26432,0.22457609989293362
26433,0.2294820125916517
26434,0.22148863371308497
26435,0.2321514456922877
26436,0.22608296054656216
26437,0.22693452147389717
26438,0.2202484792540129
26439,0.22745145898945462
26440,0.2228874577367167
26441,0.22066023878463387
26442,0.2302561191874002
26443,0.2323035690050641
26444,0.2306552795651034
26445,0.21914088673887977
26446,0.23088449913552722
26447,0.23299383592381145
26448,0.2225892409589607
26449,0.23277278832462767
26450,0.24351930369582211
26451,0.22437908190670522
26452,0.23218190754522638
26453,0.2232226590979829
26454,0.2295064725654179
26455,0.2313133577209198
26456,0.22312738806259028
26457,0.2321453092800829
26458,0.224712334231288
26459,0.22786763145504493
26460,0.2260643693041852
26461,0.22070179619938776
26462,0.22459389757611747
26463,0.2217958279921843
26464,0.23013332244187581
26465,0.22994381362815844
26466,0.21980231442933296
26467,0.22093719119307967
26468,0.2249686638722084
26469,0.22792245377433326
26470,0.2181153458524893
26471,0.22887982697279868
26472,0.22655772118749234
26473,0.22120223214954243
26474,0.2302392838057052
26475,0.2293610658286255
26476,0.22847717717092014
26477,0.22103298990148523
26478,0.23177497834276836
26479,0.22473406463367174
26480,0.22769394227956918
26481,0.2325869194361873
26482,0.2203027378765594
26483,0.22013853738226774
26484,0.2261741306665723
26485,0.219997683434041
26486,0.21926088285604084
26487,0.22607570491486886
26488,0.22199668190006527
26489,0.2190620139300524
26490,0.212743216681685
26491,0.22280442638599132
26492,0.22760107837996324
26493,0.22386212229544847
26494,0.22759373091517965
26495,0.2333982966417151
26496,0.22054234020830954
26497,0.23546678943853142
26498,0.23210730366138846
26499,0.2334905546552387
26500,0.22986054135494102
26501,0.21950183798521175
26502,0.22103147296070091
26503,0.22055343382268988
26504,0.22271876472766233
26505,0.22393356464434003
26506,0.2194079521769094
26507,0.21748565292823438
26508,0.21968127785754626
26509,0.22583354150510793
26510,0.2197996762955628
26511,0.2198763936804106
26512,0.22030962346742786
26513,0.22228217836331762
26514,0.22362794666020983
26515,0.22113081446003444
26516,0.21898358240545002
26517,0.22652774732590109
26518,0.2287031635851686
26519,0.22441126308787548
26520,0.23147918079377278
26521,0.2238861604413098
26522,0.22340658661841542
26523,0.2246680535140942
26524,0.23075839975164736
26525,0.218828398576252
26526,0.23018049244289698
26527,0.22125544373032105
26528,0.22412340918174345
26529,0.22453442348555325
26530,0.22912580110250377
26531,0.2203436552972028
26532,0.22684274554079262
26533,0.2224350398533689
26534,0.22196846896652775
26535,0.23519502955205823
26536,0.22645371169546427
26537,0.22000415486442615
26538,0.22276353753415065
26539,0.23152095551707014
26540,0.22542055980492312
26541,0.2260653007742518
26542,0.22549029861114808
26543,0.22895983959017094
26544,0.22019774257385197
26545,0.22731404018362572
26546,0.22198625904197622
26547,0.22993119609616997
26548,0.22736255135229844
26549,0.22347856206876024
26550,0.22095957030513577
26551,0.2173518936065334
26552,0.2249799510341982
26553,0.22866458917303045
26554,0.22375601165602904
26555,0.2229115316717273
26556,0.2191142078467424
26557,0.2283670622451855
26558,0.22503354749325089
26559,0.22869766510216336
26560,0.23186253616370903
26561,0.22518133938931686
26562,0.23031878525419106
26563,0.2295189443247124
26564,0.23136383635467206
26565,0.23149933466184613
26566,0.23423894430531525
26567,0.22963998328365806
26568,0.2244870214120788
26569,0.2218798346399796
26570,0.2243107337618409
26571,0.2241468438392389
26572,0.226700390829574
26573,0.22844525679450106
26574,0.22025230349147834
26575,0.22282689931945068
26576,0.2250863039736432
26577,0.23761190659042336
26578,0.2328264118432753
26579,0.23155537767654727
26580,0.22730984432177478
26581,0.22505887765399635
26582,0.22259447319550035
26583,0.21914722124373653
26584,0.2315625583434784
26585,0.220423298811065
26586,0.22887966208666016
26587,0.23088796016731777
26588,0.21853120479736043
26589,0.22298683743750214
26590,0.22914636917302975
26591,0.2276016010901183
26592,0.2203119137101499
26593,0.22605326430997977
26594,0.22555979026368608
26595,0.23269387007478332
26596,0.23380194513342248
26597,0.2242466787048765
26598,0.22763420490407926
26599,0.22356986607003923
26600,0.22161331550582056
26601,0.23053623621639258
26602,0.22631190401023932
26603,0.22171853074229586
26604,0.22910770538008624
26605,0.21906342719616814
26606,0.23191751498300395
26607,0.22628386561677588
26608,0.23049466752663034
26609,0.2244622940053992
26610,0.2226607945281153
26611,0.22378648247468866
26612,0.21856015121993
26613,0.2204359465505362
26614,0.22125136875732684
26615,0.2258620590079596
26616,0.22988252799102032
26617,0.22995349617926822
26618,0.22587146605715608
26619,0.22735634405388733
26620,0.2181666622702462
26621,0.23298868364413192
26622,0.22793074945863723
26623,0.2221634795866508
26624,0.22622936482874761
26625,0.22561996483412936
26626,0.22660498096733797
26627,0.22766597263141633
26628,0.21955992861208878
26629,0.23009986580942166
26630,0.22927036211324364
26631,0.23032366221579073
26632,0.2210095146083965
26633,0.21845439655345797
26634,0.22980135658384773
26635,0.22872597569329
26636,0.22908677638023303
26637,0.22396183911405818
26638,0.2233800320725047
26639,0.23639725679252271
26640,0.2249364251468193
26641,0.22691407487495885
26642,0.22874970307998124
26643,0.22592038623569122
26644,0.2257482313512831
26645,0.23254269433372693
26646,0.23210809859212908
26647,0.223484312047236
26648,0.2271127900532981
26649,0.22967344341031157
26650,0.21410358638004037
26651,0.223318625249572
26652,0.22396245648759427
26653,0.22603389956018266
26654,0.22487073313082967
26655,0.21941392032943402
26656,0.23289264683615923
26657,0.22587667698244182
26658,0.22049001762300469
26659,0.21855932005029718
26660,0.22898184595616133
26661,0.22475349743617798
26662,0.2240307280607604
26663,0.22815831010480592
26664,0.22290938632822851
26665,0.22216057585504426
26666,0.22574792159419627
26667,0.22569204492629508
26668,0.2224703971942462
26669,0.22531788400433073
26670,0.2249228715926159
26671,0.22377959234714528
26672,0.22550920467613647
26673,0.22678814359260335
26674,0.23063643624120075
26675,0.2200575808866537
26676,0.2238978532898472
26677,0.21686471607334842
26678,0.22520328370777773
26679,0.22933619298875185
26680,0.22246519108186383
26681,0.22598976532860876
26682,0.21959223275194337
26683,0.22645319354291332
26684,0.22902697904706407
26685,0.2280988256323193
26686,0.23221398858047337
26687,0.22477627814707188
26688,0.2301391408673541
26689,0.22180433700402988
26690,0.22588144205288035
26691,0.22904666767850437
26692,0.21915407793551533
26693,0.22569221840967427
26694,0.22502304152167896
26695,0.22997231374746332
26696,0.22310920664519357
26697,0.2228979566295965
26698,0.223194887469367
26699,0.21901585580748995
26700,0.23266848445411645
26701,0.23120816521650298
26702,0.2276006393374416
26703,0.22020320501048093
26704,0.22389776232869416
26705,0.22102492764464857
26706,0.22654206194905582
26707,0.2301677627797115
26708,0.22136131655720354
26709,0.2238566649336994
26710,0.2260386421931545
26711,0.22648930253257882
26712,0.22681859583019345
26713,0.2232398688113601
26714,0.22505026089120195
26715,0.22422441994843775
26716,0.22069500898977118
26717,0.23575189419085107
26718,0.22958989748304845
26719,0.22077557883787882
26720,0.2305783610946903
26721,0.22322761771566574
26722,0.21769036531289881
26723,0.2255719528847624
26724,0.2237346259707554
26725,0.21613605021001994
26726,0.22641658384955932
26727,0.21963326474912134
26728,0.22167324073427133
26729,0.21692930775235603
26730,0.223559899346466
26731,0.22810486612607223
26732,0.230410393771761
26733,0.2205946339742387
26734,0.21763346422451618
26735,0.22019035867913098
26736,0.22125968665202597
26737,0.22829616937466507
26738,0.21897031009835102
26739,0.22278168766622208
26740,0.21926119677353115
26741,0.21915955156298367
26742,0.2223776283733867
26743,0.22751294373975187
26744,0.22168580549452702
26745,0.2251478529236507
26746,0.2226707704471665
26747,0.22811605502864304
26748,0.22307318621754751
26749,0.2239899385095215
26750,0.2252130614669404
26751,0.2229875441337035
26752,0.21878496170944478
26753,0.220326067143363
26754,0.2212121312684326
26755,0.2276090958687176
26756,0.22392871271297357
26757,0.22855008000836746
26758,0.2254771240859584
26759,0.2226445685389937
26760,0.22631448964264922
26761,0.22200216100186554
26762,0.23469551718888274
26763,0.22631752573909805
26764,0.2282475683716436
26765,0.22287722446825936
26766,0.22968201424195456
26767,0.21894668950034935
26768,0.2267205769424543
26769,0.221265128613253
26770,0.22406156189243057
26771,0.22568211288988355
26772,0.23161409451373557
26773,0.22763266935680976
26774,0.22294491818304618
26775,0.22429226868174063
26776,0.2218283078848001
26777,0.2286779362292805
26778,0.22638849273718117
26779,0.2305726723422156
26780,0.2349851277715003
26781,0.2292077064914075
26782,0.22693424688942174
26783,0.22588833697406063
26784,0.22036598251729012
26785,0.22158252489402566
26786,0.22235466621956143
26787,0.2263056187873701
26788,0.21451088749400565
26789,0.222777703176483
26790,0.21899463111599624
26791,0.2216397243145379
26792,0.22179648599833243
26793,0.22687611957558376
26794,0.22143890190412827
26795,0.22163504279244164
26796,0.22726386029398762
26797,0.2243924688201466
26798,0.22566838915803625
26799,0.2253736726614756
26800,0.21990649838811593
26801,0.22199759841765257
26802,0.2229096686155077
26803,0.2242893961135685
26804,0.2200862003556243
26805,0.22187207394536648
26806,0.2177869397965266
26807,0.22058785238091283
26808,0.22233453331827172
26809,0.21908035993286404
26810,0.22588855504679142
26811,0.2256982066374948
26812,0.2135290402248502
26813,0.22144849845738265
26814,0.2246163831111465
26815,0.22508779629909154
26816,0.22764691741936488
26817,0.2262311281836674
26818,0.22773822361288074
26819,0.22730040613148922
26820,0.23269407909837614
26821,0.23565313085641088
26822,0.22815953661985064
26823,0.21746613626220865
26824,0.2247250757311276
26825,0.2246615856662423
26826,0.21910238553445374
26827,0.22038435635500844
26828,0.22305074865866853
26829,0.21797852610907714
26830,0.22544678173946422
26831,0.21504961639214018
26832,0.2183095507665711
26833,0.22926105754259696
26834,0.2178785133626009
26835,0.2249450226402859
26836,0.21206393126972806
26837,0.2178484786412928
26838,0.2204345204691855
26839,0.22379997540912705
26840,0.21951449668953174
26841,0.2191444986923192
26842,0.22728430557434737
26843,0.2187557179753932
26844,0.22231752870459306
26845,0.22597445961085
26846,0.22163000351320758
26847,0.22817234961776697
26848,0.2211148808724064
26849,0.2233317663662995
26850,0.22077061540677895
26851,0.2244546930290937
26852,0.21975813635472874
26853,0.22580755346622378
26854,0.22832913422227055
26855,0.22971451118930356
26856,0.22468733224183884
26857,0.22731682581829768
26858,0.22627288920497776
26859,0.21993774501405622
26860,0.21871737799540997
26861,0.2176827955185776
26862,0.23084337576562813
26863,0.22830929155411503
26864,0.2255050364250276
26865,0.21929602786712352
26866,0.22530577426842102
26867,0.21968071545180573
26868,0.22212466153068605
26869,0.22353140309017522
26870,0.2193599618304085
26871,0.22619255838288638
26872,0.21686022225787743
26873,0.22322850087318327
26874,0.22025120894458194
26875,0.21253085157574106
26876,0.21640197230814795
26877,0.2201973408035466
26878,0.22256278598874057
26879,0.22842675860992018
26880,0.21648560203526643
26881,0.2306213102734901
26882,0.2174421634699084
26883,0.21320272087807246
26884,0.2202556248811351
26885,0.2268136484496618
26886,0.22226431030896168
26887,0.22031361273412547
26888,0.22637310607368732
26889,0.22796789551871813
26890,0.23145426793610974
26891,0.22560372383001093
26892,0.22410978876300242
26893,0.226944110331044
26894,0.21613462308918555
26895,0.2274103681952554
26896,0.23103422192189066
26897,0.22561159843537293
26898,0.2228433693423557
26899,0.2213464771504857
26900,0.23345703463092063
26901,0.22628344678300594
26902,0.22456930097302497
26903,0.22987460630366538
26904,0.22514218311350012
26905,0.225293522341966
26906,0.22131005500810852
26907,0.22309111315972413
26908,0.22370307712969276
26909,0.22651546421885863
26910,0.22472460935671987
26911,0.2232682969856191
26912,0.21759282978999278
26913,0.2165425021720896
26914,0.22223317239037846
26915,0.21801513134072728
26916,0.22575036409594523
26917,0.21913563236667608
26918,0.21663731995314545
26919,0.2104413148204747
26920,0.2188626880538462
26921,0.2157852739872745
26922,0.2193684969839163
26923,0.21769171786366315
26924,0.21999686932277063
26925,0.22074959724314647
26926,0.21816667055812822
26927,0.2240920356765996
26928,0.22307790434347805
26929,0.21778244364697857
26930,0.21858443178394696
26931,0.21989930343490596
26932,0.21738664437130156
26933,0.22485341094570246
26934,0.21901023605386397
26935,0.21613785937367663
26936,0.22562980897429508
26937,0.23062476569844825
26938,0.2301714335555539
26939,0.22720883738857028
26940,0.218870788258071
26941,0.22457195069296743
26942,0.2323033523868072
26943,0.226324792470938
26944,0.22618088667052239
26945,0.21823998916472587
26946,0.22307201442125582
26947,0.22474229234550286
26948,0.22380085551365222
26949,0.22799068623697435
26950,0.2195748183429692
26951,0.21505139342022414
26952,0.2210013169920422
26953,0.22618160569142837
26954,0.2189691253403539
26955,0.23244458756647984
26956,0.22666804804152146
26957,0.21764797573355113
26958,0.21923454005391443
26959,0.2184992119189035
26960,0.23298026705536518
26961,0.21577936479689933
26962,0.2250832377953845
26963,0.22242279792179406
26964,0.21770887799872168
26965,0.2212195018833757
26966,0.21956046302732038
26967,0.22412826499562155
26968,0.22057426930324422
26969,0.2227189347012725
26970,0.2263455161170977
26971,0.22984857021786373
26972,0.22802122054798873
26973,0.22512481821268351
26974,0.22635864216168594
26975,0.21974953270845884
26976,0.22316062006145224
26977,0.2270210471232494
26978,0.217720154393292
26979,0.22239296182581111
26980,0.2287217905958213
26981,0.23282637368054937
26982,0.22861490724617153
26983,0.21896734236142282
26984,0.22040117760948266
26985,0.21626519482947865
26986,0.22567566679710693
26987,0.21914461959413112
26988,0.21763980561256632
26989,0.22433430466449558
26990,0.22499646453361832
26991,0.21888707559303233
26992,0.217392102386099
26993,0.21919421658723012
26994,0.2270003452846335
26995,0.229778993207236
26996,0.2217229360940818
26997,0.22234923927104316
26998,0.22681967754057256
26999,0.21960932309164427
27000,0.21826993049328597
27001,0.23293382447041622
27002,0.2357394245627539
27003,0.22368977402076431
27004,0.22055092066202006
27005,0.23004869032045328
27006,0.2320268628231291
27007,0.21764575422739213
27008,0.22108209068241327
27009,0.22707255399567042
27010,0.22323487032947445
27011,0.2248984627747304
27012,0.21613298866673444
27013,0.21698012303834202
27014,0.2215840947111132
27015,0.22724092340474536
27016,0.2233158150443538
27017,0.2165919689006279
27018,0.21748999173510788
27019,0.21523006505942363
27020,0.21104041375275628
27021,0.22841744196072333
27022,0.2288951499772949
27023,0.21891790151300097
27024,0.22051231355167336
27025,0.21664876013795892
27026,0.2234303462434366
27027,0.21819614642657537
27028,0.22267496392388808
27029,0.2246760191439491
27030,0.2280090804426541
27031,0.2148530738195292
27032,0.22251745636418974
27033,0.21706327183120364
27034,0.22040250770079217
27035,0.22302365145701597
27036,0.2185877752452586
27037,0.2177009859179853
27038,0.22451496270690635
27039,0.220128445217362
27040,0.21821714371976594
27041,0.22191808266787294
27042,0.2234539222917856
27043,0.2170924357276977
27044,0.2269412227965332
27045,0.21632339876961376
27046,0.2168656140225463
27047,0.21805180119131137
27048,0.22061390992797167
27049,0.21765848398457477
27050,0.21518606169622972
27051,0.2223579476887576
27052,0.22896742824510158
27053,0.22749436842363596
27054,0.22871968025929512
27055,0.22423753260202525
27056,0.22213978749527627
27057,0.22218516345931735
27058,0.2204075266563627
27059,0.22265001806567863
27060,0.2154028681567832
27061,0.2154430739513534
27062,0.22469375293917232
27063,0.22520987716590055
27064,0.21917032630300703
27065,0.21997366913695726
27066,0.2281957945499169
27067,0.22295590586331682
27068,0.21695945742469402
27069,0.2275153436518625
27070,0.2245903713785482
27071,0.22262028816216575
27072,0.21859555872873945
27073,0.21921023864855624
27074,0.22302236254236846
27075,0.21809002495931923
27076,0.21643268136193367
27077,0.2146831115654406
27078,0.22345915748986497
27079,0.23046583070932275
27080,0.22912939064805354
27081,0.21770659098418274
27082,0.21708350601203527
27083,0.2221805391291061
27084,0.2249969755110682
27085,0.22549856792325235
27086,0.22679280457675546
27087,0.22379888969434944
27088,0.22123784379899689
27089,0.22498027536790613
27090,0.2208031492559131
27091,0.2196774043434354
27092,0.2218462644077132
27093,0.22252632318745946
27094,0.21627102007248017
27095,0.2157373746228841
27096,0.21895905372984173
27097,0.21447225030272643
27098,0.22558321208017712
27099,0.22451694755841997
27100,0.22363974877325957
27101,0.2205722223930335
27102,0.2294812950399613
27103,0.21862252902650664
27104,0.22939254252149252
27105,0.22913087218723371
27106,0.2248328899015898
27107,0.21884841686922546
27108,0.22325653684377542
27109,0.22209267974133923
27110,0.21879063629971088
27111,0.20960631784109493
27112,0.21774858267121155
27113,0.21557935833505043
27114,0.21731894028397708
27115,0.2191356604446164
27116,0.2127525316567935
27117,0.23274234331624413
27118,0.21859086877016087
27119,0.2235542134429317
27120,0.2166170509228192
27121,0.21334111628887004
27122,0.2164413107185785
27123,0.21935583954820717
27124,0.22147645740679286
27125,0.22818378717137158
27126,0.22109917108813423
27127,0.2150986951882687
27128,0.22328707142806742
27129,0.23245871267028947
27130,0.2199630302160197
27131,0.22105909318765185
27132,0.21807230081766663
27133,0.2258108249640967
27134,0.22346804742344584
27135,0.21958866098119662
27136,0.22356297676145306
27137,0.23064418740115805
27138,0.22312898973090403
27139,0.223710419966754
27140,0.2227315361629267
27141,0.22410710808888265
27142,0.22251104954362952
27143,0.2185381635867522
27144,0.2232708133111613
27145,0.22482371035651388
27146,0.223579121657476
27147,0.2094455646887214
27148,0.21245350887226627
27149,0.22715328104396446
27150,0.2323984060377958
27151,0.21762659605288362
27152,0.22720737748265685
27153,0.22626206036554092
27154,0.2203347738568457
27155,0.21999058232789584
27156,0.21517771979084
27157,0.21535262728800977
27158,0.22370090698748277
27159,0.21949634743611443
27160,0.22407275100400414
27161,0.22096325167990427
27162,0.21477934425959236
27163,0.21972783161059367
27164,0.219248254916094
27165,0.21596947518641013
27166,0.22160996077343448
27167,0.22274276920516606
27168,0.22377472918198418
27169,0.22420739116430777
27170,0.22574356916317243
27171,0.21778023121133025
27172,0.2227356804313035
27173,0.22930618580857176
27174,0.22503739263426786
27175,0.22246354122232184
27176,0.2197533753634588
27177,0.21400281826384937
27178,0.20968054919632154
27179,0.218455074008664
27180,0.22109468201501303
27181,0.2262121960469376
27182,0.2178396915096801
27183,0.2224844470521064
27184,0.2147007330314188
27185,0.22943800319621543
27186,0.2248577165375939
27187,0.22694076084661383
27188,0.2210525476772339
27189,0.2190443300136223
27190,0.22175205346144766
27191,0.21917160306134614
27192,0.2169014035645923
27193,0.2157515213644515
27194,0.22169358028190467
27195,0.21828061704024634
27196,0.21645055929066584
27197,0.2163863535131667
27198,0.22248177108301811
27199,0.2163194498713886
27200,0.21076713797174054
27201,0.22046230869779437
27202,0.2253494462615713
27203,0.21703814399837848
27204,0.22575868970290902
27205,0.21522381614444172
27206,0.2296458220453393
27207,0.21504921520356018
27208,0.21659765692573235
27209,0.22130480768106076
27210,0.227228467346832
27211,0.2219228933256609
27212,0.2243650598477328
27213,0.2240902909485769
27214,0.22088370596108856
27215,0.22824318540287064
27216,0.21611540456544956
27217,0.21820075060891603
27218,0.21874021765509138
27219,0.21569597029265886
27220,0.21754224846387055
27221,0.21847129469964466
27222,0.21962393711203101
27223,0.22306489417741882
27224,0.21764166268235077
27225,0.22224527647895212
27226,0.22028156607733237
27227,0.21883509061580206
27228,0.2171016820959506
27229,0.2198624371737863
27230,0.22563492584152037
27231,0.22691467928156484
27232,0.2256950926729393
27233,0.22372334960684967
27234,0.22649881157787252
27235,0.22677958974735815
27236,0.22480154188310536
27237,0.2203553065775814
27238,0.22025051741682716
27239,0.21252469701952018
27240,0.2188389319035909
27241,0.21766076053187614
27242,0.21905342880980613
27243,0.21995883813185182
27244,0.21632496551015223
27245,0.21613479636692165
27246,0.21365431921848746
27247,0.22454130510497033
27248,0.21977404373678366
27249,0.21845594206086066
27250,0.22228774757698488
27251,0.21716762579229731
27252,0.21411920386347968
27253,0.22423353500581755
27254,0.23043101364436094
27255,0.22248848372399377
27256,0.2220203899807742
27257,0.21695418395495503
27258,0.22307819032171045
27259,0.22236967690952586
27260,0.22308306784953974
27261,0.22493426975794567
27262,0.21612223666224875
27263,0.22114473081410568
27264,0.22206814253760698
27265,0.231525350330291
27266,0.21984397631088887
27267,0.2160148360317356
27268,0.2243490468189093
27269,0.21683693463360082
27270,0.21737109397376092
27271,0.22706304788097842
27272,0.22721933294636285
27273,0.23694575443011173
27274,0.22596782231364212
27275,0.21587881174015697
27276,0.2202956748394996
27277,0.2296538248393837
27278,0.21635595106407232
27279,0.21701758133868504
27280,0.2197779853526485
27281,0.22652929898916105
27282,0.22523811348401704
27283,0.23069813699005845
27284,0.2199123137855359
27285,0.22312233521912336
27286,0.2253835113934799
27287,0.2320081917995388
27288,0.22551598968384015
27289,0.22638084061283456
27290,0.22415332485821526
27291,0.2232166831697138
27292,0.21522383878063817
27293,0.21765720028891808
27294,0.23113101824178714
27295,0.21997369985506374
27296,0.2259262931189277
27297,0.22142324483866443
27298,0.21381115565744746
27299,0.22440094894946316
27300,0.21368533194267159
27301,0.22057428151006736
27302,0.22972841701486066
27303,0.22084647134695626
27304,0.22208230360749637
27305,0.21072217581098962
27306,0.213252254819975
27307,0.23058594404504867
27308,0.2234294255455275
27309,0.21534011034198347
27310,0.22416207276937744
27311,0.21985741238428302
27312,0.22421931074956886
27313,0.22390620212471138
27314,0.223564215356702
27315,0.22030151219407723
27316,0.2159527665437288
27317,0.22469981545360979
27318,0.21201115884615865
27319,0.21240224593591814
27320,0.21957471277687715
27321,0.2213217835239586
27322,0.21752991979848524
27323,0.22934871913101074
27324,0.22684375757205394
27325,0.22617786709563115
27326,0.21449466486747712
27327,0.22116572860823677
27328,0.21965095787423597
27329,0.2109407917230396
27330,0.21907613136294254
27331,0.2210185388944265
27332,0.21768753957742204
27333,0.2250301450427921
27334,0.2252865962221126
27335,0.224278487014788
27336,0.21701733647668636
27337,0.21376708550290652
27338,0.22252632102113049
27339,0.22236092792144016
27340,0.21461336755550886
27341,0.21688601056105192
27342,0.214600351895897
27343,0.21195563722782168
27344,0.21266840407625873
27345,0.21720224667579127
27346,0.2222625095876708
27347,0.21867629534652674
27348,0.21350845039866093
27349,0.21562183714722644
27350,0.2139866301650293
27351,0.21271627196228882
27352,0.2258288805738622
27353,0.22421650035564678
27354,0.2143416145580546
27355,0.2164731246099311
27356,0.21581800864211664
27357,0.22146595640980846
27358,0.21274865793111405
27359,0.21987973870012364
27360,0.21584519324087334
27361,0.22418073613815878
27362,0.21856520833232151
27363,0.22687914529988132
27364,0.22427256773762605
27365,0.21574938029618632
27366,0.21967442958998226
27367,0.21956273475418925
27368,0.21861605382812954
27369,0.2267105423969092
27370,0.21947620961908387
27371,0.21781355147839168
27372,0.21868872665465355
27373,0.21528920669409674
27374,0.21192914497681756
27375,0.2194805379830914
27376,0.22429016831676876
27377,0.22212627679654087
27378,0.21602814330189382
27379,0.21921337587211473
27380,0.22136010624151847
27381,0.22264114958895453
27382,0.21472573743280984
27383,0.2148939902951602
27384,0.21572855553953327
27385,0.21681177650262745
27386,0.21831933230027303
27387,0.22112748709566643
27388,0.21795503133328337
27389,0.2218635740943569
27390,0.22291474172407633
27391,0.21773560955876697
27392,0.22052874329669897
27393,0.22513438515739317
27394,0.21723856213381526
27395,0.22163310602882877
27396,0.22519209093842918
27397,0.22451232144778208
27398,0.21726061392015128
27399,0.2191924265681763
27400,0.22197213708777733
27401,0.22653990065223942
27402,0.21750344428719265
27403,0.22513223967641705
27404,0.22581584897670556
27405,0.22154687081074945
27406,0.2189686499390586
27407,0.21974951269303064
27408,0.2196842660961812
27409,0.21914099366051953
27410,0.2158544040622692
27411,0.21934865932156766
27412,0.22214445995744148
27413,0.22650418231479463
27414,0.21698626705045437
27415,0.2109668233723919
27416,0.21851350652271673
27417,0.21735789026337232
27418,0.2170231233755138
27419,0.22925694990967377
27420,0.21915746447693377
27421,0.22161987853818005
27422,0.21540709019962684
27423,0.2169944066736447
27424,0.220993175638718
27425,0.22705636713049304
27426,0.21300458563051042
27427,0.21938588480356785
27428,0.20881395062605113
27429,0.22154356825187577
27430,0.22021662366736
27431,0.22531496338581808
27432,0.2222364716598201
27433,0.21550651480892422
27434,0.21737288350851489
27435,0.2159263200662545
27436,0.2101525784480681
27437,0.2174554088248907
27438,0.22658569798032066
27439,0.22072522612826395
27440,0.21959958415098754
27441,0.220797019004252
27442,0.21714193975492754
27443,0.2135285154934531
27444,0.21419117438699947
27445,0.21371683704075592
27446,0.2216539859107422
27447,0.2172387034819945
27448,0.21115848211618968
27449,0.20966375271106574
27450,0.21817072706166044
27451,0.2159402090699713
27452,0.21545433276828502
27453,0.21838511869821833
27454,0.21921231986633508
27455,0.2119269107258993
27456,0.21384835302654584
27457,0.22004516256716553
27458,0.22537886847093694
27459,0.21680720672314613
27460,0.21788905903688885
27461,0.2241368850359332
27462,0.2162004770324703
27463,0.2276264891322127
27464,0.22127419534142814
27465,0.21834073445670454
27466,0.22761743480059748
27467,0.21970396066179843
27468,0.21973483439759048
27469,0.22666770124064406
27470,0.2196066276871842
27471,0.22582286782168665
27472,0.21675120707821782
27473,0.21815010118275746
27474,0.2204162128781892
27475,0.21964266309497577
27476,0.22418957139122703
27477,0.21767226072239468
27478,0.21920131304789517
27479,0.21172713764669657
27480,0.21502101774139992
27481,0.2147055304278656
27482,0.21625413804559876
27483,0.21530970292016277
27484,0.21923655806369252
27485,0.21874008138986295
27486,0.22403081676389724
27487,0.21812012806353423
27488,0.2212757066123394
27489,0.21309640030220028
27490,0.2124947701872947
27491,0.21876915598165236
27492,0.2189248655376483
27493,0.21443282079862092
27494,0.2167994345067619
27495,0.21193579074322622
27496,0.2209389236832162
27497,0.22010360158656953
27498,0.21769970075800768
27499,0.2175835234341931
27500,0.2187820051247132
27501,0.23106713479304672
27502,0.2201582099088709
27503,0.2214570583925314
27504,0.2118256707284641
27505,0.2209726440791922
27506,0.2165154275879695
27507,0.21405194353932108
27508,0.21310142777880275
27509,0.21313360419073266
27510,0.22023574887433503
27511,0.20642786453783932
27512,0.2183063179976399
27513,0.22439774162122944
27514,0.22689857096555216
27515,0.222561647101307
27516,0.21214099608658968
27517,0.22304645610470283
27518,0.21747755542668828
27519,0.21723245526005763
27520,0.2147446201784568
27521,0.22446590305507863
27522,0.20932261595827625
27523,0.21949115452977083
27524,0.21704897490408662
27525,0.2128285657343897
27526,0.2133060563968815
27527,0.21857795724829107
27528,0.2223798608153901
27529,0.21737804478075948
27530,0.2164155834366113
27531,0.21830649216891565
27532,0.21768942673495034
27533,0.21675414850060057
27534,0.21269649028221457
27535,0.20920220825961316
27536,0.21235716893026121
27537,0.21734204724055722
27538,0.21553190053927124
27539,0.22326802170938048
27540,0.226773743533412
27541,0.22246098639396872
27542,0.21877802565980528
27543,0.21382461141912837
27544,0.21288186803585915
27545,0.21616027196067986
27546,0.2119917576816198
27547,0.21728084940198214
27548,0.21897108125279618
27549,0.21977106160502927
27550,0.22103274114969523
27551,0.2238800110456513
27552,0.21110086054467625
27553,0.21224538877700933
27554,0.21893003732977773
27555,0.22218229727491465
27556,0.21530768468866207
27557,0.2149088010901901
27558,0.21358661488522243
27559,0.21390083953480277
27560,0.21037996294479352
27561,0.21590624645992337
27562,0.2128318859037688
27563,0.21897775957839452
27564,0.20864879401183462
27565,0.21342814663853182
27566,0.2150893483824163
27567,0.21692200154973051
27568,0.21812136394882825
27569,0.21481039876023914
27570,0.21397707938739308
27571,0.22350126063043016
27572,0.21634799335951269
27573,0.22324479628747076
27574,0.21899648637313446
27575,0.21652162892527574
27576,0.21943606286436915
27577,0.22117698959472964
27578,0.2215396787656791
27579,0.21738395646956596
27580,0.21754430791292245
27581,0.2166943918889987
27582,0.21224858725818457
27583,0.2112126849709766
27584,0.21453312332486693
27585,0.224905262951631
27586,0.21478797208000575
27587,0.21542881720372867
27588,0.21911383137129592
27589,0.22212444135818538
27590,0.20908777324304634
27591,0.2170536065123322
27592,0.2225528116131311
27593,0.222281837643788
27594,0.2194347598960177
27595,0.23228801496895973
27596,0.20750117465300835
27597,0.21908131733404967
27598,0.22024428917049824
27599,0.22199437955325774
27600,0.22251708822068364
27601,0.21651425359305873
27602,0.22289286793262772
27603,0.21733409243036508
27604,0.2277817674954812
27605,0.21761484554901347
27606,0.21876323877485687
27607,0.21471509734558433
27608,0.21856344908917869
27609,0.22095953166867943
27610,0.21500865302038608
27611,0.20968370265954434
27612,0.2153949669025527
27613,0.21668097738818412
27614,0.21086726084006913
27615,0.21162344262861232
27616,0.21884202416073567
27617,0.21689641960909609
27618,0.21908808628809243
27619,0.21876403072391187
27620,0.22478078819553243
27621,0.21930674928093602
27622,0.2207881378890561
27623,0.21739654510973697
27624,0.22179582476867854
27625,0.21114986017052875
27626,0.22221817861662288
27627,0.2168467796546615
27628,0.22543119833646907
27629,0.2150154845915706
27630,0.21669666173851215
27631,0.2199513283716829
27632,0.2182583192024146
27633,0.2178120488126733
27634,0.2245144130139172
27635,0.22076402767966163
27636,0.21434386032518343
27637,0.22163511087549415
27638,0.22608743874056259
27639,0.21712074647596918
27640,0.21187885284794367
27641,0.2106679553609691
27642,0.216930767118241
27643,0.2181719297156608
27644,0.2268199695516893
27645,0.22211838370817805
27646,0.2221466486792977
27647,0.22558103114886918
27648,0.21833087910468388
27649,0.21861778867372977
27650,0.22030179328455612
27651,0.2207505991328837
27652,0.22210592686105504
27653,0.21892212176580791
27654,0.20888281108808654
27655,0.2242573680942192
27656,0.22355080613244782
27657,0.21554165380438842
27658,0.21854210194348495
27659,0.21660431936739816
27660,0.22051361540438152
27661,0.2139122178181925
27662,0.21085872856621252
27663,0.21155236073554765
27664,0.21683417124293505
27665,0.22191317038392308
27666,0.21548503150598086
27667,0.21867373362751086
27668,0.2185584524924238
27669,0.21003461838444742
27670,0.21595497696681637
27671,0.21623558093469836
27672,0.2063550968173269
27673,0.20902735014872958
27674,0.21944834381328485
27675,0.2153757954489119
27676,0.21105132766583748
27677,0.21632093146276402
27678,0.21594767460324113
27679,0.211318262775848
27680,0.21681172270183335
27681,0.21886565840498648
27682,0.2170027736010684
27683,0.21737055621483414
27684,0.2169598476468976
27685,0.21591098531141156
27686,0.2272187701422917
27687,0.2240363550283486
27688,0.22512332416900102
27689,0.21462028579021716
27690,0.21591814933143386
27691,0.2117301428130567
27692,0.22165396279079178
27693,0.21777780718005096
27694,0.21828167154509062
27695,0.22595417471779997
27696,0.21710331881638392
27697,0.22083506088462157
27698,0.21619563440652237
27699,0.21911441564972958
27700,0.22256474764390266
27701,0.22023827773748245
27702,0.21244646695272207
27703,0.22270311693077188
27704,0.2229803394415267
27705,0.22382512449387418
27706,0.21626731451326014
27707,0.2254638649890644
27708,0.22210095001729696
27709,0.2246531820780674
27710,0.22653620741774588
27711,0.23012487044431584
27712,0.22236268147056787
27713,0.22190813879787244
27714,0.21997703470483182
27715,0.22029277639871703
27716,0.21948567493699986
27717,0.2218340575308169
27718,0.2241599900272119
27719,0.21684326729116143
27720,0.22197828102994033
27721,0.22827404261571335
27722,0.224612516217712
27723,0.22170284046080246
27724,0.23101326748207737
27725,0.2250001096693407
27726,0.22405167405672147
27727,0.22431239538907885
27728,0.23557258799698272
27729,0.2264872468731266
27730,0.22694084098735687
27731,0.22521116612135864
27732,0.21844709851979657
27733,0.22275788977061897
27734,0.21892031791559333
27735,0.21990180109281415
27736,0.22532880826836116
27737,0.2173918904964726
27738,0.22400255631632124
27739,0.23130987735515773
27740,0.2136728516935628
27741,0.2210600161901501
27742,0.21571758906191957
27743,0.22293267556567276
27744,0.22571972876136592
27745,0.22301962079317791
27746,0.22199892860668788
27747,0.22074371744940627
27748,0.21292151620913427
27749,0.22276931851978066
27750,0.2189845089310122
27751,0.21252877188164054
27752,0.21713348109295758
27753,0.2284293862519095
27754,0.22285664907565225
27755,0.22029533085859204
27756,0.2190091587948823
27757,0.2124723819616797
27758,0.2081469742989744
27759,0.21224868879907222
27760,0.21555329642701823
27761,0.21470943993405828
27762,0.21808250971161744
27763,0.21824317259656556
27764,0.22630864167404513
27765,0.21165829813138734
27766,0.21705577806481516
27767,0.21743028172889833
27768,0.21602766468832224
27769,0.2197999976373475
27770,0.2219632713440464
27771,0.21460465846491247
27772,0.21740642353670186
27773,0.21967907398274233
27774,0.2222766640993014
27775,0.2226525446787477
27776,0.2121393332368849
27777,0.2170872572432704
27778,0.20970460487248666
27779,0.21875372149708475
27780,0.21737305932660236
27781,0.21043593246889455
27782,0.21352627841457117
27783,0.22380237673461312
27784,0.2202768581562535
27785,0.2128256953331762
27786,0.21615219410850134
27787,0.22269969642915524
27788,0.22616782026224677
27789,0.2228032654480449
27790,0.21958921350242225
27791,0.22102883647107316
27792,0.22862854156997495
27793,0.2248996175910868
27794,0.21576137809272436
27795,0.21927704808903795
27796,0.22095639160438915
27797,0.22874101730516266
27798,0.21961001749472867
27799,0.22655926773914611
27800,0.2124346537065637
27801,0.21153598362743836
27802,0.21175165952913402
27803,0.21788754254274986
27804,0.21345603634798652
27805,0.21322510788854904
27806,0.2174335043931829
27807,0.2150117486055934
27808,0.21011381585722688
27809,0.21349731964910248
27810,0.21152319943967232
27811,0.21432278147416234
27812,0.216081651261248
27813,0.21412829626448784
27814,0.21380043781804622
27815,0.21768979215950765
27816,0.21852401664787413
27817,0.2143624253208091
27818,0.2199099188547717
27819,0.21181017876557018
27820,0.2193424503352663
27821,0.21377898978675858
27822,0.2091450482014014
27823,0.21702242279558157
27824,0.21752245607386161
27825,0.22059219479938094
27826,0.21931408595120247
27827,0.21804325788838055
27828,0.2063596283138958
27829,0.21672897035273408
27830,0.22416409554881656
27831,0.21279785043670518
27832,0.2250289604419255
27833,0.2142787012390585
27834,0.21753237588327634
27835,0.21848198483163758
27836,0.21620404590176653
27837,0.21093923201061518
27838,0.2185788824497709
27839,0.20934225838364498
27840,0.2248507822563427
27841,0.21156593324430106
27842,0.21270014514757782
27843,0.21163220349172665
27844,0.2161016331668126
27845,0.21816145208811297
27846,0.21425073065978545
27847,0.21852556048144003
27848,0.22256373121152942
27849,0.22330437520734836
27850,0.21820438520687188
27851,0.22290803449429342
27852,0.21624950432220066
27853,0.22240282205979273
27854,0.2181671102935375
27855,0.21770309811495395
27856,0.2138034412664476
27857,0.2098738305726543
27858,0.21994505351996746
27859,0.21699340333669564
27860,0.22541344924802847
27861,0.21196180544431228
27862,0.22010943233036454
27863,0.21741451352859803
27864,0.22088319616621263
27865,0.22076276132764652
27866,0.21867020173500273
27867,0.21787771999773986
27868,0.22086142484488763
27869,0.21767825795170978
27870,0.22025574701799672
27871,0.22172555201832905
27872,0.2258873875431981
27873,0.21696888697831834
27874,0.22125553674526627
27875,0.22473972441022919
27876,0.21619592776226362
27877,0.2134475058765817
27878,0.21588316351338818
27879,0.214872326678206
27880,0.21258349359497072
27881,0.21914190391852753
27882,0.21555341635205588
27883,0.21425896462905705
27884,0.22361183354978206
27885,0.2156903080091457
27886,0.2161088739573742
27887,0.21609022278704504
27888,0.2121018732069374
27889,0.20720850384180065
27890,0.2264999915583976
27891,0.21468341418796552
27892,0.22190373596141474
27893,0.22472528389594895
27894,0.2178454496010642
27895,0.2209617680791782
27896,0.21872855334061678
27897,0.21161930733757206
27898,0.21697735187405412
27899,0.21583964168060368
27900,0.2189211917805984
27901,0.22782408773732835
27902,0.21763524679427387
27903,0.2132964175046457
27904,0.21137045781264233
27905,0.2202692485936351
27906,0.22720678588903595
27907,0.21786537727422062
27908,0.21514007624465145
27909,0.21715210047259936
27910,0.216526270795946
27911,0.21946015213002495
27912,0.2154706060736492
27913,0.21870875012242227
27914,0.22154005380567976
27915,0.22113087503342718
27916,0.21778316383467095
27917,0.21353448413946186
27918,0.22159827678217958
27919,0.2146975654668931
27920,0.2211115387298619
27921,0.2137258216822227
27922,0.21628115755924648
27923,0.21548391589522925
27924,0.20805735901785802
27925,0.20825414348923074
27926,0.21541648883741374
27927,0.22144251050613928
27928,0.21307748665754905
27929,0.20875242830272894
27930,0.213631096899954
27931,0.213406153460602
27932,0.20931896154426688
27933,0.20392217716434766
27934,0.22043678295110758
27935,0.21303118867598464
27936,0.21667057750612673
27937,0.22172504410517965
27938,0.2228345246100445
27939,0.2126536711171405
27940,0.21592951860334172
27941,0.21843445556501156
27942,0.21553555895059606
27943,0.21348906666839845
27944,0.21382486610157866
27945,0.21734180550704468
27946,0.22190342731762266
27947,0.22443218492272288
27948,0.21806969627386072
27949,0.21888231750891782
27950,0.22155755807696548
27951,0.2154662474069281
27952,0.21823454913428506
27953,0.21224842168085886
27954,0.20922746519474794
27955,0.21333574092052704
27956,0.21487157483775549
27957,0.21795975371463608
27958,0.21827337644417955
27959,0.21815244063587635
27960,0.22210414691938954
27961,0.2181365379155034
27962,0.2132237623162146
27963,0.2158282563421095
27964,0.2118856268400193
27965,0.21822048365160482
27966,0.2208624193363309
27967,0.20901888246138878
27968,0.21682875790722714
27969,0.21896625476164425
27970,0.22100551646787203
27971,0.21579125552260747
27972,0.22459739042467616
27973,0.2179766840955691
27974,0.21512103063678759
27975,0.2079464044158296
27976,0.22222221267237866
27977,0.21942872822099502
27978,0.21585480078318992
27979,0.21096745887438925
27980,0.21534221659211417
27981,0.21280688238699003
27982,0.21574296550734898
27983,0.2199032092464439
27984,0.211028726930411
27985,0.22029558753724374
27986,0.2121473104673046
27987,0.21037720395277093
27988,0.21160907460041925
27989,0.2171247046248543
27990,0.22062682429778122
27991,0.2167554760959215
27992,0.21364421390935906
27993,0.2170098657678258
27994,0.21865589158280238
27995,0.21582999605975065
27996,0.22732874603325887
27997,0.22387216330904236
27998,0.21714944149714457
27999,0.22169574434100586
28000,0.21874697053432623
28001,0.2230170057615811
28002,0.22060416406112826
28003,0.21526911039248908
28004,0.22426729873982199
28005,0.21879949944919047
28006,0.22169706607561043
28007,0.21407374492282902
28008,0.21714377896312645
28009,0.2138524379043515
28010,0.21474392839041367
28011,0.2197450149523882
28012,0.2158433440865065
28013,0.21288992210716845
28014,0.22381264235572795
28015,0.21816406816104297
28016,0.2227617502656277
28017,0.2202051999353379
28018,0.21430988707511298
28019,0.2220741092682578
28020,0.21421403624934915
28021,0.22273191829327302
28022,0.21248105731937997
28023,0.21537913105838324
28024,0.2182496638819492
28025,0.21183782532854997
28026,0.22218151246109868
28027,0.22476627060843501
28028,0.20723404182937372
28029,0.20915882739865022
28030,0.20658807748415545
28031,0.21583282122321346
28032,0.21747962194458315
28033,0.21713396347124106
28034,0.2132880309887556
28035,0.21050416270089767
28036,0.21640175705878886
28037,0.215671366764777
28038,0.22084337854546388
28039,0.22290919962292663
28040,0.21424215044845693
28041,0.22318715748351067
28042,0.21036749123950427
28043,0.22419179656682575
28044,0.22351575171900973
28045,0.2177683867088341
28046,0.2171822214230604
28047,0.22371693741847465
28048,0.2222190079921895
28049,0.2199466940752881
28050,0.22791448046807974
28051,0.22399949160684843
28052,0.2149879717521766
28053,0.214200930579092
28054,0.211531974221554
28055,0.21622278230759254
28056,0.21482826018531614
28057,0.21440492017431548
28058,0.2208235576308385
28059,0.21933366198442125
28060,0.223990851615926
28061,0.22788163021604038
28062,0.21422445863196699
28063,0.2167366671403557
28064,0.22383393522216816
28065,0.21812436660628148
28066,0.2181279916034865
28067,0.22076099291383194
28068,0.21007857847058445
28069,0.21656020970672651
28070,0.2240071318989548
28071,0.21756654853839544
28072,0.2154533117841673
28073,0.22102128849210445
28074,0.22113022119081746
28075,0.22145061027178922
28076,0.2222698686898701
28077,0.21672503306025934
28078,0.21668503066250866
28079,0.22295247580620303
28080,0.2207556941551804
28081,0.2169489178833863
28082,0.22323193305689715
28083,0.21629560431022926
28084,0.21984157214867578
28085,0.22253793559436885
28086,0.21465395724205938
28087,0.2216740354128882
28088,0.21953947626049547
28089,0.22025205539688394
28090,0.21928657098959833
28091,0.22205485346851486
28092,0.2195916586296661
28093,0.22022733970518024
28094,0.2152514058882507
28095,0.21797264656144744
28096,0.22506365959610397
28097,0.2186207359213914
28098,0.2190445575486005
28099,0.21703606881017573
28100,0.21331363133232006
28101,0.22193911386595838
28102,0.21685501466084287
28103,0.218031073538417
28104,0.21150315782365897
28105,0.21590406137989906
28106,0.21213475459304718
28107,0.213702807529711
28108,0.221593528672338
28109,0.23219058823217914
28110,0.21768889175812572
28111,0.22335678747970436
28112,0.22305773885457297
28113,0.21928706296235848
28114,0.2169631300707195
28115,0.21233561157740224
28116,0.2049739808546895
28117,0.21599866575336124
28118,0.22501559193738488
28119,0.2158107556217288
28120,0.21921721547616482
28121,0.21955233327063467
28122,0.21664585329982333
28123,0.2134937221043476
28124,0.21958173525268573
28125,0.22070080690408894
28126,0.21629529256004879
28127,0.21600918088724447
28128,0.21778145666973983
28129,0.2122469260400949
28130,0.21750109408870288
28131,0.21849945490050038
28132,0.21237952044202243
28133,0.21444206826416334
28134,0.21716285789791334
28135,0.21109862339061655
28136,0.21449629795524947
28137,0.2146072083617231
28138,0.21946835962649014
28139,0.21758608745079694
28140,0.21301092072134695
28141,0.22070757442452332
28142,0.2086105209499659
28143,0.2115791712895815
28144,0.21118836405033176
28145,0.21179878089745216
28146,0.2182988618916503
28147,0.21485895752283096
28148,0.21505750903898968
28149,0.2166537315254535
28150,0.210063304957121
28151,0.21346847697258206
28152,0.21425074512077727
28153,0.21475707354288026
28154,0.2203757818939866
28155,0.21216537151319784
28156,0.21070955577739825
28157,0.2208530042346131
28158,0.21893203106578596
28159,0.2134946004631797
28160,0.21535846542319514
28161,0.22214163621849933
28162,0.22293289741931782
28163,0.21591865155587656
28164,0.21323042660164943
28165,0.21862460048790616
28166,0.21225307219735828
28167,0.2123741572360257
28168,0.2153272138907395
28169,0.21418876766557884
28170,0.21273581235118635
28171,0.21090118438686212
28172,0.22215675127303527
28173,0.21520006661250965
28174,0.21943808716709737
28175,0.21903113236061916
28176,0.22063423202340957
28177,0.22130928955894755
28178,0.22098238774751683
28179,0.21645111362828406
28180,0.21904896960195983
28181,0.22232515648248607
28182,0.22018865334808987
28183,0.2205911813677241
28184,0.216568081165789
28185,0.21966471499530937
28186,0.21387314055955853
28187,0.21973806955546007
28188,0.21970860847630136
28189,0.22116995799504666
28190,0.22592691099016013
28191,0.2132984604729417
28192,0.20707296963465982
28193,0.21777728302283655
28194,0.21767603502754346
28195,0.20941864571761118
28196,0.20840111558082036
28197,0.213711741113397
28198,0.2166139991048202
28199,0.21636784257409739
28200,0.21598942031699284
28201,0.21942450352659218
28202,0.21717555555774573
28203,0.218122236434554
28204,0.22148718772944823
28205,0.22120646416226003
28206,0.22218451155863808
28207,0.21600227619080442
28208,0.2221097765339771
28209,0.21239938093190394
28210,0.20871208838257277
28211,0.21531218151325066
28212,0.21228862293194767
28213,0.21689781755229454
28214,0.202723869899658
28215,0.21907537862797774
28216,0.21703733262464373
28217,0.2132577767596838
28218,0.21488655174216695
28219,0.218059945559428
28220,0.21416110592734838
28221,0.21689566369431038
28222,0.2194320592460543
28223,0.21211422399445118
28224,0.2075486089321329
28225,0.21676927671332272
28226,0.21878459724484503
28227,0.21747281365919086
28228,0.22085391740243224
28229,0.2047021919021729
28230,0.21409828806976064
28231,0.2180237474210018
28232,0.20492191626733566
28233,0.2148189315300445
28234,0.2153329992067657
28235,0.2194363702258253
28236,0.2198061196936619
28237,0.2137384885914191
28238,0.20899924003998896
28239,0.21445625969147455
28240,0.21646572001901934
28241,0.21027854445296068
28242,0.20697135850482198
28243,0.21959280959845856
28244,0.21455806080295606
28245,0.21468060168541703
28246,0.2150733592233371
28247,0.21276313713512193
28248,0.20643114422507902
28249,0.21603094814823406
28250,0.2136242812807159
28251,0.21556222844773013
28252,0.22195663263263335
28253,0.2141911769151964
28254,0.21427504245305845
28255,0.21995612259937966
28256,0.21296150416835252
28257,0.21958628364363056
28258,0.20965322211456452
28259,0.21246897750635513
28260,0.211035072013657
28261,0.20963188409164846
28262,0.21295589316895142
28263,0.21028050570019247
28264,0.2184241453956487
28265,0.2125476925526274
28266,0.21731024534349092
28267,0.21785382217468155
28268,0.21538427503306531
28269,0.2152337888015112
28270,0.2116800438169255
28271,0.20564297198797163
28272,0.2224046945274278
28273,0.2128832358612913
28274,0.21256313095339405
28275,0.22321401766525018
28276,0.21978581852988988
28277,0.21510109700421987
28278,0.21240710843576588
28279,0.214572433143722
28280,0.21322212350058353
28281,0.20908246342652473
28282,0.2126408630843038
28283,0.21197891950571054
28284,0.21866286043515687
28285,0.2215908795238435
28286,0.22116541696719863
28287,0.209745326792484
28288,0.21812063277556948
28289,0.22376672612219428
28290,0.21272947757466876
28291,0.21891303384502084
28292,0.215865165423908
28293,0.22391256505236748
28294,0.21646272275120382
28295,0.22754099323900281
28296,0.2169086181012585
28297,0.2175633446238482
28298,0.2103458460925019
28299,0.2139591588719508
28300,0.21872103634324608
28301,0.20621437159020034
28302,0.22145088758178805
28303,0.21285686095601997
28304,0.20675971449571223
28305,0.21787578432878882
28306,0.2097173954261137
28307,0.2128379630059396
28308,0.22070062656906136
28309,0.2225819711164063
28310,0.21189593460943143
28311,0.21975451836352164
28312,0.21994100114875145
28313,0.22021478721625296
28314,0.2125558014064562
28315,0.2131277431104729
28316,0.20861829090549744
28317,0.21906927548364408
28318,0.21546566939155384
28319,0.20985453168719492
28320,0.21734678175313335
28321,0.21313719087051647
28322,0.21634342940742524
28323,0.21925192867181656
28324,0.21377991860671555
28325,0.2193186350827573
28326,0.2124533377272974
28327,0.22539667023599716
28328,0.21030035458148089
28329,0.21650330515409388
28330,0.22174703900546244
28331,0.2180851137377033
28332,0.2131823307783574
28333,0.2177344509588078
28334,0.2107920791009058
28335,0.2227121802144491
28336,0.21056477653971184
28337,0.216858882002714
28338,0.21209414646779906
28339,0.2102668476554672
28340,0.2134151833621154
28341,0.21465853826646455
28342,0.21353350403313853
28343,0.20566070490098226
28344,0.21311964710487688
28345,0.21187899047636563
28346,0.21588504658470298
28347,0.2177380522469105
28348,0.21761473490908348
28349,0.2180678664939101
28350,0.21067381600150475
28351,0.21793152564409982
28352,0.21773385353209895
28353,0.21470220899904038
28354,0.2265011759342556
28355,0.22200006820426404
28356,0.21742975827020775
28357,0.21546585315988068
28358,0.21146188726716558
28359,0.21756652081259645
28360,0.21157441410026132
28361,0.223613647915085
28362,0.21845724629022034
28363,0.2200057671286897
28364,0.22033906056529085
28365,0.21402759011148176
28366,0.21197841797892797
28367,0.21730852083915697
28368,0.21376712941625628
28369,0.21230376220176386
28370,0.21529405321070724
28371,0.2138753378797786
28372,0.21076384641206616
28373,0.21025619577568028
28374,0.20956880194643218
28375,0.21893069971048396
28376,0.2091455622683332
28377,0.21561122041410258
28378,0.21321723262957726
28379,0.2146476949698111
28380,0.2199354628479766
28381,0.2137787775671344
28382,0.21502572107635481
28383,0.2134359255483568
28384,0.2104687136716338
28385,0.21824296505166127
28386,0.21882731282959428
28387,0.2197038465226352
28388,0.21348736037122076
28389,0.21666882812661983
28390,0.21592895241247503
28391,0.2166994508761824
28392,0.21966878365146028
28393,0.22555830538789584
28394,0.21058233488527567
28395,0.2124562388758989
28396,0.21454992262890515
28397,0.2117608705512176
28398,0.20883278719915394
28399,0.21406786402411987
28400,0.22019058232976654
28401,0.21472188300062853
28402,0.2179940035953624
28403,0.21870765416843085
28404,0.21127575012549715
28405,0.22071556502532455
28406,0.2124480164539017
28407,0.21832362841324385
28408,0.2116945738287581
28409,0.21608227988781833
28410,0.2130714177504253
28411,0.20956976885823922
28412,0.21735705787280193
28413,0.2168776772775883
28414,0.2214202822434532
28415,0.21563370613360502
28416,0.21906680783466506
28417,0.21201376591581575
28418,0.21211770481902645
28419,0.21853995456605183
28420,0.21284281620873177
28421,0.21590553343498686
28422,0.2141268793112803
28423,0.2112176422482188
28424,0.21141157832373378
28425,0.22059756073592746
28426,0.20917112768949475
28427,0.22150098810785698
28428,0.20864243454914758
28429,0.21253105023888566
28430,0.21419527574481492
28431,0.22212835179616627
28432,0.21925546862005824
28433,0.2144304223142898
28434,0.21056477633562745
28435,0.216522641531728
28436,0.21518819614702026
28437,0.21375195448862852
28438,0.21753149148429204
28439,0.21864551244167862
28440,0.21255159901743204
28441,0.20953364261214522
28442,0.2177967046205946
28443,0.2124682630942863
28444,0.21662041978224755
28445,0.21487801307912804
28446,0.22030037478135353
28447,0.21425484072425055
28448,0.20925283088204935
28449,0.21796714492695393
28450,0.22390158029818144
28451,0.2192583576339897
28452,0.21461571000824992
28453,0.22009246159492493
28454,0.21618469737688745
28455,0.21776824820389531
28456,0.22770765280436867
28457,0.2194908912896034
28458,0.21892027573860187
28459,0.22012767376683234
28460,0.22277929744119263
28461,0.22231713796828617
28462,0.21610257224064408
28463,0.21972561575638536
28464,0.20883084350681383
28465,0.21094264203402047
28466,0.22015142986610745
28467,0.21625339271901878
28468,0.21923952483296982
28469,0.2155932068943331
28470,0.21473915145207984
28471,0.2096010565115479
28472,0.2107919948692854
28473,0.2149793531081701
28474,0.20772222958446332
28475,0.21404544269638662
28476,0.21709922890668198
28477,0.214733576887929
28478,0.2098277706407524
28479,0.20888704609067615
28480,0.2175195566476803
28481,0.20841553157874335
28482,0.21543476437766038
28483,0.21792249545343623
28484,0.2156997591051942
28485,0.21389743207101994
28486,0.22262498768895714
28487,0.21441000220244213
28488,0.21633796607700348
28489,0.21666460542662294
28490,0.21997295106302542
28491,0.21182255025419278
28492,0.21568060913900702
28493,0.21414486842972136
28494,0.2137179394184762
28495,0.21297256985490626
28496,0.21161145122112646
28497,0.21231683994027217
28498,0.21221050006764083
28499,0.21575214668108691
28500,0.21901962212583054
28501,0.21387520317578868
28502,0.21775898572329
28503,0.21777006828399592
28504,0.21608219356551586
28505,0.21906782174763373
28506,0.21801097058299893
28507,0.21368962204189293
28508,0.21545504260448717
28509,0.21314735457548176
28510,0.22404657052049468
28511,0.21780311521402201
28512,0.2195333878580427
28513,0.21441315921796356
28514,0.2159792182980025
28515,0.22152835265715887
28516,0.22703285419584107
28517,0.2134683148428186
28518,0.22391463655032617
28519,0.21671005178333297
28520,0.2137309778064458
28521,0.20790839308348708
28522,0.22148762849582568
28523,0.2180970969811647
28524,0.21368660533555833
28525,0.21475753463799707
28526,0.20898592503756838
28527,0.2237457146364585
28528,0.19978377690101087
28529,0.21447110666374203
28530,0.2155715209305814
28531,0.21439136584747484
28532,0.2171857889312219
28533,0.22218071321984775
28534,0.20625002041843674
28535,0.22086238095549365
28536,0.21975225807017532
28537,0.21317369032158986
28538,0.21864594821549527
28539,0.20419506567314102
28540,0.22290343305656474
28541,0.21907759843948005
28542,0.2073638159156332
28543,0.21389226977787515
28544,0.20734947388023037
28545,0.21484633150169238
28546,0.21186883793080782
28547,0.21553965135301126
28548,0.20695205137008565
28549,0.21913729548253139
28550,0.21645479654712982
28551,0.2148285093504659
28552,0.20945333467800448
28553,0.21450204142724255
28554,0.2098720812641749
28555,0.2143074148318429
28556,0.22033776502102828
28557,0.2132101828443501
28558,0.2101315701014446
28559,0.2143785452690252
28560,0.2089682561758754
28561,0.2125292233856922
28562,0.22466990433623915
28563,0.2165126117803934
28564,0.21279097246480919
28565,0.21102740095827163
28566,0.21607558324527198
28567,0.21699961946672056
28568,0.2171408760455233
28569,0.2186438934444028
28570,0.21682861451520855
28571,0.21623873395351287
28572,0.21609398599812737
28573,0.21259457214446473
28574,0.2151628653391992
28575,0.2149802091106799
28576,0.21990233655116628
28577,0.21073540995866277
28578,0.2135551906299058
28579,0.21291839752234384
28580,0.20963177889799658
28581,0.22194467048125233
28582,0.21301597610913645
28583,0.21559972349259615
28584,0.21782776498943915
28585,0.20775564368100874
28586,0.20782967004548436
28587,0.2169721676985403
28588,0.2127876386533356
28589,0.22136493359878512
28590,0.21032563055369896
28591,0.20983530881404694
28592,0.21387076799244012
28593,0.2133224867111674
28594,0.21318252494221218
28595,0.2120175007745876
28596,0.21380805001868095
28597,0.21155854303635768
28598,0.2172036269343286
28599,0.22094131451939789
28600,0.21218822073445104
28601,0.21940358074406008
28602,0.21901085672796783
28603,0.2202735249695465
28604,0.2232342328960985
28605,0.21109270910493208
28606,0.21526978013954795
28607,0.207559684116466
28608,0.21955799694608844
28609,0.21520230102489882
28610,0.21069687138866036
28611,0.214510882642731
28612,0.217872880477236
28613,0.20988653797881301
28614,0.21094461252334906
28615,0.20424483200676172
28616,0.20801605619996136
28617,0.2132893090209048
28618,0.20975875174951983
28619,0.217183212761686
28620,0.21864716326915237
28621,0.2212834300376585
28622,0.21878782128093813
28623,0.21009770318729293
28624,0.22205410192671823
28625,0.2192920853054135
28626,0.21242911612229826
28627,0.21591462677088924
28628,0.21333433879088723
28629,0.2103294324565599
28630,0.22090526632904225
28631,0.21948129382242001
28632,0.21493393529720203
28633,0.21094729442841387
28634,0.20849460919679996
28635,0.21805194696433636
28636,0.21841590573137235
28637,0.21776955394362504
28638,0.2109449410411325
28639,0.20967137194536048
28640,0.20650950734378765
28641,0.20512881958528822
28642,0.21336790401741745
28643,0.21482785136857768
28644,0.20909797333848704
28645,0.2147268720416515
28646,0.2171785904593722
28647,0.21121145701579783
28648,0.21103826695304054
28649,0.21185920779642775
28650,0.20589340450646296
28651,0.2078080646975123
28652,0.21048952821584932
28653,0.20107097545408753
28654,0.2118673353470004
28655,0.21232443246771093
28656,0.20909610370333806
28657,0.2105354536197938
28658,0.21627490043178732
28659,0.22132569558701984
28660,0.22284500537573274
28661,0.20670284213029816
28662,0.2064398620820918
28663,0.2163079765202344
28664,0.21805040947007462
28665,0.2166094040666656
28666,0.20551532978783538
28667,0.21171949894776979
28668,0.2161405821414897
28669,0.2074636361627219
28670,0.21072422562798612
28671,0.2174757738360235
28672,0.2071938778319225
28673,0.21374498594149052
28674,0.21227632207321598
28675,0.22259481195237252
28676,0.21163735965824254
28677,0.2131593295287735
28678,0.20816764452650144
28679,0.21960792009418914
28680,0.21856118870254138
28681,0.21048062946724042
28682,0.2116702090477845
28683,0.20831494986153995
28684,0.21752706105584046
28685,0.21236202029907086
28686,0.21272940292035425
28687,0.21056345410906732
28688,0.21759296502818792
28689,0.21419254298241966
28690,0.2152144223489728
28691,0.209977038895167
28692,0.2149680001517526
28693,0.21139399520045596
28694,0.21103165490903444
28695,0.21320395802795636
28696,0.2168662138933817
28697,0.2230183988424196
28698,0.22368971872326446
28699,0.21582408095260672
28700,0.20754392308105263
28701,0.21408571283586633
28702,0.20889150429489228
28703,0.21022241638198555
28704,0.21570446775361463
28705,0.2170126379261387
28706,0.21945136088216757
28707,0.21314559064320868
28708,0.20812841230782583
28709,0.22117976399644812
28710,0.2117178568886447
28711,0.21423822408730986
28712,0.20689452734499078
28713,0.21615647785076425
28714,0.21986185283826015
28715,0.2196111439293074
28716,0.22101501838578802
28717,0.21566542652414966
28718,0.20995165945464894
28719,0.21451054358205277
28720,0.2204201513168621
28721,0.2115103550051893
28722,0.208208939594279
28723,0.2207569712078208
28724,0.21813094296506866
28725,0.20986321868930957
28726,0.21233839672492305
28727,0.21484473294425158
28728,0.21700913261328755
28729,0.2145255148971601
28730,0.21106416423756147
28731,0.22316530941681337
28732,0.21277318063175094
28733,0.2052586615174721
28734,0.2173859030106686
28735,0.21942138743881998
28736,0.22039340038146424
28737,0.2179396491420981
28738,0.22171778778839615
28739,0.21065713133279054
28740,0.2187906943085482
28741,0.21321536945425051
28742,0.21326871035727452
28743,0.21580456434794826
28744,0.21896825623619023
28745,0.2125946088576781
28746,0.21050857927073577
28747,0.2137028171270797
28748,0.2114206262756464
28749,0.216274969328001
28750,0.21650633823808998
28751,0.2113521693894052
28752,0.21241864634397575
28753,0.2139416267272494
28754,0.2091115906651247
28755,0.21720160118324056
28756,0.21414055724372755
28757,0.2055563902383058
28758,0.21509324765111876
28759,0.21523537573585544
28760,0.21167440860714407
28761,0.21704636943970443
28762,0.2062319798353087
28763,0.21021974109314082
28764,0.2169050439992046
28765,0.2095024166795073
28766,0.21848656134849367
28767,0.2198658819809233
28768,0.21658308482431102
28769,0.2265703278686641
28770,0.2210248169292778
28771,0.20529039467404978
28772,0.2100999798051345
28773,0.21082465810855555
28774,0.21071133121166039
28775,0.21450393079532565
28776,0.21960061091898495
28777,0.21702964939133448
28778,0.21723651691357626
28779,0.20850989222945593
28780,0.2034940552049731
28781,0.21439741514688201
28782,0.2121273085167336
28783,0.21091755675839158
28784,0.21286329311805388
28785,0.2169622839000606
28786,0.22211896097465475
28787,0.2191359041755886
28788,0.21804244497436873
28789,0.20774397339202355
28790,0.21767425931213755
28791,0.21899107615118965
28792,0.2154647505835161
28793,0.20543910315933814
28794,0.20341947839631397
28795,0.22404430523676896
28796,0.21143616399493026
28797,0.2197074888234958
28798,0.2146629199773001
28799,0.22123781331330636
28800,0.21747760908710032
28801,0.22051084920034084
28802,0.20869343841018337
28803,0.2209459514966066
28804,0.2173999485874915
28805,0.22231582556966212
28806,0.21356122969121155
28807,0.2133366359939944
28808,0.21775868954247485
28809,0.22213999024186348
28810,0.2116782022737947
28811,0.20976018256576257
28812,0.21274011877133792
28813,0.21372371839995846
28814,0.21543229719411294
28815,0.21715656450499116
28816,0.21976570863909198
28817,0.21848176011144704
28818,0.21577550424322942
28819,0.21089346784134513
28820,0.22602028761402393
28821,0.2074813944672799
28822,0.21237396188180216
28823,0.2129866260791746
28824,0.21499009951210307
28825,0.2199274576538763
28826,0.20446608415510892
28827,0.21345692148999224
28828,0.2252610324844728
28829,0.21140710989393185
28830,0.21679250577679435
28831,0.21255173352502937
28832,0.21071491362224873
28833,0.21858837117589616
28834,0.21449689887965367
28835,0.2125552246646645
28836,0.21680296412576605
28837,0.21064208423695283
28838,0.21837192554262883
28839,0.21701052462822804
28840,0.2163766588267088
28841,0.20360204566025245
28842,0.2152918067258794
28843,0.2164156468139162
28844,0.21020381117552553
28845,0.22433560728801927
28846,0.2198811174300876
28847,0.21479219102104477
28848,0.21455283729058566
28849,0.20598160422471973
28850,0.21252180864088252
28851,0.215646621569147
28852,0.21760169099382656
28853,0.21674234805253562
28854,0.21517310964393263
28855,0.21378138461370738
28856,0.20939389231047323
28857,0.20800859939147778
28858,0.21529496626000147
28859,0.2134531252132893
28860,0.21683116104462194
28861,0.22175397209869377
28862,0.2158727876755418
28863,0.21134278828120528
28864,0.21412323656031587
28865,0.22031592996791327
28866,0.21283922403059263
28867,0.21057081477592024
28868,0.21414389012401366
28869,0.21189850536108085
28870,0.21301406017377042
28871,0.21076374266814485
28872,0.21503846869042026
28873,0.21686828999767382
28874,0.2091458847992088
28875,0.2193207061195463
28876,0.22450264098754505
28877,0.21661798246400604
28878,0.2123994454939775
28879,0.21749000874363206
28880,0.21730299731060473
28881,0.212118354179919
28882,0.21828448385926744
28883,0.20448236449397839
28884,0.21700763239278478
28885,0.21188178268722488
28886,0.2143394637328396
28887,0.2124789141289829
28888,0.22376310481369732
28889,0.213951959223484
28890,0.2116637130995786
28891,0.2115043466005237
28892,0.20890615255892375
28893,0.22203310470180596
28894,0.21246145766425914
28895,0.2150338255401024
28896,0.22197899513811314
28897,0.21055478336411715
28898,0.21103870802768213
28899,0.21979550279679036
28900,0.22548120999417973
28901,0.21790823185842392
28902,0.21430563085571525
28903,0.21518470780298735
28904,0.21710477148181304
28905,0.21123514524102163
28906,0.21989680679237525
28907,0.21454658593850015
28908,0.21664862279661273
28909,0.21335686862200443
28910,0.21219645949615418
28911,0.21258455268169016
28912,0.21354143036878992
28913,0.20963700905436872
28914,0.20793472284584025
28915,0.20475894042585055
28916,0.21127788013787885
28917,0.22312127141761845
28918,0.22171989427068897
28919,0.21159451073284075
28920,0.21037807287804208
28921,0.2216550079772944
28922,0.21666551017871696
28923,0.20727648812625662
28924,0.21067429634334572
28925,0.20892907208966935
28926,0.21456350782718536
28927,0.21953183141183777
28928,0.2151193341432556
28929,0.2115304621673159
28930,0.20872724427171566
28931,0.22025104429425924
28932,0.21362957513585
28933,0.2146538662638989
28934,0.2164535338456328
28935,0.21016819619467358
28936,0.20996347018267678
28937,0.20854155427263146
28938,0.20220779120015028
28939,0.2142586803006984
28940,0.2088693606390619
28941,0.21019505290507853
28942,0.20770362180422505
28943,0.20988793744878229
28944,0.21927905912441528
28945,0.2145976211283192
28946,0.21260069120562106
28947,0.21212919029482688
28948,0.21312100029733358
28949,0.21318385451529479
28950,0.21119894425721014
28951,0.20835460887093407
28952,0.21534036645916282
28953,0.21783055823257993
28954,0.21534139314669148
28955,0.20667527524841137
28956,0.20902886389637768
28957,0.21297057402369116
28958,0.20920986163233396
28959,0.2168859103427033
28960,0.21786042426381483
28961,0.20976149451943749
28962,0.21347984814276988
28963,0.21208728269651347
28964,0.21173435778656305
28965,0.21736814501765284
28966,0.2150301969081212
28967,0.21196230755794335
28968,0.20962802840862688
28969,0.20665342782822022
28970,0.2161931693013008
28971,0.21353837378136226
28972,0.21196707786537874
28973,0.21398510198885196
28974,0.2140261526780312
28975,0.21810252733887134
28976,0.21552880153484075
28977,0.22136097316970596
28978,0.21152443396338516
28979,0.21908274972480532
28980,0.21335906727014176
28981,0.2130034974472356
28982,0.21774212926281172
28983,0.21073761237548785
28984,0.21261430908375353
28985,0.21246960891028935
28986,0.21247878919678698
28987,0.2168899095462204
28988,0.2178302929645428
28989,0.21592408091353882
28990,0.21261092684066554
28991,0.22122391430747593
28992,0.2114720479995494
28993,0.21534407385999282
28994,0.21300245533007292
28995,0.2174723149508137
28996,0.2116861930882586
28997,0.20553471989481598
28998,0.2097859223497601
28999,0.21429217238040488
29000,0.21523396649552043
29001,0.21238449187984595
29002,0.21087443649468063
29003,0.21278274779652268
29004,0.21637071995203785
29005,0.21718335179451007
29006,0.21293613986037693
29007,0.22357137587416134
29008,0.2196970219815643
29009,0.21091420894510524
29010,0.21021071875372102
29011,0.207764789809849
29012,0.21560686370282242
29013,0.2112566729421113
29014,0.20683558911337044
29015,0.20472404592657806
29016,0.2170112944877619
29017,0.21080411224869333
29018,0.20966599646343745
29019,0.20881930201959076
29020,0.21386091654165237
29021,0.21042852694600794
29022,0.20693921645135405
29023,0.21139003193222855
29024,0.21818639041160637
29025,0.2055260687066731
29026,0.2107302493719411
29027,0.21083056260069488
29028,0.21068711723037062
29029,0.21439366544286872
29030,0.21990896777765354
29031,0.214900019409164
29032,0.21768918709205415
29033,0.211235271811677
29034,0.22060241828582292
29035,0.21579325946630146
29036,0.21437568926134332
29037,0.21393003785134102
29038,0.20742800908980633
29039,0.21740713543342208
29040,0.22130519313455593
29041,0.2150582760776809
29042,0.21638998810164903
29043,0.21637375563722672
29044,0.210202467147065
29045,0.20133434648931314
29046,0.20852846288484436
29047,0.21398561722443016
29048,0.21228261487191422
29049,0.21870930619277779
29050,0.21275005033069005
29051,0.20999648411708596
29052,0.21478862071564783
29053,0.2187029913587034
29054,0.21240904145195783
29055,0.21309997130056704
29056,0.21157319072516612
29057,0.2121943362682066
29058,0.21487423374445314
29059,0.21788884333833422
29060,0.21465616516378883
29061,0.2150899694483553
29062,0.21751850732655842
29063,0.2168621248155221
29064,0.21047287213472618
29065,0.21588356203790451
29066,0.21616942263148523
29067,0.2167372289490402
29068,0.2114787251145457
29069,0.20765785342731238
29070,0.21176109843185228
29071,0.20513495528746428
29072,0.21577917789011491
29073,0.20823410551638807
29074,0.21539710123475642
29075,0.20230890362769424
29076,0.20912420098207107
29077,0.2109755548395648
29078,0.20937660934354665
29079,0.2158616603499705
29080,0.20508387058987376
29081,0.20106819548923704
29082,0.20589118556753916
29083,0.20926411007918114
29084,0.217280269729424
29085,0.2100165538010203
29086,0.2117209196857426
29087,0.20567950266401344
29088,0.20986474141652928
29089,0.21256258787333343
29090,0.21010485323313863
29091,0.21391949346077951
29092,0.2175289013424677
29093,0.22110552000215353
29094,0.2146569208149232
29095,0.22116318908601637
29096,0.21469931894198946
29097,0.21304543439663765
29098,0.21737144569388384
29099,0.21199621572412097
29100,0.2102528987578249
29101,0.2225413695460267
29102,0.20575602752225755
29103,0.20860742298005286
29104,0.20984190924432466
29105,0.20594911711037525
29106,0.2141875370394105
29107,0.2114514145113482
29108,0.2094434829676384
29109,0.20786657805905986
29110,0.20307145581468797
29111,0.21786087458993506
29112,0.20804380880091142
29113,0.21260782561773706
29114,0.20662541314168764
29115,0.21967978281566009
29116,0.2191207896235996
29117,0.21899027435499072
29118,0.22285128644597674
29119,0.21659502652722726
29120,0.21140145107560587
29121,0.2208509926364879
29122,0.21809875928977285
29123,0.2065928703801669
29124,0.21412131239969348
29125,0.2192895774790229
29126,0.20976435601470758
29127,0.21770780702108508
29128,0.21262611877913168
29129,0.20339881421417566
29130,0.21849938398752441
29131,0.21283670857112894
29132,0.21507883560689528
29133,0.21455877399647894
29134,0.20891812393015172
29135,0.2107729316702472
29136,0.21465124444615294
29137,0.2112389339091895
29138,0.20910323107056092
29139,0.20741307784352372
29140,0.20928005995137391
29141,0.21644147282212262
29142,0.21337672013341605
29143,0.2043518491585631
29144,0.20874696805143722
29145,0.20452687810959497
29146,0.20761509554971502
29147,0.21066041831278445
29148,0.21580436334632283
29149,0.21412818968902292
29150,0.21924928500329863
29151,0.2108398754429588
29152,0.21533630067512796
29153,0.2181057742758742
29154,0.2152800348405568
29155,0.21417687073619984
29156,0.2124568590838717
29157,0.2069095723090443
29158,0.21275658081422755
29159,0.21056736899742898
29160,0.2159803483691494
29161,0.20588304393043852
29162,0.20523122357981602
29163,0.21288499110595047
29164,0.21777451367282447
29165,0.20434604800353298
29166,0.2145333727001447
29167,0.21191662264826736
29168,0.21195842329717743
29169,0.21711383341915153
29170,0.2050794917214185
29171,0.21142407195023155
29172,0.20849311333549794
29173,0.2088629638369806
29174,0.2062893218163036
29175,0.2133073321040439
29176,0.22005885639366185
29177,0.21564854062043465
29178,0.21829723745854343
29179,0.21269397486204844
29180,0.22257790628785573
29181,0.21697911190980312
29182,0.2117360244358067
29183,0.22266543894899915
29184,0.22385796678069603
29185,0.21727083298086292
29186,0.21184581881688147
29187,0.21593043102357268
29188,0.22022215857841468
29189,0.2138369139835094
29190,0.20520874176551449
29191,0.20717389596704333
29192,0.22100467816199554
29193,0.21693488439239178
29194,0.21670250762728263
29195,0.21370952442432703
29196,0.21125749529291982
29197,0.21277837043844366
29198,0.2135464050838033
29199,0.21530153237832103
29200,0.22168260155642433
29201,0.2105202835307963
29202,0.19973998872428742
29203,0.21130172679181558
29204,0.2128371364390722
29205,0.20912534291633675
29206,0.20952555959602193
29207,0.2157197798325577
29208,0.2124192307243286
29209,0.2173690428759694
29210,0.21809867175427522
29211,0.21938568818943477
29212,0.20514359034259938
29213,0.21630614096543674
29214,0.2225255706482666
29215,0.223120699734254
29216,0.21575986032268965
29217,0.21296614628847366
29218,0.2133680090334529
29219,0.2128590572650186
29220,0.21092864524750415
29221,0.20757197097960398
29222,0.2201967143913898
29223,0.20570166958729094
29224,0.19825144827990368
29225,0.2153991870919575
29226,0.2105573334869053
29227,0.21268879283253636
29228,0.2094750466482981
29229,0.22437876953580554
29230,0.20994985608106836
29231,0.2148520953285896
29232,0.2158021993961199
29233,0.21002626820170878
29234,0.21641804686824623
29235,0.21495132486090524
29236,0.21091649514123403
29237,0.2125998080764249
29238,0.2214849705881124
29239,0.22053985210992644
29240,0.21669946342935872
29241,0.21405460054899156
29242,0.20560457643238272
29243,0.21287231534195813
29244,0.21207133813451476
29245,0.21227920795003363
29246,0.2089811800380386
29247,0.20786665986069763
29248,0.20618140515435843
29249,0.20634695730700717
29250,0.21429104148765013
29251,0.21368765841849388
29252,0.20616722070539809
29253,0.21655256437055403
29254,0.21133251938922515
29255,0.21689854708151288
29256,0.21701423713303483
29257,0.20526145349932304
29258,0.20818445637394575
29259,0.20831917794168137
29260,0.21110316163621623
29261,0.20062187245974558
29262,0.20603175798307793
29263,0.20947729733823453
29264,0.20880233830862346
29265,0.21386072926051625
29266,0.21587528291773084
29267,0.21553378718392485
29268,0.21128335057525605
29269,0.20754801804675466
29270,0.20541780347249053
29271,0.20635187446972117
29272,0.2040166957434133
29273,0.21238546618942739
29274,0.21179667260480114
29275,0.22461027103000905
29276,0.21493442312773617
29277,0.20866660720938907
29278,0.20652846568519836
29279,0.20422234437489956
29280,0.20334912717632384
29281,0.2101943106543131
29282,0.2129686166664123
29283,0.21347829450422023
29284,0.2175953602488572
29285,0.20183358051295755
29286,0.2061066854261516
29287,0.21394754560300847
29288,0.20330947248905384
29289,0.19731893241638254
29290,0.20569333728278008
29291,0.20967911630902625
29292,0.205916679696554
29293,0.21624199802484156
29294,0.21494238700295187
29295,0.21335650747661228
29296,0.216375602651161
29297,0.2067921411665333
29298,0.21048778992174197
29299,0.20924969103165228
29300,0.2134229694895552
29301,0.21530794969505093
29302,0.21525366793820944
29303,0.21472630240332813
29304,0.20396319535275886
29305,0.21509640097467778
29306,0.21527712053014697
29307,0.2050397510666891
29308,0.21161418169191182
29309,0.21123287739523347
29310,0.21345329071502156
29311,0.20904172656571893
29312,0.21633605623700475
29313,0.21745066351259718
29314,0.20176616987406482
29315,0.198742118634311
29316,0.21186399107747195
29317,0.20806530179765823
29318,0.2116794521080396
29319,0.20898196655994544
29320,0.2027760792942768
29321,0.2168549918448814
29322,0.20587968775637003
29323,0.21322174709970992
29324,0.21681015693813022
29325,0.20803465402556465
29326,0.21229398898905402
29327,0.20694729934917622
29328,0.20659209385839172
29329,0.20604882393164256
29330,0.2056417319184892
29331,0.20241357221260142
29332,0.20001989403378279
29333,0.2103782704848046
29334,0.2082636011657015
29335,0.20956301486806944
29336,0.21087231819395708
29337,0.21737529353892154
29338,0.21624788274491263
29339,0.21858088218196914
29340,0.2059265921825246
29341,0.2073314731450552
29342,0.2111342684016695
29343,0.21230423550107502
29344,0.21235761104973516
29345,0.21796312614005237
29346,0.21638615796575275
29347,0.20698322659243457
29348,0.2052676901450497
29349,0.21226336914056618
29350,0.21113300228598797
29351,0.21613857976892034
29352,0.20970531156803368
29353,0.2166517190665691
29354,0.2122709827491618
29355,0.21713170806176735
29356,0.20763005017042802
29357,0.21617026702554143
29358,0.2056308224255288
29359,0.21548094500512582
29360,0.2155494402879245
29361,0.21325322409666328
29362,0.2106955449407108
29363,0.2079409899882518
29364,0.2113853972391737
29365,0.2100873585871483
29366,0.20787379126139943
29367,0.21086101656579073
29368,0.2038425880343393
29369,0.2098304586369893
29370,0.21293434104080444
29371,0.2098296846398468
29372,0.21164765462515392
29373,0.2217333780683402
29374,0.21238443685332217
29375,0.21679486721523017
29376,0.20466086817341386
29377,0.21293942388792408
29378,0.2086125583877992
29379,0.20892599748042565
29380,0.21859161573950486
29381,0.21179250726400273
29382,0.21168813688187188
29383,0.21326911427882395
29384,0.20934891544267684
29385,0.21644782021653272
29386,0.21191034431637062
29387,0.2111593746325734
29388,0.20629457736770887
29389,0.21282013297875782
29390,0.20738028496845193
29391,0.20941520091808563
29392,0.20440176417595213
29393,0.21275075056249884
29394,0.21235993006045178
29395,0.21441122880375857
29396,0.21503959641720466
29397,0.213577004527237
29398,0.20732690561816391
29399,0.21722807442351683
29400,0.2207244232421302
29401,0.2098573275059299
29402,0.2128260252853996
29403,0.21679065714170342
29404,0.2122459615655357
29405,0.21199521506284355
29406,0.21146201322332048
29407,0.2113828654114466
29408,0.21968564672404797
29409,0.21433984950563656
29410,0.20822966730761322
29411,0.2188423685511382
29412,0.21805879546070078
29413,0.2131400102226902
29414,0.2191348432766016
29415,0.21378224227901269
29416,0.21217305311425397
29417,0.21047849662784404
29418,0.21797881663675753
29419,0.21128262143523302
29420,0.21630892836815416
29421,0.21935792129587808
29422,0.21499463249224715
29423,0.22041195777091765
29424,0.20901654160690886
29425,0.21491641469374895
29426,0.22142463970635834
29427,0.2090471299162872
29428,0.20426911023416996
29429,0.20484766327194537
29430,0.22248436412127867
29431,0.21944660646934347
29432,0.2148619267133566
29433,0.20985442148345404
29434,0.22156982790043012
29435,0.20906813730598856
29436,0.21407745650570756
29437,0.20799746618806836
29438,0.2211247358293582
29439,0.2081574167955598
29440,0.21007341138831206
29441,0.21207354941686296
29442,0.20460582539620992
29443,0.20834652423239408
29444,0.21491093201113026
29445,0.21017589226427347
29446,0.2082656714007783
29447,0.20555895733344237
29448,0.20484897874743394
29449,0.2033305123199155
29450,0.20616224282697243
29451,0.20890460351618728
29452,0.20915177892538378
29453,0.20042091964669065
29454,0.20946476228911037
29455,0.21409559923473337
29456,0.2120472889991803
29457,0.21133933637375507
29458,0.21063284446805525
29459,0.21008109508622672
29460,0.20589842190327196
29461,0.21197432382794298
29462,0.21790402393055183
29463,0.21466993582759672
29464,0.20662270282339337
29465,0.21468354627666958
29466,0.20727938863665335
29467,0.20748636361263686
29468,0.20760776378274795
29469,0.21499140016258242
29470,0.207746401269539
29471,0.2096217057097388
29472,0.21558109619771287
29473,0.21534084809844564
29474,0.21671897261209572
29475,0.2121787671783777
29476,0.21080144739843856
29477,0.21696595114331654
29478,0.20572427861532222
29479,0.21165716207855428
29480,0.21426948712963095
29481,0.21005500240383704
29482,0.2190317131086747
29483,0.21267225634986436
29484,0.21509434718264367
29485,0.2090028076189474
29486,0.21250448554239923
29487,0.2098753481782803
29488,0.21276990096774887
29489,0.20648711498061761
29490,0.21518175188147015
29491,0.21959356429087148
29492,0.2147870226915227
29493,0.20461222160723455
29494,0.20906373510060014
29495,0.20581457174462567
29496,0.2151563167869152
29497,0.2112451185869528
29498,0.2136048731720647
29499,0.21724104072826939
29500,0.2097047008088005
29501,0.21125004653472285
29502,0.2122964629987887
29503,0.21850325437093743
29504,0.2180051760122434
29505,0.2131262101565786
29506,0.20691445114132828
29507,0.2107499210842893
29508,0.22048492337818712
29509,0.2192050896126033
29510,0.20707505614477884
29511,0.2075471112546
29512,0.2171366146703238
29513,0.20246646867824045
29514,0.20203458955418815
29515,0.211024616073185
29516,0.20392464805499613
29517,0.21241754003769558
29518,0.20949122026221229
29519,0.20258881321793384
29520,0.20734017790180398
29521,0.20529351832696235
29522,0.21191990036380673
29523,0.20129608598305057
29524,0.20869423234637166
29525,0.21387737529696596
29526,0.20728013221899183
29527,0.20214395541217486
29528,0.20791596957317532
29529,0.2076373939408999
29530,0.20713781010686946
29531,0.20495515218141658
29532,0.21360489822748563
29533,0.20812036357734817
29534,0.21701131339021076
29535,0.21885394267798924
29536,0.21610843511843117
29537,0.2152010948008319
29538,0.20118934969962118
29539,0.21262558673246063
29540,0.2102442377960286
29541,0.21465007359775806
29542,0.20749594190884427
29543,0.20970266849277955
29544,0.21408821729612484
29545,0.21565229411381465
29546,0.21758273438612877
29547,0.21209944971353625
29548,0.21583409026990777
29549,0.2174594070036487
29550,0.21140990115186378
29551,0.20783872087439625
29552,0.20158998976704298
29553,0.20720732746045487
29554,0.20453550388251346
29555,0.20407490187748234
29556,0.20197796333581505
29557,0.21125161013243196
29558,0.2109593922444639
29559,0.20965333336546382
29560,0.21705588443422486
29561,0.21238227506149882
29562,0.21089467297307005
29563,0.21046337466269815
29564,0.21300751698887344
29565,0.21451668479605882
29566,0.2183537066845963
29567,0.21126943509164278
29568,0.21391386323392567
29569,0.21930657277298446
29570,0.21536111043380443
29571,0.20539946591021124
29572,0.21046771914836482
29573,0.20537951881596694
29574,0.2071561827958901
29575,0.21367009498419423
29576,0.21063995034428065
29577,0.21040949694060168
29578,0.2069489853058325
29579,0.21041612197647297
29580,0.21146801736189488
29581,0.21009549483591516
29582,0.21023550336390942
29583,0.20960830748177905
29584,0.21280662064446768
29585,0.21293171715015813
29586,0.20967220927302074
29587,0.20826220311886956
29588,0.2163590536710467
29589,0.21326243865639322
29590,0.2137167234613921
29591,0.2114431794944321
29592,0.206572339292813
29593,0.20793000604241932
29594,0.21661035666494216
29595,0.2085567137847781
29596,0.21129147904497
29597,0.21410699303991004
29598,0.20358952445025194
29599,0.20869606308221295
29600,0.214414237706967
29601,0.21461410003873782
29602,0.215110509221977
29603,0.2167511705085095
29604,0.2133442904568103
29605,0.21621427485281572
29606,0.22056310739817903
29607,0.21153984230010284
29608,0.20967590798881272
29609,0.21021783223401488
29610,0.20441186428667793
29611,0.21545244080634732
29612,0.20298159339100708
29613,0.20866329714396745
29614,0.21246044454485197
29615,0.21016271550299553
29616,0.20657769294756578
29617,0.21803412692900234
29618,0.21146607741857806
29619,0.21123750947033537
29620,0.2027207336830357
29621,0.20512714202732757
29622,0.21106769265499334
29623,0.2178713178368001
29624,0.20306555943211715
29625,0.2100691662637514
29626,0.21137348719294097
29627,0.20392446134848521
29628,0.20728075306234947
29629,0.20640479371482823
29630,0.20915389256773761
29631,0.2066526431639846
29632,0.20537470735682137
29633,0.21305608602536766
29634,0.2137783153604998
29635,0.20611662633737762
29636,0.21683933093181806
29637,0.21635016247649783
29638,0.22551284291810594
29639,0.21247520241853565
29640,0.21382757014226828
29641,0.21242612604344988
29642,0.21493048355180694
29643,0.21859779917693542
29644,0.2058478560870761
29645,0.2155551560865338
29646,0.2131582357719602
29647,0.20577146615825906
29648,0.21162899707039945
29649,0.21193022851877416
29650,0.2132955628106103
29651,0.2086496139600748
29652,0.20901349850367523
29653,0.21239760638010222
29654,0.20724881157105282
29655,0.20852046076298916
29656,0.2061802472472513
29657,0.20467041402748729
29658,0.21262427473875942
29659,0.20525313695095468
29660,0.21133105038669475
29661,0.20940337370732698
29662,0.20368856653694967
29663,0.2077262276912644
29664,0.2099901560595243
29665,0.21305199271126735
29666,0.21905601632405505
29667,0.2114234095843599
29668,0.21737370671552234
29669,0.2148310238718074
29670,0.2102206634540342
29671,0.213252735303949
29672,0.21832279713562414
29673,0.21596337785141415
29674,0.21816338713127603
29675,0.2166065654840858
29676,0.21779321398572624
29677,0.2149870563602367
29678,0.21469405581207293
29679,0.21105419428316147
29680,0.21174497900127817
29681,0.21283390285730253
29682,0.21049793099325653
29683,0.21127333738339005
29684,0.21096674356067147
29685,0.212832008537189
29686,0.20948621517490895
29687,0.20905077003347525
29688,0.2208273755219098
29689,0.21654884140939798
29690,0.2069129596886702
29691,0.21258269157035678
29692,0.22157986861560142
29693,0.2180522033288149
29694,0.21015244695311425
29695,0.2112808943681457
29696,0.21322554434969027
29697,0.21275328321689163
29698,0.20775009351648663
29699,0.20896191259300412
29700,0.2050098941005764
29701,0.20439990990704726
29702,0.20929966106673623
29703,0.20685917448343086
29704,0.2090681252535053
29705,0.21454097562802255
29706,0.20332021925288005
29707,0.21372270466038595
29708,0.2087789343405396
29709,0.21080655077206908
29710,0.20882090536317838
29711,0.20602382832571528
29712,0.2099857353847644
29713,0.20547018675885018
29714,0.21225576788614994
29715,0.21512130370989702
29716,0.2074819910353928
29717,0.21589639962600335
29718,0.19955755562031774
29719,0.2059175678438863
29720,0.2147993000137188
29721,0.20751010827275515
29722,0.21239159339932684
29723,0.2073001626681792
29724,0.2089335793614984
29725,0.2093041115607377
29726,0.2167428167619693
29727,0.21358356308033177
29728,0.21772048265279711
29729,0.21764743726319755
29730,0.2047174848922031
29731,0.20880053412727534
29732,0.2122708218077846
29733,0.2033341508443927
29734,0.20540080432860797
29735,0.20210883412323602
29736,0.21573109718113181
29737,0.21605831423937488
29738,0.21477653892059953
29739,0.20577072005338076
29740,0.2090741571038872
29741,0.20324123236736058
29742,0.21240235444411773
29743,0.20238838121979935
29744,0.2064186857261127
29745,0.20752293311518352
29746,0.2158350669934534
29747,0.20999670643347473
29748,0.20565624595432966
29749,0.21519163909742514
29750,0.21460201210516383
29751,0.21222955693450085
29752,0.21009155402529678
29753,0.21276808758384003
29754,0.21687969620013434
29755,0.20811536963888905
29756,0.20408464931306186
29757,0.20900133151035435
29758,0.20008750649371637
29759,0.2029126709577084
29760,0.21342765033992242
29761,0.21127594647247927
29762,0.21260896710412377
29763,0.2116816199697748
29764,0.21693169451282546
29765,0.20774214307327354
29766,0.20692936107736706
29767,0.2147891966174315
29768,0.210843756516079
29769,0.21038607948488414
29770,0.2029569497336167
29771,0.21329544928026856
29772,0.21651698913293507
29773,0.21447782746959845
29774,0.21420665259575686
29775,0.21457590299219093
29776,0.20953051086709268
29777,0.21434073904122364
29778,0.20922049813114585
29779,0.21313674166215332
29780,0.2018734115934885
29781,0.2154025171773493
29782,0.2137510613017147
29783,0.21001032335848177
29784,0.2164035043008324
29785,0.21105442334399244
29786,0.21280274148841594
29787,0.21576377072526287
29788,0.21264555958936887
29789,0.20743510541374463
29790,0.2174287557884184
29791,0.21236037105401467
29792,0.21683019226363417
29793,0.2116309475318886
29794,0.2125022092831989
29795,0.21269948710824674
29796,0.20575242999501242
29797,0.20519388312678336
29798,0.20525057333962413
29799,0.2033171155615387
29800,0.2137917454906791
29801,0.2040280169106086
29802,0.21084682948290484
29803,0.21194801368125962
29804,0.20819391667011589
29805,0.220034687680387
29806,0.20733278923731113
29807,0.2071194816344055
29808,0.21119140445884224
29809,0.21541452019855337
29810,0.20995870432054617
29811,0.2049340003230336
29812,0.21100493373487247
29813,0.20612480311702128
29814,0.2065345469846199
29815,0.21279877979251946
29816,0.21295859311301152
29817,0.20454148796290988
29818,0.2041772420114522
29819,0.20571398059584436
29820,0.20487716560260708
29821,0.20953071337139492
29822,0.21457635830055863
29823,0.21074243808868653
29824,0.20427507384466476
29825,0.20125122961147437
29826,0.20531376521719735
29827,0.19971595183162735
29828,0.1987212430624935
29829,0.20393443714228557
29830,0.20944315115059275
29831,0.20853300039767392
29832,0.2034063706037267
29833,0.20395347517066104
29834,0.21267638837474934
29835,0.19240863325602822
29836,0.20183920588678078
29837,0.20756488846606727
29838,0.20602417751151944
29839,0.2113408001356086
29840,0.21295227180297438
29841,0.20734625556784297
29842,0.21350067788663346
29843,0.207503078093619
29844,0.20652350116915286
29845,0.19732694118910474
29846,0.20899110998208695
29847,0.20301240062753315
29848,0.2048768702280395
29849,0.2026299592461778
29850,0.20919442284255205
29851,0.20859888496850626
29852,0.20773237459928706
29853,0.2065167716039836
29854,0.20388028349413195
29855,0.2111149037264515
29856,0.21237360500700472
29857,0.20810175616445384
29858,0.21483999796931907
29859,0.20721173692194997
29860,0.21287435064866736
29861,0.20613815542132766
29862,0.20804598736519114
29863,0.20888259720764552
29864,0.21054581985060766
29865,0.2159072845723771
29866,0.21124857973053612
29867,0.2129995952021239
29868,0.2114321212815158
29869,0.20683672067407732
29870,0.20259088684609783
29871,0.20661408098551123
29872,0.20678180680861188
29873,0.21150821598905598
29874,0.20648274385254894
29875,0.21004430742334648
29876,0.2086046800738342
29877,0.21002304148602932
29878,0.21291558792668955
29879,0.20890274090946487
29880,0.20479531702518927
29881,0.20698213696410053
29882,0.20778105409868808
29883,0.21515507295972924
29884,0.21407464937620185
29885,0.21313486862544798
29886,0.21302752242613895
29887,0.20798282023742584
29888,0.21226785406301035
29889,0.19850650115139273
29890,0.2084028081226969
29891,0.21318488692186502
29892,0.20975629956375663
29893,0.21693441527939816
29894,0.22279017263755782
29895,0.21058812917589556
29896,0.21273873799569826
29897,0.2133964846662011
29898,0.21303949767499666
29899,0.2099194542156484
29900,0.21305683971819622
29901,0.2127709772171833
29902,0.20805322928263617
29903,0.21756230699960297
29904,0.20987240802550539
29905,0.21560301122729333
29906,0.20404927022120847
29907,0.20680602693386102
29908,0.21095439366931232
29909,0.21339119780452448
29910,0.21369331661680094
29911,0.20065578625432243
29912,0.2075131968218937
29913,0.21706823008191609
29914,0.21140749719409777
29915,0.2038252074101401
29916,0.20465515379230576
29917,0.20782084209092816
29918,0.21204868366055918
29919,0.2052650947451524
29920,0.2080222365467024
29921,0.2105017537217089
29922,0.20874634152956273
29923,0.20808338723720893
29924,0.20933945684757613
29925,0.20505062879947325
29926,0.20639721634106842
29927,0.21327883058054115
29928,0.19936994190735163
29929,0.214812662530506
29930,0.2109495634271946
29931,0.21095898779862898
29932,0.20873766770471355
29933,0.20844851184812285
29934,0.2034234221368891
29935,0.2063830067728392
29936,0.21015840004067765
29937,0.2109197004196051
29938,0.20940498559621404
29939,0.20503671729652276
29940,0.20884285641928346
29941,0.21029510978047428
29942,0.20758162471133396
29943,0.20234706005188985
29944,0.21119436635438985
29945,0.20449125062979648
29946,0.20575447558141235
29947,0.21577871807298077
29948,0.21461720745659466
29949,0.21581177613955851
29950,0.20521456778938169
29951,0.20732611759233321
29952,0.21324023450459417
29953,0.21241658227183247
29954,0.20445600841367
29955,0.21190306818518032
29956,0.208555055647578
29957,0.21330897626028508
29958,0.2013861246073069
29959,0.2050460771081994
29960,0.19955156486790968
29961,0.21071947597297372
29962,0.20712226744808473
29963,0.21223467773618546
29964,0.20513403838712407
29965,0.19978273134515465
29966,0.20910770959287742
29967,0.2077711700151286
29968,0.2103898036630111
29969,0.20929045476603084
29970,0.21023529731598134
29971,0.20740627455440155
29972,0.206312455059104
29973,0.21698511177569005
29974,0.20931075411071387
29975,0.212687832272608
29976,0.21094543337491461
29977,0.2104391797416853
29978,0.2167191541664787
29979,0.21020143635225477
29980,0.20995312688031117
29981,0.20552395436588167
29982,0.21635805288283186
29983,0.1969928536177261
29984,0.2077833844589076
29985,0.21453157994576344
29986,0.20918543736527512
29987,0.20491497636397116
29988,0.21327877607443455
29989,0.20606411113544887
29990,0.2184148344559173
29991,0.2106925886699401
29992,0.21380149714225033
29993,0.212203143074813
29994,0.2100043596306491
29995,0.20717064422943068
29996,0.20810306526362682
29997,0.20675251212144335
29998,0.20717881866934992
29999,0.21095524684548284
30000,0.2028816094694522
30001,0.2137629023514819
30002,0.20608763158227258
30003,0.2085233526262939
30004,0.20394916034840893
30005,0.20095805074985162
30006,0.2088690517985003
30007,0.20407844063485117
30008,0.20423242873868452
30009,0.21689149236411542
30010,0.2101736027191292
30011,0.20451317711671532
30012,0.21397148749638997
30013,0.21181823889230947
30014,0.20820052180374674
30015,0.20933764312944023
30016,0.2090662880316831
30017,0.2041380457005992
30018,0.2071982761348646
30019,0.21061256113491425
30020,0.21049848401204982
30021,0.2084931089766475
30022,0.21235116256691844
30023,0.20780564331018936
30024,0.20865431818923189
30025,0.20497409909481276
30026,0.21105791510925304
30027,0.21634987021002272
30028,0.2126704812011817
30029,0.21946051561865637
30030,0.209638577407628
30031,0.21068821327034104
30032,0.20580673170218283
30033,0.21933449475194658
30034,0.2129964010521875
30035,0.20303510325610785
30036,0.2129145048093506
30037,0.20393994205018984
30038,0.21260236223280127
30039,0.21723489333759896
30040,0.21862190760124073
30041,0.21103892251416126
30042,0.21195209222913394
30043,0.21279636734581958
30044,0.2088215395652155
30045,0.21254884773030075
30046,0.21537447402788537
30047,0.20882074187235716
30048,0.21140534562565455
30049,0.21155491443582297
30050,0.2064959767842574
30051,0.20731533441316807
30052,0.20186912576914962
30053,0.21104401509523538
30054,0.21038404102000546
30055,0.20407814960905862
30056,0.21247258980544614
30057,0.2145041798156568
30058,0.20849244316980411
30059,0.21844075649500488
30060,0.20229855462769586
30061,0.20815032896585084
30062,0.20861942713964335
30063,0.2089069066900422
30064,0.1997658736883003
30065,0.20801505070211623
30066,0.20432832685375185
30067,0.2083251481872447
30068,0.20584811516709323
30069,0.2087720067293397
30070,0.20823706679810608
30071,0.21431845132716554
30072,0.21938961313161098
30073,0.2169104427131806
30074,0.21001073709222332
30075,0.2099698436640823
30076,0.21243711731748738
30077,0.211821946104658
30078,0.21466812851845032
30079,0.2183060077925969
30080,0.21487519252816784
30081,0.21267723385465512
30082,0.21244018580041807
30083,0.2095245601082533
30084,0.2078628698686227
30085,0.2099916971633545
30086,0.20990387885547626
30087,0.20696925580673575
30088,0.20680078898719037
30089,0.21477926104424033
30090,0.2048012987212229
30091,0.21590818024886152
30092,0.21774751026000805
30093,0.21257552056553222
30094,0.2124346762672309
30095,0.21421314875935485
30096,0.204659673741646
30097,0.20940136426870987
30098,0.21713167244431528
30099,0.21849861467734366
30100,0.21416234826185795
30101,0.20836382515433644
30102,0.212585731257162
30103,0.20343467103437599
30104,0.20924464493443345
30105,0.20815068777059512
30106,0.21280367588184151
30107,0.21516730375467846
30108,0.20545653546500217
30109,0.20837092513608982
30110,0.20813460547716528
30111,0.20913170372714965
30112,0.20632310189709682
30113,0.20624011391313188
30114,0.20539490118299839
30115,0.20966479963666598
30116,0.21119385829065038
30117,0.20376006621197057
30118,0.2122468222853786
30119,0.2032934405862768
30120,0.20143264262123023
30121,0.20604210683197974
30122,0.21345357383164726
30123,0.2100789734580318
30124,0.20838118044943416
30125,0.21037762580693606
30126,0.2045971177239127
30127,0.2003912389020377
30128,0.2008177324088167
30129,0.20778243612566177
30130,0.20857250134517294
30131,0.2059426802433404
30132,0.19832532960934465
30133,0.215849725883314
30134,0.21460033560590616
30135,0.2093836989745443
30136,0.20974075394807887
30137,0.21517588289261172
30138,0.2106396166731432
30139,0.20875616019228393
30140,0.212307343381187
30141,0.21640383096033816
30142,0.206651992201279
30143,0.21380801651044823
30144,0.20387913074057154
30145,0.20845265987604805
30146,0.2070710767315589
30147,0.20494938613614533
30148,0.21969633427734137
30149,0.21720570817155443
30150,0.2061230440417268
30151,0.2087060916488983
30152,0.20548035276081425
30153,0.21511093277402865
30154,0.20478247248152504
30155,0.19496190830535925
30156,0.19994946068191144
30157,0.20196003462645873
30158,0.205165371201564
30159,0.20259842092349345
30160,0.20203230649448536
30161,0.20946714105033315
30162,0.207809161223669
30163,0.20659182012177554
30164,0.20318250448389819
30165,0.2061165009379246
30166,0.2067738989191664
30167,0.21412954442614926
30168,0.21517632611838364
30169,0.21233035606509626
30170,0.2024809929267204
30171,0.21381361310379698
30172,0.21337117090626626
30173,0.20928865376591557
30174,0.21518019208835906
30175,0.2161855818605329
30176,0.21656554281960555
30177,0.21062943294889613
30178,0.21284336149026853
30179,0.21476571584977608
30180,0.21116295730785137
30181,0.2113497840571424
30182,0.21597015032430814
30183,0.21515269783165789
30184,0.21199418765146358
30185,0.20263846445727718
30186,0.20438938447134722
30187,0.21029565358809355
30188,0.21536710470169423
30189,0.21556003280463296
30190,0.2143337040331794
30191,0.20400689788132534
30192,0.21614759292951724
30193,0.2074634515915933
30194,0.20536200880210248
30195,0.21040451361800847
30196,0.2121767656079197
30197,0.21973115228435172
30198,0.20698066058968614
30199,0.2046454561813248
30200,0.2000097913375513
30201,0.21018249280581477
30202,0.2139628674801075
30203,0.20399709830863064
30204,0.20437771639492017
30205,0.20543484784052413
30206,0.19930295369450665
30207,0.20525347113714326
30208,0.20548755522858209
30209,0.20678154034730203
30210,0.20951051048266905
30211,0.21172726960673954
30212,0.2198254842192203
30213,0.20864863015017998
30214,0.21329659855937663
30215,0.20272962125919525
30216,0.2057089827402381
30217,0.20940133243146822
30218,0.21257721925655299
30219,0.21487042885248755
30220,0.21164322678101252
30221,0.20947725752751745
30222,0.2076875575207165
30223,0.21433097719392355
30224,0.20562134515224603
30225,0.21129528733186007
30226,0.20748697254965226
30227,0.2113854037335658
30228,0.2130243986856881
30229,0.20820076145764685
30230,0.20972672739534728
30231,0.21316253506844282
30232,0.21602435274333476
30233,0.21147194652501353
30234,0.2124133847307172
30235,0.2052358952135172
30236,0.21530449995467868
30237,0.2137246324602371
30238,0.20857240662161725
30239,0.21115805834383647
30240,0.20519866957953922
30241,0.20683128984065005
30242,0.21531933392172986
30243,0.2098436338439554
30244,0.21764745790263518
30245,0.21867363418598393
30246,0.21409415866364628
30247,0.21737569652175898
30248,0.2156421078109736
30249,0.21683284689199142
30250,0.21311245555686864
30251,0.20928235737966852
30252,0.2048291397282619
30253,0.20643817436428152
30254,0.21418376507015796
30255,0.20951628266049258
30256,0.21218951190302915
30257,0.21256549430658148
30258,0.21487724730238422
30259,0.2188772800977427
30260,0.2137720823880548
30261,0.2135821979883355
30262,0.20855287745976975
30263,0.2121276754161148
30264,0.20925635677176424
30265,0.21004448050782837
30266,0.20616340385288884
30267,0.20748016161320446
30268,0.20891080810058213
30269,0.20931706348377987
30270,0.20294827341339694
30271,0.2111654105189362
30272,0.20954526256511322
30273,0.20500313393493189
30274,0.20465368095930908
30275,0.20192881351993827
30276,0.21572872179638383
30277,0.21061624224016504
30278,0.20409937909212633
30279,0.21181177834349577
30280,0.20995156590084527
30281,0.205846851553705
30282,0.2078079643771021
30283,0.21115628805417966
30284,0.20278131623760676
30285,0.20539705879373035
30286,0.21545868714396282
30287,0.21407029434882327
30288,0.21628620591153105
30289,0.21417088510304927
30290,0.208988456061847
30291,0.20820182296478196
30292,0.2090062450171737
30293,0.21143521338126403
30294,0.2165275864569378
30295,0.21142399142128845
30296,0.2121168999725532
30297,0.211624780511284
30298,0.21329395681912733
30299,0.20902452160692597
30300,0.2132352688419259
30301,0.21043973145074915
30302,0.2185312124364708
30303,0.21026318868247731
30304,0.20840039686187903
30305,0.21598133614902168
30306,0.21665704277990952
30307,0.2126592114357805
30308,0.2182312863843166
30309,0.21156903058081244
30310,0.21083559331748417
30311,0.20422401212522345
30312,0.20792211770855362
30313,0.20978792996569437
30314,0.2062942742117395
30315,0.21301078344533894
30316,0.20550534123970352
30317,0.20084260575259322
30318,0.21418456666961336
30319,0.21071426440523347
30320,0.20533389319987155
30321,0.207987524112921
30322,0.20399256315787817
30323,0.20837349156330798
30324,0.21151962855265838
30325,0.2104499191165546
30326,0.21660217242247212
30327,0.21297976661322457
30328,0.2165702746391868
30329,0.20456656696096592
30330,0.21277690798884022
30331,0.2066907421390612
30332,0.2146958076726045
30333,0.20568652695272502
30334,0.2134750817042004
30335,0.2140608177504259
30336,0.21015877812891998
30337,0.20475578620730847
30338,0.20637550493444637
30339,0.205707696429579
30340,0.2136555677490753
30341,0.2039690984783855
30342,0.20826396671772857
30343,0.19972764566563775
30344,0.21299894421111706
30345,0.2040286623265741
30346,0.20947469881924302
30347,0.21063709316010534
30348,0.20784874040010873
30349,0.20592186099296633
30350,0.2082036228197138
30351,0.21068962923218762
30352,0.20812272716723745
30353,0.2091285915679846
30354,0.20420649504076663
30355,0.20456137798322416
30356,0.21507878220715418
30357,0.20980519606177123
30358,0.2083559178178851
30359,0.20136969095375534
30360,0.21330485644151762
30361,0.20855943679729394
30362,0.21030192998541475
30363,0.21312009394680317
30364,0.20884701010006307
30365,0.20458336204424407
30366,0.20786254398398288
30367,0.20736183005610356
30368,0.20596573383551775
30369,0.20708740343904672
30370,0.20827391891978606
30371,0.20051824677243169
30372,0.20359140172904866
30373,0.20254945668545754
30374,0.199845410194255
30375,0.2111873902759435
30376,0.20586239832013628
30377,0.21466400775059546
30378,0.20920889855201433
30379,0.2111936858103061
30380,0.2047832342765712
30381,0.2055648979682634
30382,0.20546053140442366
30383,0.21128435894473177
30384,0.20462490382102827
30385,0.20661901746059916
30386,0.20709005248788537
30387,0.20379725282627353
30388,0.20868997550594573
30389,0.215892758953694
30390,0.20756904335080487
30391,0.21036411976952538
30392,0.20753072622419913
30393,0.21234121350352503
30394,0.20448790954244955
30395,0.20659720433217488
30396,0.20331272370895934
30397,0.20888588902595406
30398,0.2045597568756754
30399,0.20914839398952936
30400,0.20537816448818927
30401,0.1987014106020077
30402,0.21211801042487977
30403,0.20829156091277795
30404,0.20985087366769045
30405,0.211446665005195
30406,0.21005953329554025
30407,0.21633198124895184
30408,0.2102217605599754
30409,0.21346554153377073
30410,0.20747195380777134
30411,0.21520904487498027
30412,0.2073569908060328
30413,0.21328975132249803
30414,0.21779547199902977
30415,0.21430291017308828
30416,0.20882988689052676
30417,0.2080136807288599
30418,0.2084277570313954
30419,0.20308654683844882
30420,0.21132329915329978
30421,0.21101809685163478
30422,0.20353065206584078
30423,0.2082713216027863
30424,0.20669771718715557
30425,0.20799452894888984
30426,0.20296650292747379
30427,0.2091167852734335
30428,0.21267085581908943
30429,0.20525772221490501
30430,0.20491573236704838
30431,0.2000666065354292
30432,0.2096795904357724
30433,0.21010831577321518
30434,0.20622336675235975
30435,0.201957437097067
30436,0.2034119388772734
30437,0.20689348233431304
30438,0.21136915979719834
30439,0.21140503000271754
30440,0.20950403342330756
30441,0.2018989413227583
30442,0.20725974031071015
30443,0.2066618107344112
30444,0.21299657232273894
30445,0.2128613939127586
30446,0.20870192614230826
30447,0.20221462398196885
30448,0.21028971082576894
30449,0.21158101488078793
30450,0.21212580603346098
30451,0.21347692230466794
30452,0.20741377276398323
30453,0.20607750689434423
30454,0.20892540385838484
30455,0.20898870700712852
30456,0.2094947630644341
30457,0.20680429901466088
30458,0.20740711556742814
30459,0.211802591186485
30460,0.20453570495599577
30461,0.2063976127952821
30462,0.21222721407051356
30463,0.20680994309917217
30464,0.2066149858517345
30465,0.211709889848871
30466,0.21258372215735588
30467,0.21068566052862592
30468,0.2039904043094959
30469,0.20647421931595045
30470,0.21455908849561692
30471,0.2091038493562434
30472,0.20716438481525432
30473,0.20904111424035374
30474,0.20357505737925524
30475,0.2187073966331888
30476,0.2101581791765847
30477,0.21401299606620136
30478,0.20724154360163066
30479,0.20270686469438326
30480,0.2006287675709354
30481,0.19689725189504495
30482,0.20325616485453826
30483,0.2061953118205538
30484,0.2011432633591911
30485,0.1975571275561027
30486,0.20127550543222816
30487,0.20166921532873613
30488,0.20820407683317307
30489,0.20860449269125578
30490,0.208748228078953
30491,0.19870070035391407
30492,0.20045176120703034
30493,0.21069516709195074
30494,0.20254895399233377
30495,0.2013318834217799
30496,0.2063006275086894
30497,0.20705292694626173
30498,0.2063772409013357
30499,0.21189423808413768
30500,0.21027811349027625
30501,0.2044705075665458
30502,0.2183166276468
30503,0.21470265479177988
30504,0.2057778413966918
30505,0.20705701114226635
30506,0.21161089928469295
30507,0.21504208569351355
30508,0.20708011333942677
30509,0.20802098854940393
30510,0.21108665167609442
30511,0.20230337248245
30512,0.21401958472916174
30513,0.21098188916434016
30514,0.2071051099075713
30515,0.20589574459592905
30516,0.21285344879733326
30517,0.21183480997111462
30518,0.2074422150040428
30519,0.20643050983595923
30520,0.19767634852472551
30521,0.2030884513088055
30522,0.20697110067869803
30523,0.2056603964713454
30524,0.20979278720070238
30525,0.2129405914502489
30526,0.208093835899527
30527,0.21698271054246127
30528,0.204108772626061
30529,0.2068479363658103
30530,0.21070965487836874
30531,0.2117378809262343
30532,0.21038928913932314
30533,0.2047002555193014
30534,0.20539460059191758
30535,0.20828443856441417
30536,0.20516523498996356
30537,0.2106734410310792
30538,0.21470134823723092
30539,0.21607127499228704
30540,0.20826223941367272
30541,0.21392338266897692
30542,0.21461251050161065
30543,0.2094531365181782
30544,0.21498026200444484
30545,0.2094066572219798
30546,0.21687950096483755
30547,0.20178641142416304
30548,0.21235700449092415
30549,0.2082033489413436
30550,0.20539204672832528
30551,0.2173097759857637
30552,0.21548581014051374
30553,0.21428828877528858
30554,0.20700666261821676
30555,0.21674654868200482
30556,0.21561084809265807
30557,0.21458862065892267
30558,0.2127005218581503
30559,0.20804936654911313
30560,0.2073088188352261
30561,0.2098422119575014
30562,0.21253106133491467
30563,0.21909370200540187
30564,0.2180295062575629
30565,0.20678220830279745
30566,0.21338544776011584
30567,0.21071592102944686
30568,0.21461539220250428
30569,0.20751030361620398
30570,0.2060890683904383
30571,0.20753673442659717
30572,0.20984090538727518
30573,0.2066721829861582
30574,0.20936588470050338
30575,0.21369590255660315
30576,0.21563821481268736
30577,0.21013127296136058
30578,0.20811686933006396
30579,0.20996314612135106
30580,0.2119850012996225
30581,0.20561852366718583
30582,0.20337107883139655
30583,0.20307704657152428
30584,0.20599459064036882
30585,0.20488784060264284
30586,0.20497111832620435
30587,0.2017046997135133
30588,0.20882922427912068
30589,0.20790483299187879
30590,0.21049852376138034
30591,0.20549047272313106
30592,0.2056682349064347
30593,0.21314290632004196
30594,0.20799628250785485
30595,0.20864565691811093
30596,0.2076283196346377
30597,0.2050939300015412
30598,0.211921672314019
30599,0.2056934270335258
30600,0.21033361033415304
30601,0.20802303418967114
30602,0.21350633620658702
30603,0.21356665802548405
30604,0.2165408808226303
30605,0.21869806095019442
30606,0.2225903746150519
30607,0.21223905446852695
30608,0.20941939892040715
30609,0.2108478370783919
30610,0.21477655037464258
30611,0.21374935743895035
30612,0.21812396027264003
30613,0.20968264907271816
30614,0.20968993434840913
30615,0.20402672112666345
30616,0.20578323239731558
30617,0.21010855583128066
30618,0.21029100493915995
30619,0.21175983318059063
30620,0.20801887637405467
30621,0.21822911977785556
30622,0.22305200570657727
30623,0.21940900452788772
30624,0.21198933667418537
30625,0.19783327223825667
30626,0.2086168831504192
30627,0.20015425036254506
30628,0.20100517976214644
30629,0.20966287219129764
30630,0.20801495020296074
30631,0.20493678304639876
30632,0.20083425897200638
30633,0.21046992160378222
30634,0.21115410840655285
30635,0.20239634681837362
30636,0.21095452532090253
30637,0.20969363420444906
30638,0.20357722164469605
30639,0.20871266036210392
30640,0.20566319019282953
30641,0.21182580615453703
30642,0.21077329843732812
30643,0.21123550733365387
30644,0.2157676186852695
30645,0.2111116697913716
30646,0.21228140559973246
30647,0.19611120126674564
30648,0.20291911341495145
30649,0.21941041879592116
30650,0.21219894774203177
30651,0.21878803170962077
30652,0.20361777099943468
30653,0.2082532448918187
30654,0.20943958349389655
30655,0.2007150149294178
30656,0.20413075629411093
30657,0.20612869444825763
30658,0.2032678039405676
30659,0.2031133593353813
30660,0.2042983419624203
30661,0.2105990807328102
30662,0.20664416077737952
30663,0.20917160636462973
30664,0.20367120453804685
30665,0.20853850814665661
30666,0.20553929113122285
30667,0.20480415399702098
30668,0.202310161202263
30669,0.20815483809177876
30670,0.20322294324481485
30671,0.20131073182340598
30672,0.20441766590100185
30673,0.19841678322563444
30674,0.2028946173250182
30675,0.21301581051201926
30676,0.21028833497067845
30677,0.21484116508613968
30678,0.20964077293897057
30679,0.2120569323835011
30680,0.20913971697127026
30681,0.21594677261312262
30682,0.22347610170590945
30683,0.20914545978217108
30684,0.20795202603730084
30685,0.20830808789420485
30686,0.21111672589617286
30687,0.2131370255344333
30688,0.19889847031727942
30689,0.20909059555855528
30690,0.2094847860378834
30691,0.20476865121512994
30692,0.19923843581897227
30693,0.19608988096523605
30694,0.2026183064135333
30695,0.2072103275400651
30696,0.19758150076869282
30697,0.20877199754018863
30698,0.21518214628701168
30699,0.21136898254033842
30700,0.2092380406923195
30701,0.21061559918108172
30702,0.21593137879230132
30703,0.2082051900239582
30704,0.20600268452488998
30705,0.2113975908742555
30706,0.20514340964380415
30707,0.20363030534558338
30708,0.2018311603138594
30709,0.2010892734077405
30710,0.2036453999259971
30711,0.2032985623219581
30712,0.2110745105881551
30713,0.20304366176456895
30714,0.20985649819493263
30715,0.20565043847026318
30716,0.2069731381432779
30717,0.21196135303043045
30718,0.2056186681055675
30719,0.21003274667438698
30720,0.20900395085990284
30721,0.20871226767782333
30722,0.21105274285504821
30723,0.20722233580557775
30724,0.20160573716396685
30725,0.21460652854896256
30726,0.20898267676433088
30727,0.2044814999569237
30728,0.214804201865954
30729,0.2037289758273831
30730,0.2130600074016077
30731,0.20858914617733923
30732,0.21625781378658765
30733,0.20659207108426195
30734,0.2047320042089336
30735,0.21267480595097507
30736,0.21636393468224518
30737,0.20904696805078812
30738,0.215067539556204
30739,0.21301665176817808
30740,0.20549837251494119
30741,0.2024948560361387
30742,0.20685989805295374
30743,0.21338776799972978
30744,0.21426353260587977
30745,0.20538142468252388
30746,0.20351860134275784
30747,0.21133213948959098
30748,0.2158291294747777
30749,0.21025137314214998
30750,0.21023970608048761
30751,0.20620210980493836
30752,0.20023319370727471
30753,0.20921255818134463
30754,0.20543541010920188
30755,0.20804593010772424
30756,0.20447742969647958
30757,0.21167761850151043
30758,0.21138521909423855
30759,0.20984814148232256
30760,0.2120860481263247
30761,0.2041329041848982
30762,0.21072506430696172
30763,0.21493652261781201
30764,0.2147444314117708
30765,0.2099828500355734
30766,0.20427730446739376
30767,0.21194560133359513
30768,0.20083706241044225
30769,0.20491161857314485
30770,0.20881078265159314
30771,0.20838287229935068
30772,0.20630302611186485
30773,0.20504339983103773
30774,0.20806261899317288
30775,0.20774866291020644
30776,0.21050019801695008
30777,0.20543998420961201
30778,0.21403798937047952
30779,0.20801660471369313
30780,0.21627752053388027
30781,0.2085038908847602
30782,0.2025793181611313
30783,0.20827115388159972
30784,0.20730683749962064
30785,0.20117562446315929
30786,0.198212717518822
30787,0.2126743324744755
30788,0.20389700798957966
30789,0.2024216629813658
30790,0.20085891104840117
30791,0.21504683882714293
30792,0.21243530091609383
30793,0.2118371785030516
30794,0.21342098401637263
30795,0.2114370870319039
30796,0.20123287734365075
30797,0.20099734065273733
30798,0.21108440715699023
30799,0.20998018651845515
30800,0.20486027288093406
30801,0.21230389091532886
30802,0.20838692252170718
30803,0.21010193878841915
30804,0.21652154212302885
30805,0.21008660420708372
30806,0.2084222226604265
30807,0.21226470630765235
30808,0.21059003319052436
30809,0.21034797142125886
30810,0.2079971971817487
30811,0.20005307326610391
30812,0.20530009173919217
30813,0.20584283868217387
30814,0.21386285890236417
30815,0.20542483526161115
30816,0.20693090505808354
30817,0.21301229516776246
30818,0.2083605921976512
30819,0.20608402379862942
30820,0.20489415120744287
30821,0.19787549412273428
30822,0.2072551284802815
30823,0.21388416482319467
30824,0.20791966652977192
30825,0.20921068905362794
30826,0.20288673419314127
30827,0.2135997841570997
30828,0.20354930196380508
30829,0.21283716339866635
30830,0.206476404762658
30831,0.20490170362422414
30832,0.20152770640228906
30833,0.20544156428218108
30834,0.20393510400937045
30835,0.21100923332333155
30836,0.1997165474134807
30837,0.21047454692618525
30838,0.207230999384837
30839,0.20224937688638778
30840,0.2104768743027057
30841,0.2083215269409321
30842,0.20316058751661614
30843,0.2027016986051532
30844,0.20243451907565177
30845,0.20846248487720928
30846,0.20771556678239703
30847,0.2183244189095777
30848,0.20875086876032634
30849,0.21602047165653873
30850,0.20286822676849453
30851,0.20075321832065607
30852,0.20962456006313232
30853,0.2083996841308717
30854,0.20935345239326533
30855,0.2122741162211401
30856,0.21271063454180048
30857,0.21236620366912326
30858,0.2089547403404897
30859,0.20382307709233036
30860,0.21056548162489971
30861,0.20723278571957635
30862,0.207048673395463
30863,0.20933913397809756
30864,0.20346626029607187
30865,0.20357256687735517
30866,0.20888198560205307
30867,0.2063880645705651
30868,0.20168704039968413
30869,0.2046886915619671
30870,0.20821458690374356
30871,0.2106011214488136
30872,0.21238053047554162
30873,0.20524707330055103
30874,0.20760813365169892
30875,0.20079481738300906
30876,0.20486974020896043
30877,0.2108082424052731
30878,0.20116847095742046
30879,0.20474447467600065
30880,0.20589993861550637
30881,0.201131650253565
30882,0.21464193698115283
30883,0.20692756450711314
30884,0.20965553676222348
30885,0.20823015149613672
30886,0.21906484230477138
30887,0.20809233568593086
30888,0.20777922035651789
30889,0.20445546735467798
30890,0.20508428755834282
30891,0.21183489860629184
30892,0.2018397350214372
30893,0.2002282447950563
30894,0.19926750558301273
30895,0.20145729754384095
30896,0.21513838778116726
30897,0.21148269554289278
30898,0.2106251456313335
30899,0.20020303754854743
30900,0.20542769564321015
30901,0.20117700189597715
30902,0.20325087320812465
30903,0.20069192133564923
30904,0.20344520149833678
30905,0.19830174933148284
30906,0.20599884375957378
30907,0.2051928179895806
30908,0.20822837566213415
30909,0.21574438545209915
30910,0.21241271182505275
30911,0.20375470643645374
30912,0.2072577575184833
30913,0.20657090723394803
30914,0.2108172647938589
30915,0.20773215503890025
30916,0.20861122338900587
30917,0.20720520814433005
30918,0.2111080592623562
30919,0.2029971823546723
30920,0.20686103056710986
30921,0.2104077249202477
30922,0.19543220732220312
30923,0.2094756923637942
30924,0.20897729284584926
30925,0.20780634108973067
30926,0.20944190796648424
30927,0.20680613154316416
30928,0.20868281513313408
30929,0.214012866511852
30930,0.20824263765447562
30931,0.21100243994523285
30932,0.1994078795720185
30933,0.20586767129722744
30934,0.20549587671050315
30935,0.2083999805194282
30936,0.20797668526337856
30937,0.19854213023821637
30938,0.20328070432696443
30939,0.20521288959472195
30940,0.2052431500475781
30941,0.20712226861316754
30942,0.2095498019988665
30943,0.1997247623061628
30944,0.20674525223223897
30945,0.2059521794935633
30946,0.2112936711225556
30947,0.2010533483813798
30948,0.20499840046043677
30949,0.2040434799157318
30950,0.2049332018046786
30951,0.19488771821293674
30952,0.19952810200603008
30953,0.20329356290380732
30954,0.2061562158764953
30955,0.1995269817833188
30956,0.20892043045741832
30957,0.20657875244617868
30958,0.2017636901794672
30959,0.2013867454537859
30960,0.20927127238069226
30961,0.20502474690803663
30962,0.20136707207782653
30963,0.20771697423538515
30964,0.1931066954511436
30965,0.20817547882906742
30966,0.2023764827052801
30967,0.20115060064723908
30968,0.20832910910191155
30969,0.20704961283125323
30970,0.20751341741404916
30971,0.215686654160639
30972,0.20609971571818805
30973,0.21461052258639576
30974,0.20660943970884305
30975,0.20638601523539624
30976,0.20942566811969107
30977,0.21331385965970337
30978,0.20364475028794216
30979,0.19900444054142713
30980,0.20284374672003974
30981,0.19809685586106596
30982,0.19927569148986696
30983,0.20436536994173973
30984,0.20192514342031023
30985,0.20343340875226204
30986,0.21333735269412732
30987,0.2097228647046317
30988,0.2040413891177708
30989,0.1997743430765618
30990,0.2064294847602531
30991,0.2050335360218155
30992,0.20647247889498963
30993,0.20419525049078274
30994,0.20782347387027772
30995,0.2055901050331319
30996,0.20375500637938884
30997,0.21174154783335705
30998,0.2126088368194596
30999,0.20367037164414514
31000,0.211741462170021
31001,0.20425829598124898
31002,0.20577783273914124
31003,0.20674715033327587
31004,0.2068392356913305
31005,0.2033965884018918
31006,0.2087989424801861
31007,0.21015771086110752
31008,0.20955317757411276
31009,0.20869886387194236
31010,0.20226870443808392
31011,0.20062050788595634
31012,0.20455907085903033
31013,0.20911954333033936
31014,0.21081267360618036
31015,0.20409785248559037
31016,0.21319289686875895
31017,0.21099926205830397
31018,0.21462787370450975
31019,0.21839817096674932
31020,0.20790876531529515
31021,0.21267578905780538
31022,0.20774125044443426
31023,0.21225671452285813
31024,0.20776923785238924
31025,0.2068794248409509
31026,0.2167941009210231
31027,0.21304665462221062
31028,0.20579112753504233
31029,0.1959161639985132
31030,0.20604841738218138
31031,0.19554851740210744
31032,0.1981065792428508
31033,0.20890164969626895
31034,0.2038509728013759
31035,0.20544360063471445
31036,0.21167688413122662
31037,0.19582076192228745
31038,0.20068436888859537
31039,0.20497738065620763
31040,0.19831101925621772
31041,0.20828131421845977
31042,0.2082392329187032
31043,0.20926627467301787
31044,0.21246006527112346
31045,0.21065094134122425
31046,0.2056529321110264
31047,0.20575450830098901
31048,0.20872410314681913
31049,0.2041243015428124
31050,0.2125531807494033
31051,0.2034607114500352
31052,0.20528425951776627
31053,0.20691300378831953
31054,0.20039654964346865
31055,0.2094299726180706
31056,0.20063745772207517
31057,0.2020653532698511
31058,0.20951870973388517
31059,0.20331737168906547
31060,0.2038017454534717
31061,0.20586389422018397
31062,0.20900770944597666
31063,0.20148660567019405
31064,0.2119963454197581
31065,0.2046631000148449
31066,0.19447674580009766
31067,0.20637590260098265
31068,0.20893877560767757
31069,0.2033020579280646
31070,0.21361110405334868
31071,0.2107359937460936
31072,0.20804534741367373
31073,0.20170971381019548
31074,0.20400531742073905
31075,0.20938281676116755
31076,0.2006104568096658
31077,0.20255068768606171
31078,0.21056595696967184
31079,0.201755564073016
31080,0.21027662343912376
31081,0.20769009445752748
31082,0.21790013671064276
31083,0.20026917170542421
31084,0.20084881112616407
31085,0.20889340672416437
31086,0.20179141748835677
31087,0.198102348457113
31088,0.21200959521983942
31089,0.2006018894173491
31090,0.20804106766414468
31091,0.20818348085946584
31092,0.20888634464190678
31093,0.20539338288853315
31094,0.2095761495546966
31095,0.2020757734661817
31096,0.20804885585249783
31097,0.2094358638547273
31098,0.2092314013356081
31099,0.20340215131655087
31100,0.20606874374462492
31101,0.2106552024442439
31102,0.2053234564127924
31103,0.2097116858670742
31104,0.20410663751373276
31105,0.2046282026304987
31106,0.20964434154845313
31107,0.2110599849941547
31108,0.2135649800538371
31109,0.2094990762842863
31110,0.2078990218105302
31111,0.21299289271294597
31112,0.21659325936410614
31113,0.20361669378063088
31114,0.20352697102093148
31115,0.19853065811175977
31116,0.2066220522878174
31117,0.20675766496281747
31118,0.21102204933117316
31119,0.2089607623270904
31120,0.2053991984183249
31121,0.20432237316646826
31122,0.21185307441008125
31123,0.20889753085896995
31124,0.20597665302789786
31125,0.20528852197472003
31126,0.20792895622127053
31127,0.20880410354177387
31128,0.21278742221653354
31129,0.20779461593663695
31130,0.20809707349536988
31131,0.21261007286222572
31132,0.20536610842453754
31133,0.20930208221994692
31134,0.20953512966704166
31135,0.2040462888417557
31136,0.20719645051950963
31137,0.20829621703205078
31138,0.20532017585580492
31139,0.21302268315490314
31140,0.21853591588785357
31141,0.20565462343619545
31142,0.2109513282257134
31143,0.20996676633060696
31144,0.2057102435404339
31145,0.20485667354327594
31146,0.20820851420151534
31147,0.20927466084438046
31148,0.21072259546238453
31149,0.20499028128879163
31150,0.21022572766717393
31151,0.20473749958469387
31152,0.20768995963301318
31153,0.2066782068958778
31154,0.19873751859542793
31155,0.2057607232328633
31156,0.20592878240252205
31157,0.2048189515934454
31158,0.20739661403493254
31159,0.2111472481626965
31160,0.2091608673402506
31161,0.21135597804139256
31162,0.209706822186303
31163,0.20965967222141926
31164,0.2093595746854775
31165,0.20827596438659823
31166,0.2049623778051806
31167,0.20875283531838038
31168,0.20401076581619107
31169,0.20690361112014707
31170,0.2000247636306607
31171,0.20975821839755737
31172,0.20433539093415723
31173,0.21063208313415555
31174,0.2122095887096205
31175,0.20976263715145319
31176,0.20752521814074062
31177,0.20826498072681177
31178,0.20781447048677248
31179,0.2076594448682431
31180,0.21497203978002133
31181,0.19985369073965115
31182,0.2071255779961998
31183,0.2143971115515008
31184,0.20369890512002145
31185,0.20683000024430837
31186,0.20978378595037542
31187,0.21119088604667197
31188,0.20779129455048137
31189,0.20696450071425157
31190,0.20287856832526296
31191,0.20111055341510678
31192,0.21597082999323575
31193,0.20945131753502502
31194,0.2087244091889267
31195,0.21041047574389604
31196,0.21525076102122806
31197,0.20662196405391045
31198,0.19795991808163946
31199,0.21056735647248398
31200,0.21517816372491444
31201,0.20913513332064507
31202,0.21152952288638519
31203,0.20956111364509794
31204,0.20597169010527183
31205,0.20792617475582004
31206,0.21577096397040152
31207,0.2020506679141048
31208,0.2022623875294057
31209,0.21806223771981792
31210,0.20963715540307487
31211,0.21518139345473689
31212,0.1988724748258303
31213,0.20177546914834418
31214,0.2030046588924163
31215,0.2076013626060719
31216,0.20772845366955206
31217,0.20060757944588847
31218,0.1990191901423518
31219,0.2064122803644869
31220,0.20281950801505153
31221,0.2060846735434508
31222,0.20528219369971837
31223,0.20121829606120076
31224,0.2118845910994684
31225,0.20995569918665058
31226,0.21371400098926158
31227,0.2086234368828703
31228,0.21279995618523223
31229,0.20888779295630702
31230,0.20615841998136394
31231,0.20207658943206516
31232,0.20565106794384855
31233,0.20252257003786198
31234,0.20408455373555753
31235,0.19979414673519852
31236,0.20630481543415388
31237,0.20430822210879873
31238,0.21166382585990368
31239,0.20514886976352334
31240,0.21107260018639915
31241,0.2133585820815691
31242,0.20498239591111764
31243,0.20073369594377996
31244,0.20669519370741485
31245,0.20195239329715423
31246,0.21313410278113842
31247,0.20359466668065837
31248,0.20494202485844093
31249,0.2166286913684091
31250,0.2055403406007437
31251,0.2087515630600426
31252,0.2086486017353126
31253,0.21158730912246712
31254,0.213128148309501
31255,0.20203108335440345
31256,0.21231408267141008
31257,0.22046042579958344
31258,0.2084160328835452
31259,0.21464799664740702
31260,0.20615247604080508
31261,0.21268431891077674
31262,0.20634977447138453
31263,0.21205937778646572
31264,0.20751192259087337
31265,0.2075438413848044
31266,0.2066334943331713
31267,0.20672429742775222
31268,0.20746220466391432
31269,0.20948282556039546
31270,0.20493130077595112
31271,0.200835262973803
31272,0.20825533106304897
31273,0.20738792837384087
31274,0.21078093440266513
31275,0.20173119011793245
31276,0.20315687863349427
31277,0.20581973711678378
31278,0.20274682235167524
31279,0.2078843847615632
31280,0.2047522794206604
31281,0.2114844951740167
31282,0.20058077484996664
31283,0.21150145870427103
31284,0.2107335747200911
31285,0.207083749351162
31286,0.2153431490838411
31287,0.21493864023029047
31288,0.21199922567250876
31289,0.20709752154662986
31290,0.20134318060596224
31291,0.19849795375642745
31292,0.2020635911543224
31293,0.2036577461445643
31294,0.20546532138220006
31295,0.20399425337855792
31296,0.21018054921330284
31297,0.20486530202520092
31298,0.21229596693627914
31299,0.20605872240343204
31300,0.2048095761745322
31301,0.20997785589705784
31302,0.21414882594551987
31303,0.21052313361485092
31304,0.2075519348168764
31305,0.21600942583082133
31306,0.2139322993873068
31307,0.2161055496378201
31308,0.20804240666295928
31309,0.20142305577903308
31310,0.20166570136177728
31311,0.20146519460690895
31312,0.20582717901464978
31313,0.21311206819059245
31314,0.20001540064749235
31315,0.20090405463944896
31316,0.2080792978156257
31317,0.20010180229940755
31318,0.1986379719476973
31319,0.1996105725182123
31320,0.1922134665262237
31321,0.19636703537765887
31322,0.21017074789675302
31323,0.21380166960659044
31324,0.20601286475401223
31325,0.20173095410449263
31326,0.20051381321552406
31327,0.2086355466092364
31328,0.20785923910425733
31329,0.20124836615892436
31330,0.2087596748650684
31331,0.2120103076828192
31332,0.20892851065966433
31333,0.20985977583604956
31334,0.2090756914157127
31335,0.21319347513550488
31336,0.21274167772339275
31337,0.20931168291999197
31338,0.2025434079593212
31339,0.21415897651062765
31340,0.21888514615381685
31341,0.20695818296391208
31342,0.20764246189853944
31343,0.2098374247919868
31344,0.21194452072307707
31345,0.20641524997605534
31346,0.20406556602727774
31347,0.20976224899565896
31348,0.2098474322362648
31349,0.19869016639585857
31350,0.21453577753281977
31351,0.20986202486839373
31352,0.21272285902514423
31353,0.20374254514109955
31354,0.20215219366480724
31355,0.20278849055242734
31356,0.20641629045838114
31357,0.20730477669640615
31358,0.20279247839568185
31359,0.1981860358464236
31360,0.20768184351268565
31361,0.21087430631808113
31362,0.20458838133324592
31363,0.20831108684979202
31364,0.207507449052024
31365,0.20400542690744441
31366,0.2054755309385781
31367,0.2060665178518728
31368,0.21419073509128644
31369,0.20680086256456218
31370,0.20588271492332294
31371,0.19955362728920958
31372,0.2072051316372481
31373,0.19968827934160538
31374,0.20089627052830908
31375,0.20356808611741561
31376,0.20560097503401004
31377,0.1996374086944084
31378,0.19878946999814828
31379,0.20730819857954452
31380,0.19780987867204922
31381,0.19762271372732343
31382,0.20261057778085512
31383,0.20502433749113616
31384,0.19704799180931418
31385,0.2056107962803789
31386,0.19733438300049125
31387,0.1968815895580351
31388,0.20419586955454308
31389,0.19709116218330888
31390,0.19701935388858127
31391,0.19896892515071907
31392,0.20361594369630942
31393,0.20807685379278487
31394,0.19765020330080912
31395,0.20007115518545476
31396,0.2059466071825456
31397,0.2026309539399732
31398,0.2069594277276338
31399,0.20501349413215753
31400,0.201812891637809
31401,0.1978671276311545
31402,0.20470985306578726
31403,0.20519761741517678
31404,0.2057600080447256
31405,0.20604274409570006
31406,0.19882766121979892
31407,0.20167927335736396
31408,0.2065748591901603
31409,0.21014083572214656
31410,0.20020451048317817
31411,0.20621803109834194
31412,0.19960618544971123
31413,0.20320810195590944
31414,0.21418589763398374
31415,0.20341453015453279
31416,0.20153014640100197
31417,0.19903420358626192
31418,0.2030286509970939
31419,0.20018812574078873
31420,0.2035315877209639
31421,0.20520733815852066
31422,0.2119267853624443
31423,0.20383736558590965
31424,0.19999929320644588
31425,0.20293846801737672
31426,0.2004839255115503
31427,0.20143999499276297
31428,0.2000955783559108
31429,0.20094379073575425
31430,0.20172534692676022
31431,0.20348723218797843
31432,0.2083828493615968
31433,0.20675361407181028
31434,0.21166507905298068
31435,0.20842242644371453
31436,0.2080270334073389
31437,0.2027336418438616
31438,0.20815965024046157
31439,0.2066003746242738
31440,0.20745022587702516
31441,0.2022633189676872
31442,0.20777397715109336
31443,0.20478280323389805
31444,0.2105714159235476
31445,0.21088384139625913
31446,0.1995275876024611
31447,0.20311978955828922
31448,0.1989424564866735
31449,0.20279521081553717
31450,0.20389454059777568
31451,0.2019171174310993
31452,0.20776569448867008
31453,0.2042948827836866
31454,0.20612809398910162
31455,0.19793342177169046
31456,0.2012009030962596
31457,0.19439358138312446
31458,0.20355826420211545
31459,0.20212619929623862
31460,0.1960670188854054
31461,0.20202291906740125
31462,0.19985072236722573
31463,0.20232213593567264
31464,0.1960863479274372
31465,0.20936711488375948
31466,0.20851301108716383
31467,0.20706641359146893
31468,0.20872972452561037
31469,0.20806490915352546
31470,0.20544231577407496
31471,0.19695906339409314
31472,0.19774343669498387
31473,0.20790730833895862
31474,0.20579409941081706
31475,0.20658048905588378
31476,0.2086052976420556
31477,0.21695632710687723
31478,0.20679197664451535
31479,0.20832617888611502
31480,0.20823718567618738
31481,0.21047096812775581
31482,0.20430037848497745
31483,0.20830270376427124
31484,0.2008671740735362
31485,0.20472160274416262
31486,0.20879919002175334
31487,0.21415465924217558
31488,0.20741357568126487
31489,0.2058851186025571
31490,0.208878611092828
31491,0.20435337170197837
31492,0.19858358702300066
31493,0.2033364610315309
31494,0.20822022493626283
31495,0.2061728461822323
31496,0.20415398423856163
31497,0.19826764048427228
31498,0.19529445167690557
31499,0.1977036693194389
31500,0.1987435775724632
31501,0.2020474310209624
31502,0.19960300928245445
31503,0.2085235973554478
31504,0.2039300729566309
31505,0.20577055171008907
31506,0.21116360765051426
31507,0.19750330573457195
31508,0.20159370295119897
31509,0.2020765630887397
31510,0.20206100815544442
31511,0.2051987859338724
31512,0.20237634920644196
31513,0.2042426715109515
31514,0.20041435259336124
31515,0.20299502598183777
31516,0.2049582702039036
31517,0.19711547388821887
31518,0.20195803021607694
31519,0.19914926899125518
31520,0.20177768390000095
31521,0.20008958594550147
31522,0.19938535189741316
31523,0.20674425193979817
31524,0.19793886289622906
31525,0.19740812115210635
31526,0.1969851000243864
31527,0.20434599047311422
31528,0.20112989007022256
31529,0.20078868257834215
31530,0.20279186934487817
31531,0.20163645238081518
31532,0.19944919641013867
31533,0.212365670898834
31534,0.20383194834954713
31535,0.20428302187890593
31536,0.2017099561474553
31537,0.19927128012557524
31538,0.20177566644454709
31539,0.20551814576988903
31540,0.2010304467932557
31541,0.20200513261066452
31542,0.20681827801692748
31543,0.1990869512430116
31544,0.2072387941837847
31545,0.19558541471958643
31546,0.20142026435239876
31547,0.20267489065378405
31548,0.20467793146321028
31549,0.20190023279705754
31550,0.19693687344959016
31551,0.20593080238858016
31552,0.20468237197042205
31553,0.19621043893276816
31554,0.19402194696723213
31555,0.19643390082624848
31556,0.20214285216451564
31557,0.20903474223248095
31558,0.19497612349829996
31559,0.19858200957975067
31560,0.20052935830266924
31561,0.20197005046892103
31562,0.20655077723861417
31563,0.19890441253895288
31564,0.20264198690008986
31565,0.20000931520721782
31566,0.20547215943623626
31567,0.2047591654223935
31568,0.20353238221445036
31569,0.20600271801894735
31570,0.20032555149445752
31571,0.19297110546041618
31572,0.2002105866839379
31573,0.19476147215844566
31574,0.19103965863176975
31575,0.20431668990996396
31576,0.20147294485051406
31577,0.1984813193726786
31578,0.20088605976946222
31579,0.2089622230057628
31580,0.20085154192956758
31581,0.20266495614514182
31582,0.19857904515447067
31583,0.19998032967111362
31584,0.19547071342045472
31585,0.20275668603623012
31586,0.20924798548791215
31587,0.2015175275190993
31588,0.195969411476913
31589,0.19956724465392164
31590,0.20724755532025912
31591,0.20141151158485304
31592,0.20244102476573678
31593,0.20080585416635535
31594,0.20099434644980993
31595,0.2036750707255302
31596,0.19536511670763648
31597,0.20134316912074415
31598,0.2041010349612913
31599,0.20479131872067136
31600,0.20917416086049526
31601,0.20597340080688095
31602,0.2093355947212076
31603,0.2062844723044159
31604,0.21011397951809574
31605,0.2052094543945836
31606,0.20464559419397296
31607,0.21598432275861948
31608,0.1978482082989748
31609,0.20530260445511234
31610,0.21026736490365439
31611,0.20832618797751284
31612,0.2026390032829577
31613,0.2024126131142919
31614,0.20454204658401295
31615,0.19855931272184374
31616,0.20248789286423208
31617,0.19621386204091315
31618,0.19701299549490447
31619,0.2005495422708402
31620,0.20083201285827187
31621,0.20673807608358122
31622,0.19909416687092243
31623,0.20169559992455344
31624,0.20220276319063912
31625,0.20774620896602258
31626,0.1979202869769063
31627,0.20528799827842664
31628,0.20205447384810662
31629,0.20161840223555774
31630,0.19955712817126733
31631,0.20302952856557338
31632,0.20816164538435744
31633,0.20524650236170502
31634,0.20006100960126072
31635,0.21238357568586927
31636,0.20346391111686538
31637,0.2034845327736319
31638,0.20568977613310122
31639,0.20402381306228579
31640,0.20121438585645632
31641,0.20089217241913798
31642,0.1957242630132868
31643,0.20618060728578044
31644,0.2010880967750193
31645,0.20166968947718558
31646,0.20739732155171642
31647,0.20594233210269366
31648,0.20773207718318684
31649,0.19843229205052773
31650,0.20097518113657953
31651,0.20678862717984006
31652,0.20540076143659436
31653,0.2027750563988987
31654,0.19692385114634092
31655,0.2056934692474256
31656,0.2060518725771294
31657,0.2112086572712106
31658,0.20352762736633445
31659,0.20812602901488875
31660,0.20288730789327633
31661,0.20528716523599294
31662,0.19934708095324058
31663,0.21197303741215914
31664,0.20105092935651475
31665,0.2011409324118313
31666,0.20023592556487346
31667,0.19276866615727578
31668,0.2033825539903978
31669,0.19806824102856482
31670,0.20255021566791134
31671,0.2169298988724235
31672,0.20453015824999268
31673,0.20545671183649036
31674,0.19852606912472331
31675,0.20144698961748392
31676,0.20453534626940603
31677,0.19660850596382112
31678,0.19700257277306496
31679,0.1973122282096609
31680,0.20480335423332777
31681,0.20054273715918702
31682,0.19652063248463714
31683,0.19730190520176868
31684,0.19509108574863301
31685,0.1935585209287387
31686,0.1935016072230516
31687,0.20217756916641638
31688,0.1951733910297337
31689,0.19747027249305488
31690,0.20431137120216059
31691,0.1968373839271361
31692,0.20245918005899588
31693,0.19828409453256543
31694,0.19210725738761883
31695,0.19907845465789348
31696,0.19970648994570592
31697,0.19843524262883946
31698,0.20246512387470392
31699,0.20918800108333802
31700,0.2081207442972404
31701,0.2019949415762628
31702,0.2024251946884918
31703,0.20004117182719278
31704,0.20115724886510314
31705,0.20336602754967573
31706,0.19779657133876996
31707,0.19527091719371853
31708,0.19626177512676177
31709,0.20207900214806312
31710,0.1979126675705238
31711,0.1965431428784838
31712,0.2062972304853932
31713,0.19357608372938098
31714,0.19940808138774763
31715,0.19951812033317165
31716,0.21043289868468903
31717,0.20284271366168755
31718,0.19971825248587108
31719,0.202467772933435
31720,0.20388371535415534
31721,0.20148373029697142
31722,0.19981307913450333
31723,0.20451349967319482
31724,0.19637466093787484
31725,0.202469191697728
31726,0.19859121296715904
31727,0.19937036531336752
31728,0.19992384195673676
31729,0.20365553299730935
31730,0.20044261668181693
31731,0.2025385638413861
31732,0.20850709440096804
31733,0.20723880806705125
31734,0.2063020553155665
31735,0.19843642332768197
31736,0.2021676536072509
31737,0.19972517500296982
31738,0.21281853284127192
31739,0.2045904527004275
31740,0.20557356423177464
31741,0.19786718772693832
31742,0.19962500674975772
31743,0.20287706487528728
31744,0.20449826102685373
31745,0.2069465286710771
31746,0.199821682861926
31747,0.1977216556701987
31748,0.20265336961269928
31749,0.1976196116816347
31750,0.2024266681173463
31751,0.19988726661018652
31752,0.20326935085061246
31753,0.20162482324757902
31754,0.20765967153410736
31755,0.19732984817716265
31756,0.20140969663250555
31757,0.20778927576456074
31758,0.2034522095613843
31759,0.20538908683707413
31760,0.20399877741062883
31761,0.20326414234021614
31762,0.2033350441748069
31763,0.19500697065351258
31764,0.2023986808602218
31765,0.20681821422568653
31766,0.1961254429633698
31767,0.20503604140859139
31768,0.1954972086890582
31769,0.19920935649699187
31770,0.20201882259771775
31771,0.2024831449431404
31772,0.20737300039379053
31773,0.1976848231941962
31774,0.19907576971576874
31775,0.20025299849566322
31776,0.20372239842891288
31777,0.2123259213011586
31778,0.20174431733425974
31779,0.19694624554679244
31780,0.1952364298787425
31781,0.19587785565316287
31782,0.2089203876639485
31783,0.20466482134675554
31784,0.20336833373883254
31785,0.20001245064757692
31786,0.20373881527535276
31787,0.20404474068533845
31788,0.20460977784211765
31789,0.19841023129369337
31790,0.20308437378022307
31791,0.20420763727936359
31792,0.1942803880255497
31793,0.19506815861693141
31794,0.20119667220034315
31795,0.18854539127427927
31796,0.19643788100678183
31797,0.19584865802415205
31798,0.21057707033160786
31799,0.20323275672022406
31800,0.20883553860985396
31801,0.19836188603274296
31802,0.1970797795511278
31803,0.19886525801121524
31804,0.20168747652932206
31805,0.1985807536399862
31806,0.1980801068761382
31807,0.19868377321764263
31808,0.20023078687189558
31809,0.203724772391779
31810,0.1971732641229742
31811,0.1981742431236917
31812,0.19760841434256599
31813,0.20022329700024252
31814,0.20682463894626324
31815,0.19885669754170202
31816,0.1951976261975238
31817,0.1914365086590362
31818,0.2016251044012607
31819,0.19257500127988278
31820,0.20632024636065718
31821,0.20953764114818726
31822,0.20554413096827628
31823,0.19912838872604072
31824,0.20330623572918527
31825,0.20405613204672096
31826,0.2056790087952529
31827,0.20365322666039223
31828,0.193590905942707
31829,0.2041406269480154
31830,0.19821425398424486
31831,0.20487770825516718
31832,0.21537455289877458
31833,0.2075371146789538
31834,0.20281233832212286
31835,0.20872881216549213
31836,0.19762579484901677
31837,0.20280074836904527
31838,0.2035621926296379
31839,0.20419698006845363
31840,0.20533201438856513
31841,0.1987278387866364
31842,0.19700271220733598
31843,0.197796451920876
31844,0.20569761610719886
31845,0.20215743314434156
31846,0.19617883054006324
31847,0.20716099706193974
31848,0.19962437357611743
31849,0.20270780339680616
31850,0.20212893882613034
31851,0.19216946142072167
31852,0.20626939289252266
31853,0.20775824069069315
31854,0.2048450290341674
31855,0.19957125425128436
31856,0.20444856005318776
31857,0.1933819472905287
31858,0.20152090754667856
31859,0.20471737411274443
31860,0.20298608771515908
31861,0.19274304178590856
31862,0.20380116472435514
31863,0.20026737143262932
31864,0.20560784065084972
31865,0.20593320683572958
31866,0.20768753616501892
31867,0.20743278029461362
31868,0.20948239162407836
31869,0.19362591143057795
31870,0.20362375129463248
31871,0.2038912838571869
31872,0.19591459960175286
31873,0.205638216486967
31874,0.20201950947090483
31875,0.20242884056162985
31876,0.20021487466952745
31877,0.19567256618808546
31878,0.20747225861208293
31879,0.20933742888062568
31880,0.2021535865249437
31881,0.20149518887994863
31882,0.2018488972194253
31883,0.2013797112623417
31884,0.19906793589072133
31885,0.20423890227918168
31886,0.21259151290602335
31887,0.19548258874966667
31888,0.19519831548015767
31889,0.20156458625945997
31890,0.19759410097471808
31891,0.19914984109442005
31892,0.18768075174035861
31893,0.20393999540919797
31894,0.1967573741542104
31895,0.2005935322873999
31896,0.20111019061288987
31897,0.19348414691077293
31898,0.19645701346711356
31899,0.197344635484946
31900,0.2005382454116555
31901,0.20165037578113618
31902,0.1968007984552657
31903,0.2012438153692455
31904,0.19840151136450693
31905,0.20094787669429878
31906,0.1964317303294635
31907,0.19330213399289833
31908,0.19975815454630141
31909,0.20763384213013444
31910,0.20758737446783737
31911,0.19939614317739304
31912,0.19680232144560802
31913,0.20532934992677496
31914,0.19357114558817418
31915,0.1979579699659632
31916,0.2067284784180824
31917,0.20142053237210572
31918,0.19949096219855664
31919,0.19674262354595692
31920,0.19151204909698835
31921,0.20838811977561236
31922,0.20053006491686362
31923,0.19648442300176597
31924,0.2020218339744498
31925,0.20147061118682355
31926,0.21213372546481835
31927,0.20939867197211054
31928,0.2004188969927584
31929,0.19797116161794354
31930,0.21238846383765686
31931,0.2036472965027686
31932,0.2059366442733697
31933,0.20168715442219018
31934,0.20755097387506397
31935,0.1995842933931359
31936,0.20305295545265936
31937,0.19345748690053122
31938,0.19720495855633224
31939,0.19957167515570923
31940,0.20317406392802273
31941,0.20239648638902266
31942,0.19408757149536834
31943,0.19517406540869958
31944,0.20591965774972978
31945,0.19900109165974025
31946,0.20432251269895976
31947,0.19425289501558193
31948,0.20156113560365949
31949,0.20105120727296988
31950,0.20719959036621988
31951,0.21111791733062396
31952,0.20050974192415624
31953,0.19892209740379319
31954,0.20099188171010687
31955,0.2056027769762717
31956,0.21072214742611628
31957,0.2016512724614833
31958,0.19903092780792525
31959,0.1968572035738881
31960,0.20074313252196718
31961,0.1952030558351959
31962,0.19423591400878149
31963,0.2152607383640271
31964,0.19979668036873333
31965,0.19641085196144056
31966,0.21144002214454527
31967,0.20606685831434848
31968,0.20284594378258117
31969,0.2037828460239735
31970,0.20296770948398501
31971,0.19824353650273288
31972,0.19267542872063392
31973,0.19425647008394598
31974,0.20323143478850733
31975,0.19376131008549097
31976,0.20332016895638283
31977,0.20247978747570294
31978,0.20488958769345572
31979,0.2076574507963502
31980,0.20926230256661055
31981,0.20334513082320643
31982,0.20402482530901234
31983,0.20380512749370894
31984,0.2086765457618829
31985,0.19920215649427378
31986,0.1939834221966732
31987,0.2021945063510125
31988,0.2057273591765242
31989,0.1942489568106846
31990,0.19836365357955735
31991,0.19996965164147196
31992,0.20095055826750813
31993,0.20088035442483435
31994,0.20743938353955454
31995,0.20940493676646968
31996,0.21138816019014692
31997,0.2027068492210966
31998,0.19738223520530215
31999,0.20606441914300824
32000,0.20303162734025912
32001,0.1940715070183419
32002,0.1945794723247886
32003,0.2003433055633391
32004,0.20289751897943076
32005,0.1999154639190038
32006,0.20312654288305348
32007,0.1983775555963264
32008,0.20519017833988298
32009,0.20690716283801833
32010,0.21495264597539657
32011,0.20545972803912346
32012,0.19520530947225728
32013,0.20089590117516062
32014,0.19982309360823985
32015,0.20441263297076337
32016,0.20169710347655542
32017,0.20199468069576992
32018,0.2021036105836492
32019,0.1996254409509023
32020,0.19728401076603372
32021,0.1911478425408118
32022,0.19911562236450958
32023,0.19927086431538604
32024,0.19637216091584828
32025,0.19995048839037283
32026,0.19056195781258461
32027,0.2053597443957552
32028,0.2030362243151932
32029,0.19690718439794752
32030,0.19645019583356624
32031,0.19529198584602295
32032,0.20026701608876937
32033,0.19700134646787887
32034,0.1985071751285879
32035,0.20640331143160284
32036,0.20543616688775562
32037,0.19699600285216884
32038,0.1921360073755529
32039,0.2055241298781699
32040,0.1993239548393034
32041,0.192855218523095
32042,0.19976106560569015
32043,0.19871443495000168
32044,0.20368460944590408
32045,0.19405693501532895
32046,0.19754098525129146
32047,0.18949886063262983
32048,0.19420935069534384
32049,0.19635607949582853
32050,0.19898471253196306
32051,0.20042289345961223
32052,0.2096967996201929
32053,0.19524744853869247
32054,0.20311380502491577
32055,0.20025464216768335
32056,0.1932347969127763
32057,0.19579680387175105
32058,0.19574154105787214
32059,0.20025214850813333
32060,0.20066313808179878
32061,0.19346585977083236
32062,0.19521052056217278
32063,0.19788432218445337
32064,0.19847304200735294
32065,0.19495539907441412
32066,0.20858088849270945
32067,0.2010419147384329
32068,0.19761811178436064
32069,0.1906487491951415
32070,0.1946160357349499
32071,0.1983922310792304
32072,0.18812794635993363
32073,0.19520876544276358
32074,0.1951032526712066
32075,0.19725773926976364
32076,0.19137026460563902
32077,0.19902892395959587
32078,0.1969023224318268
32079,0.20257641857442363
32080,0.2052138078639417
32081,0.1977614195975906
32082,0.1967664198173501
32083,0.19393895564162644
32084,0.19829169743027536
32085,0.1939266196898306
32086,0.19438413731999413
32087,0.1995765489349994
32088,0.19218227597221815
32089,0.193513563494338
32090,0.2069211055176302
32091,0.19400176172161385
32092,0.19893711172058706
32093,0.19918415682465365
32094,0.19937849400585952
32095,0.19834268558844645
32096,0.20764903289948172
32097,0.20291000519123406
32098,0.19500742663993503
32099,0.20213041996768033
32100,0.20524693315699116
32101,0.19933363183415065
32102,0.20389519693548333
32103,0.20161774423674658
32104,0.19909940201643084
32105,0.2082282560754557
32106,0.20229836706009102
32107,0.2002216480556487
32108,0.20900312764586929
32109,0.20337348698841753
32110,0.20697196631877654
32111,0.19804097962852532
32112,0.2007657067147031
32113,0.19628944041963856
32114,0.20161963117764833
32115,0.19388075223771825
32116,0.19478269657646038
32117,0.20060906248998217
32118,0.20304906985225232
32119,0.19669559096793895
32120,0.1983562071872837
32121,0.20021482188777992
32122,0.20078911365419838
32123,0.19715142583693918
32124,0.20450731795281524
32125,0.20353583190307978
32126,0.2020131445827627
32127,0.20332256290628525
32128,0.20256864944192668
32129,0.20317570721764444
32130,0.2105648372658814
32131,0.2007540396120123
32132,0.20019404383952635
32133,0.18905659950269751
32134,0.20163514034152485
32135,0.19473627649124525
32136,0.19943232748180129
32137,0.20214249252596253
32138,0.19968064842455713
32139,0.20334271215944974
32140,0.2026562489451525
32141,0.1991466999105211
32142,0.19839049104939263
32143,0.19315516924124074
32144,0.19585359432029192
32145,0.2031292814611686
32146,0.19739662214553189
32147,0.20166312712333997
32148,0.191613201609811
32149,0.19353512763977498
32150,0.1959741462193204
32151,0.19920028368264084
32152,0.19966744877040515
32153,0.1922730667694734
32154,0.1935732115427722
32155,0.19871309283205715
32156,0.19605363989945657
32157,0.19957139866879314
32158,0.20284263665662933
32159,0.2046570274227006
32160,0.19187389791587783
32161,0.1931416230548975
32162,0.1959552065921677
32163,0.2004090841302453
32164,0.19946806637480072
32165,0.20269263615586575
32166,0.20054266161484455
32167,0.19613155599568977
32168,0.20716013799859523
32169,0.2030419395290601
32170,0.19563306486124546
32171,0.19625259573116097
32172,0.19311493419768694
32173,0.20176220054718014
32174,0.20484897609924244
32175,0.20214701190857634
32176,0.21013916035238658
32177,0.1957076100468945
32178,0.20214248883438443
32179,0.19950734714887802
32180,0.19978215143148853
32181,0.19705734109181067
32182,0.19518773865149452
32183,0.20258680776554577
32184,0.19367734518364857
32185,0.19756114649695586
32186,0.20075890595295356
32187,0.19912435489672722
32188,0.19342275123178293
32189,0.19755273807014134
32190,0.19030639700041962
32191,0.192208591995106
32192,0.19364610962739776
32193,0.19567229991366897
32194,0.1989239647414503
32195,0.19632798570117435
32196,0.19718273789844165
32197,0.19752853496593498
32198,0.19315740125259426
32199,0.2024073797350301
32200,0.19959730935589653
32201,0.19717450867995692
32202,0.19612179421336887
32203,0.20006145265793776
32204,0.19548657805703418
32205,0.19787191179564614
32206,0.20274502871210906
32207,0.19410787722679448
32208,0.2045772551278352
32209,0.2027126922153328
32210,0.19717908603972625
32211,0.1982019012662497
32212,0.20222618851848922
32213,0.19749848562033986
32214,0.19543579715742296
32215,0.19839238499974635
32216,0.19723902772824684
32217,0.20099541218757938
32218,0.20113240983362568
32219,0.19545594464458158
32220,0.1923892472895147
32221,0.20176866522313522
32222,0.19624773338727589
32223,0.2059717741385536
32224,0.20211620501764227
32225,0.20698431644356677
32226,0.20746303855016274
32227,0.2009631666484375
32228,0.2031442833422823
32229,0.1916102851255571
32230,0.19711670512561058
32231,0.19728321419670086
32232,0.1973451676327066
32233,0.20187161144785293
32234,0.195338137558391
32235,0.19549566694201556
32236,0.20664475920827105
32237,0.2026798064229007
32238,0.20369962464939909
32239,0.20051022439826874
32240,0.20641564194785808
32241,0.1964716747149627
32242,0.19511919230649216
32243,0.19640784737445888
32244,0.20150979633113955
32245,0.20231490224384738
32246,0.19501423603478155
32247,0.19428457863501572
32248,0.2079110801837438
32249,0.2077293161727056
32250,0.20178263655105153
32251,0.2053264140452348
32252,0.1997702353061757
32253,0.205098594682731
32254,0.1938953334386265
32255,0.2002707426265587
32256,0.19684680422849707
32257,0.21063322885920113
32258,0.20070484090214613
32259,0.20634927881790902
32260,0.20672170780331683
32261,0.19946087244147542
32262,0.19679379442282968
32263,0.19843852414046767
32264,0.20217997536878435
32265,0.19681351163845426
32266,0.20002674229365483
32267,0.20658467519004017
32268,0.20524963328303278
32269,0.198391774170162
32270,0.1997556029239496
32271,0.20070272216605178
32272,0.2063846534037041
32273,0.2000269771344681
32274,0.20062140573664367
32275,0.19837715464182287
32276,0.20001695663055055
32277,0.20211712614247768
32278,0.2039044288621914
32279,0.20244460836074488
32280,0.1918719347427879
32281,0.1923777295833266
32282,0.19633850666703243
32283,0.20205129934835195
32284,0.2016187214625078
32285,0.20154334154116596
32286,0.1995756260992495
32287,0.19890633884382214
32288,0.20094205347795394
32289,0.19537047145841652
32290,0.20274682857256637
32291,0.20325964864034177
32292,0.20465663450156354
32293,0.1951152058539675
32294,0.19474764843930506
32295,0.19874693738690535
32296,0.1981580725452884
32297,0.19780655728546664
32298,0.2056626835334634
32299,0.19654991112453957
32300,0.19924046281469565
32301,0.19661816977370467
32302,0.1976814428078389
32303,0.19925656206242098
32304,0.2002752209413569
32305,0.20520463972474198
32306,0.1986849275424007
32307,0.2020360947309166
32308,0.2010069918301128
32309,0.20293554148012266
32310,0.2058773459677724
32311,0.20511035667162023
32312,0.20185776964064162
32313,0.19820622645820551
32314,0.20941246970797422
32315,0.203344769984674
32316,0.20234923560330484
32317,0.1983119980701878
32318,0.19630942923015762
32319,0.1959985098305511
32320,0.20357783375410526
32321,0.2027726516291325
32322,0.1988339823776794
32323,0.20238059463796226
32324,0.19821466091149822
32325,0.20367366959408162
32326,0.20856304019590816
32327,0.2005821760684415
32328,0.19413416257932367
32329,0.20869627588565964
32330,0.1916836394886922
32331,0.20546070593553198
32332,0.19572730188643375
32333,0.20295692025373258
32334,0.20461977253743166
32335,0.20428890609184885
32336,0.19745025861112692
32337,0.18896199901790142
32338,0.19671145244936783
32339,0.21091801470485072
32340,0.1978055971712117
32341,0.1956267081148771
32342,0.19560623969611063
32343,0.1979917800735022
32344,0.19560705243619542
32345,0.19568360995855522
32346,0.19925478706629673
32347,0.20025171769776287
32348,0.19376893216947824
32349,0.196813540933377
32350,0.20135014656144806
32351,0.20158504541130323
32352,0.2014904581266585
32353,0.206126650236456
32354,0.2041993667202958
32355,0.19984160614796884
32356,0.20175367656112603
32357,0.20922621249730639
32358,0.19859651724558214
32359,0.19691965748661774
32360,0.1953098034090243
32361,0.19276657909017028
32362,0.19596086288359651
32363,0.19851996145155423
32364,0.19332021469930682
32365,0.2037899122735983
32366,0.194227970433101
32367,0.19800478418004364
32368,0.19548271119012672
32369,0.1965197520089172
32370,0.19747408878031142
32371,0.19499629920345476
32372,0.19733774046469926
32373,0.19944677303658076
32374,0.1945241237209208
32375,0.20419592915090856
32376,0.19791193366610746
32377,0.20017327612401528
32378,0.2002190045323321
32379,0.19904691875988118
32380,0.19905061494979526
32381,0.1954108682560895
32382,0.19817332689864958
32383,0.1944023591503602
32384,0.19714686001106516
32385,0.20377758919632846
32386,0.1931548994289489
32387,0.18843592374229706
32388,0.19807171543997898
32389,0.19719105844697787
32390,0.19307272335888392
32391,0.19328791743160206
32392,0.19689495275395463
32393,0.18704689103744113
32394,0.19621153972341543
32395,0.19587166553958113
32396,0.20025828341986684
32397,0.19736627548228958
32398,0.19892934342448168
32399,0.20259561700316786
32400,0.20389000591448134
32401,0.2024689855234648
32402,0.19982334053872122
32403,0.19853433841510149
32404,0.20230599282529896
32405,0.19780820567935034
32406,0.19871244717431474
32407,0.20550530716667303
32408,0.1961318480402137
32409,0.20230968491345783
32410,0.20210641175548946
32411,0.19622821719583142
32412,0.20461227278654562
32413,0.19998723566236937
32414,0.20465099968897651
32415,0.1971465050607981
32416,0.19979187803804402
32417,0.20323821612374765
32418,0.2030742675542741
32419,0.1975614290892697
32420,0.19819484385673491
32421,0.19202332770523226
32422,0.19469933238140852
32423,0.18866120968733988
32424,0.1930314951943518
32425,0.19248640194288186
32426,0.19796474190461613
32427,0.19711394819970895
32428,0.19607031869550004
32429,0.20539172222649707
32430,0.20000164043515073
32431,0.20489420021795177
32432,0.20128290050885347
32433,0.20467291243144475
32434,0.19812101872643034
32435,0.19718914547347016
32436,0.1996867245235733
32437,0.2046552647715348
32438,0.19611258251622687
32439,0.19776820208658819
32440,0.2001967734217452
32441,0.20836916495755314
32442,0.19900550895674302
32443,0.19968916994246777
32444,0.19205012280868763
32445,0.19511123622509874
32446,0.19621402282180664
32447,0.1989073629671441
32448,0.19089651053209666
32449,0.1915604626322539
32450,0.19815653161341823
32451,0.19540335225607078
32452,0.1953399604570378
32453,0.19266378029673564
32454,0.1971981370693874
32455,0.19987572937455442
32456,0.203384134291023
32457,0.20067130607711825
32458,0.19957668224001213
32459,0.19680441285222267
32460,0.20016923670486267
32461,0.19980786849068807
32462,0.18384283178977442
32463,0.1883054897164799
32464,0.1908777235746961
32465,0.19225825401460378
32466,0.19851158528351523
32467,0.19398950495547732
32468,0.2011986942168169
32469,0.20179399284618224
32470,0.19690257354889013
32471,0.19814751939749387
32472,0.19427312778039588
32473,0.1993712274536456
32474,0.20803259235123467
32475,0.19527271456608677
32476,0.19426356327880742
32477,0.19410433454607143
32478,0.1924283685181324
32479,0.19516723091133523
32480,0.1963449404742295
32481,0.19741485383822033
32482,0.19401738902328153
32483,0.1948615615780232
32484,0.190659077636552
32485,0.19366657236696017
32486,0.19336144149021708
32487,0.189586586619322
32488,0.19496981222982127
32489,0.19725495881274452
32490,0.19403571178902848
32491,0.2060684609418009
32492,0.19578550103463155
32493,0.20575886241636637
32494,0.20306527197931168
32495,0.1848373511017975
32496,0.19419368527546094
32497,0.2039286959151024
32498,0.19697925838546407
32499,0.19725344204199627
32500,0.19206896413480876
32501,0.19289132673538542
32502,0.19478704381480752
32503,0.19143290290170875
32504,0.19953122274138005
32505,0.19770392329373285
32506,0.19332233286207495
32507,0.19637428102958243
32508,0.20094633133443723
32509,0.19680827520665048
32510,0.1887043215194592
32511,0.19388190879069128
32512,0.19770119570856867
32513,0.19399819205236954
32514,0.1980673775490827
32515,0.2031209662791206
32516,0.19564248679827181
32517,0.19731626355003543
32518,0.19912794820766633
32519,0.20153918876154964
32520,0.20659479866276165
32521,0.2019660890878591
32522,0.18906242391335285
32523,0.19831870092685025
32524,0.20035975694943367
32525,0.20190474433976605
32526,0.19717059868370843
32527,0.19259031752896538
32528,0.19977397232007574
32529,0.1967973178692762
32530,0.19512799302370945
32531,0.18980136969086964
32532,0.19063056409963935
32533,0.19583824654072174
32534,0.1888837051489907
32535,0.19029600867301547
32536,0.18874448660804238
32537,0.19438640575067292
32538,0.1963821415352357
32539,0.19461559498634654
32540,0.19180401859762755
32541,0.19257473722346072
32542,0.19185715445626428
32543,0.19066878866879902
32544,0.1966982324505858
32545,0.2045871130053872
32546,0.19593723785373976
32547,0.19149756616985414
32548,0.19587400690581336
32549,0.19562210404532288
32550,0.19254467913490514
32551,0.19729170201105062
32552,0.19041557145772584
32553,0.19608289120716432
32554,0.19400829523778249
32555,0.19999859115185156
32556,0.1916048967460426
32557,0.1904201928764152
32558,0.19013589424924965
32559,0.197578178929867
32560,0.1980296971644117
32561,0.20091839747694915
32562,0.2000342619454709
32563,0.19928982000590786
32564,0.19512960159001347
32565,0.19789917140329366
32566,0.1987248121600394
32567,0.19899478164331233
32568,0.19988521438785026
32569,0.19626370793116096
32570,0.1975174357575955
32571,0.1988587450676226
32572,0.199840051341085
32573,0.19561648597313364
32574,0.1985814745892259
32575,0.19046621764360103
32576,0.19636886834130762
32577,0.19360090184813586
32578,0.20398259722775014
32579,0.20046764670564787
32580,0.1986838617691222
32581,0.19880691913894735
32582,0.19522649427161964
32583,0.19352239114367603
32584,0.1937651327510988
32585,0.19151817037198365
32586,0.1951407064014412
32587,0.1904785219177473
32588,0.1989444858162443
32589,0.19352201399562224
32590,0.19750716434428886
32591,0.19947650867403388
32592,0.198570316119657
32593,0.19412496047145247
32594,0.19567860197281858
32595,0.198006243187341
32596,0.2068554733315295
32597,0.19359728074644222
32598,0.19749292398250962
32599,0.19453740996468144
32600,0.20571906951075614
32601,0.19947926248551281
32602,0.20160028876678293
32603,0.18854979524241458
32604,0.19481788607296846
32605,0.19585517611694223
32606,0.1987466757426644
32607,0.2026706534062937
32608,0.19804792991032363
32609,0.20146172033504078
32610,0.20052782934973754
32611,0.19612467494166944
32612,0.18795629058872676
32613,0.2069073752299794
32614,0.1939056726142704
32615,0.19504585197807695
32616,0.2045480021602157
32617,0.19619980579110766
32618,0.19095013111038867
32619,0.19424263398566266
32620,0.19412525932028124
32621,0.19995861432111725
32622,0.20507603593445045
32623,0.19781301054099096
32624,0.20323019236348266
32625,0.2007789924019533
32626,0.19972254858143548
32627,0.19690464245838632
32628,0.20354083135116235
32629,0.1939220888411065
32630,0.19268780539713612
32631,0.18992393746269706
32632,0.19043817808219832
32633,0.18738991280906014
32634,0.20465624514072753
32635,0.1963009322181044
32636,0.1955696259433315
32637,0.18781991012284746
32638,0.19624136268493944
32639,0.19474822260416647
32640,0.19868384254076862
32641,0.20293065217551506
32642,0.1905875876617821
32643,0.19536020401020815
32644,0.19872004893336143
32645,0.19115706619783926
32646,0.19539692783072568
32647,0.19729643192146576
32648,0.1873115329813498
32649,0.20083235365816418
32650,0.19071304440155834
32651,0.19487472204199638
32652,0.19251795884473266
32653,0.199988543484852
32654,0.20247140001739247
32655,0.19137588079512025
32656,0.1948797779706466
32657,0.19374197851682487
32658,0.18973073781979494
32659,0.19376026895942755
32660,0.20939058420588527
32661,0.20002307992807367
32662,0.19458022836487973
32663,0.19743835035935742
32664,0.19904478768120434
32665,0.19335287423050523
32666,0.19989232550624916
32667,0.19612706295667753
32668,0.2009543915464669
32669,0.19072547271708962
32670,0.1987902353214871
32671,0.19800930250060716
32672,0.1910706800639037
32673,0.1899413009369841
32674,0.18786527790535387
32675,0.18737726403735488
32676,0.1945749288003872
32677,0.19929445242295352
32678,0.1991164141976579
32679,0.1939507771249502
32680,0.1940684421604725
32681,0.19369690543908102
32682,0.19581465362406586
32683,0.1906412112480457
32684,0.19572642915983168
32685,0.1952793946986908
32686,0.1915692573785128
32687,0.19031614746275405
32688,0.19418392169048923
32689,0.19791155671806196
32690,0.1924492458660212
32691,0.19386289005264407
32692,0.18702271361343029
32693,0.1996978637623435
32694,0.1866622113922749
32695,0.19113158167603855
32696,0.19763208623393932
32697,0.19426832879457845
32698,0.20175487424428687
32699,0.19981305930273463
32700,0.19910285321350818
32701,0.1919855624976319
32702,0.1905587289244599
32703,0.19335326124396843
32704,0.19140197918560148
32705,0.18827463569901956
32706,0.18948290620855934
32707,0.192105101602979
32708,0.19035193793790647
32709,0.19112990555158837
32710,0.19346611923878781
32711,0.19333639814382936
32712,0.19721372210260624
32713,0.19335855323463522
32714,0.18804434166955677
32715,0.18712648520279201
32716,0.192521858341046
32717,0.1950326199037093
32718,0.19199493848037483
32719,0.19516252529163156
32720,0.1913760016151481
32721,0.19773497761762615
32722,0.1940494259402566
32723,0.18483900906586984
32724,0.18888970280356732
32725,0.1941086747188173
32726,0.19076492202365683
32727,0.19864419082987478
32728,0.1921067390642324
32729,0.19957099420082153
32730,0.20085714709243238
32731,0.1963524293267688
32732,0.20862623964574512
32733,0.19723484507984881
32734,0.20025534570858874
32735,0.1937231038905066
32736,0.20124500615729893
32737,0.2064718066293878
32738,0.19817323627909353
32739,0.19879626655963836
32740,0.1987728910980631
32741,0.19553800997826257
32742,0.19879128514172803
32743,0.19803961269481662
32744,0.1993166692816685
32745,0.19653713219605576
32746,0.1986679349074069
32747,0.19403429193403776
32748,0.1947817271744971
32749,0.19434560416907878
32750,0.194035551350482
32751,0.19768886537442112
32752,0.19004421085774334
32753,0.1960521906096284
32754,0.19588144876997662
32755,0.19921280448356427
32756,0.18886748899624117
32757,0.19376583723188393
32758,0.1868538133104187
32759,0.19922019974085362
32760,0.20014915964123237
32761,0.20311987971883877
32762,0.191191394879401
32763,0.19449425588756558
32764,0.19670237827057888
32765,0.19504927322076418
32766,0.19435151389266025
32767,0.1944523708587835
32768,0.2003532912048944
32769,0.19727410242353285
32770,0.19899089825098892
32771,0.19500011343160822
32772,0.20304209814634566
32773,0.19294642789180327
32774,0.20225310007823377
32775,0.19575946179071457
32776,0.1942046488421205
32777,0.19648312840523982
32778,0.19535264565527763
32779,0.1995735411908256
32780,0.19693479287236246
32781,0.19629024254540112
32782,0.19880218999107188
32783,0.20038755377880485
32784,0.1971494871849953
32785,0.19365214286268706
32786,0.1956957849339037
32787,0.1965655284998906
32788,0.19488715645569998
32789,0.19948690201688687
32790,0.19470015995552087
32791,0.19235356302826154
32792,0.19452624617931905
32793,0.19781636984016082
32794,0.2032575549602075
32795,0.20172455754383173
32796,0.1959073217227076
32797,0.20073330049050944
32798,0.1926453124980965
32799,0.19653845911312667
32800,0.19234222809813822
32801,0.19637791306237465
32802,0.1974348739567015
32803,0.19835058168289296
32804,0.19252048493890583
32805,0.1926135723937213
32806,0.19423163154724077
32807,0.19252305574969342
32808,0.1958342143597364
32809,0.19457521115185067
32810,0.19987416939091296
32811,0.19755575930717903
32812,0.19566630127600806
32813,0.1995300513481754
32814,0.1931462246990975
32815,0.19290819534765058
32816,0.1959108992746367
32817,0.19418767669177797
32818,0.18958628060285113
32819,0.2019656840374699
32820,0.1888610266518088
32821,0.19212144974401962
32822,0.1931958620907718
32823,0.19000108133825827
32824,0.19458829952020368
32825,0.19797588367086952
32826,0.1953556435925317
32827,0.19950014108997344
32828,0.19921927229766986
32829,0.20035918278117887
32830,0.20054877369241952
32831,0.19959320070080763
32832,0.1985506929070107
32833,0.19136762129088336
32834,0.20127722399116596
32835,0.19814279261054996
32836,0.194846682368325
32837,0.19639237879744834
32838,0.20079122821136744
32839,0.19468359608159921
32840,0.2013373747706425
32841,0.1992250964715451
32842,0.1902578484183072
32843,0.19935116583888146
32844,0.20094806533946077
32845,0.1983658884639509
32846,0.1945491159450463
32847,0.20584110195623095
32848,0.19778748106671146
32849,0.19141367781302107
32850,0.19298311115247457
32851,0.18982918705253699
32852,0.19767834280333
32853,0.1952005868524375
32854,0.19727686550102824
32855,0.19704580754106693
32856,0.19698133826594538
32857,0.18792424388204795
32858,0.19208727637223516
32859,0.20246955938284925
32860,0.20244199155226522
32861,0.18723893364325842
32862,0.20259226061093322
32863,0.19654751305251897
32864,0.1909961581992656
32865,0.20341871567831626
32866,0.19390177207472473
32867,0.19070498067682956
32868,0.19865972074426447
32869,0.1855733846164777
32870,0.20055070011142792
32871,0.19621769484667606
32872,0.19206467248931425
32873,0.19464413896441746
32874,0.19566060773440533
32875,0.19007036834152155
32876,0.20074663476238555
32877,0.20289343544705646
32878,0.191768271464378
32879,0.20065597517030043
32880,0.19734666593942424
32881,0.19187792465807132
32882,0.19052989583760038
32883,0.20749411008367621
32884,0.19723260985667804
32885,0.2004299133811821
32886,0.19936861407714884
32887,0.19679530654528976
32888,0.19354151528372776
32889,0.19660481846262573
32890,0.1914605371507782
32891,0.19152296319316728
32892,0.1929738702245532
32893,0.19769402587999302
32894,0.19968461069796395
32895,0.20281824207887658
32896,0.1909456891016653
32897,0.19007507653930222
32898,0.19189374631096848
32899,0.19715759834866387
32900,0.19797318597793967
32901,0.19250151064669613
32902,0.19439986444446386
32903,0.1961090923614485
32904,0.20034105247598744
32905,0.2009701890147206
32906,0.1953033166657019
32907,0.19209192318895438
32908,0.19761350242766976
32909,0.19599922997069597
32910,0.19452708891673115
32911,0.1897745360690167
32912,0.1919628517075687
32913,0.1916156500307747
32914,0.19036770674237735
32915,0.19756620231609265
32916,0.19517835242554948
32917,0.20217193100028585
32918,0.19612594534625205
32919,0.1888254320085669
32920,0.19637152918933573
32921,0.20128640884101742
32922,0.19715258397607668
32923,0.19723418751313138
32924,0.19761760443965817
32925,0.18966270463359475
32926,0.19853726431586594
32927,0.19330000496877545
32928,0.19583274044166807
32929,0.1934543390049953
32930,0.18836616418959856
32931,0.19338529534611082
32932,0.1924340470509662
32933,0.19452511083071056
32934,0.19352580236134295
32935,0.19663560094361895
32936,0.18933717008457682
32937,0.18509013463972593
32938,0.19590435587997648
32939,0.19514097544308953
32940,0.19123763677905822
32941,0.20191187744313988
32942,0.19377474486057328
32943,0.19986202936791062
32944,0.19284103758575813
32945,0.19096963991030205
32946,0.20307069448468248
32947,0.20340181067056554
32948,0.19390990843040856
32949,0.1947550808973977
32950,0.19606359616676813
32951,0.1952627550385271
32952,0.19107852075282744
32953,0.19455173591914207
32954,0.2031160978929125
32955,0.18855612195388174
32956,0.19168758670023625
32957,0.1932820199671857
32958,0.19188974022441094
32959,0.19367101067970377
32960,0.19835431550943336
32961,0.19086472764345844
32962,0.194379100244526
32963,0.19329508244024493
32964,0.20237917028851327
32965,0.18934144670598949
32966,0.18919488598927553
32967,0.19643705899410582
32968,0.19598208782473608
32969,0.1953090859600236
32970,0.18955110513809198
32971,0.1991622481948024
32972,0.19272544682832146
32973,0.20063879808846197
32974,0.19880346956280853
32975,0.19318984066405986
32976,0.1888029612593086
32977,0.196487551474865
32978,0.19718121014075576
32979,0.20803457969094968
32980,0.19993987763799786
32981,0.19786422989056748
32982,0.19374946308979005
32983,0.18930717091411467
32984,0.19148003409049436
32985,0.1941705903510801
32986,0.19738369912563603
32987,0.19915057679579923
32988,0.19691582271226427
32989,0.20019883452202122
32990,0.201465735364383
32991,0.2014054248169505
32992,0.2026285158515757
32993,0.19510204776895781
32994,0.19508601774948314
32995,0.19267083650663183
32996,0.19504962475898716
32997,0.1920874616849171
32998,0.18958890438172202
32999,0.19461475303854953
33000,0.19009668475272187
33001,0.19492775099982051
33002,0.19567388285474277
33003,0.19115033455875835
33004,0.18643340414501539
33005,0.18561867728822376
33006,0.19389393094243998
33007,0.18928861169338682
33008,0.19076837919869222
33009,0.18426449034652032
33010,0.18781097348358988
33011,0.19482975469014083
33012,0.19700922384022895
33013,0.18471191168427367
33014,0.1912401315495886
33015,0.1945138984145465
33016,0.1957038538381769
33017,0.1972293508708608
33018,0.20551914265940618
33019,0.2024230800502546
33020,0.1924098997382483
33021,0.19461220388938175
33022,0.19570458573113306
33023,0.1848680653972168
33024,0.19072391793969862
33025,0.19181326867770318
33026,0.19264729140708917
33027,0.1949416680486023
33028,0.19360153930846943
33029,0.19011914934183824
33030,0.19413152802806513
33031,0.2014703236334947
33032,0.19987001741209776
33033,0.17966978461609875
33034,0.1922250749403952
33035,0.18653077512439767
33036,0.19711858031106277
33037,0.2021044727025909
33038,0.19650020140290814
33039,0.19783400432288206
33040,0.19297285482769144
33041,0.1862806535719952
33042,0.19977634804443192
33043,0.19903021129131063
33044,0.19680216449170307
33045,0.19675152406813143
33046,0.19604419607847537
33047,0.18755519270388923
33048,0.19598573285370363
33049,0.19328678437699193
33050,0.18693601512294114
33051,0.194145176796326
33052,0.20332710119492392
33053,0.19488677697528084
33054,0.18892202377416153
33055,0.19194932944880455
33056,0.19689039653812593
33057,0.1895635853066485
33058,0.1949393259624333
33059,0.19815751630902714
33060,0.19570027045625954
33061,0.1982023691089248
33062,0.20101312361055904
33063,0.18960251134735123
33064,0.19539029681505843
33065,0.19785421148796128
33066,0.19837697961747883
33067,0.1938880062932884
33068,0.19040385112939048
33069,0.1924248621179629
33070,0.194611870274369
33071,0.19042039967393057
33072,0.19617714806504488
33073,0.19015490923218278
33074,0.1935840579232815
33075,0.19516226641040255
33076,0.1899020126908313
33077,0.19212125202465544
33078,0.18931415396505288
33079,0.19324292178255764
33080,0.1927872340678224
33081,0.19577734770467303
33082,0.20234652905824382
33083,0.19569081409536496
33084,0.19676592940940255
33085,0.19715766142246754
33086,0.19352600190000865
33087,0.1949436242811271
33088,0.19966396434210584
33089,0.19298468772512797
33090,0.19857904311670363
33091,0.19851758202885972
33092,0.1933606790503904
33093,0.20012060952308108
33094,0.19812120636881475
33095,0.20210468108473667
33096,0.19482323535869087
33097,0.18463888901202027
33098,0.1950665401495504
33099,0.20178873290693503
33100,0.1910929095285365
33101,0.19382376479717947
33102,0.19933370198731448
33103,0.19469515791659392
33104,0.19473110934297633
33105,0.184706451504288
33106,0.19946164165747163
33107,0.1940641745284851
33108,0.19625520010176425
33109,0.2003636576245718
33110,0.18591136914992784
33111,0.1917063198695718
33112,0.19454896517043696
33113,0.19782584190083663
33114,0.1957800847208674
33115,0.20036123061108096
33116,0.19658691543766008
33117,0.204141229542254
33118,0.20182653486510596
33119,0.2011634291766425
33120,0.18959789458751036
33121,0.19869915298047197
33122,0.18874696805642172
33123,0.2047593703962552
33124,0.18801859038207697
33125,0.18982951432999612
33126,0.2007228182254986
33127,0.20259172501198908
33128,0.19853698171914508
33129,0.20118454573312297
33130,0.19810955886402143
33131,0.20191411394927386
33132,0.19913918546106973
33133,0.20373995153549856
33134,0.19795891113286546
33135,0.19508525914423283
33136,0.19619685988215688
33137,0.19002013756108363
33138,0.1897320043968287
33139,0.1978235887959658
33140,0.1906471736395514
33141,0.19459304759112103
33142,0.19186300390471572
33143,0.19453356805915717
33144,0.19321824600151263
33145,0.19176371981394444
33146,0.20157187843004526
33147,0.19778566954652402
33148,0.20018566575610508
33149,0.19774921687313152
33150,0.190642494825156
33151,0.19471453291349314
33152,0.19986641665287924
33153,0.19830022007247403
33154,0.18781946359580787
33155,0.1879207410444672
33156,0.1938881505482745
33157,0.20166145541322514
33158,0.1988226102584288
33159,0.1938824404394482
33160,0.19546925016466685
33161,0.19365873491673227
33162,0.19511433866363953
33163,0.1951969961583643
33164,0.19094452707022277
33165,0.1932577692478416
33166,0.20205283897930862
33167,0.19690274963861815
33168,0.19561633480591756
33169,0.19023085841904072
33170,0.19562118387836924
33171,0.19760807728083904
33172,0.19549503721980277
33173,0.19481802222756112
33174,0.19433200173518747
33175,0.19328403664544266
33176,0.1913567345435352
33177,0.1905291624180352
33178,0.19503006890297583
33179,0.19011024227583534
33180,0.1952526240840744
33181,0.19636666988752915
33182,0.19452673873164783
33183,0.1894086338321959
33184,0.1948342766236286
33185,0.1959002659963555
33186,0.1930094579241548
33187,0.19524050582863567
33188,0.20060106282817153
33189,0.195468232992606
33190,0.19703110409071534
33191,0.19126914291858316
33192,0.19264524408198497
33193,0.19114177017201944
33194,0.1947219850643564
33195,0.19428409136345234
33196,0.19776228633078602
33197,0.199619732062046
33198,0.19445478039019246
33199,0.19291872438043
33200,0.20036236404816696
33201,0.1971595992037226
33202,0.194788264504409
33203,0.1904600967719835
33204,0.18654638958553607
33205,0.19387054627663838
33206,0.20221295863715827
33207,0.19782117130547036
33208,0.18870874652792444
33209,0.18852415204293535
33210,0.1913481650286018
33211,0.19335429004369364
33212,0.1904638346391791
33213,0.20125523280246305
33214,0.19606685780106986
33215,0.1880976677559938
33216,0.19228626362311474
33217,0.19509191317443403
33218,0.19637671289171693
33219,0.19698843423680812
33220,0.19616433581146445
33221,0.1915265368386133
33222,0.1934534178315531
33223,0.19994841074229258
33224,0.19687314194358435
33225,0.19502795940763953
33226,0.19693402440670849
33227,0.19595406379510627
33228,0.18999609304726467
33229,0.19550707913225193
33230,0.19658906115159971
33231,0.19404629747639313
33232,0.19803264583506963
33233,0.19766458111722246
33234,0.19308697167730177
33235,0.1995173976529169
33236,0.1980166141918279
33237,0.19763902744896406
33238,0.19239083856159717
33239,0.20058526782565556
33240,0.19429027199859616
33241,0.19413833720859916
33242,0.20681795495101624
33243,0.1963052725380997
33244,0.18747620210930446
33245,0.19036593254480766
33246,0.19831797653085276
33247,0.19590283594709315
33248,0.19744261589041465
33249,0.20484631378773474
33250,0.20439032731743562
33251,0.2007124954868685
33252,0.20071592583589948
33253,0.1982919096295723
33254,0.1961770094179636
33255,0.1922548445678529
33256,0.20152016108935283
33257,0.19281576335735215
33258,0.19135020502153993
33259,0.19072604646825936
33260,0.2003768367313483
33261,0.18916263436562453
33262,0.19691403671392463
33263,0.19560583979999935
33264,0.20087492996101178
33265,0.19846869949933524
33266,0.19970814989983474
33267,0.20306437665363378
33268,0.19405228410276226
33269,0.1937771608458938
33270,0.19681821834436605
33271,0.19460873779498894
33272,0.20123333739983662
33273,0.19651391431726886
33274,0.18978920650450803
33275,0.19208659619868976
33276,0.18766489381694795
33277,0.19549709028225729
33278,0.19047985974564746
33279,0.19839340652763537
33280,0.19904341499511996
33281,0.1965352538241326
33282,0.1988481524183746
33283,0.20294937628591525
33284,0.19826036172550623
33285,0.1965996780414638
33286,0.1964956223059608
33287,0.1975535479660521
33288,0.19018565904627033
33289,0.20501609368182544
33290,0.19417874995939835
33291,0.19586699236938837
33292,0.1985740847591971
33293,0.19638929379332584
33294,0.19819678087349502
33295,0.2036108528416542
33296,0.20475986277853744
33297,0.19480982816011105
33298,0.196348113904197
33299,0.1974973277402912
33300,0.19528368624168277
33301,0.1974559365616859
33302,0.19964718748148433
33303,0.19211047328124398
33304,0.19526211065495944
33305,0.19269585622732557
33306,0.19184198252812196
33307,0.19591912116479118
33308,0.19738298680479638
33309,0.19654215894260543
33310,0.1978486092542194
33311,0.1941218686004902
33312,0.1983204047904381
33313,0.18798363649359678
33314,0.19483318550853285
33315,0.18775519769930654
33316,0.19779562880989013
33317,0.19819425076989422
33318,0.1890136763227169
33319,0.19321156115511837
33320,0.19619025360080067
33321,0.19658090039186013
33322,0.20020890572185057
33323,0.19449057086795254
33324,0.1979129088884802
33325,0.1973023343010822
33326,0.1932383195704217
33327,0.19871587102844107
33328,0.20277256531926066
33329,0.2122670954643035
33330,0.18963222265888163
33331,0.1944059883163908
33332,0.19516831813736893
33333,0.19200313674627192
33334,0.1958982341382475
33335,0.20106398341844633
33336,0.2025530305041229
33337,0.2023207534867608
33338,0.20420239452486574
33339,0.20147476968335795
33340,0.1988297687416618
33341,0.20420372030769468
33342,0.18967266615693612
33343,0.18983338890680743
33344,0.19589884779851605
33345,0.19683903703738626
33346,0.1943029072566419
33347,0.19496035028062764
33348,0.19361848362701028
33349,0.19234389531570428
33350,0.20413121120180355
33351,0.19614522425366332
33352,0.19537725213472573
33353,0.18843969986984313
33354,0.1902176427635756
33355,0.1989009429053972
33356,0.19678822854353378
33357,0.19123100761839756
33358,0.19452130507624615
33359,0.19054768668607594
33360,0.1940396980380463
33361,0.19392592335844935
33362,0.19435158883780404
33363,0.1879456233134207
33364,0.19083216947742906
33365,0.18711115503378212
33366,0.19105531739975481
33367,0.18949190933448198
33368,0.1908097951596974
33369,0.1947439159685549
33370,0.18881744777908127
33371,0.1884388950346968
33372,0.19770250879716045
33373,0.19735132541269948
33374,0.18782085914127486
33375,0.19294832196877637
33376,0.19230737460628738
33377,0.18918467285824558
33378,0.19283473997593392
33379,0.19093037909529129
33380,0.19739080826197564
33381,0.19484532900891285
33382,0.19418002797688091
33383,0.19304171164182124
33384,0.1955526548755254
33385,0.19414798403693276
33386,0.1876284210805549
33387,0.20346456429104037
33388,0.1946190583761426
33389,0.19428938062747012
33390,0.19711061921549572
33391,0.19631227739548482
33392,0.20167067579554568
33393,0.1979361771469681
33394,0.19220233089786762
33395,0.18712641047312426
33396,0.19296879455524704
33397,0.19493440612583599
33398,0.19731664007906755
33399,0.1942824836004488
33400,0.19763079500696717
33401,0.1969138704838503
33402,0.19243280885461564
33403,0.20147884262045557
33404,0.19802380118392823
33405,0.19031603771267
33406,0.19663418941931823
33407,0.1822962851900707
33408,0.19615213096643838
33409,0.18901341411128167
33410,0.1902628827895869
33411,0.19436980469944437
33412,0.19272613598844862
33413,0.1899227907033893
33414,0.18719079418113324
33415,0.1901389593025916
33416,0.1903053306853896
33417,0.19038802145480246
33418,0.19054529785205093
33419,0.18758652287420818
33420,0.19167154881790863
33421,0.19417449402206624
33422,0.18988346366409672
33423,0.18906682363810473
33424,0.1936929437026852
33425,0.18823701755749134
33426,0.19107997359430684
33427,0.1978066512616698
33428,0.19266332315692775
33429,0.18965884052292956
33430,0.18728748777173124
33431,0.19182745830122605
33432,0.1911450308741226
33433,0.19020757955642434
33434,0.19246595233002123
33435,0.19293184441508543
33436,0.1950700753237771
33437,0.1887835451860012
33438,0.19457798458544195
33439,0.19808926404651966
33440,0.1944237240119711
33441,0.19391534521698015
33442,0.19329829045398939
33443,0.1954322996998867
33444,0.19831743439642496
33445,0.1949792277639455
33446,0.18853214961217826
33447,0.19483794042424885
33448,0.189758150026778
33449,0.1890984758484113
33450,0.1899920692023945
33451,0.18683991732757801
33452,0.1865562987476056
33453,0.1882807348761762
33454,0.19393910186189392
33455,0.1916195606937911
33456,0.19095548125419912
33457,0.18800108633819845
33458,0.19523674831484658
33459,0.19510767651320512
33460,0.1920761565225038
33461,0.18716644685666153
33462,0.196705783105172
33463,0.19673130044883885
33464,0.19283170428009436
33465,0.19697672188127172
33466,0.1878794689515264
33467,0.1908072150929241
33468,0.18567796064729783
33469,0.18612513884359308
33470,0.18872964255400806
33471,0.19264685027485934
33472,0.19898805070955733
33473,0.19847979149903433
33474,0.19549810089825834
33475,0.19145194241266894
33476,0.2007453059862927
33477,0.19846947592093248
33478,0.1942622749020855
33479,0.1935476287600603
33480,0.18901280937468296
33481,0.1926055686691581
33482,0.19352216650628143
33483,0.19014152413119687
33484,0.19171662188582206
33485,0.19212284409000435
33486,0.19624458518090493
33487,0.19271716729733931
33488,0.18921488427638275
33489,0.19145244672243708
33490,0.1935897033638209
33491,0.1919259442082189
33492,0.19059025510032437
33493,0.18479720772966393
33494,0.18992161822937587
33495,0.18723789813033345
33496,0.19233342182251767
33497,0.18708189980472684
33498,0.1900218344492471
33499,0.1922200627978716
33500,0.19115547548469558
33501,0.19045782336714998
33502,0.18970962835617036
33503,0.19032995463738978
33504,0.19852892918378506
33505,0.1924667560017548
33506,0.19100925432839538
33507,0.18135352801522558
33508,0.1905000668186473
33509,0.19358902630704952
33510,0.193166031490939
33511,0.18827415805953945
33512,0.19100520293698647
33513,0.1914591011779545
33514,0.18561078968530947
33515,0.1883521007376695
33516,0.18776822293272938
33517,0.19237960792665024
33518,0.1899070964714605
33519,0.18460248780563066
33520,0.19026437452932318
33521,0.18720552320112288
33522,0.19048972621389693
33523,0.19473213785124474
33524,0.1901179416418855
33525,0.18736062596637243
33526,0.1991352073404961
33527,0.19355604921587735
33528,0.1866188353335119
33529,0.19175561733618773
33530,0.18587428227287428
33531,0.18939568074058563
33532,0.18864149980803208
33533,0.19311032008241094
33534,0.19729345671012694
33535,0.19311748078579916
33536,0.19655915085110434
33537,0.19078788264392443
33538,0.19318715487304025
33539,0.20577503621121426
33540,0.1956350121500271
33541,0.19711781724488703
33542,0.18887418023821964
33543,0.1898094417053793
33544,0.19380500155720976
33545,0.19595894871077127
33546,0.19386321272209625
33547,0.19328413520219317
33548,0.19252608913472266
33549,0.1952893650634176
33550,0.19905290403562684
33551,0.19145681224298655
33552,0.19080372817208285
33553,0.1891525018834281
33554,0.19168708735238957
33555,0.19436434849144332
33556,0.194428215915645
33557,0.19148907251822006
33558,0.18252370980499671
33559,0.18936882405623726
33560,0.1924306757155386
33561,0.19672109289402132
33562,0.1913137078216592
33563,0.1954962810235807
33564,0.18731868608193467
33565,0.189654531728569
33566,0.18560152998628168
33567,0.18918092863737718
33568,0.19016582635415144
33569,0.19462158025729456
33570,0.19780503000167945
33571,0.18745718543316264
33572,0.19575608443409168
33573,0.18611587772974342
33574,0.19075262083022648
33575,0.19645693282746943
33576,0.19239739472141915
33577,0.19936837022300413
33578,0.19445271121774102
33579,0.19218128862451178
33580,0.19086675517654375
33581,0.1945520829898948
33582,0.1927197799744999
33583,0.1894910138311096
33584,0.19910038115684958
33585,0.19537906174899153
33586,0.19779497961078074
33587,0.19030510464429717
33588,0.19731436947800748
33589,0.19326349718639
33590,0.19329847589403182
33591,0.20173215036249553
33592,0.19776623730827075
33593,0.19835631014186986
33594,0.18579170391585415
33595,0.19824598620952982
33596,0.1958263751773431
33597,0.19288249246352993
33598,0.18976749790707914
33599,0.1925609417171591
33600,0.19590982388677078
33601,0.19241388617779995
33602,0.1929467939545282
33603,0.18978885976282317
33604,0.18836684030644493
33605,0.1923765047528407
33606,0.18542106952015985
33607,0.20039255089680244
33608,0.20183447866750873
33609,0.19817194154967613
33610,0.19057833982568553
33611,0.1936024278531568
33612,0.19612115619601594
33613,0.19044904122982398
33614,0.19006005600810635
33615,0.2007514168849123
33616,0.20347851230797606
33617,0.1956128484064994
33618,0.19768259817931338
33619,0.19708303412067413
33620,0.18895424289768534
33621,0.18924973580659862
33622,0.19161773814568203
33623,0.19289086997369556
33624,0.19648602106585952
33625,0.18538074494365786
33626,0.189957959553734
33627,0.19477277848680227
33628,0.19498382996640531
33629,0.19448396920764252
33630,0.19186540385047934
33631,0.19806355583060817
33632,0.2018734974256236
33633,0.19364012802470212
33634,0.18838239083997788
33635,0.20418434824866108
33636,0.19582849540493563
33637,0.19169593431022772
33638,0.19469608857735682
33639,0.19775259064844297
33640,0.19057963146780466
33641,0.1927572772087689
33642,0.19870092243693963
33643,0.19644185602419809
33644,0.19653923780931254
33645,0.19584545807155973
33646,0.1965039558223413
33647,0.19579971809063906
33648,0.19427869878172552
33649,0.19030202314208453
33650,0.200512961787664
33651,0.20394127714797886
33652,0.19718958052165675
33653,0.19253228319328208
33654,0.20214109892161283
33655,0.20260022127351962
33656,0.19535498574103785
33657,0.19694430014013595
33658,0.18850014299749365
33659,0.18983516751425877
33660,0.1930519906992696
33661,0.18776744178177907
33662,0.19304439743710491
33663,0.19775962426533808
33664,0.19319799594195006
33665,0.19822830996672533
33666,0.1951178043042657
33667,0.19119724696231435
33668,0.1935778647348791
33669,0.19776449538991162
33670,0.18825359189854543
33671,0.19614805632442242
33672,0.19391235599301146
33673,0.19472687373841288
33674,0.2003617598732069
33675,0.1891713991742217
33676,0.19424669225986776
33677,0.19615537367000496
33678,0.18437183179695174
33679,0.1920259926335167
33680,0.1899056296960543
33681,0.19290278145516082
33682,0.1902653490353716
33683,0.18554378407975308
33684,0.19475172804092356
33685,0.18634583672418678
33686,0.18620888264538374
33687,0.19385697402755653
33688,0.19007856356733258
33689,0.18864635119866785
33690,0.19379476820203184
33691,0.1842603607497727
33692,0.18598072979371794
33693,0.19191661492735373
33694,0.18622103242819904
33695,0.18804405673471117
33696,0.18646253548792904
33697,0.1907802376238402
33698,0.1858592909470165
33699,0.18762141290216167
33700,0.1931466989942918
33701,0.18759164881809676
33702,0.18941431612735182
33703,0.19512669392489246
33704,0.1905007255523805
33705,0.1976803591565417
33706,0.18480458810505082
33707,0.18684070158564434
33708,0.18894257833342393
33709,0.19641504902278017
33710,0.1885996839393454
33711,0.1938854256591605
33712,0.19129038062570095
33713,0.18873662818515588
33714,0.19474408553604478
33715,0.1902314627735537
33716,0.19193009222829938
33717,0.19271689931679747
33718,0.20375431486201379
33719,0.18954416808967983
33720,0.20433798093980837
33721,0.192531763760228
33722,0.18399267186645013
33723,0.19323588142220233
33724,0.18848895149438968
33725,0.1977751924346041
33726,0.196753781573718
33727,0.20258488265679878
33728,0.191675334252158
33729,0.19063481258181103
33730,0.19368923137524527
33731,0.19374558665676184
33732,0.19371226369404881
33733,0.19146413157701098
33734,0.18963528547307015
33735,0.20054445471218002
33736,0.18955587787029568
33737,0.19275709603386929
33738,0.19668873494029163
33739,0.19166477848490207
33740,0.1868917269340702
33741,0.190204047795401
33742,0.193288465885274
33743,0.19480973738048588
33744,0.19344633761825308
33745,0.18833996095127056
33746,0.18776179280104857
33747,0.19365222628153694
33748,0.2001676541608725
33749,0.19445639349562077
33750,0.20262405847604495
33751,0.19365058409033975
33752,0.19158203553168376
33753,0.1898342172900061
33754,0.19014927336106582
33755,0.19053634581190726
33756,0.19262453888433
33757,0.20205976913331605
33758,0.1975297696971401
33759,0.19023217987036672
33760,0.1910107597259094
33761,0.2021374413290783
33762,0.19549790789530022
33763,0.1882571906675983
33764,0.18293424912477546
33765,0.19151163301314156
33766,0.18828813022906954
33767,0.1996829143170608
33768,0.18692688217653294
33769,0.1893798656117665
33770,0.18284621482227942
33771,0.19336982066180355
33772,0.18810452783898582
33773,0.19324212916033828
33774,0.19497418129413815
33775,0.1945466702650409
33776,0.1903852121411703
33777,0.18555096623072995
33778,0.19331386925353747
33779,0.18662199160294482
33780,0.19492229281933135
33781,0.19269651462989673
33782,0.19102105485279167
33783,0.19057618164768372
33784,0.1896939835843223
33785,0.19023369059884374
33786,0.1995454812231998
33787,0.18742912912386891
33788,0.19107753903724894
33789,0.18836544774122507
33790,0.19193739158427514
33791,0.18797407673966568
33792,0.18825780666550035
33793,0.1989866483872225
33794,0.19191736739935386
33795,0.19051288407964342
33796,0.19125650813542497
33797,0.1988131690307293
33798,0.1954665160245855
33799,0.18493816304889288
33800,0.19511932346635033
33801,0.1861118656483098
33802,0.19619983981841052
33803,0.18591951533438023
33804,0.19002968143491725
33805,0.19673769001025132
33806,0.198134151606778
33807,0.19413724025542148
33808,0.19689661353300486
33809,0.19383477789866815
33810,0.1953838346583897
33811,0.1928882985047993
33812,0.18688798670380166
33813,0.19113053859610002
33814,0.19173005761122192
33815,0.18770923320009383
33816,0.19644925136591357
33817,0.19230982004178285
33818,0.18947969906206447
33819,0.1995678233556181
33820,0.19420741133101058
33821,0.19803777926766394
33822,0.19313499270885928
33823,0.19292368499472404
33824,0.1946813258374224
33825,0.19430822680175672
33826,0.19730276156762044
33827,0.1963612092718467
33828,0.1928961907674353
33829,0.19086585316454613
33830,0.19171262806668463
33831,0.19706568602285784
33832,0.1993485010618692
33833,0.1960826971775544
33834,0.2018019303692585
33835,0.19480420083165134
33836,0.19228243008522977
33837,0.19056437701027706
33838,0.1946049970510688
33839,0.1881686705635277
33840,0.19734224902801045
33841,0.19608408876532557
33842,0.19826560288881662
33843,0.19665875180440473
33844,0.1872595678769529
33845,0.18732590958774106
33846,0.18883920989623618
33847,0.1964639810807316
33848,0.18854734782524948
33849,0.19670451751437698
33850,0.19074556009431096
33851,0.19482819828170944
33852,0.1941653287332839
33853,0.19748310316623996
33854,0.1951414901772646
33855,0.19048789456937915
33856,0.19043425360953287
33857,0.18322831305360557
33858,0.18776879314545555
33859,0.1881989696199508
33860,0.1900131963538646
33861,0.19393440542783164
33862,0.1860893877809911
33863,0.18594086277631935
33864,0.19380399841413554
33865,0.1951259854516612
33866,0.18624372777273043
33867,0.19100761158605925
33868,0.1828032317076293
33869,0.19357088321519708
33870,0.19102993718473577
33871,0.1849360514399881
33872,0.19107751766315084
33873,0.18813895541526549
33874,0.18504265680512944
33875,0.19072305450388352
33876,0.18721850586898514
33877,0.18942777464089308
33878,0.19228402089045368
33879,0.1971637834893044
33880,0.20632147613822516
33881,0.2030703040393919
33882,0.18660878119870733
33883,0.19011708346613782
33884,0.19255587998406354
33885,0.19694661798054314
33886,0.19544640767335594
33887,0.19775403352607182
33888,0.197047139665963
33889,0.19489669467963053
33890,0.19492721667029878
33891,0.19924629048688214
33892,0.1919214401623635
33893,0.19778429711773282
33894,0.2019105309111184
33895,0.19633010466289716
33896,0.19824734025662807
33897,0.20161121411549066
33898,0.19532792805453206
33899,0.19377219523467692
33900,0.19363467884141114
33901,0.19977226465911016
33902,0.19971705825579095
33903,0.19754383188779323
33904,0.19380979164459153
33905,0.18970088540560776
33906,0.19733614583301462
33907,0.19762246884472093
33908,0.19638217598288632
33909,0.197185891058021
33910,0.20279975564028585
33911,0.19651913883476665
33912,0.19659776132516116
33913,0.1974730725724491
33914,0.195824048636674
33915,0.18530973544458873
33916,0.19351168331002427
33917,0.19187694891439389
33918,0.19352456706237003
33919,0.19045214557844733
33920,0.19025577871992783
33921,0.19326500792666892
33922,0.19073859366028942
33923,0.19912433952488093
33924,0.19297188708014554
33925,0.201771131198714
33926,0.1965141975198261
33927,0.19122648478121837
33928,0.19152190698279928
33929,0.19042371314946843
33930,0.19488044401581628
33931,0.19387512466476112
33932,0.1966710559319537
33933,0.18964757292470313
33934,0.1940905445119518
33935,0.1888852981754802
33936,0.19181712513178711
33937,0.19809577641706141
33938,0.19253881656558258
33939,0.19205241217461583
33940,0.19507639138080446
33941,0.19540830628318845
33942,0.19816807565488861
33943,0.19679928636670857
33944,0.1886024314958741
33945,0.19266773833777542
33946,0.192669050279106
33947,0.19462299983836326
33948,0.1942073259107977
33949,0.19542761154206087
33950,0.19307027376956928
33951,0.19427208499490484
33952,0.19355359187687582
33953,0.19452115321140756
33954,0.19778687970546774
33955,0.19341067958391855
33956,0.1948970043673569
33957,0.18830658812320614
33958,0.19409512827630807
33959,0.19650503647741982
33960,0.1902170621572791
33961,0.19166735579334634
33962,0.18724888674460208
33963,0.19054945667756942
33964,0.19497995547598015
33965,0.19237839826164463
33966,0.192413183056949
33967,0.1971679091074986
33968,0.19558473723075182
33969,0.18979498996708055
33970,0.18957093379481418
33971,0.18721985810154088
33972,0.18879529397378894
33973,0.1959479766464935
33974,0.19801573182237722
33975,0.19901536889611107
33976,0.19030548689458907
33977,0.19052888905158652
33978,0.19690598357576133
33979,0.190444433992156
33980,0.19184405850803976
33981,0.2022601589116781
33982,0.19387130441426695
33983,0.19424048974254668
33984,0.19686718092792016
33985,0.18749176777817422
33986,0.1888896390908168
33987,0.1927224729218193
33988,0.1882568903199419
33989,0.1907746822551058
33990,0.1844401283860217
33991,0.1979688715826127
33992,0.18984663330805998
33993,0.19525576181208912
33994,0.1908559768615901
33995,0.19226768745677306
33996,0.1884741593707967
33997,0.1869614032458574
33998,0.18320321240511395
33999,0.18169698417179955
34000,0.18854948698932902
34001,0.18479090361233774
34002,0.19309972005671522
34003,0.18882519381627025
34004,0.18442201694125845
34005,0.18620405788956185
34006,0.19019237652092924
34007,0.191615065964505
34008,0.19131146425444212
34009,0.18790376515276447
34010,0.1897752206299965
34011,0.19326181766852799
34012,0.1894370627493063
34013,0.19136350662316817
34014,0.18979946082478608
34015,0.18584098718190306
34016,0.1881724530558185
34017,0.185912321855044
34018,0.19028938626831793
34019,0.18594821209530182
34020,0.18638090932608453
34021,0.18420678903318494
34022,0.1925983872879313
34023,0.1931214094926988
34024,0.1940026774832481
34025,0.19083766389021575
34026,0.19258371180921702
34027,0.1913276433425468
34028,0.20266432178762034
34029,0.19064772795918264
34030,0.192533307667267
34031,0.18884881725307093
34032,0.19104242241152977
34033,0.19227298262061826
34034,0.19046238706171031
34035,0.1914522847552532
34036,0.18712895290699294
34037,0.19311478511246638
34038,0.18402087745627058
34039,0.18487316749202548
34040,0.1944747834344716
34041,0.19190093448193538
34042,0.19776328059180318
34043,0.1890384098186295
34044,0.20040727821467783
34045,0.18519818655639145
34046,0.18673421691626874
34047,0.19096392952226293
34048,0.19315269784044284
34049,0.1928933319591691
34050,0.1977677128123986
34051,0.1960553049962868
34052,0.19005504477787988
34053,0.19384842394363885
34054,0.19268837609631656
34055,0.18935654760046022
34056,0.1864928501807338
34057,0.19053885311922886
34058,0.1896951579252051
34059,0.19158822234363257
34060,0.19226081391083677
34061,0.18757872924214786
34062,0.18922165788240036
34063,0.18983506434778433
34064,0.19255469046466236
34065,0.18823868905843508
34066,0.1896033394910777
34067,0.19934144485525138
34068,0.19415845140134114
34069,0.19585036431302474
34070,0.1893931812125509
34071,0.19433758550673472
34072,0.19587128529747055
34073,0.19518561424115716
34074,0.19288664979476083
34075,0.19418128052616387
34076,0.19469256951916183
34077,0.18668028472806625
34078,0.1922557523988602
34079,0.18472838999788002
34080,0.18957454466386367
34081,0.19216202222058987
34082,0.19640171116680488
34083,0.19009817845927196
34084,0.19703195154237008
34085,0.19993935878178112
34086,0.20085229699026047
34087,0.19773711970323452
34088,0.18868152732549162
34089,0.19492186818535587
34090,0.19297735768139868
34091,0.18969549317932602
34092,0.1984910553423734
34093,0.19139704334777294
34094,0.18993239198968384
34095,0.1947065050168276
34096,0.19882922876262515
34097,0.19766592621078824
34098,0.19371220882962534
34099,0.19540274093168794
34100,0.19461286605932274
34101,0.18920133685565482
34102,0.19468164345255365
34103,0.1928070132059588
34104,0.19226149425818742
34105,0.19334848830506698
34106,0.19403206449659796
34107,0.19266695615266086
34108,0.18933387018424683
34109,0.17941674202587402
34110,0.19142802217023322
34111,0.19262220587546144
34112,0.18494698021803993
34113,0.18613504779818726
34114,0.19620752563869892
34115,0.20087285951509726
34116,0.18882100580593245
34117,0.18892992053814167
34118,0.19284807910576182
34119,0.19498095281117986
34120,0.19275339150411544
34121,0.19466300575809245
34122,0.1910581172249203
34123,0.18336320573408008
34124,0.1899736407061996
34125,0.1851748107822332
34126,0.1964912086066922
34127,0.18776698313159979
34128,0.188158777384559
34129,0.1959570972514899
34130,0.18461167699189585
34131,0.19806236386508644
34132,0.19583652140728605
34133,0.18712713261751315
34134,0.1913476451482959
34135,0.18582361745403247
34136,0.1889647123260738
34137,0.19801085258508802
34138,0.1917286102443657
34139,0.19449574746411752
34140,0.19050438490064134
34141,0.19288753981770695
34142,0.1911945526635691
34143,0.1923199385393694
34144,0.19694240325723167
34145,0.1897636273609091
34146,0.20308146285659015
34147,0.19456914773274314
34148,0.19367161918231837
34149,0.19663849808072253
34150,0.1945218656207931
34151,0.1964690900134392
34152,0.19252295262591138
34153,0.1932712119280695
34154,0.19476110366811275
34155,0.19557069468746915
34156,0.1957703733876239
34157,0.20156765137253524
34158,0.19638119302496895
34159,0.19481986152109962
34160,0.19339945450099894
34161,0.1994253060647662
34162,0.1934478272008005
34163,0.19327271640150553
34164,0.18562341251788803
34165,0.19164614008016326
34166,0.19308021655151783
34167,0.1996066474568695
34168,0.19486036918389615
34169,0.1936388786748486
34170,0.19163047702037056
34171,0.19293658773733338
34172,0.19882394562964112
34173,0.19533965705342146
34174,0.19493867561487574
34175,0.19512614641343853
34176,0.19694333246654708
34177,0.19165267496156846
34178,0.19505763347784824
34179,0.20453262498193003
34180,0.19906991675466126
34181,0.20022112045216914
34182,0.1938709759484168
34183,0.19600289157555797
34184,0.20139166439242498
34185,0.18874197949383445
34186,0.19539202253450663
34187,0.1953149451418998
34188,0.1929880153483554
34189,0.19003264225239572
34190,0.20237998342133146
34191,0.19759490407511573
34192,0.1975521566445709
34193,0.20253310054993542
34194,0.19043497873345525
34195,0.19148286240399476
34196,0.19122808117106882
34197,0.18916239955328643
34198,0.1987903853720998
34199,0.19617680449961425
34200,0.19181183359831205
34201,0.18927211746051884
34202,0.19473419082491417
34203,0.186746221071485
34204,0.19146593971353237
34205,0.18425415037584036
34206,0.19603620259753243
34207,0.19805700064085577
34208,0.19529183943418177
34209,0.19656656112328233
34210,0.18911466777799824
34211,0.1892311860538431
34212,0.1852295968136674
34213,0.1861898831477569
34214,0.19273113744949047
34215,0.18925762639903268
34216,0.19174776903308077
34217,0.1943022672171138
34218,0.1820131795352345
34219,0.19513774053053778
34220,0.1864471120555866
34221,0.19201769536117208
34222,0.19484030308336914
34223,0.19286034473189836
34224,0.19148790332007137
34225,0.18832554734435475
34226,0.19713712081344872
34227,0.19309472032241093
34228,0.19013821965224612
34229,0.19178709168899277
34230,0.18778433020309576
34231,0.19305666209620165
34232,0.20066938847861102
34233,0.19510365707268312
34234,0.19174759709563413
34235,0.1915665542571047
34236,0.18934847384315742
34237,0.1847797771109688
34238,0.19338142271913594
34239,0.19726897981036295
34240,0.1885478523494934
34241,0.1911021956420388
34242,0.18794029367213694
34243,0.18896554219671272
34244,0.19793609120084255
34245,0.1977886760922827
34246,0.19723366964484604
34247,0.19614514928772842
34248,0.18846428971278195
34249,0.18868288986068357
34250,0.19161951233635566
34251,0.19129677489096936
34252,0.1920220129778684
34253,0.19512039388641217
34254,0.19643802893881182
34255,0.20061205941148744
34256,0.19404764930908966
34257,0.19227644161498567
34258,0.19343711586403092
34259,0.19644043923945517
34260,0.19487120048921153
34261,0.19318439387322883
34262,0.19046624512200067
34263,0.19232481584896324
34264,0.19649325856139127
34265,0.20137549465930804
34266,0.19515169952367423
34267,0.19208851106117628
34268,0.19337067254812235
34269,0.19236072202927668
34270,0.19317401816854904
34271,0.1914367083078489
34272,0.18739024011900987
34273,0.18896671774805432
34274,0.18825196719618525
34275,0.18645549745757709
34276,0.19367481600051473
34277,0.18822617547163975
34278,0.19086240318463232
34279,0.1812485810243348
34280,0.18666184479999656
34281,0.1887319277669022
34282,0.18812880420078432
34283,0.19194629818786868
34284,0.19111993090217178
34285,0.1988436593396075
34286,0.19192541267023625
34287,0.19161173926836367
34288,0.18838640450009014
34289,0.19351724059577918
34290,0.19434628861593656
34291,0.18566533368532975
34292,0.19433138574101347
34293,0.19319313345217884
34294,0.19680865162168223
34295,0.19777187841246208
34296,0.19982644778636963
34297,0.1851384313252562
34298,0.18553392622467438
34299,0.19633965663529893
34300,0.18969610652242985
34301,0.18860018870733047
34302,0.18617557491928405
34303,0.1961500265700071
34304,0.19678196790193003
34305,0.18977591401168709
34306,0.1928961014862397
34307,0.19597508719958
34308,0.1933462728311547
34309,0.19423524063729417
34310,0.20082021219373014
34311,0.19744478569068943
34312,0.19546825700040205
34313,0.18582326871294344
34314,0.1927797144004325
34315,0.19185549944386499
34316,0.1857045889217565
34317,0.1950905327344442
34318,0.19300178007529686
34319,0.1822000852992933
34320,0.19047860469521755
34321,0.19101940779556248
34322,0.18848600857147735
34323,0.1855498800475826
34324,0.19136577087045628
34325,0.18517245327481122
34326,0.18902748830813887
34327,0.19173729494033948
34328,0.19369320808424687
34329,0.1919312214854013
34330,0.19641171639534008
34331,0.19706906279516614
34332,0.1942573885581234
34333,0.19524317974710018
34334,0.19465133344968844
34335,0.18996861039952734
34336,0.1936614843375835
34337,0.19141340793260742
34338,0.20027542729928988
34339,0.19258012336267824
34340,0.18634662636833513
34341,0.18605349766985455
34342,0.18755156977122572
34343,0.18944766139506483
34344,0.19058946588893613
34345,0.19372654535278744
34346,0.18782922836930588
34347,0.19031367912686903
34348,0.18513918386932138
34349,0.19102491143027364
34350,0.18560890689269863
34351,0.18808824580293665
34352,0.19598094730450855
34353,0.19688342975030912
34354,0.18791905990229632
34355,0.19035608732401593
34356,0.1906379530021415
34357,0.18812633404583143
34358,0.1911997915446526
34359,0.20139540249077476
34360,0.19826804305202003
34361,0.18965712737267693
34362,0.19058105081915888
34363,0.18559463900235826
34364,0.1873879663405088
34365,0.1874968864199696
34366,0.19882050021946093
34367,0.19777922604742093
34368,0.19407724192464593
34369,0.18650736823963426
34370,0.19355954606586925
34371,0.19433509267292357
34372,0.19366405131581504
34373,0.18591955040862282
34374,0.1883199458109799
34375,0.195069079488822
34376,0.19103559398635506
34377,0.1946408055131064
34378,0.19043631500124789
34379,0.19123010782853375
34380,0.19192795185900682
34381,0.18738609475739734
34382,0.1898095904437549
34383,0.19076110531499163
34384,0.18273530271707225
34385,0.19253261877161296
34386,0.19249234256921757
34387,0.19164251574599042
34388,0.1932257143379759
34389,0.193135695121409
34390,0.1905638451991506
34391,0.19295988483200122
34392,0.1903089444146043
34393,0.18969120869403208
34394,0.19522494002104274
34395,0.19488701331821204
34396,0.19772823632546324
34397,0.19632223414693384
34398,0.19324863257336933
34399,0.19431695366801302
34400,0.19174812922167372
34401,0.18880805597426664
34402,0.1914050600360941
34403,0.18481928929232766
34404,0.1859832674941348
34405,0.18387120023414236
34406,0.18504858970631452
34407,0.19410991721692022
34408,0.1934074940553261
34409,0.18798566353526114
34410,0.18525074821000806
34411,0.19279739576580496
34412,0.18226573209828192
34413,0.18487966290221283
34414,0.1934325217993608
34415,0.19341122083965862
34416,0.18966031236300532
34417,0.19176751380906926
34418,0.1904176790595146
34419,0.19117043503178976
34420,0.19335087399513246
34421,0.19227931496181075
34422,0.19456912244442473
34423,0.19406721467121177
34424,0.18706235771364613
34425,0.18817046465502726
34426,0.17927352955939133
34427,0.18239199518309165
34428,0.18336991245474824
34429,0.18418944078575283
34430,0.1897748500592987
34431,0.19143017346101313
34432,0.1931223681271875
34433,0.1940910792360252
34434,0.19163930768989731
34435,0.18900704640835708
34436,0.18882464824642148
34437,0.1940600650867228
34438,0.18672107291226855
34439,0.1899310449025328
34440,0.19003228863570526
34441,0.19215601920982328
34442,0.19095655442965653
34443,0.18989496038429943
34444,0.1877902073428308
34445,0.1917204711577012
34446,0.1886145368541882
34447,0.18931592630567062
34448,0.1854336821780814
34449,0.18613739474282917
34450,0.19375530160536628
34451,0.1865364197166973
34452,0.1933618097732157
34453,0.19297777616901662
34454,0.19163586119318265
34455,0.19047416928633035
34456,0.19263633772853778
34457,0.18725999735741142
34458,0.19147532837776152
34459,0.1910325200893481
34460,0.18543995274581204
34461,0.19058471775468552
34462,0.19151028211311028
34463,0.19022509006466526
34464,0.1883231907694099
34465,0.18662411319679734
34466,0.18545918778778697
34467,0.19568837116209972
34468,0.19002576390063738
34469,0.18997438700372316
34470,0.19307340235426249
34471,0.19159636904369148
34472,0.1861268309732466
34473,0.18372842007586113
34474,0.18924173618123888
34475,0.18729774016172893
34476,0.19072802405678696
34477,0.185967800039444
34478,0.18597467279733793
34479,0.18987069207001103
34480,0.18913163428560134
34481,0.19741853276334662
34482,0.1909555771005394
34483,0.19151980641598257
34484,0.18789583775493865
34485,0.18930637998993566
34486,0.1864479496238222
34487,0.18996750490710368
34488,0.18578163909196255
34489,0.18981660398736433
34490,0.19702361372110216
34491,0.19114192747434017
34492,0.18737663611423816
34493,0.19024173032397665
34494,0.1953627263902728
34495,0.19541843527573735
34496,0.1899754017927502
34497,0.19235082574363385
34498,0.19242069607006212
34499,0.1861150287280582
34500,0.188490642278518
34501,0.1906881736888568
34502,0.19053131839100085
34503,0.1883791686472744
34504,0.18024385191219652
34505,0.189815156572156
34506,0.18921804591209992
34507,0.18796949967967508
34508,0.19216895030916917
34509,0.18349843691754822
34510,0.1878830757598531
34511,0.19137276852254764
34512,0.19134601744826443
34513,0.19262408400001896
34514,0.19317828959303385
34515,0.18947131573212858
34516,0.19021388433506392
34517,0.1857634770889324
34518,0.18619578270179427
34519,0.1935560589950783
34520,0.1907840170923016
34521,0.18451349375518136
34522,0.20070836910966883
34523,0.18883596751854373
34524,0.18807853400082986
34525,0.18444599883773033
34526,0.18851182014262294
34527,0.19841152616509422
34528,0.19236277997506226
34529,0.1919450926654925
34530,0.19204060396923153
34531,0.1968525012789474
34532,0.18989806694063932
34533,0.1898772849944689
34534,0.19884083345075756
34535,0.19405526591158348
34536,0.1943908322787376
34537,0.19369399413902783
34538,0.1903270375980692
34539,0.20136856548716991
34540,0.19913153787552804
34541,0.18890058428532425
34542,0.20044203209019754
34543,0.19882899582794028
34544,0.19732940384760472
34545,0.1925506437320622
34546,0.1912044827287393
34547,0.18876750009055612
34548,0.18963461244784086
34549,0.18756460982545595
34550,0.18942560344785708
34551,0.19472494032524443
34552,0.18842376810481737
34553,0.18665250312450998
34554,0.19463717308375772
34555,0.19520864883630157
34556,0.19159556619054394
34557,0.1862450782426011
34558,0.1838850417007411
34559,0.18589318821280915
34560,0.18460171387085145
34561,0.18770989191434787
34562,0.18910063288850565
34563,0.19184315914258926
34564,0.1890506781722202
34565,0.18570472641605015
34566,0.1847259001842291
34567,0.18935214123804317
34568,0.19096049024314923
34569,0.18687846901769647
34570,0.19070511806333218
34571,0.1918324188778864
34572,0.18873412426394592
34573,0.1885832508980469
34574,0.19095316788649916
34575,0.19247934757217716
34576,0.18884730427491536
34577,0.19163929325671153
34578,0.19127054222499565
34579,0.1912765929732633
34580,0.19153037188753463
34581,0.18830640491272432
34582,0.19522583412546257
34583,0.18511434421851913
34584,0.1936774051503293
34585,0.19096640983112625
34586,0.1889534582807215
34587,0.19087561161579303
34588,0.18935734773771973
34589,0.1910478999966161
34590,0.19239121246540464
34591,0.1879814392108511
34592,0.19079102800174216
34593,0.1928643345444723
34594,0.18858271672223706
34595,0.19513915208742932
34596,0.19410664368708477
34597,0.19041595364111655
34598,0.19089522976764917
34599,0.19745208320295093
34600,0.1950994180200645
34601,0.1884625835100802
34602,0.19287385646418487
34603,0.1978569488339176
34604,0.19053208421528844
34605,0.19291501771916558
34606,0.18903122260944522
34607,0.18724932827039145
34608,0.1882249536108224
34609,0.19128681621852356
34610,0.19004079568299562
34611,0.191180538621284
34612,0.18697594892133707
34613,0.18924391045855368
34614,0.1880007955503221
34615,0.19261207021809673
34616,0.1913044009837522
34617,0.18502320356801175
34618,0.19578795174055055
34619,0.1898916073576913
34620,0.18918372692580007
34621,0.1950648587201116
34622,0.19214811261024006
34623,0.18966703521686618
34624,0.19276181265856623
34625,0.1955854589516808
34626,0.19339827975842194
34627,0.18931015330095516
34628,0.19317727850172425
34629,0.198483801819231
34630,0.19176814782597024
34631,0.19292579741652177
34632,0.19233294662001077
34633,0.1836333071373454
34634,0.18929998450525629
34635,0.1904314063035623
34636,0.18973316431170925
34637,0.19337375233371792
34638,0.19549080544804232
34639,0.20002896800472797
34640,0.1960382465791143
34641,0.18957528927450643
34642,0.19392658664812468
34643,0.19086684163102077
34644,0.1887135945654586
34645,0.18615141970721216
34646,0.19138910030736975
34647,0.19391924676203318
34648,0.18347303640603765
34649,0.1873059208080404
34650,0.18962936992121354
34651,0.19096017640484622
34652,0.19449982221441306
34653,0.19167332731419506
34654,0.18978577151681014
34655,0.18513479554178153
34656,0.19012832517767908
34657,0.18589990676567394
34658,0.17985505402091953
34659,0.185537754282493
34660,0.18919216829361268
34661,0.19389138721930313
34662,0.19214789313130856
34663,0.18548729500352445
34664,0.1894028223843743
34665,0.18897640254428777
34666,0.18850181354932727
34667,0.18311248970391264
34668,0.1824167826080569
34669,0.18986718060018773
34670,0.18842884783891536
34671,0.18942270814911072
34672,0.1872222002005072
34673,0.19012508251939933
34674,0.19169178626188405
34675,0.19391477896583165
34676,0.19075133207942774
34677,0.18795949187919042
34678,0.18687377847990358
34679,0.18980504113725757
34680,0.18479721696968976
34681,0.19751920634869952
34682,0.18983603664639134
34683,0.18673231834333942
34684,0.18756143853864213
34685,0.19026849618585512
34686,0.19217179239289073
34687,0.19683279151479247
34688,0.1834898711752322
34689,0.1842777869903418
34690,0.18990276914876272
34691,0.19219845484171721
34692,0.19465028061302453
34693,0.19075184862912842
34694,0.18478277122617928
34695,0.19698359805390125
34696,0.18717438433529276
34697,0.1842209868887285
34698,0.19516503234977753
34699,0.1942693436141425
34700,0.1976994457653219
34701,0.19244877049763323
34702,0.1823139763585641
34703,0.19180375735403823
34704,0.19239910684565278
34705,0.18499113911697593
34706,0.18525030136251433
34707,0.19059050838827524
34708,0.19611719830487725
34709,0.18614823692600838
34710,0.18597657155618524
34711,0.1865750070362724
34712,0.18480931145634671
34713,0.1812494982365786
34714,0.19177337829630806
34715,0.18653925661802306
34716,0.18404081261111596
34717,0.1939945581157764
34718,0.19033132091859783
34719,0.19354402481105903
34720,0.19118330857674026
34721,0.19400965865263556
34722,0.18671044978723964
34723,0.1833498866178147
34724,0.19111499601993537
34725,0.18976453408743135
34726,0.18812373523069761
34727,0.18290122335951142
34728,0.18931313947146874
34729,0.19069652107761628
34730,0.18421680807039165
34731,0.18769364609726233
34732,0.18551866395603864
34733,0.18663114294424898
34734,0.1855261254750205
34735,0.18565470083246702
34736,0.1856536726048975
34737,0.1856643816910623
34738,0.1846569528513518
34739,0.1876648551480761
34740,0.18556325651927513
34741,0.18731333491456345
34742,0.18848310271521032
34743,0.18533406739482927
34744,0.18353641635894144
34745,0.18691666391099016
34746,0.19343163707981645
34747,0.17959163004035997
34748,0.18115647714493383
34749,0.18740240655537949
34750,0.18926648229357337
34751,0.18522526489806918
34752,0.1802261177269904
34753,0.18379946636949657
34754,0.18688551982710475
34755,0.18681378512947042
34756,0.18677161012853136
34757,0.1922526530632194
34758,0.18102880827856788
34759,0.1866862992353769
34760,0.1847079404996826
34761,0.19127910647827734
34762,0.1854618593256287
34763,0.19563273238712298
34764,0.1868162181609658
34765,0.18649175896604073
34766,0.18904960735903623
34767,0.18792932649656868
34768,0.1948117484711205
34769,0.19041940050070394
34770,0.19159495432830004
34771,0.20079100902213623
34772,0.18769950263095028
34773,0.19636912904489565
34774,0.1936094766721251
34775,0.19100559292586933
34776,0.18260769876580413
34777,0.188715099157008
34778,0.18946098604831776
34779,0.19480562648843286
34780,0.18958854037899156
34781,0.1943793687065316
34782,0.1863461117897483
34783,0.19304386778961044
34784,0.19303016611731136
34785,0.19144466380742894
34786,0.19591386055242957
34787,0.18484114814320363
34788,0.1921115673558559
34789,0.1940918011659507
34790,0.18770560279276904
34791,0.18392139877157074
34792,0.19096930850216692
34793,0.19532917499766728
34794,0.2038805378973569
34795,0.19248409998028707
34796,0.19049917946025166
34797,0.19523185964204814
34798,0.1960102658096268
34799,0.18832200606764068
34800,0.19837006281100322
34801,0.19151998116023738
34802,0.19070538570997245
34803,0.1795315304553975
34804,0.18840495250574485
34805,0.19208532357638683
34806,0.19714652151643233
34807,0.18716000173186886
34808,0.1920713862688924
34809,0.1928135621240494
34810,0.19360771037074417
34811,0.18266428632382403
34812,0.19580511289497077
34813,0.186558453459772
34814,0.19224487204195
34815,0.1929332205015335
34816,0.19417065858690807
34817,0.19100762957216025
34818,0.185757059644525
34819,0.19211192996175566
34820,0.1874925953837499
34821,0.19271592336693288
34822,0.18937216572698282
34823,0.192229769631416
34824,0.19583940169720965
34825,0.19797836453082152
34826,0.19608596797524908
34827,0.19820964001242306
34828,0.2030206440177216
34829,0.1935650240899295
34830,0.18923982768678924
34831,0.18917490489898864
34832,0.1853114881606794
34833,0.19239573591996748
34834,0.19729173896281044
34835,0.19051116902056284
34836,0.1970736299555858
34837,0.20062111828376566
34838,0.1900995820080612
34839,0.18581307717938672
34840,0.19737988069528617
34841,0.19228352793539066
34842,0.18879496410777213
34843,0.1941607397430863
34844,0.19999594969848095
34845,0.19581170743943202
34846,0.19252251887941788
34847,0.19544212741999342
34848,0.19742716960357692
34849,0.19785447791198543
34850,0.1893872267187727
34851,0.18790752097775307
34852,0.18742513089965132
34853,0.18528412990619184
34854,0.18532745400554634
34855,0.184722497733498
34856,0.1846189782567309
34857,0.1871228638257233
34858,0.18649507524304723
34859,0.1890090356259718
34860,0.19032004406889358
34861,0.1804074881483001
34862,0.18890493964352612
34863,0.18911283020424566
34864,0.17794170418943994
34865,0.1811341214262748
34866,0.18352408455708663
34867,0.18171679182062606
34868,0.18260138675315407
34869,0.18796392313267998
34870,0.18307204508741962
34871,0.18638404485506035
34872,0.18145544797812546
34873,0.18647071321056907
34874,0.18696212585245867
34875,0.179919257942289
34876,0.18752012768587525
34877,0.17993645499855498
34878,0.1819567787895431
34879,0.18610724790260705
34880,0.19016572914558175
34881,0.18750150209592809
34882,0.18586138047503128
34883,0.1897493385890122
34884,0.1812028804103178
34885,0.18506698405336075
34886,0.18016768053486337
34887,0.17874861271714243
34888,0.18416957829840613
34889,0.1869018947927095
34890,0.185574425419065
34891,0.1872742494631842
34892,0.18421140531626704
34893,0.18753096888490678
34894,0.19003837461594578
34895,0.18329777866367716
34896,0.19003318258470758
34897,0.18867485723188143
34898,0.19134216998388154
34899,0.18163576449119412
34900,0.1886154157349609
34901,0.19282205458328117
34902,0.19186516520767896
34903,0.18909319265042193
34904,0.18000946275739504
34905,0.18246148824586444
34906,0.18453232683738763
34907,0.18441530907186457
34908,0.185777079449411
34909,0.19597968995204887
34910,0.19439775743932936
34911,0.19132740917221028
34912,0.1822346776736583
34913,0.18686662515237867
34914,0.19052988984236777
34915,0.18570661510559966
34916,0.18931769896892311
34917,0.19051261767761613
34918,0.188949128662453
34919,0.19188104905073214
34920,0.18901841876845654
34921,0.18509006574503883
34922,0.18502248069021066
34923,0.1834160928475016
34924,0.18151504154089793
34925,0.18232856890100313
34926,0.19175527843443574
34927,0.1938211552860895
34928,0.19138874757639834
34929,0.1872118471879822
34930,0.19138454820160605
34931,0.18347309092861233
34932,0.18799406039556754
34933,0.1898158304320972
34934,0.1855216854578311
34935,0.1876579000688803
34936,0.19530818658984173
34937,0.19733362310255695
34938,0.19043047318041714
34939,0.19325398735500166
34940,0.1876073563357938
34941,0.18779361604209716
34942,0.18742021912960236
34943,0.18437830530502558
34944,0.1943604047749761
34945,0.18643588325216073
34946,0.189888124158314
34947,0.1889855492985287
34948,0.1901135266525699
34949,0.1956889905265365
34950,0.1848223205245633
34951,0.18817212852209697
34952,0.19269543219811242
34953,0.1942231369330274
34954,0.19052405380093543
34955,0.1894406238017423
34956,0.1828561073607316
34957,0.18607070304883241
34958,0.1919906183761904
34959,0.19039039818337714
34960,0.18693781006611776
34961,0.18641686631310506
34962,0.1894726266471498
34963,0.1870073618926087
34964,0.1928356051870865
34965,0.19155539595205393
34966,0.1881331936133552
34967,0.1889482605225442
34968,0.19187551832813993
34969,0.18982758197728164
34970,0.18274800507084776
34971,0.1885049554145462
34972,0.19021164196662232
34973,0.19329507370427843
34974,0.18592242642367374
34975,0.18444424129440373
34976,0.19005731453642774
34977,0.19375668804338397
34978,0.1864759659687811
34979,0.19210597636052387
34980,0.18488448369595867
34981,0.19906466300704445
34982,0.19298841618156606
34983,0.1886470874772647
34984,0.18643496875673293
34985,0.1924634257146587
34986,0.1866555935528866
34987,0.19116792801455876
34988,0.18932842978907474
34989,0.1850202929502507
34990,0.1891824992017434
34991,0.18836726469727635
34992,0.1870114280213506
34993,0.1889563602221173
34994,0.18553460023994997
34995,0.18438285597531462
34996,0.18615982383250249
34997,0.1883771649928181
34998,0.19071700365767455
34999,0.18731861489562485
35000,0.1918261172897504
35001,0.18793523846281673
35002,0.18556809717545564
35003,0.18612701600094983
35004,0.18673553926402253
35005,0.185855292974224
35006,0.1808172310788784
35007,0.181369125591704
35008,0.18426198370292096
35009,0.18646747842005523
35010,0.1839643237278016
35011,0.19105267258481093
35012,0.18747209794545242
35013,0.18897208412568778
35014,0.18798418597265354
35015,0.18737004721002776
35016,0.18538371949084428
35017,0.18185601700654952
35018,0.18847489302887435
35019,0.18518218399656625
35020,0.18381543076753076
35021,0.1840216194348682
35022,0.18559713077069107
35023,0.19072086636480357
35024,0.1910533213312364
35025,0.18948681914881538
35026,0.17851320703944387
35027,0.19339481239270548
35028,0.187195378899028
35029,0.19005980378808293
35030,0.18129539669258654
35031,0.1876364596269158
35032,0.18715492495596062
35033,0.18716076758852587
35034,0.18623529739718037
35035,0.19178370978667364
35036,0.18556942700758186
35037,0.1919257727694592
35038,0.18187705831813902
35039,0.1906365344547958
35040,0.1935774683601378
35041,0.18830390403186864
35042,0.1829580701417411
35043,0.19098398925087404
35044,0.18754645659115204
35045,0.18234322262749839
35046,0.187758485624562
35047,0.18906253384176083
35048,0.18468171653770896
35049,0.1952707713919519
35050,0.18809743690893294
35051,0.18901271264643862
35052,0.19384297363404895
35053,0.19318541000603975
35054,0.19242792890339924
35055,0.18590528974513748
35056,0.18866305155744484
35057,0.1903076564318618
35058,0.1920142451516984
35059,0.18583902859758164
35060,0.18970217686222154
35061,0.19658144874946623
35062,0.1907475204534326
35063,0.18929654259719242
35064,0.1919321908310121
35065,0.1968086582333983
35066,0.18869205821716586
35067,0.1900086382252172
35068,0.18407773653849738
35069,0.19271616738607886
35070,0.18890391313388205
35071,0.18847951339827046
35072,0.18870477846734857
35073,0.19436902583174281
35074,0.19287995095826885
35075,0.1914626657022446
35076,0.1827972449507751
35077,0.19221083393899274
35078,0.18555704956787222
35079,0.18995106815228718
35080,0.1935291991741628
35081,0.18731181097636931
35082,0.18521009708508474
35083,0.1851740114590735
35084,0.18429669067487225
35085,0.1856486711693403
35086,0.18875170081032489
35087,0.18396543554019523
35088,0.1813015259887818
35089,0.1903460594484465
35090,0.19161913822575322
35091,0.1855673623358027
35092,0.18189089238234515
35093,0.17995005619607224
35094,0.18708917479971757
35095,0.18874714980916496
35096,0.18888596709990202
35097,0.1894125057866726
35098,0.19166348378630188
35099,0.19257297773801085
35100,0.19537547284481965
35101,0.19027084376211317
35102,0.18761759989886356
35103,0.18539537688159435
35104,0.192401728253079
35105,0.18746283119682314
35106,0.195013187442049
35107,0.1886626993891564
35108,0.18603572209952
35109,0.18999301025592807
35110,0.18946432389572715
35111,0.1907525177591625
35112,0.19122172236960036
35113,0.1874209640972209
35114,0.1970412194676039
35115,0.19308785646632481
35116,0.19552033469860652
35117,0.19235734885413658
35118,0.18859036801760073
35119,0.19454686157014886
35120,0.1951347376954591
35121,0.18959124681172182
35122,0.19050550488697748
35123,0.19128860491334546
35124,0.18951031816331176
35125,0.18513066118493365
35126,0.1894180941135298
35127,0.18580854783529063
35128,0.19025617822631413
35129,0.1898223720103247
35130,0.19069141126385034
35131,0.192110559207924
35132,0.18362270840445988
35133,0.18494170619304395
35134,0.19153379621882685
35135,0.19014632865929126
35136,0.18799700834453043
35137,0.18737523369899436
35138,0.1871934014022096
35139,0.1861908109253517
35140,0.1911950305543117
35141,0.19149796367256425
35142,0.18815816733746082
35143,0.18374269210142816
35144,0.1925544985491993
35145,0.19321483390039218
35146,0.19173615646205808
35147,0.19251710701249874
35148,0.18980253225654242
35149,0.1860454294618436
35150,0.18376534028740293
35151,0.18448071396289473
35152,0.1844305798275156
35153,0.18799886034551766
35154,0.18822280150964324
35155,0.19780009898368872
35156,0.18955728407856906
35157,0.1901147514472196
35158,0.18476657451147957
35159,0.18932126171785943
35160,0.18472416353882704
35161,0.18588956663647244
35162,0.18806120879617888
35163,0.1946243520824429
35164,0.1867904813986429
35165,0.19043319951454685
35166,0.18628019145507646
35167,0.1916387136138565
35168,0.18947938037008674
35169,0.18934948855358488
35170,0.19409850861802394
35171,0.1856186382696695
35172,0.18752866186636202
35173,0.18679350648320023
35174,0.1889961385396056
35175,0.19437998353721472
35176,0.1885932196270402
35177,0.19710326045636267
35178,0.19493644383076786
35179,0.18013136337109742
35180,0.18076919067474423
35181,0.18717117179338322
35182,0.18619025625344035
35183,0.1923699837214214
35184,0.1955332809370119
35185,0.1831877144963981
35186,0.19819547920511066
35187,0.18401119381998793
35188,0.19674210969672346
35189,0.19197572158048617
35190,0.19345453744942237
35191,0.18526230636772445
35192,0.1935952967900989
35193,0.18767601618004268
35194,0.18632497940903311
35195,0.19184634478068993
35196,0.1952635361984808
35197,0.19269646343050628
35198,0.19269496013307508
35199,0.19257959253258533
35200,0.19693163193854712
35201,0.19018470488885447
35202,0.18243736292649537
35203,0.1916050110562595
35204,0.1918077784019302
35205,0.18734041471298477
35206,0.18971642281132103
35207,0.19459526813987324
35208,0.18823041104111196
35209,0.18862782691154492
35210,0.19349261198565137
35211,0.1930955886688582
35212,0.19840415768236716
35213,0.1932821365991139
35214,0.1939599047526162
35215,0.20049777710646868
35216,0.1867115555960976
35217,0.18690700474688005
35218,0.19189571021204985
35219,0.19121441164519806
35220,0.1904511097451789
35221,0.18369504088535601
35222,0.18815892452433836
35223,0.18641602492906031
35224,0.19391149383722336
35225,0.19580628378159928
35226,0.19844182885206635
35227,0.19430900917770483
35228,0.19359688554906163
35229,0.19354609058319652
35230,0.19308861217477877
35231,0.19309598080282095
35232,0.19239789686526096
35233,0.19256412613613433
35234,0.19157735387878005
35235,0.1896741936748807
35236,0.18786578677014973
35237,0.19218997182854025
35238,0.19063599663215802
35239,0.19330245867414253
35240,0.184433610704164
35241,0.1935643580727868
35242,0.1845852119401158
35243,0.1902389040722484
35244,0.19268438219991355
35245,0.18230140146622473
35246,0.18404511448470914
35247,0.1761986543443331
35248,0.1835574841391054
35249,0.18356753226602934
35250,0.18477044923712968
35251,0.18208128859338674
35252,0.18816896095793478
35253,0.19261229069689983
35254,0.18968859524622705
35255,0.18744605136393244
35256,0.19150810572847932
35257,0.18678296399729633
35258,0.1819807378319403
35259,0.18933779187171618
35260,0.18913271864684753
35261,0.18683595979853712
35262,0.185924156347285
35263,0.19113598897580278
35264,0.1874840426104602
35265,0.1859465903734495
35266,0.18068874430709936
35267,0.1869863432698062
35268,0.1885590393319107
35269,0.18764756121657555
35270,0.19183104757619857
35271,0.1884721939504661
35272,0.1858177944396353
35273,0.19266433525166995
35274,0.18471950402551435
35275,0.18077156326658483
35276,0.18780548645690798
35277,0.18633599199586573
35278,0.19383667120083736
35279,0.18628439315039041
35280,0.1913601228674336
35281,0.1880592994295091
35282,0.1827397791969131
35283,0.18243524804087838
35284,0.18799375369554666
35285,0.18995989550563774
35286,0.1813248664236087
35287,0.18573560837153164
35288,0.19028303835837013
35289,0.19295438356428826
35290,0.1858676503626332
35291,0.18763327619250442
35292,0.18545128231687924
35293,0.18944541923506114
35294,0.18670589204357027
35295,0.18883483284374472
35296,0.190532196544977
35297,0.19636738884608118
35298,0.1918719408205008
35299,0.19053477191697915
35300,0.18955540844519714
35301,0.19281402562893885
35302,0.19208186864443408
35303,0.18558853113832
35304,0.18824922855393783
35305,0.18484105050813557
35306,0.190127049882703
35307,0.19324043201721822
35308,0.17943290831139944
35309,0.1849367625840488
35310,0.18734287382485876
35311,0.1928066017006228
35312,0.17706292145320182
35313,0.1942565289479141
35314,0.18866304351608343
35315,0.1852969715116263
35316,0.18815396216523023
35317,0.19091556732370815
35318,0.1860297595663519
35319,0.18747304669579404
35320,0.18472534514011307
35321,0.1829242367264661
35322,0.18161072101844916
35323,0.1890638807564256
35324,0.189691107285033
35325,0.19151526921636686
35326,0.18873338734683331
35327,0.1883874493090026
35328,0.18778196412550396
35329,0.18262709132540056
35330,0.18121156771468808
35331,0.18577935834615897
35332,0.1780264493717433
35333,0.1876806394853935
35334,0.1886357619001357
35335,0.18755677758867895
35336,0.18422881916983602
35337,0.18263329883244814
35338,0.18059818015232226
35339,0.18255724648244703
35340,0.18805626977360518
35341,0.1824936143636091
35342,0.18352057288479923
35343,0.18577265953671954
35344,0.18594071522762445
35345,0.18561551577446786
35346,0.18397992645024544
35347,0.19120705982625308
35348,0.19310762620634614
35349,0.1780457784787434
35350,0.18535136026356905
35351,0.18118891203441018
35352,0.1837917729390261
35353,0.18491262074803952
35354,0.1884623728964802
35355,0.1885467956057997
35356,0.18457984930899993
35357,0.18560210969022659
35358,0.1798516024527171
35359,0.18729608648164917
35360,0.18706294051831265
35361,0.18288517890576358
35362,0.1887851715424445
35363,0.1922673263456186
35364,0.18040115392116093
35365,0.1801246939393179
35366,0.18302069770516594
35367,0.17967290060010213
35368,0.18074779040802752
35369,0.1880603515997834
35370,0.17728095608652988
35371,0.18691357697586689
35372,0.18520385056119948
35373,0.1814783062473707
35374,0.18860585925723963
35375,0.18692532680779578
35376,0.1837468025343461
35377,0.18444902125631107
35378,0.19409238992154285
35379,0.18321588340833184
35380,0.1851203380686083
35381,0.18358551181805463
35382,0.18987595720667721
35383,0.18003146686816693
35384,0.18047280075474298
35385,0.18447004886437465
35386,0.1844820216684282
35387,0.18364738233540623
35388,0.18554938190330786
35389,0.1826081899173359
35390,0.1871636581209871
35391,0.18771107969542603
35392,0.18728765998088226
35393,0.1878525368008097
35394,0.18841344121838227
35395,0.1901432990753597
35396,0.18698311529832318
35397,0.1874254731138582
35398,0.1880819776260925
35399,0.18357375515347166
35400,0.18585378820489568
35401,0.17830592451888752
35402,0.18493519162759553
35403,0.18879727688102554
35404,0.17694910350749937
35405,0.18624156412167583
35406,0.17200073340830643
35407,0.18148941428503465
35408,0.1788069685413383
35409,0.1823733177460418
35410,0.17987113611170122
35411,0.18304413273575423
35412,0.17771292199986677
35413,0.181526147697606
35414,0.18435792242229082
35415,0.18677213637471538
35416,0.18624563179197703
35417,0.1850340785428981
35418,0.17623686448626244
35419,0.17976987820029688
35420,0.17908545820913296
35421,0.1760421692354778
35422,0.19148563283089357
35423,0.18021508905261496
35424,0.18532152695151932
35425,0.18205516797429547
35426,0.18078571647961997
35427,0.18302614223997024
35428,0.1848886511403508
35429,0.18448555095859745
35430,0.18907328267082488
35431,0.18544824437636717
35432,0.18211043154154152
35433,0.18081659597195318
35434,0.18585822549298764
35435,0.17894657660308733
35436,0.19086629949582884
35437,0.1793392558791532
35438,0.17877925110894693
35439,0.1857098119246146
35440,0.1836770132579324
35441,0.1843935264207068
35442,0.1860604152736044
35443,0.19044669466720848
35444,0.18516413486316985
35445,0.1932333913215144
35446,0.1839537486241166
35447,0.1822783780079091
35448,0.1897394037095386
35449,0.18659178746901184
35450,0.18551409421066975
35451,0.19143422115842776
35452,0.1851385750098611
35453,0.18193717880492194
35454,0.1778406306433487
35455,0.18206571772391247
35456,0.18076602385934296
35457,0.182193339764746
35458,0.17855660019282535
35459,0.18360140761279506
35460,0.1795144889030203
35461,0.18563402940224719
35462,0.1864418850137672
35463,0.19168656301384904
35464,0.1817678558806176
35465,0.18185166044832585
35466,0.18572842250639995
35467,0.18545369491143252
35468,0.18363139173337145
35469,0.1841406375221605
35470,0.18189572838399415
35471,0.18628018631436957
35472,0.18755190418017215
35473,0.18980044850830913
35474,0.19173797991736097
35475,0.1844919938663487
35476,0.18102102167904718
35477,0.18994103624379982
35478,0.18939799234532062
35479,0.18527252368041325
35480,0.1928514479000972
35481,0.18951172227455013
35482,0.19084214047756112
35483,0.19029889312172138
35484,0.1906493431227884
35485,0.1845238091240188
35486,0.19297699213933048
35487,0.18972862278708733
35488,0.1877283924036103
35489,0.18674101799579323
35490,0.1899839172271441
35491,0.18967322739010933
35492,0.19111804586479098
35493,0.18996572882937043
35494,0.19319541042321325
35495,0.19090276546108811
35496,0.1880963859707132
35497,0.1884412279139494
35498,0.1828970927654679
35499,0.1873175193605908
35500,0.19174949392245097
35501,0.188733219023733
35502,0.1809032523725612
35503,0.18812764831077336
35504,0.18737011914739155
35505,0.18418037758551897
35506,0.18530848993148621
35507,0.18595168083871327
35508,0.18850713061959187
35509,0.1906037604002851
35510,0.186183841803178
35511,0.18115457292498158
35512,0.18691324935851422
35513,0.19122284725144045
35514,0.18681573891842448
35515,0.18665113535155142
35516,0.1950442042726268
35517,0.19051526912704028
35518,0.19475116975498902
35519,0.1884794337269111
35520,0.1808095507331881
35521,0.18758483241983662
35522,0.17809435516958608
35523,0.1813449709089313
35524,0.18679913517065647
35525,0.18847248478946127
35526,0.18648335089973583
35527,0.18576590267556964
35528,0.1894010272276716
35529,0.1829277827123073
35530,0.18538824558364592
35531,0.1867494922800804
35532,0.19128265132925273
35533,0.19459272267086736
35534,0.1909622697104407
35535,0.1892390040499313
35536,0.18779323048203714
35537,0.18570156304190583
35538,0.19238354194502094
35539,0.18562480168515152
35540,0.18840176573685702
35541,0.18867376606867847
35542,0.184352538026001
35543,0.1814417241482982
35544,0.18462599935820953
35545,0.17954341174641528
35546,0.18084075149538656
35547,0.18326271877804978
35548,0.17992592658868203
35549,0.18392369315292295
35550,0.1841076224316521
35551,0.1835558822100825
35552,0.18729383713439338
35553,0.18049467060891417
35554,0.195672965874969
35555,0.19318228318083494
35556,0.1996264683707571
35557,0.19507335502305012
35558,0.18598732064971032
35559,0.1915124837909642
35560,0.1882026605026121
35561,0.1812446484873021
35562,0.1827605641014605
35563,0.18458173347536158
35564,0.1844208466902806
35565,0.18721308260551453
35566,0.18499995944837572
35567,0.18468610832720328
35568,0.18872412912098996
35569,0.18930913519365838
35570,0.18575693382493363
35571,0.1843790788042463
35572,0.18431736053562792
35573,0.18294787844772947
35574,0.18094338816721287
35575,0.18827529628579667
35576,0.19246028614428615
35577,0.18960912496396223
35578,0.18371305736442303
35579,0.1902988528258674
35580,0.19228879378876157
35581,0.19312134805416142
35582,0.1907212188810938
35583,0.1858901762000424
35584,0.19032667542119047
35585,0.18039357412459261
35586,0.18754456465202707
35587,0.19085118843338858
35588,0.18254535887950307
35589,0.1817306634208673
35590,0.17766423398339887
35591,0.18549825051877517
35592,0.18302586517102837
35593,0.18155624577964605
35594,0.18560163938403618
35595,0.1896049693361943
35596,0.18754680088770684
35597,0.19119905787429506
35598,0.18529215752720296
35599,0.1922238407128475
35600,0.19320125588502085
35601,0.18980510944526796
35602,0.18455724684245128
35603,0.18530217569515064
35604,0.1874366863164752
35605,0.18732289430620425
35606,0.18515202565959213
35607,0.18773565832544117
35608,0.18358038244562533
35609,0.1877771955474408
35610,0.18055680797248397
35611,0.17894613177492877
35612,0.18130463038575031
35613,0.1803205175299802
35614,0.18507542763067494
35615,0.18918781598613274
35616,0.18913268948364576
35617,0.18328258426405508
35618,0.1820547115819476
35619,0.18053099917294346
35620,0.1837064320752585
35621,0.18971336227913177
35622,0.1935740729969277
35623,0.19748561115868743
35624,0.18953799930844634
35625,0.1788882919082693
35626,0.18799196396612178
35627,0.19342206779785423
35628,0.1869340834647001
35629,0.18643526871110686
35630,0.18552773120891916
35631,0.18230040430705632
35632,0.18054257601087845
35633,0.17879058991346986
35634,0.18496965705208698
35635,0.1821906209595819
35636,0.19246156609269696
35637,0.19033766054192222
35638,0.20062844429915475
35639,0.19202778854941102
35640,0.18953788861980272
35641,0.18350491846529393
35642,0.18847498180977973
35643,0.19079560087999634
35644,0.18712072666351276
35645,0.1912422359308121
35646,0.18515596814786153
35647,0.1883422756322859
35648,0.1969936827344057
35649,0.18549608418915478
35650,0.1913991782914774
35651,0.18819534245864952
35652,0.18931390737994616
35653,0.18878127567731365
35654,0.1827863562366088
35655,0.18597446611455845
35656,0.1863000246490655
35657,0.19231150496353314
35658,0.18182487736409755
35659,0.18801801156810874
35660,0.18541562469638417
35661,0.1846441931874501
35662,0.18711946324162596
35663,0.1806056090313577
35664,0.18724630189056218
35665,0.18729881176534935
35666,0.18539063832643227
35667,0.18763775440724018
35668,0.18785368235618838
35669,0.18390911998662343
35670,0.19313990602918743
35671,0.1861025743916199
35672,0.18539486752867562
35673,0.1787980972705702
35674,0.17857398907223637
35675,0.18326976668405354
35676,0.18053796812141587
35677,0.18499436513238293
35678,0.1786408920539251
35679,0.18639191410750316
35680,0.17937105135518144
35681,0.1777606331396001
35682,0.1849471769207465
35683,0.18462149299546363
35684,0.1813613947199212
35685,0.17746712054550914
35686,0.18999326631438923
35687,0.19117496183245797
35688,0.18613527168565508
35689,0.1861535237287034
35690,0.18635418678820836
35691,0.1960737770318625
35692,0.18132454334883943
35693,0.18541618290581985
35694,0.18691113726673486
35695,0.19226451683340678
35696,0.18494700611539944
35697,0.18902973407899715
35698,0.18624928277159047
35699,0.19091866548770542
35700,0.18443451289190468
35701,0.1930475398068429
35702,0.18870733195290199
35703,0.19052154083000522
35704,0.18751109492010198
35705,0.18943411891729406
35706,0.19322218508927638
35707,0.19283358037250253
35708,0.19015771277852447
35709,0.18761079018154192
35710,0.18650930995606724
35711,0.19707392424809606
35712,0.19091742721459273
35713,0.19590980965903124
35714,0.18744480226012653
35715,0.18392165583886805
35716,0.1827086493735254
35717,0.18520540810954395
35718,0.1833475424733576
35719,0.18636290071355127
35720,0.18388982841464085
35721,0.17754959297819323
35722,0.1853440742014078
35723,0.1833795844414405
35724,0.18500248694772264
35725,0.190868073502918
35726,0.18296547475663533
35727,0.1798034603416356
35728,0.1811670854598662
35729,0.17884931048509237
35730,0.18133741666427783
35731,0.1858102688641898
35732,0.18404799618497575
35733,0.18551055107145628
35734,0.18114460739196628
35735,0.1870819802198696
35736,0.18360721352131937
35737,0.1839720089904115
35738,0.18985125582493664
35739,0.1822307925422018
35740,0.1830635437837937
35741,0.18253455020538162
35742,0.18159845737821453
35743,0.1817540591817053
35744,0.18888735446569438
35745,0.18555864805867125
35746,0.18676580437003595
35747,0.18787597648283685
35748,0.19016346257265493
35749,0.18505478491415747
35750,0.1835570928719404
35751,0.18883697192114215
35752,0.1848037827773675
35753,0.18692431262234385
35754,0.17738368790971165
35755,0.18250762732849074
35756,0.18090789629642218
35757,0.18499122124391473
35758,0.18968447899961374
35759,0.1868853936400851
35760,0.18572927648483215
35761,0.19154926748429227
35762,0.18405384566317964
35763,0.18432754856191147
35764,0.18802201442877456
35765,0.19070109947167324
35766,0.18715200741745772
35767,0.18931425250193729
35768,0.18232666542774925
35769,0.1831405623869
35770,0.18512083468077914
35771,0.18346505790911663
35772,0.190973343862462
35773,0.17817945704874213
35774,0.18345682529951773
35775,0.1852385137417228
35776,0.1857180510042793
35777,0.18567709307757213
35778,0.18902781034903318
35779,0.18578186300890415
35780,0.1871257222778593
35781,0.18501096480190501
35782,0.17998195230861533
35783,0.18399602386035727
35784,0.17508016063817058
35785,0.18968285792943776
35786,0.18816718492576542
35787,0.18340022123591865
35788,0.1870203293198791
35789,0.19085500651185264
35790,0.19624574732332153
35791,0.18673466874871258
35792,0.1859674114980477
35793,0.19664049962664434
35794,0.19311362702944854
35795,0.18752763221263094
35796,0.1876002938319452
35797,0.18443837215876
35798,0.18041170231459577
35799,0.1847624511712898
35800,0.19010036530362448
35801,0.18964013725664972
35802,0.18193670365436243
35803,0.18489719795417422
35804,0.18065488417287326
35805,0.18212208630645785
35806,0.18410840003486345
35807,0.18733523438634586
35808,0.18305746042430693
35809,0.18738344665460302
35810,0.18935097601573045
35811,0.18564879281253582
35812,0.1917191421579188
35813,0.18633495648227807
35814,0.18454861455338442
35815,0.1918605588363557
35816,0.18895328537215855
35817,0.18511168753919444
35818,0.1882864946145397
35819,0.1852911419460553
35820,0.19098415637063634
35821,0.1826656782865345
35822,0.17894145335791953
35823,0.18230724228470035
35824,0.18694025161571926
35825,0.1984217573781742
35826,0.19094717362947886
35827,0.1852349723721225
35828,0.18578278971840387
35829,0.18981687754418397
35830,0.19472688137834618
35831,0.18697133166114746
35832,0.18299622654252298
35833,0.18618225768359867
35834,0.1852269337536933
35835,0.1842570282476829
35836,0.1811112056154856
35837,0.18496045102430902
35838,0.18360909164352668
35839,0.19042353279543228
35840,0.1847286671192132
35841,0.18081204719018576
35842,0.18335819458532002
35843,0.18376184290345993
35844,0.18210078422872641
35845,0.1866473202392846
35846,0.1925092473446561
35847,0.1844994087021429
35848,0.19089699114477948
35849,0.18146302523092633
35850,0.188233282721659
35851,0.1866600864823765
35852,0.1847749693181957
35853,0.17961005427919208
35854,0.18268252538329455
35855,0.18125733649760353
35856,0.18666020173562584
35857,0.1811182398362374
35858,0.19077607144966482
35859,0.18072205269255187
35860,0.18087995996132808
35861,0.18011630275321752
35862,0.188569803030315
35863,0.18039595434638922
35864,0.1809899493525791
35865,0.18884456655879064
35866,0.18427384095278668
35867,0.17878076503332738
35868,0.18073540821921308
35869,0.18816422520053505
35870,0.18729321976942112
35871,0.18534752579491404
35872,0.18122559040867264
35873,0.18750232234440542
35874,0.1931467317727412
35875,0.18870159437940578
35876,0.18460864905203633
35877,0.18852928416795106
35878,0.18460531167378705
35879,0.1819870232451245
35880,0.18265372495800933
35881,0.1811180122764554
35882,0.18365169874113466
35883,0.1836644251182029
35884,0.18647725564349588
35885,0.1764909490504373
35886,0.19024680057178425
35887,0.18395878930852477
35888,0.18125009149357385
35889,0.1808734829700666
35890,0.18622258187343618
35891,0.1823724667813222
35892,0.18442937497844283
35893,0.18556258301979084
35894,0.1864329215454981
35895,0.18353734378647366
35896,0.1821417928755437
35897,0.18530848398977637
35898,0.184341795980021
35899,0.18787798991490967
35900,0.18193680194659684
35901,0.18286033326364318
35902,0.18412143949994278
35903,0.18732396979663643
35904,0.1882914992158479
35905,0.17594768334413416
35906,0.1792497471229665
35907,0.18160891061836557
35908,0.1860128288335567
35909,0.18158357026085126
35910,0.18026706182035823
35911,0.17993225491220027
35912,0.18113809499272734
35913,0.18062767565468918
35914,0.18346947214841572
35915,0.1808325289223074
35916,0.17951872589151444
35917,0.1822779677837259
35918,0.18022866034785232
35919,0.18159085286203697
35920,0.1856978988228157
35921,0.1800797245087136
35922,0.18051603249452683
35923,0.17960730726880025
35924,0.17950202452878625
35925,0.18811045905976184
35926,0.18798113440333705
35927,0.1880416810467835
35928,0.1830170203071441
35929,0.18779471597817834
35930,0.18435716519484313
35931,0.18756824721776483
35932,0.18727704689096528
35933,0.18354929779260504
35934,0.19115864591596518
35935,0.18437070206415648
35936,0.18150749948962108
35937,0.18722851570665797
35938,0.1844449320273029
35939,0.18702856608450444
35940,0.1871906217099666
35941,0.18277885634437574
35942,0.18541201337537655
35943,0.18626696687344
35944,0.18734190084043806
35945,0.18802056444106888
35946,0.18685593687690547
35947,0.18541510874303646
35948,0.18570682053195683
35949,0.1828527095088718
35950,0.19229828515792713
35951,0.1905978748326806
35952,0.18541800902307531
35953,0.1827893740010175
35954,0.1930823579046292
35955,0.19030618866155571
35956,0.1799888253532598
35957,0.1819938347322208
35958,0.18433203113472357
35959,0.1848291215004413
35960,0.18725785951411478
35961,0.18496780315800268
35962,0.18740684883236197
35963,0.19108640825850554
35964,0.18918191079712873
35965,0.1903409994643112
35966,0.18583910350991154
35967,0.18530560797702644
35968,0.1907248087415241
35969,0.18100347274819023
35970,0.18625367170706608
35971,0.17946888604140213
35972,0.1836037843116386
35973,0.18515436453845083
35974,0.1847891793564775
35975,0.18825258012621496
35976,0.18691676893521092
35977,0.1837931525428651
35978,0.18919317764015997
35979,0.18785626337806796
35980,0.19263074584778392
35981,0.1946776449530074
35982,0.18439134289061518
35983,0.1819838626434381
35984,0.17870403727360473
35985,0.1812403919156575
35986,0.19077029280703794
35987,0.1869416970796847
35988,0.18278350381179392
35989,0.18201426656748315
35990,0.18784840674478517
35991,0.18675308150520809
35992,0.18528694455491124
35993,0.1770437946705254
35994,0.1804504097775544
35995,0.18237862948296557
35996,0.18617550550302805
35997,0.1779163989511268
35998,0.18340029312913578
35999,0.18585626897006638
36000,0.18913076534722464
36001,0.1818471468557692
36002,0.17812947021418243
36003,0.17286290953729644
36004,0.1836651200361949
36005,0.18277439543413396
36006,0.18015705369206206
36007,0.1769176075240685
36008,0.17865376290707644
36009,0.17396764694549613
36010,0.1797057989460501
36011,0.19100259381786402
36012,0.18477858397974423
36013,0.1865484690470431
36014,0.18504700819028824
36015,0.18162992181667975
36016,0.1830205177397881
36017,0.18094682508927265
36018,0.17916996232119228
36019,0.18129132854744615
36020,0.1857368819362281
36021,0.1865451817561014
36022,0.18413351077681533
36023,0.18265736924969908
36024,0.18653657820664343
36025,0.179643087343564
36026,0.1845733773416999
36027,0.18524963281989998
36028,0.18166811992617732
36029,0.18598775168923617
36030,0.18951601178790023
36031,0.18117144417025038
36032,0.1808141901021071
36033,0.18132477033026367
36034,0.1847371944048284
36035,0.1773284560082228
36036,0.18590447892606193
36037,0.18420909796980958
36038,0.18458179101646585
36039,0.18447251483398902
36040,0.18002881678112095
36041,0.18625022447828946
36042,0.1884356549563994
36043,0.18605840516729344
36044,0.18046425393842325
36045,0.1867491326399311
36046,0.1899328445761423
36047,0.1879777042974436
36048,0.1836307989862927
36049,0.1870901525017832
36050,0.1893042315104077
36051,0.19373012365498374
36052,0.18835313279262664
36053,0.18279942125301754
36054,0.1804972162018195
36055,0.18151878242177194
36056,0.18316803008699734
36057,0.18855904617019764
36058,0.1880204417273087
36059,0.18981328985069093
36060,0.18269714365371217
36061,0.1840041583165219
36062,0.18577534756315933
36063,0.18499482063896758
36064,0.1796279297448379
36065,0.18634303222892087
36066,0.18093434219182988
36067,0.1825504182329925
36068,0.1814100480119421
36069,0.18953898996917382
36070,0.18525532227291466
36071,0.18286779997344504
36072,0.17787457397306503
36073,0.18052031282391798
36074,0.18003562148561603
36075,0.18150673321996233
36076,0.18313861682246008
36077,0.18357290674820118
36078,0.18298228476487285
36079,0.18430814095424117
36080,0.18096385077046773
36081,0.17984410945784524
36082,0.17908270355615247
36083,0.18524163626592846
36084,0.17878705151267787
36085,0.18257691261389222
36086,0.18018032379665583
36087,0.18546278333317687
36088,0.1838718833177322
36089,0.18174299437525898
36090,0.18324811605726474
36091,0.18356665040514428
36092,0.18461653100009587
36093,0.1862034870900664
36094,0.1788437626964366
36095,0.18731465907616454
36096,0.18824119665480574
36097,0.18584245006688213
36098,0.18064276635604654
36099,0.18252516296070717
36100,0.18162808967265867
36101,0.179162090505786
36102,0.17904199168898582
36103,0.18601915882694667
36104,0.1782323122778204
36105,0.17641348244737234
36106,0.18866582101525853
36107,0.1792333627628101
36108,0.1889849531247676
36109,0.18111710915337897
36110,0.17903907272232594
36111,0.18385415194909877
36112,0.18241472494569974
36113,0.1846914669628786
36114,0.18697864206158452
36115,0.17901047260072822
36116,0.1835792454621211
36117,0.18297187534221215
36118,0.18033644417606978
36119,0.18366788309947324
36120,0.1796864125239304
36121,0.18503350352437284
36122,0.18290373225166
36123,0.1831401993002019
36124,0.1873916600940535
36125,0.18335340253020668
36126,0.18559414779879002
36127,0.19034542405238475
36128,0.18270540344862268
36129,0.18236126995453444
36130,0.18309671964513596
36131,0.1869674724655172
36132,0.17886206013679296
36133,0.17475835952772953
36134,0.18114617113861178
36135,0.18119164935540996
36136,0.18503453938016834
36137,0.18001521720598768
36138,0.1842048618054823
36139,0.17980224526723443
36140,0.1824268307573499
36141,0.18338391694121803
36142,0.18174079285243463
36143,0.18135131909148303
36144,0.18107892199894282
36145,0.1825912842653077
36146,0.1908143974051819
36147,0.18366562461873906
36148,0.18303163479218415
36149,0.17914282162831396
36150,0.18657997819659597
36151,0.1846015537946877
36152,0.18934433164520809
36153,0.18309952806800425
36154,0.18573428160850242
36155,0.18647016276463216
36156,0.18470097150764916
36157,0.18787094035937402
36158,0.1825717603454918
36159,0.18677797169319024
36160,0.1849748218033709
36161,0.18305506040918554
36162,0.1812622861701236
36163,0.18459518085422388
36164,0.18926932337942107
36165,0.18350622284472204
36166,0.18490086907182407
36167,0.18889172379516558
36168,0.18629959704311072
36169,0.18900085232150057
36170,0.18045449296731272
36171,0.17891016822791325
36172,0.17931608468119156
36173,0.18383714335803997
36174,0.18275698474893534
36175,0.18334947243934677
36176,0.18407341200476218
36177,0.1832622655359817
36178,0.19244592069296348
36179,0.19180988049373532
36180,0.18277936921822327
36181,0.1862103267901377
36182,0.1850495844818569
36183,0.18738665241989952
36184,0.18440053531606235
36185,0.18153199272003862
36186,0.18317325296187856
36187,0.18502360972380996
36188,0.18333812876932726
36189,0.18231941331381724
36190,0.186599749712915
36191,0.1864976390486622
36192,0.17923427509475284
36193,0.18335084242263827
36194,0.1863366147331344
36195,0.18050435868103398
36196,0.18785209480458998
36197,0.1837755490906809
36198,0.18404070167764422
36199,0.1844964408781521
36200,0.19373213546476417
36201,0.18881399371418614
36202,0.18214728823259713
36203,0.1819005155596324
36204,0.18841157438470948
36205,0.1836237185334223
36206,0.17776981422342203
36207,0.18614230307560134
36208,0.18692882441495198
36209,0.1914565740740463
36210,0.1893035953186299
36211,0.1862961455266544
36212,0.1887458128480445
36213,0.18299814193084799
36214,0.186103609599868
36215,0.18536300350708554
36216,0.18278897527099808
36217,0.18716418255988157
36218,0.1836307131717657
36219,0.18260574152712566
36220,0.1813340191109041
36221,0.18046181841368017
36222,0.18669085607533165
36223,0.18683693289929515
36224,0.18719171109278193
36225,0.18321847915863512
36226,0.18460074549195035
36227,0.18951402808427126
36228,0.18212678287915104
36229,0.18851299534645238
36230,0.1836652386130777
36231,0.18304688253036747
36232,0.1868970799299432
36233,0.18625314271480461
36234,0.1819088882851097
36235,0.17882100757418523
36236,0.17963674278212743
36237,0.17909910057993045
36238,0.18043818266938702
36239,0.1848585745452132
36240,0.18339116880413012
36241,0.1793438926664771
36242,0.1812520838529259
36243,0.17690853217605793
36244,0.17941022878589968
36245,0.1827495442794789
36246,0.1809137574689319
36247,0.18346779240408564
36248,0.18524256609165224
36249,0.18175460159419565
36250,0.18530288029028366
36251,0.1899013422481442
36252,0.19053698950238632
36253,0.1861193135201198
36254,0.1844934366920246
36255,0.1850359502374383
36256,0.18382825491923674
36257,0.18884061260321738
36258,0.18547627000015748
36259,0.1917942972802792
36260,0.18346507177671503
36261,0.1846303041687149
36262,0.186846134378011
36263,0.1959375118814725
36264,0.19608155212147185
36265,0.18967183118892134
36266,0.18733600550222593
36267,0.1912509564121149
36268,0.18396703600403777
36269,0.18787414600842214
36270,0.1858297242755869
36271,0.19316004222803643
36272,0.19525913183821242
36273,0.18810071016346594
36274,0.188334758123448
36275,0.19085548941670552
36276,0.1837428153169925
36277,0.18491515472856115
36278,0.18080581827124464
36279,0.1859370069156709
36280,0.18296404900611365
36281,0.18452646436423017
36282,0.18547730860584946
36283,0.18564852695430753
36284,0.18986465598499272
36285,0.19037547292985718
36286,0.18630354284697292
36287,0.18089119447066798
36288,0.18221796057023662
36289,0.18519613994383952
36290,0.17965616020736086
36291,0.1799657910429661
36292,0.18095265908255057
36293,0.18083157056971297
36294,0.18291333709980057
36295,0.17552156468625582
36296,0.18103290546299877
36297,0.1814483638751819
36298,0.17986814138591045
36299,0.18034490417108542
36300,0.18003060934625179
36301,0.17972934225258613
36302,0.19033287261455348
36303,0.17962351113382086
36304,0.18215617305079243
36305,0.18054489712140037
