sample,rho
1,0.30000000000000004
2,0.4
3,0.4
4,0.2
5,0.30000000000000004
6,0.25
7,0.7000000000000001
8,0.30000000000000004
9,0.35000000000000003
10,0.4
