sample,rho
1,0.45
2,0.30000000000000004
3,0.35000000000000003
4,0.30000000000000004
5,0.25
6,0.35000000000000003
7,0.7000000000000001
8,0.15000000000000002
9,0.30000000000000004
10,0.30000000000000004
