sample,rho
1,1.0
2,0.35000000000000003
3,1.0
4,0.45
5,0.5
6,0.2
7,0.45
8,0.55
9,0.6000000000000001
10,1.0
