sample,rho
1,0.65
2,0.15000000000000002
3,0.5
4,1.0
5,0.4
6,0.65
7,0.1
8,0.30000000000000004
9,0.30000000000000004
10,0.55
