sample,rho
1,0.25
2,0.15000000000000002
3,0.25
4,0.15000000000000002
5,0.05
6,0.1
7,0.2
8,0.1
9,0.2
10,0.1
