sample,rho
1,0.15000000000000002
2,0.2
3,0.25
4,0.0
5,0.15000000000000002
6,0.05
7,0.1
8,0.05
9,0.05
10,0.15000000000000002
