sample,rho
1,0.15000000000000002
2,0.1
3,0.05
4,0.1
5,0.2
6,0.2
7,0.1
8,0.0
9,0.15000000000000002
10,0.15000000000000002
