sample,rho
1,0.1
2,0.25
3,0.15000000000000002
4,0.05
5,0.05
6,0.1
7,0.1
8,0.15000000000000002
9,0.05
10,0.25
