sample,rho
1,0.1
2,0.25
3,0.15000000000000002
4,0.15000000000000002
5,0.2
6,0.2
7,0.15000000000000002
8,0.15000000000000002
9,0.15000000000000002
10,0.30000000000000004
