sample,rho
1,0.4
2,0.4
3,0.5
4,1.0
5,0.35000000000000003
6,1.0
7,0.35000000000000003
8,1.0
9,0.4
10,1.0
