sample,rho
1,0.15000000000000002
2,0.1
3,0.15000000000000002
4,0.05
5,0.1
6,0.15000000000000002
7,0.1
8,0.1
9,0.15000000000000002
10,0.0
