sample,rho
1,0.25
2,0.2
3,0.05
4,0.30000000000000004
5,0.2
6,0.45
7,0.35000000000000003
8,0.25
9,0.30000000000000004
10,0.5
