sample,rho
1,0.15000000000000002
2,0.05
3,0.05
4,0.15000000000000002
5,0.0
6,0.15000000000000002
7,0.1
8,0.15000000000000002
9,0.2
10,0.0
