sample,rho
1,0.15000000000000002
2,0.15000000000000002
3,0.2
4,0.0
5,0.05
6,0.05
7,0.1
8,0.1
9,0.0
10,0.15000000000000002
