sample,rho
1,0.35000000000000003
2,0.6000000000000001
3,0.25
4,0.35000000000000003
5,0.4
6,0.30000000000000004
7,0.35000000000000003
8,0.2
9,0.35000000000000003
10,0.25
