sample,rho
1,0.05
2,0.05
3,0.15000000000000002
4,0.15000000000000002
5,0.0
6,0.05
7,0.1
8,0.15000000000000002
9,0.1
10,0.0
