sample,rho
1,0.2
2,0.2
3,0.35000000000000003
4,0.35000000000000003
5,0.25
6,0.25
7,0.4
8,0.15000000000000002
9,0.2
10,0.2
