sample,rho
1,0.05
2,0.15000000000000002
3,0.15000000000000002
4,0.15000000000000002
5,0.15000000000000002
6,0.2
7,0.25
8,0.15000000000000002
9,0.4
10,0.30000000000000004
