sample,rho
1,0.45
2,0.15000000000000002
3,0.1
4,0.1
5,0.15000000000000002
6,0.35000000000000003
7,0.1
8,0.25
9,0.25
10,0.25
