sample,rho
1,0.4
2,0.25
3,0.45
4,0.4
5,0.4
6,0.45
7,0.2
8,0.35000000000000003
9,0.45
10,0.6000000000000001
