sample,rho
1,0.2
2,0.30000000000000004
3,0.15000000000000002
4,0.05
5,0.4
6,0.25
7,0.25
8,0.25
9,0.25
10,0.2
