sample,rho
1,0.1
2,0.25
3,0.25
4,0.05
5,0.15000000000000002
6,0.1
7,0.2
8,0.15000000000000002
9,0.0
10,0.1
