sample,rho
1,0.5
2,0.4
3,0.25
4,0.25
5,0.25
6,0.2
7,0.35000000000000003
8,0.4
9,0.25
10,0.35000000000000003
