sample,rho
1,0.55
2,0.45
3,0.30000000000000004
4,0.45
5,0.30000000000000004
6,0.45
7,0.2
8,0.35000000000000003
9,0.4
10,0.45
