sample,rho
1,0.35000000000000003
2,0.30000000000000004
3,0.25
4,0.30000000000000004
5,0.1
6,0.2
7,0.45
8,0.05
9,0.30000000000000004
10,0.25
