sample,rho
1,0.55
2,0.4
3,0.5
4,0.4
5,0.5
6,0.35000000000000003
7,0.5
8,0.30000000000000004
9,0.4
10,0.30000000000000004
