sample,rho
1,0.1
2,0.2
3,0.25
4,0.15000000000000002
5,0.1
6,0.2
7,0.2
8,0.15000000000000002
9,0.05
10,0.1
