sample,rho
1,0.05
2,0.1
3,0.2
4,0.15000000000000002
5,0.15000000000000002
6,0.05
7,0.2
8,0.1
9,0.15000000000000002
10,0.25
