sample,rho
1,0.4
2,0.45
3,0.30000000000000004
4,0.4
5,0.25
6,0.5
7,0.15000000000000002
8,0.7000000000000001
9,0.5
10,0.55
