sample,rho
1,0.5
2,0.4
3,0.30000000000000004
4,0.4
5,0.15000000000000002
6,0.25
7,0.2
8,0.45
9,0.25
10,0.2
