sample,rho
1,0.45
2,0.35000000000000003
3,1.0
4,1.0
5,1.0
6,0.7000000000000001
7,1.0
8,0.15000000000000002
9,1.0
10,1.0
