sample,rho
1,0.55
2,0.25
3,0.5
4,1.0
5,0.9
6,0.7000000000000001
7,0.55
8,1.0
9,0.30000000000000004
10,0.65
