sample,rho
1,0.1
2,0.35000000000000003
3,0.30000000000000004
4,0.45
5,0.1
6,0.25
7,0.2
8,0.30000000000000004
9,0.30000000000000004
10,0.15000000000000002
