sample,rho
1,0.35000000000000003
2,0.15000000000000002
3,0.2
4,0.05
5,0.2
6,0.15000000000000002
7,0.30000000000000004
8,0.05
9,0.1
10,0.6000000000000001
