sample,rho
1,0.1
2,0.1
3,0.15000000000000002
4,0.1
5,0.15000000000000002
6,0.05
7,0.05
8,0.15000000000000002
9,0.15000000000000002
10,0.0
