sample,rho
1,0.1
2,0.2
3,0.0
4,0.15000000000000002
5,0.1
6,0.1
7,0.1
8,0.1
9,0.15000000000000002
10,0.2
