sample,rho
1,0.4
2,0.6000000000000001
3,0.30000000000000004
4,0.25
5,0.25
6,0.25
7,0.2
8,0.5
9,0.4
10,0.2
