sample,rho
1,0.30000000000000004
2,0.30000000000000004
3,0.25
4,0.1
5,0.2
6,0.35000000000000003
7,0.25
8,0.35000000000000003
9,0.25
10,0.4
