sample,rho
1,0.35000000000000003
2,0.30000000000000004
3,0.30000000000000004
4,0.25
5,0.30000000000000004
6,0.1
7,0.15000000000000002
8,0.25
9,0.1
10,0.15000000000000002
