sample,rho
1,0.55
2,0.35000000000000003
3,0.30000000000000004
4,1.0
5,1.0
6,0.45
7,1.0
8,0.55
9,0.4
10,1.0
