sample,rho
1,0.45
2,0.65
3,0.45
4,0.30000000000000004
5,0.30000000000000004
6,0.15000000000000002
7,0.35000000000000003
8,0.6000000000000001
9,0.30000000000000004
10,0.30000000000000004
