sample,rho
1,0.2
2,0.15000000000000002
3,0.0
4,0.15000000000000002
5,0.1
6,0.05
7,0.05
8,0.1
9,0.1
10,0.05
