sample,rho
1,0.15000000000000002
2,0.05
3,0.1
4,0.1
5,0.1
6,0.0
7,0.0
8,0.15000000000000002
9,0.0
10,0.0
