sample,rho
1,0.15000000000000002
2,0.2
3,0.05
4,0.1
5,0.0
6,0.15000000000000002
7,0.15000000000000002
8,0.05
9,0.15000000000000002
10,0.15000000000000002
