sample,rho
1,0.1
2,0.1
3,0.0
4,0.1
5,0.1
6,0.30000000000000004
7,0.1
8,0.15000000000000002
9,0.1
10,0.0
