sample,rho
1,0.30000000000000004
2,0.25
3,0.5
4,0.2
5,0.45
6,0.15000000000000002
7,0.25
8,0.25
9,0.25
10,0.25
