sample,rho
1,0.15000000000000002
2,0.2
3,0.1
4,0.15000000000000002
5,0.25
6,0.15000000000000002
7,0.1
8,0.15000000000000002
9,0.30000000000000004
10,0.30000000000000004
