sample,rho
1,0.30000000000000004
2,0.55
3,1.0
4,0.35000000000000003
5,0.4
6,0.55
7,0.65
8,0.6000000000000001
9,0.5
10,1.0
