sample,rho
1,0.1
2,0.15000000000000002
3,0.4
4,0.30000000000000004
5,0.35000000000000003
6,0.2
7,0.2
8,0.4
9,0.2
10,0.05
