sample,rho
1,0.2
2,0.35000000000000003
3,0.15000000000000002
4,0.2
5,0.2
6,0.2
7,0.05
8,0.45
9,0.15000000000000002
10,0.25
