sample,rho
1,0.30000000000000004
2,0.25
3,0.1
4,0.2
5,0.2
6,0.0
7,0.2
8,0.1
9,0.15000000000000002
10,0.30000000000000004
