sample,rho
1,0.45
2,1.0
3,0.45
4,0.15000000000000002
5,1.0
6,0.6000000000000001
7,0.55
8,0.9500000000000001
9,1.0
10,1.0
