sample,rho
1,0.2
2,0.1
3,0.2
4,0.25
5,0.25
6,0.35000000000000003
7,0.30000000000000004
8,0.15000000000000002
9,0.2
10,0.30000000000000004
