sample,rho
1,0.30000000000000004
2,0.35000000000000003
3,0.1
4,0.4
5,0.1
6,0.1
7,0.15000000000000002
8,0.4
9,0.05
10,0.15000000000000002
