sample,rho
1,0.15000000000000002
2,0.05
3,0.15000000000000002
4,0.2
5,0.15000000000000002
6,0.2
7,0.2
8,0.15000000000000002
9,0.25
10,0.2
