sample,rho
1,0.25
2,0.30000000000000004
3,0.15000000000000002
4,0.2
5,0.15000000000000002
6,0.25
7,0.1
8,0.35000000000000003
9,0.2
10,0.2
