sample,rho
1,0.2
2,0.05
3,0.05
4,0.0
5,0.30000000000000004
6,0.1
7,0.05
8,0.15000000000000002
9,0.05
10,0.30000000000000004
