sample,rho
1,0.45
2,0.35000000000000003
3,0.2
4,0.45
5,0.25
6,0.4
7,0.6000000000000001
8,0.2
9,0.5
10,0.6000000000000001
