sample,rho
1,0.2
2,0.45
3,0.5
4,0.30000000000000004
5,0.15000000000000002
6,0.25
7,0.2
8,0.2
9,0.25
10,0.30000000000000004
