sample,rho
1,0.15000000000000002
2,0.1
3,0.15000000000000002
4,0.15000000000000002
5,0.25
6,0.05
7,0.25
8,0.2
9,0.15000000000000002
10,0.05
