sample,rho
1,0.2
2,0.2
3,0.15000000000000002
4,0.15000000000000002
5,0.0
6,0.15000000000000002
7,0.2
8,0.2
9,0.2
10,0.0
