sample,rho
1,0.15000000000000002
2,0.05
3,0.1
4,0.0
5,0.0
6,0.05
7,0.25
8,0.15000000000000002
9,0.0
10,0.1
