sample,rho
1,0.25
2,0.1
3,0.30000000000000004
4,0.35000000000000003
5,0.5
6,0.2
7,0.4
8,0.4
9,0.35000000000000003
10,0.35000000000000003
