sample,rho
1,0.30000000000000004
2,0.4
3,0.5
4,0.30000000000000004
5,0.1
6,0.35000000000000003
7,0.2
8,0.45
9,0.4
10,0.30000000000000004
