sample,rho
1,0.4
2,0.35000000000000003
3,0.75
4,0.25
5,0.4
6,0.25
7,0.30000000000000004
8,0.45
9,0.4
10,0.6000000000000001
