sample,rho
1,0.15000000000000002
2,0.25
3,0.4
4,0.30000000000000004
5,0.25
6,0.45
7,0.35000000000000003
8,0.35000000000000003
9,0.35000000000000003
10,0.4
