sample,rho
1,0.25
2,0.05
3,0.2
4,0.05
5,0.15000000000000002
6,0.2
7,0.1
8,0.0
9,0.15000000000000002
10,0.15000000000000002
