sample,rho
1,0.25
2,0.2
3,0.30000000000000004
4,0.30000000000000004
5,0.25
6,0.30000000000000004
7,0.30000000000000004
8,0.2
9,0.35000000000000003
10,0.35000000000000003
