sample,rho
1,0.0
2,0.05
3,0.0
4,0.30000000000000004
5,0.05
6,0.0
7,0.0
8,0.0
9,0.1
10,0.15000000000000002
