sample,rho
1,0.15000000000000002
2,0.30000000000000004
3,0.05
4,0.30000000000000004
5,0.4
6,0.1
7,0.2
8,0.4
9,0.30000000000000004
10,0.25
