sample,rho
1,0.0
2,0.0
3,0.30000000000000004
4,0.0
5,0.05
6,0.15000000000000002
7,0.0
8,0.0
9,0.05
10,0.05
