sample,rho
1,0.1
2,0.2
3,0.1
4,0.30000000000000004
5,0.1
6,0.25
7,0.15000000000000002
8,0.1
9,0.1
10,0.2
