sample,rho
1,0.35000000000000003
2,0.30000000000000004
3,0.2
4,0.5
5,0.35000000000000003
6,0.35000000000000003
7,0.45
8,0.4
9,0.45
10,0.35000000000000003
