sample,rho
1,0.15000000000000002
2,0.15000000000000002
3,0.0
4,0.30000000000000004
5,0.1
6,0.15000000000000002
7,0.1
8,0.25
9,0.1
10,0.05
