sample,rho
1,0.30000000000000004
2,0.30000000000000004
3,0.45
4,0.35000000000000003
5,0.30000000000000004
6,0.1
7,0.30000000000000004
8,0.30000000000000004
9,0.2
10,0.4
