sample,rho
1,0.30000000000000004
2,0.2
3,0.15000000000000002
4,0.0
5,0.15000000000000002
6,0.15000000000000002
7,0.15000000000000002
8,0.15000000000000002
9,0.1
10,0.30000000000000004
