sample,rho
1,1.0
2,1.0
3,0.4
4,1.0
5,1.0
6,0.7000000000000001
7,0.6000000000000001
8,0.65
9,1.0
10,0.7000000000000001
