sample,rho
1,0.1
2,0.1
3,0.0
4,0.15000000000000002
5,0.05
6,0.1
7,0.2
8,0.2
9,0.15000000000000002
10,0.1
