sample,rho
1,0.30000000000000004
2,0.05
3,0.65
4,0.25
5,0.5
6,0.5
7,0.30000000000000004
8,0.35000000000000003
9,0.35000000000000003
10,1.0
