sample,rho
1,0.05
2,0.15000000000000002
3,0.2
4,0.1
5,0.1
6,0.1
7,0.1
8,0.15000000000000002
9,0.0
10,0.30000000000000004
