sample,rho
1,0.1
2,0.15000000000000002
3,0.15000000000000002
4,0.1
5,0.2
6,0.15000000000000002
7,0.1
8,0.2
9,0.25
10,0.1
