sample,rho
1,0.05
2,0.05
3,0.05
4,0.2
5,0.15000000000000002
6,0.15000000000000002
7,0.2
8,0.1
9,0.05
10,0.15000000000000002
