sample,rho
1,0.15000000000000002
2,0.15000000000000002
3,0.25
4,0.4
5,0.45
6,0.2
7,0.35000000000000003
8,0.2
9,0.25
10,0.1
