sample,rho
1,0.65
2,0.4
3,0.6000000000000001
4,0.30000000000000004
5,0.45
6,0.6000000000000001
7,0.4
8,0.65
9,0.45
10,0.45
