sample,rho
1,0.1
2,0.1
3,0.15000000000000002
4,0.2
5,0.1
6,0.2
7,0.15000000000000002
8,0.1
9,0.15000000000000002
10,0.25
