sample,rho
1,0.5
2,0.4
3,0.30000000000000004
4,0.4
5,0.1
6,0.15000000000000002
7,0.35000000000000003
8,0.35000000000000003
9,0.55
10,0.15000000000000002
