sample,rho
1,0.15000000000000002
2,0.1
3,0.25
4,0.2
5,0.1
6,0.4
7,0.25
8,0.05
9,0.35000000000000003
10,0.65
