sample,rho
1,0.7000000000000001
2,0.55
3,0.55
4,0.6000000000000001
5,1.0
6,0.55
7,1.0
8,0.45
9,0.4
10,0.30000000000000004
