sample,rho
1,0.8
2,0.6000000000000001
3,0.6000000000000001
4,0.35000000000000003
5,0.55
6,0.55
7,0.55
8,1.0
9,0.55
10,0.35000000000000003
