sample,rho
1,0.25
2,0.6000000000000001
3,0.30000000000000004
4,0.45
5,0.35000000000000003
6,0.2
7,0.35000000000000003
8,0.5
9,0.15000000000000002
10,0.35000000000000003
