sample,rho
1,0.1
2,0.15000000000000002
3,0.25
4,0.1
5,0.15000000000000002
6,0.2
7,0.2
8,0.05
9,0.0
10,0.1
