sample,rho
1,0.2
2,0.15000000000000002
3,0.05
4,0.1
5,0.4
6,0.25
7,0.2
8,0.35000000000000003
9,0.15000000000000002
10,0.25
