sample,rho
1,0.1
2,0.25
3,0.45
4,0.2
5,0.2
6,0.15000000000000002
7,0.30000000000000004
8,0.30000000000000004
9,0.45
10,0.25
