sample,rho
1,0.2
2,0.15000000000000002
3,0.30000000000000004
4,0.25
5,0.2
6,0.2
7,0.25
8,0.2
9,0.4
10,0.1
