sample,rho
1,0.4
2,1.0
3,0.25
4,0.35000000000000003
5,0.30000000000000004
6,1.0
7,0.4
8,0.25
9,0.30000000000000004
10,0.35000000000000003
