sample,rho
1,0.30000000000000004
2,0.2
3,0.25
4,0.05
5,0.35000000000000003
6,0.45
7,0.30000000000000004
8,0.30000000000000004
9,0.25
10,0.25
