sample,rho
1,0.35000000000000003
2,0.1
3,0.4
4,0.05
5,0.35000000000000003
6,0.25
7,0.15000000000000002
8,0.25
9,0.25
10,0.25
