sample,rho
1,0.4
2,0.2
3,0.25
4,0.25
5,0.2
6,0.30000000000000004
7,0.15000000000000002
8,0.1
9,0.30000000000000004
10,0.2
