sample,rho
1,0.05
2,0.2
3,0.1
4,0.2
5,0.2
6,0.15000000000000002
7,0.35000000000000003
8,0.2
9,0.2
10,0.2
