sample,rho
1,0.1
2,0.15000000000000002
3,0.30000000000000004
4,0.05
5,0.35000000000000003
6,0.25
7,0.1
8,0.1
9,0.1
10,0.2
