sample,rho
1,0.1
2,0.15000000000000002
3,0.15000000000000002
4,0.25
5,0.05
6,0.0
7,0.1
8,0.15000000000000002
9,0.2
10,0.1
