sample,rho
1,0.35000000000000003
2,0.1
3,0.2
4,0.30000000000000004
5,0.1
6,0.25
7,0.1
8,0.15000000000000002
9,0.1
10,0.05
