sample,rho
1,0.35000000000000003
2,0.30000000000000004
3,1.0
4,0.55
5,0.65
6,0.4
7,0.8500000000000001
8,1.0
9,0.35000000000000003
10,0.55
