sample,rho
1,0.2
2,0.15000000000000002
3,0.35000000000000003
4,0.2
5,0.1
6,0.05
7,0.45
8,0.15000000000000002
9,0.35000000000000003
10,0.15000000000000002
