sample,rho
1,0.15000000000000002
2,0.30000000000000004
3,0.25
4,0.2
5,0.15000000000000002
6,0.15000000000000002
7,0.4
8,0.05
9,0.30000000000000004
10,0.25
