sample,rho
1,0.1
2,0.1
3,0.15000000000000002
4,0.30000000000000004
5,0.1
6,0.30000000000000004
7,0.05
8,0.45
9,0.2
10,0.1
