sample,rho
1,0.35000000000000003
2,0.30000000000000004
3,0.5
4,0.2
5,0.2
6,0.15000000000000002
7,0.35000000000000003
8,0.1
9,0.15000000000000002
10,0.25
