sample,rho
1,0.2
2,0.25
3,0.25
4,0.2
5,0.35000000000000003
6,0.15000000000000002
7,0.2
8,0.35000000000000003
9,0.1
10,0.1
