sample,rho
1,0.15000000000000002
2,0.25
3,0.1
4,0.05
5,0.2
6,0.15000000000000002
7,0.2
8,0.05
9,0.15000000000000002
10,0.05
