sample,rho
1,0.30000000000000004
2,0.15000000000000002
3,0.1
4,0.45
5,0.35000000000000003
6,0.1
7,0.25
8,0.2
9,0.0
10,0.4
