sample,rho
1,0.15000000000000002
2,0.1
3,0.1
4,0.30000000000000004
5,0.2
6,0.2
7,0.15000000000000002
8,0.2
9,0.05
10,0.05
