sample,rho
1,0.2
2,0.15000000000000002
3,0.30000000000000004
4,0.30000000000000004
5,0.30000000000000004
6,0.4
7,0.25
8,0.30000000000000004
9,0.30000000000000004
10,0.4
