sample,rho
1,0.15000000000000002
2,0.05
3,0.0
4,0.05
5,0.0
6,0.0
7,0.0
8,0.15000000000000002
9,0.05
10,0.0
