sample,rho
1,0.15000000000000002
2,0.35000000000000003
3,0.15000000000000002
4,0.1
5,0.30000000000000004
6,0.4
7,0.35000000000000003
8,0.15000000000000002
9,0.2
10,0.30000000000000004
