sample,rho
1,0.15000000000000002
2,0.30000000000000004
3,0.1
4,0.25
5,0.25
6,0.30000000000000004
7,0.2
8,0.2
9,0.15000000000000002
10,0.15000000000000002
