sample,rho
1,0.35000000000000003
2,0.2
3,0.35000000000000003
4,0.4
5,0.5
6,0.30000000000000004
7,0.2
8,0.5
9,0.2
10,0.25
