sample,rho
1,0.30000000000000004
2,0.2
3,0.4
4,0.2
5,0.2
6,0.15000000000000002
7,0.25
8,0.2
9,0.35000000000000003
10,0.1
