sample,rho
1,0.05
2,0.1
3,0.1
4,0.2
5,0.15000000000000002
6,0.0
7,0.25
8,0.15000000000000002
9,0.05
10,0.2
