sample,rho
1,0.05
2,0.25
3,0.15000000000000002
4,0.30000000000000004
5,0.1
6,0.1
7,0.15000000000000002
8,0.2
9,0.15000000000000002
10,0.05
