sample,rho
1,0.0
2,0.15000000000000002
3,0.0
4,0.1
5,0.0
6,0.0
7,0.0
8,0.15000000000000002
9,0.1
10,0.0
