sample,rho
1,0.1
2,0.1
3,0.05
4,0.05
5,0.15000000000000002
6,0.05
7,0.1
8,0.30000000000000004
9,0.1
10,0.1
