sample,rho
1,0.1
2,0.05
3,0.1
4,0.15000000000000002
5,0.05
6,0.05
7,0.30000000000000004
8,0.0
9,0.1
10,0.1
