sample,rho
1,0.5
2,0.30000000000000004
3,1.0
4,1.0
5,1.0
6,1.0
7,1.0
8,0.7000000000000001
9,0.7000000000000001
10,0.2
