sample,rho
1,0.4
2,0.05
3,0.15000000000000002
4,0.35000000000000003
5,0.1
6,0.30000000000000004
7,0.15000000000000002
8,0.15000000000000002
9,0.15000000000000002
10,0.25
