sample,rho
1,0.75
2,0.55
3,0.2
4,0.25
5,0.30000000000000004
6,0.4
7,0.35000000000000003
8,0.4
9,0.55
10,0.75
