sample,rho
1,0.2
2,0.6000000000000001
3,1.0
4,0.25
5,1.0
6,1.0
7,0.30000000000000004
8,0.55
9,0.15000000000000002
10,0.5
