sample,rho
1,0.2
2,0.2
3,0.2
4,0.30000000000000004
5,0.30000000000000004
6,0.25
7,0.2
8,0.15000000000000002
9,0.4
10,0.2
