sample,rho
1,0.4
2,0.5
3,0.2
4,0.4
5,0.35000000000000003
6,0.35000000000000003
7,1.0
8,0.25
9,0.25
10,0.25
