sample,rho
1,0.25
2,0.15000000000000002
3,0.2
4,0.15000000000000002
5,0.4
6,0.30000000000000004
7,0.15000000000000002
8,0.25
9,0.2
10,0.30000000000000004
