sample,rho
1,0.15000000000000002
2,0.1
3,0.25
4,0.30000000000000004
5,0.15000000000000002
6,0.30000000000000004
7,0.2
8,0.30000000000000004
9,0.15000000000000002
10,0.30000000000000004
