sample,rho
1,0.1
2,0.1
3,0.5
4,0.25
5,0.2
6,0.25
7,0.15000000000000002
8,0.25
9,0.5
10,0.15000000000000002
