sample,rho
1,0.15000000000000002
2,0.30000000000000004
3,0.25
4,0.45
5,0.35000000000000003
6,0.6000000000000001
7,0.25
8,0.2
9,0.25
10,0.30000000000000004
