sample,rho
1,1.0
2,0.7000000000000001
3,0.4
4,1.0
5,0.35000000000000003
6,1.0
7,0.8500000000000001
8,0.4
9,0.55
10,0.6000000000000001
