sample,rho
1,0.35000000000000003
2,0.30000000000000004
3,0.45
4,0.30000000000000004
5,0.45
6,0.1
7,0.35000000000000003
8,0.25
9,0.25
10,0.45
