sample,rho
1,0.6000000000000001
2,0.25
3,0.9500000000000001
4,0.4
5,0.55
6,0.35000000000000003
7,0.35000000000000003
8,0.35000000000000003
9,0.35000000000000003
10,0.30000000000000004
