sample,rho
1,0.25
2,0.2
3,0.15000000000000002
4,0.15000000000000002
5,0.0
6,0.15000000000000002
7,0.30000000000000004
8,0.15000000000000002
9,0.25
10,0.25
