sample,rho
1,0.25
2,0.2
3,0.25
4,0.35000000000000003
5,0.35000000000000003
6,0.30000000000000004
7,0.15000000000000002
8,0.25
9,0.1
10,0.25
