sample,rho
1,0.35000000000000003
2,0.1
3,0.35000000000000003
4,0.15000000000000002
5,0.2
6,0.25
7,0.25
8,0.25
9,0.2
10,0.2
