sample,rho
1,0.25
2,0.25
3,0.30000000000000004
4,0.5
5,0.45
6,0.30000000000000004
7,0.5
8,0.35000000000000003
9,0.45
10,0.7000000000000001
