sample,rho
1,0.15000000000000002
2,0.25
3,0.1
4,0.1
5,0.4
6,0.25
7,0.30000000000000004
8,0.2
9,0.2
10,0.25
