sample,rho
1,0.7000000000000001
2,0.30000000000000004
3,0.30000000000000004
4,0.45
5,0.5
6,0.6000000000000001
7,0.25
8,0.30000000000000004
9,0.6000000000000001
10,0.30000000000000004
