sample,rho
1,0.15000000000000002
2,0.15000000000000002
3,0.25
4,0.1
5,0.2
6,0.1
7,0.25
8,0.35000000000000003
9,0.30000000000000004
10,0.05
