sample,rho
1,0.5
2,0.30000000000000004
3,0.5
4,0.7000000000000001
5,0.2
6,0.30000000000000004
7,1.0
8,0.35000000000000003
9,0.15000000000000002
10,0.4
