sample,rho
1,0.55
2,0.30000000000000004
3,0.35000000000000003
4,0.1
5,0.25
6,0.15000000000000002
7,0.35000000000000003
8,0.35000000000000003
9,0.4
10,0.15000000000000002
