sample,rho
1,0.45
2,0.25
3,0.4
4,0.1
5,0.30000000000000004
6,0.1
7,0.30000000000000004
8,0.15000000000000002
9,0.2
10,0.35000000000000003
