sample,rho
1,0.45
2,0.2
3,0.2
4,0.5
5,0.4
6,0.45
7,0.55
8,0.35000000000000003
9,0.30000000000000004
10,0.15000000000000002
