sample,rho
1,0.35000000000000003
2,0.4
3,0.2
4,0.05
5,0.15000000000000002
6,0.35000000000000003
7,0.25
8,0.30000000000000004
9,0.35000000000000003
10,0.2
