sample,rho
1,0.1
2,0.25
3,0.05
4,0.35000000000000003
5,0.1
6,0.30000000000000004
7,0.2
8,0.15000000000000002
9,0.2
10,0.25
