sample,rho
1,0.25
2,0.25
3,0.15000000000000002
4,0.2
5,0.05
6,0.15000000000000002
7,0.4
8,0.30000000000000004
9,0.05
10,0.35000000000000003
