sample,rho
1,0.5
2,0.35000000000000003
3,0.2
4,0.4
5,0.30000000000000004
6,0.30000000000000004
7,0.5
8,0.45
9,0.15000000000000002
10,1.0
