sample,rho
1,0.2
2,0.30000000000000004
3,0.1
4,0.45
5,0.15000000000000002
6,0.25
7,0.6000000000000001
8,0.25
9,0.4
10,0.15000000000000002
