sample,rho
1,0.25
2,0.5
3,0.55
4,0.35000000000000003
5,0.30000000000000004
6,0.4
7,0.4
8,0.35000000000000003
9,0.7000000000000001
10,0.6000000000000001
