sample,rho
1,0.45
2,0.25
3,0.15000000000000002
4,0.30000000000000004
5,0.30000000000000004
6,0.2
7,0.15000000000000002
8,0.35000000000000003
9,0.25
10,0.25
