sample,rho
1,0.15000000000000002
2,0.2
3,0.2
4,0.15000000000000002
5,0.2
6,0.15000000000000002
7,0.25
8,0.25
9,0.15000000000000002
10,0.15000000000000002
