sample,rho
1,0.35000000000000003
2,0.4
3,0.55
4,0.30000000000000004
5,0.2
6,0.45
7,0.4
8,0.25
9,0.30000000000000004
10,0.30000000000000004
