mean_lambda,std_lambda
0.29337237828111934,0.30089850129865925
0.324498569137838,0.295384054435814
0.33743081150364285,0.2727527936945809
0.3561782585064443,0.25169973053190825
0.36906159074554284,0.2482849004367513
0.3460676578805682,0.23650505111806247
0.36676784650969174,0.22741036681856203
0.3358505604704205,0.22681019537896602
0.3521278213844175,0.22808929237099781
0.3581604973212594,0.23019866861157898
0.3416463720204606,0.2288963209801652
0.3498505024299615,0.22141475226968263
0.3497360019513041,0.22528996171184243
0.35194378268317783,0.23244090697207506
0.34651062236818725,0.22355240002723895
0.3320813323790997,0.23248173936029398
0.3358477549147353,0.23201337046445883
0.336032608727371,0.2355510360144509
0.33785282988361426,0.21989635184242562
0.33969128911566004,0.22423498753984253
0.3398802525257432,0.22338948393698865
0.33658534410384855,0.229926141095367
0.34511145322105563,0.22890550805399829
0.3343759560149158,0.23006488844638986
0.3287473183102653,0.23129185525106233
0.3277058856123897,0.23571918879500456
0.3300306047910623,0.22855054033426822
0.33893587300925343,0.23316526520343336
0.33243674245099836,0.22287555252856117
0.3420538858924802,0.21727761214279867
0.33237936686671776,0.22944147827546363
0.34545868388834805,0.21796490563279022
0.3395444157631717,0.22773938991338014
0.3290841781860832,0.23058604781646228
0.3309983440572053,0.22762965007689104
0.34606767838713837,0.23610911704172313
0.3274130993112439,0.23236765111476868
0.32322337197477174,0.2203078232731926
0.33222442703824107,0.22972412755827668
0.33035389948295235,0.22992007649383556
0.336920396984068,0.2338274478454617
0.34097883312424515,0.22637563452660675
0.3360056892463248,0.2336084666578716
0.33871282897856164,0.22220156951137976
0.33388359462163786,0.22191199482024673
0.3316707157187533,0.23079017560400739
0.3309896055890805,0.2328383361775133
0.33471102574292644,0.2235406281592235
0.3448372850728461,0.22160653490189244
0.33776400851616645,0.2244533276600178
0.325704832748584,0.23443567742224058
0.33591256827929566,0.22923969235311967
0.33987670309978224,0.21512529264980249
0.3342873717727621,0.22757926500968356
0.33178489692250146,0.2254839499704829
0.3375961622584712,0.21676631175143435
0.3392608605435299,0.23182327124259744
0.3360823451762067,0.23050965366164403
0.33687727297799486,0.23093561350778263
0.3393432316116127,0.22617894963749685
0.3376178406382853,0.22868401917080508
0.3418036765122195,0.22787948591167184
0.3411316293173677,0.23413216941444415
0.34710314434870543,0.23500055591797278
0.3453082384330999,0.22720685087544396
0.33795993616521586,0.23915674291679756
0.34305208394956416,0.23325726352837664
0.3237664326401543,0.23349152848404156
0.32189323845363865,0.2323331427673853
0.3328981763648196,0.23073075224543496
0.3310821908133372,0.2344513938271966
0.34365147732329604,0.21990330910369932
0.3366767677300377,0.23573097035425758
0.34509893693878685,0.22551491226456108
0.3312694281930285,0.23772217468684975
0.33522559058083656,0.22643382270196094
0.3256149799375368,0.22541086073262132
0.33345081051342157,0.22752237532693678
0.33808820629650976,0.22931295151581807
0.3350830292393622,0.22495629767754383
0.3347143198678346,0.23155371431797903
0.3207370341095983,0.2385474477118365
0.33751040200587806,0.2334825905165742
0.3261505342252282,0.2356918331527335
0.3292501006541583,0.23089536202288632
0.3443787676054792,0.2243228461178115
0.3316633386099282,0.2290099198918211
0.3399298608279251,0.22575533927067545
0.3352489455570097,0.22947048978029488
0.3156368323435836,0.23557254935476998
0.34531020243650223,0.23383298953065998
0.33322855219642267,0.2445270190363362
0.3348603857369223,0.2300568385684738
0.3266245879478593,0.2461340238350446
0.33840916805907195,0.23538762959684836
0.3349166455784798,0.24446122769190862
0.33317338664643753,0.23047670569018358
0.31973607795781717,0.24965859339140914
0.32592711934814084,0.23931396439715247
0.3251475418899461,0.23977358107172775
0.33081951846931684,0.2331243730629329
0.33578728411675257,0.23816532321291012
0.33548008406494645,0.23366571134310893
0.3315287627144723,0.2381177702359484
0.3425482022727539,0.22339671800459712
0.3284363212650553,0.23125114799311888
0.33622253873553887,0.22432666615296537
0.3245279342353527,0.23780129956579046
0.3291097247839105,0.24159448507636347
0.33836094001539074,0.23027053629742206
0.32836520210852077,0.24364534841922406
0.32969882055928745,0.2378991237378623
0.33950179990025436,0.23585410906508947
0.32674421677945714,0.23599421207997456
0.324789578172919,0.23303552845111555
0.3341129465564868,0.2311137977401047
0.3278345908461262,0.24518972806335892
0.32393185073533204,0.2421424765833129
0.3288393271641414,0.23210811882628038
0.3245967025475766,0.23094590530726808
0.33253847169150696,0.23349690913934817
0.34473903580200754,0.2278826377143702
0.33052041020995465,0.2394706738305982
0.32226001700872176,0.22977043771338732
0.33341821536688365,0.23384898774014812
0.33142289644942613,0.23659380535273095
0.32993678161801127,0.23122155663099328
0.33948652795863893,0.2295331595614938
0.32746294207785714,0.23864429744836038
0.32516053119021265,0.23801330599568632
0.327768150307827,0.23153235864108
0.32107314735534354,0.2437177331594672
0.32298767147430685,0.23431903212516916
0.3302989745622162,0.2262998567854904
0.30942074016409754,0.22786704795925727
0.32514826885672765,0.23829740047770728
0.32788126425818087,0.23044961357729304
0.31828577536597374,0.24414498412414562
0.33463814476414233,0.24256597426129997
0.33147326095248103,0.23411079280732966
0.32227214584707126,0.238409283295496
0.32136827199273094,0.2387185447808341
0.31849151496713224,0.2426265869663376
0.3269207670643647,0.24219341577378575
0.31803456576039735,0.2423410290385385
0.3395179746626969,0.24104762046291672
0.3219784626890795,0.24768924340618606
0.32742760303243956,0.2355055562421834
0.33525253613617884,0.24667295303304468
0.3209290025871726,0.23377853070883875
0.32546002281835235,0.23329671190544796
0.3161853036146605,0.23512967913237368
0.31901869181002007,0.23122022452669727
0.31843975694780274,0.23979242364626502
0.3147388870196903,0.2390868799239
0.33214325921811877,0.23869889532400976
0.3272571033894942,0.240341053037286
0.3260254244189598,0.24326667635813756
0.31813645877313884,0.24897318152173453
0.33420233637255187,0.2389612312155898
0.31573745973570877,0.24920434282131285
0.3205435169433973,0.23321070449520442
0.32126663958897517,0.23705421066969432
0.31700705917671074,0.2408005242670057
0.31356717118241145,0.23488270799379946
0.3113135546660233,0.23900510646228953
0.3158494669517488,0.24626822677941956
0.32540982452723594,0.2466024874370153
0.3202372485507126,0.24199773585797882
0.32338942948187543,0.2560507991488246
0.31550340176583974,0.2480201847152298
0.32315087908063833,0.24692932952702065
0.3254760412342177,0.24175241543736914
0.3236599581806608,0.2449872293378007
0.3307573505914902,0.25109411104537555
0.33578489404775436,0.2508446556312403
0.3302948691674109,0.24807745661632644
0.3248800061040102,0.24298558950351073
0.3165655813573841,0.24616690064986965
0.31792825840115135,0.24792420605063517
0.31543028139794066,0.2485667056727374
0.3056417312290435,0.24574341781616424
0.3237551893985798,0.24350328378469294
0.3196100671313726,0.252444169713555
0.3385616965149419,0.24154250692813464
0.3179197588725365,0.2492518197278073
0.3175175510635733,0.24692485700694566
0.3282646436764799,0.24398412904561628
0.3148762058907069,0.2547409716257854
0.3125463339391856,0.252529132519974
0.3124076889338964,0.2551229442836605
0.327297731937783,0.2466177399922016
0.29989250128304146,0.25583088603556053
0.32163027483463613,0.24598987509179499
0.3087271818351074,0.26034292388018987
0.3205044767255156,0.24976708317011365
0.32367985257353593,0.2481881407257956
0.3157457178926768,0.24536953673331127
0.3036574245781555,0.2535573769414144
0.31773976091240813,0.2430155524113718
0.30692542935859923,0.25287219695291924
0.31653450904355385,0.24451891826923108
0.32627852029257076,0.25121859566198196
0.3024051100369428,0.2621542925852849
0.3138162774285408,0.24367465768770247
0.31958830797529203,0.24986279859241142
0.32024076751834873,0.2455359239418997
0.30349045298080224,0.27458715205620404
0.3155017326325859,0.2497181161412271
0.3069171983172602,0.25683898936350186
0.3120283640034232,0.24788125959860105
0.3151878393971272,0.25692639251814764
0.313449883846659,0.2480770791307012
0.3028575535339306,0.2592871942622014
0.2995540288030209,0.26198314444481674
0.30517981988370285,0.25352297916260896
0.30134555705777494,0.2714712350978505
0.3051864725742193,0.2605733387345376
0.30481590946275117,0.25084872251638757
0.3089515212733947,0.2547369747677384
0.3177621588968126,0.2508687547205551
0.297556668986524,0.26091069553240903
0.30644254841107316,0.2576664582217711
0.31558677663836715,0.2531819136512998
0.29855271610422734,0.2598250996332405
0.30915494395631354,0.2560826092236011
0.30172099812791203,0.24677208797774278
0.3065400133244278,0.2577944563411281
0.3084619781282263,0.24974951820486502
0.3001150758501321,0.25340109879993
0.30218819125363533,0.25633888205870026
0.295908012642485,0.25692493461508165
0.2988388441450728,0.2579571017823793
0.30075485779133115,0.26552796155862823
0.30914503542070326,0.25344976573210964
0.302863264731013,0.26645428908797525
0.29447233382437293,0.2673226476066046
0.30165484394376474,0.26566870411177723
0.3022331558124027,0.2599619401735345
0.313835365188262,0.2609481742400168
0.29592794718306104,0.267976755964335
0.2902664936383963,0.263697234507721
0.30078878211254534,0.2657117016728995
0.29746009687838665,0.26653343070035385
0.30372683992348903,0.2612800396071812
0.31023210765692394,0.25435970794447105
0.3059351879626658,0.2707119482979877
0.30393006797973715,0.26511569120101824
0.2974154038010476,0.2573317010361449
0.2874481778046732,0.26123136428742616
0.29175718612420626,0.2620177096413675
0.31011374411604675,0.2600001753949387
0.30595605612251486,0.25776595180764533
0.2890967014474053,0.25585094798597735
0.30530049717245983,0.26391980184466235
0.2959309809095262,0.2625160284632606
0.29547977637995504,0.26510127105883635
0.3082502185160967,0.2664790945076855
0.29915665555794335,0.2702064681522627
0.29030519700102075,0.26083860829443967
0.29820398519564384,0.26433516714570804
0.2981362747727248,0.26616826630069634
0.28662712033267257,0.2615717017894425
0.2990676774605436,0.26722723656364394
0.28879979038473313,0.2664710763420172
0.2917329988893093,0.25776759303100466
0.2961801477535778,0.26439554530762255
0.3040215898292046,0.27795135423704426
0.2994923159984174,0.2662991902201332
0.2904614370523387,0.270153257182793
0.3022492317378534,0.2662926547012886
0.2894364104383313,0.2710807709122266
0.2870171923327257,0.2729129111029276
0.2918416096278051,0.26867560970225957
0.2937290581484517,0.27850902762177915
0.2904734548596984,0.26631707051585213
0.2939570751649754,0.2671852551377909
0.2948015173399681,0.27243847731782334
0.2785979971009097,0.2669606584208082
0.2862849261778965,0.28117809224520396
0.2765340778248436,0.2728272152285811
0.284482556428098,0.26902031174161434
0.29651726540855433,0.26738257402154864
0.2866270008838466,0.27317992402603486
0.29401485272026934,0.2776564669039378
0.2951707857450507,0.2739671077835698
0.29536705392284834,0.2812273754642135
0.29306558296294166,0.2628111168989781
0.290896474969919,0.26952508290977917
0.28990351847583434,0.2796615436031782
0.29715784488129277,0.2637022063612175
0.283615024043834,0.2866575798286374
0.2922900541815062,0.2666006462914236
0.28924571644411445,0.27512230728105186
0.2870934501360661,0.27985718748355776
0.29310697975196415,0.270405454393655
0.2918419855435347,0.27846683207020567
0.2913797212590828,0.2764919926853012
0.27927406127069954,0.27323963512412675
0.2840302507443323,0.2729898331877819
0.2870489497318598,0.2791280818710883
0.2882943645622331,0.2688413069285036
0.28627310239480636,0.27339160515718924
0.2830393289533967,0.27872392280093566
0.28893772242320326,0.27475460331783375
0.2870145454247757,0.2845117741719155
0.2902881951604319,0.2811837658513503
0.28639879478396696,0.26796438674354833
0.2813270185983271,0.2613284028723764
0.28622626440735355,0.28375365182687246
0.28459576606802006,0.2782595870029644
0.28094511789166765,0.2691147138235368
0.2741436805697695,0.27204202483673945
0.28867311370680426,0.2687078875786262
0.29230982329577626,0.27531817837645023
0.296111040458969,0.28154892444208796
0.29635157238491244,0.2765124960130829
0.28005548659264995,0.28013039957810154
0.2865392611072342,0.26495624052691363
0.28450715662498627,0.2759205938617443
0.28438763261167893,0.2711272268504608
0.2935746797232443,0.27549689252410137
0.2803920903502012,0.26889265302813636
0.28729306892222023,0.27134226410795664
0.28665548830964194,0.26989434199866824
0.27095638637768277,0.27845421988355246
0.28917105573668384,0.27518645627497906
0.27544029293167166,0.2791722871409746
0.28858264698176633,0.2643949784930057
0.2874134480393538,0.27426238944774506
0.2766131834652472,0.2686640624016971
0.28963137586174187,0.2747878922656851
0.28533685160480227,0.2755774995755607
0.28140537663987014,0.2686892581183207
0.2858261923139789,0.27300357550768467
0.2887034312430012,0.2690888100990702
0.2875479828678518,0.2767649262539536
0.28311056164332965,0.2747020167727952
0.28568234374815,0.27715622077258334
0.2896557282126383,0.27716978470296905
0.2953644357029317,0.2788760997064268
0.2837736854579631,0.2835538278165287
0.2685021691408049,0.27656497436355965
0.2810425877666755,0.28461138794056595
0.29902933674943066,0.2783179592871236
0.28958186710826955,0.2748773677453954
0.28397961472438393,0.2858984132880941
0.28590811339576655,0.2789983315957541
0.271328808993779,0.2922618945752908
0.2771949664959623,0.27079756533592864
0.2713077278065672,0.2842742286368095
0.2781128749576312,0.2732394746964692
0.277361384181306,0.28055982199894947
0.26558991871775434,0.2796093435534943
0.2763681963389337,0.27277965152238454
0.26743491346086246,0.2768152167873727
0.2657637085003164,0.2797912542175656
0.27418141697198856,0.2808257495459983
0.27352313906155584,0.2723618336454178
0.2784678591726277,0.27259463264572575
0.28153746396659907,0.2881627176783307
0.27900743176774595,0.27380192095385003
0.2726020255878363,0.28890923712175565
0.2833247579410384,0.2795961931854954
0.2804785340786293,0.29137310170542186
0.2814490949526682,0.2896450176623513
0.27781344036907585,0.277290251054181
0.270165325161423,0.2768171620546742
0.27296732876056806,0.2836593250214538
0.2771347665320905,0.28794384754463753
0.2800070930348283,0.2873565583124707
0.2803255202208229,0.2772734459703182
0.2751807746374239,0.29296965896225324
0.2768279995371004,0.28800951601456565
0.2758100847205389,0.2892599137202362
0.2685714494123863,0.2897190687804778
0.27505816010091355,0.2841297418192471
0.2763529444140086,0.2886456082208459
0.27652570184448383,0.2816946026682703
0.2563751113755177,0.2825356059332872
0.2672805921117267,0.2834214282881204
0.27387556374360433,0.29347803756119273
0.2709023102091898,0.2845492392052215
0.28228464244881213,0.2843874319897606
0.27221104905029836,0.2800954989769763
0.2677561430314381,0.27972921122199845
0.278639055094405,0.28643870681888545
0.2717697445278652,0.28933598898947926
0.27039014640470393,0.28485913491064513
0.26246951882221053,0.28291853644235637
0.2768043856121281,0.2838168113015639
0.2721399621128801,0.27784425579167515
0.2787678612241349,0.29052553644121326
0.27466229155522126,0.2856158583872691
0.27625113038272375,0.28589523859372806
0.2536166606023589,0.29430722298346046
0.2526626607636276,0.2791484537874638
0.2605686141829169,0.2830449303094317
0.2749425637662787,0.2959326588022246
0.2640749432456105,0.28611244374057426
0.2687422388615624,0.28613091903051496
0.26222063386527716,0.28822874571268176
0.2646582054718079,0.27933717864718643
0.27050922643120856,0.2962961811524916
0.2726761165703709,0.29192406762786094
0.2684070046924072,0.28468790591670773
0.27799055597877337,0.2886222623571602
0.2704184818690974,0.29512426547546805
0.2809578899935555,0.27768956748065515
0.2770914459201671,0.2923093677462595
0.27517032271323866,0.2913042279370688
0.2758856791868346,0.2900836728148805
0.2538136351163488,0.29542386559891204
0.26406054785324284,0.29682321353491825
0.2756423173336747,0.2901757749385102
0.261935979217022,0.30088718834469863
0.2652548584218063,0.298684164694738
0.2596164687229358,0.30190954656068353
0.2728306398407432,0.2913541651883375
0.2677758918847671,0.2881024445239994
0.26099101671626385,0.2887776797162886
0.2621186339447613,0.2916093998213056
0.28095974580649935,0.28795586500016684
0.26456549880766045,0.30662695117735694
0.26607059759983476,0.2995199737994266
0.25047217974676594,0.2893350928840276
0.2562340180435639,0.2904190005091832
0.25432843851283726,0.3040752600634952
0.2650277080718231,0.289553114762432
0.2665947842553459,0.29714407375816937
0.26252391322170676,0.29401882273837754
0.254253762442064,0.2946355922088658
0.2616078227162562,0.2895615216449506
0.2512984205809712,0.29253946908098755
0.26278669462626236,0.290691629487345
0.2624436289817087,0.29567632442164893
0.2599541344858619,0.2914467480020179
0.25768251405926007,0.298144020229738
0.26860451541476954,0.30495119275797705
0.2599658346639355,0.29928391853789876
0.2701392150915477,0.2998463940320769
0.2658638827971416,0.2940196406780308
0.2682993868046955,0.29841299074942573
0.26549686443801696,0.2926818586409623
0.2506821722062469,0.29705798081619855
0.2511046223088612,0.2943816942293347
0.2523283775062442,0.29114892949714677
0.2548931141623908,0.2893531610395294
0.25690653046343276,0.2857879400052623
0.25650387901285693,0.29594830440651226
0.251288890260859,0.28841630135745217
0.25637828400440094,0.2955108474324816
0.2587444407894089,0.295517389282759
0.25788877879807154,0.30035079123141306
0.2594647696587961,0.2984474241983969
0.24755637376148243,0.2935058023379189
0.26674136531000814,0.28546831839058445
0.2506917442295576,0.2946336494729963
0.2530934608425692,0.2969662893607484
0.2543741912520121,0.28922746804261007
0.254981092646816,0.30245529482376543
0.2487470399475653,0.2998875655340194
0.257732517483213,0.29344108907795646
0.24856560420732912,0.3040514424760272
0.2609682091497445,0.3004243842434055
0.2603058782491809,0.29868609615779956
0.2466525672036194,0.3008873884967552
0.2607317180947781,0.29394811197372195
0.2577031208686607,0.3011624107619092
0.2534327900099885,0.3008024341848087
0.25171186229188536,0.2881633401825249
0.24878631270961174,0.3007467146563444
0.24356377277974262,0.2998590559305093
0.25136509787647543,0.2967734276811249
0.25520936042658926,0.30210877786591683
0.2459314200986165,0.29941242630633225
0.25748699655459595,0.2883927196655573
0.26406845389430483,0.30014503550259314
0.2640407410930521,0.30647893380358116
0.25460540772117496,0.2941273439159487
0.23912111746144507,0.2953393834082778
0.2521001073957091,0.300465822168621
0.24379100777920548,0.2988847248239708
0.25874055297006243,0.29598814234940424
0.26271190270465167,0.30991461708320117
0.25414287536688673,0.30923085658407745
0.2503147962790106,0.29677988311959563
0.24561739409440944,0.2933373990248449
0.2528211879932393,0.2969587103133059
0.24376486910450906,0.30538420361202356
0.26069017020743285,0.2949213434281266
0.2358553584215609,0.3064671553180919
0.25464027222698477,0.2965818127296899
0.2416362933605333,0.3030050217454823
0.24876608593466537,0.3054980572427856
0.2596462523885088,0.3096927629823888
0.24506903880914985,0.29636513234974626
0.24327953324532817,0.29660440877737987
0.24561384177108583,0.295453616490093
0.2400674297788623,0.29286602267281675
0.24679988510762335,0.2952132930978786
0.24460356704555794,0.3166185524703692
0.2523309062863686,0.30064105954426806
0.2567729645296508,0.3060893860645159
0.24826205267825954,0.2953565520771313
0.24917709784717548,0.3073839350833845
0.24787195243066493,0.30595063436607745
0.24544792396921372,0.3048902302830089
0.2502311685613561,0.31049532598389357
0.23356250157025055,0.2921968694149717
0.23925049171459375,0.30186667031233855
0.24372383553302887,0.30507461244122597
0.2459403848446415,0.3020763226147241
0.25490566928546166,0.2936588835003067
0.2430826906909954,0.3137887671917244
0.24350408680861965,0.3014531854074063
0.24368090020355013,0.3109355697205886
0.24081530527794778,0.3048010312797545
0.23961986686718625,0.30284598816062336
0.23769540415658305,0.31156575948645826
0.241134155384094,0.301195009277384
0.2306563316548956,0.3132626429035662
0.24773216920641475,0.30652598974376905
0.23907443014434676,0.3083630512296074
0.24922698602045462,0.3039491465529804
0.24740327146801985,0.31191673846996865
0.24495748768784448,0.31761603616262024
0.23135810615693875,0.3076979577949309
0.24175660606919974,0.3102175534351583
0.241928838039197,0.3126823699877026
0.23216519874321132,0.31298312684751783
0.24920288859245351,0.31491306378293554
0.2385955491846221,0.31620401122380803
0.2390560513546327,0.3207945920751457
0.23665558321437435,0.3007701090045729
0.224552224980648,0.31575266994666085
0.2315667940130153,0.30606336968211734
0.2401681406974406,0.3111215517860614
0.2431985152185685,0.31200077250247604
0.23586987621404268,0.3096463965895363
0.239214655585702,0.3070394130905972
0.22963502002489455,0.3033580824107229
0.23588881017222033,0.3128281797862976
0.22904241111995613,0.3065621327682217
0.23138964424460062,0.3135945244740539
0.23634450623665326,0.3011160088967536
0.22810680452510623,0.316395240741065
0.2340501164558163,0.3095412569140975
0.23492302939171628,0.3119026806403991
0.22992804422749738,0.3188826200363037
0.22472930838562813,0.3089279391680011
0.2240344685520918,0.3168264922925635
0.23172848709722974,0.31859896033123947
0.2304634980008636,0.3093944887820257
0.23090322848525777,0.3058473496794396
0.223960494522989,0.31859597415381713
0.22205415122711517,0.31092904719110165
0.23144456677355277,0.308184166598641
0.23610110546543417,0.30798903033819053
0.23359180383373285,0.3171468089509682
0.22920658136088987,0.3092784553586335
0.23763516086770953,0.32620575581534117
0.23320730719673538,0.3186645233154637
0.22829263013058018,0.3244909161313285
0.23020068668600172,0.3186089795012945
0.22477953069487344,0.3120966034835946
0.22658103315509845,0.3098630667384414
0.2278567434343578,0.3070146718966474
0.21851688634054164,0.3162817888864775
0.2158631577177796,0.3185709616707957
0.229467398045989,0.3180638931830888
0.22170121824952668,0.3131992278491401
0.23278145607989476,0.30975075535444146
0.22317312233498116,0.3057314244562616
0.21872783545135188,0.3169914512629787
0.2267294051875281,0.31712414560354263
0.23202379211709445,0.3178606723529712
0.2181923857997173,0.3163112330782919
0.23203859489681677,0.3103758234849536
0.2290181969684171,0.3188823480756743
0.21007208438037803,0.3115430820343194
0.22245299047470193,0.3209337058744541
0.2220312102141116,0.31359520976430283
0.2237196364581114,0.319452508572535
0.23034382416054008,0.31714293073674
0.21971736582287713,0.3235277894755525
0.22180534125137347,0.32045509122337296
0.2163880860092061,0.31271992674127663
0.23093561444310678,0.31765906966650603
0.21758167276222412,0.3116274483499248
0.225891266379497,0.3295642175138074
0.21507306258720604,0.31220422044816687
0.21815978080699286,0.3093226222864118
0.22297894183884237,0.31894002178101727
0.22619926560172213,0.323922244840705
0.21964804342820726,0.315189018025556
0.21560745963475264,0.32387066027706707
0.2144089418305416,0.3225247664213043
0.21741292881786198,0.31857971823330267
0.21410472782367945,0.31189076137404126
0.20351015008757248,0.31096146633467947
0.21081390656701207,0.31176611948176036
0.20179478717892615,0.31230486047971806
0.21586672844182075,0.31876009025942076
0.22052931949871962,0.3139596265336934
0.2113199326544438,0.32300334307102896
0.2168185237140043,0.3258864167222922
0.22149258899864913,0.31410937736938843
0.2151584270297533,0.3152529807175148
0.221757023677514,0.32261858278661615
0.21019782720976274,0.31748044986883805
0.20792602262621915,0.32419400569951995
0.21048329028965956,0.32361994760234464
0.20478459992700765,0.3228835741803451
0.20425469989426945,0.306547729079268
0.20189900777407163,0.30998282373165814
0.20536857701660283,0.3114627817962195
0.2059652239776889,0.3266187914736497
0.21082075908513778,0.3143367540811726
0.21028166007165558,0.3174807857918647
0.20645618562430604,0.31645346659442347
0.21274683410137982,0.32934927223185895
0.20927207843365392,0.32701182501775644
0.20292746214097973,0.31745464335766166
0.2064689959833978,0.3200425292751399
0.21617924236782726,0.3209488426967192
0.20831066788447658,0.32154957550446583
0.204808427120831,0.3269199261547212
0.19757001672628655,0.322603400871879
0.2236426571443753,0.32027296336081335
0.2184302750418714,0.3251337190063102
0.20713825169073677,0.3170563284582672
0.20180999058526472,0.32204888645336816
0.21010249796108108,0.33000901414500144
0.19517157531440985,0.3183254729331854
0.21426516811066157,0.32164286925768354
0.19698661512203194,0.32738460862423113
0.20617402207524502,0.3140274379438211
0.20656470094770066,0.3189068202037184
0.1960314895397365,0.31675699799934237
0.20485738206565104,0.3183613648862609
0.20622500959390347,0.32428019419283716
0.21380920167378747,0.32253747543375016
0.20196790851322818,0.31970969103158975
0.2065267281238258,0.3229511461643492
0.21249990875097946,0.31733199676836915
0.21350224541366425,0.3149237544828657
0.21058092971596698,0.3314287775451719
0.20638276799223343,0.32356871559807004
0.2084664349251851,0.31787463295276724
0.20380830913931422,0.32117413769350805
0.2079349268692656,0.326118334537461
0.21489785602535094,0.3226927600026947
0.20978904388845082,0.33282465450078863
0.2192398283571829,0.32411975296732576
0.20024630692102754,0.3305108030802691
0.21135083652449227,0.3273721956863311
0.20765210045197924,0.3247669513004854
0.20572520253065793,0.3247804570486758
0.2114115821384855,0.31971832687626933
0.21003138473339883,0.32679200995197943
0.20621023960357296,0.32213433353545917
0.2050865628702494,0.32760742929875997
0.20255021331164869,0.3240142468031421
0.20046202827362675,0.3227548794033702
0.1993559751468781,0.32264287383287843
0.2024441968803812,0.31330199441598194
0.20234556785040989,0.3355923535211611
0.2014226362846311,0.3312721101535194
0.20011999922822535,0.3192889533115826
0.19529405424165724,0.3258518546257546
0.20209048486347342,0.3352336295128612
0.20829490676963824,0.3274068362465976
0.20435228507270195,0.33476157869575424
0.1923048979514722,0.32053252377254526
0.20380172590410542,0.3266476121798119
0.19877573667568074,0.32835678188763257
0.2011048925722546,0.3253084536773036
0.18827415679528559,0.3265852311993042
0.19992833013953368,0.32092828486729075
0.19059571898897598,0.32585671246524195
0.19424173507334805,0.32560454849882886
0.19508839010070145,0.3258071826948708
0.20531377622498054,0.32277430913920285
0.20012809914066654,0.3293584039009911
0.19948418012989458,0.33206846756345987
0.19611933982634766,0.32129714250569597
0.19427369459872915,0.33050522113314384
0.19080042074160702,0.3236989585147823
0.20957036793246706,0.32070652517678555
0.1922518108287166,0.32679619646273467
0.2027807731340464,0.3281610822343738
0.1886131866878867,0.3246291230441092
0.19796155860931433,0.32718549218652326
0.19690590693791754,0.3349671584058634
0.1812829507034811,0.32666368112649774
0.18980970489489654,0.32702123695224755
0.1976156564569747,0.3266664770627146
0.19638192181262007,0.32017598046865153
0.18834142152717423,0.33122457333825683
0.19364277428630888,0.3311362127305077
0.1874613383024162,0.3219436803336656
0.19937389030525932,0.3266731273738294
0.19958074635631035,0.3384946908008614
0.20337505275527404,0.32346265079905856
0.20531418716610375,0.3230146026320592
0.20183379900075613,0.33024672119574283
0.19816295086769029,0.33478252752293625
0.19472604965486395,0.32587671364379456
0.20148910588832952,0.3295014978660638
0.19391591632165125,0.3299399185538971
0.18659176162079497,0.3379526369530224
0.20258665548172608,0.3310016579253845
0.19792971099589418,0.340465886749561
0.20730362892956256,0.3281619698815077
0.19610293170617507,0.3273931812309718
0.18755107047309946,0.32378508752555835
0.19050867102278154,0.33000675851768546
0.20241620146203285,0.33311327374648075
0.18788877184116534,0.33756473405461934
0.19032118254536132,0.32612904129397724
0.19644746124970425,0.3288378651469933
0.18478550535953325,0.3312252468981807
0.18824451619896107,0.33497240343732576
0.19492796031271498,0.3333780796020299
0.19699050756346817,0.3347433569141354
0.19190967262645642,0.3281126064600308
0.18169125656077126,0.3262209779475263
0.19557949785069154,0.33074313136544214
0.19110166398933365,0.3312159573137475
0.18073984092759732,0.341547556150134
0.2030647755652349,0.3281763046905949
0.20138359114569532,0.3332920989395174
0.18790842234495572,0.33207498583350775
0.19004551437780026,0.32651963843988363
0.18254725481562462,0.3359564285295951
0.18326998133039596,0.3239513691615839
0.18848409337516014,0.32684770607052266
0.18797121254919863,0.33270424485297134
0.19481162578790137,0.32098142448774203
0.19030433961042298,0.33367865763705
0.18575781360865745,0.3303832973264126
0.19036049756192133,0.3250190784080773
0.17771150400236463,0.3333513347569
0.18664978504723423,0.33633293900951716
0.18976002869767125,0.33966208984838875
0.18481990981099913,0.3328183783828946
0.17963864432082532,0.3307435423264819
0.18432838203350604,0.32722326508308763
0.17991400404190624,0.32041653635417383
0.18440297684484613,0.3371811103759583
0.1932497289737696,0.33608869120414375
0.19118163484136252,0.33115155147133735
0.19557495422106913,0.3319839609206808
0.1912052498340115,0.33379104573511437
0.18906609898621216,0.3301042526399868
0.19024668884254423,0.3348477958395522
0.1817832591737894,0.33415192319066733
0.18301727587060942,0.3350699759636633
0.19317129319983248,0.3290341104034674
0.1937969624132447,0.3193622407043083
0.1718547625825997,0.3262198050832779
0.17448183715451282,0.33264863051937743
0.1870223209371914,0.3286835793510513
0.18399153904617002,0.33150052709874744
0.19384014575638175,0.3270613640961911
0.18686181522263606,0.32964067340750575
0.17657892636327047,0.3337179767900087
0.1786396950233042,0.32494406834264977
0.18267939315042359,0.3341632623437292
0.1815496463452472,0.3386750004841246
0.1841568293047452,0.32918142435573783
0.19825629781809967,0.33006017597469717
0.1984708754967027,0.3287808496269469
0.19717836123964547,0.33997597426261483
0.19015120141824984,0.32999259844691203
0.18521393632749436,0.33870482914841815
0.18310992131165957,0.33637346752256236
0.1783436897641551,0.33310008466304586
0.19444798529209953,0.32956627422698914
0.1848088734556145,0.3332377874011132
0.20133602737040435,0.33699822376580124
0.19755433477775414,0.3307438581504813
0.18653966776763786,0.33742920945188487
0.19078204273498345,0.3279641343928457
0.18302715808036518,0.32380158115904933
0.18926195738798665,0.3331627791572968
0.18199298605023553,0.3290619019011464
0.18297681896724302,0.3285777288124255
0.1896735697918305,0.3298483965483116
0.1765665033035989,0.32711876322312117
0.18811726111134155,0.33649572034638786
0.18440152315968525,0.32599431996668377
0.18676590878713567,0.3282660840020446
0.18368105474205396,0.32839887537231455
0.17793944168796272,0.3320520768656933
0.1812052050568061,0.33767705405716053
0.18933794490373,0.324873164893885
0.18407848554481068,0.33507962334388663
0.1825535022661978,0.3245051755897556
0.181990462670549,0.33714771465335464
0.18953561011496858,0.32977060039024136
0.17493116807658265,0.3282105730987119
0.19013757733702227,0.33049262804952123
0.16805711707322057,0.3305292276534106
0.18405733569785832,0.33470077921936775
0.1852456719701649,0.3261596129116625
0.17994508839518072,0.33197352468933977
0.19052003210777618,0.3368968793027659
0.19055074997686133,0.32886939059920545
0.18457948326455348,0.3373958553573346
0.18639730174917835,0.3404556520141343
0.1829333714655764,0.3310286873365616
0.17736332213944356,0.3270846558121986
0.17512777126599235,0.32723179133195
0.19231972631539399,0.3335325774148712
0.18539321709718062,0.33562186708700276
0.17638125245077918,0.341290975417535
0.18648725911877864,0.3307562988332241
0.17432719256131027,0.33404108255760645
0.1852044565249451,0.3341108951202079
0.17643757775851687,0.33526270510236805
0.17644352516978867,0.3350200535721982
0.16974575591047034,0.3360241579613703
0.18005767953510146,0.3347870571646107
0.18720741563526788,0.32530418576463954
0.17821236083545575,0.3338906783205392
0.17456417559502937,0.33560565532023173
0.17555587786949267,0.33258156125871924
0.18547724209927094,0.331401983358556
0.18543683299409672,0.3389690521680268
0.187355757854498,0.3335251923871187
0.18637954915034802,0.3390937959569462
0.18148040922811134,0.3409291408709635
0.18266564522809306,0.32978323757891126
0.16953250032440653,0.3420217465498012
0.17399810137668517,0.3326506720322186
0.1848964401269682,0.3338933042537192
0.18109833651949467,0.33454134511108924
0.1830932152945049,0.3398209408091617
0.1771480267332568,0.3256551710775038
0.17329798211830796,0.3349422165317402
0.17534975954725618,0.333621991261736
0.17239577129131975,0.3357445251929925
0.1847744757818851,0.34066059667678433
0.17971181675278836,0.33596573610093866
0.18107832106233723,0.3298039374654168
0.18532917920268496,0.34022679240537224
0.1730766732895902,0.3396584735627055
0.18858902246875106,0.3272233668326364
0.18789145397891227,0.3297700042665809
0.17962440759534087,0.3341804435310671
0.1810909788077712,0.33223691179752884
0.1786845186304037,0.33884368610934934
0.18213734983398808,0.3334426390652556
0.17342142007440228,0.33548265960040996
0.1716333493180924,0.3286412940605168
0.17817355334270224,0.3334538997799615
0.18624298409106138,0.34274377427063724
0.17947594161883243,0.3360446405881518
0.17828073850720305,0.3421472368923514
0.17532110349252353,0.3285796732726872
0.17739322341553196,0.3323515582300869
0.1658029891276008,0.3302669255100472
0.17379944614669507,0.32965425710143886
0.17927833478537789,0.341848268245364
0.18537957112553877,0.335917009305581
0.17729850975008143,0.3391063059224427
0.1752367536290005,0.3357852262254295
0.17688304355154943,0.3307972384666791
0.17450269689789774,0.334815384754251
0.18502702103174376,0.337687632954669
0.182412939541688,0.3405305823005379
0.17876632124336775,0.3353568373233867
0.1772810421679712,0.33664254879058275
0.17498929305142086,0.3295016284979855
0.1616647604599574,0.34335782237512846
0.17535203579641534,0.32350966221243715
0.16908754949413538,0.33355287134937783
0.1767426248562277,0.32742901022075727
0.1801145204565951,0.34023791943955217
0.18143820140997458,0.32821377565854326
0.1768301225478777,0.34691809422409253
0.16683685817995708,0.33915472913582245
0.16430544290054924,0.328859321958443
0.1668111041924542,0.33737788492577786
0.17153406773610924,0.33473597230650004
0.17033881519669422,0.33026340746436234
0.1659034526627371,0.33393322914940404
0.17338769294090592,0.3291318250100523
0.1676989293738635,0.33349347723483574
0.1770386290315222,0.3352103742018775
0.16134767556455218,0.339431154896796
0.16872262642184474,0.33408363319289536
0.16107051914503454,0.33327317820014596
0.16919673151691828,0.333787049300035
0.1741529536682737,0.3395699526477563
0.17367390808215982,0.33957529515822327
0.1793760977123199,0.3331863110156891
0.17297849662251355,0.33486702485626096
0.1751044509510814,0.3494644339674433
0.1681263312502043,0.33243207403552916
0.16934864198919494,0.3377342970547615
0.17244574581607489,0.3381016691168797
0.1817308575052752,0.33746636021363413
0.17195099408478756,0.3333268101700703
0.1638983330775424,0.33504078659648534
0.17853254845782726,0.3313445066527961
0.17224910486007383,0.33343304236481286
0.18324390140215596,0.3411032722338667
0.16662477697764075,0.3334854320805152
0.16386315800260004,0.32623058430831586
0.1609167962918486,0.3292227171985491
0.16810492913196212,0.330618867029149
0.16662035630413613,0.33395527408477166
0.1655352824084929,0.3341185796622336
0.17050691974376986,0.3290411362975784
0.15875953901533635,0.3302582670390708
0.1705824148557229,0.33375742475294157
0.16237288731640537,0.3388639464931753
0.16468263862306412,0.33770130605483123
0.15903821827396006,0.35265814873166357
0.15842571091867585,0.3348965940012403
0.16321001233038446,0.3311383472019151
0.1627554980073713,0.3362390536242507
0.1615055367727664,0.341453387020216
0.17957020806420382,0.33473378098316003
0.16086947709911148,0.34009144647523654
0.16555825069892463,0.3400568961250215
0.17065454453369294,0.33078163910195063
0.16328077714870964,0.33471462913174266
0.17250287482674923,0.33688620641367284
0.16795157462257104,0.340921567706874
0.16519784902392062,0.33724898528958247
0.1652048956553504,0.3405334971670621
0.1621648018671734,0.3387635970484926
0.16641514219982853,0.3379423443825849
0.1698681683306607,0.3345104078755986
0.16257445052917024,0.3322374513513678
0.1653341864848262,0.33639830988013253
0.17014911534004123,0.3385733718377714
0.16104668246855033,0.33434433901711796
0.15425169247131582,0.3390859752296376
0.16731918293303555,0.33114361986390195
0.1576414888446668,0.3345418417639156
0.1673470465680611,0.33623339840965694
0.16969703664822583,0.341164870946324
0.17281816384288334,0.33590186069102057
0.1551324603641749,0.3372928371021883
0.16200586656562668,0.3278003863656463
0.1621435194912387,0.3322398242160054
0.1622634632404598,0.3430303169379954
0.16340270426500578,0.33816148801795076
0.15522066389071135,0.33981399244955734
0.17080706971286078,0.3376652553446322
0.15843086008960083,0.33709371478955186
0.16159142964124357,0.34605479797219485
0.1618747608140978,0.34159793056604754
0.16684659809795122,0.3394592218747616
0.15427225695235283,0.34503445316772235
0.16698882557245925,0.3384221356472722
0.15653892137141578,0.3353293921106672
0.15927171400889012,0.336932060143939
0.16562949917776204,0.3415723306967243
0.1558229051654047,0.3462591547527526
0.16656548474873992,0.34389228416754875
0.16686100625558428,0.34848838614864563
0.16410714742086896,0.3347543574639415
0.171782309791468,0.33860729390127725
0.16108471248371686,0.342044042322606
0.1645507394539826,0.3337949990908766
0.173241759896403,0.3463335358408736
0.16228081042701636,0.33870731211084293
0.15466243336207802,0.3407612795377937
0.16004709543508547,0.3489905459727759
0.15350011818854364,0.34390775549397334
0.16158583877530133,0.3389697288391225
0.16352753857912414,0.33878643020110977
0.1576053865777127,0.3408576632456703
0.14667739025077706,0.3418884270910147
0.14057360795187424,0.33133502546897436
0.14597301217272537,0.33124198000996036
0.16223270576526522,0.3423500179732975
0.14685404525532444,0.3355865704257069
0.15097982259814102,0.3417794623614527
0.15013839656715108,0.3371651901606188
0.14615916477640933,0.34457355393229067
0.1492389458054887,0.3412626564813124
0.14304229517765849,0.3300971214107778
0.15387470865218614,0.3351637491831445
0.1465098811297179,0.34332433459053097
0.14342466169408544,0.3421635083289261
0.14795083628072941,0.3306843115132216
0.15839861458162885,0.3387037114958599
0.14426215092327255,0.3365622286503895
0.14945085556242618,0.3330835213146941
0.15520856841445102,0.3394235778212259
0.1473341337811968,0.3455008581313281
0.14384600436861728,0.34969868816206645
0.1511741745992922,0.33653577614383745
0.14835274581022087,0.33911996318119686
0.1533789931458625,0.33977098440129366
0.14916471057344774,0.3488023572049109
0.16064285614748688,0.343163930860837
0.1479152080383872,0.3364152202389906
0.13688097610486474,0.3361897605770266
0.1393604471535404,0.34423956764660596
0.15299026321306877,0.3537989139743645
0.15311791318260043,0.3452617105858093
0.15726845343636325,0.3441473269179817
0.1483063437954039,0.3414261705694663
0.15896417570629445,0.34182156629306426
0.14280503794179317,0.34625944510755585
0.14780033978488735,0.3391262781619546
0.14379507681517656,0.3417583265049665
0.12769807018805357,0.34081788156795917
0.14587105694109545,0.3300987176293087
0.15355078965771118,0.3399469277631314
0.14481217328794768,0.3385430789249297
0.14991219336574854,0.34333939825569265
0.14376472339744323,0.33651528618155585
0.14610900183815134,0.33618977810291
0.14648739622116388,0.33486220835675407
0.14117907554914486,0.3381715678848512
0.16397988296598448,0.3471172143700341
0.149154024233089,0.3437345645194226
0.15518214315632337,0.3316764286809656
0.15017901397569802,0.3402241595744148
0.15357229278829235,0.3494519665592261
0.15639538211531648,0.34972664869282366
0.14940529870907027,0.34753576885509824
0.14598066891252443,0.3440222222343558
0.15066138522198091,0.34668870478541525
0.1372190013136911,0.3453591749706794
0.13779515733023096,0.3432276448358158
0.14327020756702066,0.3359131024612595
0.14099151775838717,0.3415068761076579
0.1495735163039441,0.3484652352882835
0.13298647492392618,0.3500688926231131
0.14224157093513107,0.3305119551018928
0.13686558560478468,0.34180052437699693
0.14283701813442987,0.33803448542790654
0.14184420662269398,0.3285171008671827
0.13974399477095562,0.3488106347743943
0.1534409871148177,0.33505278621367635
0.14008583053496507,0.3416929946083135
0.14258267349871406,0.34297368658292504
0.13746054767692442,0.35048766060824593
0.1371426897357783,0.34205621581618834
0.14847430886544935,0.35255338086525
0.14703778933821868,0.34879777727368655
0.14149841474422514,0.34122704256726993
0.14757967308085193,0.33268326314483043
0.14892627971917752,0.3439068655467144
0.1529286302039624,0.343795838741544
0.133492850573635,0.3443596422304632
0.14059147940511219,0.34391305872885275
0.1356111187210073,0.3433915428019429
0.1399664802770792,0.33303859473094966
0.135951895554465,0.3552412769992644
0.14350431598353505,0.3539478909353207
0.15537982575555953,0.354780385396808
0.14076702757306067,0.3493133878353305
0.1374606969159464,0.34613889514532653
0.13161012293242166,0.34880507368684066
0.14758333419890024,0.34356260064915434
0.14029620064670986,0.3504519320705868
0.13779021482323778,0.3311233002105109
0.13865684050497307,0.3488120553160566
0.14676191104980602,0.33746364592590294
0.14329230614659194,0.35037321319113257
0.13677314269726465,0.3394433424162226
0.13615558008720985,0.3415393590961331
0.14022597476401685,0.34379080885232116
0.13691153523894284,0.34964476646386283
0.13790456699532683,0.3442954981021858
0.1349174301192433,0.34915722566451524
0.13978625078458523,0.3351840737801513
0.1273212079172149,0.3476727803648634
0.13008356303119006,0.3451136273583939
0.13505687153090004,0.33733723446898983
0.1363936588827642,0.3458462698658411
0.1429049641963141,0.34902530014404537
0.14006932415102682,0.34586445221505946
0.13076618166950213,0.34859771912075715
0.12678566526038723,0.3479793557747968
0.1271627347117979,0.33829857928029516
0.13721931009287985,0.3446586368652104
0.12684835814895207,0.34717479091064624
0.12268564058599093,0.3332301155254192
0.1387091378378289,0.3473960504476403
0.12970158592679873,0.3377071383789201
0.13127790315186003,0.34796519121390906
0.13527879784891,0.3546532992029279
0.1262912885765016,0.3449223530927443
0.14367740519988373,0.34054452482337205
0.1345904122099211,0.336707339252264
0.13589122309649987,0.3393477732558094
0.12393855938442917,0.33688701273808996
0.14218123524330184,0.34866560426313004
0.13275251328390322,0.34778011460906133
0.13169646426171752,0.3423905453289982
0.12468853249915245,0.34828641915676933
0.14028730964722483,0.33973786201262773
0.12527899065536663,0.34380491171703853
0.12668586334553159,0.34597773807792886
0.1289971947034209,0.3493309124736876
0.12167094684727377,0.3480256037546364
0.12788503698062878,0.3427616789830217
0.1263461049524335,0.3382131576885132
0.13555200591129352,0.3475495989850762
0.12929858417144124,0.349796560709664
0.1334777505071286,0.33784848647055726
0.13024794974350976,0.3327027043340442
0.13745861431921552,0.3459883935367867
0.1374695516176101,0.3447942654007271
0.1358543094172983,0.3467583937611613
0.14208944364917134,0.3485562370379014
0.13547054968404307,0.35714320158301155
0.13967859905916663,0.3462752095051363
0.13898836646371424,0.34556892415827956
0.1311171850088795,0.35405552085286124
0.1330248662291496,0.3461546784304833
0.13802858622271752,0.3499101043076804
0.12890396903202708,0.3518253643510898
0.12292670618109096,0.34434509696265164
0.12559906747681948,0.34260060944746634
0.13072127944600204,0.33906759974933254
0.13156466528925037,0.34595542501990334
0.11906780225549755,0.3507456541322875
0.12263381579906721,0.3294342721272952
0.12758320596036007,0.3437631185969492
0.12968458065034785,0.34074380184968633
0.13306705109105774,0.34392088442202245
0.12193263029808306,0.3442277762842208
0.11497662502357724,0.34449313013106203
0.13673779976083208,0.3447754602501952
0.1349645887314085,0.3426418230047427
0.14194354371780618,0.3585104454131164
0.1342308311416998,0.3402627113972724
0.1280416321222964,0.35449755444611497
0.13766970353341854,0.3514481053185456
0.13567744904622847,0.3570717903005055
0.13750737703736532,0.3514014109314102
0.1308043322704817,0.3495350632815516
0.124423603516258,0.3507285700107589
0.12824403124596626,0.34576104437677413
0.13664692575711174,0.3370749430209866
0.13609910212319018,0.3582390657119935
0.12497373624695281,0.3526523572106742
0.1277868037544137,0.3500563447140179
0.1330875297809279,0.33752878207144266
0.12812355992541988,0.3484188227868056
0.12519884185806368,0.34287483397954566
0.12070790007141573,0.3476752930927714
0.13640178824506882,0.34658565315336964
0.12567349177618434,0.34554138820340585
0.13767770781276367,0.3561202872530177
0.12440055159213184,0.3562593105184866
0.12549550843660343,0.34239965083390617
0.12905713654653042,0.3544121431802883
0.12728301831787148,0.3529129155876454
0.12463006177806217,0.3388383194734159
0.11915551149781811,0.34870209182185613
0.12901663220269352,0.3473359099065349
0.13596678436493126,0.34300941584484274
0.13094396787735949,0.3550632489736661
0.13223228274594756,0.34904811422358073
0.12580409591533515,0.351633000914673
0.13079535119645058,0.3460709889551722
0.13051859079002182,0.34896067585189655
0.12846034376071797,0.34335392035014284
0.11059199705674418,0.3532288601699781
0.12644331098418302,0.3474621566764106
0.1162253879692782,0.33667558690154714
0.11806229567219176,0.34790961455725117
0.13455399886194633,0.34078015387411975
0.13514485217403324,0.35313554587755414
0.1269805728136581,0.3415725839912295
0.1334999252423835,0.34134098523391687
0.125869964632079,0.35856366934543193
0.11755038358487115,0.3478638211898028
0.12618321194915166,0.34263563125505414
0.11948691691198848,0.3485627288962216
0.12561095200189232,0.3476224529385453
0.11581013721345505,0.34868601881316313
0.11971242452692989,0.3421310996128174
0.11021270743394326,0.343293614970694
0.11099517262622836,0.3355511828104834
0.12869388027645862,0.34901426228548027
0.12398483943983352,0.3482105738995064
0.12085409232888451,0.34454402626307745
0.1185209840162894,0.3508179823019829
0.11491522717667957,0.3519949555355789
0.12583175352328815,0.34653292386334883
0.124296833112789,0.35176738425598747
0.12266158671947344,0.339158490500096
0.11991521813763364,0.34606258959958713
0.11956639764356072,0.3467646231386347
0.12243740309346213,0.34706343305902687
0.12702410216360016,0.3573136216806483
0.11701759857560426,0.3436336535234568
0.1130624634459822,0.351570805714953
0.10762567056676636,0.33215282288563563
0.11035557718738384,0.35342914108123924
0.1161121911364234,0.3404809370380589
0.11701380983693646,0.34452745091790793
0.12394824141879947,0.3474808562602933
0.12236521153174057,0.34410451596298053
0.11578181336504167,0.3416449628314635
0.10307975680148682,0.3487815605184813
0.11734268359867979,0.3500266988266844
0.12757314814235568,0.34493511794588994
0.12907375169644753,0.35279216808450586
0.12010074804164445,0.34586650808137726
0.1248808828236892,0.3566701247683026
0.118578681422708,0.3502227999370736
0.10778080761154243,0.3420284550624313
0.10791646778306868,0.33818218780976345
0.10818991893423714,0.3438346849853012
0.11781811842627116,0.3476912101073516
0.12649660092175913,0.35275833834215775
0.1278612774329243,0.3435134966984837
0.10148776747632192,0.3446150480041869
0.1099867116675667,0.3387113412586532
0.11533194333038374,0.3458551654225105
0.129322038659376,0.35178421706497953
0.12154371668417917,0.33821451599808966
0.1073419833061873,0.35117672810925693
0.115558473032965,0.3530607965369513
0.10690184357133986,0.3471006452883079
0.12008633400703594,0.3437747263645845
0.11278347160216474,0.34420507643023596
0.10584333279594521,0.34659916087061765
0.1120616634196391,0.34588715708634804
0.11101473153969016,0.3469085471896461
0.12044044481350125,0.34345455868687336
0.1122376816225577,0.34733173604883527
0.10303810323616898,0.3419064765271839
0.11125529082596076,0.345650742391491
0.11081624452600426,0.3490050545027001
0.106485493322351,0.34608739628893803
0.11932330944144644,0.34026193054203335
0.11283638169965435,0.3533655657237048
0.10953514731108431,0.3364345085208003
0.10249052088262008,0.34417694846874725
0.11045629804204797,0.3484119281216361
0.12841021399186223,0.35154880703657987
0.1208265540912697,0.3594080491413671
0.1239000224908125,0.34233849340915656
0.11135893913998457,0.3505202776854992
0.12019169105388754,0.34303430943562924
0.12205741458529135,0.34577683252587255
0.11410510433986853,0.35597774138195404
0.11699744763923538,0.34463165035403576
0.11913039700243871,0.3505500594906236
0.12417333445693138,0.3576570803642426
0.12240403998793428,0.35380058968532885
0.12930627707975717,0.35336061967708177
0.11171637359887969,0.3577072347001451
0.10932263930761588,0.3505650216794758
0.10698762953688842,0.3536695553403075
0.10685671160706184,0.34875374313826296
0.11927239726911196,0.33943773279131306
0.11950876364194198,0.34746174457759504
0.11016125794248183,0.35062205785121253
0.106649974894562,0.3469916065417142
0.10684449173277208,0.35119740215219003
0.11707939709287964,0.34352937263908706
0.11446599360827607,0.35217207364428005
0.12489359189725277,0.34600175454053794
0.11752404536102856,0.3539949563254577
0.11861043742909179,0.34676697151427055
0.10487344043458212,0.3509173606327198
0.11065933060969002,0.3472221162627021
0.10905474030789027,0.34633918376634537
0.11162422217177138,0.3551827366123069
0.11266354607142769,0.33779321157474707
0.10892731997025583,0.3545910898208015
0.11813671518808411,0.34919008468758345
0.10539917433578265,0.3580524302279725
0.11422319241477841,0.3510951516793034
0.12402572343945181,0.344374604144363
0.1109117772316109,0.3469661390420722
0.10916615474322582,0.3533019544114112
0.10726230994472305,0.3461096542598391
0.10730863205514778,0.3485896623539307
0.1020526455766566,0.3526896513291807
0.10566272981564089,0.34523490021320397
0.11207062655582092,0.3465322483735738
0.10231459352636244,0.35251627773354954
0.10965733577892361,0.3472469237547194
0.10477406822654092,0.3417932920439138
0.11336895049141586,0.34303033909437053
0.10390264478153029,0.3443871682425316
0.1068646697104776,0.34575595382727664
0.10923317391322966,0.35169179545628765
0.10313065730495174,0.3437926494244842
0.11311117878006745,0.3442249918651556
0.10423700703958087,0.3510560267441518
0.1083903412501164,0.36135911708538637
0.11115810703812942,0.3425652087736382
0.10439921543538211,0.34346506794008513
0.10901242004724179,0.3577291070698385
0.11248661433864894,0.3515189140394211
0.10143426693357528,0.34506583011150227
0.10878770144629969,0.3469206954066072
0.10592236246956939,0.3506274702753635
0.10945424943933331,0.34583021441882444
0.10171515669421395,0.3466414349911219
0.09484963029181331,0.34486192592061105
0.10368913974054733,0.35036071667480195
0.09557056454535882,0.34378030303634866
0.10667903589993445,0.3504560537859872
0.1059568907042919,0.3508196017618631
0.09809240919008254,0.34997121350459953
0.09858056185379643,0.3404421220477212
0.10861761517654635,0.3425561107635846
0.1026405887758885,0.34294296682779435
0.1082241962899548,0.35281114726052615
0.1080113282576196,0.34018869869588886
0.1080459261204338,0.3467918468401593
0.09990656648081776,0.3520787621040443
0.10521715245086172,0.34835740726870124
0.10396969873284165,0.34138999395908537
0.09600534590699734,0.3556036527153566
0.1021546620164065,0.3565548459788682
0.09878600942654939,0.3459315026463394
0.09210942964235763,0.3462851899409017
0.09429762477002565,0.35098686475910296
0.10889916616283339,0.35401757463604283
0.106344681618363,0.3506787870211181
0.10333134443446954,0.3424757265294952
0.10872115020727843,0.3526953548827545
0.10092165410474314,0.36464742141767753
0.1019266515573828,0.3451954358542003
0.10412077749136729,0.3463780039059787
0.10007445583644424,0.35066367831734313
0.09970173832733646,0.36565398063205345
0.10453042950840305,0.3480337308370891
0.09158038901092343,0.36006389859639776
0.10840717665319051,0.3583381483969632
0.09705814723650186,0.36020110553696033
0.10575947563930435,0.3447495900792731
0.09936612347177268,0.3504242135376964
0.09343848235260305,0.35519891234816736
0.10090031127187711,0.3435443594071979
0.09665917662619553,0.3511620356167416
0.09859489970202541,0.3460308270762823
0.11778510972956978,0.34797203534298843
0.10400145733414637,0.35378813653252505
0.1006170190376467,0.3489234181062613
0.10070111733053912,0.3497681054915404
0.10794386266838442,0.3494540392870794
0.10072088847028016,0.3533760799890208
0.10299710857851892,0.35161363485057545
0.09147593681183636,0.3413751401592294
0.10059451848586254,0.3456281595776899
0.10284415808080515,0.34443017229097483
0.10647752742405057,0.34942688828826507
0.09628460535418687,0.34099611371137406
0.10105750512406773,0.3476106198538444
0.09648885138910322,0.3471783663846021
0.10465711600270908,0.35302398134062657
0.10514583817262503,0.3523400703147699
0.10070110041901713,0.3452327930196765
0.10354742607387968,0.3524195627683472
0.11024703858365466,0.3539194141440893
0.09208454957893356,0.3529549745589874
0.09477628865976848,0.3446688757111873
0.0979896804707531,0.345020302462627
0.10368304966987467,0.3468077446242657
0.09463370380822268,0.35227682401759786
0.10427328683280909,0.3466741372233725
0.10658002901440503,0.34761093877328436
0.09937900762588461,0.3603155325006666
0.09547417794431273,0.34683720932805256
0.09005508843840322,0.3438010118359277
0.0925155291882586,0.34744713742218375
0.09212993872795344,0.3441154236169545
0.09961659046469898,0.3490384046003646
0.09894938083602474,0.35512254274741334
0.09033362022089403,0.3573198924338596
0.09957588960988731,0.3527687046566279
0.08944604496477138,0.3498672413836741
0.09444719104501574,0.341413376011558
0.0910158363077944,0.3491594256815508
0.09180081402663506,0.3494218995703605
0.09419025163196275,0.3496186758599867
0.10724333769966196,0.3610122437775686
0.10708024757412764,0.35468854831967794
0.10342195310465699,0.3506561867055293
0.09670359539066888,0.3557368447956828
0.10095532037113711,0.3535548282939655
0.09179923500713501,0.35405751331944507
0.08943001067222836,0.3496844076441329
0.08950536494689058,0.35211170381644025
0.09567607955622265,0.3433785301996747
0.09620010244526604,0.3458925528353501
0.10140560617513956,0.3606583672128168
0.08953546446435419,0.3472668389477861
0.08608742014262641,0.3383088398620571
0.08796317885259529,0.3426491299452926
0.08625478792129083,0.3569024631484768
0.10247615793691893,0.3447990236629742
0.08302324838916474,0.34157940721247276
0.08827364736857558,0.3545274458097813
0.08948802525919329,0.34236333957029796
0.0996904883127503,0.3489917278989154
0.08206367836553849,0.3448048735670634
0.08441662117545608,0.34776847776359815
0.09607967389522133,0.35015703279049026
0.09228595995759457,0.34649803986159144
0.09436855364916934,0.3429555653185134
0.09664558559601434,0.3487153432264114
0.08679446948759006,0.3414049682471104
0.08727505531786453,0.346271123198148
0.09522855194027706,0.34762140091286386
0.09241642762110215,0.35660519662619017
0.09494106635116578,0.34732303548363896
0.0913609794930064,0.3489637219825008
0.09752630627027957,0.3530641486054851
0.08027723452988633,0.344815100645449
0.08840920593329858,0.34983479983011867
0.09663481061226263,0.3501107635070838
0.09519424583874933,0.3433684146413137
0.08768545405720296,0.3491275382354753
0.08490221137383798,0.3482324792159559
0.08497928836927185,0.34470315568030996
0.0801038675118406,0.3519494071138808
0.0921934865037736,0.3504827039362582
0.09141557589930369,0.346721374515723
0.08726365786227662,0.36130266894091123
0.09081049290768996,0.33904505574075455
0.08615579881736851,0.3493165509596735
0.08748240873586234,0.3512664325083962
0.09235038202946784,0.3467359579475834
0.07961245405277098,0.34928579913698954
0.08795861720907396,0.3498298117305436
0.09597730133082183,0.35366181570788907
0.08997513096472709,0.3495752480541824
0.08065075475896194,0.35268279169006117
0.0821213508713119,0.3467991349647514
0.0902481307897271,0.3438356070478269
0.08721970318230152,0.3525846098078973
0.08816954781620064,0.35343123039103985
0.09340259321099004,0.34603193166094615
0.08222585970139322,0.34554254634232034
0.0873134339510967,0.3455502467023289
0.07948735515866129,0.3469669814498267
0.08347588166114758,0.3581399225651064
0.10248909820971475,0.3378021098488088
0.09270751923302567,0.3484079851047438
0.07634500224591943,0.35240057535147706
0.0919059240146583,0.3473453862247695
0.08045310977451411,0.3560698987253721
0.08393561410675829,0.34694149567715366
0.09189291572738773,0.353937922582077
0.08875434464114301,0.3543449558418603
0.09276592754196739,0.3473141202088102
0.09265783499450128,0.3431294404949012
0.08085696519302109,0.3518662873524275
0.0768270707539941,0.34567053806778664
0.0751743056163986,0.3445639907325909
0.08150511690596612,0.3387135531973698
0.08594157680485423,0.3471874888274481
0.09445247311385979,0.34409770349151086
0.0755501041098855,0.3459703961581823
0.08628360771922237,0.34520435981785186
0.08479316032609793,0.35014005824091654
0.08903164547514349,0.35115384299504165
0.09307072540511876,0.35532962330394013
0.0813028235791335,0.3468194458340719
0.08841703040389101,0.34798054496342645
0.08736702889874606,0.3546464954271299
0.09803324062627458,0.35485302591965967
0.07309933127530596,0.35338799338622
0.07913944356321159,0.3417790989288086
0.06271980412551657,0.33978514224752404
0.086104949012552,0.3496061939326662
0.0861654383639058,0.35320670021207284
0.07448601409394137,0.351331142246764
0.0834856252022663,0.3435246524770513
0.07743705309634327,0.34713505523666355
0.08461414249331456,0.35216051171159996
0.08026120079028976,0.3514097211403305
0.0886868713291467,0.34539140464840673
0.07288549629912827,0.35184039742200224
0.0844264658896922,0.3551153894845451
0.08474950664689454,0.35361134386131327
0.090534639660613,0.34967258341940116
0.09437323284443536,0.3500973459307291
0.08217672635079287,0.34790440872343376
0.09903178518648278,0.3455510972793776
0.07728965187486275,0.35937457695764913
0.07618246946459169,0.34339013630637394
0.08151122835937497,0.35223770893787365
0.07368876361575667,0.33611070407253874
0.08265775542497819,0.3444458133618409
0.07572983362079494,0.351914985870205
0.07285629292129595,0.3448203591997819
0.07913984318593201,0.3476000760549714
0.0793692473867591,0.34281541239046837
0.07628359772680214,0.3444726572167759
0.08415695920013971,0.34964184133224163
0.08597252939994805,0.3514637727920382
0.08517030260139703,0.34479322468205836
0.08600359585136344,0.3503883673875239
0.07814393830392906,0.35005563381105903
0.08198492270077298,0.35250255685265314
0.0866622223130527,0.35229967524291655
0.08404598044475427,0.34304962364841646
0.07516119914578698,0.34534111035013304
0.0751527634808687,0.343705018025334
0.076410571720719,0.3512846179666725
0.07834896059697075,0.35080018160673243
0.08179025555764717,0.35163146865165823
0.0777779545001955,0.3467640615618431
0.08802418509391932,0.34909483618010334
0.07638636973794002,0.3503251605172117
0.08987390470167883,0.347876894766756
0.09071776982703543,0.3598785634471305
0.08412388541475642,0.3424141378873503
0.06835571303202784,0.34999343351784507
0.09194294111575908,0.3525307606640907
0.09018490859457058,0.35236025531837395
0.07704815771157354,0.350082290904703
0.08129584730246185,0.34377104113543
0.08243217439982706,0.3492967768638653
0.07966880887071127,0.35494208112962183
0.08843626370180699,0.34724296040028724
0.07072413486750738,0.34179991767154805
0.07502523059953324,0.3487707716008427
0.07848897091133575,0.3504624278299184
0.08149704747826661,0.35655276024784793
0.07102101613808673,0.3414084356091338
0.07229497204643723,0.351628464743475
0.07536094475329172,0.35275790811860247
0.08207635388359423,0.3540938174528238
0.07914871455257932,0.3556846392891042
0.08811943560288261,0.35191460540738784
0.08392330166612721,0.34940388242963344
0.08277368666302572,0.35439784552597176
0.08299892210702339,0.3473590195181418
0.07535085871640014,0.34564310455434455
0.08149514582236181,0.35196527637730823
0.0740601726604177,0.3569179160685244
0.08260731696007431,0.3619599647134743
0.07034478062370231,0.3551929672103996
0.0747072353496796,0.34394277478955365
0.0674685333907456,0.34870603486805574
0.07449631081205393,0.3476120225996176
0.07082059634843572,0.3455365396347955
0.07710167258863088,0.3432617978568824
0.06511161732976584,0.35222505824499195
0.07653266035254278,0.3578568682464939
0.08326055853911435,0.34824061146055935
0.07652579031821269,0.35477226624052277
0.07900993323175229,0.35473754915866673
0.07299580049908092,0.35525481970160977
0.07424404521465093,0.3508245932538147
0.07450877387684673,0.3497131330162622
0.06968129029854218,0.35218078838155087
0.08066674666368345,0.34893530265896777
0.08705641860341848,0.35837358943614844
0.09033265059433931,0.35562938465687466
0.07860837887057705,0.3563133180017947
0.0704979165990144,0.3559748359479992
0.07454264436706143,0.3536548255876225
0.07866921337788721,0.34531265785386195
0.0756295064074843,0.34837065585690946
0.07918188466082393,0.34623233248556906
0.08745265113129236,0.35590595298138933
0.06766862590291978,0.3498798030428961
0.07882815684462535,0.3544829020038938
0.08009622792140059,0.35151760979128216
0.07493972154630923,0.35193393931880906
0.07904691414080141,0.35334887658126257
0.0760335031607439,0.3483015181033994
0.07867036103500916,0.35092578111858
0.0725334343421301,0.35520279423994133
0.07574830848626629,0.3472935862158535
0.07325352672181151,0.3500523974111045
0.07478545736758126,0.34139162040991344
0.06894800841195624,0.34948674025560844
0.08010954270428408,0.3556908311852697
0.07345670391874227,0.34693996880449324
0.07676534941286493,0.3565211733332754
0.07975007290002852,0.3498235287004304
0.06759268273304606,0.35513747877269775
0.07429198628580463,0.3499788720632372
0.06763237485498587,0.355190513521832
0.0761582432269796,0.3472105171083611
0.06617968140124675,0.3421780926872189
0.07589124740661188,0.3512330417715451
0.06546091952801737,0.35131263243509
0.058503956075325096,0.35715856336814766
0.074418367004699,0.3463804846753817
0.06759238558005617,0.3376627064839519
0.06291387438716271,0.3480611670352616
0.0815339891840683,0.35384457670419395
0.07227379151150568,0.3529716147982299
0.0839471233845755,0.3546316376622568
0.06271723150568094,0.354248882934185
0.0697996762118924,0.3402725276540518
0.07162192146593133,0.35269081748996317
0.06673312215629996,0.3476077298421054
0.07396132552656405,0.3509190356377551
0.07820282882299205,0.3587685095023744
0.06069884711489602,0.3535846752213424
0.07157844690705874,0.3490222889040945
0.06142428205378089,0.3470539175889247
0.07140054387291724,0.3406825969320574
0.07030233142092576,0.33842083674337686
0.06076155249650392,0.35256444251457747
0.07046536278203822,0.3512670175408197
0.06713848558059159,0.3500864240910496
0.0653863363752682,0.3509268643157111
0.0763875805261437,0.349096951430421
0.0729435911084624,0.35479122951314634
0.07274331221749239,0.35692220796127033
0.05247596550404686,0.3518971996076421
0.06760799139664744,0.3644503804674102
0.05494750515591676,0.3504688640945161
0.05901604521701344,0.3394245935265118
0.06168989017116889,0.34842874631018506
0.06824374418303342,0.3441922036781327
0.06524006106916198,0.34741170429552115
0.05813964493104203,0.33839246015890967
0.06843823540725191,0.3417149004846987
0.06935855964914184,0.3420919664546682
0.057369407366236136,0.35392279498161994
0.05761464420150407,0.3517718045120196
0.06112969734320477,0.35144324943747207
0.060359519397790266,0.3501503482203058
0.0722337082902648,0.352120035000974
0.06563962543944944,0.3537209020893564
0.05933772839386138,0.35508660123812014
0.05864752283298998,0.3369348003126849
0.07498182279629535,0.3513850802994165
0.06007163434352633,0.3471652182655956
0.0668762679188832,0.3507039068519191
0.06302913671487118,0.3521983166165885
0.06190178973060293,0.35679961401404553
0.0571780772766016,0.3519074336074193
0.06719121511916806,0.34739847984201183
0.0560514890945133,0.3460934602415417
0.059463567350814414,0.34586635776310964
0.0638131422934837,0.35302453968894115
0.06841274456634182,0.35140741398204495
0.0664187137481943,0.35275610903678073
0.059827720925126476,0.3558234732148962
0.0630846868825253,0.3484584752994756
0.0564707761240518,0.3527889465376868
0.06160434587889516,0.3430380860836487
0.07216025983681026,0.3522566222933426
0.061128272489171444,0.35210021310513534
0.07240298835029413,0.3548802489785635
0.05980848100939651,0.35470708190561817
0.0679694867492383,0.3462250790239418
0.0704948623728002,0.35450638220247066
0.06025012019086382,0.35595364604060814
0.06836372626617657,0.36106305365257757
0.06501958801623522,0.35075253773381365
0.05152429592671949,0.34288102613116206
0.06582325083762446,0.3546025787494321
0.06873295413119673,0.3502795220333049
0.0597061373143946,0.3625839741314075
0.06078961906540493,0.34736906862761363
0.056446220111498024,0.3518924884083701
0.06356905739241925,0.34510721003750805
0.0613309184577253,0.3655316063761551
0.060526158947950874,0.354348371806933
0.05473261696277917,0.349494172004486
0.055292762516309255,0.3413249562384368
0.06276277483575328,0.34866543673849865
0.05718333606461071,0.35148841789786556
0.055903701696582854,0.34947167257856027
0.054083424001761034,0.34600314225880546
0.056399891425190106,0.35624756294840854
0.06385006221781224,0.3556703252104228
0.05833612644136705,0.34959554553459543
0.07417305341620725,0.3539083152692371
0.053212607590716984,0.3457509472312055
0.05585085171841709,0.35677294338931825
0.06845002283747284,0.3494790713789717
0.05639759342169645,0.3541090744361606
0.05627890997281579,0.3475027666394785
0.05703301042684927,0.3433649649951808
0.059001181240391366,0.35058565486058785
0.05967908691256347,0.3408261672706814
0.057189542031219176,0.3398287599682396
0.060229583316200784,0.35122069133622347
0.05865181334785068,0.3505627696906538
0.051621800251838726,0.34757814904076273
0.05537151734091252,0.354331215341327
0.06309366880978087,0.3558381733164329
0.05994955103582687,0.36099718734585107
0.05027157322677822,0.34534123614426293
0.05134273601364333,0.34702156459748684
0.059484235411589245,0.34802235742911436
0.05374253729878182,0.3482510108783621
0.061774792969069424,0.34877707689927884
0.05501781520327317,0.34723068383529215
0.05579823226231654,0.35187888236160736
0.055743270814673944,0.35972333683642255
0.061154231854245,0.34827731486071867
0.06601107217509312,0.3502925498653394
0.05228167642679357,0.34050548268595304
0.058912928059392036,0.3460217623204433
0.050194159909005526,0.3445969944119797
0.05020017451491708,0.34870466468873346
0.04353796709336613,0.34604973676331474
0.04710166845526815,0.34629248500355264
0.05187286774744551,0.3514520888091428
0.04620616698205301,0.34097882734272367
0.05059864012082393,0.34371107152474
0.043646783626051296,0.353023128421443
0.04613496807642374,0.3493596059064056
0.04452616520885636,0.3604978299162389
0.03795559437635577,0.3483459424902701
0.04266660546963073,0.34043063505776
0.0629476702403491,0.33800680070651634
0.053039009196797035,0.3540587992379778
0.05118119023393299,0.35315564259659243
0.05920252912097793,0.3558471633530093
0.06354482510656749,0.3526293374438927
0.051667570663132587,0.3565891594376088
0.048449981227221474,0.35244167726814857
0.04650766674235668,0.34743797840542223
0.055965892909262537,0.33937873360132076
0.04724882300644812,0.34838988416825756
0.046507369709786306,0.3505541863836861
0.04054681266249071,0.3464270180392726
0.06455624431930346,0.34574343852430434
0.0545980791277334,0.3490385933378101
0.05192516440536563,0.3450929810164383
0.05116368776672144,0.35835925767894034
0.05478435227943434,0.35467804781588214
0.04814379994263338,0.34653532589188857
0.05227185353204197,0.3533536448488426
0.046918757718503096,0.3456487926790044
0.04744220874345373,0.34956114637406577
0.06382189335163668,0.34584598781268494
0.05360506478623449,0.3549768901207344
0.049622221736546304,0.3487913786167345
0.049369321621852584,0.3462521305946333
0.048652418456606845,0.35339256164196114
0.05153695406159956,0.3372037784736837
0.03707972843348498,0.35187148324258516
0.03888630822925021,0.36212535446045163
0.05880337394582629,0.3443922288001687
0.04184126504364085,0.3457544961987827
0.05295127733625131,0.3463201992678748
0.04481793733885726,0.3446407014456806
0.06386720485561735,0.3402217428736223
0.041759820125938624,0.339764159136646
0.03903816247998318,0.3476363861053947
0.03630179155390523,0.3499287358558041
0.04933467785401859,0.3476995288666522
0.036257642733726544,0.34579444459056474
0.04822739513993967,0.347993542001256
0.051650846156290946,0.34891712200338887
0.04611876246820354,0.3444143912071785
0.04502173382444103,0.34865505567539967
0.046855321517401675,0.3536624607980658
0.05391759270770958,0.35647522907862433
0.051964253130672634,0.34211779043442475
0.05172245241504226,0.33910552648192693
0.0416109573182929,0.348754387188385
0.045753827057997944,0.35343398889697186
0.04416965625339495,0.34763732121369517
0.04147509343070805,0.3516729417107655
0.04200220254211631,0.3497821739075425
0.04399115712961518,0.3499463099255033
0.05078603205000321,0.3575636089454749
0.056293976160417196,0.35504891943033096
0.046810268198605134,0.3486106644053504
0.04699178313886329,0.34839975210257024
0.045691539710566935,0.35206719202533987
0.04972797160397973,0.35064552001852184
0.05974969254207183,0.35929973499333623
0.049444130875538506,0.35068077714016915
0.045522573177099734,0.352197764892468
0.04306887503782119,0.3594784687597241
0.03460557181045346,0.34593631402868036
0.04385033356442108,0.35333811147311206
0.039573513002373134,0.3478571039274339
0.04696952651013416,0.3421214842076465
0.04249328075701971,0.3492907516345819
0.0426075794027794,0.35183465096750066
0.05015596968032448,0.348200571453841
0.041595244630990735,0.3470627294013107
0.047208322250104594,0.34587463249867173
0.03731925796836117,0.3534228729848727
0.04681106356354662,0.3498568359617544
0.04996279555190994,0.3578472056495554
0.04998290435716874,0.35016583808090146
0.04586449339295858,0.3523503885601799
0.044601099330604625,0.35162743626846626
0.03770234565682871,0.3561015044902933
0.04035130278271227,0.3560020897824718
0.043594216952727805,0.3507147955948003
0.05395243520910067,0.355204912985179
0.04313245076106673,0.34909048499072226
0.05183139502606154,0.34990065074036125
0.044563051382075045,0.34874364815506015
0.04270569575614319,0.34699000642291294
0.05065696812504534,0.3545273754625474
0.03900867434030356,0.3505007458432464
0.03352020993739991,0.3375089775106771
0.03242388697411296,0.3480005623460541
0.03828223128187741,0.35063100640759315
0.054079921767993124,0.3458302003921597
0.03820843681878409,0.34976166009957177
0.031672099700772935,0.3414697180126007
0.03788180538277289,0.34956236747919484
0.03320891807304343,0.34711783848905925
0.032723554394131826,0.3483820895337765
0.03986439842270771,0.35230235809074084
0.038681848876812565,0.34728507808971515
0.04062499651487508,0.3488696569704436
0.028168230354527073,0.33888604312213966
0.028117851668217692,0.34598211254087036
0.03236895211561932,0.34435948784181736
0.035638105596228285,0.3372602470040602
0.03417484162213321,0.3482913335097527
0.03722649238152737,0.34775096221580737
0.032469345762670555,0.3429487345622528
0.03227490155593401,0.33574010148518946
0.03731631297432391,0.34304846882065365
0.04542376021077678,0.35021613152376674
0.0335486578565006,0.3453988772284114
0.03958567989896943,0.35351362032289924
0.04227362114776504,0.34393536604582803
0.032548796181125744,0.35358600306063287
0.029232408033946312,0.3442182628914123
0.03723513472933763,0.3426742912245212
0.038391280837103074,0.35577651719609077
0.02374170599699854,0.3416297264826352
0.035356695550949564,0.35632897276030673
0.024956650464713483,0.35226621465928976
0.03436954805146641,0.3439806055374832
0.02520382712292194,0.3450500823151319
0.030777510138261674,0.34183430407099225
0.029696364332457578,0.3564632367678605
0.03486646404151636,0.33864655432983193
0.03859982978314872,0.34763708367000107
0.0375268994912799,0.35317137799928755
0.0368407958890181,0.34722626581091076
0.030527049986441127,0.34711813291953736
0.03344037349422512,0.3462243850495627
0.021604155222313747,0.34243938545537234
0.022582748696942403,0.35483831132365706
0.03156227633117898,0.3474117955657533
0.0190297795316692,0.34617662036304564
0.02356590201768457,0.3477563359904407
0.03744160243472386,0.35276810564270605
0.03024089306936452,0.34926628969692053
0.034829258101469564,0.348002964767505
0.02646138593815672,0.3415690478226742
0.025425942724098056,0.34146499238315514
0.023070503419466662,0.3506913735441835
0.039321379201475194,0.3537423003897491
0.02923240786866564,0.3536130933453036
0.034664099295367755,0.35121718317747763
0.03978063432672741,0.3520944387757544
0.028186019347320287,0.3420988838673794
0.031669262539956375,0.34648774697966295
0.03530494733543483,0.34422929184526085
0.03899747897703041,0.3565890657727745
0.03270092609195242,0.3483104973983654
0.02286936481238211,0.34777026296594027
0.023728577603829768,0.34785468067356823
0.022864015897270936,0.3469670423297146
0.03422128050836007,0.36691259825630224
0.04115767788772699,0.34626950481504715
0.03264224021021315,0.35586635653033766
0.024258387700492594,0.34951477308281453
0.0342206225525786,0.3532516000134334
0.03754697810804071,0.35137306251979844
0.03365844778966931,0.35217402793260727
0.03266444718470376,0.3485132659648968
0.03287595141709162,0.36002206673433135
0.03021301298697236,0.347472362300522
0.02300867342956516,0.3398160754300952
0.024332699018008854,0.33767182757918973
0.03220277039442131,0.34234981078316035
0.029023178813606203,0.34218153430483594
0.04276593156089517,0.35496677343144545
0.02576173755277328,0.3566801219500584
0.03185645659940434,0.3538360952306128
0.029322860702543755,0.3432605675686612
0.02899473981267798,0.35628729840572176
0.03332832140899635,0.3482461407582959
0.02185760309224568,0.34433673282270355
0.02521828259292677,0.3497117550764962
0.016634835378731637,0.34387894224325866
0.023432525334859716,0.33984978333393995
0.02946972026302061,0.3549032004733459
0.028892170823110557,0.3511603334744681
0.04295877972020911,0.35500789301372604
0.03271587970003796,0.3528536305169539
0.022245239288852123,0.3521555517863987
0.036109475606679556,0.3384684789150531
0.02495408868786493,0.35565170739164814
0.021657761128288336,0.34298070832458094
0.029323485593917745,0.34797104604042284
0.0258957965495766,0.3518796277819531
0.018847135659050683,0.35253814279190965
0.02656849586907589,0.34635149513521557
0.03969537744729234,0.35121604020070774
0.032032963345589124,0.3597974382825487
0.03005974705124565,0.3628848325796397
0.033613178860717005,0.34982201120973655
0.030251182070795777,0.3536318726183789
0.02694041448734586,0.348843259192195
0.02062021723558071,0.3450440587731531
0.015337255690551001,0.3406535871331513
0.021654727846772328,0.341389700395799
0.01659409759677882,0.34631019699526383
0.023083752953743823,0.34874600838312053
0.0279910263853936,0.3518732221833438
0.02525388796769025,0.3497749542565295
0.019125618345840253,0.3551173940630556
0.022017233609679516,0.3452625830315911
0.012773290915251317,0.33473576532843224
0.02941248475067428,0.34588881662747245
0.019675419598922925,0.3473649943012603
0.018208697382689775,0.34026462435098626
0.01608065278081055,0.34859822004485413
0.027961292605532855,0.3471529592083141
0.017183843461030305,0.34760032306422306
0.029440338926790103,0.3487335688316473
0.021679231905204606,0.34554990295358934
0.021871436499815208,0.34301003508545325
0.009849530737057268,0.3451489809482367
0.016392128444021253,0.3480548018098108
0.012642491502866376,0.34804618460429065
0.025847611767872026,0.34779712984000577
0.02642195400057919,0.3399610606564392
0.018564462162553662,0.35112813508547847
0.01470398475261619,0.34882781533069124
0.020811504846133658,0.3521513905184537
0.020788436305993304,0.34351244935671355
0.01813669086588613,0.3440748005809616
0.020365186915240016,0.3455484688783206
0.0005668761464414624,0.3461084974056876
0.013742615777652714,0.34798002642747067
0.029376462830192518,0.34523409570333446
0.027780331904217727,0.35050292218029533
0.015158692251992394,0.3529957513833169
0.024172736245819615,0.33456459485226114
0.017928939329171553,0.3538118581417717
0.014323081295547055,0.3476479515585968
0.01594848814202977,0.3461934279136098
0.015604382167066118,0.344764424707468
0.017940186717496587,0.34906052946665017
0.017338612882722034,0.342988484835547
0.013415758760826957,0.3521715573984052
0.021695501308012087,0.34688487108378674
0.021697063811535872,0.3503528397035355
0.013361406877507366,0.33898927013158625
0.02407284486492646,0.3414903980832906
0.013142996409528656,0.3408110716276267
0.006741920028578478,0.34614886749409063
0.011557331088856971,0.3491738365595793
0.015296674409133836,0.33895277474282187
0.015514931467824605,0.34850909006316755
0.026071629461383746,0.34625100604017633
0.01347690520555924,0.34648393571659103
0.026205283934947525,0.34148917736349643
0.013429009294007064,0.34939915922787634
0.012403409467975484,0.3419090719270052
0.006297935843372502,0.36174570466108347
0.007173923369273826,0.3438773636271788
0.025836536703847345,0.3465355964273852
0.025034715867483216,0.3535739197102228
0.014629694993240825,0.3406395348577396
0.013845636973391931,0.34795934840786935
0.010966054521724757,0.3417458628270468
0.012090998069101721,0.34833653595742314
0.007340468300855402,0.343983061765754
0.025836614652855108,0.3449140581063416
0.012873256427833492,0.3474850886872221
0.014449197358532125,0.3448916562191982
0.022294269732777736,0.3480911319544696
0.015098586700048535,0.34739333999622707
0.011238559896728145,0.34748862151444365
0.018164862977819506,0.34170261076253017
0.01624998979700688,0.355055808585873
0.012980154845426046,0.34694440759338613
0.011114000039828072,0.3369553279982689
0.010613495535897908,0.3488940542193347
0.016594367955708723,0.3486796669714291
0.005067619529243486,0.3384534798259535
0.014153935957151212,0.34310454479016855
0.010041744925641985,0.3449629604880545
0.02246707744354575,0.34762753762804155
0.0097310072717487,0.3427903453470396
0.020677471294206995,0.34807708845609175
0.02325852546800431,0.35129162158302785
0.014702632654160256,0.3480625400930223
0.012959934792590838,0.34088818345544
0.022625482331304188,0.3410923475470678
0.011875836330296268,0.3558340393276544
0.008426787529605897,0.34238004207971034
0.011104332569292585,0.3555344572164787
0.013434255404229586,0.3459422543704753
0.01282775062012827,0.3447042121328886
0.01504180001520186,0.34746813314362957
0.019178210780674058,0.35102208361247145
0.02055081399682667,0.3483057930560762
0.006031471213243238,0.34699942359597863
0.0006951136985632108,0.36220042724884144
0.015349447643841272,0.34236566336745167
-0.0035261547044275685,0.33163593068627617
0.005481405899170207,0.34342880550136584
0.014218452233599464,0.349038250432678
0.008821026547227138,0.3472516478962476
0.018142628837615558,0.3484092094336642
0.010548503875063796,0.345844923952712
0.014878811256967373,0.3507008504799872
0.005216890311132449,0.34450327637179073
0.01218829841751221,0.3467492474774685
0.001034332741333266,0.34401602533073095
0.005079385511736609,0.3276193532863616
0.008284404903810393,0.33697589192998956
-0.00037588986192230064,0.33660932191597986
0.016746046395134762,0.34225542519614477
0.011190129193708093,0.3446147885429218
0.008399861004691065,0.35794105208111787
0.0014976490062115996,0.3440516232814556
0.006243060946135473,0.35281216248818015
0.014616001310378145,0.33594011847847555
0.006775391931314607,0.3456406277940875
0.0031227033902200625,0.3487896016217086
0.0023621910499751113,0.3458191403641952
0.012043623931796102,0.34587990340861124
0.01280469828611738,0.346299535496263
0.010967538063566791,0.3455418393128672
-0.00034438930282203515,0.3311653565350222
0.01481731276036854,0.34706450789081517
0.0018592883097985895,0.34260707043492467
0.006645647339030861,0.3541214518065116
0.011923511984771495,0.3493648719386926
0.006927652543928717,0.347908384124608
0.0020385974748012327,0.33916511984801484
0.011012350607482908,0.3507347581487704
0.011901413729855008,0.35209421457150003
0.011958471491792471,0.3474918090521812
0.005790769621720261,0.342572700179808
0.0013953346414490426,0.34629867862453045
0.00992871096502151,0.34759874667050555
0.004367512650502513,0.3462849369897512
-0.003318150601848095,0.34090315438386
0.010691818739519599,0.34605006423116114
0.00592315679354765,0.3562457034556044
0.004444783633941021,0.33865442225548853
9.750138967137634e-05,0.34832024886940655
0.005856922875888537,0.3409178440103988
0.0018570679991217077,0.3341018760613197
0.0032850846285905257,0.34295580148372884
0.008071075838068875,0.34535463620633217
0.004705545853599193,0.33966247659832244
0.004412865131671908,0.33957233903396483
-0.0037581933880065604,0.33966575702489277
-0.004031015302563112,0.34319029761617303
0.0063595955288931385,0.3432303857887547
0.009930503090207305,0.3476331535865736
0.0023360128920908,0.3427132589159973
0.00948403980528747,0.3367471586245585
-0.00047934686361322045,0.3505338341978612
-0.004731921968623063,0.3462925310052366
-0.006508243564568115,0.34876808031952977
2.3084061409923473e-05,0.3386406465495442
-0.0031401952652591785,0.33567709157003606
-0.012136273862989242,0.33401633539560865
0.005504680333228459,0.34120948082260666
-0.00021913313000720424,0.34008483826322794
0.0014026834068213909,0.3357047812721581
-0.005190809826297099,0.33469620896792357
0.00453045785995573,0.34688996018292745
0.0045924833823800994,0.35036194823730066
-0.0008751237884001927,0.34306305191199327
0.0007743213405883545,0.3401322073576083
0.013659300194605812,0.3480598817536556
-0.003051229128693787,0.3465332272592192
0.0018682897392022992,0.34265093087202053
0.00022019287163626904,0.3426364193594681
0.0016045292945515196,0.3575140762160593
0.006231061478974139,0.34818111827358716
-0.006423999340596602,0.34427717648504386
-0.001628151677922808,0.34855608976374747
0.0017580053835032435,0.33300541743552275
-0.002622790242263812,0.34377207671018883
0.007386377078718928,0.3384152420717495
0.0009534598850812104,0.3388700692530588
0.003111795533166858,0.34124659743441527
3.401717292984771e-05,0.3431017199622882
0.0002966429369934212,0.35135619706740323
-0.005807507566647866,0.32989339384589816
-0.007971338824861071,0.34279698297609446
0.004873484350740397,0.34582886795240325
0.0014608985332898784,0.34158522197402696
0.0016570047460575383,0.3421857953655362
-0.014457023630057514,0.3448518065860863
0.0023698058448569028,0.33741613804033427
-0.018061817640621366,0.3342956009142469
-0.0018413359919781467,0.3377529326561935
-0.008552937464141994,0.33647188993707744
-0.0012289017610636662,0.33904756302312117
-0.006743271006415262,0.3340399654064383
-0.010202112603738434,0.3402552919595375
-0.007619662873366707,0.34044499940676193
-0.0008860281952490868,0.33736956850743466
-0.008661540590201069,0.3441890059011769
-0.01373954692570574,0.3333705255549311
-0.005510504471502806,0.33248600583878496
-0.00015335574439681032,0.33674766717900256
-0.0006663008121418008,0.3525612580701678
0.006574969248261992,0.3402376500951685
-0.006006655603558462,0.34431819727131713
-0.001908098719609224,0.33689022068415675
-0.006303438679472036,0.3498720935995731
-0.0017150772179303666,0.3496550482023496
-0.004318488277483105,0.34135595200092983
-0.009456861193753776,0.3435519909119982
-0.0044350371224181956,0.3532740956739912
-0.004092609796940548,0.33329050402684596
-0.0062351510844482535,0.3485866306103383
0.0075165830654401146,0.3515733716012437
-0.00607206990199698,0.3504668690389803
-0.0027982327135682907,0.34687322647045177
-0.01882365160174795,0.33669241603152966
-0.005999078104814253,0.339714342574685
-0.003365673640165626,0.3321695318985452
-0.005001887735826045,0.33689850002220934
-0.002095591346054551,0.3427271968213508
-0.0027696377242343016,0.3537984315187669
-0.01320267068620524,0.34725070144356535
0.0017110086333965917,0.3517844970748142
-0.008320044326150227,0.3385324714213168
-0.0018184924746127492,0.34584691431385
-0.0011767659770518816,0.3374106022359976
-0.010955210172112501,0.3449515789310481
-0.002129331666311454,0.3496940675503896
0.0007889565001761242,0.3507361585548812
0.0013017796816985163,0.346117313967832
0.0001717956639109372,0.3561423474876979
-0.004333763593946364,0.3331914403508968
-0.006660600057460986,0.3422605646180278
-0.009464649449216574,0.3525923924687787
-0.008566670567726326,0.3415633646226974
0.0005239792221155717,0.3410303415311665
-0.013776637168341046,0.34237212529063354
-0.005773355234329397,0.3532546012926799
-0.003700196717641107,0.345177712968598
-0.0013717832023223365,0.3385012174700216
-0.0009859099698668842,0.3531656889209778
-0.004740789634454834,0.34302449797633827
-0.00756216145781695,0.34442716587079947
-0.011111014569639293,0.3495293546300144
-0.011991944877919901,0.34240116110151725
-0.012228501907900001,0.335055869125569
-0.011125497074261937,0.3416931283526859
-0.007114716566886235,0.3542093539555626
-0.003758482702885867,0.34336879600727316
-0.0068911293269364295,0.3488274785100735
-0.012475971710557272,0.33483755104247126
-0.002614030351839878,0.33453614207047294
-0.005386046521790099,0.33402694566984276
-0.011757377838284632,0.3405611075512593
-0.009587247703306115,0.33808161045310076
-0.018833039370184226,0.34701908862201936
-0.008931798028082801,0.34274636115748375
-0.006231982840760934,0.3444878347915988
-0.01125271804784276,0.33943777596269537
-0.0054742362843850844,0.34413186925438427
-0.0008325067775630931,0.33024735397629196
-0.004025517124431903,0.34720946364475685
-0.016004734942763457,0.3451689373742864
-0.009951280233875337,0.34044048636301716
-0.013436463381618783,0.33738005958082257
-0.008164138219979253,0.333754195963258
-0.010997122059916618,0.3519963793314983
-0.01187902477867923,0.34027103237676887
-0.01141016126493042,0.34202624216107774
-0.008297017950539281,0.34511231876810927
-0.006721468885026507,0.3419640016292626
-0.007436247662784231,0.3420880918794813
-0.010051053414872507,0.3450410844392536
-0.009577585716151185,0.34635082369768516
-0.02823075503974834,0.33241187690618523
-0.014997701535634473,0.33998694661820644
-0.005939603875062644,0.345653934011686
-0.01862647587984925,0.3382282113980115
-0.009136865917784722,0.3375471152803854
-0.014698735024677214,0.3441457143123642
-0.0017008271231109414,0.3533366859251046
-0.014584937710911383,0.35071631439806633
-0.007135156085004619,0.34548608597455627
-0.01955793759505565,0.34468055052614455
-0.01652100325244979,0.3334115179755003
-0.014234311937316267,0.3381496206955367
-0.015742900196796097,0.3413115710170181
-0.013873320535294002,0.3431612066154188
-0.013014102940248712,0.3417993551916657
-0.014671846059423538,0.3421601071671996
-0.005625231381772846,0.3326159480735016
-0.0013645167870546988,0.3502979245175311
-0.010157526330104508,0.3468358831230972
-0.013757214843932304,0.3322167474002372
-0.005957435046645755,0.3435616121758906
-0.02093080471976362,0.34738948243298595
-0.018239240092933193,0.34226963332477
-0.01877349184906705,0.33220380985822917
-0.017800065651761277,0.3405526186454137
-0.018655494561757045,0.3358288133067434
-0.02377940973560868,0.33411109028801445
-0.012387593720735902,0.3413008331582962
-0.00959798852529881,0.34723941027893307
-0.007141753730145426,0.33437611336633544
-0.021768400522659034,0.331870506875285
-0.017761424078925357,0.336706558156485
-0.014854841078825655,0.34287707687278274
-0.020841415455400247,0.34468618734881823
-0.012862206929214548,0.34403128086668416
-0.01642320885665471,0.3322811838505771
-0.007918276699345151,0.3500223534649865
-0.008280040637372381,0.3415101462867474
-0.016229178971194372,0.33958528919798214
-0.01219521881000245,0.339437868848161
-0.01346068185161829,0.34819385730477304
-0.022723647755745348,0.33803873815139607
-0.006262872523483047,0.3382004806943853
-0.012024606780518884,0.3465451463548729
-0.020615096808919757,0.34564428905780636
-0.01460530489544776,0.3358618720280227
-0.020563815825242027,0.33832387160705774
-0.015600593654222413,0.33842101869015584
-0.017404870454077265,0.3341046441512287
-0.017303277272813705,0.33338308749864337
-0.02621355292744808,0.3409170503578768
-0.022282181149648854,0.33515533561145705
-0.012835710598953758,0.3371514803473274
-0.014633730781278529,0.34618940333306686
-0.012450043732579262,0.3411552527788742
-0.02550416815663908,0.34124303606023876
-0.010171782273944125,0.33604089432082473
-0.017179949789438508,0.3417472257543535
-0.01910177844302914,0.3464556253645111
-0.02458325774116856,0.335519198045443
-0.011050752631420283,0.345925001159782
-0.02075656904122258,0.3401594141370837
-0.008798180551461289,0.3304754553965213
-0.02122131503526889,0.3417823980924472
-0.010011137426407683,0.3374475731615487
-0.011977039917578909,0.33533947284411436
-0.026591129316434516,0.3367181194056282
-0.02201990303093996,0.3368799330371522
-0.018390824152993455,0.33196591164265626
-0.018615431831269968,0.3397043566002059
-0.015170738674620501,0.33283456609802586
-0.020057459590569288,0.33808302373555743
-0.02055382526008611,0.3418804712663963
-0.014388369265699185,0.3413151091272943
-0.020230803461488537,0.33813052707496977
-0.021466329565651688,0.33333618182668784
-0.012308925896517511,0.33215106636115016
-0.018175962454379593,0.33904422283289926
-0.019645338803802807,0.33101016929347027
-0.019995269705531973,0.3420867241020395
-0.01477528412673508,0.343668581788234
-0.016541426613733586,0.33701389617362404
-0.010207723113046468,0.3427579641002646
-0.02297631405217004,0.34528832683620503
-0.019137568380889182,0.34152218940021317
-0.014847405355099872,0.3400750564420818
-0.01808040505133209,0.33323863538911275
-0.01831515620907927,0.33795568918159363
-0.013047609317606158,0.3412663295307289
-0.020025729925472524,0.3361887999241876
-0.015169861752542365,0.3420803899001895
-0.014276399462899167,0.3486548272170972
-0.020048971197132365,0.33901223530823826
-0.017133412939285164,0.34486216023239136
-0.02183798064584157,0.3341063095324246
-0.019334959835000404,0.3383347350448498
-0.02832325020738644,0.3402518268686479
-0.018848136406685284,0.3336384259980083
-0.030509473783591808,0.33409010218489277
-0.01340182248223481,0.3375375149823101
-0.024923379860287694,0.3448095126025168
-0.01593395519627256,0.3467802093380559
-0.03136446731581663,0.3406735716678231
-0.017419966174688863,0.3353910669525423
-0.022682980976417588,0.3398062693953757
-0.02706516456704546,0.33162260706453284
-0.015070564360299861,0.34175565272771796
-0.022870840371780055,0.34509204769898977
-0.013443375544802927,0.33426663461388256
-0.013617804210345972,0.3379249224434564
-0.010250752071289832,0.34542672107395683
-0.02733716503662501,0.3387210432447139
-0.027268416886750736,0.3419951645038023
-0.024013232663604958,0.33730640318965766
-0.029449986093977615,0.3355039633037843
-0.031906562033104574,0.3431861478623871
-0.014650141669885076,0.33811246160833003
-0.018145702025556838,0.3372293412610956
-0.028563241648304333,0.3405010506767667
-0.012065365570299516,0.3318342742541643
-0.02054299709463896,0.3436360470358493
-0.025415788190040593,0.3462874913083958
-0.02722591389514344,0.3404843952405953
-0.022685289237960204,0.33542451746788043
-0.02379713518920994,0.33477538390394274
-0.033880610805977096,0.3365459949144268
-0.015369407172247525,0.34042566931671425
-0.02711226592676942,0.34370520586570946
-0.012343596105696401,0.3425510250531442
-0.01895341507033049,0.3369261425166514
-0.024455604647970617,0.34268589156798634
-0.02018584227787101,0.34790325886641044
-0.025283102405789175,0.3432194406009816
-0.0301917934908786,0.3287478149761397
-0.027015577276887436,0.34655906669486125
-0.028178386081225856,0.340540553847133
-0.025781351143657857,0.33834715096163825
-0.02832235529894071,0.3353664606722056
-0.031841116031142765,0.34283359879017056
-0.03320614752531086,0.32612369344444936
-0.029024833974124222,0.3428695663467309
-0.027264380021859165,0.3364849127173426
-0.027034563282076138,0.3338090001590638
-0.028588409664801785,0.33456889495112946
-0.031092547429181522,0.34072256462397593
-0.021177569744873538,0.33543432443505133
-0.02466404776897127,0.3392880090293338
-0.029059803363468372,0.3451331224377993
-0.023958084864711775,0.32880950412775467
-0.02668104538300449,0.33489193561842207
-0.028099599791298134,0.33876077324426296
-0.03152190799574499,0.33543083351072234
-0.02493569255663992,0.339558403413135
-0.023469114632530794,0.34114666179695846
-0.031290234118185906,0.33899557247091533
-0.022486630527765082,0.33706135327394393
-0.025873661545430676,0.33811858408238993
-0.03637007856373953,0.3424672208351021
-0.025723614503704535,0.3418905520228807
-0.030359177277424994,0.33707981007333726
-0.027655951983828374,0.34254802774501697
-0.018418386822747046,0.3405378186263178
-0.025439664109226084,0.3444060223933289
-0.025945728429798122,0.33722814294121345
-0.03438759476129244,0.3458859098608297
-0.030090083574465718,0.3362621304016767
-0.03412063114096079,0.33745225157126735
-0.024597772281049736,0.3393163181438675
-0.023334515536568526,0.3395383721731928
-0.030696856168751858,0.3286206600544681
-0.03151335516441308,0.3367814005735316
-0.032501072466934046,0.34389228448037745
-0.028107920699509216,0.3324224835294899
-0.014663624849692187,0.335972695385483
-0.0313288342691282,0.3380535711129545
-0.029158819128767208,0.3397858716645082
-0.030474231691869844,0.33842390671706574
-0.030797794714821452,0.3358327542021251
-0.030109549282181174,0.3424285252918997
-0.020272359746406565,0.3438543439236874
-0.022788606470756225,0.33785469418828173
-0.0224555052590927,0.330190934975431
-0.025735284690873154,0.3427709477254663
-0.03367444197980167,0.33479463166670226
-0.03621450470820488,0.3247912749319007
-0.029814650191482574,0.32800283823321
-0.019515578803717185,0.33441553239275634
-0.01973834786943887,0.3562274181997802
-0.027220612819613327,0.34260587920131036
-0.0260789149890098,0.33957317910728607
-0.032422786881430646,0.327919262982072
-0.03331815369541303,0.33325094537161914
-0.03458884347808885,0.32748062203718725
-0.03247864523194643,0.3225880194410557
-0.029455599792145924,0.3370794892136867
-0.03371272969215183,0.3320509781697803
-0.028540042436644923,0.3273497872672463
-0.034867161745035506,0.33022729586854416
-0.029125068383830922,0.33545996569283654
-0.02232305889415476,0.3457058153907789
-0.03170411206983754,0.33453551456417135
-0.03230362424687985,0.3284581801510459
-0.033338741330724266,0.3301068653721114
-0.04047016307555796,0.329708625017448
-0.04056678644400844,0.3352565369031786
-0.03339976715574884,0.3338462655930999
-0.028064551245110588,0.33096842413740346
-0.0415527174583543,0.3318183939082058
-0.04098137812477127,0.3268909249219666
-0.03842133256200526,0.3364072443823701
-0.029899013776019036,0.3370295106205554
-0.02896002148378047,0.33756474636612777
-0.0350274144361436,0.3430122809960448
-0.03326402968472702,0.33396977809422496
-0.03950050619713059,0.33331390780545295
-0.030325787681669557,0.33864068510637163
-0.023114160542764432,0.32947196395667766
-0.03998884472387468,0.33587618639231104
-0.03974001732936462,0.3245977449574438
-0.041843611184618094,0.330795477170107
-0.026133947040728807,0.33717415633029796
-0.03329230442047334,0.34379639735484974
-0.03673147273130397,0.3352908003664274
-0.03994620632725138,0.33969446854636454
-0.037030594151380124,0.32819716693812173
-0.03256685662807216,0.3369639205309164
-0.03582067349695694,0.3368979445866687
-0.03166434559324258,0.33483132044568925
-0.03163298576062588,0.342848191839014
-0.032957883222564995,0.33518508852287027
-0.038657099585756194,0.3314761555522522
-0.02920719229891707,0.3444431931958109
-0.027752976212097855,0.3310137680378734
-0.03565420179334593,0.34247501524189117
-0.042651368514139094,0.32441815225316445
-0.04014135786125743,0.3334053492093801
-0.037171114299009746,0.33810238903155665
-0.041901560699410895,0.325539216050834
-0.036033474984481416,0.33014622701551966
-0.030649277356233132,0.33786257794359187
-0.034687977156645254,0.3423585456511932
-0.04117323276449978,0.3297508178023896
-0.04532937814168903,0.3319313698378668
-0.04491032318826834,0.32907416125683797
-0.04419957828001625,0.3396117513547552
-0.04170210627261919,0.3253185843444296
-0.038233458413615064,0.33060063414097646
-0.045366712657881385,0.3338046186114434
-0.04446797637260439,0.31807607543345123
-0.04202325406750897,0.32593418010089564
-0.03486931560052072,0.33911002009380553
-0.04894136072875791,0.34778611261339487
-0.046701756882727326,0.3313563065181136
-0.04534682790272671,0.33187400093620745
-0.04142589727687517,0.33131535681006263
-0.042877785019629355,0.3335429641635701
-0.04407318033962895,0.32739832580671374
-0.04025937686560839,0.33288862882090287
-0.035066884666722684,0.3371436883649923
-0.03463144049907746,0.33636849816651326
-0.030282579255619703,0.33058958537837946
-0.04361318610078964,0.34219740009580435
-0.04975603898374008,0.3346938663306932
-0.03435234164245042,0.3385507122132882
-0.040558884957937955,0.34206305194286596
-0.04529211938351651,0.32704575485934917
-0.044411048138960574,0.33134002480743746
-0.034961445390461074,0.3372516677064613
-0.04684706578509159,0.33582621751766956
-0.03755808419319156,0.3297601225455508
-0.03380588501523895,0.321858463269564
-0.049704926744709124,0.33440935032543867
-0.043815958145891835,0.3353295231466148
-0.05106935647125614,0.3357273626755213
-0.04264870743684941,0.33165478719670977
-0.04467950971203891,0.32065078299671196
-0.045603218621521745,0.325534223847562
-0.04551521801576885,0.32893605202354576
-0.049645627137217735,0.3206056800383527
-0.053804989684846705,0.3301219524782588
-0.03845214811830768,0.32358673188149556
-0.04138252922897265,0.3301127226976877
-0.03847154186688275,0.3268688857476135
-0.043622742933983744,0.3356416482072737
-0.040026883691092134,0.3349868709618434
-0.04302942417444182,0.34209411106466064
-0.039173071008350144,0.32989983126393985
-0.043001120493738616,0.33222212042209043
-0.041137125822135114,0.33408085255800607
-0.03656069157070571,0.3297460037723213
-0.03865386582631912,0.32689481889257854
-0.043078079971986066,0.3324197404880392
-0.04302586887187691,0.32229837112726456
-0.0469366174288252,0.3333880956167475
-0.04637419924954124,0.3443408788995298
-0.04535387497280679,0.3301822170952798
-0.058120278830712725,0.31499405913063433
-0.04338166406042606,0.32820064493016354
-0.042039113273521424,0.3297912899408864
-0.046169936665982535,0.3342871992055115
-0.0503533609258662,0.3337991736693542
-0.044353550687692325,0.3283165066219809
-0.048193098844727875,0.33168166626782036
-0.049842419446005246,0.3226512757160226
-0.05269087296716553,0.3269018548952751
-0.035090840440733385,0.33499106690723507
-0.041259024800043995,0.32763474043910956
-0.04730435652031256,0.3236428341743807
-0.03888930116898879,0.33571620678235015
-0.03456257343992475,0.3399674270085456
-0.03861828983821261,0.3392096416303953
-0.03958412501745749,0.33067054359797526
-0.051610747110684606,0.3411840977633674
-0.04461809475180326,0.32674925049491127
-0.03960231305492761,0.33199536433232635
-0.03871731880170387,0.3342469050909555
-0.04218777718378056,0.3381733193354005
-0.05326150187016856,0.32642274603792504
-0.05498594416531933,0.334062729902996
-0.043925984867178296,0.328471533008962
-0.05027820593052493,0.32763200903765916
-0.04011941447167704,0.32975015380269623
-0.04876426098871833,0.3298437109948748
-0.052904998674689736,0.32901639873979394
-0.04899494728799104,0.33784865305116146
-0.044174084940795014,0.3327224894550468
-0.04725365370591666,0.332180568180934
-0.046248752031434824,0.3274473635850518
-0.04444720303224683,0.3312598394469482
-0.04620588500300695,0.3307452536706584
-0.060150705447818045,0.31707530980674065
-0.04204239499171937,0.3188146951469396
-0.06270997882905065,0.3318274868757031
-0.04006674066619398,0.339964820219647
-0.048158042037650416,0.3277862400206621
-0.04840192304904916,0.3328235798770775
-0.04633997043229197,0.32916792899763164
-0.04312740489355219,0.3323540641897454
-0.05663357233696453,0.33165947364760445
-0.058260879857557686,0.32596973190520456
-0.05208825551497341,0.3340457541789966
-0.05067794634847745,0.32472067591692116
-0.04674708406480256,0.31987415875500086
-0.05700000277732113,0.3245080681693691
-0.057737599819632966,0.32937229870609225
-0.050040250618531026,0.3273015106453643
-0.05187530831245606,0.33073940548325753
-0.051190615961888175,0.3235615835063011
-0.04500553417051791,0.3253779630937699
-0.05067039986003774,0.3292982886565252
-0.050500586232628174,0.33929585927328465
-0.04881476541547562,0.32762738770260624
-0.04674981596727476,0.3377242188786261
-0.046870346001551176,0.32759026243260114
-0.06602874219815127,0.3280261335841432
-0.05403473166053667,0.32854620167499066
-0.034365949408437554,0.3297279071210401
-0.048628017642234414,0.334662536151228
-0.05178707815378148,0.33634566394031506
-0.05320759601099918,0.32788005212009563
-0.03845641773050354,0.33475203834063844
-0.05131934355594169,0.32429938718921214
-0.041292358570192825,0.3208892710593361
-0.062339609440620114,0.32594708733500216
-0.059848588470088386,0.3353001117443138
-0.05503070574882541,0.3229459450808568
-0.05487078905625923,0.33451803777536315
-0.05271024013077085,0.31138890128837726
-0.051553490797172,0.33255655640021653
-0.05945468738540658,0.32817140817745677
-0.05702703555628158,0.32190442009061904
-0.05703093750670624,0.32482849423316584
-0.05098003598311852,0.3263873403292555
-0.04558505103140909,0.33034855802972224
-0.04832532720743674,0.3332133763962063
-0.052137506458508925,0.32793222641898107
-0.05945244054759956,0.32957187692534434
-0.04868332076482555,0.3257526884253295
-0.04803693324284751,0.33746705492135937
-0.04460473174898147,0.3317743175237814
-0.05325443067519878,0.3273199783192029
-0.05507549953096977,0.32735408084338585
-0.05355550795783455,0.3133555753026792
-0.05782967239719094,0.3379565990515888
-0.04678822960837576,0.3411098467329401
-0.04830845202688497,0.33260097843297426
-0.06546970416951041,0.32968813864293167
-0.0496518264397732,0.3326430918031241
-0.048321369590146865,0.3313791003047102
-0.05186332102042865,0.33748125366568943
-0.04372438047170567,0.3276336525934527
-0.053520323774451914,0.32685355214429124
-0.04561565972892808,0.33310280829872846
-0.050290572720490416,0.32968149668462454
-0.0569132607870633,0.328597764740672
-0.06233193180964897,0.3294056848785033
-0.05942452749199369,0.32552226873224854
-0.05559851088392093,0.32779475757941345
-0.05612644473596444,0.33286626522884527
-0.045449559338774925,0.33494622316113465
-0.053608198768103806,0.33744837451608356
-0.05539823220671507,0.32534692889860695
-0.060013620713898055,0.32432514935234436
-0.06894233145928048,0.32296367759059397
-0.06393673363797255,0.32760656423992485
-0.050556074199710484,0.33022360634199716
-0.0636041093861394,0.32287652096249897
-0.046645896432410155,0.326313665340572
-0.05827425233091767,0.333377873196829
-0.05494122295371389,0.3328275517822298
-0.046872320762832174,0.3342819715413616
-0.04696295885808737,0.3308401889817987
-0.04571549843869882,0.33436161844393325
-0.05792138249345016,0.3286536278141835
-0.05125030312485141,0.3427151716786707
-0.040566364913581614,0.33156212318821326
-0.05598612208204507,0.3289297602990826
-0.057661562874534486,0.33011208583919216
-0.06228447602115409,0.32542211926213555
-0.05782271613562917,0.32217747937161245
-0.050281278019095134,0.32918144205101074
-0.05757101389721082,0.32350386537395875
-0.05954259076230607,0.3179314447294089
-0.045485456315890946,0.3298942854240317
-0.04967216211870806,0.3230428944980865
-0.05452803232951365,0.34088461575108814
-0.06422245250104215,0.3322221622721103
-0.05603780418648194,0.3244105880475778
-0.055300263778599985,0.32499442868316836
-0.053648911681258016,0.31766545209553054
-0.0611909820088677,0.32737520562715905
-0.06114782978172891,0.3245203242163833
-0.05945179973520396,0.3254189703330241
-0.05849201806783793,0.329073842349045
-0.0615046045330193,0.32290726974749234
-0.05488938763106704,0.33463285096012024
-0.05931969513735344,0.3274162801124796
-0.058283336712997486,0.32382578407468554
-0.050103933575485135,0.3260580242090096
-0.06195370963220336,0.3181899416612106
-0.04705190963080809,0.3335154755345038
-0.06430747763591071,0.32356324399948977
-0.05810601661687726,0.33296427369140646
-0.06160480466674826,0.32322499679439076
-0.06434766327164339,0.3290748086114076
-0.05497194098423835,0.3245036020600791
-0.058661004171678605,0.32562771949212826
-0.057217459710106666,0.3195772321969986
-0.05664280641160913,0.32543884839078296
-0.06710711876083976,0.32973884988602653
-0.06380309718285097,0.32948261431992754
-0.05727573942749501,0.32291579474569093
-0.0481498378924123,0.3322740610973294
-0.05136624090322415,0.331965570429165
-0.055481119508725626,0.3299407070810886
-0.05488082926644058,0.3234202462451813
-0.0522946903821665,0.33463532534713414
-0.061170005734389195,0.32463904983967773
-0.05872664212633003,0.32647519015600146
-0.06513585393971635,0.32567122452832054
-0.06136903732222964,0.3274677125290102
-0.05911332920343329,0.32330563140574514
-0.0489478385085804,0.32960338426168423
-0.06078531373553894,0.3247354191605651
-0.06220353360558255,0.329408307632207
-0.0557402859591503,0.3273111603012543
-0.05643951790464636,0.3247434670948639
-0.060041954875474,0.3318683523288316
-0.06852931957690836,0.32458198437226804
-0.05381469434073475,0.32393170338855376
-0.05501817155792843,0.32639734238369367
-0.06635192246067932,0.33375483526478056
-0.057915435383726725,0.3277993805375355
-0.05722413929897917,0.32090817902307234
-0.06514606157901945,0.324863381735038
-0.057218712588786635,0.3238835939520726
-0.05995427094972795,0.3275178959577492
-0.058939004934187134,0.32632780031022784
-0.07414469787233559,0.3201617120639378
-0.06835233332374759,0.32519374248723143
-0.05555725132518827,0.3228707097140017
-0.06252293970485745,0.3146778168925086
-0.06643620374280468,0.31505694274376644
-0.0702203855000213,0.3260193494533301
-0.06806347690342004,0.31617711933607534
-0.06156252197153729,0.32722108052052934
-0.061002485497859665,0.3239943402299816
-0.06223531927458468,0.3281655478027068
-0.06229228948136643,0.3286175953362924
-0.06495861872338093,0.32125487776418077
-0.0665652715042054,0.338502171917362
-0.06103569903332288,0.3300906265085814
-0.05605892190680396,0.32010605498661443
-0.05837109794225075,0.3272208759652656
-0.05577207369345898,0.32603149046161484
-0.05544017273793745,0.33214004477212167
-0.06727900854693548,0.3286391696239741
-0.058872920506628325,0.3221520476482594
-0.062392077109779315,0.32197317983258555
-0.06887994026297568,0.32132049257334233
-0.050959513440887026,0.32245443133308704
-0.06368166164733893,0.3287234573968813
-0.05953238676812643,0.32740661817762706
-0.058424732605837686,0.34382928314762107
-0.06582377473096719,0.31866156544581226
-0.06040911990681695,0.31784930057052324
-0.07121768901877938,0.3116742396366576
-0.05807426153799412,0.32612495333101577
-0.05718407410109718,0.3294881772679405
-0.06570337408754381,0.3195195793730125
-0.0595693848424991,0.32009046059525675
-0.06268664798652249,0.32794056988067977
-0.06332880090453552,0.331536670352462
-0.07028358168106225,0.33012070496176765
-0.06367012250838437,0.31678885925405587
-0.058149364373959456,0.3095237865132481
-0.06379754981918759,0.31986608351916235
-0.06745765860806191,0.3286102582557665
-0.06608133249242248,0.3203039240262105
-0.06433737294421847,0.3365205860436703
-0.06189710630260964,0.31656583253164366
-0.07029454018777848,0.3328138189974348
-0.06080264117139702,0.3239513020465464
-0.06780466326077085,0.31805896795112376
-0.06108841182231072,0.32845047626237184
-0.06532623290472712,0.32982669192174585
-0.05380592191042901,0.3177688630571719
-0.05540125907731502,0.3238381256010659
-0.061773762769677096,0.3259224389076561
-0.06235761953485045,0.32490915071362453
-0.05987262690641142,0.3190683660848132
-0.060900079250541486,0.33795755654864557
-0.0678007724488645,0.31970675585419306
-0.06712297896336891,0.31831480202556994
-0.06042800557161025,0.32074545607909544
-0.05754330495202215,0.32655582024261703
-0.0698281855905786,0.31672451160272724
-0.06441848297685375,0.32867721696956365
-0.06746532515159556,0.31740435600784583
-0.07099287932580135,0.32491227651590765
-0.06763794135884417,0.3224890199833693
-0.06991379447825473,0.3194854867431757
-0.06815692340606971,0.3194591415137461
-0.06521197859333498,0.3215948170107928
-0.06724584279686562,0.32126185974699817
-0.06449084031856463,0.31996988079966526
-0.06539625783834263,0.32089251816162867
-0.069772288557785,0.31671810665228584
-0.07746523589275607,0.325741906005093
-0.06605233291079832,0.3156333242268971
-0.07205050629726174,0.31865355817424923
-0.07396453399118386,0.3199341705610196
-0.06567127919564211,0.31829710565981506
-0.05849493115000441,0.3166597442353035
-0.06650652653927736,0.3259740864982822
-0.06187657015879181,0.3253858201679871
-0.06621550014649996,0.3211287012235609
-0.06478797087912151,0.3331198688359357
-0.0769774475669855,0.32280096404862385
-0.05901024326057873,0.31650920722671905
-0.05677335935294037,0.33604412583346505
-0.07010713078899716,0.3263696176787209
-0.06984509120275557,0.32040294925453217
-0.06713493845342339,0.3198437733434736
-0.06474156218317548,0.322097773692111
-0.06365450704723455,0.32387062252513404
-0.07053483004428908,0.3195269583363898
-0.06658106242276615,0.3175554832539215
-0.06527629935266539,0.3237897432299989
-0.0654279511536428,0.3188789321269542
-0.06430544831146524,0.3257155557586829
-0.06753814261499612,0.33534246465592843
-0.06315659535141648,0.3214186120621841
-0.06959718299166462,0.3231990285468869
-0.06627653347630275,0.3210253058151299
-0.06821167569746475,0.3200446208686362
-0.06824076967465148,0.33578547649883134
-0.06523409854566975,0.3179713607519239
-0.06854325966626099,0.32871336781449767
-0.07065710109535653,0.32852493489941437
-0.06909187018026354,0.3128950906024355
-0.06583035527623476,0.32648177758130936
-0.06829388087859986,0.32369707714246804
-0.06395276421480002,0.31722918224148
-0.06753563289758589,0.3341311386022163
-0.06678252091507442,0.32637728235293856
-0.06706573063409031,0.3214172756416678
-0.06889444592177155,0.323140523980444
-0.07685891238354374,0.3107940202960735
-0.06892263704019619,0.3273810610434864
-0.06656228245850501,0.32405309787205283
-0.07247445744828736,0.3186248237968965
-0.06755269838325617,0.32923060641866336
-0.06609666826595958,0.3292017702591566
-0.06271728922101807,0.33037519470048105
-0.07526589026807368,0.3232976004366238
-0.07380416123040232,0.32048116481594496
-0.0754842821741409,0.3250769324557992
-0.06978206165756887,0.3224945470119598
-0.07272167069141665,0.3369319212913624
-0.07060777927465796,0.32025742028818105
-0.0642453742652231,0.31806511078973304
-0.0744914709993041,0.3311402309932253
-0.0705959542097714,0.3356623112866966
-0.06971249621012071,0.32365170164158313
-0.07379360737626214,0.3300047824280402
-0.0731797300735511,0.3212310567498257
-0.07458796259813016,0.3186716444711298
-0.07893266202526415,0.3195911503238333
-0.06498070095590196,0.3312428392785315
-0.07858352193714906,0.3141861017602081
-0.06531025380678054,0.3271385145166053
-0.07956058300853647,0.31451936529747154
-0.07934756488358748,0.3171901683605294
-0.07937143679724598,0.31929178933826247
-0.06867955365793077,0.31124258286713985
-0.0663183573203068,0.33226653473165896
-0.06392947995625178,0.3324772963620595
-0.07003197861579188,0.3180523710929947
-0.07139317362186298,0.3084637085986309
-0.07191812566768953,0.3242557182979526
-0.07131360985366104,0.31829398143798726
-0.08965287659641086,0.31602178189809965
-0.07462523353294828,0.3152321141232642
-0.07438786603326222,0.3185903828184008
-0.06931749881507127,0.3123981020752456
-0.0764308116560808,0.31426300550118075
-0.06843746797766703,0.31361573664072007
-0.07530353975591378,0.3289089750088622
-0.0749397178508418,0.33052229893141505
-0.06657165682392945,0.31356488013210054
-0.05992234918333301,0.3279994974361333
-0.07452204805501116,0.3161500986978924
-0.07838128624412825,0.31824896228251903
-0.06645565736608118,0.32475690210398095
-0.07247087847419385,0.3277104909313025
-0.06647954895332069,0.3192190245768179
-0.08203090535098062,0.32626103380383786
-0.06474249749007871,0.32404441064915585
-0.06796264560530164,0.3257394809915042
-0.07923504817408779,0.31523018643077555
-0.07610596152074109,0.312699690524159
-0.07805554502813125,0.31759844684988164
-0.06708290531873377,0.3210363936708696
-0.078615576202362,0.32222768320513134
-0.0689159686126405,0.31962011717527156
-0.06806379805267185,0.3201470925647004
-0.07355789873865301,0.32061789140511926
-0.07952028764604312,0.314270523670408
-0.07352020505530797,0.3194647523606377
-0.08080314328034137,0.32474669220818514
-0.07754895290057758,0.3131370587997519
-0.07615528680135768,0.3117018674936043
-0.07307078559016286,0.31334617687935973
-0.07605668994673058,0.321024884268437
-0.07227940232809675,0.32380057122068284
-0.07919931268817543,0.32042296275881776
-0.07649018983556986,0.3174797556164398
-0.07563295364733744,0.32160091170655086
-0.07355207730357051,0.31733756952677467
-0.08004914702933982,0.3197845343743656
-0.06612695387862605,0.3165555778284437
-0.07878244709958569,0.32884085800598434
-0.07310706544695524,0.3168802850706225
-0.06808534984115124,0.31253704414954425
-0.07325830320226057,0.3184969721444091
-0.07076701692729774,0.3272414584017356
-0.07785081126919213,0.3193288294157556
-0.08576781755427085,0.31354431529654603
-0.08053083750307871,0.3144724314291356
-0.07266860164033069,0.3129480076698545
-0.0745427978215997,0.3269589050180373
-0.08457674211796014,0.31559767362648783
-0.08134547332561065,0.3162181357250093
-0.0837668848536958,0.3197531465476883
-0.08630513450976147,0.31376723459066896
-0.0837108179908948,0.3087602109349967
-0.07503948634517285,0.3128173091488003
-0.0759842590556094,0.3156975083011813
-0.08617546507052283,0.3209773447416994
-0.07714662550709656,0.3138197418345045
-0.08311510667370323,0.30629171445298153
-0.0832168713475955,0.31005717706252056
-0.08359830521014627,0.3206443342379773
-0.07723097268280082,0.3160648990350802
-0.0764503107858858,0.32617269985807706
-0.07993174085863128,0.31652223177103006
-0.07883992251638655,0.3143824820038462
-0.08618245518789631,0.3106062565809089
-0.08225984278193645,0.3227305027575039
-0.07608193391855612,0.3209276167052376
-0.07396275516516329,0.32338450982248457
-0.08227505583494168,0.3180807472335939
-0.07510105112351467,0.31772653799241213
-0.06672717251988998,0.31973448847293656
-0.08272707691775663,0.3200322458019835
-0.08025784307012754,0.3281925175932426
-0.08309092858502756,0.31760964596844987
-0.07069215680151247,0.30993893616052615
-0.0745312178736873,0.31793572502255485
-0.08711983568851016,0.313196674105647
-0.0778785467453716,0.3199810296828895
-0.0807280253525295,0.31012583686653966
-0.06478096628657569,0.32056855077399343
-0.08419435230317329,0.31151405789274567
-0.08162072979726824,0.31368073076802827
-0.08046044274916814,0.3144760673891551
-0.0911014880288251,0.31642507533837244
-0.07905701391900805,0.31676165634648684
-0.08037459861841419,0.31718788855720326
-0.0785761261618632,0.31519618979685643
-0.09188999877146511,0.3147744407002342
-0.08542352173601205,0.3057448667237471
-0.07970436766285677,0.3122320298647302
-0.08478085814096158,0.3170005504083067
-0.08212079745092185,0.31856198895248383
-0.08054124698643368,0.31656697507431153
-0.08591364254957011,0.31515932054511814
-0.08785644605467088,0.3049694273525545
-0.08297151463463473,0.31718967985939606
-0.08002892530456752,0.3205957348356191
-0.07707396843968091,0.3198811068071187
-0.0801853536688112,0.3268302335013406
-0.09104217998454299,0.309900434961377
-0.07356529954253181,0.3215035808640736
-0.08668775897115803,0.3073739460691468
-0.06922798008358003,0.31524309789210014
-0.08535870777854565,0.3138206675664701
-0.08392503477436682,0.3173716740462791
-0.07335393829218521,0.3158234172783298
-0.0818752387930197,0.3186610476264043
-0.08228649236994141,0.31938318623595274
-0.08178557725641708,0.31895608657827695
-0.07404140336824404,0.3220915036294651
-0.07170692771534243,0.31817366524819757
-0.07970076004576349,0.3213878407045384
-0.0796109347761646,0.3134648807651795
-0.08497786311853685,0.3191365394354995
-0.08654086953869024,0.31740951774590404
-0.08160074102829612,0.3177441496201708
-0.09098190998986881,0.3061701051722774
-0.08995782832015499,0.3105428066889448
-0.08144695788775497,0.316930872925072
-0.08775181691689485,0.3075355279589299
-0.08136840786460912,0.31884655805049283
-0.0753962373335129,0.31402203800300266
-0.08473086463972866,0.31981418640037307
-0.08195748000813136,0.324111540524764
-0.08492526001124538,0.3149826318429766
-0.08149984394140752,0.3125032070201231
-0.09393257577688266,0.30868232228126846
-0.08737548747100234,0.31105220583235343
-0.09121484993236821,0.30503134528426934
-0.0783594157443132,0.30029880865672093
-0.08751324393641208,0.3132520487249073
-0.08729007159934023,0.31860907724679793
-0.0947302756247609,0.31758537921530594
-0.07436398496156013,0.321479611570857
-0.08570144998683397,0.30880113575813245
-0.08486166520935864,0.3067570915903857
-0.09379161590746508,0.31944075737161054
-0.09940740094124795,0.3088294545646935
-0.07734849682433577,0.31927765763463195
-0.08969896362522921,0.3206872646799501
-0.08319003001136055,0.3072016788988065
-0.08315692587215366,0.3113949834774593
-0.07972969363033347,0.3175205821769208
-0.09006324576690988,0.3120493453128049
-0.08339417830640061,0.32486580230428946
-0.08048920819295675,0.32921363759870453
-0.08520568521539428,0.32553134869468886
-0.08199773173010536,0.31975820089210333
-0.07733318450057754,0.3263668042652738
-0.07746080459983623,0.31080481529619564
-0.09118774403574562,0.3170680505006344
-0.08699408666642172,0.3179635182670626
-0.08305051479498306,0.31883592682477785
-0.08757090384877872,0.32038084298128194
-0.07453259635066262,0.30914236956284424
-0.09434544017085847,0.3204270857319089
-0.0792613634951833,0.3194712870632527
-0.0800497272584729,0.3097013654234883
-0.08865878612872385,0.31208531220453306
-0.07932482986531524,0.31914687680688913
-0.08558925579301856,0.32535364105922415
-0.07420034660958312,0.31952482110754094
-0.0826046550725013,0.32281343515404526
-0.08712527612186997,0.31285393557833063
-0.090421341024823,0.32847555092654246
-0.08729112215164038,0.31434375328071595
-0.08253220568283445,0.3145564429483731
-0.09888663943026096,0.3096629799386447
-0.0862270577105364,0.3163593462621423
-0.08085083233770815,0.3157785671689309
-0.08389617715641864,0.3173212238234182
-0.09251398810365784,0.3204117869418695
-0.08210704690657647,0.3144534838918343
-0.0789317937304159,0.3147976492087559
-0.09224170551740365,0.3166347038189026
-0.08514477398563433,0.31139278857589614
-0.07912334691444432,0.30593370910140844
-0.08238716315515567,0.31838620969239984
-0.07791073685638747,0.31839205254537006
-0.09855912851355488,0.3078085265934091
-0.09342201422582076,0.31340575776268204
-0.0850207790442716,0.31179210992685097
-0.08481965951288392,0.32100346841123983
-0.08477905622540276,0.3101442432861842
-0.08062342213232061,0.3275850361094469
-0.09113785685750181,0.31212262595069
-0.08538861102125467,0.3183077316880449
-0.07838796848556652,0.32483390071531165
-0.07956276349064154,0.31304694646041314
-0.08858376452689774,0.3190565629946538
-0.09378107430532967,0.31010907863363324
-0.08541305400492863,0.324849419430971
-0.08154472826796492,0.3119987146221783
-0.07421054651852842,0.32007815388730865
-0.07979117377588142,0.31762298531576355
-0.09376761719556415,0.3230807090194558
-0.08356479327083143,0.316008654910599
-0.08026268775689109,0.3242323186253385
-0.09290045465331939,0.3257265007243281
-0.08981117978734653,0.3159633418036748
-0.09198871881400172,0.31176346738040145
-0.0817546356807713,0.31168087219874285
-0.08444186673166605,0.31364856333104607
-0.10106707815103144,0.31079578058212926
-0.09595278817876206,0.31066862572982357
-0.08789431483392318,0.3075331881129332
-0.09358934050599173,0.3071949113972647
-0.08828580289717518,0.31562525956662246
-0.0874534787926742,0.31163194731969734
-0.08401373284848687,0.3181473755851451
-0.09130367393036738,0.307551065935756
-0.08776060701119029,0.3115624781919552
-0.09027816060638423,0.31425788343041317
-0.07503652255042627,0.315135104474919
-0.09311660546321116,0.3060950668549773
-0.09030858200913913,0.31841117508262384
-0.08901280938528075,0.3142462286618187
-0.09429299662552044,0.31099147935597843
-0.08837994284178163,0.3168752798687265
-0.08628135015396965,0.3065950022098502
-0.08218929484926177,0.3134826850170133
-0.09137420849057853,0.3145234309476699
-0.09324080130106846,0.31887251952228696
-0.07208744240535085,0.32359767179336213
-0.08604948583927025,0.31266908478209504
-0.07333423548397139,0.3224773592771627
-0.08078593176654934,0.3170683542531317
-0.0825678420865725,0.31947685085275945
-0.0899065943245028,0.31420087643031525
-0.0854758665576508,0.3089269789254209
-0.08217356259833933,0.3167375490603385
-0.10141356775282347,0.3182542841133541
-0.08567876995433275,0.31576126668431514
-0.0816160128659877,0.3103704035616368
-0.0862393620605438,0.31673966299789424
-0.10359475804340795,0.31393215040801026
-0.09125323873305279,0.3175563553206451
-0.08655419698094419,0.31168241608020186
-0.08676535978774574,0.31182342650831013
-0.09093355999123331,0.3093585916633341
-0.08806547869751295,0.3157991201389302
-0.09698911712415233,0.31721382744694115
-0.08060283505045829,0.30788913211785446
-0.09797137408540102,0.312006480210567
-0.08042008754311335,0.31041651064767894
-0.09402666977843126,0.326900710263658
-0.0898510647564857,0.3041113643457952
-0.08360536767683052,0.31465721532637764
-0.10047405239115526,0.3208376668951684
-0.08973520050889143,0.3065183963490868
-0.09096015596812698,0.3048936037259499
-0.09871710910455286,0.31669317004896536
-0.10052750636729633,0.30044991073037547
-0.09878972993842011,0.3078878134186049
-0.09139686290604927,0.3090328775908503
-0.0799791676086936,0.31349157530041566
-0.09463530133820644,0.30264965768530466
-0.09410093653261573,0.30730223218211666
-0.09361822275286626,0.31819738765861244
-0.08297711092098355,0.3072187836984344
-0.09626183028503432,0.3166342327383565
-0.09796599716517299,0.3003926521864336
-0.0881985956537195,0.3122183733684799
-0.08603433648211682,0.3103962638281869
-0.08925575346671402,0.31298023388063356
-0.09675983239496762,0.313554283541194
-0.09489647276827666,0.31264404662122547
-0.08851906742947487,0.30962942738478594
-0.0914424303756837,0.3143582152883196
-0.09426791127897075,0.306413100163789
-0.09640301253905012,0.32144043566083713
-0.09176604390009988,0.31406929481944323
-0.0926514509814568,0.31725183054299133
-0.0960548006888147,0.313472625973981
-0.09065503734090659,0.32116905331958856
-0.09187168996877687,0.3111752227316071
-0.08027158549614662,0.31758875549231047
-0.09212865974432781,0.322810473628558
-0.10097599903972466,0.30853352414432234
-0.08880877291381896,0.3153304818772486
-0.09627059947342194,0.31681688696814564
-0.09807949112462142,0.3004148093668041
-0.0991402793571772,0.3019078216773684
-0.09444397960243607,0.31065617866100825
-0.08628629934245398,0.3155385211176992
-0.0939351561159817,0.31182820438520403
-0.08613478160341721,0.30910432882500627
-0.09551242726206405,0.3031351094279873
-0.08732354139019115,0.3151547814699909
-0.09103485765113194,0.3073481916820859
-0.08775616861834204,0.3138671856620898
-0.0945557950037014,0.3175651809975865
-0.09548168934188703,0.3081630885923294
-0.08942357395429372,0.3137239590092362
-0.09717321971530184,0.31090151359665136
-0.08572039329276111,0.3112431406613382
-0.09700554158437483,0.3194710519607201
-0.09276464587582364,0.3068221776801386
-0.09438592581450603,0.30747469212090395
-0.08712013888212404,0.30167476679916405
-0.08865542178845368,0.3077247862101488
-0.09496482928927112,0.300856135557223
-0.09409585235577568,0.30603951789880635
-0.09239415962618949,0.3216609305289115
-0.09053898043424262,0.31023463468948903
-0.09032458986954127,0.30918096243269444
-0.1029779230502021,0.3020488233987666
-0.09314926170806802,0.30255537216219347
-0.10406856651174874,0.3036790309366598
-0.09816826267577267,0.303029955471509
-0.08676409116611156,0.30705881550118763
-0.09943149542385715,0.3081736684891754
-0.08931059898680269,0.30446367900246296
-0.09649437316824142,0.3139910376248066
-0.09543964795009977,0.31206760377715387
-0.09928647353251721,0.29939679783340317
-0.09821090635685123,0.31145253715571153
-0.0890672707465414,0.31090906833704196
-0.09213692391121284,0.3146500659847472
-0.09583107850773863,0.3128555270172716
-0.09269727586202553,0.30742084741571046
-0.08998175689543668,0.3027969047996133
-0.09705208234873279,0.31089277735924425
-0.09478247149383275,0.3099747335856663
-0.09435014367155917,0.30742314803263626
-0.10001399629277966,0.3049228459708333
-0.09753573851488907,0.3036259368300029
-0.09856814800816142,0.30921496813062077
-0.09611505432293607,0.31124044682286933
-0.09363024746287747,0.3106347166942634
-0.09358091376181239,0.31148405322734973
-0.08796662547122173,0.31018676817664065
-0.09545329869387888,0.31033816922542096
-0.08844410522330438,0.311746970038385
-0.08851522427162675,0.3164012608627041
-0.09113101898306578,0.3095821708844343
-0.09876179629050968,0.32010872607192037
-0.0917933145210724,0.3037171127229141
-0.0899186596668226,0.30686648510958003
-0.08945762117311304,0.32058036314900085
-0.08236132865014369,0.3209920432303731
-0.09340520432005829,0.30911789571093473
-0.09257504999542225,0.3102665425536374
-0.09265149975897018,0.32328907592309425
-0.09690948058232264,0.30836253587521795
-0.10592768717731402,0.3098909718307176
-0.09732176740447537,0.3123003916120067
-0.09625960287915827,0.3152491790193575
-0.10064975194001904,0.304547067088948
-0.09369169697486371,0.3034009655288647
-0.09995353090006298,0.3161475460295732
-0.09243354750752225,0.3084659662058065
-0.09907299450480586,0.3184083905047317
-0.09079329774269837,0.30935148498391146
-0.08054863723035258,0.3162997313632937
-0.10130572151781611,0.30999665899152784
-0.09367215498531312,0.3157875480280498
-0.08906554934729295,0.3135969326165604
-0.09965261712888239,0.3096515861456617
-0.09351012336428582,0.30243854098483614
-0.09272737337146043,0.31273468151491673
-0.10646941450398974,0.3099175374772559
-0.10792740284700494,0.30102538279270474
-0.09896086916178654,0.306077222089036
-0.10125387447498872,0.3104108997927728
-0.09913426751597458,0.3099261312443211
-0.09703350033169773,0.3047301432340764
-0.09382197885843187,0.3168999193318785
-0.09143048952239564,0.31071730580334284
-0.10196150792320688,0.3120520858726253
-0.08550666182957008,0.31139382102714497
-0.09406409375884629,0.30953003512150207
-0.10566164940761336,0.3076236105941282
-0.1004576667101752,0.3056637377344951
-0.08915396627537721,0.3183597532064715
-0.09860785853107683,0.29706980706752734
-0.1082590688432016,0.31550736522312445
-0.10133498190967995,0.3056850101457768
-0.10693187745955912,0.2999735375014497
-0.104608624005938,0.30132932915139365
-0.10254443940208453,0.3114641991640786
-0.1049459722953258,0.31415601016479217
-0.10699570778176602,0.31090407931001846
-0.08826271680888546,0.3010708292811967
-0.09587879251701628,0.30738914137900497
-0.09689407775500664,0.3057049409078712
-0.09658961315137922,0.3117221995990372
-0.10259042508505214,0.3075718956336964
-0.09923486473315182,0.3005917229711248
-0.09842041838307598,0.2954726287728117
-0.1027204476825155,0.3105525753110003
-0.1057169891781048,0.3096660866564387
-0.09498400160679957,0.3145810881351326
-0.103218738369712,0.316554627496048
-0.08867841306466565,0.31158173169240627
-0.10080630095163458,0.31146999822540766
-0.09147537922531815,0.29300798005048867
-0.10376251930481359,0.31458219054268927
-0.10177681650641202,0.3005912939995121
-0.11454518824348728,0.30572258914995404
-0.09703074297860041,0.31224554811609373
-0.10828295084524593,0.3057471579998019
-0.09629084937279392,0.3030640464025086
-0.10319319234107445,0.30544101989568356
-0.10646970438747957,0.30673886245467125
-0.1035799910215615,0.31128814810500444
-0.09933472263561259,0.30255445540299597
-0.10318916495592226,0.3101122313441039
-0.0991559578540918,0.30525422402925756
-0.10747697250433286,0.29957219983729605
-0.10485110568003063,0.30347770625403075
-0.1059503137976391,0.29734402440871155
-0.10546802149663623,0.3010385833761077
-0.10321695147940088,0.3093398849418049
-0.10312589620870592,0.309672127740809
-0.0969162109091426,0.3028519724527906
-0.10386249997919068,0.30636945926095005
-0.10640178959302558,0.3078333325548029
-0.10453538572043145,0.3039742772200544
-0.106839603469308,0.30860861619803637
-0.11053279805418799,0.30271637665864304
-0.10567909333580315,0.3021778746399443
-0.10852884421651635,0.3101992221343798
-0.10079702539263914,0.30405456189340574
-0.0971290747409248,0.30889344388112117
-0.09948177413336341,0.3068576946824791
-0.11062119457821047,0.30115076597766843
-0.09636654567345215,0.3049053961233335
-0.10345704798618266,0.30194548086281386
-0.11580341918416845,0.3126903972570603
-0.10938253883414682,0.3021662137316609
-0.10550211945865064,0.30623095083370266
-0.10925906297571361,0.29854753704859827
-0.10362465101115842,0.3044176744834818
-0.10592281301174934,0.30307428801546965
-0.11085073632638161,0.301200402518814
-0.10341756437423125,0.30222792398990916
-0.1098427595257746,0.2983739111725084
-0.11023841968604975,0.30032994086641773
-0.09357130126959635,0.3067436060327031
-0.10193718237891593,0.3112246768561567
-0.11082703306837771,0.29711650288750785
-0.09667925446577345,0.3050592060867885
-0.10745442058721404,0.3156624946298798
-0.10388550611739285,0.3071153799549498
-0.1029888695516576,0.3122721674396137
-0.11078415750804486,0.30749248752469427
-0.1048870183955827,0.2984259805278268
-0.10790805396623276,0.2955637248415554
-0.10333440044875332,0.31007782890733615
-0.10113605460420325,0.3080700701169269
-0.1129618933469232,0.3068665036825794
-0.10321637541961513,0.3091727169681998
-0.09988562173663185,0.30956429647467093
-0.1067110400004691,0.2956648550767018
-0.10499404943405413,0.3052377848564547
-0.10071759538213197,0.3033641114573067
-0.11822621558304557,0.30253542547535284
-0.11362698053142875,0.3000800387301654
-0.10377167003381893,0.29552704932433954
-0.1048898050975135,0.30852566914987484
-0.10419668910710796,0.3067256507208002
-0.1023737946140537,0.3064858845812624
-0.0982053816885935,0.316051357090158
-0.1056658624950617,0.29760657836546145
-0.1063339490729638,0.3106931443842156
-0.1095389499367163,0.3029519224268359
-0.10506148752645361,0.303643202727247
-0.11234054688651741,0.3018878664377655
-0.10265871894571382,0.3037271867086331
-0.10777846240351509,0.3000359230731907
-0.11199862575625465,0.3083585143456751
-0.10804572324982034,0.3015852614146316
-0.09865171112973702,0.2999363044739679
-0.10630378720281844,0.29813022787369475
-0.11322144965410431,0.3048611398837463
-0.1009226200624892,0.31148879505372
-0.10953808874353096,0.3022712719834826
-0.10834036753527594,0.306186438062779
-0.09982878448548088,0.3077332663682145
-0.1064225846518641,0.3020529938505828
-0.10067694835034977,0.2998810036689175
-0.10856532495541123,0.2965770218319639
-0.11637418834058572,0.31258821013095267
-0.10697754818524144,0.3071608289454866
-0.1140885649077735,0.29800645675036674
-0.11065787951170239,0.2947036935676196
-0.11318597106642136,0.3044064285698852
-0.10000651276100145,0.3030077254208416
-0.10666530068600644,0.3092844092790205
-0.10411415201893248,0.3013256551118519
-0.10687787571885234,0.29998370860651424
-0.11555923350834421,0.2986587646258129
-0.10309070997705926,0.3042455670722721
-0.11609221647899552,0.30666402240958246
-0.11473576484470288,0.3054790322394921
-0.11099453599270322,0.30751831532482404
-0.10290544502201018,0.296821794032081
-0.10267900007099073,0.3125681431267802
-0.10477767032081799,0.3027737558064242
-0.10104381873136259,0.3024104954697534
-0.10898783300927016,0.3057525102824371
-0.10573644297068353,0.2924240284773766
-0.11442655916108997,0.30066788412986784
-0.11233853913688566,0.2984409952819914
-0.1089575410699507,0.28813235392934544
-0.11621568972611222,0.305415763580447
-0.11077692981319523,0.300545776555643
-0.11127020297421736,0.30470940714433575
-0.11022170454638713,0.3032419583438216
-0.10985962881777038,0.30681690967326847
-0.10746990512240183,0.30679986385863134
-0.11440042714120803,0.29491606955513033
-0.1103335902086047,0.3014884087166793
-0.11798753985727226,0.2994614859139855
-0.10863644787177573,0.2965386985379568
-0.11034104756316232,0.3043306950053883
-0.1107319736298288,0.29337113299588524
-0.11484192242576786,0.29881345272781684
-0.10992263559132463,0.301449793166853
-0.10365515660636375,0.30208892199259135
-0.10302161981510348,0.2964858019808593
-0.11242505160940561,0.29990450030212407
-0.10767821334616032,0.2918805277434136
-0.10534024518203067,0.300946479062285
-0.1030502742737567,0.307854303807975
-0.11136468582006039,0.315216339350483
-0.10726665631247306,0.30065763701623777
-0.11637261087486456,0.29423794240632356
-0.1219180991038617,0.2876164107568242
-0.11272819791120964,0.288438412263321
-0.11754418661936604,0.29300505713141095
-0.12516498669999274,0.2924307329092459
-0.12407259989682842,0.2982321656885105
-0.11498310947029801,0.30035596143565163
-0.10087585707955474,0.2991715957095932
-0.12173281746191054,0.2954085394834917
-0.10666565586032013,0.29768548989406074
-0.11409731032962656,0.2977645276566618
-0.11441495764782117,0.2925446543556021
-0.11066152871390292,0.2963845223018215
-0.11952690501465149,0.29421484984881524
-0.11472577854349435,0.30282051903297613
-0.11820118191525603,0.29857411579060245
-0.11097330907174219,0.28934805877181896
-0.11231573164785384,0.2968934531798849
-0.10775028746477384,0.3021218264314769
-0.10361167063543607,0.3092583845094967
-0.11239860943573095,0.29348920243117477
-0.12362400412128033,0.29931752021577507
-0.11252807336032578,0.304588366532049
-0.11294678892166184,0.3053254324222779
-0.09708252878286046,0.3027084930626725
-0.10724778958620383,0.3056181628791564
-0.11303971884660229,0.3025148583531629
-0.11410195075664308,0.3040331571619147
-0.10873802491396309,0.3041276907044162
-0.11498531001666232,0.3050945188431901
-0.11448126359116481,0.3002766371755289
-0.10766912144117433,0.30119664549497427
-0.11016506714378292,0.3027301337731102
-0.11367252734329536,0.3063600223464081
-0.11532375517577972,0.29599903055976967
-0.12387751832617773,0.29684097962317435
-0.11422989265146015,0.2959722761567783
-0.10690549152175331,0.3054993477113507
-0.11604066024577259,0.29783122208685414
-0.12129228324130702,0.29632809216397277
-0.10906838622219461,0.2993796940218911
-0.10815833653647143,0.2974023037758835
-0.11325717303054597,0.3047772203925286
-0.11028721785851135,0.2974203414686645
-0.10752649231993591,0.29782835011746195
-0.11965923709675944,0.3038873589384738
-0.11582484634810736,0.2969998382698439
-0.13087965518276518,0.2965267328092879
-0.12049615501219685,0.290377819654807
-0.11749923646346747,0.2952640457095007
-0.12173396024573138,0.29799697237554723
-0.11287704605349279,0.30457024723654513
-0.10302092724690384,0.3020092607251403
-0.11732430144732557,0.2978024734125559
-0.11029274100352138,0.2972757069309794
-0.1180737504863291,0.2997773290754098
-0.11309975284892385,0.2979467056318191
-0.11146326654941534,0.29891007466672204
-0.12339984038967576,0.2942091801816676
-0.11526576781595041,0.2964542571528726
-0.11840493967050209,0.2990218130335036
-0.11601908593101384,0.30127294341764216
-0.10830288088249503,0.3056219535513158
-0.11840109808674622,0.3010770901513123
-0.12347581977233527,0.2904554519268642
-0.10930161830053134,0.29759663882228143
-0.12129961322570118,0.2965661547285499
-0.11569982789585832,0.29405905710211283
-0.1137201655485533,0.30215790045335367
-0.10607002252926051,0.29514089587648035
-0.11647998069800188,0.3115758309663819
-0.10974952338670176,0.3026717666379452
-0.1077059074969583,0.29154545930449416
-0.12517561995820098,0.2942448383492073
-0.11664976915194442,0.2970766339657644
-0.11099993415699519,0.30463317958304037
-0.11807209338450783,0.2995360807053504
-0.1114398045884914,0.29101976094024967
-0.11686511246852307,0.29470883330489334
-0.11224597545662615,0.3014744607806116
-0.11542193656236295,0.2977175597589167
-0.10723794269815211,0.3023046374025179
-0.11719837087855843,0.29538165038162106
-0.1255586216833063,0.298351724873361
-0.11820676295725717,0.29891999120347046
-0.11537024818535933,0.294512587917079
-0.1147900911761615,0.30328280761551574
-0.10534003027026924,0.3078857709088157
-0.11286657078651958,0.2942372125701714
-0.11576551768592207,0.30203847696571573
-0.11181487453351575,0.29552254302524306
-0.11441405334735738,0.3032678124310078
-0.1102371768328338,0.2966533846781218
-0.11887672616248646,0.29252916119026123
-0.1123825132732811,0.292022984684444
-0.11642226212395068,0.29913487658171856
-0.11990329269451713,0.2930477760587171
-0.11763372308746937,0.297682904637058
-0.11243719350565531,0.2975870513352851
-0.11582065993351925,0.28634652979525554
-0.12097999641156695,0.29228033544601945
-0.1160337138591883,0.30506015675862186
-0.11412348774733784,0.2938786714069504
-0.11287086444842656,0.29691157242791605
-0.12241981884184798,0.29832583475433333
-0.11539615893995615,0.2839991557114526
-0.11139448402744191,0.29353620128216906
-0.1151125389042743,0.30189164509614824
-0.12548217673201442,0.2948098778942866
-0.12145245131452682,0.28943661764072287
-0.11623780900608122,0.3058737157955211
-0.11700020497148075,0.2989223564759403
-0.11365907534411276,0.2916108918243603
-0.10648520603796983,0.3008323309803889
-0.11195867113848816,0.29777223850491175
-0.11915599845957572,0.3051534122764528
-0.11820824968154356,0.30479885002041923
-0.11897052709443127,0.29628924626175024
-0.1197628320423775,0.30592855370414956
-0.1096009044800439,0.2975447260599628
-0.11139593565569214,0.302394098667053
-0.1236111303556751,0.29058434799474797
-0.11499964156999139,0.294662302748943
-0.11937448682673753,0.29810991130019737
-0.11698608495509905,0.30152679110974656
-0.11071224247068358,0.3033379956105453
-0.12311211824365707,0.29602678157032775
-0.11617754419389759,0.3005316727730005
-0.11907544940839757,0.28655486917761835
-0.11229638165204012,0.2996747559646979
-0.11490380740375995,0.30227625616987486
-0.126449328414086,0.30557856275216494
-0.10868638799770214,0.2984745817599851
-0.12390563147424265,0.29357808478970043
-0.11035791071850988,0.2984856917027226
-0.13003010865476464,0.29976840772237406
-0.10942071481809508,0.29721546176050356
-0.11934001534178454,0.3011272787695844
-0.11900114103713484,0.29090390391216137
-0.11389948726750146,0.28729233564672835
-0.12903792952819096,0.2875457976652123
-0.12361300925396465,0.30143033579669865
-0.12872012853564757,0.28666203899707593
-0.11782385867737963,0.30068552513729874
-0.11476739791659354,0.2962162236231517
-0.11890885547802532,0.29403097716027554
-0.1153821130846287,0.2882099438302252
-0.12401268857300568,0.2955171740515952
-0.11614794603588938,0.29295956517873273
-0.12538291010864214,0.2938854252964491
-0.12405508931855005,0.2905991729168027
-0.12280288867631389,0.2861298440231264
-0.1285000572286369,0.2901986919094805
-0.11668490008361634,0.29773861241444843
-0.11984741191072318,0.2874743709872525
-0.1129636853279901,0.2900024619210523
-0.12719375313702472,0.2827848187681288
-0.12197790386446104,0.292983587366374
-0.11556162557793723,0.30089659111593725
-0.12278656441263251,0.29835548190914646
-0.1195615992881041,0.2953587542018156
-0.12344295179593642,0.30367994939198545
-0.11977530206101904,0.28697567636041277
-0.11518507312546195,0.2919463577568088
-0.12595393616490505,0.29380454031718406
-0.12802110974900197,0.28808112027711136
-0.1203135620723708,0.28955286665266217
-0.11942263437609828,0.302864778771666
-0.13780292163251853,0.28998278199787436
-0.12260056352884018,0.2835772672632179
-0.11845439867995795,0.28976430855664276
-0.12706433504084888,0.30456674145989204
-0.11126617247108513,0.2980446731946226
-0.11939112419016716,0.29678728296561596
-0.11923425009004733,0.29538121288253283
-0.12146399997377469,0.29341332584235363
-0.1181499774929643,0.2917010918967931
-0.11675393640603673,0.2947446984947296
-0.1178553464671686,0.2915646254191439
-0.12598028324556224,0.29631437259275367
-0.11657582950990128,0.2901845728831172
-0.11643056701004759,0.29991300823923883
-0.12406787576999337,0.2922457198278964
-0.1278119498169936,0.294453350477504
-0.12215822270857501,0.29455844711236884
-0.12290876053861069,0.29465701323302573
-0.11594945647149703,0.3011644835917613
-0.1156705720597636,0.300249943222138
-0.12114065999780489,0.3022680332475405
-0.12231781336874051,0.29951361034451157
-0.12785999065019596,0.291437063513085
-0.11180235118934849,0.29575383646661124
-0.10891771487947872,0.29248474966323984
-0.11530191745302264,0.30244021681706884
-0.1170491740226788,0.2924774659123936
-0.12049750230385953,0.30075379001213515
-0.12867808500667852,0.30301206478035997
-0.11726156279163244,0.29882144804165234
-0.11839171566559965,0.2931678896875697
-0.1200506776193468,0.2950431337744111
-0.11909144735664848,0.2903451370377767
-0.120969497944925,0.2930078094559534
-0.1256359109106238,0.29765588026706824
-0.12283715873029505,0.29553030134125335
-0.12694347792301897,0.2898294476778342
-0.12035983608964727,0.29507233667399635
-0.1328506349604131,0.3042903780394333
-0.11944653251359934,0.2865604793512077
-0.11730790833065759,0.2990474769564878
-0.12146388168008593,0.28701492838519027
-0.11586027920490112,0.2920923037195488
-0.13413999533029364,0.2907707929910749
-0.11899389106630857,0.2909270482404323
-0.11625433493390146,0.28978752131002644
-0.12034722811099859,0.2900629171845075
-0.12015625808181601,0.3020637031498335
-0.11871088268408665,0.2981973252539345
-0.1279401493746131,0.2886174484573141
-0.12077896049262932,0.2869394226091884
-0.12882958358112265,0.30304224673324254
-0.12126934945251398,0.29243057936145317
-0.12455911159471807,0.29224684670788786
-0.12104322422673097,0.28370304406933705
-0.11538735744315967,0.29025211081085145
-0.12758069693877166,0.2965368363040181
-0.11224390378848878,0.29393906267196446
-0.11788090825836034,0.2890157835655096
-0.11771264298966524,0.298213257754535
-0.13296547780022275,0.2970978041740165
-0.11976644534541923,0.28486628592969354
-0.11551127570318258,0.3004254993836736
-0.11595608381684713,0.2909508761763679
-0.11613375903454946,0.2950537782029699
-0.11886180468108146,0.2864816933121052
-0.11576047764034086,0.2970548942705155
-0.12041098586267934,0.293838304417846
-0.12303379431971995,0.2889409334499157
-0.11997448839518375,0.2963292169374648
-0.11835343144929611,0.2933502374957882
-0.11471073357592582,0.29751220618583696
-0.12969809478976999,0.3007071537464435
-0.12220315359395648,0.29588292940876987
-0.13395942071193775,0.2823864806944056
-0.12891440079239155,0.2850768121894112
-0.12129145281681332,0.3010191555736315
-0.1124602391908852,0.2903735319080245
-0.1250707111202969,0.29003293349683323
-0.12175637340995255,0.28659899487500873
-0.1315054595078976,0.29835232843927495
-0.12856912178688185,0.28261941200323504
-0.12806604632690433,0.3000289544602259
-0.11878025552346225,0.29405096680297843
-0.12524651813541865,0.29375959766964893
-0.11783137607865615,0.29257349333618765
-0.13044765722503038,0.29704047931150457
-0.11328828568267385,0.2984143566886534
-0.11663740275107624,0.28761962736299446
-0.11574615463945828,0.296678249630808
-0.12142553262682446,0.2877506217555915
-0.11863218322777849,0.2819905407467343
-0.1232331738652238,0.2929584828465992
-0.12994786284968415,0.29170685666486507
-0.12627199010813464,0.29014552249623643
-0.12002238156375668,0.2852357719481968
-0.12298541080344434,0.29031531803287314
-0.13147047569577414,0.29041436969980805
-0.12031125313248132,0.2924435957593933
-0.13025812336918705,0.2857029613597874
-0.11712564585320467,0.2942661850090159
-0.1149863399199531,0.3076180210392897
-0.12124186726739963,0.2965594006438021
-0.1241353255810417,0.2966408639814627
-0.12141509104335177,0.297035223050877
-0.12093487037191417,0.29761002756047555
-0.13114688723105952,0.28052752625520194
-0.12836555851257667,0.286811128738367
-0.11915535132994921,0.2915868355752007
-0.13409399572734504,0.2933272923926647
-0.11951911986019871,0.29014518861993427
-0.12984124879724085,0.29663889471995664
-0.1157590297059045,0.29098022264092804
-0.1200207767938464,0.2934386136999379
-0.12008489052532613,0.2948692455648647
-0.12491695689899937,0.2910212375583542
-0.12781096107788956,0.29387479357423435
-0.1251809624781492,0.2850223496388225
-0.11827547803132006,0.29364462292073673
-0.12167943303312595,0.2917762649871681
-0.12910927992220098,0.2991515607309292
-0.12208405997328932,0.2887873738668238
-0.1369878931810895,0.2901102531319965
-0.1251006732516633,0.285660267295577
-0.12469701432954775,0.28156983198333385
-0.12027661528444764,0.2929310531638979
-0.12987821807861505,0.2853368516747305
-0.12540620464120078,0.28493501251340886
-0.13107663769210953,0.28476844659654726
-0.12640875415341035,0.28734418982210735
-0.12438391362263243,0.28872056514021477
-0.12601722474722807,0.2924388848993186
-0.13097389907016302,0.29614375907800994
-0.1312654175903397,0.29883556302864733
-0.11600594590624928,0.29566198741324096
-0.1273374627951174,0.2952872578826707
-0.12416685030684362,0.2931971305966376
-0.12121541260745222,0.29405831037573454
-0.12463011025890158,0.29001720768136524
-0.13334478475960052,0.28780804503677054
-0.13059272952996384,0.298960080874889
-0.1224024666595815,0.2930158569115985
-0.124508574983403,0.29587790836764594
-0.1298547301894582,0.28325899560946455
-0.12011626871918625,0.29341589706629945
-0.1298210126602467,0.2912698273490272
-0.13618979890029362,0.2965680429589516
-0.12465026640381797,0.29220516559999565
-0.1301944873682382,0.29026305522874596
-0.12102945821603116,0.30066168675323995
-0.11481413860293328,0.29687559624330934
-0.12333289908829898,0.2972183542945389
-0.12038872954487922,0.3003105869303113
-0.12256576718350477,0.2879753100108345
-0.12000067016136182,0.28656030837364505
-0.1332847591948708,0.30012765415692694
-0.13165603866130193,0.2872386268129346
-0.1306180742234859,0.28318740771221573
-0.12711914033564425,0.2910786061786826
-0.126925504490676,0.295554290158392
-0.13278180544005033,0.289071591412317
-0.12400047987164639,0.29081323859949115
-0.12012402053461302,0.29714582732131845
-0.12992488018140277,0.2822192539334268
-0.13051451890850185,0.2857015431686785
-0.12661795705969486,0.28089088953999675
-0.13115665244092814,0.29165906869764174
-0.1307547342808646,0.2884981625347116
-0.13684358066600422,0.28875649159763717
-0.13523971817722777,0.2866744949085777
-0.11994035646972166,0.29415205289994856
-0.13414887602528677,0.29209116932179136
-0.11860087618378835,0.2900713315143244
-0.12032882052421413,0.28584642279454114
-0.1384128070416708,0.2975402541076243
-0.12684471304519493,0.2864010477830878
-0.13207944706039915,0.2823207401244791
-0.1295570641721704,0.28839104428408047
-0.13036099321834121,0.2885827144640209
-0.13361035717875677,0.2828857618324767
-0.13455739652462698,0.27530054054417585
-0.13527717646202184,0.28885631701712045
-0.13130959127489888,0.28641473899917674
-0.12613994656037963,0.28779645439682705
-0.13267720880916986,0.2815272969829865
-0.1343350877237157,0.28263086173175755
-0.134133899879666,0.2819828788689855
-0.1356489939320759,0.2818535646164632
-0.13524571662430973,0.28081921611652244
-0.12969840809747654,0.2839708733484653
-0.13805649796505676,0.2735993228284765
-0.1261209970510583,0.2950029062319392
-0.12605879390789934,0.2953061242388873
-0.12594987926761175,0.2896028006515038
-0.13818406062299518,0.2938650002352144
-0.12775077318245343,0.2825397017222903
-0.12820298326653765,0.2866127254469977
-0.12727215260783012,0.2848053211406771
-0.13696031542879328,0.297215307546781
-0.13203831751437203,0.3004387222117391
-0.13191634025443408,0.29459808035669954
-0.13154292161771247,0.28736738158057035
-0.13760924137071343,0.2871297164929403
-0.12366174669361601,0.2930406012932331
-0.13040512650848526,0.2925066327349951
-0.13592773320390486,0.2891915824514391
-0.12901443548003466,0.285512702747106
-0.13315854808411373,0.2880629747535211
-0.12957807981367875,0.2850303944325885
-0.1323473676774497,0.28924402273077365
-0.1259229067678484,0.2994792314845106
-0.12578199142457755,0.2868647559393196
-0.14735696514050403,0.2871132419339151
-0.1252723494212787,0.2897668677222309
-0.12939570898366576,0.2876431546795984
-0.123358584113547,0.29935751932648264
-0.1236301494858397,0.2939378744152109
-0.13400793490936164,0.2945231628750988
-0.129615735998901,0.2882602668694046
-0.12957765282629355,0.29489679920264616
-0.14220193397353945,0.29330045663651544
-0.12910360233122278,0.2845998935519549
-0.13583129856181328,0.2852080021927455
-0.13903920565270791,0.2833536325745642
-0.125172351825934,0.28981519052778465
-0.13057130590131366,0.28880629889428217
-0.1312605917788098,0.2959337612687673
-0.1269149628229652,0.2836762126100909
-0.12845555295866742,0.2843093878078236
-0.13205572766543014,0.29761857970345934
-0.13308183073873578,0.2818814640206315
-0.12350175431409828,0.28517733206151463
-0.12716999352964273,0.29432906360979766
-0.12570388816319905,0.2934977277161507
-0.12844547883588292,0.291244389242906
-0.13361507777971143,0.29779405520179236
-0.13057651176658472,0.2999769420184023
-0.12938592342741678,0.29508871078474647
-0.14320285909286581,0.2843616855492257
-0.12707302039039034,0.28798322529042164
-0.13019019508810212,0.28537044000024625
-0.13622702502908735,0.29221291662301624
-0.13046365252446962,0.3011348184711366
-0.13179343252046088,0.28591006618052456
-0.13161165988184692,0.2916857505587319
-0.13726948192075603,0.2721772979490057
-0.1321868447636549,0.2842402568190219
-0.13559878400452716,0.28957539168130625
-0.1289278545203221,0.2892597336833038
-0.13513276056876158,0.28419808910956923
-0.1291411824388446,0.29041120917052865
-0.12783746663779214,0.2873226459751669
-0.12094627760745957,0.28810764407623213
-0.12848569478112196,0.2816590065297006
-0.1276702623524421,0.28411019164940565
-0.13502973422264317,0.2857667757444862
-0.13218708217812852,0.3002697772096451
-0.1331932417631954,0.2845766014538342
-0.13689513635008466,0.27689637196488015
-0.1358544636720823,0.28833424483683967
-0.1309463880327206,0.2918107083939608
-0.13680516876401128,0.2934586873357248
-0.12772391456349103,0.29769004076883016
-0.13897047328746182,0.28332676483123337
-0.1327142947712806,0.2753633238741086
-0.1302013484906722,0.2827616210514074
-0.1436983257273276,0.2880644591452356
-0.13599567466998627,0.2835337398240127
-0.1398249001994168,0.2808481828431974
-0.13333577180960715,0.28069662537296586
-0.1411635330274729,0.28262241141289235
-0.1340858242231189,0.29125876069161366
-0.13192187193280283,0.28724487573005186
-0.1398724519853804,0.27913733107419864
-0.13637816291860275,0.28597441541540025
-0.13471867924774794,0.2935801330036941
-0.12715757714359463,0.29763855665817457
-0.13305696615917648,0.2853235595209121
-0.13027027806784236,0.286601268115351
-0.1373869088631269,0.28534275778451856
-0.1257125525863128,0.2856178229540198
-0.14149474857061198,0.2919223016907923
-0.14128413975850598,0.27984442086554556
-0.13913750307050282,0.2862539546758167
-0.12992264192750871,0.27872483783664476
-0.13106686095806103,0.2838812565593966
-0.13614876014850016,0.279527653397768
-0.13183552033151946,0.28780333749145753
-0.13250532892926803,0.28192058310769086
-0.1383053477750141,0.28510901557442664
-0.13942293739467282,0.280121100896432
-0.1369215129990026,0.2828051020159508
-0.13395609657747642,0.28841639391312224
-0.14426812157228236,0.2902207978682642
-0.1321982012466833,0.28581771420559743
-0.1345155877898682,0.2732998449971981
-0.13582634706000252,0.28047081543133195
-0.13591756297531668,0.2747961342755784
-0.12522491543570197,0.2842904447204291
-0.1351102110127462,0.28048161486518375
-0.1347755861362879,0.28950215809464847
-0.13942881948084732,0.28365547581134204
-0.13972149934193742,0.2764857486879899
-0.1328024269298738,0.2879320057461725
-0.14975589600919662,0.2764828502812113
-0.13417919013156446,0.2791521491087068
-0.13808195649416058,0.2873723711054345
-0.12414890261556327,0.27480980260917226
