aval,lambda,lambda_sem
0.6,-0.49519593828162434,0.00857397793453276
0.7,-0.33328536352568106,0.0076684537034365195
0.8,0.3945727344161039,0.009633788494617674
