aval,lambda,lambda_sem
0.6,-0.5048752754584961,0.010051661945609162
0.7,-0.325998007663054,0.007605145313727836
0.8,0.40131473605532947,0.015109237830586769
