aval,lambda,lambda_sem
0.6,-0.5031626900358735,0.010367772229565845
0.7,-0.34052117840495477,0.008501829410593893
0.8,0.33848454013546475,0.06753213036065298
