aval,lambda,lambda_sem
0.6,-0.5045693117868382,0.008084230330329829
0.7,-0.3373078969332202,0.010148957183646848
0.8,0.3760897151906435,0.007643538678704118
