aval,lambda,lambda_sem
0.5,-0.7454989897445475,0.006614059868569555
0.7,-0.2727636860114144,0.0240163097975635
0.8,0.4444332569174127,0.011791746407376147
